tree
version=v4
num_class=1
num_tree_per_iteration=1
label_index=0
max_feature_idx=21
objective=regression
feature_names=bistatic_range_m abs_bistatic_doppler_hz log_R rx_elevation_deg rx_azimuth_deg az_off_boresight frac_u frac_v abs_frac_u abs_frac_v n_mpc rss_max rss_total_db k_factor_db dom_excess_delay rms_delay_spread aoa_spread_w zoa_spread_w first_rss_minus_dom n_targets nn_norm_range_sep nn_norm_ang_sep
feature_infos=[11.489456688024401:859.78271023567504] [0.00457646671884584:1334.6491022801999] [1.7482826245451584:6.0635325142464014] [-28.137560477661399:79.802158906949103] [-29.985003060425299:89.997910362440393] [-59.985003060425299:59.997910362440393] [-0.4999911233759029:0.49999466988442931] [-0.49989917202440104:0.49998628115944754] [2.5258113836912344e-05:0.49999466988442931] [2.8371981528607648e-05:0.49998628115944754] [1:21] [-134.38033842337299:-27.575337708879498] [-133.95497160075047:-27.575337708879498] [-7.1111958389131189:60] [0:80.241415323251985] [0:1.6263598985340585e-06] [0:156.66068926350505] [0:27.802742572532459] [0:2.759334519723198e-06] [1:5] [0:541.05583222151301] [0:9.8589013330550692]
tree_sizes=5433 5713 5671 5715 5692 5691 5710 5658 5657 5672 5726 5688 5678 5701 5700 5715 5686 5682 5718 5691 5668 5709 5661 5693 5715 5691 5718 5705 5681 5694 5693 5714 5674 5709 5684 5679 5693 5669 5686 5741 5678 5697 5716 5718 5751 5701 5700 5741 5712 5722 5695 5699 5715 5734 5712 5696 5715 5746 5715 5708 5675 5712 5737 5750 5742 5751 5717 5733 5754 5761 5735 5728 5742 5716 5761 5744 5709 5729 5768 5736 5780 5756 5753 5717 5779 5738 5734 5762 5746 5812 5808 5718 5751 5748 5714 5731 5725 5738 5732 5758 5739 5753 5768 5761 5778 5740 5770 5761 5762 5763 5788

Tree=0
num_leaves=63
num_cat=0
split_feature=10 20 14 15 12 19 15 5 15 9 3 5 11 20 3 8 12 15 20 15 8 11 12 8 12 8 5 15 11 19 6 20 9 15 20 19 12 12 15 6 6 10 5 9 11 11 8 8 6 5 20 5 9 20 9 20 9 5 3 16 20 6
split_gain=26209.9 879.39 571.907 355.142 310.104 255.455 105.534 94.1924 79.2122 79.3351 64.6852 50.9094 35.2973 33.7865 21.5065 16.4998 13.8968 20.864 11.6242 16.8018 10.6719 7.41716 7.09725 6.5899 6.20732 10.0659 8.68351 5.64391 6.22986 7.92424 5.17942 5.23971 4.35792 4.09896 10.6759 56.3692 5.62387 4.27796 6.30169 3.50669 3.3689 2.88636 3.79259 2.22205 2.10352 2.0731 2.22369 10.6489 3.32483 1.89711 3.8567 2.93438 1.83103 4.12862 3.5142 1.71728 1.60379 1.57145 1.39886 1.35631 1.26247 2.33832
threshold=15.500000000000002 2.0039493990201902 8.6782079256889961 7.2305518765730566e-10 -109.06234405271483 2.5000000000000004 2.9769537023127601e-07 37.600536977437358 3.775628704194183e-09 0.1420306655988384 17.311423331440803 28.628885984338904 -98.804495795299133 6.1494825792491111e-13 16.723287575956402 0.24497327737868616 -97.928484225005107 4.184171523933081e-08 6.6321986571914104 6.3125091134027761e-11 0.24672117211187586 -111.34450672070598 -124.63894669376059 0.23098423916020441 -102.98940403816049 0.19086545355135701 27.051227337923152 2.5501267231342875e-09 -95.414195151107933 3.5000000000000004 -0.038680715377330081 81.530854627122665 0.26907516395870607 3.5173487888038301e-09 9.831486006680473 2.5000000000000004 -107.93890765149898 -107.39253738849135 7.5955242952043141e-09 -0.065341727176542394 -0.26822517336042057 4.5000000000000009 -18.700991347737148 0.27116371917429133 -64.772060470375138 -98.640832571975437 0.16683702427524774 0.1467021871608967 0.077893596755493857 23.878224185828554 13.298681841841001 39.008641655498955 0.13050668522545819 20.814426856861456 0.040503338574702237 288.46723921969055 0.34352019392655736 -33.451673925825851 11.035394705080002 4.4362761078998583 38.273086362953158 -0.096647578807641285
decision_type=2 8 2 2 2 2 2 2 2 2 2 2 2 8 2 2 2 2 8 2 2 2 2 2 2 2 2 2 2 2 2 8 2 2 8 2 2 2 2 2 2 2 2 2 2 2 2 2 2 2 8 2 2 8 2 10 2 2 2 2 8 2
left_child=1 3 -2 10 7 8 -4 21 9 -6 11 12 23 -10 -15 -11 22 18 19 43 -14 -5 30 -1 26 -26 -12 -20 29 -29 32 -32 -3 41 35 -35 56 38 -38 -31 -27 49 -43 -18 60 46 47 48 58 52 51 -51 53 54 -24 -54 -36 -58 -39 -60 61 -30
right_child=2 16 6 4 5 -7 -8 -9 13 15 24 -13 20 14 -16 -17 17 -19 27 -21 -22 -23 33 -25 25 40 -28 28 44 39 31 -33 -34 34 36 -37 37 45 -40 -41 -42 42 -44 -45 -46 -47 -48 -49 -50 50 -52 -53 55 -55 -56 -57 57 -59 59 -61 -62 -63
leaf_value=0.33205250727888547 0.58616320632181163 0.32611595272813887 0.64288330312452313 0.31980067647982385 0.34080659431254318 0.32331130759891968 0.72666347336935322 0.36966181581545593 0.42205637102678706 0.39676613362569907 0.3202780590077714 0.37006094483913587 0.33814256258241099 0.40413821944461942 0.37683424078307154 0.37303501667690647 0.31894743484952504 0.34194710261824091 0.32227263930132932 0.34189464991620677 0.35629744939302055 0.33318401799990571 0.31233942397340447 0.31708614594510226 0.33838507669377532 0.32944050019927218 0.33221826716275499 0.33637233435299291 0.33016780697749593 0.33022246458211579 0.30523796417130455 0.31757594585769133 0.31491841319132863 0.35407445522127262 0.32151474824281839 0.32109832119833004 0.32307620691404088 0.31797632916376239 0.33560334746918685 0.32052522077508422 0.31907285834695787 0.32111994038739367 0.31314878460312695 0.32754006226796117 0.3182279910531754 0.32800781720544259 0.32178713430338957 0.33472780396644847 0.32753169504775315 0.32982789897171905 0.32175809076361794 0.32175180085285282 0.32144152784515656 0.32089033693161062 0.31939900941432137 0.31736929856573276 0.31509363580501681 0.32023976095343826 0.32352783556798603 0.31885627200678746 0.32334773371025088 0.32340077542572865
leaf_weight=53 99 68 59 125 51 66 69 51 56 64 230 53 54 66 59 64 55 52 4210 70 68 52 95 51 76 56 71 84 76 58 54 77 57 58 1654 222 90 90 59 77 55 137 90 52 61 65 1097 73 94 97 2516 68 6967 2120 202 95 59 663 214 76 664 113
leaf_count=53 99 68 59 125 51 66 69 51 56 64 230 53 54 66 59 64 55 52 4210 70 68 52 95 51 76 56 71 84 76 58 54 77 57 58 1654 222 90 90 59 77 55 137 90 52 61 65 1097 73 94 97 2516 68 6967 2120 202 95 59 663 214 76 664 113
internal_value=0.326342 0.323337 0.646505 0.346225 0.362449 0.377534 0.690799 0.334163 0.387456 0.372813 0.332361 0.343855 0.337544 0.401603 0.391754 0.385354 0.321906 0.323209 0.323029 0.330576 0.348423 0.323749 0.321483 0.324695 0.325768 0.330048 0.323105 0.322778 0.32466 0.329196 0.316526 0.312369 0.32096 0.321559 0.322335 0.328003 0.32196 0.323199 0.328065 0.324689 0.324284 0.321276 0.317915 0.323096 0.323571 0.322774 0.322567 0.324135 0.32249 0.321339 0.322049 0.326492 0.321139 0.320421 0.317101 0.321385 0.320992 0.319804 0.321243 0.322282 0.323963 0.326128
internal_weight=24377 24150 227 1421 654 426 128 228 360 179 767 279 226 181 125 128 22729 5572 5520 177 122 177 17157 104 488 187 301 5343 1133 219 256 131 125 16901 4514 280 4234 1858 149 135 111 12387 227 107 914 1709 1644 547 474 12160 2681 165 9479 2417 297 7062 2376 722 380 290 853 189
internal_count=24377 24150 227 1421 654 426 128 228 360 179 767 279 226 181 125 128 22729 5572 5520 177 122 177 17157 104 488 187 301 5343 1133 219 256 131 125 16901 4514 280 4234 1858 149 135 111 12387 227 107 914 1709 1644 547 474 12160 2681 165 9479 2417 297 7062 2376 722 380 290 853 189
is_linear=0
shrinkage=1


Tree=1
num_leaves=63
num_cat=0
split_feature=13 14 20 13 12 12 1 21 1 13 13 13 21 13 20 11 15 2 11 21 4 2 20 13 11 15 12 19 13 3 3 11 20 19 11 21 11 15 4 21 19 3 20 21 6 1 12 13 6 11 5 15 20 3 20 1 12 21 15 1 6 13
split_gain=21841.7 1214.12 800.795 601.2 182.191 120.672 119.315 110.486 60.9715 47.3096 43.6512 35.1296 26.8155 54.5242 73.8316 22.3936 21.6041 19.5071 15.1928 15.1214 26.002 10.2366 13.0765 27.7166 6.59753 6.5861 21.6847 31.0238 5.74117 5.31085 4.27753 3.79581 4.37925 4.02004 5.81475 8.37902 3.40264 3.09982 2.83918 2.65536 11.2163 2.64679 2.58366 2.5591 2.46539 2.37323 3.94162 2.23946 2.21247 2.17143 2.80013 1.99247 1.98888 1.93919 4.34111 1.82568 1.78317 1.716 1.67227 2.52266 1.62565 2.89827
threshold=7.9699423268201111 4.013988001262498 1.7925050432673102 22.528920073423865 -113.22740267872798 -102.81344057569383 1093.2210965565102 0.036504684508943612 1116.9517526598602 19.556935693119268 37.044843088670021 28.277176781313312 0.49720573738700752 20.671958101968034 40.74343990171181 -96.193187986637597 2.9769537023127601e-07 5.4246176217601194 -103.73128094062848 0.031908323497307108 45.055346701825158 5.3143296503260098 8.3239899629552365 21.468642546038478 -104.50207164106548 9.6854843153958388e-10 -104.13368732271026 2.5000000000000004 24.270184244042216 70.991715117796062 50.325824258869353 -119.98709787691699 39.806644853863112 3.5000000000000004 -94.283935808004486 1.8255482672045453 -106.40060730180099 7.9409338805090669e-23 58.51765876089781 0.60633676217324661 2.5000000000000004 37.146371826810459 43.603661657885205 0.036504684508943612 -0.28073208814850975 10.964348018822653 -102.72760699218203 22.37595716683094 0.082093779054193697 -99.677805244452983 -2.8374486312269496 7.9409338805090669e-23 98.877949845894761 23.973276449254005 35.328528899555707 653.71170384634308 -105.27457297711398 0.63588191700493957 4.0020604480009421e-09 424.31761665047503 1.0000000180025095e-35 14.691752987838123
decision_type=2 2 8 2 2 2 2 8 2 2 2 2 8 2 8 2 2 2 2 8 2 2 8 2 2 2 2 2 2 2 2 2 10 2 2 8 2 2 2 8 2 2 8 8 2 2 2 2 2 2 2 2 8 2 8 2 2 8 2 2 2 2
left_child=1 -1 3 4 -2 17 9 8 10 18 -7 -9 13 14 -4 -12 -3 19 -6 20 -5 22 23 -14 -16 38 44 -28 31 45 39 -24 33 34 35 -33 41 -32 43 40 -23 -19 -40 -15 -27 46 -30 60 -37 56 -51 -13 -47 -45 -55 -25 -49 -41 59 -46 61 -34
right_child=2 16 12 5 6 7 -8 11 -10 -11 15 51 21 25 24 -17 -18 36 -20 -21 -22 30 28 55 -26 26 27 -29 29 -31 37 32 47 -35 -36 48 -38 -39 42 57 -42 -43 -44 53 58 52 -48 49 -50 50 -52 -53 -54 54 -56 -57 -58 -59 -60 -61 -62 -63
leaf_value=0.1956525967806281 0.0059617099413140249 0.30013150570067493 0.0456493595504927 -0.0013596987390580276 0.057055045754863663 0.048461202802547419 0.10837939522722187 0.025828871094238232 0.058655453267522521 0.039025877842290717 0.0044970346106724306 -0.0043917529904865657 0.017851525096005051 -0.010944865289404674 0.0097313140990102978 0.02710673634770764 0.36273935443932009 -0.011262875951646932 0.082147296646432527 -0.0023512660037418496 0.028332636766838577 -0.017735457322072903 -0.0081225500523578378 -0.0033500505207742105 -0.0035441745178245786 -0.010666838922080094 0.019815152908024398 -0.0042069830512627962 -0.011416035397678811 -0.013662142474204301 -0.0060773032729464051 0.011687317541875545 0.0017976057889089654 -0.0027227778223000076 -0.0042185131428810526 0.0030869960328181313 -8.3375940365450717e-05 -0.013172281088121235 0.0052256388526738572 -0.00097346323449788285 -0.0046020003283023829 -0.0049700159639046023 -0.0039239816338617782 -0.0060545717434903022 -0.005776431751706136 -0.0047846764751454576 -0.0044441288173875867 0.00012399324722031855 -0.0050568881157018681 -0.0023757552394513474 0.0054504772565877237 0.0024461054287173529 -0.0037272870848687688 0.0048249970481878046 -0.0043578138954006133 0.0028120578653537311 -0.0072878994378619459 -0.0049918426950580795 -0.0064192420838619854 0.0034019681541914383 -0.0050074319151525567 -0.0037465193571485493
leaf_weight=87 54 54 50 53 64 50 50 50 60 90 76 127 75 58 67 82 92 115 52 111 52 76 107 262 66 58 97 95 112 55 132 92 104 284 88 72 62 99 50 97 249 131 60 306 51 3131 213 53 50 85 78 54 3342 56 249 51 64 11422 101 55 557 448
leaf_count=87 54 54 50 53 64 50 50 50 60 90 76 127 75 58 67 82 92 115 52 111 52 76 107 262 66 58 97 95 112 55 132 92 104 284 88 72 62 99 50 97 249 131 60 306 51 3131 213 53 50 85 78 54 3342 56 249 51 64 11422 101 55 557 448
internal_value=-2.12551e-05 0.288288 -0.00295167 0.0196412 0.0561704 0.00852771 0.0666968 0.0190706 0.0321399 0.056105 0.0242471 0.00383476 -0.00427237 -0.000278418 0.0149586 0.0163279 0.341782 -0.00152938 0.0689093 0.00536804 0.0134736 -0.00453721 -0.00378945 0.00159866 0.00316619 -0.00254466 0.000314507 0.00796899 -0.00402358 -0.00444296 -0.00511418 -0.00264169 -0.00234079 -0.000165365 0.00224067 0.00490405 -0.00636825 -0.00916168 -0.00422024 -0.00503447 -0.00771819 -0.00794549 0.000244547 -0.00495363 -0.00524049 -0.00436637 -0.0068744 -0.00325779 -0.000264639 -0.000856744 0.00137971 -0.0023495 -0.00423941 -0.00436794 -0.00266153 -0.00234024 -0.00395778 -0.00495809 -0.00367609 -0.00102677 -0.00386269 -0.00270061
internal_weight=24383 233 24150 1333 310 1023 256 499 268 206 208 231 22817 1419 183 158 146 524 116 216 105 21398 9323 388 133 1236 457 192 8935 6853 12075 2082 1975 586 302 214 308 231 779 11844 325 246 110 669 265 6798 325 1389 122 280 163 181 6473 611 305 313 117 11519 207 106 1109 552
internal_count=24383 233 24150 1333 310 1023 256 499 268 206 208 231 22817 1419 183 158 146 524 116 216 105 21398 9323 388 133 1236 457 192 8935 6853 12075 2082 1975 586 302 214 308 231 779 11844 325 246 110 669 265 6798 325 1389 122 280 163 181 6473 611 305 313 117 11519 207 106 1109 552
is_linear=0
shrinkage=0.03


Tree=2
num_leaves=63
num_cat=0
split_feature=16 1 13 13 19 11 2 2 19 3 8 11 4 8 11 11 13 19 19 2 1 11 9 13 4 4 11 15 1 11 13 1 3 2 17 11 15 2 8 5 8 13 3 1 9 19 19 3 5 4 1 2 9 11 13 9 10 13 9 19 19 4
split_gain=22449.6 156.656 95.8461 86.4769 182.194 96.4551 98.7508 79.7913 72.085 56.9495 56.214 70.4561 52.2502 37.1615 28.587 27.3906 40.64 90.6202 67.8053 52.1314 36.4559 27.3431 29.3851 18.6764 16.5496 19.2773 11.8447 11.7474 9.7906 9.16291 12.2674 9.9768 5.92871 4.19916 5.39063 4.05757 3.76725 3.60902 3.14529 3.05748 2.99633 2.94461 2.93342 2.87812 4.24294 4.77192 10.7944 14.5616 6.69633 2.55292 2.87952 4.54017 2.73166 2.3909 2.16225 2.0385 2.09673 3.04894 2.60882 2.45113 4.30945 10.0334
threshold=28.035921372148071 1038.9999484889952 24.165312313685096 19.556935693119268 2.5000000000000004 -115.28997331440449 4.8219753565850363 4.3956891713831556 3.5000000000000004 13.634954221758102 0.36520178044870816 -108.34890901278798 19.931682643641256 0.15975617197524386 -109.68154967206249 -105.13106305994948 32.568517897323161 2.5000000000000004 1.5000000000000002 5.4042000008392055 324.91480905299704 -102.1911700840915 0.064389512648560313 30.900841421447968 10.816989079018652 24.775613717486753 -87.39238786151823 5.0319448859785373e-09 10.964348018822653 -97.238823608277684 15.16531517836655 659.90267568991055 13.018325120017151 5.6850082520765932 1.7541827692480252 -124.09794377116648 7.2305518765730566e-10 5.6951033155650679 0.37317227180739115 46.038314460249651 0.15975617197524386 15.16531517836655 68.064664950438512 563.58210457948064 0.16936441400232563 1.5000000000000002 2.5000000000000004 11.228357790527452 -0.23519584541880076 3.2273314045087904 799.72176871691261 5.7675698930647767 0.24903877757742035 -119.98709787691699 21.867235739784807 0.014260436167341963 4.5000000000000009 25.601974098955086 0.43212068032202394 2.5000000000000004 1.5000000000000002 66.331371150760162
decision_type=2 2 2 2 2 2 2 2 2 2 2 2 2 2 2 2 2 2 2 2 2 2 2 2 2 2 2 2 2 2 2 2 2 2 2 2 2 2 2 2 2 2 2 2 2 2 2 2 2 2 2 2 2 2 2 2 2 2 2 2 2 2
left_child=1 3 7 4 5 41 26 -3 -2 -9 11 -8 -10 -13 -11 33 17 18 -17 20 -20 36 -23 -24 -22 -26 -7 -16 -19 31 -31 39 -25 35 49 38 40 43 42 -6 -4 -1 -5 -18 -45 -46 47 -47 -49 -35 54 -52 -53 -41 -51 -37 59 58 -58 60 -57 -62
right_child=8 2 21 15 29 6 10 9 12 14 -12 13 -14 -15 27 16 37 28 19 -21 24 22 23 32 25 -27 -28 -29 -30 30 -32 -33 -34 34 -36 55 -38 -39 -40 53 -42 -43 -44 44 45 46 -48 48 -50 50 51 52 -54 -55 -56 56 57 -59 -60 -61 61 -63
leaf_value=-0.0086634923885198847 0.26724083758890627 -0.0063652829153456681 0.0034190234577419747 -0.0078906929404436305 -0.0043189650015873528 0.014218972259253825 0.023000991932596217 0.050056467927393634 0.35840695057275157 0.0013599127251654863 0.010594146292170753 0.037140907232156573 0.28958157266889295 0.072772594091218362 0.018769637441162817 -0.003455295071358016 -0.0039420416378786686 0.0063956172912352479 -0.0047983051414608935 0.03618015243270982 0.0047580432519236937 0.028884729005820939 0.019055319603008682 0.0068532421711133785 0.031488501197403117 0.012015261255131152 -0.0039868755092010268 0.037579775135648454 -0.0032347915729551498 0.015211975630954838 -0.0021741551063348386 0.0080862289813417448 -0.003248041649379872 -0.0023118471335923469 0.0021654527792707087 -0.0073884270545547925 -0.0097363293041976603 -0.0065010816426358886 -0.002975910466962627 -0.014080005909644942 -0.0046897707609311135 0.00019665196183181943 -0.016475647265712417 -0.0047954415377806179 -0.0047457278096793313 0.014126872406467672 -0.0033000876724992583 -0.0037675759294570339 0.0070819892225643761 -0.010725728726817017 -0.01645560723830209 -0.0014247935500769119 -0.011227915136910536 -0.0066370476057745495 -0.006016683238226476 -0.0043856150288840139 -0.0032888027559418013 -0.0096177261198837575 -0.010754097892957575 -0.0046957279748816487 -0.0029567666697469328 0.0072903998869908405
leaf_weight=73 95 70 57 120 720 52 98 83 52 53 68 50 76 66 69 226 6714 99 93 96 72 50 59 79 92 94 81 58 1936 50 128 52 150 136 69 215 90 430 69 50 140 62 53 478 271 91 409 148 77 93 66 52 50 186 1875 1677 254 167 50 4621 703 97
leaf_count=73 95 70 57 120 720 52 98 83 52 53 68 50 76 66 69 226 6714 99 93 96 72 50 59 79 92 94 81 58 1936 50 128 52 150 136 69 215 90 430 69 50 140 62 53 478 271 91 409 148 77 93 66 52 50 186 1875 1677 254 167 50 4621 703 97
internal_value=-1.83221e-05 -0.00283095 0.00905382 -0.00331728 0.00312421 0.0173793 0.0245306 0.0220279 0.298877 0.0295805 0.0345514 0.0420793 0.320103 0.0578628 0.0199145 -0.00383288 -0.00281256 0.00039316 0.00992774 0.0166867 0.0112675 0.00211707 0.00788863 0.00415614 0.0170549 0.0217641 0.00318419 0.0275866 -0.00276337 -0.00349559 0.00276729 -0.00460318 0.000251326 -0.00494721 -0.00606803 -0.00461958 -0.00468389 -0.00381981 -0.00844762 -0.00530113 -0.00233815 -0.00462286 -0.0106003 -0.00367823 -0.00247471 -0.00135725 -8.58641e-05 0.0040716 -3.97064e-05 -0.00631892 -0.00657285 -0.010359 -0.0062926 -0.0082667 -0.00624455 -0.0044995 -0.00441647 -0.00636204 -0.00454788 -0.00428649 -0.00352146 -0.00170675
internal_weight=24610 24387 958 23429 1736 550 415 333 223 263 282 214 128 116 180 21693 11326 2708 673 447 351 625 338 288 258 186 133 127 2035 1186 178 1008 229 10367 2341 8026 287 8618 242 956 197 135 173 8188 1474 996 725 316 225 2272 2136 168 102 236 1968 7784 7569 471 304 7098 2477 800
internal_count=24610 24387 958 23429 1736 550 415 333 223 263 282 214 128 116 180 21693 11326 2708 673 447 351 625 338 288 258 186 133 127 2035 1186 178 1008 229 10367 2341 8026 287 8618 242 956 197 135 173 8188 1474 996 725 316 225 2272 2136 168 102 236 1968 7784 7569 471 304 7098 2477 800
is_linear=0
shrinkage=0.03


Tree=3
num_leaves=63
num_cat=0
split_feature=16 20 14 15 19 11 15 15 11 1 3 2 11 1 3 1 2 11 15 20 15 20 19 3 11 7 20 6 1 11 15 20 1 20 16 2 2 2 6 11 2 16 2 20 20 1 10 1 15 3 2 20 7 10 20 11 20 2 11 15 11 6
split_gain=21331.8 815.38 483.625 336.649 245.126 282.986 150.603 94.2326 100.24 52.511 50.0996 33.3219 33.1563 40.4109 33.0311 22.2745 13.8423 12.348 17.2535 18.5152 12.5604 17.2104 48.5811 10.0067 7.80629 6.44081 5.91304 7.79779 4.93334 6.72087 4.51996 4.02744 3.51628 5.357 9.2618 8.60766 11.8874 3.1973 2.98555 2.64401 5.43827 2.39932 2.061 2.58992 4.63755 2.05224 2.01925 5.13982 2.3983 2.48815 1.88089 1.80382 1.68572 2.22345 1.67945 1.65626 2.46543 1.89992 1.84978 1.59212 1.44612 1.49071
threshold=28.035921372148071 2.0039493990201902 8.9068073327789978 1.0449141448100676e-09 2.5000000000000004 -111.70004647075699 2.9769537023127601e-07 4.7502242687333445e-09 -103.0143887088165 728.96617256738807 3.3135101783186802 5.5162867529058213 -99.187937318090434 449.77557958968652 17.147342795953104 991.84394670890504 5.407583479801283 -107.59023267533598 3.4679326804210185e-08 49.014461036229754 1.387982571819164e-09 10.811646786697301 2.5000000000000004 13.417122136738703 -126.40291758002948 0.10640162613544503 0.25416068059599056 0.073815055506933916 12.249286541477753 -98.640832571975437 2.5753248806187509e-09 0.046908943290210454 600.11925257148766 67.002938140146924 1.0305959579886638e-06 5.3837937046318887 5.0656564203654169 5.7027887321067743 -0.18304675539264023 -97.951394577977283 5.3943475127872427 8.0983216631778294 5.6850082520765932 18.368847582497803 11.729232346842251 711.78421416388562 4.5000000000000009 780.72969993465063 3.0140448538313314e-09 49.207018557803458 5.6783251629936062 3.1176223902685902 -0.021019694881747594 4.5000000000000009 38.759897881470103 -106.84417462698998 39.299303542675609 5.3248092199434529 -68.963158631744946 3.5591445381967481e-09 -119.07351551162948 -0.35512811625776958
decision_type=2 8 2 2 2 2 2 2 2 2 2 2 2 2 2 2 2 2 2 8 2 8 2 2 2 2 8 2 2 2 2 8 2 8 2 2 2 2 2 2 2 2 2 8 8 2 2 2 2 2 2 8 2 2 10 2 8 2 2 2 2 2
left_child=1 3 -2 10 5 11 -4 8 -7 -9 -1 -5 16 -14 -15 23 26 24 20 -20 37 22 -22 -10 30 -24 -12 -28 29 -23 -3 -18 38 34 35 36 -34 51 52 -40 41 54 46 44 -44 59 50 48 -48 -50 60 -19 -30 -54 -41 56 -53 58 -57 -35 61 -26
right_child=2 17 6 4 -6 7 -8 9 15 -11 12 -13 13 14 -16 -17 31 18 19 -21 21 28 25 -25 42 -27 27 -29 32 -31 -32 -33 33 45 -36 -37 -38 -39 39 40 -42 -43 43 -45 -46 -47 47 -49 49 -51 -52 55 53 -55 -56 57 -58 -59 -60 -61 -62 -63
leaf_value=0.030436544421630407 0.23602561464748884 -0.007990628905520266 0.28463391494750978 0.023540440156984217 -0.0048318446795078546 0.0094310409283281244 0.37251631379127503 0.054286457255344693 0.056228410804178564 0.088897610075073324 -0.0015677433083765208 -0.0077235116168856621 -0.0035717418911152105 0.03612975779461202 0.0085476355752112654 0.071296858453545067 0.00076260320025903629 0.00043322236508242895 0.021287231573506312 -0.0011105544748716055 0.026762127608020343 -0.0023874455991123493 -0.0063307638182695811 0.035343033473592883 -0.0023996881957476335 0.00402956321845641 0.002354476139145462 0.016708391299914745 -0.0035512679105779775 0.0098860384596264339 -0.018898191089795617 -0.0072518394761172363 0.00065582248375639087 -0.0043431633316418699 -0.006019449478281395 -0.0024145306184013581 0.017227342741635558 -0.0061792310860464489 -0.0036287723450445712 -8.7981320642184743e-05 0.0079232761530943635 0.0040224621036388684 -0.005712013072060311 -0.0054247428163869691 -0.016838792274849346 -0.0048795615633433634 -0.010374032651549594 -0.013624551637098194 -0.0052504284386146504 0.0013405313461592766 1.9326603560544111e-05 0.0021968129251230162 -0.0052936595599646892 -0.011226377606308504 -0.0036960793500431894 -0.0037211950081076322 -0.0034192764454973783 -0.0046962215186470025 -0.0070523406169037952 0.0025461182212519989 -0.0043419143822536373 -0.006682007428874581
leaf_weight=70 94 109 59 51 110 58 67 80 50 95 74 74 85 76 81 57 79 79 50 95 68 107 130 50 89 91 75 62 449 63 51 195 78 50 104 97 77 701 1290 163 52 52 101 1677 51 295 71 74 438 58 84 87 426 66 403 5071 354 3971 155 73 5006 453
leaf_count=70 94 109 59 51 110 58 67 80 50 95 74 74 85 76 81 57 79 79 50 95 68 107 130 50 89 91 75 62 449 63 51 195 78 50 104 97 77 701 1290 163 52 52 101 1677 51 295 71 74 438 58 84 87 426 66 403 5071 354 3971 155 73 5006 453
internal_value=5.02885e-05 -0.00271688 0.293356 0.0193198 0.0357854 0.0444535 0.33393 0.0570158 0.0433416 0.0734737 0.00637889 0.00511777 0.00402385 0.0130688 0.0220437 0.0557301 -0.000506922 -0.00408253 -0.00356033 0.00670572 -0.00366308 -0.00226303 0.00478613 0.046239 -0.00501091 -0.00206581 0.00525466 0.00892441 -0.00279397 0.00219218 -0.0115632 -0.00494674 -0.00302515 -0.00122653 0.00147584 0.00458071 0.00894579 -0.00421836 -0.00350444 -0.00283491 -0.00130331 -0.0020912 -0.00488011 -0.00577102 -0.009531 -0.00352611 -0.00461947 -0.00622215 -0.00523376 -0.00447856 -0.00443599 -0.00407628 -0.00489451 -0.00611067 -0.00265899 -0.00411329 -0.00230888 -0.00419955 -0.00382133 -0.000266843 -0.00450344 -0.00598454
internal_weight=24601 24381 220 1422 625 515 126 390 215 175 797 125 727 242 157 157 485 22959 14697 145 14552 4134 289 100 8262 221 211 137 3845 170 160 274 3675 774 356 252 155 10418 2901 1960 670 618 8102 1829 152 418 6273 641 567 496 5632 9717 941 492 566 9638 441 9197 5226 123 5548 542
internal_count=24601 24381 220 1422 625 515 126 390 215 175 797 125 727 242 157 157 485 22959 14697 145 14552 4134 289 100 8262 221 211 137 3845 170 160 274 3675 774 356 252 155 10418 2901 1960 670 618 8102 1829 152 418 6273 641 567 496 5632 9717 941 492 566 9638 441 9197 5226 123 5548 542
is_linear=0
shrinkage=0.03


Tree=4
num_leaves=63
num_cat=0
split_feature=16 20 18 15 19 11 21 11 1 21 20 0 0 1 7 5 15 11 21 15 20 20 1 10 0 11 21 5 6 21 20 5 0 21 0 0 15 0 15 19 20 5 0 20 9 21 5 15 1 1 5 5 20 21 7 9 1 0 9 19 5 11
split_gain=21008.3 767.116 339.656 338.453 228.831 265.961 79.769 80.0405 75.4114 65.4547 60.0919 52.8487 51.5347 41.6047 33.6709 31.604 14.1804 14.1329 11.7627 10.7937 24.523 19.6408 15.3404 9.45108 7.04012 8.20606 7.52802 6.14773 10.2232 5.31564 18.6312 4.91858 4.80113 4.01561 3.58713 3.39623 2.85148 2.75264 3.11474 3.57759 9.1046 4.6344 2.46872 3.15438 4.24525 5.83878 3.781 2.36525 2.3269 2.03767 1.91281 1.82385 1.7486 3.0873 1.72589 1.68671 1.39783 1.38797 1.35049 1.33659 1.33275 2.70492
threshold=28.035921372148071 2.0039493990201902 4.0529781731043021e-08 1.6298327266671608e-09 2.5000000000000004 -111.02264208055449 0.036504684508943612 -102.83378429634949 1116.9517526598602 0.78591458771949518 2.4225234403102557e-13 338.47706337172906 479.99610532003254 659.90267568991055 -0.17199975013768184 28.628885984338904 2.1398204800936786e-10 -95.010250287680037 0.49720573738700752 6.4133818740643007e-10 9.831486006680473 23.669056305353106 1116.9517526598602 6.5000000000000009 338.47706337172906 -126.40291758002948 0.57413215796177408 0.25926690879525088 0.26076787115406003 0.60633676217324661 20.814426856861456 -17.080582334238546 584.91839604623271 0.36715599833097856 636.36033676444708 491.60371931102407 3.13376476779898e-09 79.894059463513273 1.4986625881021632e-09 2.5000000000000004 38.273086362953158 15.132611422060149 519.09051469224607 11.243684383646352 0.080889118535485569 1.2527108906497901 1.8870379913629007 1.2374862347555238e-08 3.0164615330164106 703.22588612100105 30.932807372952702 -27.143918818511235 160.37706538392754 3.4222433558085501 -0.1043182846599837 0.06226370515924718 254.26149972643503 376.83039603348703 0.20231166961625749 3.5000000000000004 22.839445036848403 -107.26356191962948
decision_type=2 8 2 2 2 2 8 2 2 8 8 2 2 2 2 2 2 2 8 2 8 8 2 2 2 2 8 2 2 8 8 2 2 8 2 2 2 2 2 2 8 2 2 8 2 8 2 2 2 2 2 2 8 8 2 2 2 2 2 2 2 2
left_child=1 3 -2 6 5 12 7 15 17 10 -7 -12 -5 -13 -4 49 51 -9 19 32 -21 -22 27 24 25 -20 -27 28 31 30 -26 -23 33 50 -34 57 -33 -28 -39 40 41 -40 43 44 -31 46 -46 56 -45 -1 -3 -8 -41 -54 -42 59 -29 -35 -32 -50 61 -47
right_child=2 18 14 4 -6 9 16 8 -10 -11 11 13 -14 -15 -16 -17 -18 -19 23 20 21 22 -24 -25 29 26 37 47 -30 42 58 36 34 35 -36 -37 -38 38 39 52 54 -43 -44 48 45 60 -48 -49 55 -51 -52 -53 53 -55 -56 -57 -58 -59 -60 -61 -62 -63
leaf_value=-0.0012051872484153136 0.2123511039844509 -0.0049675281657397489 0.26484837400235911 0.031562641419817357 -0.0048959042050057289 0.096036929826885983 -0.00061963333017550984 0.01013862036447012 0.059374602661835245 0.035322947108127153 0.080577256123685007 0.029646746555287668 -0.00680630865220267 0.063928280473029356 0.32195547438665362 0.021682185670106924 0.01173529536846806 0.026859304756334797 -0.01461911861383324 0.018760787418974689 -0.018318493986392723 -0.0050423748228842248 0.015877213961395777 0.0085446106072945074 -0.022609833112338409 0.0065170952353219031 -0.0072156643181753508 -0.0096078887844698556 0.014328885909415922 -0.0079355658650915994 -0.002848042955633223 -0.00082248639996738775 -0.013761482282408645 0.0015491621160051889 -0.0032206904438610833 0.0072471072706892818 0.0092444256627384341 -0.0037682683002433792 0.0015296373159884857 -0.0033081324876686174 -0.0052533094494239142 0.014417024438872057 -0.0050042738930324657 -0.0088611774444503771 8.6412362319319253e-05 -0.0081023462713656434 0.010443394130603833 0.0010015862077569304 -0.0044770642298666346 -0.0079743389429797126 0.00093808505292001512 -0.0062342182237556882 0.0037918746793036201 -0.0052595179925888904 -0.00054994237353349774 -0.004148350834647813 -0.003856474021817601 -0.0052621981555097995 -0.0067733365121703751 -0.0066636803549002194 0.00010248832174111158 -0.0018607960412597381
leaf_weight=79 58 398 54 52 98 53 64 96 51 81 69 66 77 67 120 54 50 89 57 65 50 103 56 51 65 69 164 61 52 94 140 50 69 53 51 55 50 3738 50 1263 114 50 5825 102 75 93 54 58 587 81 56 284 85 55 181 7621 105 53 187 458 99 189
leaf_count=79 58 398 54 52 98 53 64 96 51 81 69 66 77 67 120 54 50 89 57 65 50 103 56 51 65 69 164 61 52 94 140 50 69 53 51 55 50 3738 50 1263 114 50 5825 102 75 93 54 58 587 81 56 284 85 55 181 7621 105 53 187 458 99 189
internal_value=3.11218e-05 -0.00274456 0.283485 0.018715 0.0367262 0.0454898 0.00672785 0.0153669 0.0273766 0.0595144 0.0670307 0.0589845 0.00878406 0.0472646 0.305847 0.00205679 -0.00305396 0.0182838 -0.0040704 -0.00138953 0.0014257 -0.000529148 0.00116448 -0.0042433 -0.00427415 -0.00338299 -0.00326946 -0.000585081 0.00259587 -0.00460696 -0.00805906 -0.000465138 -0.00387774 -0.00279747 -0.00934529 0.00126749 0.00425266 -0.00338905 -0.00327441 -0.00224617 0.000275403 0.00805227 -0.00451739 -0.00421428 -0.00211214 -0.00102538 0.00446888 -0.0042017 -0.00435883 -0.00466032 -0.00423862 -0.00520638 -0.00295578 0.000223888 -0.00237912 -0.00430482 -0.00601482 -0.00187387 -0.00510659 -0.00544086 -0.00289247 -0.00394054
internal_weight=24494 24262 232 1411 563 465 848 450 236 336 255 202 129 133 174 214 398 185 22851 1385 650 585 535 21466 21415 5826 5769 479 255 15589 392 203 735 615 120 161 100 5700 5536 1798 395 100 15197 9372 604 510 129 224 8768 160 454 348 1403 140 295 8666 166 106 327 1045 381 282
internal_count=24494 24262 232 1411 563 465 848 450 236 336 255 202 129 133 174 214 398 185 22851 1385 650 585 535 21466 21415 5826 5769 479 255 15589 392 203 735 615 120 161 100 5700 5536 1798 395 100 15197 9372 604 510 129 224 8768 160 454 348 1403 140 295 8666 166 106 327 1045 381 282
is_linear=0
shrinkage=0.03


Tree=5
num_leaves=63
num_cat=0
split_feature=16 20 13 11 18 1 13 11 21 1 1 3 3 13 13 13 2 21 21 4 5 2 20 13 21 5 21 2 3 11 11 20 3 1 13 21 20 19 11 2 15 13 13 20 11 2 17 20 1 3 5 21 15 15 20 13 13 1 20 1 20 21
split_gain=19595.6 722.271 589.787 159.942 148.207 131.065 104.675 86.3015 88.1165 61.2709 52.0413 38.9474 35.4517 23.7825 21.8792 17.6203 17.3464 14.8654 12.9827 25.6707 10.4239 9.47378 10.9259 44.4487 61.7217 7.59197 5.26028 17.1466 27.271 4.68772 4.63905 5.32333 4.32145 3.91975 3.76247 8.33473 4.11005 11.7425 10.1625 3.6422 3.37317 13.1902 2.58117 2.70083 2.55482 2.37229 3.08767 2.30053 2.36292 2.14629 2.05317 2.70443 1.71838 1.9953 1.6286 1.57762 2.28966 8.79246 2.22773 2.60676 6.59849 2.07961
threshold=28.035921372148071 2.0039493990201902 22.528920073423865 -113.45385878551598 4.0529781731043021e-08 1093.2210965565102 19.556935693119268 -100.74796589757248 0.036504684508943612 865.47141884479663 166.96426238777005 11.923914789420403 17.525790371952557 33.718879138184022 17.682718661603577 9.7997819546966642 5.4350456004334893 0.031908323497307108 0.031908323497307108 50.812789843522857 -25.802442386996116 5.5626696941563303 9.831486006680473 20.671958101968034 1.4102730320132804 -5.1244544751674495 0.31128966559874655 5.4489801382655303 23.228240582975051 -119.07351551162948 -92.248261061873237 43.603661657885205 46.259787641857152 563.58210457948064 20.940839995427613 0.63588191700493957 16.267337256559554 2.5000000000000004 -113.30851263078399 3.6875539612022563 4.0020604480009421e-09 29.240372340122985 13.014440456919987 27.543823515316401 -109.68154967206249 4.7619713021063959 2.8557254263681475 32.845560383311103 640.6517117926436 33.98056109321346 23.878224185828554 1.0807410616942554 2.3235368407214899e-08 1.3747025300976919e-08 39.806644853863112 24.048523385582204 22.37595716683094 16.348386662516806 140.32318230707054 780.72969993465063 43.603661657885205 0.47652734659681806
decision_type=2 8 2 2 2 2 2 2 8 2 2 2 2 2 2 2 2 8 8 2 2 2 8 2 8 2 8 2 2 2 2 8 2 2 2 8 8 2 2 2 2 2 2 8 2 2 2 8 2 2 2 8 2 2 8 2 2 2 8 2 8 8
left_child=1 2 3 -1 -2 6 14 16 9 11 -6 -9 -11 -10 -5 -3 18 -8 19 -4 -18 22 23 24 -17 -12 27 30 -29 42 31 -24 40 -20 35 -23 37 38 -36 -31 41 -25 -28 -44 -34 46 47 48 -41 -22 51 -43 53 -37 -49 56 58 -58 59 -47 -61 -57
right_child=4 15 7 5 10 -7 17 8 13 12 25 -13 -14 -15 -16 21 20 -19 33 -21 49 34 26 32 -26 -27 29 28 -30 39 -32 -33 44 -35 36 52 -38 -39 -40 45 -42 50 43 -45 -46 55 -48 54 -50 -51 -52 -53 -54 -55 -56 61 57 -59 -60 60 -62 -63
leaf_value=0.0077293498765322426 0.21845557701108712 0.01273060383987952 0.0022205012990161779 0.056219650446446744 0.32062615960188534 0.098880498833381208 0.038023964314774242 0.033068780753266767 0.019809330023060782 0.061624099101289166 0.23958706351057174 0.00023391936672851441 0.026875829111152098 -0.003572589349746704 0.084189708030675173 0.041770331036888868 0.0078884831140749161 0.014737503713215975 -0.0043451398380758418 0.028942981901414252 -0.0090730254827528518 0.0077191985760476775 0.0064214934720376766 0.012432124134768748 -0.0011089410485699773 0.29195448408232011 -0.012474765791092067 0.025930719256729764 -0.0032349811955841618 -0.0080901935119913043 -0.0093436983474528279 -0.0036403760206641976 -0.012067229230888188 0.0059291170307380313 -0.0068726225624627926 -0.0041089627420386786 -0.0047577431838588388 -0.0053452030187731399 -0.02600233197338149 -0.0038680103136893278 -0.0066531324185059096 -0.0076694487381443778 -0.011248184801376697 -0.004904111360743829 -0.0031258579245153463 -0.0035397046366794798 0.0040040036628863985 0.0020640195241555504 -0.011102612406608056 -0.0039109848365824155 0.0015490718021314463 -0.0020007086500501521 -0.008656920021350838 0.0019774041883647443 -0.0026210357800009292 -0.00083698746349744558 0.010357753961176898 -0.0025322864183022239 -0.0064185122118573888 0.0093030937300885418 -0.0047229298085880436 -0.0039554220738437316
leaf_weight=62 55 57 89 76 68 64 52 59 52 59 61 71 52 149 51 50 51 50 96 50 158 65 57 58 74 50 54 50 66 162 95 257 66 50 50 258 5473 431 51 164 112 104 68 539 52 1403 61 69 54 138 86 276 56 59 1587 197 51 567 218 50 73 9659
leaf_count=62 55 57 89 76 68 64 52 59 52 59 61 71 52 149 51 50 51 50 96 50 158 65 57 58 74 50 54 50 66 162 95 257 66 50 50 258 5473 431 51 164 112 104 68 539 52 1403 61 69 54 138 86 276 56 59 1587 197 51 567 218 50 73 9659
internal_value=-5.5988e-05 -0.00249875 0.0181857 0.0516512 0.272769 0.0608874 0.0498855 0.00708618 0.0172389 0.0294332 0.288152 0.0152746 0.0457309 0.00254458 0.0680217 -0.00379142 -3.0321e-05 0.0268629 0.00544351 0.011971 -0.00452884 -0.00383324 -0.00344938 -0.0001935 0.0163769 0.265572 -0.00363378 -0.000680689 0.00945062 -0.00373725 -0.00357016 -0.00179927 -0.00293669 -0.000810161 -0.00480838 -0.00211744 -0.00500427 -0.00752674 -0.0166924 -0.00362268 -0.00195138 -0.000935664 -0.00620915 -0.00563215 -0.00818634 -0.00357098 -0.00259212 -0.00280885 -0.00570258 -0.00668767 -0.00262252 -0.00356821 -0.00384765 -0.00297351 -0.0024247 -0.00372578 -0.00302589 -0.00145353 -0.00358191 -0.00317275 0.00100775 -0.00389318
internal_weight=24542 24308 1429 355 234 293 229 1074 442 241 179 130 111 201 127 22879 632 102 285 139 347 22822 16379 878 124 111 15501 525 116 14976 409 314 754 146 6443 438 6005 532 101 14315 636 524 661 607 118 14153 1935 1874 218 296 466 380 373 317 1656 12218 2362 618 1744 1526 123 9856
internal_count=24542 24308 1429 355 234 293 229 1074 442 241 179 130 111 201 127 22879 632 102 285 139 347 22822 16379 878 124 111 15501 525 116 14976 409 314 754 146 6443 438 6005 532 101 14315 636 524 661 607 118 14153 1935 1874 218 296 466 380 373 317 1656 12218 2362 618 1744 1526 123 9856
is_linear=0
shrinkage=0.03


Tree=6
num_leaves=63
num_cat=0
split_feature=13 18 20 13 12 1 13 12 7 0 1 3 0 15 4 1 13 20 20 19 15 12 12 13 3 0 20 12 6 6 8 6 8 0 20 19 13 20 0 0 0 20 8 13 6 1 7 1 1 15 12 1 1 20 0 20 20 12 15 3 12 4
split_gain=17688.5 725.355 630.274 501.486 205.501 100.789 86.3793 76.7176 70.1237 47.3969 38.2137 30.8315 38.5593 28.3999 26.15 10.3823 8.69441 39.6488 9.85793 23.4043 7.91443 7.419 7.2989 7.35701 6.45342 6.30022 6.11037 14.0977 3.77889 3.73843 11.1307 3.92049 6.4447 11.5507 3.38797 6.1063 8.10059 3.9659 2.75742 2.30099 2.1323 2.05008 2.00998 4.40907 3.7304 1.94494 3.78133 1.75542 3.29809 1.73712 1.72739 2.51556 4.00863 2.48383 1.65534 1.59781 1.56379 1.5371 2.46419 2.86752 1.53671 4.24092
threshold=7.9699423268201111 4.0529781731043021e-08 2.0039493990201902 23.931513161394722 -106.20904390346408 375.89987449959659 17.774181957564753 -100.49965290877398 -0.17199975013768184 466.87115725032606 536.58186418470802 26.857664759104953 276.37233464222453 4.1984752827286515e-09 64.328086420278154 1015.5159270254002 19.476696818100418 5.5877510692802952 39.806644853863112 2.5000000000000004 9.1494520821284319e-09 -123.53871274105298 -107.31662130986301 32.568517897323161 10.061731590832251 362.04089181813009 6.6321986571914104 -101.54864227411561 -0.096647578807641285 -0.44590936386040431 0.46129648681995811 0.33759287504710495 0.40066009851686324 434.07069273029805 28.846075488343253 2.5000000000000004 24.321434740576326 3.5091649478297557 526.39654869574417 466.87115725032606 599.4040506938062 17.348097489993553 0.16153690976172366 19.955075516297068 -0.14534292750549757 23.269913566721904 -1.0000000180025095e-35 215.27735170372154 600.11925257148766 5.7528882342391325e-09 -107.14463437652974 909.82836450838306 1015.5159270254002 3.1176223902685902 395.78193908496507 30.344684523186153 41.277004969171557 -115.14463321698197 4.369792728886538e-09 55.147574396888864 -124.63894669376059 -5.9447067758940895
decision_type=2 2 8 2 2 2 2 2 2 2 2 2 2 2 2 2 2 8 8 2 2 2 2 2 2 2 8 2 2 2 2 2 2 2 8 2 2 8 2 2 2 8 2 2 2 2 2 2 2 2 2 2 2 8 2 10 10 2 2 2 2 2
left_child=1 -1 3 4 6 -6 -2 14 -3 10 25 12 -12 -7 28 -14 17 -4 19 20 -19 -20 34 26 -21 -9 27 -24 39 30 -28 42 33 -33 35 36 -18 -38 47 -5 50 -39 44 -44 -31 46 -45 -30 -49 55 56 53 -53 -52 -55 -34 -25 58 59 -37 61 -36
right_child=2 8 16 7 5 13 -8 9 -10 -11 11 -13 15 -15 -16 -17 22 18 21 24 -22 -23 23 40 -26 -27 29 -29 38 31 -32 32 49 -35 60 57 37 41 -40 -41 -42 -43 43 45 -46 -47 -48 48 -50 -51 51 52 -54 54 -56 -57 -58 -59 -60 -61 -62 -63
leaf_value=0.16901799754612248 0.040556981370582716 0.24332649897215727 0.023592626377102431 -0.0031608157857291159 0.028099625255539582 0.06016420110503768 -0.00060695443359277718 -0.004874121172730117 0.30391980847487082 0.042700619760024192 0.046100918889829985 -0.00056612187065184115 0.024790282927166955 0.087328106298487862 0.014724872041907575 0.0058653311529620125 -0.020599758869963063 0.021281883975419025 -0.014416813616368571 0.0064096706631082473 0.0058896419859503389 -0.0034750423679562963 -0.007201156448702224 0.003587649270234073 -0.0049568910246860576 0.0081399153873700503 0.012338965064826247 0.013345258642326798 -0.0039595022571950467 0.0045919633538208226 -0.0032655923351344158 -0.0019779199895942037 0.0022051454159680386 0.013004264768311067 -0.012487993295691519 -0.0065569166471845554 -0.012771705593234704 0.00066132203869099886 -0.0049741365225054318 -0.0095760063120852341 -0.0055884820712533059 -0.0076353360047479247 -0.011938809079125708 0.0052831571897258983 -0.0027701250670013355 -0.0040071528509534717 -0.0057137422297228969 0.0080656094539777509 -0.0011394827908519259 -0.0062140099201351395 0.0020431681454920179 -0.011339821792196355 -0.0043771167325797255 -0.0034165214850073802 -0.0042342341563150268 -0.0032857685146872465 -0.0037013036001903505 -0.0045818361645470684 -0.001470940753150409 -0.015052420145777219 -0.0043267204802720704 -0.0031186382920996656
leaf_weight=75 96 58 53 92 55 76 87 93 116 50 56 51 51 93 80 54 54 50 58 53 76 1066 53 53 270 51 58 67 54 65 135 118 70 75 76 132 71 52 129 114 671 54 60 59 1034 1319 52 55 93 104 65 102 278 4603 4399 145 51 908 51 50 6121 102
leaf_count=75 96 58 53 92 55 76 87 93 116 50 56 51 51 93 80 54 54 50 58 53 76 1066 53 53 270 51 58 67 54 65 135 118 70 75 76 132 71 52 129 114 671 54 60 59 1034 1319 52 55 93 104 65 102 278 4603 4399 145 51 908 51 50 6121 102
internal_value=-2.82576e-05 0.251041 -0.00259657 0.0167199 0.0448424 0.064067 0.0210903 0.00549855 0.285228 0.0156089 0.011695 0.0197653 0.0261694 0.0755381 -0.00116882 0.0152046 -0.00380173 -0.00168579 -0.00255196 0.00120374 0.0121172 -0.00405197 -0.00396312 -0.00354599 -0.00307776 -0.000240633 -0.00233902 0.00428608 -0.00355956 -0.0025816 0.00146329 -0.00283373 -0.000434067 0.00388119 -0.00470406 -0.00605868 -0.0105062 -0.00732841 -0.00156581 -0.00674008 -0.00394883 -0.00359713 -0.00330794 -0.00402652 -0.00233092 -0.00368643 0.000126438 0.000624582 0.0023125 -0.00304884 -0.00383306 -0.00387539 -0.00627091 -0.00377431 -0.00381654 -0.0014961 1.20502e-05 -0.00514984 -0.00733433 -0.00896035 -0.00440809 -0.00716645
internal_weight=24612 249 24363 1430 407 224 183 1023 174 406 356 212 161 169 617 105 22933 1626 1573 449 126 1124 21307 13636 323 144 3414 120 537 3294 193 3101 512 193 7671 1372 231 177 331 206 10222 106 2589 1490 1099 1430 111 202 148 319 9551 9447 380 9067 9002 215 104 1141 233 182 6299 178
internal_count=24612 249 24363 1430 407 224 183 1023 174 406 356 212 161 169 617 105 22933 1626 1573 449 126 1124 21307 13636 323 144 3414 120 537 3294 193 3101 512 193 7671 1372 231 177 331 206 10222 106 2589 1490 1099 1430 111 202 148 319 9551 9447 380 9067 9002 215 104 1141 233 182 6299 178
is_linear=0
shrinkage=0.03


Tree=7
num_leaves=63
num_cat=0
split_feature=10 14 7 1 15 2 2 3 5 10 12 1 12 5 5 6 3 12 1 11 2 11 8 2 1 11 2 2 3 5 8 8 7 17 2 17 5 12 8 7 3 5 15 3 1 8 11 6 15 12 2 1 1 7 5 7 6 6 5 3 3 1
split_gain=17468.5 759.59 133.904 105.485 62.1759 62.3478 78.7237 31.1622 25.5538 23.2642 32.149 22.6102 21.9633 20.1145 16.6936 16.6705 16.3515 20.6681 13.2753 23.6588 13.076 10.9075 10.2028 13.8749 8.75997 16.0218 10.2732 7.9776 8.07198 9.53188 15.5562 12.1899 7.52199 11.5741 5.69574 5.61768 5.8602 5.28093 5.55036 5.15 4.73179 3.83897 3.60898 3.50907 3.94031 4.50342 6.09102 3.67117 3.42539 3.41244 6.85887 4.16774 3.46163 4.62498 3.1131 3.00311 2.62238 2.77819 3.61335 3.35144 2.55553 2.53556
threshold=15.500000000000002 8.6782079256889961 -0.025246661063717198 865.47141884479663 1.5545648567488146e-09 5.428071033778223 4.3956891713831556 25.050812021587301 -4.3099213126764999 2.5000000000000004 -103.71190996626775 780.72969993465063 -98.206337282586261 35.880738261972809 18.023722622784856 0.091057050722312197 17.311423331440803 -102.17728644623527 640.6517117926436 -107.50313723345599 5.3248092199434529 -99.187937318090434 0.35031610034261812 5.510526418922856 1142.6428715872551 -95.010250287680037 5.1203864527833467 5.3061507731414279 34.743772828396807 15.766032154325751 0.33062108263324058 0.20739983472699833 0.40521032046543765 1.0562468779661864 5.6783251629936062 0.18804455136912798 35.336230407455659 -124.63894669376059 0.37317227180739115 -0.2719430835174616 50.325824258869353 46.038314460249651 1.3193549616506541e-08 40.558418626635657 1168.1806914616852 0.15975617197524386 -107.26356191962948 -0.32194131118580666 1.0449141448100676e-09 -98.48981110121035 5.3801556681168643 13.672562619914801 336.19218487518259 0.075309247247047587 23.878224185828554 0.062818733012487207 0.28396365229315818 0.17223613962885145 10.589024147723451 3.3135101783186802 46.63555384836986 112.22693434013551
decision_type=2 2 2 2 2 2 2 2 2 2 2 2 2 2 2 2 2 2 2 2 2 2 2 2 2 2 2 2 2 2 2 2 2 2 2 2 2 2 2 2 2 2 2 2 2 2 2 2 2 2 2 2 2 2 2 2 2 2 2 2 2 2
left_child=3 -2 -3 9 16 6 -6 13 15 34 18 22 55 14 21 -7 17 -5 27 20 -20 -8 35 32 25 -19 -26 28 29 -11 31 -31 33 39 37 36 42 38 61 -24 60 -30 56 44 45 46 -18 -47 -39 51 52 -50 -51 -54 -10 -9 57 58 59 -12 -29 -1
right_child=1 2 -4 4 5 8 7 12 54 10 11 -13 -14 -15 -16 -17 43 24 19 -21 -22 -23 23 -25 26 -27 -28 40 41 30 -32 -33 -34 -35 -36 -37 -38 48 -40 -41 -42 -43 -44 -45 -46 47 -48 -49 49 50 -52 -53 53 -55 -56 -57 -58 -59 -60 -61 -62 -63
leaf_value=-0.0063977798036135292 0.18709648081789845 0.26048966044012239 0.33753259785175321 -0.0061861531377031369 -0.0087414394158096161 0.018924040496349333 0.01960647895884262 -0.00087281847043949013 -0.010157853965659746 -0.003552065180984003 0.006456527363751614 0.01682089425031753 0.027805692171386908 0.046975701790960389 0.011728420764207839 -0.0016517395978936783 -0.0045818572085134391 -0.0078098395222707855 0.0090910178329417623 0.014727973118796945 -0.0049146478831907561 0.038170388501182768 0.0053675636900711414 0.019330161853885166 0.0076583206337652622 0.012158348001890961 0.025127613222336066 -0.0044399717559018385 -0.0026851542618987877 0.0053100694149200408 -0.0042705994713735252 0.023061352114122854 0.012629159722654592 0.011839384152036574 -0.0050065825507512509 -0.0035419736385553812 0.0095632344801560975 -0.0034895694520849078 -0.00029716889580918681 -0.0027163321319634893 -0.012968393362705305 -0.010122106913477182 -0.00529966795941834 -0.0077548411564338348 -0.0072115771799675507 0.0023320579478660454 0.0082787023880780564 -0.005439628525410552 0.0042636273848320879 -0.0033283832236225353 0.0079089117481489658 -0.0033675022842950065 -0.0024449238029350946 0.006785357633403195 -0.0013302841868673293 0.0093145120226674604 0.0065055754918382684 -0.0037399743664775988 0.0066908055401096733 -0.00064814226967745418 0.0014804019966601011 -0.015258825404139665
leaf_weight=50 91 67 74 115 84 78 50 50 118 172 67 84 55 50 59 64 52 61 76 99 271 80 94 50 78 86 50 2418 383 104 90 52 62 80 2208 370 63 12320 53 279 57 74 96 128 110 77 88 184 67 341 79 1277 109 87 52 53 66 126 89 492 67 77
leaf_count=50 91 67 74 115 84 78 50 50 118 172 67 84 55 50 59 64 52 61 76 99 271 80 94 50 78 86 50 2418 383 104 90 52 62 80 2208 370 63 12320 53 279 57 74 96 128 110 77 88 184 67 341 79 1277 109 87 52 53 66 126 89 492 67 77
internal_value=9.59125e-06 0.258546 0.303016 -0.00245274 0.00448891 0.0107961 0.0175597 0.0231326 0.000346155 -0.00301381 -0.00139124 0.0016771 0.0126767 0.0299633 0.0252391 0.00970375 -0.000377511 0.00445649 -0.00299414 0.00187029 -0.00182982 0.0312346 0.00101101 0.00439896 0.00891334 0.00387545 0.0146242 -0.00362942 -0.00115705 0.00185364 0.00563233 0.0113364 0.00291468 0.00156021 -0.00358619 -0.000389426 0.000780558 -0.00336897 -0.00846697 -0.000670199 -0.00447967 -0.00390886 0.000179841 -0.00333019 -0.00220889 -0.000822051 0.00350331 -0.00314668 -0.00330412 -0.00213726 -0.00028756 -0.00298419 -0.00150583 0.00166584 -0.00748123 0.00440836 0.000811628 0.00031833 0.00111199 0.00021341 -0.00427982 -0.0118475
internal_weight=24603 232 141 24371 1822 793 481 397 312 22549 5881 2018 158 239 189 142 1029 390 3863 446 347 130 1934 565 275 147 128 3417 875 418 246 156 515 453 16668 1369 999 14460 180 373 2542 457 936 639 511 401 140 261 14280 1960 616 1344 537 196 170 103 840 774 648 559 2485 127
internal_count=24603 232 141 24371 1822 793 481 397 312 22549 5881 2018 158 239 189 142 1029 390 3863 446 347 130 1934 565 275 147 128 3417 875 418 246 156 515 453 16668 1369 999 14460 180 373 2542 457 936 639 511 401 140 261 14280 1960 616 1344 537 196 170 103 840 774 648 559 2485 127
is_linear=0
shrinkage=0.03


Tree=8
num_leaves=63
num_cat=0
split_feature=10 18 1 7 3 8 8 10 12 1 2 10 7 5 11 1 3 11 4 4 4 7 2 0 1 4 11 11 12 1 3 7 3 5 8 1 8 3 1 16 5 1 17 7 7 11 1 2 3 11 12 2 1 11 5 4 11 1 16 1 5 7
split_gain=14956 223.312 140.059 68.9514 48.3704 60.6651 29.8429 26.2488 37.2354 34.5424 22.8543 22.3349 28.2562 17.812 26.8118 29.829 16.0786 15.8253 12.607 11.2937 11.7032 10.6062 9.85972 7.96942 11.3545 15.7753 10.586 6.9617 6.46848 7.133 6.23362 5.78228 4.96783 7.70883 5.39818 8.86553 4.49875 12.3642 9.83462 6.03332 5.66727 5.41537 11.4645 6.4703 6.0909 3.74292 5.05859 4.57479 3.37489 3.62359 3.2159 7.39329 3.10365 3.06277 2.95245 2.89833 5.86347 2.82646 2.79812 2.78156 2.77095 4.24274
threshold=15.500000000000002 3.4413323852899993e-08 1038.9999484889952 -0.17199975013768184 15.555530749449902 0.39247100637370858 0.096426403613294479 2.5000000000000004 -103.71190996626775 757.68454940083018 4.6765526330624505 2.5000000000000004 0.13133254279276921 29.057498545314903 -110.92127871198598 626.44561965476407 12.115730867743901 -103.49818112464999 25.588854272247605 69.587337560233962 75.053282305350265 -0.016693732980771255 4.9601565523459525 562.77718503111407 865.47141884479663 65.265407499425763 -89.797971291822691 -99.944941337898129 -115.79548854263386 558.46206265645662 50.807212978079811 -0.26813825007757547 11.923914789420403 29.057498545314903 0.33627748431917631 370.82277558973306 0.35031610034261812 8.4356769397410378 359.70343467763655 5.6399211721882727 -19.422090335112244 498.6201508432776 1.0000000180025095e-35 0.0079588773409069464 -0.11223937783559189 -109.59556975374899 605.8912492022622 5.6073387379084787 12.826515964319201 -96.717328833254484 -94.244086821709942 5.387016872258461 324.91480905299704 -119.07351551162948 -7.7575297325357502 13.8844930990017 -100.87038260830148 909.82836450838306 1.0000000180025095e-35 9.5422600458443316 -5.4414184952187989 0.05158081401042925
decision_type=2 2 2 2 2 2 2 2 2 2 2 2 2 2 2 2 2 2 2 2 2 2 2 2 2 2 2 2 2 2 2 2 2 2 2 2 2 2 2 2 2 2 2 2 2 2 2 2 2 2 2 2 2 2 2 2 2 2 2 2 2 2
left_child=2 -2 7 -3 5 6 -4 23 13 30 -11 31 22 45 28 19 -12 -14 -8 -16 -21 -18 -13 24 32 26 55 -20 52 -30 36 -6 33 -1 -35 -36 39 38 -38 40 -10 43 -43 44 48 57 -47 58 -42 -50 51 -33 -15 -34 -24 -26 -57 59 -48 -9 -39 -62
right_child=1 3 4 -5 11 -7 18 8 9 10 16 12 17 14 15 -17 21 -19 27 20 -22 -23 54 -25 25 -27 -28 -29 29 -31 -32 50 53 34 35 -37 37 60 -40 -41 41 42 -44 -45 -46 46 47 -49 49 -51 -52 -53 -54 -55 -56 56 -58 -59 -60 -61 61 -63
leaf_value=-0.0028238602078293068 0.18727696362294646 0.22266042221050994 0.02721434218611998 0.28371292713231272 0.0055514256570201644 0.042650711493382988 -0.0039944346242118626 -0.011320727679446392 -0.0030310298859345113 -0.0017793221343308685 0.030758149719664028 0.013581408690750741 0.010819244795379096 -0.003495137717652445 -0.0026813620318681362 0.027872637245669272 0.0012887657598099288 0.034312587395748669 0.0027386439093114697 0.021149801068720133 0.0020436343442484296 0.019954739290854482 0.0036520750603214014 -0.0047624365134740507 -0.0078540492534290903 0.017379738953179465 0.0092628743504890448 0.017415941140916148 -0.0018436950360813929 0.010516564688430383 0.010340812995810834 0.0070702905028711179 -0.005744790030326556 -0.00094168585035253561 0.000576585391536355 0.015147250412545842 0.0041755799232574995 -0.0022273771210910755 0.021020973782767266 -0.0051101841143018746 0.006552415007841773 -0.0015794511563843115 0.014885047694238332 -0.0026583020068937915 0.011497265663231648 -0.0034686934932306895 0.00013672667930064643 -0.0054007372895339082 -0.0056413440525971562 0.0033065787152097583 -0.009107577010027566 -0.005975964573806088 -0.009968428921290776 -0.0034162399962778985 -0.0056854255696510477 -0.0054242477472871541 0.0060971174623409745 -0.010193450322726786 0.0076851976937939263 -0.0042451242738997521 -0.0014638518811689745 0.0074815354842188144
leaf_weight=2531 56 51 77 111 77 70 79 51 307 69 62 51 55 179 122 56 50 50 50 50 67 60 50 3125 85 51 77 70 218 51 58 58 537 330 107 57 82 213 50 215 74 74 77 293 67 1196 91 66 80 81 72 115 107 10056 75 104 63 81 85 1639 101 89
leaf_count=2531 56 51 77 111 77 70 79 51 307 69 62 51 55 179 122 56 50 50 50 50 67 60 50 3125 85 51 77 70 218 51 58 58 537 330 107 57 82 213 50 215 74 74 77 293 67 1196 91 66 80 81 72 115 107 10056 75 104 63 81 85 1639 101 89
internal_value=-1.52327e-05 0.246708 -0.00232724 0.265977 0.00896408 0.0178892 0.0114779 -0.00278781 -0.00110834 0.00213191 0.0127941 0.0038217 0.00998658 -0.00278645 0.00107393 0.00836669 0.0186169 0.0222247 0.00528324 0.00369916 0.0103187 0.0115583 0.00260111 -0.003392 -0.00308574 0.00202486 -0.000400832 0.0113736 -0.00281047 0.000529971 0.000745022 -0.00157247 -0.00322848 -0.00215496 0.00127094 0.00570189 0.000430777 0.00273509 0.0106665 -0.000542858 0.000393655 0.00180518 0.00685905 0.000513247 0.0035889 -0.00380901 -0.00266878 0.00128254 0.00129501 -0.00114697 -0.00382487 -0.00158658 -0.00594326 -0.00353481 -0.00195108 -0.00337857 -0.00106744 -0.00473281 0.00380512 -0.00446522 0.000117244 0.00274359
internal_weight=24451 218 24233 162 949 346 276 23284 6161 2102 241 603 281 4059 850 295 172 105 199 239 117 110 176 17123 13998 380 329 120 555 269 1861 322 13618 3025 494 164 1803 535 132 1268 1053 746 151 595 302 3209 1438 242 235 161 245 173 286 10593 125 252 167 1771 176 1690 403 190
internal_count=24451 218 24233 162 949 346 276 23284 6161 2102 241 603 281 4059 850 295 172 105 199 239 117 110 176 17123 13998 380 329 120 555 269 1861 322 13618 3025 494 164 1803 535 132 1268 1053 746 151 595 302 3209 1438 242 235 161 245 173 286 10593 125 252 167 1771 176 1690 403 190
is_linear=0
shrinkage=0.03


Tree=9
num_leaves=63
num_cat=0
split_feature=14 13 20 13 14 4 12 21 12 21 13 1 5 13 6 5 3 21 13 13 4 12 20 9 5 7 3 1 13 13 4 12 13 4 12 9 3 13 1 1 21 12 3 20 19 7 4 21 20 3 17 20 9 21 20 13 3 19 20 19 9 5
split_gain=14661.5 813.549 565.373 462.158 387.436 142.728 124.477 99.8247 77.858 73.9424 35.5262 35.1553 29.8761 27.488 24.7475 20.2781 17.8836 13.8401 31.4218 8.05693 5.99824 5.7541 7.35084 4.73764 6.53776 4.32057 5.27898 4.22531 5.58133 4.18826 9.7116 3.6522 4.27683 4.23071 3.8737 3.34582 3.33969 2.97346 4.82973 3.80067 2.48131 2.39133 2.608 2.05745 2.21621 2.782 1.86409 1.83541 1.82285 5.96099 2.22984 1.77314 1.74007 2.0864 2.06677 11.5479 6.30002 3.92053 3.69529 14.3213 1.68564 1.63503
threshold=0.27286750867650517 7.9699423268201111 2.0039493990201902 22.528920073423865 8.6782079256889961 56.17554944729121 -113.22740267872798 0.76101955513146213 -102.81344057569383 0.036504684508943612 19.476696818100418 865.47141884479663 27.051227337923152 31.930626453810479 0.036902471983588432 35.336230407455659 9.6895531178205214 0.31128966559874655 18.62760274312507 24.576146694735495 -3.9299781604612045 -98.623735676568785 3.5091649478297557 0.10971875899492824 -6.1065970753523997 0.47802174823053539 27.494321330594556 837.13169250595308 15.793818478265431 30.900841421447968 24.103103565595653 -119.14471173462414 12.592107726904347 80.491431876982475 -122.54698342879348 0.082720188675561093 23.228240582975051 33.464414835500982 739.09065577657464 9.5422600458443316 0.92332216708014514 -105.64216972562893 37.146371826810459 39.299303542675609 3.5000000000000004 0.075309247247047587 42.110336787975506 0.62229607951379362 38.273086362953158 16.345647600055852 1.0000000180025095e-35 0.35968814765788604 0.06226370515924718 2.2063874639235905 11.729232346842251 18.920749435700227 8.6280643821192413 2.5000000000000004 16.267337256559554 2.5000000000000004 0.29498689452751142 -21.064106312504151
decision_type=2 2 8 2 2 2 2 8 2 8 2 2 2 2 2 2 2 8 2 2 2 2 8 2 2 2 2 2 2 2 2 2 2 2 2 2 2 2 2 2 8 2 2 8 2 2 2 8 8 2 2 8 2 8 8 2 2 2 8 2 2 2
left_child=1 -1 3 6 -2 -6 -3 10 15 11 12 16 -8 -11 -13 19 -10 18 -4 -5 -20 31 -23 24 -22 27 -27 28 -24 30 -25 32 -19 35 -35 -34 -18 38 39 -30 -37 42 51 44 45 -41 -39 -43 49 -29 -50 -21 53 -33 55 -54 -57 -58 59 -56 -32 -60
right_child=4 2 17 8 5 -7 7 -9 9 13 -12 14 -14 -15 -16 -17 36 21 20 41 23 22 25 29 -26 26 -28 48 37 -31 60 52 33 34 -36 40 -38 46 -40 43 -42 47 -44 -45 -46 -47 -48 -49 50 -51 -52 -53 54 -55 58 56 57 -59 61 -61 -62 -63
leaf_value=0.11527782005832499 0.177667568475008 0.0068518280638231628 0.018406438691202381 0.0074856561165338809 0.30495432389025784 0.22754185330192997 0.095811010053428819 0.026885605486723679 0.030350233923143025 0.019919352760170435 0.051125370154870634 0.024720210767279451 0.060983956328368394 -0.0031036449779593754 0.053354757863383451 0.0135538865059082 0.0041272034215145423 -0.01334092394010916 0.0076519700597795053 -0.0048146624441007865 -0.014324338862761578 0.00666265263300526 0.0058000221046280451 0.010525222280251909 -0.0020903200038166966 -0.0020308224269256145 0.0098968316877589505 -0.00201662498468963 0.0058914114458157732 -0.0029880058859244928 0.00066466816700994958 -0.0057399332067875689 -0.01119553892618357 0.0055313028934700732 -0.0055816435771570963 -0.011267064461717382 0.014613246698908578 -0.0037962962781845941 0.0070210973307904267 0.0073177883266919812 -0.0045578558116544559 0.0028512225510060503 -0.0034554554311129228 -0.0032154358069714237 -0.0021973613976623138 -0.0020947251713149392 -0.0021968410555408659 -0.004649077518419786 -0.0028336865190692925 -0.014517210659384727 -0.0081995153922055451 -0.011237868958721971 0.0095525223399026259 -0.0037281384583271941 -0.020206367637758373 0.0040477580281414859 -0.010709339809171589 -0.0035104319131509824 -0.003126276041750579 -0.0043125004066223742 -0.0069015675949464948 -0.003945895488798987
leaf_weight=52 53 61 77 51 97 52 50 87 52 61 93 64 57 188 51 69 60 64 57 64 63 71 65 79 103 96 50 64 50 331 50 931 102 57 54 55 51 2844 53 60 486 52 153 900 220 52 859 65 213 74 104 107 67 945 59 91 76 615 2899 348 55 9313
leaf_count=52 53 61 77 51 97 52 50 87 52 61 93 64 57 188 51 69 60 64 57 64 63 71 65 79 103 96 50 64 50 331 50 931 102 57 54 55 51 2844 53 60 486 52 153 900 220 52 859 65 213 74 104 107 67 945 59 91 76 615 2899 348 55 9313
internal_value=-7.73244e-06 -0.00213122 -0.00238839 0.0158618 0.253888 0.279635 0.0459025 0.0541498 0.00621984 0.0144884 0.065817 0.0250949 0.0779947 0.00259364 0.0377695 -0.00155958 0.0159769 -0.0035409 0.000297519 -0.00370234 -0.00161424 -0.00368351 -0.00286954 -0.00239991 -0.00679132 -0.00298934 0.00209353 -0.00312321 -0.00287514 -0.000974011 0.00264556 -0.00397416 -0.00593053 -0.0052847 0.000123439 -0.00621704 0.00903257 -0.00298819 -0.00177227 -0.002141 -0.00525947 -0.0050102 -0.00633472 -0.0024715 -0.000451208 0.00296783 -0.00342596 -0.0013197 -0.00589305 -0.00877605 -0.00461433 -0.00887583 -0.00386948 -0.00472906 -0.00374941 -0.00231186 -0.00333927 -0.00431654 -0.00384594 -0.0066604 -0.00332632 -0.0037516
internal_weight=24442 24240 24188 1436 202 149 348 287 1088 527 200 278 107 249 115 561 163 22752 815 492 738 21937 5775 681 166 5704 146 5558 5103 515 184 16162 818 754 111 643 111 5038 1335 1282 541 441 324 1232 332 112 3703 117 455 138 317 171 15344 1876 13468 849 782 691 12619 407 105 12212
internal_count=24442 24240 24188 1436 202 149 348 287 1088 527 200 278 107 249 115 561 163 22752 815 492 738 21937 5775 681 166 5704 146 5558 5103 515 184 16162 818 754 111 643 111 5038 1335 1282 541 441 324 1232 332 112 3703 117 455 138 317 171 15344 1876 13468 849 782 691 12619 407 105 12212
is_linear=0
shrinkage=0.03


Tree=10
num_leaves=63
num_cat=0
split_feature=16 20 14 15 15 19 12 15 12 21 12 21 20 2 2 21 15 8 12 21 15 12 2 12 15 20 15 12 9 15 8 12 8 9 8 2 21 20 15 2 8 15 6 6 12 21 20 19 2 15 21 20 2 21 2 15 20 6 9 2 8 9
split_gain=14592.1 515.283 493.815 216.419 196.677 164.978 168.052 84.1487 53.261 52.5324 53.9071 45.6304 37.9888 39.2415 37.5216 17.8692 15.6431 15.0906 14.557 11.0751 18.576 24.3672 10.5469 8.26059 23.5251 7.3322 16.155 6.80923 4.45857 4.4044 4.31679 4.14446 8.57972 4.02277 3.55076 3.30042 4.33337 17.0176 28.0956 2.7518 2.73845 2.56442 3.51766 2.23822 2.2206 2.98483 2.18498 6.44887 1.99832 1.84907 1.69139 1.60081 1.99067 2.87086 2.24233 2.00857 1.58117 1.53479 1.53367 1.47102 1.7357 1.41859
threshold=28.035921372148071 2.0039493990201902 8.6782079256889961 1.0449141448100676e-09 2.9769537023127601e-07 2.5000000000000004 -111.89178603055801 4.7502242687333445e-09 -103.46910750931798 0.036504684508943612 -106.74434203380748 0.0073127644711899059 6.1494825792491111e-13 5.2519120243286617 5.2599582374200571 0.41697579079349856 8.1163580480065267e-09 0.24672117211187586 -93.505524995928212 0.16606176382265053 4.4353852849096378e-10 -104.39271375030263 5.2599582374200571 -98.623735676568785 4.184171523933081e-08 6.6321986571914104 8.9385504805780507e-10 -124.63894669376059 0.10154341406894397 2.2669102225743012e-09 0.25648701619405095 -97.576520867380026 0.29856457821189381 0.34525564479347276 0.10833366966581705 5.5489609807731108 0.67863621118673711 22.785429825264053 7.9409338805090669e-23 3.6875539612022563 0.032324103531000466 1.287061127500829e-08 -0.038680715377330081 -0.22742655134542453 -115.34323251468298 1.6921490481879202 16.267337256559554 2.5000000000000004 5.5791178674734718 1.2374862347555238e-08 1.7880298468137552 19.806453888016005 5.3694652874316562 1.4435097985223653 5.5045257627440316 6.4133818740643007e-10 0.14639241809403253 0.49250988983237859 0.074798172773420171 5.6295283293906353 0.33445015517067495 0.042433154842991712
decision_type=2 8 2 2 2 2 2 2 2 8 2 8 8 2 2 8 2 2 2 8 2 2 2 2 2 8 2 2 2 2 2 2 2 2 2 2 8 8 2 2 2 2 2 2 2 8 8 2 2 2 8 8 2 8 2 2 8 2 2 2 2 2
left_child=1 3 -2 9 -4 6 16 8 -8 10 48 22 -9 -14 18 17 -5 -10 -13 20 59 30 -12 27 25 26 -25 28 -21 -27 -22 32 -31 -30 -11 36 37 38 -29 -33 -41 -42 -43 44 45 -38 47 -37 -1 58 51 52 53 55 -54 -45 -36 -52 -39 60 -3 -46
right_child=2 19 4 5 -6 -7 7 12 15 34 11 14 13 -15 -16 -17 -18 -19 -20 23 21 -23 -24 24 -26 29 -28 35 33 31 -32 39 -34 -35 56 46 43 49 -40 40 41 42 -44 50 61 -47 -48 -49 -50 -51 57 -53 54 -55 -56 -57 -58 -59 -60 -61 -62 -63
leaf_value=-0.0010258241513694979 0.18262553166002804 -0.0046114850589316385 0.22296304451335558 -0.0082621436356566848 0.31133663612075996 -0.005294565164949745 0.007191466954478528 0.082370557274304756 0.060235543221728326 0.0024562672680864734 0.012260733522338993 0.0063027553411290765 0.069315325827542504 0.035838977070902903 0.043825795848153881 0.025380966690583869 0.013974606147967278 0.035861696113133799 0.027249873547581956 -0.01591411049175076 0.0047661352015809337 0.020762819772827682 -0.0066731580432926145 -0.0030857093523081855 0.017575374826376972 -0.003330373138608175 0.015829519489322041 -0.0056353959029957741 -0.003192349845964101 -0.0033604083578252504 -0.0064131806517051977 -0.0073435961552169894 0.013270008043687352 -0.012367564386048756 -0.00093578381703563916 -0.015092910386517814 -0.012412356534200211 -0.0080612428069219613 0.023449227289166912 0.0042727734452512644 -0.0025380449724105888 0.0056373486061988588 -0.0028484645631999292 -0.00081464568323604501 -0.0065951053503745648 -0.0051706603195999937 -0.0041163767108489445 -0.0048904751319634281 -0.0085703165307641025 0.0015465644110114344 -0.0029074068510716489 -0.0043736711160724502 -0.0066388940681222702 -0.0048607484758981766 0.00010663998685777186 0.0074704206509676836 -0.0062015582187722124 -0.0080107022956427583 -0.0032428322964523854 -0.0082645153752528133 0.0016353084910328366 -0.003767636459676026
leaf_weight=75 96 142 54 55 78 107 59 50 50 71 52 61 58 78 76 51 57 55 59 59 66 80 52 121 51 4439 60 58 123 61 57 76 50 66 67 63 65 70 60 69 854 88 86 53 175 246 5771 455 54 61 4619 1735 123 61 69 51 224 53 392 59 55 1989
leaf_count=75 96 142 54 55 78 107 59 50 50 71 52 61 58 78 76 51 57 55 59 59 66 80 52 121 51 4439 60 58 123 61 57 76 50 66 67 63 65 70 60 69 854 88 86 53 175 246 5771 455 54 61 4619 1735 123 61 69 51 224 53 392 59 55 1989
internal_value=-9.9183e-06 -0.0022939 0.238311 0.0152935 0.277132 0.0285497 0.0356054 0.0446601 0.0316276 0.00488009 0.0119701 0.0189252 0.0594748 0.0505174 0.0274129 0.0407648 0.00307829 0.0479271 0.0167418 -0.00338145 0.00122917 0.00798605 0.0028204 -0.0034761 -0.00251811 -0.00269463 0.00323706 -0.00382342 -0.00875231 -0.00288276 -0.000424463 -0.0013339 0.00418237 -0.00644462 -0.00353205 -0.00374728 -0.00340429 -0.0010171 0.00922617 -0.00185901 -0.0014727 -0.00186212 0.0014509 -0.00356979 -0.00434358 -0.00671913 -0.00428549 -0.006158 -0.00422562 -0.0033414 -0.00328605 -0.00399682 -0.00215825 0.000259666 -0.00422673 0.00328068 -0.00499652 -0.002967 -0.00398873 -0.00413905 -0.00286801 -0.00399923
internal_weight=24470 24242 228 1411 132 620 513 401 215 791 429 300 186 136 196 156 112 105 120 22831 459 203 104 22372 5955 5904 181 16417 248 5723 123 1284 111 189 362 16169 9880 641 118 1173 1097 1028 174 9239 2475 311 6289 518 129 523 6764 2092 357 165 192 104 291 4672 462 256 197 2164
internal_count=24470 24242 228 1411 132 620 513 401 215 791 429 300 186 136 196 156 112 105 120 22831 459 203 104 22372 5955 5904 181 16417 248 5723 123 1284 111 189 362 16169 9880 641 118 1173 1097 1028 174 9239 2475 311 6289 518 129 523 6764 2092 357 165 192 104 291 4672 462 256 197 2164
is_linear=0
shrinkage=0.03


Tree=11
num_leaves=63
num_cat=0
split_feature=10 21 14 11 2 10 5 11 3 21 15 15 4 21 15 1 2 3 3 12 1 3 21 11 15 1 1 21 15 15 11 1 5 11 12 15 3 2 3 1 3 15 2 21 4 2 2 5 3 1 11 4 4 1 2 1 2 21 15 4 21 5
split_gain=13978.3 562.46 518.492 191.163 152.005 146.076 83.9591 71.7868 70.8217 46.1857 20.0701 20.0646 15.7675 15.2504 30.4954 46.8739 24.5536 38.6087 28.8976 7.35055 7.06957 7.45982 7.20863 6.5193 6.42964 4.4866 4.23166 15.2183 7.70089 7.95551 6.65263 11.434 5.0478 4.20281 3.98247 3.84896 2.75633 2.74143 5.94628 2.66071 2.49901 2.49765 2.48624 2.26633 2.07052 1.87429 5.94377 1.95433 1.9618 1.86455 1.84556 1.95343 1.81593 1.68701 1.55239 1.53344 2.78539 1.48226 1.74086 2.52834 1.4435 1.67467
threshold=15.500000000000002 0.036504684508943612 8.6782079256889961 -105.29322089751098 4.953129244218351 2.5000000000000004 32.224978683628713 -113.45385878551598 17.147342795953104 0.011303803562451703 5.4305110500872721e-09 2.7300770193441162e-09 20.343759157387403 0.73844146778914566 6.3125091134027761e-11 1142.6428715872551 5.5436663811027413 12.826515964319201 9.4857429387865615 -99.539425033857029 612.48579760803864 29.760367269779955 0.26033745762689259 -110.92127871198598 3.0140448538313314e-09 837.13169250595308 757.68454940083018 1.7778098725146301 4.8804501864515054e-09 1.1210871067181269e-08 -99.677805244452983 12.249286541477753 40.810631668732555 -126.40291758002948 -108.89912960389412 2.7300770193441162e-09 0.75060313632630205 5.7307626165176986 27.185275420564604 1142.6428715872551 44.121349054453155 2.6162882721282753e-08 5.5045257627440316 1.7165365051697654 23.798336839394654 5.5288247678153137 5.4907996685751357 9.5746246698393502 36.446219459232758 929.54083285078661 -102.1911700840915 19.264701879235705 49.29853700668081 1221.8018272717502 4.8677255226320773 558.46206265645662 5.318077129790777 3.6877358444958657 4.5511535099703791e-09 29.939570318211555 1.3992072946133203 14.069368085109152
decision_type=2 8 2 2 2 2 2 2 2 8 2 2 2 8 2 2 2 2 2 2 2 2 8 2 2 2 2 8 2 2 2 2 2 2 2 2 2 2 2 2 2 2 2 10 2 2 2 2 2 2 2 2 2 2 2 2 2 8 2 2 8 2
left_child=1 3 -2 6 -4 8 10 -8 9 -5 25 -7 -10 14 39 16 17 18 19 -16 22 -22 -19 33 42 40 30 28 -28 44 55 -32 36 35 -24 -15 -33 -18 -39 45 -1 57 43 53 -30 46 54 48 -47 -29 -36 -52 -49 -25 -3 -26 -57 58 59 -38 -60 -62
right_child=2 13 4 5 -6 11 7 -9 12 -11 -12 -13 -14 23 15 -17 37 20 -20 -21 21 -23 34 24 26 -27 27 49 29 -31 31 32 -34 -35 50 -37 41 38 -40 -41 -42 -43 -44 -45 -46 47 -48 52 -50 -51 51 -53 -54 -55 -56 56 -58 -59 60 -61 61 -63
leaf_value=-0.0052925877135099938 0.1735820504314633 0.00035391737223816762 0.22147259861735974 0.017124619140988451 0.29980771842598913 0.044677333982614011 0.0027344466775263612 0.048503193139382027 -0.0050077201048228537 0.051415780303382383 0.013612511985596607 0.069419193950068972 0.015425879639806224 -0.0056442738322503103 0.01673437035549432 0.024216511692930327 -0.003302151243530076 -0.0099266339249695738 0.035156719630912825 0.0029077154057033892 0.012495519987894348 -0.00014373466414399443 0.0051475634411173431 -0.0027490673462708935 -0.003513382503121268 -0.010697654645934879 -0.0020214234198273687 -0.0032445733789195812 0.018803108271786873 -2.122737795991056e-05 0.01346831275973219 0.0049895698662213465 0.0071557062611516025 -0.0042201481397289081 -0.0054694362138500334 -0.015683042947541585 -0.00067355615578384867 -0.016240865687409844 -0.0025351172197037018 -0.010330470659269633 0.0021547226602880573 -0.0076140189887056219 -0.0040061349027523657 -0.0036860549047617623 0.0098711460107690913 -0.0074027031138539316 0.0054543340283537828 0.0013989313701237205 -0.0014731785576910742 -0.0099064789339900015 -0.0037326826403946863 0.0040227852821117264 -0.0049459350152979958 0.0025004868325777352 -0.0041944147729900457 0.0035594834214835256 -0.0030411452711115229 -0.0039364358527535521 -0.0045280446897827042 0.0069611724773845215 -0.0022231170813974172 0.0021760178075493435
leaf_weight=94 98 76 58 61 79 58 56 68 52 88 65 87 95 97 59 82 323 82 50 83 72 99 94 4827 2077 82 73 87 52 50 50 53 62 4073 90 54 134 51 64 58 70 65 4200 3572 50 299 70 66 61 68 56 59 103 55 595 80 198 184 131 54 250 112
leaf_count=94 98 76 58 61 79 58 56 68 52 88 65 87 95 97 59 82 323 82 50 83 72 99 94 4827 2077 82 73 87 52 50 50 53 62 4073 90 54 134 51 64 58 70 65 4200 3572 50 299 70 66 61 68 56 59 103 55 595 80 198 184 131 54 250 112
internal_value=5.84389e-07 -0.00219301 0.229814 0.0213926 0.268489 0.0352897 0.00725526 0.0280207 0.0230748 0.0375849 -0.00108747 0.0598962 0.00821267 -0.00308063 -0.000910835 0.00242361 0.000892554 0.00420818 0.015758 0.00872944 0.000169607 0.00521976 -0.00210473 -0.00335217 -0.00308228 -0.005011 -0.00200442 0.000998047 0.00597047 0.0097968 -0.00233532 -0.000402843 -0.00107878 -0.0044044 6.63468e-05 -0.00931386 -0.00160489 -0.00473623 -0.00870093 -0.00408402 -0.00212006 -0.00198566 -0.00340834 -0.00311091 0.014563 -0.00379084 -0.00281046 -0.00515622 -0.00640484 -0.00621198 -0.00227725 0.000246588 -0.0024744 -0.00268943 -0.00367949 -0.00323331 -0.00113573 -0.00155441 -0.000905982 0.00154463 -0.00184173 -0.000859814
internal_weight=24411 24176 235 876 137 441 435 124 296 149 311 145 147 23300 2592 1264 1182 744 192 142 552 171 381 20708 16484 246 3830 380 225 152 3450 1095 1045 4224 299 151 983 438 115 1328 164 930 12654 8454 102 1270 741 529 360 155 205 115 169 4882 671 2355 278 865 681 188 493 362
internal_count=24411 24176 235 876 137 441 435 124 296 149 311 145 147 23300 2592 1264 1182 744 192 142 552 171 381 20708 16484 246 3830 380 225 152 3450 1095 1045 4224 299 151 983 438 115 1328 164 930 12654 8454 102 1270 741 529 360 155 205 115 169 4882 671 2355 278 865 681 188 493 362
is_linear=0
shrinkage=0.03


Tree=12
num_leaves=63
num_cat=0
split_feature=10 21 14 15 11 15 4 3 4 15 21 15 15 3 17 2 2 4 7 10 4 4 3 2 21 15 21 15 7 3 7 17 4 4 4 4 7 7 2 7 3 2 12 3 2 3 0 4 4 21 4 11 0 21 3 21 4 11 21 21 3 17
split_gain=13079.9 449.234 402.211 156.967 154.886 151.267 48.7168 45.0371 32.1245 26.805 18.6226 35.6793 16.4981 19.6197 15.4526 15.119 23.6296 20.9202 14.5404 16.509 13.2148 13.1399 7.83496 6.20644 6.17132 5.81807 9.87206 8.21203 18.1019 32.3941 5.81284 4.95784 3.99231 4.55218 3.9578 5.95052 3.23476 8.11842 3.11132 2.97026 2.898 2.71224 2.51134 2.49854 2.47639 2.41887 2.21931 2.19711 2.19802 2.04914 1.98244 1.89661 2.84598 1.89113 1.8755 8.97691 1.86096 2.09709 1.69718 2.39055 1.64794 1.53797
threshold=15.500000000000002 0.036504684508943612 8.6782079256889961 2.9769537023127601e-07 -106.48655260014799 1.597970854746728e-09 65.763208317948468 9.6895531178205214 42.110336787975506 4.6508902482802745e-09 0.64996894818873363 2.8099373414590181e-08 6.3125091134027761e-11 21.462984176492352 0.15727072911401391 5.5401916951847232 5.1726428232039492 25.047374025130001 0.011581815072471803 2.5000000000000004 14.66551073191515 27.059869176352802 23.796265983207803 5.348756234551316 0.38925711433808957 3.0140448538313314e-09 1.6459077696899003 6.2331850894483523e-09 0.10640162613544503 28.799540434568353 -0.38642952479959986 4.4826494745403869 71.343371688723764 68.927389941362222 18.604485620604454 26.137774566180806 0.29538273718335556 0.11499718281712924 5.0912055604563866 -0.1082529458896042 51.954984988807006 3.6875539612022563 -118.27094715088155 45.48688996349771 5.6073387379084787 70.991715117796062 562.77718503111407 58.928825678292206 63.406376638840456 0.70512962592671713 15.411237498653852 -87.843137241218599 280.83374092469603 0.69079529357817959 3.5571626691226306 1.2285568933353552 72.597942734035612 -108.34890901278798 1.9397803519006553 3.2459548656395905 22.899830219888553 0.29828775190678497
decision_type=2 8 2 2 2 2 2 2 2 2 8 2 2 2 2 2 2 2 2 2 2 2 2 2 8 2 8 2 2 2 2 2 2 2 2 2 2 2 2 2 2 2 2 2 2 2 2 2 2 8 2 2 2 8 2 8 2 2 10 10 2 2
left_child=1 4 -2 -4 6 7 18 -6 20 -7 11 12 47 14 15 16 24 -18 44 -20 -9 -22 -15 25 -14 45 27 28 39 -30 -29 32 33 41 38 -36 37 -37 -24 -27 46 -28 -42 -43 -1 53 54 -3 -49 -48 -45 52 -32 -12 55 -25 57 -54 -34 60 -60 -61
right_child=2 10 3 -5 5 9 -8 8 -10 -11 23 -13 13 22 -16 -17 17 -19 19 -21 21 -23 34 40 -26 26 31 30 29 -31 51 -33 58 -35 35 36 -38 -39 -40 -41 42 43 -44 50 -46 -47 49 48 -50 -51 -52 -53 56 -55 -56 -57 -58 -59 59 61 -62 -63
leaf_value=-0.0046636363373186388 0.17406578199403119 -0.003972714800525994 0.21658919505097649 0.29504735695279161 0.035248290337247641 0.04086747702684395 0.024435464160383811 -0.0055574239545489014 0.030756541623009576 0.065859153325910913 -0.008272168576685281 0.0229448336680773 -0.0016330915437553261 -0.01260903920771347 -0.0030380677537574807 0.00021255692787235602 0.038360991563218143 0.011273364553473785 -0.0049629254777571316 0.015300855626507352 0.021941561304471072 0.00039848788721988409 0.0026240344245760591 0.0091426182723936961 0.01239180904004793 -0.0031133788504538484 -0.008695340904301874 0.0082812488808457815 -0.00055681799628785737 0.029892241954803465 0.0043191613615047014 0.0052383868966211118 -0.010290242018884534 0.0062774201053091222 0.0099450513025073975 -0.002701400659047067 -0.0071692292573145369 0.010567624305643267 -0.0059474493577689313 0.0051494404506784953 -0.0043182531406131125 -0.0015037037133837652 -0.01299658519789643 -0.0077997360738447392 -0.01274017610365095 -0.0090037099964496107 -0.0091363989761815596 0.0046812540088181512 -0.0029917931430307881 -0.0041359141364329926 -0.0029176053102764089 -0.0069076265023170925 0.0036326564910511175 -0.0029966573351697836 -0.0034654165618441899 -0.0030994036926658476 -0.0077485707090494942 -0.0031578096999540267 -0.0052005616092885079 -0.0048973007976494138 0.0020531210893411831 -0.011284475724803216
leaf_weight=76 100 948 65 68 94 91 83 72 53 80 61 57 60 53 106 95 51 53 72 71 50 51 50 61 52 135 62 51 66 59 62 68 65 53 60 139 51 58 153 54 68 938 55 110 64 61 75 55 83 3705 237 68 53 7440 6678 413 53 169 54 94 57 55
leaf_count=76 100 948 65 68 94 91 83 72 53 80 61 57 60 53 106 95 51 53 72 71 50 51 50 61 52 135 62 51 66 59 62 68 65 53 60 139 51 58 153 54 68 938 55 110 64 61 75 55 83 3705 237 68 53 7440 6678 413 53 169 54 94 57 55
internal_value=-4.65851e-05 -0.00215513 0.223221 0.258606 0.0191639 0.0301583 0.00437258 0.0178925 0.0105502 0.0528744 -0.00293992 -0.000261779 -0.000912515 0.0019065 0.00683257 0.0101958 0.0145653 0.0247956 -0.00157691 0.0051345 0.00421867 0.0111739 -0.00174129 -0.00320847 0.00493051 -0.00267124 -0.00143516 0.00140473 0.00513025 0.0139383 -0.00116626 -0.00265485 -0.00296886 -0.0022705 -0.000591679 0.00155062 -0.000512073 0.00123886 -0.00383373 -0.000737896 -0.00370022 -0.00261124 -0.00827232 -0.00231115 -0.00841994 -0.00308994 -0.00364803 -0.00345839 7.79827e-05 -0.00423752 -0.00448322 -0.00237341 -0.00144077 -0.00304066 -0.00333592 -0.00150802 -0.00275032 -0.00152764 -0.00596098 -0.00484339 -0.00149062 -0.00731449
internal_weight=24394 24161 233 133 857 491 366 320 226 171 23304 2124 2067 981 417 311 216 104 283 143 173 101 564 21180 112 10125 2563 770 314 125 456 1793 1725 1400 511 308 248 197 203 189 11055 1347 123 1285 140 7562 10932 1086 138 3780 347 405 337 7501 7152 474 275 222 325 260 111 149
internal_count=24394 24161 233 133 857 491 366 320 226 171 23304 2124 2067 981 417 311 216 104 283 143 173 101 564 21180 112 10125 2563 770 314 125 456 1793 1725 1400 511 308 248 197 203 189 11055 1347 123 1285 140 7562 10932 1086 138 3780 347 405 337 7501 7152 474 275 222 325 260 111 149
is_linear=0
shrinkage=0.03


Tree=13
num_leaves=63
num_cat=0
split_feature=10 21 14 13 12 12 15 20 13 8 3 13 21 12 21 13 3 21 3 10 6 12 13 21 6 20 19 3 8 0 12 0 15 3 21 19 12 15 13 12 0 8 0 20 17 17 21 0 3 8 6 20 15 10 8 20 6 21 3 0 20 8
split_gain=12979.6 477.372 462.98 242.127 238.519 140.791 71.0897 55.1579 139.557 51.0116 50.8108 45.5567 33.4055 21.9671 16.8682 27.5765 30.393 14.518 17.9855 11.8931 6.86322 6.76704 8.56163 11.5163 29.5995 8.02203 17.1455 6.79633 4.65763 3.33243 3.37028 2.77513 4.64923 2.48523 2.71047 3.19334 2.53895 2.42133 2.2846 2.95729 2.24908 2.12326 4.14896 2.04573 1.94149 4.00699 8.37894 2.38793 2.112 2.1164 1.89476 4.21213 1.83278 1.83249 2.02994 1.82732 1.82268 1.6 1.61003 2.36177 1.57846 2.17313
threshold=15.500000000000002 0.036504684508943612 8.6782079256889961 22.628141608743309 -108.64927443343349 -98.077216196482411 2.9769537023127601e-07 1.7925050432673102 21.468642546038478 0.23502722270066692 17.147342795953104 19.798410162809187 1.0807410616942554 -106.74434203380748 0.19901951054834402 25.201097841236493 23.973276449254005 0.0073127644711899059 17.881221724896204 3.5000000000000004 0.03295645955232241 -107.93890765149898 32.568517897323161 0.45548851042320104 0.25201367306655437 10.811646786697301 2.5000000000000004 30.808358781307302 0.33445015517067495 590.81480929765905 -109.74077547787104 79.894059463513273 4.4933864934063042e-08 28.185041672682402 0.57413215796177408 3.5000000000000004 -110.7801366986163 3.5956119850746541e-09 12.592107726904347 -120.79983275445885 599.4040506938062 0.20578655672143767 381.74217248396008 59.281615376810407 1.2725589238375596 0.92579335743480218 2.1718877380230857 423.68029790605505 29.933240329536151 0.22101517333534917 -0.43393355667329553 72.233168069697271 1.5881867761018134e-22 4.5000000000000009 0.22711193437070001 18.368847582497803 0.44683550413447121 4.4445099636227114 70.991715117796062 268.66112017639904 90.582557245045265 0.35430163937862785
decision_type=2 8 2 2 2 2 2 8 2 2 2 2 8 2 8 2 2 8 2 2 2 2 2 8 2 8 2 2 2 2 2 2 2 2 8 2 2 2 2 2 2 2 2 8 2 2 8 2 2 2 2 10 2 2 2 8 2 10 2 2 8 2
left_child=1 3 9 4 -1 13 -4 8 12 -2 20 -6 -3 29 15 16 -9 -15 -19 41 -7 33 23 24 43 26 -25 37 -17 30 -5 -27 44 34 35 -16 38 -28 39 -35 -24 42 -10 -23 45 47 -47 50 -46 -50 51 -33 -43 -36 -55 -42 -38 58 59 -40 61 -56
right_child=2 7 6 5 11 10 -8 14 19 -11 -12 -13 -14 17 21 28 -18 18 -20 -21 -22 22 40 25 -26 31 27 -29 -30 -31 -32 32 -34 36 53 -37 56 -39 57 -41 55 52 -44 -45 48 46 -48 -49 49 -51 -52 -53 -54 54 60 -57 -58 -59 -60 -61 -62 -63
leaf_value=0.0066999562964668831 0.19388201385736464 0.054716421562383509 0.22316881419159471 6.2082533953681339e-05 0.08637455675663222 0.052305459325301049 0.28473685253310843 0.03205501917175186 0.0071051515529441797 0.13999237597317379 0.013189615458715708 0.050932665403906098 0.020691154681403062 -0.0032161114985865425 -0.013135844585400038 -0.0040743219584138523 0.00074150348408147685 0.027733389411894779 0.0048837638680230486 0.010600343050103482 0.035150566347052943 0.0032770081669374258 -0.0031864016725789528 0.015925765366581104 0.024788055112674973 -0.0078654434738248714 0.001177146793255266 0.0080075905741088926 0.0037873911017494411 -0.010609926771619083 -0.0085155258218254596 0.0076724554173119557 0.0053512467578319565 -0.012885039318668641 -0.0041428915982072937 -0.0048528605090597497 -0.002253557573195196 -0.0065629046576238482 0.00084331367074628365 -0.0035318896263825906 -0.01037242124608276 -0.005912059021556457 -0.0029477759580448511 -0.004102503864488267 -0.0028624030182385373 -0.002509799683569576 0.01136662364692893 -0.0034951670259284959 -0.010944169451440892 -0.0041908410725073281 -0.0019693197662487456 -0.0035311592716701147 -0.00055039222384694708 -0.0038196070437334128 -0.015577867234892705 -0.0044624811159657647 -0.007064889401942491 -0.0018422910692640197 -0.0089949945955521467 -0.0041082524412277078 -0.0045108073635272816 -0.0069011503460351372
leaf_weight=87 50 50 63 123 74 60 73 52 52 50 79 70 57 63 72 225 59 52 76 72 50 51 9783 67 51 82 52 53 96 67 61 58 69 58 2173 103 1379 118 89 65 50 177 121 96 466 112 59 1093 66 117 1538 61 85 127 50 750 74 326 58 2949 52 59
leaf_count=87 50 50 63 123 74 60 73 52 52 50 79 70 57 63 72 225 59 52 76 72 50 51 9783 67 51 82 52 53 96 67 61 58 69 58 2173 103 1379 118 89 65 50 177 121 96 466 112 59 1093 66 117 1538 61 85 127 50 750 74 326 58 2949 52 59
internal_value=-2.56359e-05 -0.00207467 0.221017 0.0198386 0.0460513 0.0101849 0.258054 -0.00288023 0.00598653 0.16859 0.0317815 0.0696159 0.0369502 0.000899208 -0.00311866 0.00274824 0.0155661 0.00854213 0.0143095 -0.000608092 0.0448947 -0.00323179 -0.00285696 -0.00171186 0.00533387 -0.00206091 0.00273802 -0.00127762 -0.0017187 -0.00492754 -0.00281224 -0.00243555 -0.00231107 -0.00395762 -0.00470489 -0.00831599 -0.00356265 -0.00420232 -0.00399602 -0.00801066 -0.00331218 -0.00248334 9.73814e-05 -0.00153742 -0.00246062 -0.00212949 0.00231622 -0.00240667 -0.00394542 -0.00667271 -0.001687 0.00194786 -0.00418129 -0.00444483 -0.00670077 -0.00484434 -0.00250328 -0.00384942 -0.00406011 -0.00396296 -0.00893588 -0.0109867
internal_weight=24570 24334 236 862 231 631 136 23472 614 100 189 144 107 442 22858 432 111 191 128 507 110 22426 14792 4209 198 4011 290 223 321 251 184 3721 3639 7634 2636 175 4998 170 3545 123 10583 435 173 147 3570 2921 171 2750 649 183 1657 119 262 2461 288 800 1453 3422 3096 3038 161 109
internal_count=24570 24334 236 862 231 631 136 23472 614 100 189 144 107 442 22858 432 111 191 128 507 110 22426 14792 4209 198 4011 290 223 321 251 184 3721 3639 7634 2636 175 4998 170 3545 123 10583 435 173 147 3570 2921 171 2750 649 183 1657 119 262 2461 288 800 1453 3422 3096 3038 161 109
is_linear=0
shrinkage=0.03


Tree=14
num_leaves=63
num_cat=0
split_feature=16 14 21 13 12 7 3 21 21 13 21 1 3 4 15 15 13 19 12 12 3 21 13 7 8 21 15 12 12 8 12 3 21 13 17 8 13 4 1 3 4 12 15 12 4 12 3 13 21 7 15 21 7 1 16 17 7 21 15 13 7 1
split_gain=11421.2 442.071 372.566 222.753 201.551 118.644 69.1024 74.0649 46.7455 36.1202 68.548 47.6935 46.3527 24.0293 23.5978 21.8379 16.8985 12.5626 15.0858 29.2428 7.946 7.21584 19.5758 6.91776 6.72979 6.37259 6.13602 5.65424 5.30859 5.25274 4.96904 7.4408 4.95674 4.66523 3.9264 3.48324 8.66135 3.24588 3.06794 8.20019 2.90568 5.05127 2.67439 3.95129 2.59952 2.13849 1.98412 1.95833 1.94696 5.39011 10.4427 1.964 1.88927 1.87637 1.77519 1.75099 2.06102 3.66588 1.72531 2.88565 3.35488 2.33913
threshold=28.035921372148071 8.6782079256889961 0.036504684508943612 24.373778119893753 -108.64927443343349 -0.17629458532958162 17.311423331440803 0.0073127644711899059 0.0073127644711899059 20.671958101968034 0.74963532101026853 526.18175742024516 14.634628962915402 32.961611448929709 7.9333080458092652e-09 1.5881867761018134e-22 17.369661519819633 2.5000000000000004 -93.287250154809769 -109.06234405271483 0.99034573532446968 0.16606176382265053 25.259520267974299 0.066722573960783307 0.39449485700392023 0.33676839252946256 1.2573824633997184e-08 -104.47974507521864 -107.79936273769495 0.26306617852306063 -96.54003762818148 32.612050321136259 1.3096377848637453 24.048523385582204 2.4331236125120985 0.16153690976172366 23.696224127237603 75.972147171729759 909.82836450838306 26.857664759104953 20.655272524519955 -107.71727348506228 3.3258799072006412e-09 -102.36233642460553 29.939570318211555 -128.17780681776648 23.589968386719551 18.510145073565266 0.45548851042320104 0.031824574696124326 1.5881867761018134e-22 0.56066275452712111 0.035538664890865775 81.676312705567526 2.908043100440743 0.94480175897611562 0.47802174823053539 1.3096377848637453 4.2746831639518372e-09 23.425637268170231 0.13133254279276921 703.22588612100105
decision_type=2 2 8 2 2 2 2 8 8 2 8 2 2 2 2 2 2 2 2 2 2 8 2 2 2 8 2 2 2 2 2 2 8 2 2 2 2 2 2 2 2 2 2 2 2 2 2 2 8 2 2 8 2 2 2 2 2 8 2 2 2 2
left_child=2 -2 3 4 16 -3 7 -5 -6 10 11 25 -13 -10 -14 -9 -1 18 19 32 -19 22 -11 40 52 -4 -27 -25 38 -21 37 -32 -12 34 35 36 42 -22 45 -40 -8 -42 -30 44 -44 -23 47 -20 49 50 -35 -50 -24 -39 -45 56 -53 -58 59 60 -37 -60
right_child=1 5 9 6 8 -7 23 15 13 21 17 12 14 -15 -16 -17 -18 20 46 29 30 28 24 27 -26 26 -28 -29 33 -31 31 -33 -34 48 -36 58 -38 53 39 -41 41 -43 43 54 -46 -47 -48 -49 51 -51 -52 55 -54 -55 -56 -57 57 -59 61 -61 -62 -63
leaf_value=0.017191158495232707 0.15194797138058685 0.19710218618897829 -0.00524200642341384 -0.0067414667527549536 0.082141654370259651 0.26777628602460024 -0.0085787749331970899 0.040611316080977941 0.032823523398122334 0.018437537921259611 0.0047436413403678067 0.047363209143763275 0.02714053698661649 0.060069622405092504 -0.0015610414376372799 0.016485530677202501 -0.0062411886826157564 0.0072318814231750921 -0.0098453268678302102 0.020697246680373919 -0.0032167399560209353 -0.0086488707524795937 -0.0066822950234636663 -0.00040136834222004943 0.0076772093721148042 0.013892251832631269 0.00040090331342071292 0.011833547897314511 -0.0040806012169481883 0.0092854417013851064 -0.0024236085835282746 0.010196070429981396 -0.0052000544122458728 -0.0030100566504687215 -0.0059835687708255135 -0.0012267665748549915 0.012871714540972159 -0.011967623598456125 -0.015562122535879071 -0.0038377945768521523 -0.0082912516802296794 0.0033139345339864867 0.010434067589955685 -0.0036924665284386107 0.0017722867952789574 -0.0036343521304815002 2.7665656889439558e-05 -0.0020433455035806848 -0.00594607471006203 -0.0045183038246610395 0.01084446291266768 -0.003034816924561019 -0.0010709358441643416 -0.0055486215490404547 0.0025079763682151679 -0.005882954695311032 0.006671224138386468 -0.0020567081840686748 -0.002179271306448047 -0.005983436128035897 0.0055510018484434109 -0.008434777723625303
leaf_weight=60 78 50 59 64 53 95 91 93 60 50 71 55 52 67 50 56 50 68 68 90 956 77 119 98 53 56 65 51 111 65 152 57 120 123 143 191 51 57 72 207 58 78 52 118 77 6555 63 51 210 192 80 11345 99 155 63 189 52 236 539 62 99 59
leaf_count=60 78 50 59 64 53 95 91 93 60 50 71 55 52 67 50 56 50 68 68 90 956 77 119 98 53 56 65 51 111 65 152 57 120 123 143 191 51 57 72 207 58 78 52 118 77 6555 63 51 210 192 80 11345 99 155 63 189 52 236 539 62 99 59
internal_value=1.89678e-05 0.213226 -0.00197105 0.0171942 0.03867 0.244923 0.00657275 0.020182 0.058136 -0.00268757 0.000874608 0.0133579 0.0253872 0.0475544 0.0131926 0.0317143 0.00657982 -0.0012633 0.00269341 0.00636491 -0.00270994 -0.0030753 0.00138483 -0.00116982 -0.00181765 0.00278341 0.00670752 0.00383739 -0.00314386 0.0160019 -0.00320578 0.00105029 -0.00149825 -0.00280736 -0.00126262 -0.000784003 0.00132062 -0.0039676 -0.00382461 -0.0069082 -0.0044589 -0.00165973 -0.000105868 0.00132589 0.00531726 -0.00369387 -0.00428312 -0.00654651 -0.00300178 -0.00092646 0.00247625 -0.00306983 -0.00415054 -0.00732257 -0.00153238 -0.00301824 -0.0029712 -0.000463201 -0.00182996 -0.000162593 0.00109815 -0.0028095
internal_weight=24636 223 24413 879 290 145 589 213 180 23534 2310 337 157 127 102 149 110 1973 528 346 1445 21224 321 376 271 180 121 149 20903 155 1377 209 191 13992 1565 1422 472 1168 6911 279 227 136 421 310 129 6632 182 119 12427 395 203 12032 218 212 181 11822 11633 288 950 352 290 598
internal_count=24636 223 24413 879 290 145 589 213 180 23534 2310 337 157 127 102 149 110 1973 528 346 1445 21224 321 376 271 180 121 149 20903 155 1377 209 191 13992 1565 1422 472 1168 6911 279 227 136 421 310 129 6632 182 119 12427 395 203 12032 218 212 181 11822 11633 288 950 352 290 598
is_linear=0
shrinkage=0.03


Tree=15
num_leaves=63
num_cat=0
split_feature=16 20 14 15 11 21 15 4 3 19 21 11 15 11 9 3 4 21 16 15 19 3 0 7 21 3 11 0 20 21 3 3 21 15 9 0 21 19 4 9 5 21 21 7 0 21 11 15 5 0 0 11 16 16 11 5 20 3 15 3 3 21
split_gain=10750.3 449.022 318.035 176.563 163.979 159.697 104.417 72.7036 65.8617 37.1759 29.443 44.7179 28.0601 36.3433 25.5029 19.0367 12.1471 10.6188 15.1285 7.60363 16.8318 34.9101 45.2125 6.84225 6.64526 6.13996 5.45909 5.11454 4.37838 15.297 4.38575 4.03648 6.04691 3.78495 3.50319 3.01343 2.94339 3.8048 2.70809 3.14962 2.6796 2.19939 2.15174 2.09785 2.03406 1.9523 1.72677 2.88082 4.35165 2.73832 1.71779 1.76088 1.6594 1.62154 2.29884 1.54658 1.48861 1.40598 1.40275 1.3763 2.31273 2.52825
threshold=28.035921372148071 2.0039493990201902 8.6782079256889961 7.2305518765730566e-10 -109.51349554935898 0.76101955513146213 3.5824750874014812e-07 65.763208317948468 3.3135101783186802 2.5000000000000004 0.036504684508943612 -96.193187986637597 3.4653437748354766e-09 -99.677805244452983 0.16936441400232563 15.180246011363451 64.328086420278154 0.47652734659681806 7.7594537239591155 1.387982571819164e-09 2.5000000000000004 21.827867090655904 386.74486554537754 -0.044339738742206862 0.025924569724350303 21.990820349693454 -126.40291758002948 404.52198499892103 13.298681841841001 0.77329550501624056 -0.9409484718192519 20.084753050166853 1.3765480586631751 1.8648429998992615e-09 0.26309680213241299 491.60371931102407 0.54743924134797661 2.5000000000000004 58.51765876089781 0.089545020891637975 -14.476857554583647 0.41697579079349856 0.9452517199983711 -0.013410649569713494 56.4905538282188 0.022358981364493106 -100.40463399057299 3.0140448538313314e-09 40.197428347074307 368.36657939568454 368.36657939568454 -79.769712162390135 1.0000000180025095e-35 0.15939877883524603 -102.83378429634949 -1.6525894235312 8.3239899629552365 36.209024009750912 2.1481977000317193e-08 29.267024470069256 38.344748743884956 0.74963532101026853
decision_type=2 8 2 2 2 8 2 2 2 2 8 2 2 2 2 2 2 8 2 2 2 2 2 2 8 2 2 2 8 8 2 2 8 2 2 2 8 2 2 2 2 8 8 2 2 8 2 2 2 2 2 2 2 2 2 2 8 2 2 2 2 8
left_child=1 3 -2 8 7 12 -4 35 -1 -7 11 16 13 -6 -14 -13 24 18 19 38 21 22 -21 -23 25 -10 33 28 29 -28 -30 50 -33 34 -19 -5 37 -29 39 43 -27 -41 -12 -3 -32 -37 53 -48 49 55 51 56 57 -46 -55 -49 -31 -34 59 -38 -61 -62
right_child=2 17 6 4 5 9 -8 -9 10 -11 42 15 14 -15 -16 -17 -18 26 -20 20 -22 23 -24 -25 -26 40 27 36 30 31 44 32 52 -35 -36 45 58 -39 -40 41 -42 -43 -44 -45 46 -47 47 48 -50 -51 -52 -53 -54 54 -56 -57 -58 -59 -60 60 61 -63
leaf_value=0.033832860563669555 0.16404391861097378 -0.012562135472928858 0.20761059494689107 0.00061196992206598885 0.019101062108324292 0.02469874457962325 0.27703751121248515 0.034568147535435856 -0.012845837035170265 -0.0046196072376059258 -0.0073728536185156896 0.037223431143200217 0.076484344636888371 0.051564101330780737 0.04831291531504367 0.01110135170905029 0.014046333623783928 0.00047379637671196285 0.015189898162045412 0.00092575001881791731 -0.0042817562841810288 -0.0080164497295537821 0.040698116526884189 0.0038660803169124954 0.0079940946782624117 -0.0056067636267768898 0.015566647448534187 -0.014172345248597803 0.0057831321915404665 -0.0092651679026110479 -0.0075136453204713016 0.0085394539214346723 0.0036706597131765067 -0.015000842414197645 -0.010638705708373051 -0.0040643549334826107 -0.0036326825399563183 -0.0045178420773961331 0.0017176518259767557 -0.0034523116179975863 0.0032152479799697174 0.0019375119127216745 -0.002450138646696368 -0.0041938720495349798 -0.0030036579845341498 -0.012061363855429757 -0.0027622420168301543 -0.0036351278968858227 0.0056281550479940611 0.0044520903254306179 0.00066834867877118729 -0.0005491354820482871 -0.0040627108714660675 -0.0039662114919052872 -0.0097369537556543928 -0.001010072394589069 -0.0033403457907529976 -0.0018204552560718249 -0.0054029334548445582 -0.0023697987213250173 -0.008957856028949808 -0.0035421971093503083
leaf_weight=63 87 52 63 54 50 91 62 54 52 67 133 52 55 89 82 50 55 50 53 52 223 77 50 98 50 54 50 51 53 100 81 68 73 55 51 58 7555 131 98 470 70 79 202 58 3204 54 3710 320 82 63 50 50 118 387 74 548 64 96 322 2502 81 1630
leaf_count=63 87 52 63 54 50 91 62 54 52 67 133 52 55 89 82 50 55 50 53 52 223 77 50 98 50 54 50 51 53 100 81 68 73 55 51 58 7555 131 98 470 70 79 202 58 3204 54 3710 320 82 63 50 50 118 387 74 548 64 96 322 2502 81 1630
internal_value=2.02416e-05 -0.00196315 0.212095 0.0143108 0.0257983 0.036474 0.243972 0.00466848 0.00467052 0.0123154 0.00206821 0.00774059 0.0502095 0.0401066 0.0600949 0.0246506 0.00153679 -0.00298222 -0.000359232 -0.0010264 0.00184234 0.00677024 0.0206279 -0.00137807 -0.00155603 -0.00429898 -0.00314114 -0.00310018 -0.00256439 -0.000227047 -0.00274783 -0.00152584 0.000564057 -0.00872036 -0.00518676 -0.00520667 -0.00350122 -0.00728589 -0.00292114 -0.00361253 -0.000640715 -0.00267461 -0.00442066 -0.00822731 -0.00280189 -0.00799267 -0.0027555 -0.00237511 -0.000955952 -0.00154128 -0.00432764 -0.00549261 -0.00134867 -0.00324492 -0.00491161 -0.0019809 -0.0069873 0.000559086 -0.00344365 -0.00338958 -0.00295289 -0.00380366
internal_weight=24576 24364 212 1435 654 434 125 220 781 158 718 383 276 139 137 102 281 22929 1310 1257 500 277 102 175 226 176 21619 21463 9191 669 8522 619 355 156 101 166 12272 182 757 659 124 549 335 110 8469 112 8388 4723 1013 931 264 214 287 3665 461 868 164 169 12090 11768 4213 1711
internal_count=24576 24364 212 1435 654 434 125 220 781 158 718 383 276 139 137 102 281 22929 1310 1257 500 277 102 175 226 176 21619 21463 9191 669 8522 619 355 156 101 166 12272 182 757 659 124 549 335 110 8469 112 8388 4723 1013 931 264 214 287 3665 461 868 164 169 12090 11768 4213 1711
is_linear=0
shrinkage=0.03


Tree=16
num_leaves=63
num_cat=0
split_feature=10 20 13 1 19 12 13 12 0 1 20 13 19 5 12 20 13 12 6 13 6 13 0 20 9 8 4 5 1 4 12 19 0 20 12 1 5 17 13 12 1 13 1 1 20 12 20 13 20 6 20 13 20 0 8 9 1 13 1 20 10 9
split_gain=10303.8 498.733 396.214 196.488 136.453 133.94 58.7902 50.6805 49.4136 39.0081 38.9504 30.1092 23.2075 16.624 14.2732 6.10319 25.3917 6.00859 5.74857 5.25746 5.03031 4.51376 4.1114 9.10369 4.09426 3.93757 4.44902 3.66766 3.65393 3.67081 4.86087 3.3235 3.31336 3.0544 2.83485 2.82869 3.32543 2.71408 2.69427 2.88083 4.61505 10.4367 3.86834 3.51362 9.70063 11.0645 9.57925 7.62093 5.85783 4.72154 2.84823 5.00458 2.98714 2.94854 2.8962 2.8938 2.63276 2.61286 4.22616 2.40379 3.49028 2.31913
threshold=15.500000000000002 2.0039493990201902 23.931513161394722 166.96426238777005 2.5000000000000004 -112.12969464948124 19.476696818100418 -102.81344057569383 479.99610532003254 811.81796292795354 0.35968814765788604 33.718879138184022 3.5000000000000004 34.43040323791201 -87.36461486453284 6.6321986571914104 20.726004765659173 -119.14471173462414 0.25201367306655437 10.637535725835024 0.40664957760657622 12.592107726904347 599.4040506938062 16.267337256559554 0.17271312380750817 0.36935996947389566 -7.6318132869812194 -0.77086414655479973 340.19914491204457 13.476951928217751 -107.56352481660947 3.5000000000000004 79.894059463513273 0.7349718554098551 -101.54864227411561 768.69078390335369 -33.883890624000571 1.6380948432042881 25.259520267974299 -110.19189744339144 12.249286541477753 22.945467319542555 540.86962265736213 647.04402261877658 77.121924346794557 -106.6714319709484 17.348097489993553 23.052199039977527 9.831486006680473 -0.072645141978559633 28.846075488343253 19.885603929653858 39.806644853863112 338.47706337172906 0.024908229233709393 0.19442772360334407 12.249286541477753 27.607360804641555 880.35055753992367 55.293569055230954 2.5000000000000004 0.10348135121086834
decision_type=2 8 2 2 2 2 2 2 2 2 8 2 2 2 2 8 2 2 2 2 2 2 2 8 2 2 2 2 2 2 2 2 2 8 2 2 2 2 2 2 2 2 2 2 8 2 10 2 8 2 8 2 8 2 2 2 2 2 2 8 2 2
left_child=1 2 4 -2 5 -1 10 13 11 -8 -7 -9 -5 35 18 16 -3 21 27 -19 28 -17 32 24 -24 59 -27 33 31 -30 -31 -18 -21 -13 -32 36 -4 -25 39 42 41 -41 56 48 45 -45 -47 49 -42 -48 51 53 55 -50 -54 -52 -34 58 -40 60 -23 -38
right_child=3 15 7 12 -6 6 9 8 -10 -11 -12 14 -14 -15 -16 17 20 19 -20 22 -22 25 23 37 -26 26 -28 -29 29 30 34 -33 38 -35 -36 -37 61 -39 57 40 43 -43 -44 44 -46 46 47 -49 50 -51 52 -53 54 -55 -56 -57 -58 -59 -60 -61 -62 -63
leaf_value=0.0094360004172100356 0.23853445422448466 0.015324728961298075 0.0050954492844860338 0.15129420868024743 -0.0066513453467803843 0.086538382869977615 0.024003770856449946 0.022904021443077627 0.035984785150347358 0.054936734902319206 0.053379986527841539 -0.0044705272219531852 0.19010545845491339 0.011787424140697899 0.016057146971313548 -0.013015273257835034 -0.0097447991448134409 0.006308821431093097 -0.0081263041793583676 -0.0070214064964468671 0.0061903140644969067 -0.012640354138779416 -0.018419673804277201 -0.0038367112941893162 -0.0070783165280077168 -0.0067146116876284825 0.0023566102620870728 0.0073620079959800929 0.0041121959433570738 -0.0090679415991555337 0.005380264808889478 -0.0031142809262422666 -0.0089187860310388101 0.0050715955507117678 -0.0038428229494020345 -0.0070112266570233322 -0.0089584580425169126 0.0023562000116164033 -0.0038999873875550156 -0.0026466481381455728 0.0057525413156522872 0.01435418704325247 -0.0068437002191183566 0.013609465132109247 -0.0037299197814878956 -0.010672915605564583 0.006946815936826169 0.013171188758347522 -0.014945172837148581 -0.0043463579835049037 -0.0028826427617376403 -0.0029763471948770588 0.0028728507483131525 -0.0051084102746764464 -0.0028088910309495233 0.0036120514767710118 -0.0020773258256614373 -0.0028086306511549593 -0.012128721761051564 -0.0049025089645080948 -0.0028781965243465761 -0.0018356121250423648
leaf_weight=73 88 83 50 57 50 65 68 97 66 86 79 71 82 73 69 66 99 55 51 162 58 100 52 2154 67 80 121 95 99 72 59 218 53 51 59 144 51 65 955 86 77 51 231 77 298 52 53 54 57 86 104 371 84 55 1695 149 844 13384 59 373 50 201
leaf_count=73 88 83 50 57 50 65 68 97 66 86 79 71 82 73 69 66 99 55 51 162 58 100 52 2154 67 80 121 95 99 72 59 218 53 51 59 144 51 65 955 86 77 51 231 77 298 52 53 54 57 86 104 371 84 55 1695 149 844 13384 59 373 50 201
internal_value=-3.57159e-05 -0.00181072 0.0153097 0.200804 0.0397553 0.0460106 0.0549087 0.00518086 0.0119872 0.041521 0.0688409 0.0082635 0.175384 -0.00138678 0.00399417 -0.00288477 -0.00021724 -0.00297443 0.00084026 -0.00287945 -0.00218011 -0.00554412 -0.00290338 -0.00409157 -0.0121464 -0.00484604 -0.00126919 0.00297522 -0.00299012 -0.00054653 -0.00298279 -0.00520914 -0.00275725 -0.000472805 0.000775181 -0.00356464 -0.00190352 -0.00365433 -0.00272028 -0.00207647 -0.00163396 0.00374029 -0.00338768 -0.00186427 0.000164312 0.00376868 0.000633113 0.00371861 -0.00234938 -2.14649e-05 -0.00259962 -0.00466961 -0.00210554 -0.0102026 -0.00253915 0.000941458 -0.00249104 -0.00292032 -0.00439026 -0.00621565 -0.00942691 -0.00330685
internal_weight=24634 24407 1440 227 421 371 298 1019 500 154 144 434 139 519 337 22967 747 22220 268 21430 664 790 21375 2338 119 724 201 217 606 289 190 317 19037 122 118 446 302 2219 18875 4477 3349 137 1128 3212 620 322 245 193 2592 139 2515 483 2032 112 1779 253 897 14398 1014 523 150 252
internal_count=24634 24407 1440 227 421 371 298 1019 500 154 144 434 139 519 337 22967 747 22220 268 21430 664 790 21375 2338 119 724 201 217 606 289 190 317 19037 122 118 446 302 2219 18875 4477 3349 137 1128 3212 620 322 245 193 2592 139 2515 483 2032 112 1779 253 897 14398 1014 523 150 252
is_linear=0
shrinkage=0.03


Tree=17
num_leaves=63
num_cat=0
split_feature=10 14 21 13 12 15 11 13 13 3 1 4 13 21 3 10 21 13 12 21 4 2 6 4 12 1 6 3 2 1 21 15 2 0 0 9 13 15 2 21 2 1 21 9 21 6 6 21 1 3 3 3 4 1 2 2 21 21 6 4 13 6
split_gain=9506.75 411.992 384.891 186.612 133.784 111.098 100.845 54.0996 45.7528 43.6537 41.4365 19.5005 18.2197 33.6475 25.2144 17.3298 9.47291 17.8198 18.4174 9.06194 7.23253 5.52017 4.62801 3.94915 3.82495 4.92694 3.71381 3.53636 3.42272 5.25233 6.79187 5.33874 7.05524 3.3387 4.16501 2.5319 2.24165 5.95247 4.65123 2.45105 10.2123 2.26511 1.99417 3.38445 1.98257 3.44251 3.70026 2.02732 1.9813 1.88114 5.94917 1.80075 2.34598 1.76397 1.89732 1.69536 4.5252 3.1226 5.46575 6.20891 3.78277 2.45806
threshold=15.500000000000002 8.6782079256889961 0.036504684508943612 22.479600118490854 -110.38787840244748 2.9769537023127601e-07 -105.29322089751098 19.476696818100418 30.385524926017613 17.147342795953104 575.3950315833946 63.92336691343791 20.321102511702339 0.74963532101026853 10.282476514417402 4.5000000000000009 0.16606176382265053 30.64974934496593 -105.10842763685397 0.60633676217324661 -3.0653393556238293 5.5461968029671427 -0.065341727176542394 21.229882262432351 -124.63894669376059 94.745069440593113 0.0067044820829957894 43.196093409773901 3.6875539612022563 748.87465437165213 1.8255482672045453 5.6507794151629424e-09 5.3378627117996542 162.20101511018751 131.80286702323505 0.042433154842991712 24.217832785459411 5.1895215216655371e-09 5.507783060810076 0.45548851042320104 5.4806308093631548 1064.6260007940102 0.31128966559874655 0.24299078447396241 1.5960974473372302 -0.17573782361751797 -0.30625649418704265 1.3765480586631751 241.89743683700053 20.664316160378654 15.180246011363451 45.844513610989104 16.653093195873854 969.28967126211012 5.5256716121087788 4.8677255226320773 1.0477405343012103 0.83585823263001158 -0.046011023230189345 4.0976597876838303 27.020756974483238 0.18892496568109432
decision_type=2 2 8 2 2 2 2 2 2 2 2 2 2 8 2 2 8 2 2 8 2 2 2 2 2 2 2 2 2 2 8 2 2 2 2 2 2 2 2 8 2 2 8 2 8 2 2 8 2 2 2 2 2 2 2 2 8 8 2 2 2 2
left_child=2 -2 3 4 -1 -3 11 -6 -8 10 -10 27 13 14 -4 19 17 18 -14 22 -15 24 -16 -11 25 -18 -27 53 -22 33 31 -31 -33 34 -30 -35 37 38 41 40 42 49 -38 -44 45 46 -37 48 -47 50 -26 -23 -53 54 -5 56 61 58 59 -57 -60 -41
right_child=1 5 12 6 7 -7 8 -9 9 23 -12 -13 16 20 15 -17 21 -19 -20 -21 28 51 -24 -25 36 26 -28 -29 29 30 -32 32 -34 35 -36 44 39 -39 -40 55 -42 -43 43 -45 -46 47 -48 -49 -50 -51 -52 52 -54 -55 -56 57 -58 -59 60 -61 -62 -63
leaf_value=0.0059829936216811873 0.14274805734875171 0.18913120632359787 0.026786463048322728 -0.0026804000199498498 0.071578013972228835 0.25715488063322534 0.042270635514641587 0.036710827974602581 0.0044629314193018492 -0.0041788022556076094 0.038406343921242904 0.013584833505070384 0.00013546370139176195 0.0069459501590483398 -0.0012109732613487935 -0.0071062951786695291 -0.000655971698171056 -0.002499874785448177 0.025276961862119231 0.020915882105336469 -0.008962557909660971 -0.0036255057986090051 0.010990696145787036 0.0064809481427401412 -0.00099053723060762208 -0.016434155500527205 -0.005041032246149638 -0.0019524543519820207 -0.002557241340289779 -0.0017546194997917423 -0.0046521243230045698 0.017920483225204335 0.0020901031753815273 -0.0074712563016402873 0.0089858699195525232 -0.00071464209185381018 -0.0051947766087656593 -0.0030729531310113196 0.0091285961886580277 0.0054271982171424232 0.010671400144873631 0.0058579268976909054 0.0041016761642984215 -0.0042656935223853807 -0.0032296639673410027 -0.0013300334113850213 0.0094243548610159818 0.0013960136169096431 -0.0072789764942447705 -0.002144865438603242 0.0095097370501607652 -0.0018835243559019131 -0.0097125212492050628 -0.013924682940788047 -0.010550257737922947 -0.015122838555169958 -0.0024536736055959323 -0.0028254607628117458 0.0051854856498881842 -0.0054394457870638804 -0.0035434250193113674 -0.0019810174753746163
leaf_weight=73 94 58 59 50 85 73 68 83 51 55 89 50 54 86 50 73 66 236 50 50 59 6361 62 70 254 55 50 91 62 50 77 51 50 94 50 83 141 1071 50 106 62 50 80 93 832 106 52 82 96 369 59 54 97 52 63 76 1909 9123 50 275 365 64
leaf_count=73 94 58 59 50 85 73 68 83 51 55 89 50 54 86 50 73 66 236 50 50 59 6361 62 70 254 55 50 91 62 50 77 51 50 94 50 83 141 1071 50 106 62 50 80 93 832 106 52 82 96 369 59 54 97 52 63 76 1909 9123 50 275 365 64
internal_value=-3.11628e-05 0.193581 -0.00189794 0.0175674 0.0400089 0.228699 0.00905426 0.0546711 0.0204534 0.0147172 0.0261606 -0.00337695 -0.00263245 1.66536e-05 0.00941928 0.00496398 -0.0028976 0.00206482 0.0123483 0.0104133 -0.00149825 -0.0029785 0.00558101 0.00179472 -0.00264968 -0.0071009 -0.0111076 -0.00672977 -0.00191839 -0.00166657 0.00255943 0.00624326 0.010181 -0.00232918 0.00262985 -0.00274378 -0.00259557 -0.00162109 0.000368722 -0.00274171 -0.000355702 -0.000241267 -0.00255999 -0.000395054 -0.00238287 -0.000697725 0.00323133 -0.00257019 -0.00417918 -0.000696344 0.00101273 -0.0037035 -0.00694356 -0.0093369 -0.00712208 -0.00281663 -0.00203585 -0.00298055 -0.00482162 -0.00757314 -0.00248181 0.00264295
internal_weight=24449 225 24224 880 241 131 639 168 333 265 140 306 23344 2124 294 235 21220 340 104 162 1830 20880 112 125 14368 171 105 256 1744 1685 228 151 101 1457 112 1345 14197 1853 782 12344 376 732 314 173 1251 419 135 284 202 682 313 6512 151 165 113 11968 2079 9889 766 351 415 170
internal_count=24449 225 24224 880 241 131 639 168 333 265 140 306 23344 2124 294 235 21220 340 104 162 1830 20880 112 125 14368 171 105 256 1744 1685 228 151 101 1457 112 1345 14197 1853 782 12344 376 732 314 173 1251 419 135 284 202 682 313 6512 151 165 113 11968 2079 9889 766 351 415 170
is_linear=0
shrinkage=0.03


Tree=18
num_leaves=63
num_cat=0
split_feature=13 18 21 14 13 7 12 0 21 11 15 7 13 21 0 0 9 5 17 5 7 0 12 21 15 15 15 13 13 12 13 21 17 0 8 21 7 7 21 13 12 0 21 5 15 7 12 21 13 13 17 0 9 21 4 17 4 13 0 0 12 7
split_gain=8716.38 503.782 264.567 185.041 155.976 126.167 110.461 81.739 67.2361 22.9082 36.5547 22.8138 17.9691 62.1411 27.5701 43.6707 16.1177 15.102 9.58865 7.65129 7.59389 6.19957 5.11505 5.38385 8.45121 13.0632 4.79679 4.28432 4.19263 4.84589 5.95288 6.38156 6.59802 10.3479 2.92224 2.70836 2.55972 3.71978 2.4817 7.50055 20.8061 2.60916 2.58165 2.67612 2.48011 2.42904 2.18764 3.55378 4.01102 2.10753 3.72052 1.69385 2.06538 4.23359 1.35293 1.35074 1.95839 3.26262 2.18976 4.54125 1.88485 1.28941
threshold=7.9699423268201111 4.0529781731043021e-08 0.036504684508943612 8.6782079256889961 22.628141608743309 -0.049259201031921045 -113.22740267872798 280.83374092469603 0.0073127644711899059 -105.36135492007399 1.3461943677551455e-09 0.035538664890865775 19.798410162809187 0.74963532101026853 466.87115725032606 280.83374092469603 0.13050668522545819 32.224978683628713 1.0000000180025095e-35 -12.956303464419548 -0.17629458532958162 599.4040506938062 -119.62407104086817 1.7373798348813152 7.0187890875572345e-09 4.6508902482802745e-09 3.6979583851016829e-09 12.592107726904347 24.633071262190132 -106.37842076009848 20.022356632199294 0.74963532101026853 0.18298995596601955 316.96888070227459 0.022734345340898802 1.9271011176274553 0.075309247247047587 0.17987079847918433 0.45548851042320104 32.568517897323161 -99.665014180722039 560.95221260976871 0.41697579079349856 23.181119853832751 1.406017570291076e-08 0.14227376580280551 -96.54003762818148 3.2459548656395905 18.296829066588433 21.867235739784807 0.13685642920982452 410.70634320376155 0.06226370515924718 0.67863621118673711 -5.4256919558665988 2.6713522482931711 25.588854272247605 20.671958101968034 368.36657939568454 417.46004400843003 -100.38313267531647 0.47802174823053539
decision_type=2 2 8 2 2 2 2 2 8 2 2 2 2 8 2 2 2 2 2 2 2 2 2 10 2 2 2 2 2 2 2 8 2 2 2 10 2 2 8 2 2 2 8 2 2 2 2 8 2 2 2 2 2 8 2 2 2 2 2 2 2 2
left_child=1 -1 4 -3 6 -5 -2 -6 -8 17 16 -10 13 14 15 -4 -11 26 -17 -18 -21 28 27 24 25 -24 45 -15 29 -14 -31 32 33 -32 -33 44 -26 -38 39 40 -30 42 43 54 -25 -9 -37 48 -48 50 -23 61 53 -53 -41 56 -36 -58 60 -60 -59 -40
right_child=2 3 12 5 7 -7 8 9 11 10 -12 -13 21 22 -16 18 19 -19 -20 20 -22 49 23 35 36 -27 -28 -29 38 30 31 34 -34 -35 55 46 37 -39 51 41 -42 -43 -44 -45 -46 -47 47 -49 -50 -51 -52 52 -54 -55 -56 -57 57 58 59 -61 -62 -63
leaf_value=0.10965672929293574 -0.0013102073694712349 0.15335458507321098 0.0022709406136480459 0.18421496137238619 0.035551048446297778 0.25889003282746498 0.075139519515694281 -0.0066730689527137888 0.022042283428582683 -0.0094247888910373844 0.031362638028935998 0.048983313759995831 -0.0029348073977181451 -0.013861548144200986 -0.00097418452933575796 0.02224509727990474 -0.00095912794801680475 0.011495037117453578 0.041134032752878705 0.0048692830639461481 0.02113560731861475 -0.012961267911264257 -0.0037304210574005815 -0.011881473009976056 -0.0030856992501093255 0.013959866627713943 -0.014238004582972886 -0.0027582034729421137 -0.0027900925810847963 -0.0096847656041003961 -0.0006735632636149316 0.0049485081538943937 -0.0025645041667726326 0.014224487288046235 -0.0021842918028697209 -0.003046307547902939 0.0079697272081726365 -0.00121025515778031 -0.0025093323548296656 -0.0081976411411020331 0.020580707826591549 -0.0088829419175227419 0.0039238789033327918 0.001872989923431305 -0.0033365692160665411 0.00047289895663118879 0.010425548873129574 -0.0037674245939935355 -0.0012343170094702926 -0.0038988719267754146 -0.0024660096374573186 -0.012294767144098842 -0.0028875669433918172 -0.0038615835224024161 -0.0030152530645955267 -0.0045522448374419522 0.0059663178179754769 -0.0065931860587921049 0.0074328762993078534 -0.0012261907110545955 -0.0010310131899199868 -4.9463260749524285e-05
leaf_weight=75 55 54 71 52 77 66 54 114 66 61 52 53 1204 54 76 50 50 51 57 51 53 63 62 51 265 93 53 74 104 60 75 72 85 94 612 557 55 136 7298 52 50 52 60 95 77 68 50 88 55 2306 59 56 6887 970 339 100 76 66 80 166 305 197
leaf_count=75 55 54 71 52 77 66 54 114 66 61 52 53 1204 54 76 50 50 51 57 51 53 63 62 51 265 93 53 74 104 60 75 72 85 94 612 557 55 136 7298 52 50 52 60 95 77 68 50 88 55 2306 59 56 6887 970 339 100 76 66 80 166 305 197
internal_value=-1.19292e-05 0.176925 -0.0018336 0.205454 0.014519 0.227807 0.0357259 0.00679967 0.0474403 0.00273937 0.00904288 0.0343494 -0.00243241 0.000387706 0.014152 0.0205798 0.00352441 -0.00315639 0.0325951 0.00868135 0.0132812 -0.00267688 -0.00178182 -0.00128438 0.000877312 0.0069052 -0.00637129 -0.00751357 -0.0024956 -0.00146384 -0.000473899 -0.000149224 0.00423368 0.00764786 -0.000905307 -0.002788 -0.00118227 0.00146094 -0.00268672 -0.00100217 0.00488165 -0.00252303 -0.00190219 -0.00262804 -0.00680689 -0.00401515 -0.00209395 0.000656085 0.00436397 -0.00410547 -0.00794701 -0.00276886 -0.00307556 -0.0043334 -0.00372363 -0.0012086 -0.000949088 0.000143317 -0.000582434 0.00160846 -0.00203557 -0.00244469
internal_weight=24559 247 24312 172 858 118 228 630 173 553 267 119 23454 1871 254 178 215 286 107 154 104 21583 1617 1489 611 155 235 128 19155 2995 1791 1731 254 169 1477 878 456 191 16160 752 154 598 546 486 128 182 750 193 105 2428 122 15408 7913 1026 391 1405 1305 693 617 246 371 7495
internal_count=24559 247 24312 172 858 118 228 630 173 553 267 119 23454 1871 254 178 215 286 107 154 104 21583 1617 1489 611 155 235 128 19155 2995 1791 1731 254 169 1477 878 456 191 16160 752 154 598 546 486 128 182 750 193 105 2428 122 15408 7913 1026 391 1405 1305 693 617 246 371 7495
is_linear=0
shrinkage=0.03


Tree=19
num_leaves=63
num_cat=0
split_feature=13 14 20 13 2 11 15 13 4 3 0 21 3 21 15 3 20 11 13 20 21 11 4 11 11 3 20 21 13 5 13 20 3 15 2 5 2 21 3 5 3 5 6 13 6 21 19 21 20 11 9 9 5 5 5 20 13 4 4 20 21 21
split_gain=8022.31 540.813 308.395 304.081 188.478 117.631 103.323 61.2525 42.9477 32.3402 29.6549 27.5966 25.1388 9.2179 24.8936 37.3407 11.9961 9.19056 15.4684 8.12557 8.21776 5.94356 5.91775 5.73672 5.15405 4.36898 3.77398 15.5224 5.52089 3.59168 5.29364 3.43755 2.91198 2.65704 2.46412 2.29644 2.26948 2.24934 2.17977 2.05633 3.78047 2.0272 1.7612 1.75492 1.64093 2.86404 2.90219 1.82883 3.07575 2.08153 2.04422 1.64806 2.58598 1.99612 2.64948 4.00758 1.66048 2.04121 1.52479 1.4739 1.71398 1.43552
threshold=7.9699423268201111 8.6782079256889961 2.0039493990201902 23.931513161394722 4.8677255226320773 -109.51349554935898 4.7287004384924028e-07 19.798410162809187 67.483766396678462 3.3135101783186802 262.99895113538054 0.67863621118673711 21.827867090655904 0.31128966559874655 2.5501267231342875e-09 12.464775634783001 53.470893917206801 -103.30727322901998 33.718879138184022 0.57266716634020465 0.036504684508943612 -124.09794377116648 69.587337560233962 -96.890280083976293 -91.634043486032738 17.147342795953104 8.3239899629552365 0.57413215796177408 20.321102511702339 6.8775227966325483 17.071458040633818 62.346673599554506 21.462984176492352 4.369792728886538e-09 5.1254932224425565 5.5184177968844006 3.3409260858979981 0.83585823263001158 37.146371826810459 -1.0487245468925506 29.267024470069256 28.628885984338904 -0.072645141978559633 11.215816160376294 -0.22742655134542453 0.49720573738700752 3.5000000000000004 4.2075361349111562 115.24981516699802 -119.07351551162948 0.36853420016226718 0.010233352458653757 -15.998676321961097 -22.181823697473366 -24.227834774628686 46.917081914271108 22.693676491647086 18.942461524096853 40.17549939390171 5.5877510692802952 1.748800870262585 0.025924569724350303
decision_type=2 2 8 2 2 2 2 2 2 2 2 8 2 8 2 2 8 2 2 8 8 2 2 2 2 2 8 8 2 2 2 10 2 2 2 2 2 8 2 2 2 2 2 2 2 8 2 8 10 2 2 2 2 2 2 8 2 2 2 8 8 8
left_child=1 6 3 5 -3 8 -1 12 -2 -5 -11 25 -7 14 24 -16 -17 22 -19 20 23 29 38 -20 41 -9 27 -23 -29 31 -31 -15 -21 37 36 -35 -28 -30 42 59 -41 -4 -12 -38 45 46 -36 49 -49 50 -46 52 -51 54 -53 -56 57 -55 -18 60 -39 -44
right_child=2 4 13 9 -6 7 -8 11 -10 10 17 -13 -14 21 15 16 58 18 19 32 -22 26 -24 -25 -26 -27 34 28 33 30 -32 -33 -34 35 44 -37 43 39 -40 40 -42 -43 61 -45 47 -47 -48 48 -50 51 -52 53 -54 56 55 -57 -58 -59 -60 -61 -62 -63
leaf_value=0.085885681915082376 -0.0072570243882744204 0.15695212337462339 -0.0027298551682790142 0.020976229738529271 0.23857519314212855 0.04659540729683613 0.14648642071793155 0.046035739446265829 0.029080159162335535 0.019414516983274368 -0.0092170656253583727 0.01196206243818297 0.074566269250292513 -0.0145946936297114 0.031081391820574504 0.0112692868636428 0.00047310601076881942 0.01506687748613051 0.002956267942420461 -0.0091115517717749849 -0.0032389115334513622 0.013422396274247603 0.006527627894161816 0.017053363574668766 -0.010439030752331017 0.0316704044620005 -0.0071220052102986767 0.0050261885263690994 -0.0079504294008673985 -0.01164766518618254 0.0002073314522995668 -0.0051457575972263629 -0.00054993677206392234 -0.0033057958704885092 -0.012628672817682532 -0.011352729114280504 0.0033437588177484402 -0.0080565106662106693 -0.0017222169817242277 -0.0020943505033744567 0.0056935085052752807 0.0029547115314948877 -0.0077553032111715194 -0.0022559803452815055 -0.0040769650789280959 -0.0033876257032750766 -0.0036104015548314365 -0.0023688414280520686 0.0034554405416149943 -0.011298270885832608 -0.010969966151996661 -0.0023867770414935313 -0.0032326128900372888 0.002249607341664159 0.0076795043788133038 -0.0019602613066000722 -0.003404999124015911 -0.0025043326587440239 -0.0060475702867591507 -0.00043908360769580069 -0.0019593490138806904 -0.0015398848974357612
leaf_weight=54 68 50 436 81 85 79 61 53 50 74 99 50 56 79 50 84 57 77 54 76 73 63 50 50 74 51 85 90 50 50 101 64 67 79 61 54 50 79 172 157 86 64 54 5411 128 4013 69 3048 83 54 56 1310 106 87 61 103 5044 1101 73 113 88 87
leaf_count=54 68 50 436 81 85 79 61 53 50 74 99 50 56 79 50 84 57 77 54 76 73 63 50 50 74 51 85 90 50 50 101 64 67 79 61 54 50 79 172 157 86 64 54 5411 128 4013 69 3048 83 54 56 1310 106 87 61 103 5044 1101 73 113 88 87
internal_value=-2.84111e-05 0.168637 -0.00184045 0.0117154 0.209721 0.0335861 0.119016 0.0438647 0.00825507 0.00291253 0.00132352 0.0305991 0.0586611 -0.00268353 0.000404222 0.00801117 0.00250144 -0.000255726 0.00308761 0.000167139 0.00445302 -0.00280104 -0.00312914 0.00983158 -0.00310229 0.0393599 -0.00274345 -0.000793546 -0.00193411 -0.00703367 -0.00376897 -0.0104309 -0.00513184 -0.00282725 -0.00282366 -0.00663331 -0.00228075 -0.0019338 -0.00431405 -0.00134452 0.000673885 -0.00199779 -0.00615667 -0.00220411 -0.00301999 -0.00353128 -0.00790615 -0.00283023 -0.00221339 -0.00306985 -0.00622279 -0.00299531 -0.00600804 -0.00293199 -0.00193682 0.00165007 -0.00316702 -0.00215459 -0.00320672 -0.00309238 -0.00487442 -0.00395811
internal_weight=24532 250 24282 1421 135 407 115 289 118 1014 933 154 135 22861 838 264 214 859 397 320 177 22023 462 104 574 104 21729 859 796 294 151 143 143 706 20870 133 5546 573 412 523 243 500 240 5461 15324 4143 130 11181 3131 8050 184 7866 160 7706 1474 164 6232 1188 130 280 167 141
internal_count=24532 250 24282 1421 135 407 115 289 118 1014 933 154 135 22861 838 264 214 859 397 320 177 22023 462 104 574 104 21729 859 796 294 151 143 143 706 20870 133 5546 573 412 523 243 500 240 5461 15324 4143 130 11181 3131 8050 184 7866 160 7706 1474 164 6232 1188 130 280 167 141
is_linear=0
shrinkage=0.03


Tree=20
num_leaves=63
num_cat=0
split_feature=10 20 19 4 4 10 1 20 3 7 1 11 11 20 7 9 8 7 5 20 0 0 19 10 11 9 7 7 11 20 9 8 0 1 6 20 0 17 5 0 20 19 1 7 4 8 6 3 7 3 4 10 11 1 10 6 8 20 19 17 19 3
split_gain=8152.88 317.022 146.668 211.133 172.286 119.953 100.534 69.4077 64.3155 42.0096 48.8899 33.6293 28.3283 28.9768 35.3679 12.9665 9.55628 7.97467 7.85138 6.0408 21.1353 6.02219 10.6529 5.41243 5.22613 3.62987 3.58584 5.19734 4.45199 3.44004 3.43576 3.14786 2.61076 2.60556 11.3509 5.36388 3.82106 2.40713 2.42395 2.35705 2.40679 10.0725 2.34138 3.18821 2.28563 2.2234 4.55441 2.46523 3.09747 2.29452 2.08847 1.89998 1.61322 2.84033 8.31719 14.2868 1.51375 1.48351 14.0083 1.74878 1.85513 1.49214
threshold=15.500000000000002 2.0039493990201902 3.5000000000000004 18.604485620604454 17.255626476850356 2.5000000000000004 498.6201508432776 2.4225234403102557e-13 15.555530749449902 0.062818733012487207 449.77557958968652 -109.41609090520699 -111.70004647075699 0.99319722208100114 -0.0084979542053988926 0.23067818385874531 0.063702697436820388 0.35710494060606163 35.336230407455659 6.6321986571914104 241.47293370837653 412.17225985602806 2.5000000000000004 6.5000000000000009 -119.07351551162948 0.14975215922042742 0.035538664890865775 0.27246464047947333 -110.23137678525698 18.823518534816454 0.22507583427481584 0.037905583884139567 367.03702681209307 929.54083285078661 -0.44590936386040431 13.714036656288203 191.96997288032955 0.27487305215577768 50.518695698921405 494.56253337425954 11.243684383646352 2.5000000000000004 530.77699346608404 -0.17629458532958162 25.863488683925002 0.20384407386558581 -0.14122001611844401 14.431971690585902 -0.013410649569713494 25.237102629808906 65.763208317948468 3.5000000000000004 -105.05130140008499 13.672562619914801 1.5000000000000002 -0.14534292750549757 0.32067872663398816 21.804030587500304 2.5000000000000004 1.2725589238375596 4.5000000000000009 31.862691400158702
decision_type=2 8 2 2 2 2 2 8 2 2 2 2 2 8 2 2 2 2 2 8 2 2 2 2 2 2 2 2 2 8 2 2 2 2 2 8 2 2 2 2 8 2 2 2 2 2 2 2 2 2 2 2 2 2 2 2 2 8 2 2 2 2
left_child=1 5 3 -2 -4 8 11 -8 9 10 -1 -7 -9 14 -14 -13 -10 -11 25 20 -3 22 -22 24 29 -18 28 -28 -23 -21 -27 -31 -24 39 -35 -36 -37 38 50 40 41 -26 43 -43 -30 46 -38 -47 49 -49 -33 -48 -42 54 -54 -56 -45 58 -41 60 61 -60
right_child=2 19 4 -5 -6 6 7 12 16 17 -12 15 13 -15 -16 -17 18 -19 -20 23 21 26 32 -25 33 30 27 -29 44 31 -32 37 -34 34 35 36 45 -39 -40 57 52 42 -44 56 -46 47 51 48 -50 -51 -52 -53 53 -55 55 -57 -58 -59 59 -61 -62 -63
leaf_value=0.0048752659014713448 0.093682165577864407 0.016834757388832288 0.23916206553103761 0.18223090287501162 0.1633638484978808 -0.0060017578517157664 0.066316687781901029 0.007510300746927147 0.0092362580518238237 0.0099232927594137821 0.039783507711812854 0.0069566719379212895 0.0050500958521539968 0.048057679659435276 0.036756924402754514 0.026118340620209703 -0.0080953786632148757 -0.0046240813745502037 0.0072058252342490116 -0.012210370033499202 0.014273004442444429 -0.011639954327973863 -0.003206591866648113 -0.012461276867372148 0.011031785137338808 0.0043399919053448031 0.0042380867229736188 -0.00553336715636154 -0.0071389076342096638 -0.010469924196404464 -0.003662881698033946 -0.0031598937214068665 0.0040160872499373822 0.009693368359140175 -0.01378856200920908 -0.0093650715920831195 0.0066523025327307334 -0.0087719445739639912 0.0010453074233661784 -0.019088356734274333 -0.0027941008583560988 0.0012103433437889144 0.0037963104316602564 -0.0032465001805864562 0.00058186413445086632 -0.0093487277991933671 -0.004511697176052481 0.0038523481289291237 -0.0065358017364818321 -0.0034032622245563702 -0.0081575331081757737 0.0013810413634547821 -0.0024666883194324634 -0.0022245119483366035 0.018960598527851022 -0.0009042684203410357 -0.0087471902308801953 -0.0027982598138973527 -0.00308033407233914 0.0016394119967634859 -0.0056868071437662857 0.0020180997760185309
leaf_weight=57 51 61 51 54 92 91 51 50 73 94 99 58 53 73 79 72 126 52 66 55 51 85 141 50 62 60 96 98 62 71 232 433 65 50 56 114 50 79 100 52 4549 106 53 129 76 88 207 60 172 109 91 64 320 7735 50 90 70 6483 316 64 228 61
leaf_count=57 51 61 51 54 92 91 51 50 73 94 99 58 53 73 79 72 126 52 66 55 51 85 141 50 62 60 96 98 62 71 232 433 65 50 56 114 50 79 100 52 4549 106 53 129 76 88 207 60 172 109 91 64 320 7735 50 90 70 6483 316 64 228 61
internal_value=-4.84316e-05 -0.00176217 0.170777 0.140511 0.19187 0.0121659 0.0234203 0.034531 0.00524209 0.0163655 0.0271409 0.00795009 0.0279397 0.0328618 0.0241598 0.0176877 -0.00080744 0.00474583 -0.00233822 -0.00260374 7.19895e-05 -0.00146781 0.00213923 -0.00269226 -0.00266966 -0.00385877 -0.00369065 -0.000701071 -0.00627671 -0.00500685 -0.00200926 -0.00447987 -0.000919199 -0.00257863 -0.00409893 -0.00485823 -0.00426414 -0.00386089 -0.0032261 -0.00250603 -0.00226682 -3.22698e-05 -0.00197378 -0.00298558 -0.00291329 -0.00347736 -0.00158198 -0.0048886 -0.00371362 -0.000819798 -0.00404169 -0.00312009 -0.00234045 -0.00208833 0.000201508 0.00627448 -0.00521548 -0.00294277 -0.00423649 -0.00305531 -0.00355383 -0.00225223
internal_weight=24586 24338 248 105 143 1386 527 306 859 302 156 221 255 205 132 130 557 146 484 22952 735 674 257 22217 22167 418 417 194 223 829 292 774 206 21338 970 920 864 703 624 20368 13164 420 358 305 138 750 321 429 341 169 524 271 12744 8195 460 140 199 7204 721 669 605 377
internal_count=24586 24338 248 105 143 1386 527 306 859 302 156 221 255 205 132 130 557 146 484 22952 735 674 257 22217 22167 418 417 194 223 829 292 774 206 21338 970 920 864 703 624 20368 13164 420 358 305 138 750 321 429 341 169 524 271 12744 8195 460 140 199 7204 721 669 605 377
is_linear=0
shrinkage=0.03


Tree=21
num_leaves=63
num_cat=0
split_feature=10 14 20 13 7 11 21 11 21 21 2 7 11 1 5 13 21 1 20 13 21 21 11 21 13 11 15 5 20 21 7 1 2 2 21 13 20 15 1 21 13 11 20 1 13 13 21 5 5 9 6 1 20 11 13 11 1 20 20 21 6 6
split_gain=7802.74 321.294 312.189 279.506 113.161 103.031 57.9881 78.4261 44.8223 40.9724 52.7632 31.6265 21.8054 16.015 14.7007 11.4229 20.134 6.91251 6.11538 28.9665 11.9841 8.19558 16.2899 7.66417 9.7463 4.57575 7.97951 9.18518 4.39968 11.8232 4.11746 3.54831 2.83201 3.59162 6.04283 3.46923 2.69887 2.30881 14.2775 4.25793 4.56625 2.38907 4.38882 2.38557 2.38226 4.63209 3.0339 2.29802 2.50254 2.13628 1.99676 1.96825 2.03113 1.92516 1.75893 2.48165 1.68208 1.49638 1.47576 2.01317 1.8422 1.9495
threshold=15.500000000000002 8.6782079256889961 2.0039493990201902 20.671958101968034 -0.025246661063717198 -113.45385878551598 0.036504684508943612 -105.29322089751098 1.1148033488366302 0.0073127644711899059 5.4006677048438023 -0.0084979542053988926 -96.193187986637597 865.47141884479663 31.824453577230653 27.88045940317706 1.3096377848637453 837.13169250595308 6.1661304709809501 18.296829066588433 0.059577513970665803 0.57413215796177408 -107.0853463868405 0.13122009026230202 24.928813636336304 -107.50313723345599 3.4679326804210185e-08 30.932807372952702 24.095389148941354 0.59057975471497359 0.16901005135764183 694.82134996410412 5.5350522894081573 5.5225920286743735 1.1603138738223804 20.394043081508624 75.046621891925454 3.0140448538313314e-09 10.964348018822653 0.67863621118673711 22.744095587374527 -103.88742417018948 11.243684383646352 929.54083285078661 18.035587566945633 19.00981396144774 1.8120336287611702 13.331396269741953 27.051227337923152 0.36853420016226718 0.0067044820829957894 799.72176871691261 88.326010283385713 -119.07351551162948 13.014440456919987 -120.64838531684948 909.82836450838306 75.723465333984365 3.1176223902685902 1.6284013015673602 -0.37497791051143708 -0.19584008465099731
decision_type=2 2 8 2 2 2 8 2 8 8 2 2 2 2 2 2 8 2 8 2 8 8 2 8 2 2 2 2 8 8 2 2 2 2 8 2 10 2 2 8 2 2 8 2 2 2 10 2 2 2 2 2 8 2 2 2 2 8 8 8 2 2
left_child=2 -2 3 5 -3 -1 7 14 11 17 12 -7 -11 -14 30 16 -8 -9 19 -4 -20 22 -21 24 -22 28 32 -28 29 -25 50 53 33 36 -35 -34 37 41 -39 40 -40 42 -27 -43 -41 -46 -47 -48 -49 -26 -5 52 -38 -31 55 -30 -17 -36 59 -23 -60 -62
right_child=1 4 18 6 -6 8 15 9 -10 10 -12 -13 13 -15 -16 56 -18 -19 20 21 23 58 -24 25 49 26 27 -29 54 31 -32 -33 35 34 57 -37 51 38 39 44 -42 43 -44 -45 45 46 47 48 -50 -51 -52 -53 -54 -55 -56 -57 -58 -59 60 -61 61 -63
leaf_value=0.0030335288677932849 0.12641101610901601 0.16441745668480343 0.021902096187863766 -0.01167220256773362 0.22769543332145792 0.041039388040413287 0.018929055126303863 -0.002431216811949112 0.022632081138256651 0.0083788507059617927 0.054115603094687686 0.067966357732750712 0.01609281909609904 0.038205199737463204 0.012963861888632751 -0.0031307333869272434 -0.0044798552176468324 0.012268477773568669 -0.014723570588697232 -0.0034678081130780475 0.013245520599980335 -0.01007517049236125 0.018344945239044206 -0.017055387677134121 -0.0027698145030687249 0.00781677618431037 0.014670904409140349 -0.0014936905133525853 -0.011193698514252901 -0.0079208085383288551 0.0016245223547438862 -0.010117482381756417 0.0032736325030064462 0.010663352990479049 0.0021131742069899866 -0.0031794513708779566 -0.0041363861046882187 0.014183743202714011 0.010949896781513577 -0.005953770715184094 -0.0017160487917807095 -0.0022021656461254516 -0.0011925337875589416 -0.0059818287423919316 0.0073852232841846461 -0.0034177546855062245 -0.0012070185635962242 0.0083690643102317212 -0.00063897294434324154 0.0045082793779232921 -0.0044052238923569138 -0.0048373523896783075 -0.0021501221495627285 -0.0030085870043369644 -0.0027553249228875103 -0.0032302468442180982 -0.0080609767732827305 -0.0040460702613625043 -0.0074281976174782301 -0.0025479977656964604 0.0037074975555678345 -0.0023535484402557759
leaf_weight=58 101 65 51 63 75 83 59 54 51 86 51 89 57 66 51 344 73 60 71 75 60 56 51 67 125 50 53 76 53 79 60 79 76 52 65 3215 576 55 50 111 51 4409 1065 155 51 517 411 52 58 50 77 378 2394 751 6850 105 76 76 50 75 57 271
leaf_count=58 101 65 51 63 75 83 59 54 51 86 51 89 57 66 51 344 73 60 71 75 60 56 51 67 125 50 53 76 53 79 60 79 76 52 65 3215 576 55 50 111 51 4409 1065 155 51 517 411 52 58 50 77 378 2394 751 6850 105 76 76 50 75 57 271
internal_value=-1.63883e-05 0.169629 -0.00156017 0.0118964 0.199691 0.0387239 0.00546417 0.0117146 0.0479516 0.020402 0.0269583 0.0552849 0.0201052 0.0281704 -0.00125957 -0.00162127 0.00604687 0.00534487 -0.00241472 0.000374661 -0.0025006 -0.00138603 0.00543609 -0.00246087 0.00291908 -0.00251852 -0.00219124 0.00520934 -0.00309191 -0.00497982 -0.004933 -0.004072 -0.00226045 -0.00202089 0.00202618 -0.00302948 -0.0020963 -0.00176214 -0.000649314 -0.0012868 0.0046001 -0.00202769 -0.000781887 -0.00233181 -0.00178569 -0.00135578 -0.00179194 -0.000175154 0.00365641 -0.000676559 -0.00773495 -0.00279773 -0.0025366 -0.0034851 -0.00282831 -0.00595513 -0.0040399 -0.00121182 -0.00308216 -0.00581767 -0.00212129 -0.00129219
internal_weight=24671 241 24430 1458 140 281 1177 625 223 374 260 172 209 123 251 552 132 114 22972 686 22286 635 126 22215 235 21980 13996 129 7984 976 200 909 13867 10576 193 3291 10383 7035 1356 1301 101 5679 1115 4564 1200 1089 1038 521 110 175 140 3348 2970 830 7008 158 420 141 509 131 378 328
internal_count=24671 241 24430 1458 140 281 1177 625 223 374 260 172 209 123 251 552 132 114 22972 686 22286 635 126 22215 235 21980 13996 129 7984 976 200 909 13867 10576 193 3291 10383 7035 1356 1301 101 5679 1115 4564 1200 1089 1038 521 110 175 140 3348 2970 830 7008 158 420 141 509 131 378 328
is_linear=0
shrinkage=0.03


Tree=22
num_leaves=63
num_cat=0
split_feature=10 20 14 10 20 15 19 2 8 3 1 15 2 7 2 1 8 20 2 19 7 9 12 20 0 0 0 12 15 17 20 19 7 2 12 8 9 20 1 1 12 2 8 19 7 2 19 1 12 3 1 3 1 7 20 1 20 1 2 20 1 7
split_gain=7472.7 336.759 332.731 177.099 121.306 116.36 80.9465 80.9623 55.0945 41.489 42.2076 38.3314 37.0402 32.0003 13.9514 10.5564 5.93164 4.46008 16.3764 6.42087 13.0675 4.13444 3.1727 4.90128 2.52459 2.6214 2.30854 4.07237 4.836 2.29349 2.19508 6.47942 2.67326 2.17631 6.61325 2.62498 1.73372 3.28601 4.75459 2.1116 1.56768 2.05 2.01368 1.38821 1.7714 1.30749 1.28016 1.35501 1.24942 4.3726 2.0751 4.45667 3.95697 1.95003 1.69612 6.05033 1.62909 1.48499 3.04615 2.71184 2.43189 1.21168
threshold=14.500000000000002 2.0039493990201902 8.6782079256889961 2.5000000000000004 2.4225234403102557e-13 2.9769537023127601e-07 2.5000000000000004 5.5662702005478595 0.21474313314631613 17.728859201322056 1116.9517526598602 1.8648429998992615e-09 5.3378627117996542 0.035538664890865775 5.3283559555084734 659.90267568991055 0.071293583550080322 6.6321986571914104 4.79361020996474 2.5000000000000004 -1.0000000180025095e-35 0.2793137475049719 -119.14471173462414 21.321719164710004 56.4905538282188 471.92646392227158 466.87115725032606 -106.12707172905148 7.9409338805090669e-23 0.27487305215577768 10.811646786697301 2.5000000000000004 0.32153431878790611 5.3943475127872427 -102.17728644623527 0.23887830129059953 0.064389512648560313 32.845560383311103 395.5841383394216 1142.6428715872551 -103.37775745311698 5.1429865684079372 0.27962085186491953 3.5000000000000004 -0.081625886896514274 5.2784256303558168 3.5000000000000004 233.16861849404401 -98.623735676568785 53.174083995775455 1038.9999484889952 24.664102095761354 894.48356307821007 0.047838146382581222 32.450017059191808 679.62119646846861 65.900297070817871 909.82836450838306 4.9286018101705933 50.542206203992912 1015.5159270254002 -0.48744233270587672
decision_type=2 8 2 2 8 2 2 2 2 2 2 2 2 2 2 2 2 8 2 2 2 2 2 8 2 2 2 2 2 2 8 2 2 2 2 2 2 8 2 2 2 2 2 2 2 2 2 2 2 2 2 2 2 2 8 2 10 2 2 8 2 2
left_child=1 3 8 9 -5 -4 7 11 -2 10 14 -6 13 -13 15 -1 -11 18 -3 20 -20 -16 23 -19 -24 26 30 -28 -29 43 31 -26 46 34 -18 -36 37 38 -27 -38 -21 -42 -43 -25 -45 -46 -33 -48 50 57 52 -52 54 -54 55 -32 -51 61 60 -60 -59 -50
right_child=2 17 5 4 6 -7 -8 -9 -10 16 -12 12 -14 -15 21 -17 33 22 19 40 -22 -23 24 29 25 36 27 28 -30 -31 48 32 -34 -35 35 -37 39 -39 -40 -41 41 42 -44 44 45 -47 47 -49 49 56 51 -53 53 -55 -56 -57 -58 58 59 -61 -62 -63
leaf_value=0.0066875315042787785 0.1504207528796461 0.014808760332783348 0.16125240635659011 0.062067771693565761 0.011672353854979764 0.2286700108002972 -0.0065966034931323782 -0.0061506554007656495 0.10160957792640796 0.0069143900176277381 0.033478548470352379 0.031559809851239906 0.02285520820096135 0.059696143060580388 -0.0062507541815481947 0.022743677163586738 0.0061279736868269045 -0.012141490206069482 -0.004606770217917994 -0.0043734933567384643 0.0123413410866245 0.0050790549133365092 -0.0072384966834135867 -0.0020750646276831027 0.0073019367518369601 -0.0039165926456827529 -0.0029914940470384794 -0.00056543495420268493 0.011020128060328333 -0.0086157201316106966 -0.0042090437156522926 0.0031292292298749089 -0.0081228736700173811 -0.0038296554607906898 0.00062883214093744754 -0.00816364899385787 -0.0026470744499743582 -0.0030943342063831547 -0.013675402340080056 0.002231240624010011 -0.0051975314590298307 -0.0016571013388692222 0.0057760247804869245 -0.0017432232281822547 -0.0045212811479074374 -0.010730315038152704 -0.0044498217072818551 0.00075143440023318615 -0.005818486175763503 0.00047179771176375013 0.0056495803569227322 -0.004523035033295552 -0.004107939064054965 -0.011704854267481409 -0.0022410090161967939 0.0044347373614436946 0.0081023496186689425 -0.01188189075598581 0.0047227116027433007 -0.0036507657059225997 -0.0042669817386777132 -0.001778100820728883
leaf_weight=94 53 60 55 73 66 73 81 58 55 79 69 73 99 82 58 61 96 65 82 313 80 56 95 451 86 129 133 75 56 73 969 59 52 250 54 69 7551 890 69 80 69 88 51 90 73 55 92 87 67 50 83 71 64 60 5447 78 50 52 53 97 139 4593
leaf_count=94 53 60 55 73 66 73 81 58 55 79 69 73 99 82 58 61 96 65 82 313 80 56 95 451 86 129 133 75 56 73 969 59 52 250 54 69 7551 890 69 80 69 88 51 90 73 55 92 87 67 50 83 71 64 60 5447 78 50 52 53 97 139 4593
internal_value=-7.5059e-06 -0.00149235 0.167783 0.0126893 0.0263546 0.201176 0.0205521 0.0263717 0.126723 0.00446346 0.0127128 0.0322672 0.0375519 0.0467321 0.00728198 0.0131117 -0.000638522 -0.00237189 -8.54997e-05 -0.00141366 0.00378703 -0.000689464 -0.00244864 -0.00429571 -0.00237855 -0.00235646 -0.00207777 0.000695525 0.00443314 -0.003593 -0.0021376 0.00011884 -0.00202909 -0.00192277 0.000261563 -0.00432959 -0.00275613 -0.00387832 -0.00736902 -0.00259565 -0.00303493 -0.00100936 0.00109194 -0.00303289 -0.00499592 -0.00725172 -0.000669261 -0.00193171 -0.00220906 -0.00185355 -0.00247653 0.000960685 -0.00255665 -0.0078481 -0.00245442 -0.00356148 0.00432952 -0.00197803 -0.0038885 -0.000680454 -0.00639124 -0.00183743
internal_weight=24531 24295 236 1418 532 128 459 378 108 886 338 320 254 155 269 155 548 22877 743 683 162 114 22134 807 21327 21232 12513 264 131 742 12249 376 290 469 219 123 8719 1088 198 7631 521 208 139 669 218 128 238 179 11873 5101 6772 154 6618 124 6494 1047 100 5001 341 150 191 4660
internal_count=24531 24295 236 1418 532 128 459 378 108 886 338 320 254 155 269 155 548 22877 743 683 162 114 22134 807 21327 21232 12513 264 131 742 12249 376 290 469 219 123 8719 1088 198 7631 521 208 139 669 218 128 238 179 11873 5101 6772 154 6618 124 6494 1047 100 5001 341 150 191 4660
is_linear=0
shrinkage=0.03


Tree=23
num_leaves=63
num_cat=0
split_feature=16 20 14 5 15 11 21 5 21 21 11 2 1 15 20 9 11 21 16 7 11 9 9 20 20 15 8 7 2 20 21 2 5 11 7 1 9 8 21 20 20 11 1 11 8 2 20 15 8 9 8 2 7 8 20 5 5 5 11 15 20 7
split_gain=6706.18 313.237 170.08 202.414 114.039 112.845 91.224 74.6252 40.8341 36.6571 38.9861 40.5091 35.9614 42.51 18.5826 16.3797 15.1405 12.5818 20.6714 10.6944 15.5778 9.27463 8.1098 11.2653 9.61406 11.2215 12.4216 8.04672 5.65968 5.052 14.886 3.56251 3.55365 3.33152 3.40267 3.20121 2.9773 3.34792 2.92563 20.6406 2.90413 2.82583 2.71771 3.33339 2.41657 2.36825 4.20589 3.59264 2.23841 2.20396 2.18242 2.0964 2.08405 1.90877 3.44865 1.87252 1.75772 1.6336 3.29148 2.93992 1.57932 1.48701
threshold=28.035921372148071 1.7925050432673102 8.6782079256889961 26.293846102643656 7.2305518765730566e-10 -104.41790573387247 1.3096377848637453 29.448304395844954 0.036504684508943612 0.0073127644711899059 -106.76511004746149 5.2599582374200571 391.12903366330653 3.4653437748354766e-09 0.47894238492311508 0.22689877030944763 -95.241434089841945 0.41697579079349856 5.5016458875495813 0.011581815072471803 -110.02573496114398 0.026471048186454741 0.11423570509670357 27.967344684326452 145.80098911164103 7.6854153507230649e-09 0.43580378913887735 0.0079588773409069464 5.3143296503260098 16.267337256559554 0.60633676217324661 3.3409260858979981 28.628885984338904 -113.79855000329799 0.33784017983621656 16.348386662516806 0.048656043765103803 0.29856457821189381 0.73844146778914566 12.347912724316052 68.959837097376067 -110.02573496114398 929.54083285078661 -104.32999997621349 0.46334117244144585 4.6765526330624505 9.831486006680473 3.4679326804210185e-08 0.20919788424864019 0.07890427375738264 0.11814439285938284 5.7434012626632596 -0.45451177793344749 0.17076995654380647 70.245115469862512 -4.3099213126764999 42.66620902526936 13.699218255131351 -111.58791055655648 4.035025861196013e-09 39.299303542675609 0.16094386313324985
decision_type=2 8 2 2 2 2 8 2 8 8 2 2 2 2 8 2 2 8 2 2 2 2 2 8 8 2 2 2 2 8 8 2 2 2 2 2 2 2 8 8 8 2 2 2 2 2 8 2 2 2 2 2 2 2 8 2 2 2 2 2 8 2
left_child=1 4 -2 -4 8 7 12 19 9 27 -11 16 -7 15 -9 -14 -12 18 21 55 -21 -3 23 -23 25 26 32 -1 31 30 -30 -19 41 34 35 -33 37 -32 39 -35 -25 -24 45 -44 -37 46 -40 52 -10 -38 -45 57 -48 54 -43 -6 -36 58 -51 -59 -55 -52
right_child=2 17 3 -5 5 6 -8 14 48 10 11 -13 13 -15 -16 -17 -18 28 -20 20 -22 22 24 40 -26 -27 -28 -29 29 -31 36 33 -34 38 56 44 49 -39 42 -41 -42 53 43 50 -46 -47 47 -49 -50 51 61 -53 -54 60 -56 -57 -58 59 -60 -61 -62 -63
leaf_value=0.0069280770117422273 0.1273071540147066 0.011453905292185261 0.21373909430257204 0.13176213309168813 -0.012286348044872284 0.020350156758034317 0.0047686854790743079 0.041621253401422025 -0.00029835555455739923 -0.0020085182341492988 0.0010751304808346662 0.042218844518395818 0.023349976319945058 0.065908868822166913 0.016570570761043773 0.047364470839500426 0.023206941184332773 -0.0076631289690749331 0.017321497413613541 -0.0050450458354698345 0.017443124235552897 -0.018327436881641356 -0.0068074181360694075 0.0035137832237200602 -0.0075630680449308464 0.012944878442309952 0.011696321556989389 -0.0071077073690851761 -0.018292505406320939 -0.0026896772109117669 -0.0037781655890423622 -0.0099208658654242748 0.0046437779639381914 0.018481698114067583 -0.0052727600697960175 -0.0026556394465877204 0.0019366815830157559 -0.014240934571579975 0.0073995083895064644 -0.0017244858118663233 -0.0052228717849728589 0.0056538154929605591 0.002592404059627477 -0.010710830943038065 0.003393534641999465 -0.0019276973115925776 -0.0069857681638354234 0.0066818223032815791 -0.0051536946159719613 -0.010677433585660765 -0.0057757584436330944 -0.0090525939741304944 -0.00097105513094947833 -0.0062374985964381941 -0.0036768723477716325 -0.0040770539880361197 -0.011833187129724627 0.001063689241418615 -0.0034501931977591344 -0.0054299732048691497 -0.0010151074235453398 2.4923106486147101e-07
leaf_weight=65 89 57 86 50 50 51 72 54 150 65 50 73 51 81 56 59 62 95 63 60 50 51 90 53 116 71 77 82 68 11164 62 50 83 51 139 711 65 50 56 363 93 85 50 62 64 6143 53 53 198 63 155 62 1325 72 60 52 51 165 525 100 184 54
leaf_count=65 89 57 86 50 50 51 72 54 150 65 50 73 51 81 56 59 62 95 63 60 50 51 90 53 116 71 77 82 68 11164 62 50 83 51 139 711 65 50 56 363 93 85 50 62 64 6143 53 53 198 63 155 62 1325 72 60 52 51 165 525 100 184 54
internal_value=5.54231e-06 -0.00146525 0.162712 0.184782 0.0124059 0.0217265 0.0344981 0.00920389 0.00443053 0.0109945 0.0179622 0.024952 0.0432873 0.0492739 0.0291324 0.0365411 0.0134236 -0.0023003 0.000750471 -0.00122458 0.00524191 -0.000220523 -0.000873898 -0.00633451 0.000415822 0.00170644 0.000462764 -0.000896531 -0.00246197 -0.00288594 -0.00477089 -0.00191026 -0.0010619 -0.00185119 -0.00347413 -0.00263462 -0.00391292 -0.00853374 -0.00165387 0.000803218 -0.00204902 -0.00203388 -0.00178189 -0.00448315 -0.00215237 -0.00166768 -0.000592917 -0.000910637 -0.00306773 -0.00337666 -0.00579333 -0.00375581 -0.00120729 -0.000948242 0.0017941 -0.00818143 -0.00708645 -0.00336067 -0.00424135 -0.00139795 -0.00250246 -0.0042905
internal_weight=24560 24335 225 136 1381 636 314 322 745 397 250 185 242 191 110 110 112 22954 1155 212 110 1092 1035 197 838 722 651 147 21799 12324 1160 9475 574 9380 1015 825 1092 112 8365 414 146 491 7951 321 775 7630 1487 1431 348 980 271 915 1378 401 145 102 190 853 588 265 256 209
internal_count=24560 24335 225 136 1381 636 314 322 745 397 250 185 242 191 110 110 112 22954 1155 212 110 1092 1035 197 838 722 651 147 21799 12324 1160 9475 574 9380 1015 825 1092 112 8365 414 146 491 7951 321 775 7630 1487 1431 348 980 271 915 1378 401 145 102 190 853 588 265 256 209
is_linear=0
shrinkage=0.03


Tree=24
num_leaves=63
num_cat=0
split_feature=10 20 10 19 5 2 12 19 20 20 4 21 3 20 12 15 0 4 20 19 15 3 21 21 15 4 15 2 20 21 6 20 6 10 21 11 2 0 21 15 21 6 20 15 15 20 21 20 6 4 5 11 6 20 2 6 21 6 6 20 0 9
split_gain=7060.69 247.596 107.82 92.7994 199.841 196.747 92.4189 102.502 47.1496 35.7648 34.9569 31.3937 44.3307 60.3706 26.2238 22.6426 7.67507 7.32528 7.21276 19.1447 39.4273 9.06461 7.79103 8.27919 7.96831 19.8152 6.12627 3.34457 5.24948 3.17072 2.95698 4.09323 2.68654 2.5112 3.05789 2.31785 2.28858 2.22078 3.96402 14.7872 2.22443 1.84979 2.54139 1.8228 1.82014 1.59673 1.58536 1.54762 2.0478 1.45489 1.4324 1.35332 2.26957 1.61606 1.52032 1.9386 1.50914 1.34443 1.51236 1.22551 1.19316 1.19256
threshold=14.500000000000002 2.0039493990201902 2.5000000000000004 3.5000000000000004 -13.857198473314199 5.1535363159114018 -110.38787840244748 2.5000000000000004 2.4225234403102557e-13 1.2878994310186551 62.570729364939005 0.036504684508943612 17.311423331440803 0.14639241809403253 -104.13368732271026 2.390214827323136e-09 381.74217248396008 56.955070283469155 9.831486006680473 2.5000000000000004 3.9640383868064657e-09 13.208407224916003 0.059577513970665803 0.16606176382265053 1.597970854746728e-09 30.713061602363101 2.1398204800936786e-10 5.6915125679371625 16.267337256559554 0.52703142032427708 0.24447280147492825 0.25416068059599056 -0.38218409822150251 3.5000000000000004 1.5661751892854603 -128.37817988323948 3.3409260858979981 327.31420151445303 0.31128966559874655 2.7300770193441162e-09 4.3578911511945906 -0.19996363482621768 111.02763474665302 1.2170325750202125e-07 7.9409338805090669e-23 41.277004969171557 0.26033745762689259 207.47795525394403 -0.019205464640873689 86.026137457232622 9.9081864808287019 -119.07351551162948 -0.27662384496083486 11.243684383646352 5.2519120243286617 0.095192680397542709 1.2399506096404653 -0.20718526499206821 0.091057050722312197 140.32318230707054 273.55167034882606 0.084550128623630885
decision_type=2 8 2 2 2 2 2 2 8 8 2 8 2 8 2 2 2 2 8 2 2 2 8 8 2 2 2 2 8 8 2 8 2 2 8 2 2 2 8 2 8 2 10 2 2 8 8 8 2 2 2 2 2 10 2 2 8 2 2 8 2 2
left_child=1 2 11 5 -5 -2 10 8 -8 14 -4 12 13 -1 -10 -16 -15 30 19 20 21 -3 -20 24 -24 -26 57 35 -29 -23 31 -14 44 60 -35 -25 -37 46 39 50 43 -42 -43 47 -21 -30 -38 51 -49 -48 -39 52 -40 56 -54 -56 -53 -13 -59 -51 -34 -62
right_child=3 18 6 4 -6 -7 7 -9 9 -11 -12 26 17 16 15 -17 -18 -19 22 32 -22 29 23 27 25 -27 -28 28 45 -31 -32 -33 33 34 -36 36 37 38 40 -41 41 42 -44 -45 -46 -47 49 48 -50 59 -52 53 54 -55 55 -57 -58 58 -60 -61 61 -63
leaf_value=0.0012597633773413425 0.0900703058992776 0.009689929607016633 -0.0084121586960331299 0.22705159362624672 0.1473575706105483 0.17623294253045549 0.060530589126727513 -0.0051767178708413504 0.009575235344985944 0.051465743398041101 0.021770089957032775 -0.0060156004985896525 0.0071384922789802649 0.02695381416922266 0.016615941245959377 0.041291253366978482 0.044528448417344511 0.010301913784316448 -0.012650748639219396 -0.0024972955561760398 0.025049727554009721 0.0003448136108245973 -0.0011406067213217269 -0.0073688359895902802 0.021240997906578216 -0.0044266757202477977 0.0063725852958091038 -0.010411721556582243 -0.0013147552409614235 -0.0081821230396407797 -0.007078264448961074 -0.0029347936194291991 -0.005904338846777644 0.0077108240419260735 -0.0012239292760690052 -0.0069824827829984802 -0.0066467712421979094 -0.0055140748595372963 -0.00019652258391891206 0.012706868081198383 -0.0029794480543641317 -0.0016898780409907986 0.0036748485795290368 -0.0084770414375645274 -0.010250313624675418 -0.0035218095741730705 -0.0016054366831352313 -0.0031306195948475404 0.0043201364120977808 -0.0065629380746659903 0.00050197931050481104 0.0046123243301767888 -0.0024707341823546635 -0.002806414863994122 -0.011486075785942376 -0.0044094714793660068 -0.002059701203711723 0.00087686429671462497 -0.0040458530579836893 -0.00092519994215531777 -0.004899990192442783 -0.0012919144743799751
leaf_weight=81 52 62 106 50 94 51 56 67 73 56 50 121 59 54 57 88 50 66 66 53 76 81 188 81 56 51 67 94 344 75 54 91 76 52 98 93 58 111 69 71 1117 2666 81 50 57 2141 4927 68 63 98 52 50 61 8713 75 68 75 92 142 54 99 478
leaf_count=81 52 62 106 50 94 51 56 67 73 56 50 121 59 54 57 88 50 66 66 53 76 81 188 81 56 51 67 94 344 75 54 91 76 52 98 93 58 111 69 71 1117 2666 81 50 57 2141 4927 68 63 98 52 50 61 8713 75 68 75 92 142 54 99 478
internal_value=9.97017e-06 -0.0015483 0.0105573 0.15934 0.176404 0.134018 0.0209191 0.0285904 0.0354411 0.0301119 0.00133869 0.00400725 0.00946479 0.020735 0.0244165 0.0317715 0.0357468 0.00169458 -0.00230639 -4.93375e-05 0.00659569 7.71641e-05 -0.00243226 -0.00240042 0.00258438 0.00907916 -0.00188552 -0.00246964 -0.00348311 -0.00378068 -0.00112681 0.0010484 -0.00219401 -0.00158701 0.001904 -0.0023297 -0.00230738 -0.00228354 -0.00248712 0.0013784 -0.00255598 -0.00194996 -0.00153041 -0.00280775 -0.00657092 -0.00321694 -0.0017525 -0.00277616 0.000458151 -0.00169532 -0.00360348 -0.00282271 -0.00490561 -0.00275782 -0.00648966 -0.00817497 0.000624534 -0.00345762 -0.00211493 -0.0045792 -0.00239061 -0.00191838
internal_weight=24525 24278 1430 247 144 103 553 397 330 274 156 877 455 185 218 145 104 270 22848 1207 294 218 21641 21575 295 107 422 21280 2579 156 204 150 913 803 150 18701 18620 18527 13390 234 13156 3864 2747 9292 110 2485 5137 9242 131 5079 163 9111 273 8838 204 143 125 355 234 152 653 577
internal_count=24525 24278 1430 247 144 103 553 397 330 274 156 877 455 185 218 145 104 270 22848 1207 294 218 21641 21575 295 107 422 21280 2579 156 204 150 913 803 150 18701 18620 18527 13390 234 13156 3864 2747 9292 110 2485 5137 9242 131 5079 163 9111 273 8838 204 143 125 355 234 152 653 577
is_linear=0
shrinkage=0.03


Tree=25
num_leaves=63
num_cat=0
split_feature=10 21 18 11 15 1 21 21 4 12 3 1 3 21 15 2 7 9 2 21 15 19 2 3 1 2 9 8 3 11 15 2 15 19 15 19 21 3 2 15 2 3 7 2 3 21 1 9 2 2 3 1 2 12 11 8 1 1 3 1 9 1
split_gain=5369.79 292.295 153.893 132.966 134.264 72.3788 51.6698 80.5862 47.4297 53.7106 23.604 20.9595 23.8351 10.1903 28.3313 10.0941 9.7309 7.83288 6.70068 9.61465 16.2562 36.4629 36.7272 53.9003 19.3962 5.38971 4.648 4.15309 4.10911 3.50208 3.33997 3.24296 2.94026 2.75519 8.05008 6.93797 11.9614 13.4445 12.6536 13.8524 2.73419 5.21859 2.24014 2.17812 2.06578 3.71427 2.05692 2.23659 2.0184 2.63497 1.9772 1.89558 1.86283 1.83956 1.80844 1.61806 1.61579 2.10222 1.60757 1.55903 1.85812 1.54549
threshold=15.500000000000002 0.036504684508943612 4.0529781731043021e-08 -106.48655260014799 1.793355208488125e-09 118.34854323697702 0.0073127644711899059 0.014996265382266002 59.732984111647205 -114.52640459224496 17.881221724896204 947.5207500408286 13.018325120017151 0.13122009026230202 3.7348820047120108e-09 5.2519120243286617 0.15296977186520547 0.36853420016226718 5.5461968029671427 0.69079529357817959 1.387982571819164e-09 2.5000000000000004 4.9286018101705933 13.634954221758102 694.82134996410412 5.1939196852695959 0.040503338574702237 0.31463978303582857 19.676353691275803 -126.40291758002948 9.6854843153958388e-10 3.3409260858979981 2.5152093540085789e-08 3.5000000000000004 4.2746831639518372e-09 2.5000000000000004 1.9534100862190302 14.255138425842352 5.3218775225745683 9.4893155708715721e-09 4.4708663242702054 54.376497166958757 -0.40608451960415681 5.3943475127872427 20.991289645430353 0.47652734659681806 811.81796292795354 0.42791301395513254 5.1148034090915653 5.2647372739416864 29.760367269779955 293.24003780481706 5.5320776689119642 -110.98506602534049 -81.38289874748294 0.24092259061094715 1193.1273273220252 929.54083285078661 16.936621753108152 757.68454940083018 0.28755568446200824 280.34642557336105
decision_type=2 8 2 2 2 2 8 8 2 2 2 2 2 8 2 2 2 2 2 8 2 2 2 2 2 2 2 2 2 2 2 2 2 2 2 2 8 2 2 2 2 2 2 2 2 8 2 2 2 2 2 2 2 2 2 2 2 2 2 2 2 2
left_child=1 3 -2 8 6 -4 15 -8 16 -10 25 12 -6 14 17 -5 27 28 19 20 26 22 -22 -24 -25 -9 -15 -1 -3 30 -21 -31 -20 34 46 36 37 -36 39 -39 41 -35 -28 44 45 -44 53 48 56 -50 -40 -37 54 -33 -42 -38 57 -48 -51 -55 -61 -34
right_child=2 13 5 4 11 -7 7 10 9 -11 -12 -13 -14 18 -16 -17 -18 -19 32 29 21 -23 23 24 -26 -27 42 -29 -30 31 -32 33 61 40 35 51 55 38 50 -41 52 -43 43 -45 -46 -47 47 -49 49 58 -52 -53 -54 59 -56 -57 -58 -59 -60 60 -62 -63
leaf_value=-0.0061741772096496643 0.10787327498975974 -0.012000194256577421 0.19986631642740504 0.0059533905855089367 0.055346548353486201 0.1476051124968395 0.053786371294409031 0.015310797740410848 -0.0053031522221863268 0.034641532118299179 0.0017601450598768648 0.063884768124956345 0.027156232295196446 -0.0096564792644066449 0.020220672466592596 -0.012753425962565576 0.0033336286361228271 0.0084363197455576688 -0.00277245998184173 -0.0028521769627490464 -0.0029564794153381182 -0.0022509495406189844 0.046966043917790933 0.022808812095360322 -0.0016400841963920918 0.029815532351700206 -0.0068153198010986668 -0.016386480751337813 -0.0017497770046059581 -0.0073471527885248739 -0.012357582208434385 -0.0029544227205260372 -0.0042529519608146263 -0.0013466756939033925 0.016733437197841018 -0.00014048588743176439 -0.00021144040636718271 0.018716252286297579 -0.0060774707965476939 0.00086964681503716207 -0.0026871182660346809 0.0085037395320097485 -0.0037933589174645017 0.0018328044304429965 -0.0038991605589035316 0.0045105888704083073 -0.0033281282046560331 0.00093240355988590234 0.0015699406169975797 -0.0082121196053534119 0.0012646574903068678 -0.0034120411504825047 0.00074299177925030776 -0.0016168027136659829 0.00017428267530150427 -0.0056655026511433192 -0.0022710868306457994 -0.01067447661872031 -0.0025085767941195364 -0.0022032976844663715 0.0050304818525245144 -0.011595343798398971
leaf_weight=129 66 50 51 52 50 97 55 50 53 69 92 51 66 67 69 50 82 51 6768 84 85 314 50 54 62 50 62 50 115 97 55 973 56 320 84 434 99 71 88 86 5585 56 98 186 239 94 55 83 89 71 52 251 155 5463 206 96 59 102 120 58 69 50
leaf_count=129 66 50 51 52 50 97 55 50 53 69 92 51 66 67 69 50 82 51 6768 84 85 314 50 54 62 50 62 50 115 97 55 973 56 320 84 434 99 71 88 86 5585 56 98 186 239 94 55 83 89 71 52 251 155 5463 206 96 59 102 120 58 69 50
internal_value=-4.46393e-05 -0.0013517 0.149237 0.0154259 0.0253509 0.166835 0.0146922 0.0220854 0.00202311 0.0173865 0.0127727 0.0474057 0.0396764 -0.00199606 0.0036334 -0.00325141 -0.00519718 -0.00173408 -0.00206553 -0.00173356 0.000729432 0.00456382 0.0130642 0.0212361 0.00983897 0.0227866 -0.00217685 -0.00910196 -0.00490954 -0.00194942 -0.00667471 -0.00190466 -0.00285099 -0.00186831 -0.00151201 0.000697353 0.00312133 0.00620865 0.00318578 0.00900778 -0.00234158 0.000139072 -0.00142569 -0.000873949 -0.0020436 0.000274422 -0.00190214 -0.00361604 -0.00437752 -0.00268155 -0.00336077 -0.00134249 -0.00249845 -0.00175041 -0.00258532 -0.00291172 -0.00655351 -0.00813827 -0.00466047 -0.00154035 0.00173546 -0.00779234
internal_weight=24544 24330 214 899 516 148 349 247 383 122 192 167 116 23431 285 102 261 216 23146 16272 1311 565 251 166 116 100 746 179 165 14961 139 14822 6874 14725 8403 1261 576 381 297 157 6322 376 679 617 431 192 7142 579 496 280 140 685 5946 6563 5791 195 216 157 191 5590 127 106
internal_count=24544 24330 214 899 516 148 349 247 383 122 192 167 116 23431 285 102 261 216 23146 16272 1311 565 251 166 116 100 746 179 165 14961 139 14822 6874 14725 8403 1261 576 381 297 157 6322 376 679 617 431 192 7142 579 496 280 140 685 5946 6563 5791 195 216 157 191 5590 127 106
is_linear=0
shrinkage=0.03


Tree=26
num_leaves=63
num_cat=0
split_feature=13 18 20 13 7 11 21 11 21 1 7 21 8 12 9 21 15 20 8 21 4 4 21 3 12 3 11 15 17 1 21 20 4 21 4 3 4 13 21 21 4 15 21 7 21 4 9 4 13 3 3 1 1 20 15 21 20 21 9 12 11 1
split_gain=5527.27 378.36 226.232 231.938 117.092 91.2199 45.2518 43.9842 53.9069 36.9254 31.161 24.6523 21.2762 17.1724 16.4847 10.3495 16.4637 21.7423 8.50994 4.95943 5.2009 4.73782 7.60789 4.01557 6.79256 3.8806 3.64873 6.38318 8.04344 3.14345 2.95835 5.05203 8.90466 2.85625 2.44738 2.38331 2.35187 2.30933 1.96269 5.47022 8.1287 15.6141 2.49739 2.02608 7.17255 1.85077 1.86496 1.81123 2.70632 1.79143 2.48465 1.76816 2.80982 1.80517 1.73004 1.61152 5.20661 1.55653 1.86607 1.43905 5.21637 1.86131
threshold=7.9699423268201111 4.0529781731043021e-08 1.7925050432673102 21.374895800335675 -0.19115992804910051 -109.08720774894799 0.76101955513146213 -100.74796589757248 0.83585823263001158 575.3950315833946 -0.081625886896514274 0.018830733328088902 0.21474313314631613 -114.16895075352146 0.036317332561751854 0.16606176382265053 3.3696610137900078e-09 43.603661657885205 0.42429100969592787 0.059577513970665803 27.911756384094954 57.388215608523659 0.028814196311226805 12.304813769126801 -103.79956572095298 14.071958863149701 -107.59023267533598 3.4679326804210185e-08 1.5325879799482529 7.3626821337239958 0.87045578646147159 21.321719164710004 35.428879309762458 0.66507579823159857 -3.9299781604612045 21.646925251444355 62.117854179036804 23.314702862765689 0.28342671139362557 0.45548851042320104 23.476911465860905 1.3090772026045481e-09 0.38925711433808957 0.47407743620995652 1.3096377848637453 40.83559918368541 0.0083006037569128849 35.105301412396059 29.642704613296093 70.991715117796062 68.064664950438512 909.82836450838306 1015.5159270254002 17.808089106902404 1.0000000180025095e-35 0.64996894818873363 44.662384935203256 0.52703142032427708 0.21950901620019539 -96.867717716302209 -96.385776177845443 837.13169250595308
decision_type=2 2 8 2 2 2 8 2 8 2 2 8 2 2 2 8 2 8 2 8 2 2 8 2 2 2 2 2 2 2 8 8 2 8 2 2 2 2 8 8 2 2 8 2 8 2 2 2 2 2 2 2 2 8 2 8 8 8 2 2 2 2
left_child=1 -1 3 5 -3 -2 10 14 9 25 -7 -11 -13 -6 -5 16 18 -18 19 20 -4 23 -23 -16 34 -9 29 38 -29 37 31 32 -31 -34 -25 -21 -33 -17 -28 40 41 -40 -42 45 -45 51 -47 48 -36 50 -32 57 -53 -54 -55 56 -48 58 -41 -57 -61 -62
right_child=2 4 15 7 13 6 -8 8 -10 11 -12 12 -14 -15 21 26 17 -19 -20 35 -22 22 -24 24 -26 -27 27 28 -30 30 49 36 33 -35 47 -37 -38 -39 39 43 42 -43 -44 44 -46 46 55 -49 -50 -51 -52 52 53 54 -56 59 -58 -59 -60 60 61 -63
leaf_value=0.088914712074668278 0.010782750085786436 0.12686094095930456 -0.01487403122327305 0.014184873984905621 0.1661760564650675 0.037846909686923023 0.024492003667916429 0.0098834850570481084 -0.0042667712395956367 0.039165385520376732 0.069300224126161894 0.030536036914383821 0.0045089694363996385 0.2091861445405003 -0.010081123865047151 -0.011771500110163922 0.024191728655639434 -0.0002829681730779287 0.0091850344184786076 0.0039126654158422895 -0.0016060878832842098 0.011223418665015035 -0.004371150942614018 0.00083169527113300236 0.0048309974838048218 -0.0013706864473513431 -0.0048972066116545398 -0.0017743977176252047 0.01339627065543424 -0.017068863778325196 -0.0024124040334506276 -0.0025273781411491629 0.0018762622009783694 -0.0080859025012558466 -0.013596371911766115 -0.0030918878277789359 -0.006733406155186597 -0.0045107886002746867 -0.00028412126207768684 -0.0098497925374546325 -0.0054987658416256165 0.020574937429936491 0.0021528284092034609 0.0075189675642371489 -0.0021299053531214102 0.0034319546540856789 0.0087903560293645776 -0.0029120049171081374 -0.0049704313962475244 -0.006484824697254225 0.0029799978266685052 -0.0082738544658522845 0.0022143941983072592 -0.00091256490644825764 -0.0058090700226155322 -0.0021733488325269825 -0.0033636281625579363 -0.0021929431236871414 -0.0021094037228894811 0.0085106943766860409 -0.00092722291688860682 -0.0053908905813802007
leaf_weight=82 98 50 54 58 55 53 60 56 136 79 75 54 59 53 75 52 61 69 58 72 52 53 58 60 87 53 207 73 54 69 6629 754 51 51 51 108 142 165 88 52 98 50 62 89 301 66 53 108 94 95 77 112 54 112 155 2323 76 9140 61 50 987 91
leaf_count=82 98 50 54 58 55 53 60 56 136 79 75 54 59 53 75 52 61 69 58 72 52 53 58 60 87 53 207 73 54 69 6629 754 51 51 51 108 142 165 88 52 98 50 62 89 301 66 53 108 94 95 77 112 54 112 155 2323 76 9140 61 50 987 91
internal_value=-2.60767e-05 0.142953 -0.00142864 0.0104227 0.170263 0.0343974 0.046585 0.00405379 0.0113882 0.0184523 0.0566709 0.0263381 0.0171054 0.189008 -0.000933087 -0.00213612 0.00224718 0.0112983 -0.00119614 -0.00332608 -0.00844107 -0.00245102 0.00310863 -0.00375402 -0.00254551 0.00444856 -0.00222881 -0.00194139 0.00473039 -0.00273878 -0.00263987 -0.00410933 -0.00882396 -0.00313496 -0.00460471 -0.000283929 -0.00320072 -0.0062967 -0.00200127 -0.00195817 0.00205781 0.00736716 -0.00253882 -0.00204553 8.56155e-05 -0.00210787 -0.00153092 -0.00589217 -0.00807673 -0.00240875 -0.00235005 -0.00232487 -0.00419928 -0.00275634 -0.00376617 -0.00162334 0.00165908 -0.00223671 -0.00572651 -0.00174649 -0.000866265 -0.00130867
internal_weight=24520 240 24280 1367 158 286 188 1081 437 301 128 192 113 108 644 22913 474 130 344 286 106 586 111 475 400 109 22439 14354 127 8085 7868 1067 171 102 313 180 896 217 14227 14020 298 138 160 13722 390 13332 3646 253 145 6801 6706 9686 433 321 267 3580 129 9253 113 3451 1128 1078
internal_count=24520 240 24280 1367 158 286 188 1081 437 301 128 192 113 108 644 22913 474 130 344 286 106 586 111 475 400 109 22439 14354 127 8085 7868 1067 171 102 313 180 896 217 14227 14020 298 138 160 13722 390 13332 3646 253 145 6801 6706 9686 433 321 267 3580 129 9253 113 3451 1128 1078
is_linear=0
shrinkage=0.03


Tree=27
num_leaves=63
num_cat=0
split_feature=10 20 15 12 19 15 21 6 18 3 9 5 5 2 21 21 3 3 21 4 20 4 15 19 21 4 20 19 6 9 9 12 12 19 3 9 2 20 21 3 21 3 2 15 20 5 15 9 3 9 4 20 19 2 9 20 3 2 6 15 12 9
split_gain=6168.97 194.469 112.194 119.113 106.402 62.1507 61.5897 56.1669 40.2849 25.5802 24.5408 19.5848 19.3117 18.9692 10.0457 14.021 17.9061 12.7626 9.29794 9.92718 31.1948 10.0032 12.7435 19.8552 11.4661 7.91887 6.32373 10.1429 6.10412 3.87226 3.17751 2.97313 5.02956 4.82869 2.62374 3.18723 2.49366 3.34338 9.3053 3.99135 2.9455 6.84074 2.6474 2.34781 3.71055 2.2708 2.25229 2.05953 1.90164 3.27862 3.58473 2.48847 10.0727 2.26467 1.89662 1.82672 1.75495 1.62635 1.58419 1.44779 1.40143 1.42331
threshold=15.500000000000002 2.0039493990201902 7.2305518765730566e-10 -109.47580089851049 2.5000000000000004 2.9769537023127601e-07 0.0023731366481001153 0.31796432473313635 2.7418316991293798e-07 3.3135101783186802 0.25726311247072969 9.9081864808287019 32.224978683628713 5.1313091477673227 0.036504684508943612 1.0000000180025095e-35 18.042053619478704 10.450032347526202 0.49720573738700752 59.344146825095606 28.846075488343253 25.331273300226304 2.7300770193441162e-09 2.5000000000000004 0.059577513970665803 15.411237498653852 40.27725327383331 3.5000000000000004 -0.065341727176542394 0.23470117065151189 0.095421230088821765 -101.54864227411561 -109.21953995580888 2.5000000000000004 17.525790371952557 0.39073717599675667 5.1939196852695959 8.3239899629552365 1.2285568933353552 20.480497002503352 0.92332216708014514 49.207018557803458 3.3409260858979981 4.4933864934063042e-08 99.810306735100369 -27.143918818511235 2.6162882721282753e-08 0.020302628200468579 12.115730867743901 0.41688161033386245 45.678642176046601 16.267337256559554 3.5000000000000004 5.5555455498962631 0.29708817942876747 9.3255176740723122 28.026889730076054 5.2914554332818353 -0.12901233525652486 2.3235368407214899e-08 -119.62407104086817 0.22689877030944763
decision_type=2 8 2 2 2 2 8 2 2 2 2 2 2 2 8 8 2 2 8 2 8 2 2 2 8 2 8 2 2 2 2 2 2 2 2 2 2 8 8 2 8 2 2 2 10 2 2 2 2 2 2 8 2 2 2 8 2 2 2 2 2 2
left_child=1 2 9 12 6 -2 -5 10 -7 -1 11 -8 -4 -12 15 -11 17 -17 19 21 -21 22 24 -24 -3 -18 27 -26 -27 -22 56 32 -32 -34 -28 -36 37 38 -20 -40 41 47 -39 46 -45 -16 55 -38 49 50 -49 52 -50 -54 -41 -44 -23 -53 60 -57 61 -42
right_child=5 18 3 4 -6 8 7 -9 -10 14 13 -13 -14 -15 45 16 25 -19 36 20 29 30 23 -25 26 28 34 -29 -30 -31 31 -33 33 -35 35 -37 40 42 39 54 58 -43 43 44 -46 -47 -48 48 51 -51 -52 57 53 -55 -56 59 -58 -59 -60 -61 -62 -63
leaf_value=0.020260378132600548 0.12609398540547845 -0.012893288250464029 -0.0062346722709232978 0.063876760534984478 -0.0056803387481098372 0.18730022223063689 0.0037886612279364813 0.057220501962978877 0.14704160256594745 -0.0073326849327871504 0.01910450724296664 0.027607493356994865 0.013134319668068835 0.043278861518072732 0.0015382080192749316 0.0065685010648092188 -0.0085096747649980597 0.026943231330324821 0.011054661736681895 0.025289057684866223 0.0038580588872443779 -0.010728040664782747 0.021844830011356283 2.3682130162011494e-05 0.01637391415530666 -0.0021083616298007762 -0.0051322542649722891 -0.0014289717152714729 0.01115417136897597 -0.0059503465926300896 -0.005803713068663556 -0.0058426761996288523 0.0088594941596437087 -0.0011911839725367063 -0.0012289416779081217 0.0073021452062619991 -0.0085403366273271789 -0.0068065856207886093 -0.0066673893336453198 0.0044069791187731815 -0.0018341612980293574 -0.014418699561193696 -0.0072367049708105197 -0.0014964082551253313 0.0083105264930933148 -0.0047070834293500867 -0.0056663249171865371 -0.0044148959303576974 -0.017734889948632423 0.0056912494991515168 0.0042724682385284849 -0.0065773005771724161 0.0024256587734347891 -0.0062382011767476795 -0.0029330206969205071 -0.0017825280407955037 -0.0033778766871375193 -0.0026625661313042408 -0.0020000276605161111 0.0031568928901106121 -0.0025918271094723744 -0.0076060437005670634
leaf_weight=61 76 58 140 54 71 67 76 52 91 82 56 52 68 67 64 61 56 51 68 56 73 74 65 87 55 58 95 59 66 70 107 148 65 123 162 51 63 95 84 83 63 50 54 100 52 278 137 181 52 55 55 105 56 51 50 6159 50 1029 8064 53 4645 101
leaf_count=61 76 58 140 54 71 67 76 52 91 82 56 52 68 67 64 61 56 51 68 56 73 74 65 87 55 58 95 59 66 70 107 148 65 123 162 51 63 95 84 83 63 50 54 100 52 278 137 181 52 55 55 105 56 51 50 6159 50 1029 8064 53 4645 101
internal_value=-6.75007e-06 -0.00136924 0.00942812 0.0187613 0.0277943 0.153079 0.034449 0.0290116 0.165184 0.00177432 0.0229637 0.0136041 0.000130044 0.0325155 0.000173325 0.00356685 0.00664225 0.0160026 -0.00203577 0.000334754 0.00652249 -0.000696814 0.00189737 0.00943688 -0.000504793 0.000761794 0.00122435 0.00722783 0.00498349 -0.000951238 -0.00358665 -0.00238815 -0.000641153 0.00231227 -0.00101392 0.00083829 -0.00218988 -0.00172107 0.0014568 -0.00158773 -0.00241289 -0.00358845 -0.00185746 -0.00178471 0.00189098 -0.0035373 -0.00187225 -0.00325111 -0.00303549 -0.0008409 -0.00238081 -0.00352837 -0.00703796 -0.00172337 0.00164629 -0.0017884 -0.007815 -0.00303052 -0.00225766 -0.00173988 -0.00268915 -0.00541335
internal_weight=24550 24316 1413 636 428 234 357 303 158 777 251 128 208 123 716 374 292 112 22903 1398 199 1199 632 152 480 180 422 114 124 143 567 443 295 188 308 213 21505 6935 285 217 14570 1697 6650 6555 152 342 6403 1647 1584 291 236 1293 159 107 133 6266 124 1134 12873 6212 4809 164
internal_count=24550 24316 1413 636 428 234 357 303 158 777 251 128 208 123 716 374 292 112 22903 1398 199 1199 632 152 480 180 422 114 124 143 567 443 295 188 308 213 21505 6935 285 217 14570 1697 6650 6555 152 342 6403 1647 1584 291 236 1293 159 107 133 6266 124 1134 12873 6212 4809 164
is_linear=0
shrinkage=0.03


Tree=28
num_leaves=63
num_cat=0
split_feature=10 14 20 7 15 12 2 3 11 2 12 2 7 9 11 17 6 7 20 0 10 10 11 6 20 7 12 6 12 0 2 3 20 3 2 8 3 2 3 2 2 7 17 9 10 15 15 8 6 6 0 3 9 2 9 8 15 2 0 6 10 20
split_gain=5209.08 230.113 197.303 133.009 113.223 100.346 33.0042 23.0851 27.3967 22.7405 21.7869 34.0177 16.6717 12.9709 16.9479 12.833 6.48946 5.24177 4.9761 14.3659 12.9612 5.11886 4.47542 4.35968 4.86613 4.22741 4.14607 4.09085 3.75533 3.38611 4.18854 15.643 3.73069 5.32166 5.07853 4.21179 3.01837 2.90586 2.81634 2.63038 2.76557 2.52022 2.51663 2.37643 2.32539 3.01782 1.64979 2.20187 2.05521 1.95657 2.07187 2.34722 1.6386 4.03467 3.77275 7.39305 1.60543 1.55307 1.52945 1.57375 3.39872 5.66111
threshold=15.500000000000002 8.6782079256889961 1.7925050432673102 -0.17199975013768184 1.8648429998992615e-09 -109.47580089851049 5.4945438406536793 3.3135101783186802 -95.996028416438335 5.4770369579859102 -91.245917590193287 5.2519120243286617 0.11013758171034561 0.325754061293901 -86.96860940969394 1.0000000180025095e-35 -0.065341727176542394 0.26392443158605006 8.7731200861354726 285.23224207739605 2.5000000000000004 4.5000000000000009 -119.07351551162948 0.025422981106407509 1.1262410964097451 0.097540351007674012 -113.38740674250398 -0.29961867910230738 -114.94426042958814 475.18378138997554 5.4489801382655303 7.021662358647391 16.267337256559554 28.026889730076054 5.7027887321067743 0.27164432966009949 22.319762088998505 3.3409260858979981 17.147342795953104 4.7798379844837742 4.9446156437062845 0.34493121258626808 0.28585281855197248 0.43717870294831002 5.5000000000000009 3.2985975428027742e-08 2.9519310594780438e-08 0.35430163937862785 -0.39790584818311009 0.20998727392115416 347.75986480456106 55.871317179082361 0.010233352458653757 5.5698896180411053 0.017888656150826247 0.32687713068303842 1.1289994742872817e-09 5.3943475127872427 460.05751912901155 -0.43810419392117955 3.5000000000000004 71.558467472276121
decision_type=2 2 8 2 2 2 2 2 2 2 2 2 2 2 2 2 2 2 8 2 2 2 2 2 8 2 2 2 2 2 2 2 8 2 2 2 2 2 2 2 2 2 2 2 2 2 2 2 2 2 2 2 2 2 2 2 2 2 2 2 2 8
left_child=2 -2 4 -3 7 9 10 -1 16 -6 11 12 -7 14 -10 -13 17 -9 19 20 -4 25 39 -18 38 26 -21 -28 -27 30 37 -32 33 34 36 -35 -31 -24 -25 -20 -41 46 -33 -43 58 -46 47 49 -49 50 -42 -52 53 -34 55 -54 -50 -40 59 60 -39 -62
right_child=1 3 18 -5 5 6 -8 8 13 -11 -12 15 -14 -15 -16 -17 23 -19 22 21 -22 -23 29 24 -26 28 27 -29 -30 32 31 42 52 35 -36 -37 -38 44 57 40 41 43 -44 -45 45 -47 -48 48 56 -51 51 -53 54 -55 -56 -57 -58 -59 -60 -61 61 -63
leaf_value=0.018347711872861508 0.10300894082914437 0.12280782001640866 0.0017029443953199836 0.19022321046173069 0.01428212076764215 0.029978423269451014 0.050618292803505029 -0.0086006762240191589 -0.0038911829664497279 -0.0075558349878536817 0.0078206007584678723 0.026573857075473779 0.053217678705333539 0.020958473544092596 0.017990910678264398 0.0061753583799761067 0.008375786410533527 0.0016882785789088391 -0.010801850060439286 -0.0096052301714845585 0.019203065326132002 0.0060048412717878816 -0.0068042663521029481 -0.0087471155701205131 0.0071842108977337683 0.0077475980176505716 0.0031099956683934694 -0.0039601369553633001 -0.00078462422968522444 -0.003236475705154381 0.016324020287130325 -0.0015993553900714877 -0.012022017023508559 -0.0054373649850247363 -0.014569215647985828 0.0056205766371661614 -0.011448182212540282 -0.0012210818992902175 0.0032333076331150629 0.003034173127482919 0.0011421632170795074 -0.012500436896363556 0.0054870729860575758 -0.0040258208665181882 -0.00096860304842572487 0.007847314252733037 -0.0084350026978386779 -0.0046183169888038382 0.0057660444672771932 -0.0084756999592125216 -0.0028322647161580419 -0.0099244125954468139 -0.00278447356232139 -0.0016495581910161202 -0.002284852134279734 0.011650376757965064 -0.0015162172497195355 -0.0029333827238312818 -0.0040084593017995027 -0.0017777481278173648 0.011600318837225577 -0.001778357877441111
leaf_weight=79 92 50 102 88 76 69 59 169 77 96 51 62 54 72 53 51 54 60 50 88 60 77 100 54 53 54 92 356 297 174 53 390 52 61 67 61 52 604 54 50 78 58 50 63 106 51 53 56 58 75 184 54 82 94 7674 51 50 110 261 10881 52 61
leaf_count=79 92 50 102 88 76 69 59 169 77 96 51 62 54 72 53 51 54 60 50 88 60 77 100 54 53 54 92 356 297 174 53 390 52 61 67 61 52 604 54 50 78 58 50 63 106 51 53 56 58 75 184 54 82 94 7674 51 50 110 261 10881 52 61
internal_value=6.04492e-06 0.141874 -0.00126286 0.166857 0.00986537 0.0208696 0.0301571 0.00302201 0.0013984 0.00212027 0.0257896 0.0296233 0.0405279 0.0108274 0.00509921 0.0175024 -0.00205294 -0.00590926 -0.00191983 2.49006e-05 0.00826252 -0.00136656 -0.00202025 0.000674082 -0.000885726 -0.00201251 -0.00368604 -0.00250454 0.000546306 -0.00193463 -0.00162385 0.001085 -0.00240266 -0.00517424 -0.00736001 9.23506e-05 -0.005168 -0.00173415 -0.00287153 -0.00418184 -0.00374363 -0.00421202 -0.000783463 -0.0081572 -0.00169139 0.00192671 -0.00341478 -0.00292106 -2.26985e-06 -0.00414218 -0.00309016 -0.0044762 -0.00225741 -0.00540051 -0.00219794 0.00279633 0.00241165 -0.000895597 -0.00173945 -0.00168805 -0.000326178 0.00442595
internal_weight=24515 230 24285 138 1353 518 346 835 756 172 287 236 123 202 130 113 554 229 22932 1126 162 964 21806 325 271 887 536 448 351 20977 12609 493 8368 415 293 122 226 12116 218 829 779 729 440 121 12016 157 608 555 164 391 316 238 7953 146 7807 133 108 164 11859 11598 717 113
internal_count=24515 230 24285 138 1353 518 346 835 756 172 287 236 123 202 130 113 554 229 22932 1126 162 964 21806 325 271 887 536 448 351 20977 12609 493 8368 415 293 122 226 12116 218 829 779 729 440 121 12016 157 608 555 164 391 316 238 7953 146 7807 133 108 164 11859 11598 717 113
is_linear=0
shrinkage=0.03


Tree=29
num_leaves=63
num_cat=0
split_feature=16 14 20 13 1 12 1 11 21 13 13 21 12 2 13 1 2 21 16 20 6 6 9 20 13 21 4 20 7 16 4 4 2 13 20 13 13 7 13 1 7 20 7 4 21 21 20 1 6 12 7 20 4 9 20 9 7 21 20 21 4 12
split_gain=4637.45 289.219 182.298 178.693 134.054 79.5953 55.4033 30.5743 34.72 28.8964 26.7334 28.0732 15.3107 12.4336 11.2891 8.50303 10.0216 6.17384 19.3726 5.95607 7.9344 6.79462 6.62785 6.95143 15.3963 5.65664 5.12689 4.97397 3.61462 3.47541 3.39103 3.36651 2.67727 2.66297 2.06689 14.0052 2.41057 2.40014 1.90238 1.88572 3.92101 2.24603 2.11968 1.88044 4.32858 3.2874 19.1245 3.07313 1.92776 1.72477 1.70077 2.70857 1.87905 1.69922 1.58901 2.62947 1.47265 3.05559 8.3013 2.41679 2.24591 3.00288
threshold=28.035921372148071 8.6782079256889961 2.0039493990201902 22.072573775156908 383.84321409012506 -113.22740267872798 467.73852410602558 -105.29322089751098 0.031908323497307108 18.717810654952647 33.718879138184022 0.0073127644711899059 -114.52640459224496 5.2784256303558168 47.12309132826023 1015.5159270254002 5.3283559555084734 0.41697579079349856 6.7382104107044976 149.29294432205103 -0.43810419392117955 -0.23137504868635964 0.42410181550060072 40.74343990171181 25.529269248278556 1.2974411047326553 14.66551073191515 119.09842452523101 0.20818256580453912 14.046802332459388 35.763020213109762 2.3544025524631755 5.4215472418985895 10.637535725835024 8.3239899629552365 22.744095587374527 12.592107726904347 -0.23653074292323537 45.601337942202939 894.48356307821007 0.34890454693160461 38.273086362953158 -0.033371718436345336 2.7570250541957901 0.62229607951379362 0.60633676217324661 20.814426856861456 991.84394670890504 0.091057050722312197 -113.70738115946749 0.12713629501191373 5.5877510692802952 14.66551073191515 0.07890427375738264 61.767582693634807 0.30282181788474022 0.23085926694299322 0.67863621118673711 31.404148082624655 0.54743924134797661 80.491431876982475 -124.63894669376059
decision_type=2 2 8 2 2 2 2 2 8 2 2 8 2 2 2 2 2 8 2 8 2 2 2 8 2 8 2 8 2 2 2 2 2 2 8 2 2 2 2 2 2 8 2 2 8 8 8 2 2 2 2 8 2 2 8 2 2 8 8 8 2 2
left_child=2 12 3 5 -3 -1 -7 15 10 -8 -9 -12 -2 -13 25 16 -5 18 19 20 -4 26 23 24 -23 -10 -22 53 -16 32 -26 -18 33 -19 35 -35 -36 -37 -33 56 41 42 -41 44 -34 46 -45 -47 -46 -48 51 -39 -52 -25 -55 -56 57 58 -38 -58 61 -59
right_child=1 4 17 7 -6 6 9 8 14 -11 11 13 -14 -15 28 -17 31 29 -20 -21 21 22 -24 27 30 -27 -28 -29 -30 -31 -32 38 43 34 36 37 39 50 -40 40 -42 -43 -44 45 48 47 49 -49 -50 -51 52 -53 -54 54 55 -57 59 60 -60 -61 -62 -63
leaf_value=-0.0030599446638913479 0.076010419472175475 0.18435699592376578 0.011778647361378021 0.0080805045729565386 0.11691254462389383 0.015323661127215447 0.057082593307840518 0.030258817678327252 0.016441095806778109 0.03226276393762479 -0.004933860767632723 0.010806952134657063 0.10531153788073704 0.02941602618433535 -0.0050648282799197544 -0.013618857251546743 0.0033290061273805378 0.0033876923014940982 0.018267185632105203 -0.0060147998821570205 -0.013359661524613889 0.020469449869748736 -0.0062677713740181091 -0.0062191881310765538 -0.0013391086501657093 0.0021903799619416102 -0.0023668482780874688 0.0081801495111090538 0.0027540819538658472 0.0048887740301142906 0.0081248785867629684 -0.008348382183994545 0.0069652871840397285 0.010267796636016072 -0.0063802477535530693 0.0015012967116561113 0.011935817252138142 -0.0090246383617608329 -0.0030046646256583283 -0.0048518835513719485 0.0029525426389383417 -0.0032746653267634596 -0.01263792164434837 -0.020914701445972014 -0.0028355924839435793 -0.002412742672323968 -0.0075636056418914126 -0.0060111113924384962 -0.00023497326350266338 -0.0015532851199968718 0.0029215004256236301 -0.0011076078987257048 -0.0043042507323182442 -0.0043439683074490898 0.0040276998835033729 -0.0039181598578579722 -0.0088091464924666338 -0.006815645081452399 -0.0010793027272573235 -0.0022730341827614554 0.00058930789064998699 -0.0017490896424922839
leaf_weight=58 50 86 50 83 50 84 91 76 50 89 77 94 51 50 163 55 52 87 50 158 51 53 93 61 102 50 146 52 78 63 50 95 53 96 108 102 54 97 165 83 69 310 52 59 611 7971 50 219 442 279 55 65 76 70 99 59 51 106 222 2789 364 7101
leaf_count=58 50 86 50 83 50 84 91 76 50 89 77 94 51 50 163 55 52 87 50 158 51 53 93 61 102 50 146 52 78 63 50 95 53 96 108 102 54 97 165 83 69 310 52 59 611 7971 50 219 442 279 55 65 76 70 99 59 51 106 222 2789 364 7101
internal_value=-5.66578e-06 0.131741 -0.00133611 0.00912733 0.160596 0.028722 0.0356897 0.0033071 0.007526 0.0450566 0.0150066 0.00964881 0.0916934 0.0174267 0.000985807 -0.00267777 -0.00112379 -0.00198562 0.000212961 -0.000668358 0.000290777 -0.000409548 0.0010935 0.0023565 0.00670772 0.00940797 -0.0052658 -0.000271296 -0.0025333 -0.0020968 0.0018068 -0.00359036 -0.00211743 -0.0018154 -0.00185404 5.13615e-05 -0.00193677 -0.00245128 -0.00498168 -0.00189336 -0.00366818 -0.00469908 -0.00792182 -0.00248794 -0.00132191 -0.00263811 -0.00533559 -0.00250968 -0.00174523 -0.00248686 -0.00382769 -0.00587434 -0.00127139 -0.00181493 -0.000614591 0.00105459 -0.00180766 -0.00159537 0.00150103 -0.00239347 -0.00170843 -0.00182454
internal_weight=24375 237 24138 1410 136 322 264 1088 638 180 297 221 101 144 341 450 395 22728 1094 1044 886 836 639 546 205 100 197 341 241 21634 152 312 21571 11887 11800 491 11309 395 260 11201 514 445 135 9684 1106 8578 388 8190 1053 329 293 162 131 289 228 158 10687 7847 276 2840 7571 7207
internal_count=24375 237 24138 1410 136 322 264 1088 638 180 297 221 101 144 341 450 395 22728 1094 1044 886 836 639 546 205 100 197 341 241 21634 152 312 21571 11887 11800 491 11309 395 260 11201 514 445 135 9684 1106 8578 388 8190 1053 329 293 162 131 289 228 158 10687 7847 276 2840 7571 7207
is_linear=0
shrinkage=0.03


Tree=30
num_leaves=63
num_cat=0
split_feature=10 20 13 8 21 12 12 13 21 11 2 15 0 13 5 2 11 3 20 13 8 15 21 11 3 21 3 20 3 21 8 2 15 13 2 21 20 0 13 20 21 9 11 21 9 9 13 9 8 8 20 15 5 20 2 9 2 2 5 11 5 13
split_gain=3943.9 209.946 179.119 121.537 90.8343 72.2812 56.7952 53.8643 32.567 44.7615 59.909 32.4544 28.3101 19.1794 13.5292 11.1294 13.6045 10.5251 6.90618 41.6828 6.16965 6.03222 5.22372 4.53534 4.24067 3.50578 3.11279 2.87434 2.69722 2.34431 9.62161 19.8514 32.7231 5.23699 2.5617 3.36492 11.6608 2.59407 4.97366 2.18616 4.67763 2.17541 2.55857 3.5187 2.00509 1.88792 1.71747 1.68922 1.95162 2.36083 1.86571 1.62955 1.62573 2.17554 1.59131 2.0411 1.5428 1.69319 1.53131 1.7675 1.4654 1.40294
threshold=15.500000000000002 2.0039493990201902 23.877492303173963 0.20739983472699833 0.0023731366481001153 -112.78130131468434 -111.89178603055801 19.476696818100418 0.036504684508943612 -105.29322089751098 5.4421362202123857 2.5753248806187509e-09 280.83374092469603 17.209330187667934 30.136343986360501 5.0848450111119892 -97.396108734407932 17.147342795953104 6.6321986571914104 20.671958101968034 0.081766117473765845 5.7528882342391325e-09 0.51102115235880252 -126.40291758002948 38.565087743238657 1.7778098725146301 39.542780079979103 6.1494825792491111e-13 36.660617641938607 0.41697579079349856 0.32067872663398816 5.4489801382655303 1.9694557082707815e-09 19.955075516297068 5.3096861827450619 0.51102115235880252 32.450017059191808 56.4905538282188 10.637535725835024 15.215222394536951 0.88281764863260215 0.10548157985889663 -103.21318555040799 1.4435097985223653 0.32786655744454413 0.16936441400232563 16.556068428451663 0.15146202398971201 0.034290532708021633 0.047675790993700014 75.046621891925454 6.5866210820738477e-09 -12.956303464419548 70.245115469862512 4.7798379844837742 0.17690233404145109 5.1805947441178972 5.3350020674671237 28.261057223789152 -103.8166514111165 -7.1227879998605497 24.928813636336304
decision_type=2 8 2 2 8 2 2 2 8 2 2 2 2 2 2 2 2 2 8 2 2 2 8 2 2 8 2 8 2 8 2 2 2 2 2 8 8 2 2 8 8 2 2 8 2 2 2 2 2 2 8 2 2 8 2 2 2 2 2 2 2 2
left_child=1 2 4 -2 -1 -5 -6 13 9 14 12 -9 -11 -8 28 -14 -17 -13 19 -3 -10 22 26 44 41 -26 -21 -22 -4 30 33 45 -33 -25 37 36 -36 -31 -39 40 -40 -24 -43 -44 -20 -32 -37 48 50 -50 -41 52 53 -35 -42 -56 -29 -58 59 -57 -45 -54
right_child=3 18 8 5 6 -7 7 11 20 10 -12 17 15 -15 -16 16 -18 -19 23 21 27 -23 24 29 25 -27 -28 56 -30 34 31 32 -34 51 35 46 -38 38 39 47 54 42 43 60 -46 -47 -48 -49 49 -51 -52 -53 61 -55 55 58 57 -59 -60 -61 -62 -63
leaf_value=0.064122589992064813 0.15129482843913136 0.021098238222212982 -0.0087162682058584719 0.083395288243323942 -0.0030553428802481842 0.13199812798450389 0.029205450708419081 0.033090393086387351 0.0049281113978089175 0.027069215481205902 0.045449468357461116 0.013950495472013512 -0.0070278653231899031 0.052304349969794495 0.011658637149052489 0.00043532719434816625 0.019533008018674299 -0.0053421948329709906 -0.004673321181634332 0.010635473309809624 0.0025659427290563195 -0.009830612509747521 -0.0050677442786150745 -0.010764986433124476 -0.011981981517273489 -0.0016926608906848535 0.00019647862323943306 -0.0086457421766161641 -0.0014667648299404516 -0.0064702280928890105 -0.0080783125063261154 0.00070252416199667654 0.029578233036261638 0.0036544027476764578 -0.018275871174182095 -0.0049443882179723416 -0.002131768314017202 0.0067271472693573742 0.0088537541279819221 0.0063087639479500329 -0.0040915159189678502 -0.0019449973505576172 0.0095187491162713345 -0.0034720954192144901 -0.012061382729341001 -0.0011951120621998303 -0.0022151094032996626 -0.0020631739635626235 -0.0076093477124945736 -0.0011999662956391443 -0.00035532215258704037 0.0028426406461568104 -0.0074159829140251583 -0.0027412147882151538 -0.0026566570609117793 0.0075203100677532289 -4.777603065343322e-05 -0.0054199693025186865 -0.002539683426466753 0.0011394333679246779 0.0037196135779787947 -0.002549512213211588
leaf_weight=50 95 81 100 78 70 53 74 54 81 63 50 50 57 66 53 78 58 50 101 52 50 70 69 63 58 61 50 83 86 99 51 93 56 81 52 211 169 63 50 58 98 154 55 50 50 117 11605 5848 52 2223 105 62 66 114 139 58 73 190 52 117 50 273
leaf_count=50 95 81 100 78 70 53 74 54 81 63 50 50 57 66 53 78 58 50 101 52 50 70 69 63 58 61 50 83 86 99 51 93 56 81 52 211 169 63 50 58 98 154 55 50 50 117 11605 5848 52 2223 105 62 66 114 139 58 73 190 52 117 50 273
internal_value=-7.15317e-06 -0.00122162 0.00990138 0.124407 0.0265232 0.10391 0.0211969 0.026962 0.00314874 0.00815236 0.0157315 0.0145742 0.00977296 0.0403887 -0.00157661 0.00401661 0.00866305 0.00434677 -0.00192025 0.00090993 -0.00257327 -0.00156224 -0.000581208 -0.00201622 -0.00185226 -0.00676568 0.00556991 -0.00411619 -0.00539012 -0.00198039 -0.000542464 0.00374497 0.01168 -0.00260741 -0.0020472 -0.00233326 -0.00599559 -0.00166276 -0.00160834 -0.00166877 0.000229316 -0.000291671 0.000787738 0.00349791 -0.00718296 -0.00332009 -0.00226426 -0.00178653 -0.00112237 -0.00134975 0.00203996 -0.00172853 -0.00226358 -7.9483e-05 -0.000717084 0.00019514 -0.00508643 -0.00393466 0.00194539 0.00328495 0.000124984 -0.00351599
internal_weight=24538 24312 1436 226 414 131 364 294 1022 545 306 154 256 140 239 193 136 100 22876 750 477 669 599 22126 497 119 102 396 186 21975 976 317 149 659 20999 12037 221 8962 8863 8800 514 378 309 155 151 168 11816 8286 2438 2275 163 596 534 195 464 366 346 263 227 175 100 339
internal_count=24538 24312 1436 226 414 131 364 294 1022 545 306 154 256 140 239 193 136 100 22876 750 477 669 599 22126 497 119 102 396 186 21975 976 317 149 659 20999 12037 221 8962 8863 8800 514 378 309 155 151 168 11816 8286 2438 2275 163 596 534 195 464 366 346 263 227 175 100 339
is_linear=0
shrinkage=0.03


Tree=31
num_leaves=63
num_cat=0
split_feature=16 20 14 15 15 19 0 3 0 0 3 15 7 3 20 5 21 15 0 5 9 3 8 9 8 21 3 9 21 3 9 3 0 20 21 20 21 3 20 5 16 21 15 0 16 16 5 21 16 15 0 7 21 21 20 9 15 19 9 21 21 5
split_gain=4145.47 200.688 174.281 161.098 102.307 84.7689 67.3525 32.3756 31.9392 27.5759 31.4577 27.3104 34.6083 27.5373 15.1349 11.2674 6.50004 20.0372 18.9743 15.0269 7.33514 7.69296 4.45431 4.68149 4.33946 7.55068 3.7304 2.82314 2.82309 5.72775 3.8888 2.64714 2.57994 3.54824 6.39766 3.19047 11.8013 2.11492 1.70263 1.67714 2.23416 2.12109 1.64052 1.87249 1.74561 10.7002 1.9102 2.76549 1.93648 1.95852 1.42234 1.95941 6.88132 2.75719 2.0673 2.63075 3.79733 2.29351 2.86314 4.48947 2.58032 3.58783
threshold=28.035921372148071 1.7925050432673102 8.6782079256889961 2.9769537023127601e-07 1.6298327266671608e-09 2.5000000000000004 519.09051469224607 35.818883005848257 470.47368961830551 255.06403753753102 3.3135101783186802 5.7528882342391325e-09 -0.07369058201366839 15.180246011363451 0.25416068059599056 39.008641655498955 0.19901951054834402 3.3696610137900078e-09 426.51541544825454 -0.46644217759684986 0.10971875899492824 21.304671031126706 0.18094071179881313 0.32993088738628279 0.050007240718844777 0.031908323497307108 17.311423331440803 0.34525564479347276 0.022358981364493106 22.319762088998505 0.14015908080759235 38.565087743238657 592.68303762677158 16.267337256559554 0.79953813055806056 3.5091649478297557 0.83585823263001158 70.991715117796062 42.72785331828576 57.289251485010659 14.046802332459388 4.2075361349111562 9.3578299619449917e-08 79.894059463513273 8.6391573781623894 8.1954583846239029 52.530943332856808 2.6626254411495451 7.4261275321289038 6.5101557334107258e-09 323.10979622597557 0.47407743620995652 1.3096377848637453 4.0731826224466259 114.14814612455002 0.017888656150826247 7.9409338805090669e-23 2.5000000000000004 0.040503338574702237 0.51102115235880252 0.85000912972077203 6.2118970320900475
decision_type=2 8 2 2 2 2 2 2 2 2 2 2 2 2 8 2 8 2 2 2 2 2 2 2 2 8 2 2 8 2 2 2 2 8 8 8 8 2 8 2 2 8 2 2 2 2 2 8 2 2 2 2 8 8 8 2 2 2 2 8 8 2
left_child=1 4 -2 -4 9 6 7 8 11 -1 -11 12 -6 -14 -13 22 17 20 -19 -20 -3 -22 24 28 -12 -26 -25 31 29 -24 -30 -23 35 34 -34 36 -18 39 -35 40 42 -41 43 -37 45 46 48 -48 50 -50 -45 54 -53 -54 57 56 -56 58 -52 -60 61 -61
right_child=2 16 3 -5 5 -7 -8 -9 -10 10 15 14 13 -15 -16 -17 32 18 19 -21 21 27 23 26 25 -27 -28 -29 30 -31 -32 -33 33 38 -36 37 -38 -39 -40 41 -42 -43 -44 44 -46 -47 47 -49 49 -51 51 52 53 -55 55 -57 -58 -59 59 60 -62 -63
leaf_value=0.024074837912739233 0.093206451201236787 -0.0095020328241325353 0.10814793375134467 0.17832076973639999 0.001498076923410682 -0.0066714287838288413 -0.00020131918005645275 0.0088717350018067426 0.056921934351763306 0.021000245379085149 -0.0039123427450312703 0.054125583270439308 0.016192781719080403 0.047696177002371234 0.030242208455290114 0.012210246886970708 0.01428086656506611 0.024599208874627947 0.014573711348587976 -0.00794245267138779 0.0078563227186383422 -0.0037594902415464559 -0.016269736266421045 0.0077084037889209051 0.012219938367337294 -0.00082179645097322672 -0.0019814438250724156 -0.0069418573472648862 0.003231120866368569 -0.0026448531036398237 -0.0064104463531080872 0.0043465221995631085 -0.015718537001006411 -0.00064756114564729029 -0.0034058703333781711 -0.0049054370711407464 -0.0019365312987989977 -0.0064431558245172096 -0.0028250735031659872 -0.0079294195140783598 0.003934133752386589 -0.0012795603444932828 0.0022471939346470522 -0.0014255129652862653 -0.0038229242217815 0.010674832938464298 0.0050748710949295034 -0.0012732689230847106 0.0042139035418237505 -0.0018033486424013972 -0.0088841571133583454 0.0069376074637805185 -0.0047689307529768729 0.0012657562434544851 -0.0013615030718746742 -0.0017299426879536541 0.0084951530919144189 -0.0021957222743702468 0.0042883293604506038 -0.01116195945468332 -0.0030111820684818004 -0.0022299514658749102
leaf_weight=54 93 94 59 77 50 86 74 51 50 71 68 51 52 50 55 63 51 54 50 55 82 81 50 53 72 88 105 89 62 62 93 64 51 382 144 177 180 89 2123 90 60 83 88 4579 380 61 86 212 94 99 87 97 165 115 94 4616 55 7150 66 90 745 74
leaf_count=54 93 94 59 77 50 86 74 51 50 71 68 51 52 50 55 63 51 54 50 55 82 81 50 53 72 88 105 89 62 62 93 64 51 382 144 177 180 89 2123 90 60 83 88 4579 380 61 86 212 94 99 87 97 165 115 94 4616 55 7150 66 90 745 74
internal_value=-5.63959e-06 -0.00118465 0.12678 0.14889 0.0100084 0.0204693 0.0258628 0.031221 0.034881 0.00353607 0.00209804 0.0304062 0.0220073 0.0319488 0.0421317 0.000196983 -0.00184829 0.00131631 0.0103215 0.00281587 -0.00219255 4.90021e-06 -0.000978928 -0.00279151 0.00239722 0.00508643 0.00129699 -0.00276818 -0.00520673 -0.00881754 -0.00255783 -0.000176399 -0.00192879 -0.00279885 -0.00668987 -0.00180931 0.00169006 -0.00185095 -0.0024934 -0.00182951 -0.0018028 -0.00476471 -0.001821 -0.00183992 -0.0018109 -0.00176933 -0.00181111 0.00056959 -0.00185028 0.00113395 -0.00188246 -0.00203902 9.27798e-05 -0.00229471 -0.00210095 -0.00160318 0.00230924 -0.00238956 -0.00369126 -0.00321927 -0.00376849 -0.0071696
internal_weight=24541 24312 229 136 1360 519 433 359 308 841 787 258 152 102 106 716 22952 569 159 105 410 316 653 425 228 160 158 234 267 112 155 145 22383 2700 195 19683 231 19452 2505 19363 19190 173 19130 19042 18865 18485 18424 298 18126 193 17933 13354 377 280 12977 4765 149 8212 1062 975 909 164
internal_count=24541 24312 229 136 1360 519 433 359 308 841 787 258 152 102 106 716 22952 569 159 105 410 316 653 425 228 160 158 234 267 112 155 145 22383 2700 195 19683 231 19452 2505 19363 19190 173 19130 19042 18865 18485 18424 298 18126 193 17933 13354 377 280 12977 4765 149 8212 1062 975 909 164
is_linear=0
shrinkage=0.03


Tree=32
num_leaves=63
num_cat=0
split_feature=10 20 13 13 7 21 1 3 3 20 11 21 1 9 13 20 2 9 21 13 20 20 11 13 1 3 3 20 20 21 2 6 2 1 9 7 7 2 9 9 6 11 2 1 9 11 0 1 3 5 5 5 5 6 21 0 13 21 7 2 13 13
split_gain=4070.74 151.42 178.081 115.931 127.457 110.196 84.4922 79.2167 52.1472 22.6186 21.6608 25.6729 29.5638 20.565 20.2321 14.3547 14.2354 12.1814 5.88974 16.2171 18.4718 4.69565 4.21434 4.40276 3.44634 8.37059 7.15054 3.43141 3.22498 30.364 6.69721 4.07148 3.72277 3.44692 3.13996 3.27214 3.12794 2.84907 7.27964 3.01801 2.47412 2.42214 2.35506 2.35654 2.17108 1.92493 1.89392 1.89083 1.61865 1.53345 1.65978 1.80706 1.47598 5.25318 2.17563 1.38119 3.15431 1.31953 1.89875 1.29675 1.68431 1.34171
threshold=14.500000000000002 2.0039493990201902 23.931513161394722 -3.5216215127893089 0.1355678685678581 0.0023731366481001153 395.5841383394216 -0.40450238691376295 34.975947216050109 0.99319722208100114 -102.83378429634949 0.77329550501624056 1116.9517526598602 0.25914750660430436 33.718879138184022 0.47894238492311508 5.2556498391490178 0.29498689452751142 0.19901951054834402 25.259520267974299 40.27725327383331 3.5091649478297557 -119.07351551162948 12.592107726904347 768.69078390335369 23.589968386719551 15.952065460059401 38.273086362953158 9.831486006680473 0.62229607951379362 4.6318498415946445 -0.40952566611544944 5.0330671807030081 799.72176871691261 0.06226370515924718 0.34493121258626808 0.083096538994791316 5.3283559555084734 0.36853420016226718 0.37049636789199886 0.013597617649865336 -109.68154967206249 5.0977733887964689 768.69078390335369 0.42576594753179192 -64.772060470375138 355.57703646500653 947.5207500408286 44.413064076692358 50.518695698921405 35.880738261972809 14.413707642385452 -30.319330794187369 0.15414580245239232 0.43447714323152203 665.84469728905458 24.321434740576326 1.5346081423301152 -0.089066871611033868 4.6123188026478017 13.929299104551164 15.793818478265431
decision_type=2 8 2 2 2 8 2 2 2 8 2 8 2 2 2 8 2 2 8 2 8 8 2 2 2 2 2 8 8 8 2 2 2 2 2 2 2 2 2 2 2 2 2 2 2 2 2 2 2 2 2 2 2 2 8 2 2 10 2 2 2 2
left_child=1 2 5 4 -2 -1 16 -5 9 13 24 12 14 -8 -12 17 -7 -16 19 20 -3 -21 23 -20 26 -26 -4 -23 29 -24 -31 -32 36 42 -25 49 -33 38 -34 -39 -27 48 43 45 -37 59 -13 -29 -28 50 51 -36 53 -35 -54 -44 -57 58 -58 61 -61 -30
right_child=3 18 10 7 -6 6 8 -9 -10 -11 11 46 -14 -15 15 -17 -18 -19 22 21 -22 27 28 34 25 40 41 47 33 30 31 32 37 52 35 44 -38 39 -40 -41 -42 -43 55 -45 -46 -47 -48 -49 -50 -51 -52 -53 54 -55 -56 56 57 -59 -60 60 -62 -63
leaf_value=0.065702378903980882 0.11215996867418289 0.024177463301393101 0.0080637676555488716 0.073086973428726193 0.182333887534983 0.010519019136314882 0.018673272353525342 0.12225192570937919 0.0031498241471126674 0.052124008658199994 0.02331975507129648 -0.0071130870497619651 0.029047327562020376 0.042912972316538033 0.00045756905508989636 -0.0065952935490396717 -0.010199150129919871 0.019843101894026095 -0.011362330570495528 -0.0098589787019641474 0.0020328437735919248 0.0054568183438769031 0.016642332163791754 -0.0083250143371532016 -0.014842521138925804 -0.0059471713180506702 -0.003018720396612952 -0.003743125024504202 0.0035999997360888843 0.0070261303205168936 -0.0087831716684417579 -0.002324155753796471 -0.0012615016329396056 -0.0040301451028026949 -0.0022662012226128082 -0.011363324382238917 -0.012058254319401282 -0.00096928574851136548 0.010603138532249196 -0.0067589446185156703 0.0026193683647479002 -0.005813897395338689 -0.0018602223267925506 0.0048798734680067036 -0.0036027653653954352 -0.0050408315227377896 -0.00070779530289915519 0.0027258518893482553 0.0036173356559472802 0.0026074325412143175 -0.0058128331135115082 0.002909878314653485 -0.0081869781082799624 0.0073577548756908907 -0.0032553374383551131 -0.010408320864015776 0.0019021211498968149 -0.0052530540043829073 -0.0036125846973895518 -0.0053427751831860446 -0.0012876950425105512 -0.00050429007744248972
leaf_weight=51 59 51 63 59 50 50 77 76 55 58 50 72 64 56 65 92 71 52 65 57 98 66 88 96 63 56 76 176 76 73 80 69 186 121 302 53 52 357 61 104 64 140 13927 57 85 114 97 52 57 71 87 75 86 51 1182 53 97 111 131 94 3254 1038
leaf_count=51 59 51 63 59 50 50 77 76 55 58 50 72 64 56 65 92 71 52 65 57 98 66 88 96 63 56 76 176 76 73 80 69 186 121 302 53 52 357 61 104 64 140 13927 57 85 114 97 52 57 71 87 75 86 51 1182 53 97 111 131 94 3254 1038
internal_value=-7.72239e-06 -0.00115838 0.00831135 0.121744 0.145715 0.0247564 0.0189032 0.10146 0.0289646 0.0363431 0.00149439 0.00599855 0.0109442 0.0291235 0.00637627 0.00223106 -0.00162188 0.00916851 -0.00175234 0.00146547 0.0097232 -0.0020576 -0.00182457 -0.00391641 -0.00277878 -0.00607963 -0.000968292 -0.000516801 -0.0017431 -0.000137548 -0.00165664 -0.0023609 -0.0017313 -0.00182734 -0.0032731 -0.00254119 -0.00657195 -0.000895909 0.00169957 -0.00228722 -0.00139446 -0.00307444 -0.00171965 -0.0011313 -0.00664358 -0.00120722 -0.00346247 -0.00226228 -0.000168925 -0.00147258 -0.00210116 -0.0012315 -0.00324247 -0.000630488 -0.00359601 -0.00190992 -0.00366627 -0.00258469 -0.00126836 -0.00110817 -0.00140311 -0.000221307
internal_weight=24469 24225 1429 244 109 418 367 135 246 191 1011 492 323 133 259 209 121 117 22796 500 149 351 22296 834 519 183 336 294 21462 1070 982 909 829 20392 769 673 121 708 247 461 120 273 18952 4633 138 4576 169 228 133 535 464 377 1440 172 1268 14319 392 339 228 4462 3348 1114
internal_count=24469 24225 1429 244 109 418 367 135 246 191 1011 492 323 133 259 209 121 117 22796 500 149 351 22296 834 519 183 336 294 21462 1070 982 909 829 20392 769 673 121 708 247 461 120 273 18952 4633 138 4576 169 228 133 535 464 377 1440 172 1268 14319 392 339 228 4462 3348 1114
is_linear=0
shrinkage=0.03


Tree=33
num_leaves=63
num_cat=0
split_feature=14 20 13 14 13 15 3 20 3 3 1 5 20 8 6 1 2 20 15 20 0 20 13 15 1 15 2 20 2 8 13 6 1 19 2 2 0 1 6 13 1 8 20 19 5 13 1 1 1 20 13 8 13 20 20 8 17 5 5 3 20 17
split_gain=3375.3 176.138 174.092 173.621 169.635 98.3986 86.9638 47.7991 30.5679 27.1122 34.7024 44.2571 25.897 14.8922 12.0014 21.6446 25.2137 6.73546 6.42905 6.27407 4.06572 3.56875 23.1774 4.23901 6.40092 3.43768 3.20103 6.59776 5.16192 3.14623 2.07695 1.86463 2.98592 2.57242 2.54927 1.57268 1.55958 1.78888 7.99169 1.77982 4.06377 4.18865 3.52436 6.12218 2.81038 2.12059 12.8489 3.60125 2.62868 2.22264 1.90805 1.97275 5.48014 2.9366 8.19557 2.76004 2.25419 4.58524 5.09232 3.74836 5.30688 2.93575
threshold=0.49123920472150223 2.0039493990201902 22.072573775156908 8.6782079256889961 7.9699423268201111 2.9769537023127601e-07 37.146371826810459 6.1494825792491111e-13 24.855685575051201 15.555530749449902 449.77557958968652 -25.428562384121001 0.8563069851691486 0.20384407386558581 0.0031855319316300705 865.47141884479663 5.3943475127872427 1.2878994310186551 7.9409338805090669e-23 2.4225234403102557e-13 434.07069273029805 6.6321986571914104 20.726004765659173 5.7528882342391325e-09 780.72969993465063 1.5545648567488146e-09 5.6989991899800918 16.267337256559554 5.7385850121863369 0.24285474406199151 30.385524926017613 0.34859186526787389 320.38917523516358 3.5000000000000004 5.5436663811027413 5.1895596426990069 79.894059463513273 1221.8018272717502 -0.16072697926990107 25.366601244429898 929.54083285078661 0.053695844996372928 9.831486006680473 3.5000000000000004 -33.883890624000571 23.027738602030471 13.672562619914801 909.82836450838306 8.5266585970936823 51.181998212397907 22.833336471476077 0.18856125970867935 22.628141608743309 16.267337256559554 20.814426856861456 0.38280467174164917 2.1316282072803015e-14 3.9584680884545986 -7.4467570878506999 20.084753050166853 36.752434567904459 2.9058718075072587
decision_type=2 8 2 2 2 2 2 8 2 2 2 2 8 2 2 2 2 8 2 8 2 8 2 2 2 2 2 8 2 2 2 2 2 2 2 2 2 2 2 2 2 2 8 2 2 2 2 2 2 8 2 2 2 10 10 2 2 2 2 2 8 2
left_child=1 2 6 -2 -3 -5 7 -1 12 10 20 -12 -9 -13 19 17 -17 25 -15 -11 -4 22 -6 24 31 29 36 28 -28 -16 -21 32 33 -24 -34 -32 -23 39 -39 42 -41 -42 43 -38 -43 48 -47 -48 49 -44 51 52 56 55 -55 -53 57 58 -50 -59 -61 -58
right_child=3 4 9 5 21 -7 -8 8 -10 14 11 13 -14 18 15 16 -18 -19 -20 30 -22 26 23 -25 -26 -27 27 -29 -30 -31 35 -33 34 -35 -36 -37 37 38 -40 40 41 44 45 -45 -46 46 47 -49 50 -51 -52 53 -54 54 -56 -57 61 59 -60 60 -62 -63
leaf_value=0.06242848890783359 0.078644773352701786 0.052036036301858914 -0.0055281307380621158 0.10961595009317843 0.014708500504134003 0.16639967231810845 -0.0023290227772668004 0.013137687140807621 0.048636884481499068 0.0052485446440826708 0.040349681810829284 -0.00027622429631614625 0.039399513072984393 0.023720245113501608 0.0027418138950571908 0.029785074687873322 0.00036400414949569563 0.0078551645185375076 0.009050114393855134 -0.0095990439503823959 0.0050367442277424474 -0.0044465506245023019 -0.0087743402351991504 -0.0083949784241769809 0.0074694520335644478 -0.0099092894885689023 -0.0029965062784010244 -0.0024418714088722546 -0.015688731676087746 -0.005685595260428028 0.00045692661711522797 0.0025553002198402948 -0.0024501418423283246 -0.0025662241085971657 0.0045833995415044846 -0.005470273245702895 0.010194793738840168 0.011134521877393127 -0.0035256431414745749 -0.0017194396846167725 -0.012742102253306747 -0.0099573018033395719 -0.010853774592602242 -0.0024279088271807318 -0.0024389868941760121 0.013196774324169382 -0.0012692568387107951 0.006389690768615953 0.0011398112596148944 -0.0019499789565228501 -0.0053225275173874407 -0.002534819977553547 0.008826068244874476 0.0076755018615060379 -0.0020949437813937541 -0.011107781214059441 -0.0042616721356729739 -0.0050588091851831111 0.011705110254761 0.0087031525856181013 -0.0014214603817149336 0.00079540981530507851
leaf_weight=51 58 52 91 58 88 78 65 98 56 57 55 77 52 58 90 53 51 65 53 82 50 176 88 72 74 50 55 2322 61 70 54 73 118 189 75 156 65 51 93 14250 51 52 50 72 296 60 1172 57 163 51 114 81 54 80 1689 58 296 166 54 57 236 158
leaf_count=51 58 52 91 58 88 78 65 98 56 57 55 77 52 58 90 53 51 65 53 82 50 176 88 72 74 50 55 2322 61 70 54 73 118 189 75 156 65 51 93 14250 51 52 50 72 296 60 1172 57 163 51 114 81 54 80 1689 58 296 166 54 57 236 158
internal_value=-4.01047e-05 -0.000936624 0.00926021 0.124374 -0.00157361 0.14316 0.0286491 0.0364627 0.0297638 0.0036251 0.0100637 0.0169108 0.0224424 0.00987648 0.000219767 0.0039111 0.0154983 -0.00051125 0.0168589 -0.00378859 -0.00177263 -0.00169752 0.00030051 -0.00155835 -0.000748263 -0.00312581 -0.00176765 -0.00279335 -0.00974791 -0.000957591 -0.00556458 -0.00187984 -0.00257267 -0.00456295 0.000292637 -0.00395119 -0.00164059 -0.00161507 0.00170748 -0.00163984 -0.00180331 -0.00478676 -0.00113363 0.00359144 -0.00358773 -0.00127523 -0.000242816 -0.000909135 -0.00167745 -0.00642099 -0.00152606 -0.00138441 -0.000421964 -0.00198112 -0.00164901 -0.00616582 -0.000871318 0.000227158 0.0038106 -0.00147157 0.000571077 -0.00250384
internal_weight=24597 24403 1434 194 22969 136 322 257 206 1112 384 243 150 188 728 379 104 275 111 349 141 22917 777 689 617 210 22140 2438 116 160 292 543 470 277 193 210 19702 19526 144 19382 14649 399 4733 137 348 4596 1289 1229 3307 101 3206 3092 1184 1908 1769 139 1130 676 217 459 293 454
internal_count=24597 24403 1434 194 22969 136 322 257 206 1112 384 243 150 188 728 379 104 275 111 349 141 22917 777 689 617 210 22140 2438 116 160 292 543 470 277 193 210 19702 19526 144 19382 14649 399 4733 137 348 4596 1289 1229 3307 101 3206 3092 1184 1908 1769 139 1130 676 217 459 293 454
is_linear=0
shrinkage=0.03


Tree=34
num_leaves=63
num_cat=0
split_feature=10 21 1 19 13 11 6 5 11 0 10 13 21 3 7 19 0 11 6 5 7 3 3 11 8 5 5 13 21 13 11 21 21 3 0 5 3 0 13 11 7 8 13 13 11 1 7 11 11 9 1 21 9 3 1 5 5 9 21 19 8 5
split_gain=3443.22 128.599 114.438 104.288 81.3464 76.1459 55.4577 36.8393 37.6741 40.735 30.4335 13.1049 36.6152 65.8338 10.3223 9.9377 9.7693 16.1979 10.35 7.38028 5.51505 4.6967 4.55095 4.51236 4.96191 3.61568 3.58815 3.38135 5.46464 12.9816 3.31787 4.87164 3.30916 3.2487 3.15343 2.94629 2.83239 2.72018 2.49351 2.37747 2.37688 2.20925 2.03442 3.85341 2.90831 4.35725 5.00544 5.4712 5.74106 2.79947 2.3014 3.26805 13.2958 3.8315 3.20578 4.1969 2.95858 2.53512 2.52366 4.89326 2.1972 2.60557
threshold=15.500000000000002 0.036504684508943612 112.22693434013551 3.5000000000000004 22.072573775156908 -108.34890901278798 -1.0000000180025095e-35 35.336230407455659 -105.29322089751098 471.92646392227158 2.5000000000000004 19.798410162809187 0.74963532101026853 12.826515964319201 0.18417145221265943 2.5000000000000004 120.68664106525152 -109.16731326876449 0.053407822088009878 16.856254719881054 -0.12028191491681105 24.664102095761354 37.146371826810459 -117.82074141105949 0.35961401163158163 56.039183011316254 6.2118970320900475 19.955075516297068 0.16606176382265053 25.366601244429898 -126.40291758002948 2.5164095287457751 1.3348445081265103 48.737503657922957 404.52198499892103 -37.631813286981213 52.51979483358091 573.69969057941705 14.150740928594738 -119.98709787691699 0.089867030382768234 0.38829821334645592 24.003723606436235 23.817306675096386 -105.36135492007399 289.61547457758405 0.1016953089007382 -87.843137241218599 -97.951394577977283 0.42791301395513254 894.48356307821007 0.49720573738700752 0.048656043765103803 36.209024009750912 1038.9999484889952 -32.563280544804549 -26.695148765365641 0.32993088738628279 0.60633676217324661 2.5000000000000004 0.42429100969592787 -2.2679386668470491
decision_type=2 8 2 2 2 2 2 2 2 2 2 2 8 2 2 2 2 2 2 2 2 2 2 2 2 2 2 2 8 2 2 8 8 2 2 2 2 2 2 2 2 2 2 2 2 2 2 2 2 2 2 8 2 2 2 2 2 2 8 2 2 2
left_child=1 4 -2 -4 5 -1 -7 8 22 10 14 12 13 -3 20 16 -14 32 21 -15 -10 -19 26 24 30 33 -6 -25 29 -29 -13 36 -18 -17 -21 -26 39 42 -35 -32 -24 -31 43 44 -30 60 49 48 -48 -47 51 52 -44 -54 56 -56 -52 -58 59 -53 -46 -62
right_child=2 11 3 -5 7 6 -8 -9 9 -11 -12 23 15 19 -16 25 17 18 -20 34 -22 -23 40 27 35 -27 -28 28 37 41 31 -33 -34 38 -36 -37 -38 -39 -40 -41 -42 -43 50 -45 45 46 47 -49 -50 -51 54 58 53 -55 55 -57 57 -59 -60 -61 61 -63
leaf_value=0.0042740969937090029 0.14621114600478904 0.040107688666386303 0.069655334455467691 0.11941573187708855 -0.014915507510304451 0.059696928416802124 0.02076226182168622 0.025582048858151487 0.00056601040501226768 0.033057221510292334 0.024077410964589367 -0.010776303886271574 -0.0058296910214836392 0.012303704411768522 0.010622439010102035 -0.0025995898803242825 0.003758520578214926 5.3429201137847622e-06 0.019846054819226265 0.0038953989087772293 -0.010444850886514895 0.012080303020138327 -0.0054380208399379621 -0.0083592428576979624 -0.0040935079443493276 -0.01006095650113331 -0.0049112864145461257 0.014474267989176691 -0.0022419840036882431 -0.0020076107962005256 -0.00076525274358811915 -0.0020847232587088991 -0.0047166584989743804 0.0074176796359660211 -0.0047497128494349969 0.0021539439090595739 -0.012655250318348406 -0.0024356304748274328 -0.00076060849365919986 -0.0085415898374249701 0.0024687228472903373 0.0048284070413419098 0.015054959404814376 0.0057972268352459652 -0.0024817383655182886 -0.0014796122598056138 0.0033063143624791078 -0.0030363537864759563 0.013757261267149603 0.0060160808952955096 -0.012118450280671057 -0.012361888996889126 -0.0020883290377920333 0.0060499843267998732 0.0055247702154895811 -0.0030801380280042275 -0.0064831516541738873 0.0012046239074658264 -0.0015895712134051619 -0.0023395046046406948 -0.0026408967268295009 0.0066946743807888461
leaf_weight=90 71 55 73 95 64 65 69 68 93 53 56 84 91 60 55 934 66 64 74 82 72 52 79 66 115 51 67 62 875 215 60 333 108 52 69 163 73 3450 91 86 59 52 52 79 549 325 125 59 76 51 56 56 355 60 60 312 132 54 13196 193 51 55
leaf_count=90 71 55 73 95 64 65 69 68 93 53 56 84 91 60 55 934 66 64 74 82 72 52 79 66 115 51 67 62 875 215 60 333 108 52 69 163 73 3450 91 86 59 52 52 79 549 325 125 59 76 51 56 56 355 60 60 312 132 54 13196 193 51 55
internal_value=-1.90179e-05 -0.00108504 0.113107 0.0983338 0.0101012 0.0256991 0.0399508 0.00482437 0.0024252 0.00922148 0.00454152 -0.00151129 0.000912 0.0111887 -0.000517704 -0.00082083 0.00291761 0.00511442 0.0111469 0.003497 -0.00427271 0.00547524 -0.00589035 -0.00171944 -0.00378161 -0.00233005 -0.00987481 -0.00162783 -0.00160581 0.00222467 -0.00524108 -0.0043808 -0.00149883 -0.00195497 -6.02749e-05 -0.000435843 -0.00784676 -0.00166824 0.00224417 -0.00537278 -0.00206416 -0.000663203 -0.00151024 -0.000669356 -0.000907777 -2.45732e-06 0.00176484 0.0049568 0.00730646 -0.000449648 -0.00164014 -0.00156059 0.00090495 -0.000899991 -0.00343712 -0.00168116 -0.00611834 -0.00425671 -0.00164629 -0.00463397 -0.00171857 0.00222033
internal_weight=24508 24269 239 168 890 224 134 666 598 329 276 23379 1849 266 220 1583 455 364 190 211 165 116 269 21530 914 1128 131 20616 20550 329 636 552 174 1077 151 278 219 20221 143 146 138 267 16771 2245 2166 1291 636 260 201 376 14526 13912 467 415 614 372 242 186 13445 249 655 106
internal_count=24508 24269 239 168 890 224 134 666 598 329 276 23379 1849 266 220 1583 455 364 190 211 165 116 269 21530 914 1128 131 20616 20550 329 636 552 174 1077 151 278 219 20221 143 146 138 267 16771 2245 2166 1291 636 260 201 376 14526 13912 467 415 614 372 242 186 13445 249 655 106
is_linear=0
shrinkage=0.03


Tree=35
num_leaves=63
num_cat=0
split_feature=16 14 2 1 13 13 19 3 2 3 15 2 13 2 3 3 4 2 7 1 19 13 3 3 15 0 13 3 15 3 19 4 13 1 13 16 3 5 2 15 7 2 13 3 10 4 19 0 3 10 15 4 7 7 2 7 10 19 3 7 7 7
split_gain=2606.27 136.067 99.994 41.2423 36.3641 24.4901 67.6529 35.9133 40.5711 32.6856 25.9593 10.8294 7.75401 11.8557 11.1032 16.406 12.8142 5.02429 4.32548 3.99215 7.51653 12.9944 23.4245 16.1294 11.1193 6.42799 7.43458 19.3444 5.94092 3.94797 9.62638 3.76512 7.09954 5.86739 3.57345 3.23873 2.97754 2.97071 3.29842 3.03293 2.82387 2.74494 2.67143 2.58622 4.09783 3.14913 3.90195 2.4592 2.22448 2.18227 2.16449 3.45664 2.11239 4.74604 1.915 2.27994 6.61128 1.65434 4.49941 4.68813 6.69008 4.84541
threshold=28.035921372148071 8.6782079256889961 4.9446156437062845 1093.2210965565102 17.682718661603577 19.556935693119268 2.5000000000000004 41.672482870429256 4.8219753565850363 13.634954221758102 5.9340961446270513e-09 5.4140815827252489 22.223829379635209 4.7619713021063959 14.997749359673902 10.806129727977803 35.428879309762458 4.3091970959639774 -0.36248537877486869 309.21741522263858 2.5000000000000004 24.165312313685096 17.728859201322056 11.678881228284203 2.9706568729385336e-09 406.33963700002909 32.568517897323161 19.315809432248553 2.5090904658954325e-09 8.4356769397410378 1.5000000000000002 75.972147171729759 13.358879132113104 653.71170384634308 13.929299104551164 9.7967225302323815 28.311176082105451 -3.4471074765995993 5.3096861827450619 7.9409338805090669e-23 -0.016693732980771255 5.4636906714495757 27.020756974483238 27.185275420564604 3.5000000000000004 15.411237498653852 1.5000000000000002 148.76149039051651 70.991715117796062 5.5000000000000009 7.9409338805090669e-23 11.179179238998403 -0.096555258088096604 0.21590310411728722 4.6123188026478017 0.45907561628461663 3.5000000000000004 1.5000000000000002 3.0443805050564254 0.023461834291124365 0.2598988694473397 0.16901005135764183
decision_type=2 2 2 2 2 2 2 2 2 2 2 2 2 2 2 2 2 2 2 2 2 2 2 2 2 2 2 2 2 2 2 2 2 2 2 2 2 2 2 2 2 2 2 2 2 2 2 2 2 2 2 2 2 2 2 2 2 2 2 2 2 2
left_child=3 -2 -3 5 -5 6 7 8 17 -10 -11 -12 13 -6 15 16 -14 -1 -16 48 21 22 23 24 -21 26 27 -23 -24 30 -27 32 -8 -34 -9 -22 -30 38 -20 -39 -15 -38 -29 44 45 46 -31 -28 49 54 -45 -52 -53 -54 -7 -56 -57 -49 -59 -60 61 -61
right_child=1 2 -4 4 12 19 31 34 9 10 11 -13 14 40 18 -17 -18 -19 37 20 35 25 28 -25 -26 29 47 42 36 43 -32 -33 33 -35 -36 -37 41 39 -40 -41 -42 -43 -44 50 -46 -47 -48 57 -50 -51 51 52 53 -55 55 56 -58 58 59 60 -62 -63
leaf_value=0.0049107193277255082 0.071879684750891321 0.087414104748251176 0.1439159212874461 0.025301624897720802 -0.0023261925106977713 -0.00028281832161627235 0.0089535045441389224 -0.0088559232898713907 0.035384765423343074 0.027992173975195597 0.015008804776906212 -0.00054856248199939726 0.0083590459868639368 0.020455695434760016 0.0064677272726069478 0.019561639959131603 -0.010199041664600372 -0.0076008991186972703 0.0044594683462422183 0.015011345051085029 -0.0018808357236124299 0.021009080133134329 0.0067503353467082087 0.026165895014448815 -0.0038079675834845092 -0.001923590697820338 -0.0047117653386984865 -0.0056047625250469609 0.0025171317713335154 -0.0028335398061136744 0.0098731867156245483 -0.0050788952045504156 -0.0023202327614533559 0.0081669438753605769 0.00096208163983543815 0.0054440355029973121 -0.010048795700269309 -0.0026413476269903351 -0.0048705825099750657 -0.011882479514819211 0.010120046289207842 -0.0020296506812480424 0.0040127850379436635 -0.0021362606050873488 -0.010971706168114905 -0.0016456818483081524 -0.011061026555735891 -0.00050034308670097105 -0.007019862927798483 -0.0074640455258796444 0.0045648456829208454 -0.0048669829025712544 0.0054743006220069872 -0.0057118961212585537 -0.0019522986552840532 -0.0011719382784079785 0.0091919556880990655 0.010229236938004545 -0.0020262622257786584 0.0029844863619655371 -0.0013484678667846997 0.015645684699217479
leaf_weight=64 90 55 78 77 50 733 59 50 90 80 78 82 90 51 50 66 52 51 72 63 4883 56 82 58 50 212 87 51 74 144 87 265 827 50 96 54 56 85 63 51 51 120 51 746 59 574 81 660 73 60 131 97 82 57 11346 458 62 50 242 56 105 53
leaf_count=64 90 55 78 77 50 733 59 50 90 80 78 82 90 51 50 66 52 51 72 63 4883 56 82 58 50 212 87 51 74 144 87 265 827 50 96 54 56 85 63 51 51 120 51 746 59 574 81 660 73 60 131 97 82 57 11346 458 62 50 242 56 105 53
internal_value=-3.31545e-07 0.101811 0.121377 -0.000988782 0.00589488 -0.0012097 0.00216104 0.0104614 0.0146894 0.0200228 0.0141391 0.00708177 0.0036667 0.00961636 0.00194224 0.00732418 0.00153933 -0.000655603 -0.00155704 -0.00148619 -0.00100694 -7.13757e-05 0.00444643 0.013432 0.00672386 -0.000689763 0.000899948 0.00701091 -0.000208127 -0.00167787 0.00153039 -0.0019288 -0.00103247 -0.00171371 -0.00243762 -0.00179963 -0.0025083 -0.00305596 0.000101646 -0.00616821 0.0154363 -0.00462355 -0.000803717 -0.00216509 -0.00340214 -0.00283017 -0.00583127 0.000124396 -0.00182941 -0.00179893 -0.00120926 0.00067574 -0.0014932 0.000879121 -0.00177136 -0.00186328 7.90279e-05 0.00048897 0.00177782 0.000830773 0.00405602 0.00922712
internal_weight=24626 223 133 24403 758 23645 1792 591 445 330 240 160 681 152 529 208 142 115 321 21853 9121 4184 503 171 113 3681 1411 158 332 2270 299 1201 936 877 146 4937 250 271 135 136 102 176 102 1971 858 799 225 1253 12732 12659 1113 367 236 139 12599 11866 520 1166 506 456 214 109
internal_count=24626 223 133 24403 758 23645 1792 591 445 330 240 160 681 152 529 208 142 115 321 21853 9121 4184 503 171 113 3681 1411 158 332 2270 299 1201 936 877 146 4937 250 271 135 136 102 176 102 1971 858 799 225 1253 12732 12659 1113 367 236 139 12599 11866 520 1166 506 456 214 109
is_linear=0
shrinkage=0.03


Tree=36
num_leaves=63
num_cat=0
split_feature=16 21 7 13 11 13 18 11 0 13 8 5 13 21 1 9 13 11 13 7 17 21 0 7 5 1 12 13 21 12 5 1 0 12 16 1 1 21 8 1 11 9 1 11 9 5 9 21 1 0 11 12 8 1 9 17 1 16 5 12 11 9
split_gain=3184.78 115.07 93.8728 87.2684 82.326 38.4592 30.6944 23.6917 67.502 30.0308 23.6197 14.5186 11.1202 27.4257 18.3598 25.4566 10.6081 7.12644 5.59433 5.47512 5.15371 4.68017 4.11021 3.93387 3.54921 3.22279 3.14994 6.4479 9.37609 21.1477 3.10612 2.67788 3.07911 3.30467 2.70252 2.40858 3.13151 7.67233 3.32398 2.91149 4.07842 11.2522 2.37673 2.32332 3.30742 2.44983 2.37366 2.18511 2.17341 2.03766 1.96536 5.33912 1.97413 1.95573 2.55821 1.5784 3.26419 2.78591 1.52204 4.16679 2.86962 2.77617
threshold=28.035921372148071 0.13122009026230202 0.13865643631271676 22.479600118490854 -109.01385142244349 19.476696818100418 3.4126311908591478e-07 -102.83378429634949 466.87115725032606 31.346657075351825 0.23887830129059953 34.43040323791201 19.798410162809187 0.74963532101026853 526.18175742024516 0.24667592122678264 15.793818478265431 -92.515458915187523 17.071458040633818 0.066722573960783307 1.0000000180025095e-35 0.031908323497307108 500.56587541831851 0.027009487135792657 -0.77086414655479973 768.69078390335369 -97.928484225005107 32.26686922872058 0.83585823263001158 -94.986746616650748 -33.033152935243862 9.5422600458443316 362.04089181813009 -106.12707172905148 10.137992316028393 1168.1806914616852 739.09065577657464 1.8255482672045453 0.18266953637887087 299.65738964835555 -97.238823608277684 0.28755568446200824 273.94161655865508 -114.65418303915898 0.12245026307140462 7.5091475857546515 0.36623677115042513 2.0075811633358605 575.3950315833946 226.65576988706903 -87.843137241218599 -88.992382111569682 0.06142278815904146 929.54083285078661 0.29498689452751142 0.17684176655169395 880.35055753992367 0.6580955068869786 50.518695698921405 -124.63894669376059 -123.00944998717898 0.19851509948148663
decision_type=2 8 2 2 2 2 2 2 2 2 2 2 2 8 2 2 2 2 2 2 2 8 2 2 2 2 2 2 8 2 2 2 2 2 2 2 2 8 2 2 2 2 2 2 2 2 2 8 2 2 2 2 2 2 2 2 2 2 2 2 2 2
left_child=1 3 6 4 16 -6 -2 11 9 -9 -4 19 13 14 18 -16 -1 24 -3 20 22 25 -5 -19 -11 -21 31 28 29 -28 -15 32 33 -14 55 36 39 38 -38 40 42 -42 49 47 -45 -46 -47 -41 -31 -32 51 -30 -52 -29 -55 57 -57 58 59 61 -60 -33
right_child=2 12 10 7 5 -7 -8 8 -10 17 -12 -13 26 30 15 -17 -18 23 -20 21 -22 -23 -24 -25 -26 -27 27 53 50 48 35 34 -34 -35 -36 -37 37 -39 -40 43 41 -43 -44 44 45 46 -48 -49 -50 -51 52 -53 -54 54 -56 56 -58 -59 60 -61 -62 -63
leaf_value=0.012010182591861691 0.077237310824362013 0.0088205478329473411 0.15199466258753089 0.0013284932986887103 0.048803792396608814 0.020894725895536308 0.11105946986919099 0.019880520033235368 0.03936117605040116 -0.0087463164195651193 0.11329554360500484 0.011086428867280482 -0.013593063484804588 0.0066879464446238292 0.034143571739418892 0.0060150687103371382 -0.0057107184076448901 -0.00083347675087422411 -0.0037973662851545128 0.0018750970497993485 -0.013778075717206373 0.0074630993406372293 -0.0078780758394017582 0.010820951322407032 0.00041129463294055309 -0.008076722512868317 0.02358059395214214 -0.0013971866148604665 8.2751751764021118e-05 -0.0019691861644768605 -0.0070519189879673328 -0.011513849186428289 -0.0027128218273578105 -0.0034772084185136589 0.0049653643969860342 -0.0069457281567156309 0.012983507829669274 -0.0044131181810607573 0.0028066904131384168 -0.01118659591636146 -0.0020706133962102536 0.015854227636831211 0.005025980486534536 0.0029306566863491826 -0.0089622058330810286 -0.0042168672908111078 0.0019495287695141552 -0.0024695310852367361 0.0058323604729957875 -0.00095271777726747559 -0.0071881026880426082 0.010216004319543786 -0.00096676948680589315 -0.0070607892859096489 -0.00037840314844453875 -0.0024412603441742245 -0.010113969757311188 0.0050764213556593113 0.006599311425948059 -0.0016921554828457693 -0.00084987841070512625 -0.0032491818522768358
leaf_weight=57 73 59 50 81 89 93 54 79 55 95 52 74 53 50 52 65 63 52 66 62 60 60 93 51 63 54 50 3843 568 86 53 62 498 65 53 55 56 76 60 52 82 50 54 97 57 162 85 52 50 573 51 50 396 126 87 1319 51 54 52 13242 381 90
leaf_count=57 73 59 50 81 89 93 54 79 55 95 52 74 53 50 52 65 63 52 66 62 60 60 93 51 63 54 50 3843 568 86 53 62 498 65 53 55 56 76 60 52 82 50 54 97 57 162 85 52 50 573 51 50 396 126 87 1319 51 54 52 13242 381 90
internal_value=2.99349e-05 -0.000943523 0.111218 0.00818611 0.0220711 0.0347347 0.0923737 0.00339595 0.00883803 0.00379951 0.133557 -0.00105448 -0.00141096 0.000815507 0.0102116 0.0187 0.0027364 -0.00112522 0.00218103 -0.00326741 -0.00626411 0.00072972 -0.00360916 0.00498572 -0.00511524 -0.00278708 -0.00160566 -0.00097241 0.000909948 0.00710557 -0.000598771 -0.00181668 -0.00375562 -0.00809682 -0.0017384 -0.000835847 -0.000608702 0.00296092 0.00778862 -0.00113095 -1.78721e-05 0.00478725 -0.000956292 -0.00291713 -0.00187138 -0.00340819 -0.00209552 -0.00689309 0.000920666 -0.00147953 -0.000177755 0.000917774 -0.00169105 -0.00155307 -0.00434589 -0.00176202 -0.00273406 -0.00166589 -0.00169259 -0.00174918 5.7857e-05 -0.00667352
internal_weight=24493 24264 229 1181 302 182 127 879 395 340 102 484 23083 1856 242 117 120 261 125 410 234 176 174 103 158 116 21227 5307 1251 186 1614 15920 616 118 15304 1564 1509 192 116 1317 812 132 680 505 401 304 247 104 136 626 1065 618 447 4056 213 15251 1370 13881 13827 13394 433 152
internal_count=24493 24264 229 1181 302 182 127 879 395 340 102 484 23083 1856 242 117 120 261 125 410 234 176 174 103 158 116 21227 5307 1251 186 1614 15920 616 118 15304 1564 1509 192 116 1317 812 132 680 505 401 304 247 104 136 626 1065 618 447 4056 213 15251 1370 13881 13827 13394 433 152
is_linear=0
shrinkage=0.03


Tree=37
num_leaves=63
num_cat=0
split_feature=16 1 20 17 0 10 20 11 3 3 7 11 3 3 0 9 20 10 3 0 4 9 3 4 8 6 20 7 9 10 9 19 11 0 20 17 9 0 8 20 3 3 9 9 20 6 4 7 1 20 20 11 20 8 8 17 6 3 9 6 6 20
split_gain=3216.46 162.495 130.412 79.8682 65.3866 55.2948 118.82 52.9381 28.2356 28.1301 32.3707 22.559 26.8325 23.7273 19.6155 19.864 4.29055 11.4433 23.1465 4.18061 3.71798 4.85532 7.82932 3.57093 3.49107 3.31536 3.57007 3.86857 3.31002 3.20464 3.14276 2.9634 2.4463 2.21141 5.87992 3.77367 2.14888 1.98966 1.98953 3.29611 2.49957 2.2969 2.06153 2.36629 2.02935 1.97814 1.80436 1.5796 1.50842 3.08533 4.14863 3.70453 3.34485 2.50988 2.21671 1.53847 1.52282 1.44309 1.39501 1.33262 1.31863 3.17757
threshold=28.035921372148071 99.039274249284219 2.0039493990201902 10.175847219425174 334.80009867568907 2.5000000000000004 2.4225234403102557e-13 -104.23759265051298 3.3135101783186802 6.1186982349081456 -0.0084979542053988926 -97.396108734407932 17.147342795953104 10.450032347526202 428.06278480504307 0.26309680213241299 6.6321986571914104 3.5000000000000004 34.548544482532712 365.31765289953955 63.406376638840456 0.15740400301544713 11.228357790527452 42.110336787975506 0.212911901573027 0.10373299187580899 0.47894238492311508 -0.0084979542053988926 0.34352019392655736 6.5000000000000009 0.30282181788474022 3.5000000000000004 -119.07351551162948 599.4040506938062 13.298681841841001 1.6748481305492027 0.33377681510594664 414.9080529682571 0.33627748431917631 59.826345117327556 52.51979483358091 51.954984988807006 0.33956712154680618 0.4204032809723644 27.543823515316401 -0.44590936386040431 45.055346701825158 0.3181480918240141 929.54083285078661 15.732339696597101 57.587732829686963 -106.84417462698998 37.222278777163659 0.44312316178236083 0.24672117211187586 1.0000000180025095e-35 -0.023430661522040538 42.846566560091652 0.10154341406894397 -0.46604670705252799 -0.25489990604504958 13.298681841841001
decision_type=2 2 8 2 2 2 8 2 2 2 2 2 2 2 2 2 8 2 2 2 2 2 2 2 2 2 8 2 2 2 2 2 2 2 8 2 2 2 2 8 2 2 2 2 10 2 2 2 2 8 10 2 8 2 2 2 2 2 2 2 2 8
left_child=2 -2 5 4 -3 8 -7 14 -1 -9 -11 19 13 -13 15 -8 17 20 -19 -10 21 31 -23 36 -14 30 -27 -28 -16 32 46 -4 38 48 -35 45 37 -24 39 40 -18 57 58 -44 -43 59 -21 -32 60 -50 51 -51 56 55 -54 -52 -53 -40 -41 -36 -34 -62
right_child=1 3 16 -5 -6 6 7 9 11 10 -12 12 24 -15 28 -17 29 18 -20 25 -22 22 23 -25 -26 26 27 -29 -30 -31 47 -33 33 34 35 -37 -38 -39 41 42 -42 44 43 -45 -46 -47 -48 -49 49 50 53 52 54 -55 -56 -57 -58 -59 -60 -61 61 -63
leaf_value=0.020241521962018921 0.15761075772074135 0.05944620727526663 -0.010874763665408252 0.12718731924891472 0.10552815852588729 0.050638129931427786 -0.0017203083593443397 0.0015265096949835151 0.0036623821987472856 0.012272559679297142 0.039401108393895212 0.0072526120815648515 0.0044330747905598185 0.034641199472415091 -0.0099379173900524618 0.023361133468108919 -0.0039444761447173177 -0.0006842752791782643 0.024457504346090203 -0.005695784791803233 0.0052807386342803358 0.0089675547037800039 -0.0067515772194301164 -0.0074020901674318107 -0.0062056228061794436 -0.0045855076740303176 0.0095232616534785298 -0.0021844706366605615 -0.0004708658357580693 -0.0089955690443619257 0.0019621186801311321 -0.0026366464776748956 -0.0018965892562846254 -0.01075687718653353 -0.0033978942440201837 0.0047006487542682364 0.0028094801887531174 0.00083672003953584595 -0.00032672721925856813 -0.0047769928194611568 -0.010951388712564949 -0.003451224444609768 -0.010274302219163233 -0.0020045583682056045 0.0038133297317661341 -0.0022068910543983074 -0.012608299643363593 -0.0052518559334909214 -0.0084716227966258311 0.0061070554489695622 -0.0032923027763287981 -0.0011373787882895964 -0.0018567310520805991 0.0023809202577775484 0.0069598020399537159 -0.0070709858971358033 -0.0081240693529910073 -0.0066455355570651589 0.00040107498210189597 -0.0097976758388372571 0.00080489135154741885 -0.0014005929139294551
leaf_weight=77 54 66 72 55 56 73 61 52 96 75 86 66 50 50 95 52 91 93 50 105 70 68 61 85 60 86 50 50 51 53 58 87 4446 74 71 68 109 62 55 63 95 52 56 70 99 2035 52 50 76 80 282 52 51 51 50 150 61 79 174 51 615 13074
leaf_count=77 54 66 72 55 56 73 61 52 96 75 86 66 50 50 95 52 91 93 50 105 70 68 61 85 60 86 50 50 51 53 58 87 4446 74 71 68 109 62 55 63 95 52 56 70 99 2035 52 50 76 80 282 52 51 51 50 150 61 79 174 51 615 13074
internal_value=-2.35018e-05 0.11116 -0.00107494 0.0961825 0.0812846 0.00782752 0.0152778 0.00971347 0.00303822 0.0207547 0.0269174 0.00130063 0.00925185 0.0192532 0.000588292 0.00992527 -0.00161684 0.000603431 0.00821535 -0.00199541 -0.00117985 -0.00201934 -0.00019342 -0.00218057 -0.00137348 -0.00320516 -0.000131876 0.00370573 -0.00665663 -0.00169266 -0.00535366 -0.00641177 -0.00167476 -0.00161216 -0.00249121 -0.0022116 -0.000243955 -0.00295068 -0.00326856 -0.00432313 -0.0075627 -0.0012291 -0.00264697 -0.00573196 0.00130538 -0.00243158 -0.00805059 -0.00139523 -0.0015056 -0.0027387 -0.00216778 0.00064101 -0.00142127 -0.00387527 0.00253333 -0.00461765 -0.00494713 -0.00407363 -0.000989661 -0.00613112 -0.00144746 -0.00130146
internal_weight=24557 231 24326 177 122 1395 545 472 850 213 161 773 226 116 259 113 22931 757 143 547 614 544 385 317 110 451 186 100 146 22174 265 159 22121 21287 2299 2225 232 123 834 549 186 285 363 126 151 2157 157 108 18988 853 777 294 214 483 101 432 113 134 237 122 18135 13689
internal_count=24557 231 24326 177 122 1395 545 472 850 213 161 773 226 116 259 113 22931 757 143 547 614 544 385 317 110 451 186 100 146 22174 265 159 22121 21287 2299 2225 232 123 834 549 186 285 363 126 151 2157 157 108 18988 853 777 294 214 483 101 432 113 134 237 122 18135 13689
is_linear=0
shrinkage=0.03


Tree=38
num_leaves=63
num_cat=0
split_feature=10 14 4 13 4 15 7 4 12 11 13 17 4 15 2 11 3 7 17 3 3 2 7 12 2 13 11 4 4 13 4 5 15 13 11 12 4 3 0 15 11 4 12 10 3 3 13 0 2 5 7 3 13 7 17 2 0 13 11 7 13 15
split_gain=2760.17 178.036 115.586 26.8644 41.6617 21.8994 17.7176 13.9904 11.8403 7.54166 8.45859 8.31746 8.72487 7.1568 6.9575 9.87804 16.3247 22.5432 20.1568 6.8765 17.8364 20.5408 6.54193 5.69858 5.46054 4.8252 4.72023 4.42192 4.19637 5.62887 4.12356 4.02602 8.04325 3.96721 3.58635 3.72463 3.57614 3.47852 5.96642 3.33338 3.26911 6.51957 3.20661 2.91231 4.0492 6.46767 2.79281 2.79171 8.37776 3.65448 3.30757 2.78152 2.53184 2.84714 2.47931 2.22767 2.91538 2.11794 2.07832 2.05472 1.98254 1.98071
threshold=15.500000000000002 6.9404497170629975 56.17554944729121 19.476696818100418 -2.1508077512169796 5.2906841597815508e-09 -0.07369058201366839 45.678642176046601 -115.79548854263386 -107.74001902951998 32.26686922872058 1.0000000180025095e-35 25.047374025130001 1.1708634145297168e-09 5.4705544567827369 -87.39238786151823 13.018325120017151 0.16901005135764183 0.46083418969000606 16.532592915686205 10.626349967558852 5.4907996685751357 -0.32325063458848241 -96.867717716302209 5.1583650167829989 23.817306675096386 -106.63700431845548 21.862211967008353 53.725543679334159 15.948295764385763 -2.1508077512169796 -22.181823697473366 5.6507794151629424e-09 20.550213609132204 -107.00923439618448 -109.56775279977373 56.955070283469155 3.5571626691226306 315.35499712619657 1.853971374002357e-08 -100.998253057654 38.920255426934453 -112.78130131468434 4.5000000000000009 23.416695064589504 19.908755134551104 12.592107726904347 360.33729749785755 5.2877854060858605 -13.553802075275449 -0.1043182846599837 3.3135101783186802 18.510145073565266 0.043280435684321279 1.1779096147164816 5.4140815827252489 349.53958016596658 25.156660194791417 -105.74060672630149 0.25634926446056211 23.469703943806753 7.1015198720184499e-09
decision_type=2 2 2 2 2 2 2 2 2 2 2 2 2 2 2 2 2 2 2 2 2 2 2 2 2 2 2 2 2 2 2 2 2 2 2 2 2 2 2 2 2 2 2 2 2 2 2 2 2 2 2 2 2 2 2 2 2 2 2 2 2 2
left_child=3 -2 -3 4 -1 6 -6 -8 46 43 11 12 19 -13 15 16 17 18 -10 20 22 -22 -11 24 34 33 -16 55 -26 42 -15 32 -32 -14 35 -18 -12 38 -38 -36 -35 -42 -30 -5 45 -45 -7 49 50 -33 -49 -50 53 -17 60 56 -21 -46 -57 -24 61 -51
right_child=1 2 -4 9 5 8 7 -9 14 10 36 13 25 30 26 52 23 -19 -20 27 21 -23 59 -25 28 -27 -28 -29 29 -31 31 47 -34 40 39 -37 37 -39 -40 -41 41 -43 -44 44 57 -47 -48 48 51 54 -52 -53 -54 -55 -56 58 -58 -59 -60 -61 -62 -63
leaf_value=0.029094502556936973 0.06837134356124569 0.14442075313838279 0.084888897619016884 -0.0017507740866882185 0.00036457119349004896 -0.0083718183579289222 0.0068284733120470191 0.027005368676834875 0.0074888294452830446 0.011525150079824874 -0.0013755284309179437 0.008932622825455809 -0.0032145524414737177 -0.005126715841772966 -0.0001529507414705516 -0.00074303522700211032 -0.002507203784281094 -0.0021236564612514535 0.030570855049221815 -0.0002599926582279941 0.0069134815137367692 0.030901246066479118 0.0017412399923028546 0.0096593449243749553 0.011517510410257668 -0.002807388077166839 -0.0099720001569949101 0.0083605675496366584 0.0019651223759033849 -0.002801437637888305 0.0097575653731943133 -0.0079232642442608869 -0.003273360122281091 0.00079940875081886209 -0.0089725156090069754 0.0079776434993083754 -0.0013902116942918997 -0.00023970704006960323 0.011349027415594229 7.2315933225168422e-06 0.015410421391079239 0.0019144792976190468 0.01195442721069875 -0.0040724524261758072 -0.00012021769622806458 -0.016785208705593555 -0.0024843312367884211 0.001068264707430556 0.003965623019628931 0.0031828753563829444 0.010222457977308129 -0.0016210750202049907 0.002274315930329836 -0.0097325497837332277 -0.0047482872705455429 0.001199908434198453 0.0060546464772337598 -0.0046384691716527659 -0.0071160188825850025 -0.0049411795839102417 -0.0031927100044364725 -0.0027272417413297333
leaf_weight=51 91 91 52 7006 86 104 57 69 71 52 9728 66 96 199 166 59 75 70 66 196 89 50 128 76 52 352 59 76 62 108 92 98 78 154 86 50 67 1295 64 65 52 83 54 126 199 50 239 60 87 164 87 910 51 68 160 51 98 175 56 60 134 73
leaf_count=51 91 91 52 7006 86 104 57 69 71 52 9728 66 96 199 166 59 75 70 66 196 89 50 128 76 52 352 59 76 62 108 92 98 78 154 86 50 67 1295 64 65 52 83 54 126 199 50 239 60 87 164 87 910 51 68 160 51 98 175 56 60 134 73
internal_value=-3.54004e-06 0.102451 0.123513 -0.000858611 0.0026217 0.00185291 0.0108833 0.0180034 0.000635888 -0.00114381 -0.000753412 0.000468699 0.00212021 -0.000723231 0.00200263 0.00306225 0.0044294 0.0117147 0.0187496 0.00417848 0.00719005 0.0157013 0.00221594 0.00201322 0.000944934 -0.000272822 -0.00276045 0.0017756 0.0039219 0.00211529 -0.00102478 -0.000602243 0.00379449 0.00204577 -0.00203545 0.00171676 -0.00116988 0.000233001 0.00487237 -0.00513244 0.0037982 0.007188 0.00667775 -0.00191628 -0.00401753 -0.00775846 -0.00428861 -0.00102572 -0.000142432 -0.00262942 0.00651852 -0.00113008 -0.00334002 -0.00559475 -0.00163935 0.000509885 0.00185828 -0.0022411 -0.00317794 -0.000406307 -0.000289401 0.00135865
internal_weight=24589 234 143 24355 1844 1793 212 126 1581 22511 14955 3801 1593 2208 1238 1013 835 207 137 856 379 139 240 628 552 737 225 477 276 224 2142 1943 170 385 276 125 11154 1426 131 151 289 135 116 7556 550 176 343 1773 1144 629 147 997 178 127 531 401 294 374 107 188 371 237
internal_count=24589 234 143 24355 1844 1793 212 126 1581 22511 14955 3801 1593 2208 1238 1013 835 207 137 856 379 139 240 628 552 737 225 477 276 224 2142 1943 170 385 276 125 11154 1426 131 151 289 135 116 7556 550 176 343 1773 1144 629 147 997 178 127 531 401 294 374 107 188 371 237
is_linear=0
shrinkage=0.03


Tree=39
num_leaves=63
num_cat=0
split_feature=13 13 19 20 13 12 3 21 3 21 13 12 13 1 13 21 5 21 4 13 21 21 2 13 12 12 13 12 3 1 1 1 4 1 12 13 15 2 21 1 1 6 21 12 17 17 15 20 13 3 5 13 20 21 20 2 21 21 6 2 20 3
split_gain=2060.84 201.551 122.151 101.837 118.103 87.3203 31.2986 38.3434 35.6384 24.4656 21.7657 10.6568 21.4557 8.88094 8.23326 6.43028 5.94482 3.9575 5.50313 3.94088 3.67574 3.57217 10.2729 12.5171 28.8143 2.51105 10.2769 3.77543 3.97137 3.14193 2.44974 3.66266 2.18159 2.15943 2.14852 1.91355 2.0838 1.53226 1.4949 1.44168 1.88058 2.26983 1.96944 1.42093 1.42065 4.03193 1.62557 2.47376 1.35695 1.34411 2.55081 1.31507 10.2217 15.4101 3.64927 2.02515 1.89274 1.88473 3.15155 1.85555 2.03616 1.68051
threshold=7.9699423268201111 -3.5216215127893089 3.5000000000000004 2.0039493990201902 19.885603929653858 -109.99676292990355 18.042053619478704 0.028814196311226805 14.071958863149701 0.011303803562451703 16.893312118921909 -102.98940403816049 26.909634790195657 328.775639910047 28.105823003308689 0.022358981364493106 35.336230407455659 0.49720573738700752 21.229882262432351 38.069489059962514 0.67863621118673711 0.16606176382265053 5.1429865684079372 31.346657075351825 -105.71922034429905 -96.358187977278689 14.936759318241387 -95.977408951996793 53.174083995775455 424.31761665047503 1093.2210965565102 1038.9999484889952 35.763020213109762 991.84394670890504 -108.97932718383083 13.014440456919987 7.5502300876422502e-08 5.6295283293906353 0.41697579079349856 929.54083285078661 1015.5159270254002 0.13171819378387786 1.2527108906497901 -122.54698342879348 3.4303291090515837 3.1548823823252552 2.1481977000317193e-08 20.351265370704354 25.963557220150019 38.090626033657152 52.530943332856808 22.27319241660614 10.811646786697301 1.5661751892854603 16.778492641020851 5.778980062599083 1.2628053865686504 1.3575942296014401 -0.34129996555136616 5.8477278460967694 5.0474377793694964 70.991715117796062
decision_type=2 2 2 8 2 2 2 8 2 8 2 2 2 2 2 8 2 8 2 2 8 8 2 2 2 2 2 2 2 2 2 2 2 2 2 2 2 2 8 2 2 2 10 2 2 2 2 8 2 2 2 2 8 8 8 2 8 8 2 2 8 2
left_child=1 -1 -3 4 5 -2 7 8 9 -6 -7 16 -13 -9 -15 -5 19 18 -14 32 -16 22 -17 24 -24 30 -27 29 39 -28 31 33 -8 35 -21 43 44 -25 -36 -29 -41 42 -42 -23 45 46 51 -48 -32 50 -45 52 53 -37 -54 -56 59 58 -58 60 -53 -59
right_child=3 2 -4 15 6 10 11 13 -10 -11 -12 12 17 14 20 21 -18 -19 -20 34 -22 25 23 37 -26 26 27 28 -30 -31 48 -33 -34 -35 38 36 -38 -39 -40 40 41 -43 -44 49 -46 -47 47 -49 -50 -51 -52 56 54 -55 55 -57 57 61 -60 -61 -62 -63
leaf_value=0.12401998535792032 0.0016289203857573179 0.036834273823730349 0.092597218799591055 -0.012066787210495771 -0.00013030475499245392 0.026073502155951472 -0.011236733434488996 -0.0067962913756423136 0.040210766121745109 0.022204129503619288 0.051249728338526826 0.018273259399092887 -0.0043478311038738608 0.014896133784907607 0.006867287630105719 -0.010437563747829316 0.0053719343541789857 -0.0057503833628476725 0.0089283918451983479 0.00043250661046477035 -0.0036602684001748758 -0.0087721199618981168 -0.00025326616072561591 8.9146559132459736e-05 0.027684591911065409 0.011504441067213064 0.00063576509668824394 -0.0011296868768126799 0.0055107730681288845 0.0095782826815803464 -0.0068612274758925191 0.0043358316736053079 -0.0037043496776771332 -0.0060707433477461764 -0.008357134292618586 0.019021126543857941 0.0038217122266785454 -0.0058818133202764916 -0.001808487972178097 -0.0080970285727910828 0.0044660610394203102 -0.0056346839255432494 -0.0026505185860358845 -0.00032160623936131457 -0.0035908434182798086 0.0056101309201142318 -0.009371871615107271 -0.002468622169387208 -0.0024554344510020563 0.00040218895079138187 -0.0097265277883775945 -0.0064455483298043641 -0.0071254454168581186 -0.0026363374476486277 -0.0012540027571114676 0.0038803248671330001 0.0076497639981372391 -0.0014592201908368938 -0.00042559117263629779 0.0021985264126132857 -0.0022106282726011383 -0.0065397312391107356
leaf_weight=89 77 71 74 50 84 55 99 84 50 92 83 69 52 52 50 56 58 88 59 119 71 50 89 160 52 59 111 4065 78 51 119 93 55 96 64 56 64 50 62 58 59 96 83 51 305 70 55 291 136 64 52 105 92 61 1320 72 50 10873 295 82 3092 58
leaf_count=89 77 71 74 50 84 55 99 84 50 92 83 69 52 52 50 56 58 88 59 119 71 50 89 160 52 59 111 4065 78 51 119 93 55 96 64 56 64 50 62 58 59 96 83 51 305 70 55 291 136 64 52 105 92 61 1320 72 50 10873 295 82 3092 58
internal_value=-1.16063e-05 0.0883347 0.0657319 -0.000936721 0.00684586 0.0272785 0.0031897 0.00909744 0.0180822 0.011604 0.0414755 -0.000753179 0.00398741 0.00115699 0.00503556 -0.00142446 -0.00353585 -0.00103258 0.00272561 -0.00484091 0.000710593 -0.00140046 0.00138218 0.00329224 0.0101725 -0.00145139 -0.000831878 -0.000992535 -0.00115697 0.00349249 -0.00161534 -0.00157224 -0.00858785 -0.00160433 -0.00246036 -0.00157899 -0.00154293 -0.00135365 -0.0051744 -0.00127746 -0.00329619 -0.00209726 0.000316924 -0.00437369 -0.0015635 -0.00152598 -0.00155658 -0.00358981 -0.00453024 -0.00301242 -0.00511759 -0.00151282 -0.000696123 0.00780298 -0.001371 -0.000985839 -0.0016026 -0.00141786 0.000763477 -0.00223726 -0.00235169 -0.00148677
internal_weight=24376 234 145 24142 1423 215 1208 483 226 176 138 725 268 257 173 22719 457 199 111 399 121 22669 407 351 141 22262 4660 4601 4439 162 17602 17347 154 17254 245 17158 16941 210 126 4361 296 238 142 217 16877 16572 16502 346 255 167 103 16156 1601 117 1484 1392 14555 11276 345 3279 3197 10931
internal_count=24376 234 145 24142 1423 215 1208 483 226 176 138 725 268 257 173 22719 457 199 111 399 121 22669 407 351 141 22262 4660 4601 4439 162 17602 17347 154 17254 245 17158 16941 210 126 4361 296 238 142 217 16877 16572 16502 346 255 167 103 16156 1601 117 1484 1392 14555 11276 345 3279 3197 10931
is_linear=0
shrinkage=0.03


Tree=40
num_leaves=63
num_cat=0
split_feature=16 14 2 20 15 2 19 3 3 20 20 9 5 11 2 4 12 9 16 3 16 2 12 15 3 1 2 20 2 1 9 19 1 3 1 1 20 9 9 20 3 20 3 15 20 5 1 9 3 9 5 1 3 16 12 8 3 20 15 20 20 5
split_gain=2432.44 175.189 134.345 115.61 56.9088 56.2222 47.0216 36.5373 33.0807 30.8457 28.6139 29.9579 25.8032 32.3628 19.7303 8.3134 7.75875 8.64156 7.45117 4.99566 3.33525 2.52724 2.04817 5.98197 5.0536 3.11001 5.85007 2.51639 8.66716 18.1277 3.86207 2.1421 2.12388 2.41566 4.06509 2.11641 2.94989 2.44229 2.36364 1.84861 4.01043 2.50794 2.26207 1.78157 1.75826 1.64975 1.64834 3.5269 1.58398 1.57769 1.56959 1.74055 1.48929 1.38675 2.73935 1.99247 1.47834 1.334 1.29286 2.4729 1.91471 1.47435
threshold=41.48643621330298 8.6782079256889961 4.9367769795325769 2.0039493990201902 6.0497727192217393e-10 5.5662702005478595 2.5000000000000004 3.3135101783186802 35.818883005848257 2.4225234403102557e-13 1.2878994310186551 0.36853420016226718 14.754835386321099 -100.52723300055699 4.9286018101705933 70.718637896105562 -96.183868907156025 0.31181438550862423 15.976118479337485 19.676353691275803 1.0000000180025095e-35 3.3409260858979981 -108.18404325768948 3.4679326804210185e-08 10.061731590832251 9.5422600458443316 5.1986188102171322 8.7731200861354726 4.9601565523459525 293.24003780481706 0.15740400301544713 3.5000000000000004 59.94280584028521 16.532592915686205 305.68852117265305 789.30510954328508 15.732339696597101 0.26499323806789726 0.22507583427481584 12.347912724316052 14.431971690585902 13.298681841841001 21.462984176492352 1.6801656561740697e-07 1.4609906702845001 -14.839201418172049 1221.8018272717502 0.18828902304405973 37.387308613250362 0.23067818385874531 -10.920204208101548 929.54083285078661 9.8756728257491773 1.0000000180025095e-35 -124.63894669376059 0.211139788604537 9.8756728257491773 10.811646786697301 2.6452012790189463e-09 29.838016022267706 18.368847582497803 5.1803108877722979
decision_type=2 2 2 8 2 2 2 2 2 8 8 2 2 2 2 2 2 2 2 2 2 2 2 2 2 2 2 8 2 2 2 2 2 2 2 2 8 2 2 8 2 8 2 2 8 2 2 2 2 2 2 2 2 2 2 2 2 8 2 8 8 2
left_child=3 -2 -3 4 7 6 8 -1 9 -6 11 12 13 -11 -9 16 19 -18 21 52 -7 -5 25 27 -25 26 -23 28 29 -24 31 -30 -32 34 -34 43 -37 38 -38 40 57 49 -42 53 -21 -35 -43 -48 -44 -41 -39 -52 -16 -27 -55 56 -56 -29 59 61 -60 -57
right_child=1 2 -4 18 5 20 -8 14 -10 10 -12 -13 -14 -15 15 -17 17 -19 -20 44 -22 22 23 24 -26 35 -28 39 30 -31 32 -33 33 45 -36 36 37 50 -40 41 42 46 48 -45 -46 -47 47 -49 -50 -51 51 -53 -54 54 55 58 -58 -59 60 -61 -62 -63
leaf_value=0.025114866080923871 0.0660586423210969 0.083377556740823713 0.14897485188551637 -0.006245127576150116 0.046060724294984534 0.00067271122598420757 -0.0035340754420254738 0.014369072531997901 0.0032297041241985719 -0.015796177486532968 0.039769349811240313 0.035096394191164108 0.024181424459689349 0.015820537463232004 -0.0052375614575374549 0.0095581212604664411 -0.0031285699404014103 0.013330821025678339 0.0091034077862277626 -0.0036651206139914003 -0.0092490101629664426 -0.014031715036007709 -0.0044876665815994079 0.011886001858136815 0.00027545693945031354 -0.00122128920036308 -0.0027244377374235126 0.0032115570669013415 -0.010003878965661949 0.017825257985453521 0.0059373416736383322 -0.002646424062220396 -0.0032255207372324192 0.0019326118408421547 0.0073736313316486264 -0.010099134951463466 -0.0022707625480301039 -0.0010552005419297746 0.0044256500052579214 -0.00029665532551536504 -0.01068108410532163 -0.0014149229929789054 -0.0017468582196435067 -0.0066289747453161648 0.0018606980940183767 -0.0044290512950878229 -0.0037983546981316374 0.0063207510278611252 -0.0080982616804540167 0.007055818095447166 -0.0035510377634956963 -0.009391732795184916 -0.01189220947662697 -0.0071728414868665559 -0.0045489672160289084 -0.011198387131277869 -0.00053857033241613394 -0.0029235146011818538 0.0023317591534022324 -0.0028060084877314837 -0.0023606388226633905 -0.0040249831488248537
leaf_weight=55 87 53 75 99 55 58 77 75 73 50 63 63 82 67 51 52 65 50 59 260 63 52 61 55 85 4168 188 75 52 69 54 112 58 50 72 54 226 70 59 54 65 13867 101 62 64 132 53 72 54 50 99 88 84 92 90 55 915 54 88 534 658 51
leaf_count=55 87 53 75 99 55 58 77 75 73 50 63 63 82 67 51 52 65 50 59 260 63 52 61 55 85 4168 188 75 52 69 54 112 58 50 72 54 226 70 59 54 65 13867 101 62 64 132 53 72 54 50 99 88 84 92 90 55 915 54 88 534 658 51
internal_value=-5.92462e-06 0.100174 0.12267 -0.000944691 0.00739969 0.0138944 0.0181006 0.00179605 0.0217777 0.025323 0.021683 0.0171993 0.0113862 0.00228976 -6.67036e-05 -0.00181639 -0.00286166 0.00408092 -0.00145652 -0.00460618 -0.00452661 -0.00148413 -0.00146318 -0.00126289 0.00488869 -0.00186744 -0.00522241 -0.00132022 0.000490626 0.00740101 -0.00121512 -0.00502577 0.000501424 -0.000455371 0.00265625 -0.00175657 -0.00346945 -0.00279155 -0.00087386 -0.00140299 -0.00355786 -0.00134939 -0.00601147 -0.00160401 -0.00257123 -0.00268033 -0.00138397 0.00203416 -0.00399733 0.00327172 -0.00490654 -0.00633494 -0.00943523 -0.00155617 -0.0021176 -0.00192017 -0.000901875 0.000640654 -0.00265736 -0.00364684 -0.00180473 -0.0078169
internal_weight=24574 215 128 24359 1407 651 530 756 453 380 325 262 199 117 701 626 574 115 22952 459 121 22893 22794 15245 140 7549 240 15105 660 130 530 164 366 312 130 7309 596 542 285 14445 349 14096 220 6713 324 182 13992 125 155 104 257 187 135 6651 2483 2391 1005 129 1386 640 746 106
internal_count=24574 215 128 24359 1407 651 530 756 453 380 325 262 199 117 701 626 574 115 22952 459 121 22893 22794 15245 140 7549 240 15105 660 130 530 164 366 312 130 7309 596 542 285 14445 349 14096 220 6713 324 182 13992 125 155 104 257 187 135 6651 2483 2391 1005 129 1386 640 746 106
is_linear=0
shrinkage=0.03


Tree=41
num_leaves=63
num_cat=0
split_feature=14 15 8 8 1 13 9 13 13 19 4 13 0 0 0 7 6 3 1 8 5 6 3 13 6 5 0 13 19 13 1 9 3 3 13 0 15 3 4 13 8 7 5 3 6 9 0 1 9 6 8 7 19 19 13 7 19 3 6 1 7 17
split_gain=2356.01 105.953 88.1302 55.3772 33.7015 37.0498 15.9838 16.3413 15.0156 33.5054 32.5108 13.2263 14.2144 9.71091 20.8661 13.3383 9.60424 8.19775 8.14218 11.7063 10.0209 5.19198 10.5326 5.14884 4.72816 4.27263 4.06558 6.034 9.3149 21.6433 7.37101 5.17743 4.51564 3.9611 5.59243 5.53631 3.82369 3.56328 3.3376 3.24128 2.41341 2.38151 2.33026 5.72292 9.25552 3.77715 4.40231 3.45158 2.89163 4.79534 2.28032 3.91085 2.0622 4.93114 2.02233 2.46974 2.37536 6.16096 1.94793 1.92824 1.92041 2.22133
threshold=0.49123920472150223 3.5824750874014812e-07 0.21474313314631613 0.35430163937862785 1093.2210965565102 17.682718661603577 0.06226370515924718 23.370920143733517 21.123755934526013 2.5000000000000004 6.528153597556436 19.378978424806743 365.31765289953955 252.10531450487352 280.83374092469603 -0.39069038375568738 0.37859091160621278 8.2356375164421571 299.65738964835555 0.28858781755927604 17.230795104727754 0.23691672989633708 7.021662358647391 15.793818478265431 0.20272099015713971 4.9021618332362538 513.94083999424413 24.373778119893753 2.5000000000000004 23.425637268170231 12.249286541477753 0.27116371917429133 24.855685575051201 18.352755906325704 13.627170138528081 168.79010451550502 1.3461943677551455e-09 70.991715117796062 67.483766396678462 18.819762444641501 0.47900281364268521 0.36490423073635642 27.051227337923152 13.208407224916003 -0.36671210619032774 0.012352936574298036 458.56302180646952 10.964348018822653 0.017888656150826247 0.069483510425877984 0.067314636623913252 -0.37426742897757842 2.5000000000000004 1.5000000000000002 26.909634790195657 0.15296977186520547 2.5000000000000004 27.185275420564604 -0.080581118254446346 344.02680351284408 0.47802174823053539 1.0000000180025095e-35
decision_type=2 2 2 2 2 2 2 2 2 2 2 2 2 2 2 2 2 2 2 2 2 2 2 2 2 2 2 2 2 2 2 2 2 2 2 2 2 2 2 2 2 2 2 2 2 2 2 2 2 2 2 2 2 2 2 2 2 2 2 2 2 2
left_child=1 4 -2 -4 8 -6 -7 11 9 10 -1 -8 -13 23 -15 -16 25 -17 19 -19 -20 33 -23 -12 38 36 27 28 29 31 -30 58 -33 34 -11 -35 -9 40 -22 -25 42 -24 45 44 -44 46 59 -45 49 -47 51 -28 53 -46 55 56 57 -52 -10 -29 -50 -62
right_child=2 -3 3 -5 5 6 7 16 26 21 13 12 -14 14 15 17 -18 18 20 -21 24 22 41 39 -26 -27 50 37 30 -31 -32 32 -34 35 -36 -37 -38 -39 -40 -41 -42 -43 43 47 52 48 -48 -49 60 -51 54 -53 -54 -55 -56 -57 -58 -59 -60 -61 61 -63
leaf_value=0.029559310792861008 0.13196112416004047 0.039484830917395901 0.06283835588392081 0.10855333554117304 0.025181585217693023 0.015157590159215032 -0.0016291210947618369 -0.0028434592882566963 -0.0071273252035755266 -0.013440669323232591 0.0057917584880586648 0.0044562473266313851 0.026646173530154759 0.024613045278304026 0.018602856998997074 0.014135611738728465 0.010613902846953887 0.0039772940997292094 0.012212343253257207 -0.015919044369502981 -0.0062796219876276906 0.010997628749014852 -0.0013146138252181276 -0.0096163468901841031 0.007676906625212203 -0.0074920266425155483 0.0051002163548105502 5.2322680843876982e-05 0.0089161922414496084 0.017434709792154186 -0.00096911912980094652 0.010553846175981952 -0.0014940357925918172 0.0086688514972159351 -0.0030588810057379304 -0.0014194462727698072 0.0061885252160330606 -0.0085311685530942375 0.0031207206257801903 0.00045883586964095532 -0.003073305033374303 0.0052310900696842313 0.012642243874823333 -0.0072002838545950588 0.00027438451839929709 -0.0023318736532937849 -0.012561672867699101 -0.00071527215650629412 -0.0012955771270435168 0.010058958520077998 -0.013988684781628156 -0.0011639914031722147 -0.00090311826814797296 0.01059642605997365 -0.0017765973861464204 -0.001337017107810431 -0.003178562726618186 -0.0030755927653776274 0.00013217536273408929 -0.0069933964893321631 0.0031167458702943151 -0.0039491134555114859
leaf_weight=50 77 58 52 56 76 87 61 192 66 52 58 51 53 52 55 52 50 55 93 50 86 87 363 63 55 136 100 93 71 93 1188 62 50 51 404 838 53 58 55 52 555 57 70 76 148 58 54 1827 9221 53 71 801 241 57 4258 448 628 134 66 55 174 51
leaf_count=50 77 58 52 56 76 87 61 192 66 52 58 51 53 52 55 52 50 55 93 50 86 87 363 63 55 136 100 93 71 93 1188 62 50 51 404 838 53 58 55 52 555 57 70 76 148 58 54 1827 9221 53 71 801 241 57 4258 448 628 134 66 55 174 51
internal_value=1.23977e-06 -0.000668777 0.10651 0.0873209 -0.000766584 0.005451 0.00322189 0.00145713 -0.000968008 0.00116852 0.00639731 0.0094555 0.0159106 0.00476366 0.00670144 0.00479702 -0.00161969 0.0030567 0.00156242 -0.00555795 0.00415966 -0.00102464 0.00156038 -0.00143341 0.000296142 -0.00324873 -0.00123764 -0.000957095 0.000781821 0.0052038 -0.000405013 0.000489883 0.0052097 -0.00199951 -0.00426959 -0.000831613 -0.000872387 -0.00117411 -0.00261667 -0.00509593 -0.00113993 -0.000415953 -0.00105158 -0.000217942 0.00258128 -0.00125817 -0.00530839 -0.000977909 -0.00117202 0.00362146 -0.00186414 -0.000463857 0.000977453 0.00318192 -0.0020918 -0.00313731 -0.00410277 -0.00690481 -0.00352387 -0.00259538 -0.00122872 0.00150476
internal_weight=24457 24272 185 108 24214 759 683 596 23455 2628 776 165 104 726 553 501 431 446 394 105 289 1852 507 173 196 381 20827 14387 1596 337 1259 244 112 1345 456 889 245 12791 141 115 12733 420 12178 2419 516 9759 202 1903 9557 111 6440 901 446 205 5539 1281 833 205 132 148 9446 225
internal_count=24457 24272 185 108 24214 759 683 596 23455 2628 776 165 104 726 553 501 431 446 394 105 289 1852 507 173 196 381 20827 14387 1596 337 1259 244 112 1345 456 889 245 12791 141 115 12733 420 12178 2419 516 9759 202 1903 9557 111 6440 901 446 205 5539 1281 833 205 132 148 9446 225
is_linear=0
shrinkage=0.03


Tree=42
num_leaves=63
num_cat=0
split_feature=10 21 8 1 2 13 13 5 1 5 5 10 2 21 13 7 8 13 19 21 2 15 15 21 8 2 1 16 7 9 5 16 13 5 21 9 8 7 13 7 13 9 8 2 1 9 1 1 5 17 7 0 9 7 8 10 21 9 16 9 10 5
split_gain=2344.89 143.072 139.145 69.9131 63.3645 43.1665 32.4901 21.5149 19.3893 13.985 30.309 8.98934 6.55263 6.22261 11.6133 6.56 5.54966 4.05657 20.3816 21.7371 24.7026 8.95419 7.19835 9.81587 11.3085 13.7137 3.30416 3.93955 3.24357 3.29409 2.80299 3.06554 3.24547 2.59043 2.8757 6.32395 2.24769 1.99487 1.77499 1.84489 2.12286 1.46614 4.38121 1.53569 1.88044 3.09136 1.34076 1.17383 1.573 1.12758 1.09855 1.07613 1.63274 1.44854 2.62409 1.34543 1.29151 1.42795 1.21187 1.0929 1.41622 1.49716
threshold=15.500000000000002 0.036504684508943612 0.20739983472699833 147.24697969140354 4.8483674451886047 19.476696818100418 16.723626282501773 34.024426815992804 1116.9517526598602 -4.0586255165901983 -14.197100078087699 6.5000000000000009 5.4839093567989901 0.16606176382265053 25.366601244429898 -0.021019694881747594 0.39449485700392023 19.885603929653858 2.5000000000000004 0.74963532101026853 4.9753644447479317 4.2746831639518372e-09 2.4193516812369308e-08 1.8255482672045453 0.26081009684372086 5.3378627117996542 894.48356307821007 1.0305959579886638e-06 0.066722573960783307 0.25152872203063664 56.039183011316254 14.046802332459388 11.782983162621337 -38.853290947958321 0.64996894818873363 0.23067818385874531 0.19989044939695158 -0.07369058201366839 22.945467319542555 -0.38642952479959986 28.105823003308689 0.012352936574298036 0.053695844996372928 5.6915125679371625 865.47141884479663 0.23260169214446161 799.72176871691261 293.24003780481706 46.038314460249651 3.1101214181345607 -0.24754433005793428 201.43484610516751 0.45858545405909107 0.47802174823053539 0.42796053949060903 5.5000000000000009 3.7733179125119105 0.49430726486706172 1.0000000180025095e-35 0.41299094657146634 4.5000000000000009 36.385758135102158
decision_type=2 8 2 2 2 2 2 2 2 2 2 2 2 8 2 2 2 2 2 8 2 2 2 8 2 2 2 2 2 2 2 2 2 2 10 2 2 2 2 2 2 2 2 2 2 2 2 2 2 2 2 2 2 2 2 2 8 2 2 2 2 2
left_child=1 4 -2 -4 -1 6 -6 8 9 10 12 13 37 14 15 -3 -16 18 19 20 -15 -21 23 24 25 -23 41 33 29 -11 31 32 -20 -28 35 -35 -24 -7 -36 -40 -41 42 -19 44 49 -46 -45 48 -34 51 -42 52 -43 55 56 59 57 58 -55 -53 61 -61
right_child=2 11 3 -5 5 7 -8 -9 -10 28 -12 -13 -14 17 16 -17 -18 26 30 21 -22 22 36 -25 -26 -27 27 -29 -30 -31 -32 -33 47 34 38 -37 -38 -39 39 40 50 43 -44 46 45 -47 -48 -49 -50 -51 -52 53 -54 54 -56 -57 -58 -59 -60 60 -62 -63
leaf_value=0.03798270550415471 0.12469478770129142 0.01846928355705766 0.10387016757007907 0.057593211465146996 0.011992921659540641 -0.00927682967399651 0.043266099358306213 0.020166956852362663 0.016728367784737862 -0.010731267961254627 0.020717963124143663 -0.013869050551644143 0.0059575067243593577 0.00043538945398015328 -0.002688756610380216 0.0033913580450132697 0.0081726000794711019 -0.010439736424638442 0.0046106177656796803 -0.009806998355779797 0.027592991413149449 0.026794074436701419 -0.0065101574430778868 -0.0042597012342885142 0.0013892619040728148 0.0050880883097536595 -0.0086296730766329786 -0.0087914426900446412 0.00030955152176829868 -0.001315696174600001 -0.0088609284464761882 0.0051861560399912481 -0.0011888075175064898 -0.0043394628759679931 -0.0071439727993371583 0.0070357278707193806 0.00095182999576392917 -0.0014862471118407404 -0.0069449156720989514 0.0025596883632296825 0.0013393233819780025 1.3369654720132781e-05 -0.0018894629309288227 -0.0018928105433277491 0.0080255356877191476 -0.0018340547867410351 -0.0059220317961926295 -0.0037542489867568233 -0.0056251719388571318 -0.0036539907037917083 -0.0032312614728203593 -0.0012335437680145508 -0.0041770260885695592 0.0015352559659382974 0.0056332634437242391 0.0033586722837591712 0.001740671829861957 -0.0058122461926541288 -0.0040623464093854028 -0.0015428114508129341 -0.0055976415497179218 -0.0041470758319803579
leaf_weight=71 92 52 50 85 75 52 50 80 87 81 86 50 84 53 227 52 51 61 60 53 69 53 58 59 83 52 57 99 95 57 52 53 595 87 80 87 94 68 69 85 54 1041 421 2371 51 63 76 418 81 172 356 12872 90 97 72 54 128 63 53 2195 90 218
leaf_count=71 92 52 50 85 75 52 50 80 87 81 86 50 84 53 227 52 51 61 60 53 69 53 58 59 83 52 57 99 95 57 52 53 595 87 80 87 94 68 69 85 54 1041 421 2371 51 63 76 418 81 172 356 12872 90 97 72 54 128 63 53 2195 90 218
internal_value=-8.57902e-06 -0.00083874 0.0958202 0.0753705 0.0109881 0.0085928 0.0247463 0.00563486 0.00369913 0.00150395 0.00589219 -0.00128648 -0.000428463 -0.00125897 0.00253408 0.0110344 -0.000674055 -0.00132209 3.17769e-05 0.00471206 0.0158945 0.00166537 0.00320997 0.00636155 0.00969972 0.0161939 -0.00143936 -0.0031456 -0.00395965 -0.00687967 -0.00210409 -0.0018059 -0.00213123 -0.00249751 -0.00206019 0.00135584 -0.00191945 -0.00491093 -0.00298383 -0.00238214 -0.0017334 -0.00135688 -0.00299093 -0.00131677 -0.00121691 0.00260825 -0.00202032 -0.00250486 -0.00172791 -0.00124249 -0.00262749 -0.00121784 -0.000323479 -0.00128166 0.000470723 -0.0013286 -0.000632599 -0.00206026 -0.000456368 -0.00134528 -0.00191917 -0.00177971
internal_weight=24540 24313 227 135 886 815 125 690 610 523 290 23427 204 23377 382 104 278 22995 1833 574 122 452 399 247 188 105 21162 974 233 138 1259 1207 1154 875 818 174 152 120 644 564 495 20188 482 19706 17259 114 2447 1094 676 17145 410 16973 1131 15842 413 15429 341 213 150 15375 2503 2413
internal_count=24540 24313 227 135 886 815 125 690 610 523 290 23427 204 23377 382 104 278 22995 1833 574 122 452 399 247 188 105 21162 974 233 138 1259 1207 1154 875 818 174 152 120 644 564 495 20188 482 19706 17259 114 2447 1094 676 17145 410 16973 1131 15842 413 15429 341 213 150 15375 2503 2413
is_linear=0
shrinkage=0.03


Tree=43
num_leaves=63
num_cat=0
split_feature=16 14 5 20 10 21 1 11 20 3 3 2 21 2 1 8 10 20 11 2 11 3 20 21 21 10 20 8 21 1 21 3 21 6 2 21 5 5 6 21 12 20 11 21 20 21 21 2 21 1 10 20 3 8 10 3 10 6 21 10 1 1
split_gain=1969.56 175.376 120.977 109.584 68.3543 73.3336 54.0445 55.7365 51.3304 33.612 15.7954 14.1594 9.01586 8.78384 16.0145 12.7767 5.9942 5.25682 3.43336 2.56452 8.82877 3.69648 3.63298 2.39168 2.38391 12.1448 33.3344 4.63297 4.61261 2.39021 2.21741 4.66015 4.14697 6.44104 2.05356 3.03941 1.95021 1.77597 1.70309 1.63548 3.03332 2.50385 12.3482 17.2992 3.80161 6.77937 2.45341 2.14566 2.69617 1.96669 2.53601 1.51161 1.31879 1.18139 1.15813 1.09585 2.59138 2.20542 1.73685 14.4345 1.92762 1.66772
threshold=28.035921372148071 8.6782079256889961 9.0027994339833537 2.0039493990201902 2.5000000000000004 0.0023731366481001153 408.06667929088604 -111.94703683586199 0.99319722208100114 3.3135101783186802 10.806129727977803 5.3378627117996542 0.036504684508943612 5.2076526737282629 575.3950315833946 0.30632558344251409 6.5000000000000009 1.6136882485306052 -128.37817988323948 5.407583479801283 -104.96556079358849 20.828580376778955 0.14639241809403253 0.41697579079349856 0.16606176382265053 3.5000000000000004 55.886308158878556 0.39449485700392023 0.036504684508943612 3.0164615330164106 0.36715599833097856 40.558418626635657 0.41697579079349856 0.03295645955232241 5.8079092752920323 0.72020167762079057 21.736292970214304 -9.2680982752518482 -0.072645141978559633 1.1490281787685601 -117.26054353543203 9.3255176740723122 -108.05239159702198 0.77329550501624056 20.814426856861456 0.60633676217324661 0.82498955471802804 5.2877854060858605 0.74963532101026853 1168.1806914616852 2.5000000000000004 94.611745229148809 23.796265983207803 0.24672117211187586 2.5000000000000004 28.185041672682402 5.5000000000000009 0.48533254592958369 1.2974411047326553 3.5000000000000004 7.3626821337239958 10.964348018822653
decision_type=2 2 2 8 2 8 2 2 8 2 2 2 8 2 2 2 2 8 2 2 2 2 8 8 8 2 8 2 8 2 8 2 8 2 2 8 2 2 2 8 2 8 2 8 8 8 8 2 8 2 2 10 2 2 2 2 2 2 8 2 2 2
left_child=3 -2 -3 4 9 -6 11 -8 10 -1 -9 -7 -12 14 37 -16 18 19 -5 20 -15 -21 -23 -22 25 27 -27 28 -20 36 31 52 33 -32 39 -36 -26 -11 -24 40 46 42 -42 -44 45 -43 -34 -47 -49 55 -51 -37 54 -54 -31 -41 57 58 59 -57 -60 -62
right_child=1 2 -4 16 5 6 7 8 -10 13 12 -13 -14 17 15 -17 -18 -19 24 21 23 22 38 -25 29 26 -28 -29 -30 30 32 -33 34 -35 35 51 -38 -39 -40 49 41 44 43 -45 -46 47 -48 48 -50 50 -52 -53 53 -55 -56 56 -58 -59 60 -61 61 -63
leaf_value=0.020852434383132973 0.053482983342146725 0.13493937708586454 0.076586109135133112 -0.0073497780600305773 0.047249174935672177 0.0070550325664496703 -0.0046647692203302593 0.030235164055792504 0.046624498625261412 -0.0074293130626236744 0.0016961540468037129 -0.01001616119846618 0.019020266684648745 0.0088823742911054351 0.018205896164853495 0.00045364576406897072 -0.011317398977635259 0.0061854638498757154 -0.01115489293443361 -0.0099946139564191724 -0.0098660050488938132 0.0027102043108083308 -0.0097971166079290767 -0.0009559455452682941 -0.0024765228036262195 0.024555518590371871 -0.006848755003579083 0.005626121568975264 -0.0017369643229505291 -0.0041261175556134245 -0.0032533115156860599 0.0050942678340130821 -0.010044468573297769 0.010266398137799747 -0.010142559823893513 -0.00072273971185302436 -0.0079578506665271814 -0.00018772938456523285 -0.0028972898527791493 -0.0013868918321956831 -0.0095133680169996997 -0.013221866434247677 0.017879325732110374 -0.0017561207545751874 -0.0015547704159692296 0.00081808207692811257 -0.0020863307957820917 -0.01013371602209334 -0.0026784288392274354 -4.8609848495628408e-05 -0.0077558861510909115 -0.0041964370784829752 -0.00024860479965595141 -0.0050087498151697215 -0.0082700440643185928 -0.0016667830782878207 0.0052072937498169559 -0.005039676867712002 -0.0047748798297489129 0.014559062495827675 0.0027770423263104426 -0.00098156696891193236
leaf_weight=77 90 74 66 86 58 85 67 50 75 55 58 88 50 61 90 61 54 61 58 86 52 74 51 56 187 60 60 57 229 169 58 52 72 68 51 225 85 67 88 9505 68 68 63 109 2834 99 68 56 192 66 91 226 105 84 98 277 61 116 118 59 107 6776
leaf_count=77 90 74 66 86 58 85 67 50 75 55 58 88 50 61 90 61 54 61 58 86 52 74 51 56 187 60 60 57 229 169 58 52 72 68 51 225 85 67 88 9505 68 68 63 109 2834 99 68 56 192 66 91 226 105 84 98 277 61 116 118 59 107 6776
internal_value=-2.35243e-05 0.0870938 0.108168 -0.000921992 0.00719145 0.0156792 0.0117166 0.0193965 0.0263058 0.00205203 0.0164283 -0.00163624 0.00981749 0.000223287 0.00458414 0.0110846 -0.00142366 -0.00203162 -0.0013997 -0.00311355 -0.000156941 -0.00477858 -0.00263572 -0.00529713 -0.00137681 0.00075008 0.00892655 -0.00211978 -0.00367236 -0.00142127 -0.00138648 -0.00334435 -0.00133992 0.00406643 -0.00137208 -0.00326708 -0.00421231 -0.00348624 -0.00548078 -0.0013262 -0.00190506 -0.00173013 0.00122274 0.00549771 -0.00194856 -0.00462755 -0.0062213 -0.0029102 -0.00439582 -0.00120379 -0.0045367 -0.00246887 -0.00431569 -0.00237945 -0.00567229 -0.00117278 -0.000901794 -0.000952486 -0.000887189 0.00121715 -0.000988342 -0.000922742
internal_weight=24457 230 140 24227 1410 531 473 300 233 879 158 173 108 802 273 151 22817 529 22763 468 169 299 213 108 22677 464 120 344 287 22213 21941 508 21433 126 21307 502 272 122 139 20805 3629 3489 240 172 3249 415 140 347 248 17176 157 451 456 189 267 17019 7514 7453 7337 336 7001 6883
internal_count=24457 230 140 24227 1410 531 473 300 233 879 158 173 108 802 273 151 22817 529 22763 468 169 299 213 108 22677 464 120 344 287 22213 21941 508 21433 126 21307 502 272 122 139 20805 3629 3489 240 172 3249 415 140 347 248 17176 157 451 456 189 267 17019 7514 7453 7337 336 7001 6883
is_linear=0
shrinkage=0.03


Tree=44
num_leaves=63
num_cat=0
split_feature=18 7 17 21 20 15 20 11 21 21 5 2 21 21 21 20 7 20 12 21 15 20 8 21 5 11 20 12 1 11 21 9 11 20 12 20 9 12 17 7 2 11 8 20 21 11 20 7 12 15 21 21 9 2 21 20 9 21 2 5 20 5
split_gain=1573.64 178.495 93.9874 89.7606 84.5696 46.9021 77.1504 32.5405 28.5276 36.9253 23.9407 20.2007 12.3014 31.8977 27.1652 11.9902 9.40288 9.03747 5.91106 4.81429 7.94686 10.8152 6.345 4.37404 6.31659 3.01702 2.89853 2.7393 2.11831 3.12909 8.00319 4.13282 2.21765 3.63653 3.61568 2.20093 2.7503 2.14721 7.70758 2.40141 2.23046 2.10482 1.92806 1.85057 1.81063 1.78427 1.6729 1.54466 1.54236 1.31309 1.26461 1.22633 2.21466 3.12876 2.14873 1.89077 1.60073 1.40203 2.2946 2.1122 1.55754 2.77802
threshold=3.7866789684462059e-08 -0.20998946148393702 7.3066777404771424 2.3194840576396354 1.7925050432673102 4.157218088699231e-10 1.0000000180025095e-35 -104.06354007439749 1.3096377848637453 0.025924569724350303 29.448304395844954 4.9908309949127512 0.031908323497307108 0.0073127644711899059 0.014996265382266002 0.57266716634020465 0.26392443158605006 0.8563069851691486 -101.54864227411561 0.16606176382265053 3.2880386468873803e-09 43.603661657885205 0.42429100969592787 0.059577513970665803 0.25926690879525088 -126.40291758002948 87.536936054583705 -97.374139157331584 894.48356307821007 -102.28221684943648 0.51102115235880252 0.37442861025320978 -107.82045312712849 30.904081318266055 -106.20904390346408 31.985005581239651 0.19244269877492484 -96.54003762818148 2.8175313183717905 -0.48744233270587672 4.3091970959639774 -96.385776177845443 0.48996733884051619 61.057269255541655 1.4339662631185901 -64.772060470375138 0.47894238492311508 0.011581815072471803 -115.56509474912168 1.6801656561740697e-07 0.26033745762689259 2.1718877380230857 0.10548157985889663 5.8079092752920323 2.1881029347616852 5.0474377793694964 0.10971875899492824 1.75841517186616 5.4606649846066917 1.5919166355838998 32.450017059191808 -25.428562384121001
decision_type=2 2 2 8 8 2 8 2 8 8 2 2 8 8 8 8 2 8 2 8 2 8 2 8 2 2 8 2 2 2 8 2 2 8 2 8 2 2 2 2 2 2 2 10 10 2 8 2 2 2 8 8 2 2 8 8 2 8 2 2 8 2
left_child=2 -2 4 -3 5 12 -7 10 9 -9 16 -11 13 18 -15 -16 17 -8 -1 20 22 -22 23 24 -6 26 -21 -25 37 30 -30 35 33 -32 -34 36 -31 40 39 -39 -27 -41 49 -33 -35 50 47 -14 -46 51 -43 52 53 55 -53 -42 -54 60 -59 -60 61 -57
right_child=1 3 -4 -5 19 6 7 8 -10 11 -12 -13 46 14 15 -17 -18 -19 -20 25 21 -23 -24 27 -26 28 -28 -29 29 31 32 43 34 44 -36 -37 -38 38 -40 41 42 45 -44 -45 48 -47 -48 -49 -50 -51 -52 54 56 -55 -56 57 -58 58 59 -61 -62 -63
leaf_value=-0.001280179393541967 0.039674937225439966 0.077217548948166695 0.032340443686811951 0.13098385171256435 -0.013661089670743825 0.047403587068105338 -0.012751642421217183 0.0084430561884690902 -0.0002794610929634908 0.02075333857182729 0.014518433861061929 0.046674648591163395 -0.0032978792554776981 0.029796529533499379 0.012304520175812092 -0.0050666579970254973 0.0075939695786614459 0.002060072385213628 -0.01418786983593557 -0.010290366232247007 0.017649601702176936 0.00034289207640103992 0.0082305718287825572 -0.0018487645667602322 0.00048833137274616298 -0.0075020559860665042 -0.0019653040973935279 0.0063208879207206125 0.0086343012845018566 -0.014667577294749207 -0.010683668418984734 0.004708821144349013 0.0065558744734984693 0.00052446183934807774 -0.0023693542690394103 -0.0044974085025238459 -0.0047267744340933858 -0.0070369672961533066 0.010811263273577563 0.0042217671700851304 -0.0080250452495093834 -0.0053556973799389271 -0.0036704763513776789 -0.0026763479509768454 -0.0087354105573075897 -0.0042233647230305402 -0.0044979007676276802 0.0026931828658378338 -0.0022842811851776636 -0.005363504685563584 -0.00064682722217322816 0.0044452035469224761 0.0037613687186755914 -0.0096854456648644456 -0.0011177463823388528 -0.0091834075377202496 -0.0013828352656316551 -0.0011558926364406944 -0.0031302096638828516 -0.0097907021708993434 -0.00098977197879670793 -0.002132643656329993
leaf_weight=86 50 57 76 70 60 51 95 98 68 58 99 55 78 58 93 57 52 60 50 65 57 74 59 133 53 53 89 50 66 50 58 51 55 109 150 270 52 54 51 75 50 51 327 73 51 133 207 75 96 72 4119 62 54 53 8342 60 6096 149 94 80 866 293
leaf_count=86 50 57 76 70 60 51 95 98 68 58 99 55 78 58 93 57 52 60 50 65 57 74 59 133 53 53 89 50 66 50 58 51 55 109 150 270 52 54 51 75 50 51 327 73 51 133 207 75 96 72 4119 62 54 53 8342 60 6096 149 94 80 866 293
internal_value=-2.53323e-05 0.0887747 -0.000751524 0.107644 -0.000856803 0.00646533 0.0123636 0.00923317 0.0166243 0.0220476 0.00246199 0.0336687 0.00112678 0.00517622 0.0125395 0.00571363 -0.00334622 -0.00704162 -0.00609458 -0.00128637 0.0016651 0.00794995 -0.00066992 -0.00246574 -0.00707857 -0.00135056 -0.00552285 0.000405602 -0.00132139 -0.0026166 -0.00112732 -0.00436731 -0.0023829 -0.00396337 4.54198e-05 -0.00594467 -0.00969481 -0.00125502 -0.000672022 -0.000806572 -0.00141194 -0.000728135 -0.00139204 0.000374472 -0.00240516 -0.000815371 -0.0027463 -0.000362666 -0.00456633 -0.00134603 -0.000705688 -0.00132784 -0.00159898 -0.0025768 -0.00107618 -0.00233421 -0.00133706 -0.0021446 -0.00390062 -0.00623095 -0.00167649 -0.00335363
internal_weight=24448 177 24271 127 24195 1340 636 585 279 211 306 113 704 344 208 150 207 155 136 22855 486 131 355 296 113 22369 154 183 22215 1081 585 496 519 314 205 372 102 21134 4483 4432 16651 4378 16598 124 256 4303 360 153 147 16271 4170 16199 7795 1645 8404 1592 6150 1542 323 174 1219 353
internal_count=24448 177 24271 127 24195 1340 636 585 279 211 306 113 704 344 208 150 207 155 136 22855 486 131 355 296 113 22369 154 183 22215 1081 585 496 519 314 205 372 102 21134 4483 4432 16651 4378 16598 124 256 4303 360 153 147 16271 4170 16199 7795 1645 8404 1592 6150 1542 323 174 1219 353
is_linear=0
shrinkage=0.03


Tree=45
num_leaves=63
num_cat=0
split_feature=10 14 15 20 13 12 12 21 13 5 5 1 2 12 0 1 10 2 13 20 7 10 20 21 3 21 21 13 12 5 1 20 20 21 7 5 5 5 12 12 20 2 1 5 20 13 1 1 5 2 2 3 3 15 20 21 7 7 12 7 12 2
split_gain=1948.61 174.93 114.854 92.7217 91.3885 52.4112 35.9505 41.8906 46.1651 29.3408 29.3264 24.5564 21.0767 11.5681 7.16225 5.05226 4.36788 3.14334 2.61215 2.3985 2.5162 1.9734 6.00841 9.68146 5.89528 3.38004 4.69346 14.8808 13.5412 3.18044 3.53532 3.0558 2.62436 1.64473 2.16118 1.6349 1.49954 1.44627 3.33961 2.76973 3.35366 2.5407 1.89844 1.58672 1.84278 1.68019 1.8059 3.67364 6.3758 4.88631 1.74567 2.95914 6.20322 1.34279 1.25696 1.23208 1.2986 1.11324 1.0913 1.09844 1.08875 1.53803
threshold=15.500000000000002 8.6782079256889961 2.9769537023127601e-07 2.0039493990201902 19.798410162809187 -111.64572086810098 -106.53784089724898 0.77329550501624056 33.718879138184022 27.051227337923152 -1.971495512672149 519.30353840763564 5.4806308093631548 -90.538148259396309 332.93610428853952 703.22588612100105 3.5000000000000004 5.3734138049320723 27.480533193555775 0.046908943290210454 0.011581815072471803 4.5000000000000009 6.1661304709809501 0.52703142032427708 23.228240582975051 0.028814196311226805 0.16606176382265053 28.472805572726916 -104.85618562025097 50.518695698921405 909.82836450838306 69.589485972338977 14.167381513114753 0.10778985921110752 0.035538664890865775 -46.706767858542193 58.624593675095007 50.518695698921405 -120.13844928874529 -124.63894669376059 85.241175944221212 5.1583650167829989 108.00201047138701 46.038314460249651 25.183824074714256 14.691752987838123 929.54083285078661 1015.5159270254002 -31.731193889792575 5.4907996685751357 4.5355110296109267 54.376497166958757 60.973596071485353 1.0000000180025095e-35 124.8113129700135 3.1485848041048454 0.25634926446056211 -0.016693732980771255 -122.54698342879348 -0.049259201031921045 -103.87419426683654 4.8902301896040372
decision_type=2 2 2 8 2 2 2 8 2 2 2 2 2 2 2 2 2 2 2 8 2 2 8 10 2 8 8 2 2 2 2 8 8 8 2 2 2 2 2 2 10 2 2 2 8 2 2 2 2 2 2 2 2 2 10 10 2 2 2 2 2 2
left_child=3 -2 -3 4 5 -1 16 8 10 12 -8 -7 13 15 -9 -10 17 -6 -16 -19 -21 25 -23 24 -24 -5 27 28 -27 30 32 -32 -25 34 -29 -34 37 39 -39 40 42 55 -28 45 -45 -41 50 49 -49 -48 51 54 -53 -50 -47 56 -40 -43 59 -52 -55 -62
right_child=1 2 -4 21 6 11 7 14 9 -11 -12 -13 -14 -15 18 -17 -18 19 -20 20 -22 22 23 29 -26 26 36 33 -30 -31 31 -33 35 -35 -36 -37 -38 38 41 43 -42 57 -44 44 -46 46 47 48 53 -51 58 52 -54 60 -56 -57 -58 -59 -60 -61 61 -63
leaf_value=0.00080478625463657684 0.055348016500626644 0.075694396194007432 0.13478077920675277 -0.0084541084177808118 0.0040234086038906068 0.017759025280843162 0.035430926994234321 -0.010223769600316882 -0.00042628983932081608 0.025198075590258252 0.0084345450337632889 0.043013631643689411 0.018913291189329405 0.0083709496848929955 0.0064837769965422056 -0.010539726446673085 -0.0096333538892213258 0.0011459201063421048 -0.0012961755549546583 -0.0092971657732063354 -0.0020889475524587474 0.0074739897550090166 -0.018609290997675783 0.0041361493431759299 -0.0051331361797201675 0.0017051856083637703 -0.0039466604123061348 -0.0074053625508163174 0.022682023855706897 -0.008963674568554519 -0.011621177578968593 -0.002319298520489706 0.0026200989575008858 0.0010209081738310703 -9.3053849763236941e-05 -0.0018474674161435723 -0.005412460450942699 0.0053248584307442155 0.0032241475085981867 0.003362383921272946 0.00070991111604962502 -0.0015968247814677082 -0.011840396809817876 -0.0076440967374946916 -0.0021912990860580074 -0.0014775774350148101 -0.0095359098217137322 0.0076796822065842291 -0.00069741392953564293 -0.00068778070848083534 -0.0013189964142153398 0.012471937846241739 -0.00093881182861514374 -0.0018562099644914268 0.0011378750916011631 -0.001860062538546102 -0.0021819854458301974 -0.0072467097637820103 -0.0012543320054844761 0.0047999836568487809 -0.0024154875187489848 -0.0089015113493161532
leaf_weight=60 96 58 74 57 57 57 99 74 89 60 58 97 56 77 50 88 95 65 162 84 91 53 50 79 71 61 54 76 50 55 55 75 79 101 69 957 77 96 164 71 59 64 58 67 320 488 133 62 206 97 51 50 79 119 249 120 52 62 18096 53 64 69
leaf_count=60 96 58 74 57 57 57 99 74 89 60 58 97 56 77 50 88 95 65 162 84 91 53 50 79 71 61 54 76 50 55 55 75 79 101 69 957 77 96 164 71 59 64 58 67 320 488 133 62 206 97 51 50 79 119 249 120 52 62 18096 53 64 69
internal_value=1.22313e-06 0.0870886 0.109583 -0.000833046 0.00660649 0.0246254 0.00338869 0.00698405 0.0119932 0.00617701 0.0255742 0.033841 0.00242633 -0.0012685 -0.0022557 -0.0054854 -0.00406681 -0.00225991 0.000560545 -0.0037627 -0.00558206 -0.00129294 -0.00235489 -0.00272648 -0.0108087 -0.00122001 -0.00120038 0.00220645 0.0112724 -0.00196648 -0.00165042 -0.00631338 -0.00110159 -0.00191334 -0.00395018 -0.0015046 -0.00125818 -0.00124269 0.000263768 -0.00128382 -0.0050759 -0.000797116 -0.00810309 -0.00125158 -0.00315259 -0.00121443 -0.001231 -0.00267459 -0.00127333 -0.00582344 -0.00117408 0.00014175 0.00431511 -0.0024994 -0.000593586 0.000567571 0.00191861 -0.0044121 -0.00123669 0.00181535 -0.00396386 -0.00582173
internal_weight=24615 228 132 24387 1419 214 1205 813 527 370 157 154 310 254 286 177 392 297 212 240 175 22968 1474 1421 121 21494 21437 357 111 1300 1245 130 1115 246 145 1036 21080 21003 558 20445 171 462 112 20274 387 19887 19816 750 520 230 19066 866 129 458 737 336 216 126 18200 104 252 133
internal_count=24615 228 132 24387 1419 214 1205 813 527 370 157 154 310 254 286 177 392 297 212 240 175 22968 1474 1421 121 21494 21437 357 111 1300 1245 130 1115 246 145 1036 21080 21003 558 20445 171 462 112 20274 387 19887 19816 750 520 230 19066 866 129 458 737 336 216 126 18200 104 252 133
is_linear=0
shrinkage=0.03


Tree=46
num_leaves=63
num_cat=0
split_feature=16 14 4 20 1 0 4 11 2 4 11 11 6 21 21 8 21 21 4 11 21 21 11 20 20 1 21 2 21 20 6 21 4 2 11 1 20 21 21 8 4 1 21 20 8 2 11 2 11 19 21 8 20 21 20 21 21 21 4 4 20 21
split_gain=2044.43 119.624 100.537 95.0875 42.7855 40.896 26.1834 38.5542 60.6426 18.4826 17.134 17.9943 8.5788 15.5511 13.8558 7.1361 7.66191 5.73944 5.70785 5.24006 4.3873 3.82594 2.89509 3.75326 2.83392 8.85579 10.8237 18.7286 5.68253 4.76706 4.26578 3.30525 9.77135 4.36632 15.386 3.52047 6.74926 2.79419 2.70249 2.35095 2.41472 2.2232 2.20627 2.18363 2.05503 1.87835 1.94178 1.58506 1.49583 3.32049 2.31382 1.47831 2.73797 3.73225 1.72331 5.85114 1.65919 1.42736 1.40297 1.44829 1.69867 1.34176
threshold=28.035921372148071 8.9068073327789978 56.17554944729121 1.7925050432673102 391.12903366330653 255.06403753753102 59.732984111647205 -104.23759265051298 5.4806308093631548 2.7570250541957901 -111.94703683586199 -106.073200381419 -0.31771063741812861 0.014996265382266002 0.77329550501624056 0.31049497294190137 0.011303803562451703 0.025924569724350303 16.014398201810256 -110.23137678525698 1.0807410616942554 0.0073127644711899059 -126.40291758002948 85.241175944221212 6.6321986571914104 296.42260347817859 1.2285568933353552 5.2695322382333645 0.059577513970665803 2.7049843814447656 -0.39361475318957589 0.31128966559874655 60.867280966075803 5.1805947441178972 -98.089371621076239 799.72176871691261 15.732339696597101 1.1829464212548053 0.19901951054834402 0.24285474406199151 21.229882262432351 171.75696985459803 0.23077737455950301 23.194354445909955 0.31049497294190137 5.0790700556000781 -64.772060470375138 5.1313091477673227 -119.07351551162948 4.5000000000000009 1.7678240478036453 0.4164210573348795 16.267337256559554 1.1708681597531403 11.243684383646352 0.85986472968581606 1.9691874617282401 1.1829464212548053 61.708294654111306 55.769164279507208 49.484152154264407 4.3578911511945906
decision_type=2 2 2 8 2 2 2 2 2 2 2 2 2 8 8 2 8 8 2 2 8 8 2 8 8 2 8 2 8 8 2 8 2 2 2 2 8 8 8 2 2 2 8 8 2 2 2 2 2 2 8 2 8 8 8 8 8 8 2 2 10 10
left_child=3 -2 -3 4 15 -6 7 17 9 -9 -8 -12 -11 -14 -15 16 -1 21 -18 -19 -20 -7 23 -5 25 30 27 -27 -26 -29 -24 32 33 -30 42 45 37 -37 -17 40 -32 -40 -35 -38 -41 46 61 -28 49 50 -47 54 53 -53 55 -50 -55 -57 59 -54 -61 -33
right_child=1 2 -4 22 5 6 10 8 -10 12 11 -13 13 14 -16 38 18 19 20 -21 -22 -23 24 -25 28 26 47 29 31 -31 39 35 -34 34 -36 36 43 -39 41 44 -42 -43 -44 -45 -46 48 -48 -49 51 -51 -52 52 58 56 -56 57 -58 -59 -60 60 -62 -63
leaf_value=0.0127860990874572 0.061511940964381208 0.12625460668627558 0.070365824786802894 -0.010110453009041712 0.031714661101516536 -0.0015368971634277346 0.0045181762713652389 -0.010101556871603761 0.034990903814150778 -0.00072592904436446376 0.038089166196909816 0.014401168345304376 -0.00089433524862772996 0.023725520893931391 0.0049465061589389252 -0.010998978996988047 -0.0070230156144969261 -0.005931798219680786 0.0071092719358525104 0.0064696490383622319 -0.0027773112653876127 -0.01179805660583569 -0.01053776871206032 -0.0009965574089437722 -0.010080462272321298 0.020790325915440916 -0.0050070677551610219 -0.0048170929353095982 -0.004860720311898702 0.0065406551572959864 -0.0080937375533427312 -0.00039009787143085413 0.011003039136528968 -0.0001062163904945558 0.012279361325292318 -0.014719168689609635 0.0023203044119493466 -0.0052124861438172842 -0.0067902892873790421 0.005928034812338989 -0.001134226854192093 0.0015440993057140571 -0.005049841072355097 -0.0024703959498751826 -0.0012332802692960416 -0.0057122248644655982 -0.0045432216554801685 0.0005361411890465838 0.0094786844356466466 -0.0090394910498404167 -0.00054848877714313952 -0.012529619180358543 -0.0016897197830597183 0.0013367688631200614 -0.001260178835425934 -0.0053544022442432691 -0.0063317778575069763 7.9801216632588188e-05 -0.0039098322076226528 -0.0018618400547592364 0.0052246445234193179 -0.001904534447764441
leaf_weight=50 99 86 51 75 75 58 51 53 80 62 54 65 61 98 56 54 72 50 97 76 68 75 53 88 65 71 65 56 152 79 70 3895 74 261 87 53 91 61 60 54 123 54 117 1279 104 107 114 156 58 70 283 50 1955 50 11935 51 50 266 241 60 60 608
leaf_count=50 99 86 51 75 75 58 51 53 80 62 54 65 61 98 56 54 72 50 97 76 68 75 53 88 65 71 65 56 152 79 70 3895 74 261 87 53 91 61 60 54 123 54 117 1279 104 107 114 156 58 70 283 50 1955 50 11935 51 50 266 241 60 60 608
internal_value=-1.31587e-05 0.0877399 0.10611 -0.000797623 0.00688145 0.01062 0.00869882 0.00600998 0.0117235 0.00599429 0.0191832 0.0253782 0.00909926 0.0119228 0.0169728 -0.000635397 0.0022378 -0.00304495 -3.19578e-05 0.00154048 0.00304262 -0.00736813 -0.00125325 -0.00522615 -0.00122478 0.000494589 0.00350301 0.00843276 -0.00128947 0.00182852 -0.0026859 -0.00126307 0.000778051 -0.000464104 0.000980416 -0.0013292 -0.00273848 -0.00972182 -0.00552796 -0.00147373 -0.00368711 -0.00286332 -0.00164567 -0.00215072 0.00123615 -0.00122373 -0.000693407 -0.00110942 -0.00138438 -0.00306832 -0.00197619 -0.00133175 -0.00200239 -0.00591891 -0.00119725 0.000803512 -0.00252223 -0.00080856 -0.00174628 -0.00149324 0.0016953 -0.000594956
internal_weight=24692 236 137 24456 1369 914 839 669 410 330 170 119 277 215 154 455 287 259 237 126 165 133 23087 163 22924 831 427 206 22093 135 404 22028 691 617 465 21337 1484 114 168 351 193 114 378 1370 158 19853 4617 221 15236 460 390 14776 2466 150 12310 375 100 317 2316 2075 120 4503
internal_count=24692 236 137 24456 1369 914 839 669 410 330 170 119 277 215 154 455 287 259 237 126 165 133 23087 163 22924 831 427 206 22093 135 404 22028 691 617 465 21337 1484 114 168 351 193 114 378 1370 158 19853 4617 221 15236 460 390 14776 2466 150 12310 375 100 317 2316 2075 120 4503
is_linear=0
shrinkage=0.03


Tree=47
num_leaves=63
num_cat=0
split_feature=16 14 15 21 2 13 11 9 5 11 2 7 11 21 13 2 11 13 13 9 2 9 5 11 7 21 7 8 8 5 5 19 11 11 11 7 21 8 8 11 11 19 13 15 5 9 8 11 13 13 15 10 8 13 15 11 16 9 2 2 2 16
split_gain=1544.79 186.409 134.447 62.7041 61.8243 36.4474 31.1722 24.6013 15.9281 14.5298 44.1617 12.8812 5.97891 4.91593 27.5632 21.1027 46.4637 5.71632 10.2148 5.27204 5.8671 6.10255 13.9744 4.96985 4.18189 12.1054 3.74569 3.25128 3.41114 6.52821 2.84478 2.71674 6.3924 2.35904 2.22878 1.91041 1.77596 1.69002 1.57891 2.27637 3.36517 1.57379 1.74097 1.40649 1.35711 1.18017 1.13165 1.06562 4.19258 2.56798 1.88415 2.09241 2.06424 3.56435 3.58525 1.53451 1.48263 1.5375 1.47614 1.32438 1.41839 1.54616
threshold=28.035921372148071 8.6782079256889961 2.9769537023127601e-07 0.036504684508943612 4.8483674451886047 22.479600118490854 -114.65418303915898 0.2385900801779979 34.024426815992804 -105.29322089751098 5.4636906714495757 0.13865643631271676 -107.59023267533598 0.73844146778914566 19.00981396144774 4.9367769795325769 -110.51906731357398 19.955075516297068 20.485536947308308 0.014260436167341963 5.6915125679371625 0.048656043765103803 -9.0038341949037974 -117.1756960903105 -0.26813825007757547 0.19901951054834402 0.011581815072471803 0.16533760484565965 0.081766117473765845 -11.576968663578597 2.7373231557226529 2.5000000000000004 -112.99883642528299 -128.37817988323948 -68.963158631744946 -0.26003417316090272 0.36715599833097856 0.030109618088256077 0.12652428794147233 -108.20917301199648 -103.57892755191499 2.5000000000000004 30.385524926017613 7.9409338805090669e-23 -5.4414184952187989 0.32786655744454413 0.21474313314631613 -110.92127871198598 12.592107726904347 12.592107726904347 2.1481977000317193e-08 4.5000000000000009 0.04223543800895057 21.468642546038478 6.7941114742272693e-09 -120.64838531684948 1.0000000180025095e-35 0.010233352458653757 5.0330671807030081 5.5555455498962631 5.3317423589235142 0.61076191937237456
decision_type=2 2 2 8 2 2 2 2 2 2 2 2 2 8 2 2 2 2 2 2 2 2 2 2 2 8 2 2 2 2 2 2 2 2 2 2 8 2 2 2 2 2 2 2 2 2 2 2 2 2 2 2 2 2 2 2 2 2 2 2 2 2
left_child=3 -2 -3 4 -1 6 -6 -8 9 12 11 35 26 14 15 -5 -17 -16 -19 -20 21 22 -21 -23 25 -25 -7 28 37 -30 41 32 -22 -15 47 -11 -27 -26 -38 -40 -41 42 -29 -39 -43 -36 -32 49 -49 55 51 -50 -53 54 -54 -35 57 -51 -52 60 61 -58
right_child=1 2 -4 13 5 8 7 -9 -10 10 -12 -13 -14 33 17 16 -18 18 19 20 31 23 -24 24 27 36 -28 30 29 -31 46 -33 -34 34 45 -37 38 43 39 40 -42 44 -44 -45 -46 -47 -48 48 50 56 58 52 53 -55 -56 -57 59 -59 -60 -61 -62 -63
leaf_value=0.034777548412048553 0.045089986265489927 0.06630712054791997 0.12933057722946006 -0.0047906681811446875 -0.0047109710115869089 -0.0073429647245730209 0.01083876283150444 0.034388885664704598 0.013648051017353051 -0.0034302049561996352 0.028583305167596575 0.0072650723474692886 -0.014097525897142927 -0.0065415190741092569 -0.010118394751395834 0.00010423860848657315 0.033065366848911107 0.012393861836236383 -0.0095834397773433 0.018609948471078979 -0.0016136289455673911 -0.0094052731861659078 -0.001618235894263937 0.014025192640964751 0.0025112704635569961 -0.0038811512787297769 0.001015092133940573 -0.0096243100278522991 0.011329118782111134 -4.4617392423172154e-05 -0.0037652233641251526 -0.002259468495720575 -0.015830344410787799 -0.0097071222852145398 -0.0050856226323440111 -0.010450826569337286 -0.0027294541630544697 -0.0001057722086129202 -0.0025362291179428045 0.010855387219173066 0.001285892484593205 -0.00097044911142246215 -0.0035270352338751159 -0.0061947539393440824 -0.0056452877753516272 -0.00075741554368977191 0.00084723818365073323 0.0057821925560333672 -0.0010833319361406126 -0.0061451491692979983 -0.0012099123320884395 0.0060672820182379045 0.010327866994072945 -0.0014152020212907488 0.00063535684874902159 -0.003027255415672698 -0.0017116601851868312 -0.00088203991627994237 -0.0053984281679017926 -0.0032848714133611721 -0.00030550177088742585 -0.0058204101313032944
leaf_weight=66 94 60 71 58 52 100 87 75 78 65 52 87 61 73 56 78 75 53 59 50 65 52 77 68 66 73 92 62 71 123 56 237 50 51 197 78 63 65 54 50 95 241 134 71 72 80 298 80 15316 50 146 58 52 375 98 80 378 2522 158 587 474 105
leaf_count=66 94 60 71 58 52 100 87 75 78 65 52 87 61 73 56 78 75 53 59 50 65 52 77 68 66 73 92 62 71 123 56 237 50 51 197 78 63 65 54 50 95 241 134 71 72 80 298 80 15316 50 146 58 52 375 98 80 378 2522 158 587 474 105
internal_value=-2.22499e-05 0.0780535 0.101186 -0.000743229 0.00705473 0.00480294 0.0154311 0.0218857 0.00107353 -0.000781809 0.00389482 -0.0017865 -0.0059893 -0.00104045 0.00019704 0.0105592 0.0163714 -0.000733094 -0.00050079 -0.000809627 -0.000569318 0.000109944 0.00642879 -0.00036173 -7.32939e-05 0.00258274 -0.00335355 -0.000924852 0.00132347 0.00415469 -0.00195686 -0.00411218 -0.00787799 -0.00119288 -0.0011738 -0.00730562 0.000225261 -0.0014027 0.00137982 0.00268789 0.00463747 -0.00339105 -0.00549483 -0.00330659 -0.00206037 -0.00384282 0.000109032 -0.00113761 -0.00102709 -0.00156099 -0.00106106 -0.00101618 0.0007468 0.000148596 0.00404157 -0.00568165 -0.00142849 -0.000986704 -0.0033974 -0.0021633 -0.00147265 -0.00261505
internal_weight=24570 225 131 24345 893 827 214 162 613 535 282 230 253 23452 2572 211 153 2361 2305 2252 2193 1841 127 1714 1662 403 192 1259 396 194 863 352 115 20880 20807 143 335 202 262 199 145 509 196 136 313 277 354 20530 16283 4247 16203 15899 583 525 150 131 4116 2572 304 1544 957 483
internal_count=24570 225 131 24345 893 827 214 162 613 535 282 230 253 23452 2572 211 153 2361 2305 2252 2193 1841 127 1714 1662 403 192 1259 396 194 863 352 115 20880 20807 143 335 202 262 199 145 509 196 136 313 277 354 20530 16283 4247 16203 15899 583 525 150 131 4116 2572 304 1544 957 483
is_linear=0
shrinkage=0.03


Tree=48
num_leaves=63
num_cat=0
split_feature=13 21 19 5 2 13 12 11 0 13 13 20 5 11 5 3 20 13 21 12 2 15 20 13 13 5 11 20 20 21 6 2 13 5 5 20 13 3 20 3 5 13 15 20 13 21 20 12 5 6 3 21 11 2 0 2 21 9 3 9 0 9
split_gain=1253.14 92.2611 89.3733 192.788 63.9605 42.9018 46.3527 30.8768 56.0016 27.3928 23.4946 15.895 10.4262 16.2975 9.01355 5.11542 4.6156 39.7985 10.6426 13.7867 5.11171 3.06965 2.78547 2.72926 1.95194 1.54913 1.47207 1.54733 1.37847 3.21334 12.8014 26.2288 6.35118 5.46942 12.0682 3.69873 3.08113 2.91126 2.20143 2.98455 1.92717 1.8617 3.01612 1.73207 13.2062 1.97371 6.69796 1.86749 2.30504 1.68918 1.55355 1.68579 1.52013 1.38873 1.29633 1.1898 1.54158 1.85383 1.29825 1.17632 1.16539 1.93087
threshold=1.0000000180025095e-35 0.036504684508943612 3.5000000000000004 -10.314227440508498 4.8483674451886047 22.628141608743309 -110.38787840244748 -102.83378429634949 446.09065098344206 19.215556362807046 9.7997819546966642 6.1494825792491111e-13 -15.595919771082949 -96.385776177845443 34.43040323791201 37.146371826810459 3.5091649478297557 20.108602581270883 0.64996894818873363 -106.29355040282736 5.1148034090915653 5.1342777643503295e-09 0.47894238492311508 25.794962342787489 50.498843589471157 -29.535544420331775 -126.40291758002948 85.241175944221212 133.61860080125103 0.43447714323152203 0.32192096583321556 5.4489801382655303 19.885603929653858 -4.3099213126764999 -9.9153385044011486 40.27725327383331 29.240372340122985 22.899830219888553 5.5877510692802952 12.826515964319201 1.8870379913629007 19.378978424806743 1.4782669592848835e-08 9.831486006680473 20.671958101968034 0.57413215796177408 21.321719164710004 -111.64572086810098 22.839445036848403 0.010041677325544287 21.143272630841704 1.9812035493602151 -68.963158631744946 5.5045257627440316 586.94810592077158 4.7798379844837742 3.2855707647754406 0.097445885372253752 11.923914789420403 0.36853420016226718 276.37233464222453 0.48868088517266367
decision_type=2 8 2 2 2 2 2 2 2 2 2 8 2 2 2 2 8 2 8 2 2 2 8 2 2 2 2 8 10 8 2 2 2 2 2 8 2 2 8 2 2 2 2 8 2 8 8 2 2 2 2 8 2 2 2 2 8 2 2 2 2 2
left_child=2 4 -1 -4 -2 6 -6 14 12 -8 -3 -12 -9 -14 15 22 17 -13 19 -19 24 23 -7 -22 -20 -25 27 -18 29 30 32 -32 -28 34 35 -34 37 -35 39 -31 49 42 -30 44 -40 46 -45 -46 59 -41 -44 -52 60 -37 -17 58 -57 -58 -43 -49 61 -47
right_child=1 10 3 -5 5 7 9 8 -10 -11 11 16 13 -15 -16 54 26 18 20 -21 21 -23 -24 25 -26 -27 28 -29 41 38 31 -33 33 36 -36 53 -38 -39 43 40 -42 55 50 45 47 52 -48 48 -50 -51 51 -53 -54 -55 -56 56 57 -59 -60 -61 -62 -63
leaf_value=0.049332013056643316 0.036050023117988231 0.015082465434790233 0.13296726825383476 0.055156178817800855 -0.0018065636449803909 -0.0050718082865850974 0.042082311374410472 -0.0081901162441095528 0.03808796250762847 0.015494097916385794 0.011441494687930532 0.01899210105702161 -0.0040861260956869677 0.016008704617782216 0.0071225071419030424 0.0009123075965522643 -0.0078934519123276137 -0.0056419649311842826 -0.013078240570851931 0.014282484146673527 0.005489941262163814 -0.0084072123120872751 -0.01340557526213506 0.003028212035742571 -0.0052026719142283708 -0.0025482122354935537 -0.010661520755434644 -0.0015462567674153116 -0.0074871163058147843 -0.0094163083374430856 -0.0023200097576753322 0.025165656932375647 0.0055604682553561493 -0.011244702861306795 0.015959484396713242 -0.0038667859109340324 -0.00065196797606336917 -0.0013743001397918252 0.012117213614817176 0.0041943522944147211 -0.0053307591799389691 -0.0025416835823169983 -0.0045499088017848027 -0.012718333709700873 -0.005732434888855672 -0.00028034040029061133 -0.0016411048246761006 -0.00045963142193916916 0.0048262466871667473 -0.0031450140665031292 -0.0026532968459650873 0.004690804055047371 -0.0044376779389594962 0.0017528246100670818 -0.0050000189906443532 -0.0021557748960521167 0.005188125310465694 -0.00094044770515529902 0.00080143578304717493 -0.004479583420407246 -0.0011430721788695463 -0.0061287904849562508
leaf_weight=92 71 81 52 68 71 70 65 53 51 78 91 98 64 82 59 82 58 51 50 78 54 52 78 52 69 294 53 85 126 64 72 54 81 58 52 125 242 50 76 57 86 146 86 56 70 2221 359 287 62 54 59 52 119 57 55 1625 54 230 361 84 15162 51
leaf_count=92 71 81 52 68 71 70 65 53 51 78 91 98 64 82 59 82 58 51 50 78 54 52 78 52 69 294 53 85 126 64 72 54 81 58 52 125 242 50 76 57 86 146 86 56 70 2221 359 287 62 54 59 52 119 57 55 1625 54 230 361 84 15162 51
internal_value=-4.22477e-05 -0.0005911 0.0724926 0.0896946 0.00894586 0.00652257 0.0180065 0.00236196 0.0103643 0.027788 -0.000948127 -0.0010042 0.00310429 0.00723214 -0.00346686 -0.00567629 -0.00105323 0.00118787 -0.00132825 0.00642257 -0.00308748 -0.00162221 -0.00952442 -0.000721398 -0.00859314 -0.00170383 -0.00113265 -0.00415758 -0.00111314 -0.00102516 0.00078501 0.00956496 -0.000766922 3.64938e-05 0.00289956 0.000266694 -0.00254118 -0.0067296 -0.00110643 -0.00383794 -0.00198727 -0.00174379 -0.00388053 -0.00106779 0.000546444 -0.00111983 -0.00316284 -0.0012224 -0.000481762 0.000627649 -0.00154761 0.000798346 -0.00107135 -0.00210684 -0.00148029 -0.00145664 -0.00179957 0.00023896 -0.000164385 -0.0013794 -0.00104812 -0.00041426
internal_weight=24595 24383 212 120 879 808 214 594 250 143 23504 23423 199 146 344 285 23332 798 700 129 571 452 148 400 119 346 22534 143 22391 19652 844 126 718 665 315 263 350 108 18808 261 197 2739 323 18547 579 17968 415 503 433 111 197 111 17553 182 137 2416 1909 284 507 371 17434 2272
internal_count=24595 24383 212 120 879 808 214 594 250 143 23504 23423 199 146 344 285 23332 798 700 129 571 452 148 400 119 346 22534 143 22391 19652 844 126 718 665 315 263 350 108 18808 261 197 2739 323 18547 579 17968 415 503 433 111 197 111 17553 182 137 2416 1909 284 507 371 17434 2272
is_linear=0
shrinkage=0.03


Tree=49
num_leaves=63
num_cat=0
split_feature=10 1 7 20 13 1 16 12 15 15 9 6 4 12 13 1 13 4 21 12 7 13 13 21 20 21 21 15 6 20 12 15 12 21 13 21 6 21 20 7 13 1 20 20 9 5 12 1 4 9 7 21 1 9 21 1 21 1 10 15 1 7
split_gain=1394.37 148.556 69.8338 69.577 119.036 54.3447 44.4193 35.0197 32.8268 30.4668 21.1259 13.9212 10.1931 17.4848 22.9079 22.2676 13.3841 8.63532 15.1018 5.92255 7.06331 4.24158 4.60274 25.2052 4.43852 3.70683 3.73334 2.58055 2.46512 2.31615 2.10926 4.20909 7.44173 11.8229 2.90633 2.35509 2.20893 4.69106 2.01272 1.9335 2.38083 1.99496 2.61663 1.89146 1.83664 5.76507 1.77522 1.71434 4.13496 1.70551 1.61902 1.48616 2.08829 2.46966 1.83153 1.44267 6.62796 3.98251 3.32839 2.57686 1.86601 2.03413
threshold=16.500000000000004 99.039274249284219 0.1355678685678581 2.0039493990201902 23.931513161394722 408.06667929088604 17.68244621507942 -111.77326726819263 4.4964850931832601e-09 7.2387310133453438e-09 0.25726311247072969 0.10373299187580899 25.331273300226304 -102.81344057569383 31.672311406333474 1064.6260007940102 31.672311406333474 61.292819611140111 0.028814196311226805 -99.665014180722039 0.011581815072471803 15.16531517836655 18.510145073565266 0.57413215796177408 33.303044893309909 0.025924569724350303 0.52703142032427708 4.8804501864515054e-09 0.35906171801937414 177.97656871473905 -98.623735676568785 2.6452012790189463e-09 -97.576520867380026 1.6164518363930152 21.072057642359088 3.2459548656395905 -0.31771063741812861 1.4435097985223653 3.9913786367212603 0.23474284875746323 18.035587566945633 312.83029633665302 32.450017059191808 163.13384356459201 0.010233352458653757 -25.802442386996116 -110.08377588837496 768.69078390335369 -3.9299781604612045 0.35131774233020835 -0.057761029570225546 0.16606176382265053 929.54083285078661 0.29498689452751142 1.0477405343012103 1038.9999484889952 0.16606176382265053 929.54083285078661 3.5000000000000004 7.9409338805090669e-23 1093.2210965565102 -0.025246661063717198
decision_type=2 2 2 8 2 2 2 2 2 2 2 2 2 2 2 2 2 2 8 2 2 2 2 8 8 8 8 2 2 8 2 2 2 10 2 8 2 10 8 2 2 2 8 10 2 2 2 2 2 2 2 8 2 2 10 2 8 2 2 2 2 2
left_child=3 -2 -3 4 5 11 21 -7 10 -10 -9 -1 13 47 -15 19 -14 25 -19 -16 -21 24 23 -23 50 -18 -27 -25 29 49 35 34 33 -33 -32 44 37 -34 -36 40 41 46 -43 -37 45 -24 -29 48 -6 -26 -5 -40 -53 54 -54 57 -57 -46 59 -59 -58 -62
right_child=1 2 -4 6 12 7 -8 8 9 -11 -12 -13 16 14 15 -17 17 18 -20 20 -22 22 30 27 28 26 -28 39 -30 -31 31 32 36 -35 38 43 -38 -39 51 -41 -42 42 -44 -45 55 -47 -48 -49 -50 -51 -52 52 53 -55 -56 56 60 58 -60 -61 61 -63
leaf_value=0.011669806172921198 0.12200929609055702 0.043752651993143425 0.085346697890473638 -0.0029977073079722823 0.0053266737110997464 0.0037920355044591889 0.026081904802833577 0.0065811038059182467 0.059317995152383479 0.028768736316185248 0.033087318837094828 -0.0074557429701089849 -0.013732662568348186 0.024633008672252012 0.0076749559343956848 0.021291146047125734 -0.0078885701246973541 0.016131341749533019 -0.004670098005125539 -0.010515654123527928 0.0030717220531369092 0.017248479563188798 -0.013173682187848231 -0.0070408649240919158 -0.0047235403060543694 0.0060388657735551106 -0.0033992784742651314 0.0047845021206695511 -0.011618963745148743 -0.0099643068386498709 -0.0077962601680146206 0.018962273712763014 0.010797115390708384 -0.0014389827847480774 0.0043481180732071927 -0.00094798833536025723 -0.00050020612917031919 6.1651960238814349e-05 0.0030292343167452542 -0.0027875197656984838 0.0055865763983240831 -0.0081575731700286262 6.551953049673666e-06 0.0023629120775149203 -0.001532979080344878 -0.0017057649665810581 -0.0011859298962538681 -0.006662642202443547 -0.005031672353048789 0.00062555620813589186 0.0039123835128044154 -0.00096740066924278032 -0.010889571893852777 -0.00034919956692546189 -0.0037454741628287912 0.010227225738322325 0.0023168937682387339 -0.0061681205795166335 -0.011083970549313918 0.0018470640103253771 0.00012668467067340587 -0.0060357752669602631
leaf_weight=79 51 88 67 51 54 51 53 59 52 75 50 59 84 58 50 50 107 63 61 74 63 78 50 52 207 50 144 97 50 57 56 50 51 51 62 5353 750 124 78 174 80 50 115 159 9675 176 82 80 93 72 73 4284 51 107 90 51 82 93 68 58 93 99
leaf_count=79 51 88 67 51 54 51 53 59 52 75 50 59 84 58 50 50 107 63 61 74 63 78 50 52 207 50 144 97 50 57 56 50 51 51 62 5353 750 124 78 174 80 50 115 159 9675 176 82 80 93 72 73 4284 51 107 90 51 82 93 68 58 93 99
internal_value=4.17042e-07 0.0774978 0.0621639 -0.000692808 0.00566478 0.0190047 -0.00109546 0.0264229 0.0312768 0.0416428 0.0189302 0.00349813 0.00015267 0.00309532 0.00790046 0.00371927 -0.00286528 -0.000690185 0.00594288 -0.00106735 -0.00429046 -0.00115936 -0.00109776 0.00124737 -0.00386241 -0.00343337 -0.000948273 -0.000696308 -0.00544529 -0.00449484 -0.00117645 -0.000683843 0.00105721 0.00874754 -0.0010618 -0.00135402 0.000208965 0.00323384 -0.000979431 -0.000133774 0.00095926 -0.000129934 -0.00250166 -0.00085207 -0.00161881 -0.00428977 0.00205805 -0.00315651 -0.00121628 -0.00334582 0.00106908 -0.00105201 -0.0011229 -0.00379442 -0.006388 -0.00155932 0.000406285 -0.00162392 -0.00561646 -0.00309754 -0.00145224 -0.00306564
internal_weight=24664 206 155 24458 1456 425 23002 287 236 127 109 138 1031 522 295 237 509 425 124 187 137 22949 22439 728 510 301 194 650 386 336 21711 5754 1026 101 4728 15957 925 175 4672 598 424 344 165 5512 10445 226 179 227 147 279 124 4610 4532 248 141 10219 325 9894 219 151 274 192
internal_count=24664 206 155 24458 1456 425 23002 287 236 127 109 138 1031 522 295 237 509 425 124 187 137 22949 22439 728 510 301 194 650 386 336 21711 5754 1026 101 4728 15957 925 175 4672 598 424 344 165 5512 10445 226 179 227 147 279 124 4610 4532 248 141 10219 325 9894 219 151 274 192
is_linear=0
shrinkage=0.03


Tree=50
num_leaves=63
num_cat=0
split_feature=10 13 19 21 11 13 21 3 21 7 11 13 11 13 21 3 5 15 5 1 5 15 15 21 3 21 1 7 1 13 1 11 13 1 1 12 12 7 3 7 13 13 21 13 13 21 3 11 21 21 21 7 1 13 13 7 7 3 12 3 7 1
split_gain=1278.53 126.22 139.784 71.5926 44.1646 52.8447 28.6141 27.9205 24.6343 19.308 17.9613 10.0445 8.73225 6.99936 32.2751 52.0336 7.54291 7.3128 6.30728 5.88333 4.19848 3.54404 4.32234 8.88402 4.58211 3.04215 3.0697 2.43667 2.20729 2.12834 3.53333 1.94485 1.9357 1.79942 1.72551 1.7165 2.10202 1.88034 1.43382 1.37321 1.30174 1.90885 7.16413 1.52025 1.60927 1.34583 1.2753 1.26353 1.64561 1.19324 1.17167 4.69084 1.9822 2.7434 7.37293 1.97208 1.94322 2.51876 2.49697 3.12618 2.29875 2.33186
threshold=15.500000000000002 -3.5216215127893089 3.5000000000000004 0.036504684508943612 -106.48655260014799 24.373778119893753 0.0073127644711899059 15.555530749449902 0.011303803562451703 0.039070690788689084 -95.010250287680037 24.321434740576326 -110.72425812080199 19.798410162809187 0.74963532101026853 13.018325120017151 -33.033152935243862 8.4394051893214577e-09 23.878224185828554 748.87465437165213 -5.4414184952187989 4.035025861196013e-09 6.2331850894483523e-09 1.6164518363930152 48.737503657922957 3.8352823710386104 176.51716406791101 -0.44247968570953944 7.3626821337239958 17.682718661603577 865.47141884479663 -112.70057751924249 17.071458040633818 344.02680351284408 273.94161655865508 -101.44242114725192 -89.757552718633903 -0.22880361112182254 8.2356375164421571 0.13865643631271676 19.955075516297068 20.321102511702339 0.98283622370007018 20.550213609132204 20.671958101968034 2.6626254411495451 70.991715117796062 -107.59023267533598 1.7778098725146301 1.9271011176274553 0.16606176382265053 -0.27593269024799655 909.82836450838306 22.628141608743309 23.578424633548945 0.031824574696124326 0.05158081401042925 23.228240582975051 -99.173408203028174 33.401928627396508 0.38944845973952452 1015.5159270254002
decision_type=2 2 2 8 2 2 8 2 8 2 2 2 2 2 8 2 2 2 2 2 2 2 2 10 2 8 2 2 2 2 2 2 2 2 2 2 2 2 2 2 2 2 8 2 2 8 2 2 8 8 8 2 2 2 2 2 2 2 2 2 2 2
left_child=3 -2 -3 4 9 8 19 10 -6 12 -8 -11 18 14 15 -5 -16 -17 -1 -7 -9 -18 23 -23 27 26 -26 -24 31 33 35 -15 -19 34 38 37 -37 -31 -29 -39 -30 42 -42 -43 -45 -44 50 48 -35 -49 51 -46 -52 -54 -55 -53 57 -56 59 -59 61 -58
right_child=1 2 -4 13 5 6 7 20 -10 11 -12 -13 -14 28 16 17 21 32 -20 -21 -22 22 24 -25 25 -27 -28 29 40 30 -32 -33 -34 47 -36 36 -38 39 -40 -41 41 43 45 44 46 -47 -48 49 -50 -51 52 55 53 54 56 -57 60 58 -60 -61 -62 -63
leaf_value=-0.0055460479446723093 0.097255060597469925 0.01814694430657255 0.079510197337359589 0.035140800618280538 0.044444405360419867 0.002042978075059021 0.034559805410343307 0.0088460115653713461 0.018959665271368893 0.017928593474540063 0.010840519898828413 0.0020634915268815616 0.0014786290647689161 -0.007699939134294417 0.010582762955660548 0.01055892581340869 -0.0081140098654265917 0.002010499958542163 -0.019294451806036866 -0.011803498534394092 -0.0017219591450969307 0.011182661697437816 0.0039147350074429255 -0.0026747982773244134 0.01132352545063066 -0.0027031893547820414 0.0016475732455728577 -0.0074353313903945187 -0.0050291973717006312 -0.004911516821333047 0.006579628580858787 -0.0022641767520764221 -0.0054842480858011793 -0.00083394819850122538 0.0027030701546831744 -0.008123372542145459 -0.00017565806538590955 0.0040711630069251575 -0.0020654458895339356 -0.0013257271102846187 0.011325425625831451 -0.0045436865404701312 -0.0043859748333692546 0.0035872373816399727 0.0075226840192529681 0.0019029772614773651 -0.0049437731012701982 -0.011186132843453938 -0.0064631669172465949 -0.004574324646248267 -0.00098736764050800781 -0.0044354237276275858 -0.0072286842762878216 0.0088546082894835204 -0.0036182857393754547 0.00095004804790479764 -0.0092071762728943105 0.0086818700904924672 -0.0046377641304998713 -0.00018547416147775947 0.00012817488199599634 -0.0033659185219237216
leaf_weight=76 94 63 72 59 54 50 61 64 98 55 56 101 81 66 50 76 62 72 50 60 70 76 56 90 50 56 71 53 72 57 51 532 53 90 56 68 53 83 271 85 52 110 74 67 71 51 74 51 97 51 19148 99 95 53 197 157 101 55 50 99 81 160
leaf_count=76 94 63 72 59 54 50 61 64 98 55 56 101 81 66 50 76 62 72 50 60 70 76 56 90 50 56 71 53 72 57 51 532 53 90 56 68 53 83 271 85 52 110 74 67 71 51 74 51 97 51 19148 99 95 53 197 157 101 55 50 99 81 160
internal_value=-1.95977e-05 0.070456 0.051218 -0.000611177 0.00780347 0.013461 0.00717549 0.0127514 0.0282448 -0.000206972 0.0233951 0.00773552 -0.00620103 -0.000927846 0.00084911 0.0106211 -0.000767705 0.00328542 -0.0111107 -0.00554794 0.00335357 -0.00114605 -0.000845823 0.00369855 -0.00142895 0.00304519 0.00570594 -0.00213685 -0.00107996 -0.00245812 -0.000715478 -0.00287596 -0.00118558 -0.00348964 -0.00212397 -0.00180663 -0.00467212 -0.000251782 -0.00296403 0.00134891 -0.00102835 -0.00101426 0.00208008 -0.00104092 -0.00102191 -0.00182534 -0.0010372 -0.0052718 -0.00377276 -0.00795674 -0.00102276 0.000756703 -0.00105183 -0.00243458 -0.00185407 -0.00114177 -0.00262882 -0.00120724 0.00112737 0.00301701 -0.00428727 -0.00565284
internal_weight=24406 229 135 24177 876 513 361 251 152 363 117 156 207 23301 1837 260 1577 201 126 110 134 1527 1465 166 1299 177 121 1122 21464 1066 397 598 125 669 380 346 121 225 324 168 20866 20794 177 20617 20507 125 20440 289 187 102 20366 327 20039 891 796 256 743 401 204 154 342 261
internal_count=24406 229 135 24177 876 513 361 251 152 363 117 156 207 23301 1837 260 1577 201 126 110 134 1527 1465 166 1299 177 121 1122 21464 1066 397 598 125 669 380 346 121 225 324 168 20866 20794 177 20617 20507 125 20440 289 187 102 20366 327 20039 891 796 256 743 401 204 154 342 261
is_linear=0
shrinkage=0.03


Tree=51
num_leaves=63
num_cat=0
split_feature=14 13 20 20 13 1 12 10 0 12 1 13 1 15 20 0 5 16 10 1 4 12 16 12 20 13 10 20 20 13 1 20 20 20 1 4 0 0 0 13 15 12 0 20 1 0 11 13 20 20 20 1 16 0 11 11 11 20 20 4 1 1
split_gain=1139.26 194.11 68.8896 66.9785 101.025 54.2809 40.0694 25.6602 20.9645 12.7205 13.6631 7.86523 7.17696 6.10497 7.0657 8.48237 9.74113 5.44133 7.1733 5.29208 3.51758 3.08755 5.34862 2.4548 5.37774 13.2476 3.56225 3.6083 9.85971 2.74522 4.61916 7.8085 7.41128 6.03184 13.1758 13.3128 11.626 9.7574 7.98275 3.60147 2.20923 1.97695 2.94473 1.91346 2.55376 1.91089 1.84731 1.84383 1.64306 1.63326 3.44001 1.51409 1.44791 1.4408 1.39781 1.35933 1.16952 1.11806 3.2551 5.71642 1.82286 2.38476
threshold=8.9068073327789978 -3.5216215127893089 61.767582693634807 1.7925050432673102 24.373778119893753 991.84394670890504 -108.64927443343349 3.5000000000000004 346.08468397078207 -95.977408951996793 449.77557958968652 16.126348470842384 1015.5159270254002 2.4014881157869122e-10 0.57266716634020465 503.69551545685107 35.336230407455659 16.829531358139203 6.5000000000000009 1142.6428715872551 1.0000000180025095e-35 -109.56775279977373 1.0000000180025095e-35 -107.64390633124994 3.1176223902685902 46.113525333290703 4.5000000000000009 17.348097489993553 9.3255176740723122 32.568517897323161 13.672562619914801 44.662384935203256 72.233168069697271 40.74343990171181 653.71170384634308 50.010580413663355 319.12354481335905 449.06530582253907 186.54233507567753 31.346657075351825 3.956723905034159e-08 -98.350439438335982 373.32781535231203 155.35318879465504 1168.1806914616852 614.03584980661708 -104.50207164106548 19.378978424806743 3.9913786367212603 7.1263426434096706 11.243684383646352 659.90267568991055 7.1120525455893828 330.82366948889455 -114.84988032656948 -128.37817988323948 -125.11271900860798 8.7731200861354726 12.347912724316052 43.596529696273755 429.36093436564357 176.51716406791101
decision_type=2 2 10 8 2 2 2 2 2 2 2 2 2 2 8 2 2 2 2 2 2 2 2 2 8 2 2 8 8 2 2 8 10 8 2 2 2 2 2 2 2 2 2 10 2 2 2 2 8 8 8 2 2 2 2 2 2 10 10 2 2 2
left_child=1 -1 -2 4 5 6 11 -8 -9 13 -11 -3 -12 14 15 16 51 18 23 -7 -16 -15 -23 26 25 -25 48 28 -28 30 31 -26 -33 34 38 36 -36 -38 -32 43 52 49 -43 44 45 -35 -22 -45 54 -40 -51 -6 -29 -52 -5 -50 -57 -31 59 60 61 -59
right_child=2 3 -4 17 9 19 7 8 -10 10 12 -13 -14 21 20 -17 -18 -19 -20 -21 46 22 -24 24 29 -27 27 40 -30 57 33 32 -34 39 35 -37 37 -39 41 -41 -42 42 -44 47 -46 -47 -48 -49 55 50 53 -53 -54 -55 -56 56 -58 58 -60 -61 -62 -63
leaf_value=0.051349049263275583 0.0607782649828328 0.0065128808030310804 0.10781792322663884 -0.00058910355073948429 -0.0017700693015708442 0.043685385207919515 0.0070304329530007223 0.01440490341033129 0.040948089157201106 -0.0041274924546771214 0.017787779362901348 -0.0091282754862653231 0.0050322811923659881 -0.0018488340217366135 0.0033037702122922325 0.010363579058717005 0.010556443656006685 0.008154530797974539 -0.011693347465978669 0.029044958817816914 -0.0030193017062265424 -0.016275752252055648 -0.0028575510900866771 0.016189089499206728 -0.0040576526891003169 -0.0019528846027924841 0.0010004711107143925 -0.0022914060894613036 -0.016956913186923453 -0.00061790301030886753 0.010805540375134258 0.017320833874042502 0.0028989535704428372 -0.0012494766221651779 -0.006810104903765022 0.021422027770210714 0.018676736862695012 0.0014829031755851411 -0.0065190813540309473 0.0058576452876799379 -0.0070182424064582196 -0.00019281869196654568 0.0075046877343265799 -0.0057547296137138463 0.0053459510221881305 0.0038262008057158119 -0.0091349875479220192 -0.0017162312685127799 -0.0050176723158130276 0.0051559949777712222 -0.0063146313424259724 -0.0081771328830866196 0.0026526328903954412 -0.0014390127346506183 -0.0058937054860663399 0.0017983214933490164 -0.0010856819103433686 -0.00547091762897455 -0.0011421937991670434 0.003628537347540259 -0.0034149875989580741 -0.0147258278081084
leaf_weight=64 53 50 75 72 73 50 82 50 61 74 79 66 81 87 50 99 51 58 55 62 107 52 55 57 67 96 53 567 56 3780 56 51 85 2096 59 50 54 65 56 64 83 222 55 151 56 68 77 312 77 67 61 61 58 465 118 128 7036 53 6391 53 60 50
leaf_count=64 53 50 75 72 73 50 82 50 61 74 79 66 81 87 50 99 51 58 55 62 107 52 55 57 67 96 53 567 56 3780 56 51 85 2096 59 50 54 65 56 64 83 222 55 151 56 68 77 312 77 67 61 61 58 465 118 128 7036 53 6391 53 60 50
internal_value=-7.71083e-06 -0.000424993 0.0889627 -0.000562735 0.0058869 0.0180931 0.0115404 0.0198812 0.0292271 0.000441369 0.00649407 -0.00238836 0.0114017 -0.00155418 0.000148756 0.00332395 -0.000478668 -0.000945292 -0.00096859 0.0359096 -0.00370264 -0.00607864 -0.00946887 -0.000942377 -0.000709874 0.00486713 -0.00135662 -0.00323602 -0.00829562 -0.000768861 -0.000117612 0.00428467 0.00839411 -0.000344481 0.00141959 0.0078996 0.00400271 0.00937577 -9.14418e-05 -0.00112175 -0.00244647 -0.000761384 0.00135706 -0.00129036 -0.000923649 -0.00108829 -0.00561413 -0.00304289 -0.00114958 -0.00166626 -0.00119778 -0.00472568 -0.00182909 -0.00201535 -0.00389715 -0.00107696 -0.00103391 -0.00102965 -0.00126509 -0.00487935 -0.00765098 -0.010062
internal_weight=24620 24492 128 24428 1367 421 309 193 111 946 234 116 160 712 518 284 185 23061 23003 112 234 194 107 22948 14700 153 8248 817 109 14547 4160 203 136 3957 1210 228 178 119 982 2747 708 926 277 2683 2220 2164 184 463 7431 649 593 134 625 526 190 7241 7164 10387 6607 216 163 103
internal_count=24620 24492 128 24428 1367 421 309 193 111 946 234 116 160 712 518 284 185 23061 23003 112 234 194 107 22948 14700 153 8248 817 109 14547 4160 203 136 3957 1210 228 178 119 982 2747 708 926 277 2683 2220 2164 184 463 7431 649 593 134 625 526 190 7241 7164 10387 6607 216 163 103
is_linear=0
shrinkage=0.03


Tree=52
num_leaves=63
num_cat=0
split_feature=16 13 19 20 13 11 4 1 0 15 8 3 21 21 20 11 11 9 1 11 13 13 11 16 21 21 13 9 0 8 1 11 20 13 21 21 1 1 3 21 1 4 0 11 21 20 21 21 3 11 20 13 9 4 3 21 21 4 13 13 20 15
split_gain=1286.81 106.079 88.6927 55.4793 100.263 54.9378 26.3559 24.11 43.7621 13.9538 10.778 13.7363 20.9083 11.2286 10.7113 7.55386 7.13661 6.41573 4.67811 4.54638 4.10376 3.82452 2.54562 2.34233 15.1978 3.97883 2.79741 2.37247 3.02183 3.93071 2.31021 3.15562 2.30215 15.9552 35.9606 6.16918 3.07126 7.59073 2.85749 2.7168 3.96413 2.70294 3.50091 4.3211 3.19509 2.35509 2.02368 1.94247 1.44697 2.33147 4.79989 6.01851 1.70913 1.9378 1.803 1.77335 1.71987 1.51807 1.46126 2.12346 3.27909 1.83361
threshold=28.035921372148071 -3.5216215127893089 3.5000000000000004 2.0039493990201902 19.476696818100418 -110.23137678525698 52.768466706482357 1116.9517526598602 419.02672647031858 7.9409338805090669e-23 0.3987804985321311 17.728859201322056 0.028814196311226805 0.0073127644711899059 1.2878994310186551 -98.504092905185544 -96.193187986637597 0.2043772350163309 324.91480905299704 -101.45714086616449 9.7997819546966642 23.931513161394722 -108.34890901278798 7.2233146691273893 0.41697579079349856 0.022358981364493106 12.592107726904347 0.1420306655988384 441.59108047736754 0.20739983472699833 894.48356307821007 -105.99015054168298 9.831486006680473 20.671958101968034 1.4235683996452002 0.059577513970665803 780.72969993465063 969.28967126211012 40.333777494652061 2.0628570745054158 247.15733536568004 32.703859992991603 352.76072856159902 -104.87783717974798 1.1036658781512252 10.381398064005351 0.036504684508943612 0.082061478739839766 28.026889730076054 -107.74001902951998 16.267337256559554 27.020756974483238 0.07890427375738264 35.763020213109762 42.181327307747402 2.3362874807272651 1.1603138738223804 8.8119791017063225 17.906880843918241 19.215556362807046 65.900297070817871 7.1015198720184499e-09
decision_type=2 2 2 8 2 2 2 2 2 2 2 2 8 8 8 2 2 2 2 2 2 2 2 2 8 8 2 2 2 2 2 2 8 2 8 8 2 2 2 8 2 2 2 2 8 8 8 8 2 2 8 2 2 2 2 10 8 2 2 2 10 2
left_child=3 -2 -3 4 5 -1 -7 10 9 -9 11 12 13 -6 16 -15 21 -16 -14 22 -5 -13 -12 25 -25 -22 -27 28 29 -26 31 -23 33 34 -28 -34 38 -38 41 40 -40 44 -43 -44 -35 -37 -33 -47 49 50 51 -49 53 54 56 -56 57 -50 61 60 -60 -54
right_child=1 2 -4 20 7 6 -8 8 -10 -11 19 14 18 15 17 -17 -18 -19 -20 -21 23 30 -24 24 27 26 32 -29 -30 -31 -32 46 35 36 -36 45 37 -39 39 -41 -42 42 43 -45 -46 47 -48 48 52 -51 -52 -53 58 -55 55 -57 -58 -59 59 -61 -62 -63
leaf_value=0.0020835262071341276 0.098523513158162421 0.023117940020473564 0.075478578725376652 -0.0087399721655146406 0.0036536755341154779 0.047894239306172932 0.021900654214941247 -0.009539285499889116 0.035508303556262569 0.012138826027173887 -0.006468888891796613 -0.01285404409979282 -0.0082372616461208574 0.011445058177170507 0.012811461415070179 0.028164900080300866 0.0055720523606578353 -0.00027368554563432089 0.0025340144291854812 -0.011475152054227628 -0.0092832896125613802 -0.0024664117143010323 0.0027288345603601019 0.015620830967880986 0.011751400519381552 -0.006110492421304319 0.029619382237035419 -0.0015565587207170791 -0.00087825994819914002 0.00041607062072783219 0.0017135055647846662 -0.013539710761534105 -0.011135995958607633 -0.0063690017733776493 -0.0045793765480439258 -0.0064917704078076592 0.011973412276930965 -0.00402612225462993 -0.013181585403608864 -0.00083144913550074165 -0.0017361744556505724 -0.0041988934261494998 0.0012174765610053569 0.011278295777738093 -0.00046946166851783843 0.0036416224363936727 -0.0049754326975078511 -0.013196995245931535 -0.010866967483691625 -0.0010729565860005191 -0.0017940484949954356 -0.00041941648349165913 -0.0078410892699097377 -0.00046785604751779282 0.00089352843355479047 -0.0042509498087068397 -0.002929363135077117 -0.0034773563392980792 0.0089601941029804778 -0.00059115880089390951 -0.0016170887360876459 -0.0015626498263022353
leaf_weight=71 89 50 73 61 60 68 78 51 50 54 57 51 56 50 64 51 63 70 99 85 52 155 50 55 50 97 50 595 152 60 52 50 54 112 60 71 52 53 57 94 52 66 157 50 308 78 52 75 52 9109 2323 59 51 581 182 89 385 50 52 7177 52 219
leaf_count=71 89 50 73 61 60 68 78 51 50 54 57 51 56 50 64 51 63 70 99 85 52 155 50 55 50 97 50 595 152 60 52 50 54 112 60 71 52 53 57 94 52 66 157 50 308 78 52 75 52 9109 2323 59 51 581 182 89 385 50 52 7177 52 219
internal_value=-3.17959e-05 0.0733875 0.0545519 -0.000672154 0.00504372 0.0237838 0.0342507 0.00169369 0.0127084 0.0016188 8.01906e-05 0.00149699 0.00648273 0.0140194 -0.00133809 0.0200811 -0.00367917 0.00602454 -0.0013854 -0.00633621 -0.00103116 -0.00530908 -0.00218542 -0.00101018 0.000479064 -0.00107217 -0.00105222 -0.000509768 0.00186436 0.00562794 -0.00402635 -0.00518986 -0.0010294 0.000300681 0.0110923 -0.00110094 -0.000895099 0.00393566 -0.00146496 -0.00458597 -0.00778681 -0.000545436 0.00177456 0.00369017 -0.00205406 -0.0010741 -0.0092643 -0.00105505 -0.00107314 -0.00129438 -0.00211453 -0.00761583 -0.000785183 -0.00177268 -0.00277088 -0.000805404 -0.00386071 -0.00731354 -0.000609861 -0.000529271 0.00370652 -0.00277314
internal_weight=24541 212 123 24329 1437 217 146 1220 155 105 1065 873 316 161 557 101 423 134 155 192 22892 360 107 22831 912 21919 21867 857 262 110 309 257 21770 1111 110 20659 1001 105 896 203 109 693 273 207 420 20605 102 20534 20456 11566 2457 134 8890 1339 758 271 487 102 7551 7281 104 270
internal_count=24541 212 123 24329 1437 217 146 1220 155 105 1065 873 316 161 557 101 423 134 155 192 22892 360 107 22831 912 21919 21867 857 262 110 309 257 21770 1111 110 20659 1001 105 896 203 109 693 273 207 420 20605 102 20534 20456 11566 2457 134 8890 1339 758 271 487 102 7551 7281 104 270
is_linear=0
shrinkage=0.03


Tree=53
num_leaves=63
num_cat=0
split_feature=16 7 19 21 13 12 3 7 15 4 21 15 13 15 15 13 13 21 3 21 15 7 15 19 4 2 7 7 7 7 7 4 7 21 15 3 15 21 17 3 21 2 2 21 3 3 19 16 16 2 21 21 19 4 2 4 15 21 3 21 0 2
split_gain=1116.65 106.218 77.3869 57.0454 37.653 39.1878 26.7949 23.2538 22.7948 22.8774 18.9297 9.98538 19.2093 7.85923 5.73735 4.58434 5.83039 19.8142 21.7312 10.0977 12.3626 11.6999 4.35542 4.3905 6.98179 7.92501 5.44958 7.46811 6.64778 6.79979 3.586 4.86345 4.62235 3.0273 2.49978 2.35624 2.31863 2.07088 2.01893 1.70951 1.67394 1.54774 1.529 2.22716 2.00298 3.10871 5.64653 1.93521 5.9393 1.8254 11.7384 1.663 1.55656 1.53237 1.50034 1.41585 1.54088 1.31107 1.28862 1.16239 1.30762 1.34648
threshold=28.035921372148071 0.13865643631271676 3.5000000000000004 0.13122009026230202 22.072573775156908 -109.06234405271483 15.555530749449902 0.089867030382768234 4.2746831639518372e-09 47.118747841215402 0.018830733328088902 4.1199590614104206e-09 28.472805572726916 1.1869531948642402e-08 7.9409338805090669e-23 9.7997819546966642 21.179523628411527 0.74963532101026853 10.282476514417402 0.33676839252946256 1.1869531948642402e-08 0.019238124966313167 3.6546809977603888e-08 2.5000000000000004 64.783165413498168 5.0724311347625148 -0.19535385952776438 0.35710494060606163 0.22325154062777666 -0.033371718436345336 0.039070690788689084 50.812789843522857 -0.39499490521212882 2.2851046066356102 6.7229229743481923e-09 48.737503657922957 1.0552450001778073e-08 0.031908323497307108 1.812876713735178 25.420093672441403 0.011303803562451703 5.1583650167829989 5.5489609807731108 0.9452517199983711 28.185041672682402 8.6280643821192413 2.5000000000000004 5.3428944925786146 5.7903616492232102 5.5225920286743735 0.60633676217324661 1.3448874572962703 4.5000000000000009 27.346316991732753 5.6162241070265777 69.587337560233962 1.7856050084192783e-08 4.5125425823554304 27.028543279888552 4.3578911511945906 429.47527296495207 4.2567162521428648
decision_type=2 2 2 8 2 2 2 2 2 2 8 2 2 2 2 2 2 8 2 8 2 2 2 2 2 2 2 2 2 2 2 2 2 8 2 2 2 8 2 2 8 2 2 8 2 2 2 2 2 2 8 10 2 2 2 2 2 8 2 8 2 2
left_child=3 2 -2 4 5 13 7 10 -7 -10 -6 12 -8 -1 -9 -5 17 18 -17 -20 21 -21 23 24 26 -26 34 28 29 -28 32 37 -14 38 -19 55 -37 -32 -24 -34 -41 -35 47 44 45 -44 53 49 -49 57 -51 -52 -50 -47 -46 -25 -57 59 -54 60 61 -18
right_child=1 -3 -4 15 6 8 11 14 9 -11 -12 -13 30 -15 -16 16 42 22 19 20 -22 -23 33 35 25 -27 27 -29 -30 -31 31 -33 39 41 -36 36 -38 -39 -40 40 -42 -43 43 -45 54 46 -48 48 52 50 51 -53 58 -55 -56 56 -58 -59 -60 -61 -62 -63
leaf_value=0.0098456016526772411 0.02178252341352024 0.090742921321015607 0.068463936614990242 -0.0096523682988218836 0.030630167703905427 0.010020049716129504 0.014386485056268767 0.0067189400918072177 0.048009374023360363 0.018969921117218642 0.0095529367658784801 -0.010490300348744942 0.0045736412068500239 -0.0064244193002920254 -0.0064787236725844972 0.02069986621582575 -0.0030161711536028824 -0.0095002576762012077 -0.0068314481805354143 0.0029877407267122178 -0.0020138498046435413 0.021185200166315414 -0.0098475352174005985 -0.00090346906876758381 0.0163313128631562 0.00062757984465478282 0.0092870455628018007 -0.0065206235958660238 0.014165566862609825 -0.0032055739935386443 -0.0036657752376340791 0.0094798953715219819 -0.0099583733435046218 -0.0038378378292318526 -0.00098057459882447406 0.0066642596907502804 -0.00049705034881994566 0.0033145578668993562 -0.0028639199204200795 0.00028215470490977168 -0.0060575219540677351 0.0020868341160285007 0.0011355791910966152 -0.0011911318912736877 -0.0042288370397825219 -0.0067792786637266332 -0.0031184579606955225 0.010453557128526476 -0.0021432649151728162 0.013226486662475509 -0.0020384722486393061 0.0010378341053850213 0.0052858132948618254 -0.014326201372184894 3.4898048363415137e-05 -0.0048181529105717283 0.00071099969176728216 -0.00060280879626889829 -0.00092167107562013601 -0.0043987799848008973 -0.0017894139201141421 -0.00087948106216550114
leaf_weight=51 58 94 74 53 64 59 81 62 50 51 97 77 50 54 55 79 277 55 70 63 95 64 88 1034 59 56 68 60 56 90 99 52 56 81 70 67 101 61 66 57 108 76 108 5047 96 50 542 53 177 59 350 287 61 53 317 182 60 4262 58 103 2477 5976
leaf_count=51 58 94 74 53 64 59 81 62 50 51 97 77 50 54 55 79 277 55 70 63 95 64 88 1034 59 56 68 60 56 90 99 52 56 81 70 67 101 61 66 57 108 76 108 5047 96 50 542 53 177 59 350 287 61 53 317 182 60 4262 58 103 2477 5976
internal_value=5.72503e-06 0.0662579 0.0482704 -0.000590691 0.00582862 0.0157697 0.00294801 0.0107084 0.025069 0.0336756 0.0180688 -0.000429079 0.000960663 0.00149649 0.000512582 -0.000920725 -0.000900179 0.000426116 0.00684376 0.00303717 0.00616558 0.012252 -0.000625774 -0.000101162 0.00227727 0.00875561 0.000392857 0.00275919 0.00537924 0.00219559 -0.00131594 0.00160263 -0.0035966 -0.00391772 -0.00477488 -0.000948769 0.00238148 -0.00100047 -0.00689234 -0.00545735 -0.00387895 -0.000974788 -0.00107223 -0.00146457 -0.0026461 -0.00356618 -0.00435399 -0.000899742 0.00130381 -0.000955597 0.000540863 -0.00065299 -0.000364173 -0.0107631 -0.000964009 -0.00138876 -0.00345 -0.00103517 0.00227785 -0.00124369 -0.00120597 -0.000974601
internal_weight=24456 226 132 24230 1184 265 919 278 160 101 161 641 564 105 117 23046 22993 2640 371 292 222 127 2269 1958 514 115 399 274 214 158 483 212 271 311 125 1444 168 160 154 221 165 157 20353 6213 1166 753 645 14140 349 13791 696 637 296 103 413 1276 242 13095 119 8833 8730 6253
internal_count=24456 226 132 24230 1184 265 919 278 160 101 161 641 564 105 117 23046 22993 2640 371 292 222 127 2269 1958 514 115 399 274 214 158 483 212 271 311 125 1444 168 160 154 221 165 157 20353 6213 1166 753 645 14140 349 13791 696 637 296 103 413 1276 242 13095 119 8833 8730 6253
is_linear=0
shrinkage=0.03


Tree=54
num_leaves=63
num_cat=0
split_feature=10 1 7 20 3 1 10 7 21 0 10 7 15 6 7 20 21 3 6 0 1 0 21 16 8 7 15 15 15 15 21 3 12 20 20 11 7 10 21 21 3 0 21 15 3 8 3 21 7 7 21 10 21 3 16 0 6 21 1 6 0 6
split_gain=1097.92 85.207 84.8306 66.2397 39.1359 29.9217 36.3973 32.6614 20.8733 17.6964 27.2477 29.3855 15.832 11.6801 7.12503 4.44231 6.15702 3.97828 3.4989 3.3559 4.96818 3.26593 3.12025 19.0936 4.76075 7.38996 10.257 3.87466 2.77964 2.72685 2.69325 2.65371 4.22598 3.21129 2.34582 2.54362 2.27364 2.08018 2.00672 2.45559 1.68937 1.62057 2.39801 1.51015 1.49675 2.10141 1.63058 1.93082 1.58153 1.22338 5.10513 10.1774 2.05086 1.75141 1.46544 1.44949 2.23721 4.76215 3.12858 2.78738 2.067 1.78287
threshold=15.500000000000002 152.10162911692655 0.043280435684321279 1.7925050432673102 17.728859201322056 408.06667929088604 3.5000000000000004 0.062818733012487207 0.025924569724350303 410.70634320376155 2.5000000000000004 0.11973804021551972 1.5881867761018134e-22 -0.15289600373553533 -0.39499490521212882 0.046908943290210454 0.59057975471497359 40.072811703047208 -0.072645141978559633 289.60317545720608 687.25280355161055 392.09806972637904 0.41697579079349856 5.5016458875495813 0.39449485700392023 0.12314496810073551 5.1482052170391682e-10 7.5955242952043141e-09 5.3282966143613146e-09 2.6162882721282753e-08 1.2159943321945703 36.446219459232758 -107.93890765149898 17.348097489993553 41.277004969171557 -99.187937318090434 -0.34369057851667767 5.5000000000000009 4.8538267523578762 3.4222433558085501 14.788494163218752 665.84469728905458 0.72020167762079057 1.5545648567488146e-09 18.581398614585606 0.30807513122101954 27.494321330594556 2.2387690519502605 -0.0039529303690635223 0.46690385474623436 1.3666960022239503 2.5000000000000004 1.6284013015673602 21.827867090655904 1.0305959579886638e-06 310.89938261630806 -0.38958578506234781 1.2527108906497901 929.54083285078661 -0.12901233525652486 191.96997288032955 -0.25146683584993829
decision_type=2 2 2 8 2 2 2 2 8 2 2 2 2 2 2 8 8 2 2 2 2 2 8 2 2 2 2 2 2 2 8 2 2 8 8 2 2 2 8 8 2 2 8 2 2 2 2 10 2 2 8 2 8 2 2 2 2 8 2 2 2 2
left_child=3 -2 -3 4 5 13 7 8 -7 10 19 -12 -9 -1 -11 17 18 -16 -17 -6 -21 -15 23 24 27 26 -26 28 31 41 -18 32 -5 -33 35 -34 -31 38 39 44 -36 49 -43 -20 45 -38 -46 48 -48 55 51 53 -52 -51 -54 56 57 -24 61 -60 -61 -58
right_child=1 2 -4 22 9 6 -8 12 -10 14 11 -13 -14 21 15 16 30 -19 43 20 -22 -23 29 -25 25 -27 -28 -29 -30 36 -32 33 34 -35 40 -37 37 -39 -40 -41 -42 42 -44 -45 46 -47 47 -49 -50 50 52 -53 54 -55 -56 -57 58 -59 59 60 -62 -63
leaf_value=0.011950171014977968 0.089289456854629162 0.02799285758601187 0.074038629995969427 -0.0076392278992570934 -0.0067199902100464198 0.03103446809892544 0.03230643040303028 0.010128910717421344 0.0087495768452901905 0.0079015678446739904 0.0038696513641293031 0.032272580266331452 -0.01043244834899759 0.0011289033680402913 0.0070924544953928047 -0.01525456391885106 0.0045554187003937034 -0.0041217007063927931 -0.0026455224504283929 -0.0025066697004868452 0.0086925639031974027 -0.0089678788203272509 0.0087516858981946232 0.016470623753266408 0.00074003784296413266 -0.0030568131377962842 0.018009583353996276 0.0042355644146234474 -0.0087701596871752729 0.0014077377736928963 -0.0039747559605166315 0.0068556303358994998 -0.0013355154378805309 -0.0012830968640606386 -0.0057594981362677307 0.0073575351822814002 -0.0020326689262622714 -0.0080930863110712029 0.0022462356963660569 -0.0093180959095578563 -0.0010065459544972614 -0.0087954652127015063 -0.0019724118824870811 -0.0097865864700254282 0.0025497749535632985 -0.0099172622471485495 -0.0015810581236683692 0.0009870150607918769 -0.0089527062642472694 0.0033934609078675169 -0.0062645562308570064 0.015145406558325416 0.00011015705589016669 -0.0040793932813765667 -0.0049219718905386782 -0.001134060218726908 -0.0021278644642170612 0.00021410461553370304 0.00090784323619395163 -0.010016230873360827 -0.0031229118565659453 -0.00025980276559712921
leaf_weight=63 84 76 71 119 51 80 98 69 73 55 69 62 64 56 57 57 53 55 58 85 60 58 67 63 71 87 54 98 51 92 86 64 74 132 104 50 73 81 59 58 189 51 440 50 69 52 51 70 54 54 61 56 444 57 58 15540 541 435 68 73 86 3035
leaf_count=63 84 76 71 119 51 80 98 69 73 55 69 62 64 56 57 57 53 55 58 85 60 58 67 63 71 87 54 98 51 92 86 64 74 132 104 50 73 81 59 58 189 51 440 50 69 52 51 70 54 54 61 56 444 57 58 15540 541 435 68 73 86 3035
internal_value=-1.01799e-06 0.064982 0.0505826 -0.000591934 0.00584052 0.0119049 0.0165987 0.0111226 0.0205277 0.00156763 0.00691854 0.0174549 0.000230706 0.00168569 -0.00215412 -0.00349935 -0.00537632 0.00159776 -0.00927691 -0.000176481 0.00215529 -0.00404137 -0.000974224 0.000544113 -0.000388099 0.00363761 0.0082842 -0.00135985 -0.00206468 -0.00105504 -0.000712937 -0.00158617 -0.00267715 0.00139576 -0.00124622 0.00220057 -0.00295423 -0.00366322 -0.00290981 -0.00362582 -0.00270745 -0.000995488 -0.00269756 -0.00601103 -0.00270834 -0.00536534 -0.00133082 -0.00286668 -0.00542089 -0.00095474 0.000251087 0.00484121 -0.00111663 -0.000446111 -0.000479874 -0.000999107 -0.00051181 0.00136872 -0.000760336 -0.00416778 -0.00633059 -0.000542931
internal_weight=24471 231 147 24240 1359 561 384 286 153 798 327 131 133 177 471 416 304 112 165 196 145 114 22881 1156 1093 212 125 881 783 21725 139 732 536 196 417 124 659 567 486 427 293 21066 491 108 369 125 244 175 105 20575 730 167 563 111 502 19845 4305 502 3803 227 159 3576
internal_count=24471 231 147 24240 1359 561 384 286 153 798 327 131 133 177 471 416 304 112 165 196 145 114 22881 1156 1093 212 125 881 783 21725 139 732 536 196 417 124 659 567 486 427 293 21066 491 108 369 125 244 175 105 20575 730 167 563 111 502 19845 4305 502 3803 227 159 3576
is_linear=0
shrinkage=0.03


Tree=55
num_leaves=63
num_cat=0
split_feature=16 14 6 13 4 12 0 6 12 16 9 6 7 9 13 0 9 11 9 12 13 13 6 5 5 6 9 13 0 13 7 0 0 7 13 17 13 9 6 9 6 4 13 6 7 0 0 7 9 9 0 9 13 13 5 0 11 12 13 17 6 4
split_gain=952.015 78.167 76.6208 13.2787 17.8891 9.37834 11.6966 11.0523 11.9268 9.09513 7.87277 12.7137 11.9261 6.86204 5.96214 5.54348 5.47492 4.71502 4.58421 4.43837 3.55065 4.33088 3.17045 2.96493 5.06009 6.1444 5.98858 3.83108 4.90366 4.68838 5.98615 4.28507 5.68347 10.9764 3.74948 4.09773 2.85966 3.06503 2.82071 2.82007 2.68752 2.6792 2.51098 2.49771 3.05295 2.42385 6.05138 2.56482 2.18079 3.20814 3.15239 2.36307 2.33258 2.46848 1.72526 1.71413 1.69757 2.85702 1.84303 2.24177 1.6823 1.68102
threshold=28.035921372148071 8.9068073327789978 0.16527663011617746 19.798410162809187 -2.1508077512169796 -110.88086699049911 218.83063449837252 -0.43810419392117955 -89.389693320669281 5.4320617033741394 0.38048828571362009 0.16527663011617746 0.11013758171034561 0.10971875899492824 19.955075516297068 347.75986480456106 0.42410181550060072 -125.11271900860798 0.19851509948148663 -108.18404325768948 32.26686922872058 31.346657075351825 -0.48037795890112361 -2.2679386668470491 -16.737423312856944 -0.43810419392117955 0.03262961355855732 20.671958101968034 519.09051469224607 26.470322614914931 -0.041185520331126206 384.9163327015886 455.39381939388358 0.1721039718156803 23.817306675096386 1.2725589238375596 21.867235739784807 0.45114818442390098 -0.16072697926990107 0.24667592122678264 -0.40193527209172947 58.51765876089781 20.550213609132204 0.010041677325544287 0.043280435684321279 255.06403753753102 273.55167034882606 0.31459653925661618 0.43913251903445866 0.13298770330017987 452.36946881208405 0.06226370515924718 21.123755934526013 22.321486883842436 32.687858840838004 519.09051469224607 -96.557018589374749 -88.598476477287036 27.35723050795561 0.46083418969000606 -0.061382322411134053 63.406376638840456
decision_type=2 2 2 2 2 2 2 2 2 2 2 2 2 2 2 2 2 2 2 2 2 2 2 2 2 2 2 2 2 2 2 2 2 2 2 2 2 2 2 2 2 2 2 2 2 2 2 2 2 2 2 2 2 2 2 2 2 2 2 2 2 2
left_child=3 -2 -3 4 -1 17 13 -8 9 10 11 12 15 -7 -5 -9 -12 -6 -13 -16 21 22 -21 24 26 -26 -24 -27 29 31 -31 43 33 -33 35 42 -28 -38 40 -32 -36 -22 -25 -29 -45 -43 -47 61 49 51 52 -44 -51 -54 -49 -19 58 -58 59 -40 -57 -48
right_child=1 2 -4 14 5 6 7 8 -10 -11 16 18 -14 -15 19 -17 -18 55 -20 20 41 -23 23 34 25 27 36 28 -30 30 39 32 -34 -35 38 -37 37 -39 56 -41 -42 45 48 44 -46 46 47 54 -50 50 -52 -53 53 -55 -56 60 57 -59 -60 -61 -62 -63
leaf_value=0.016872598086757697 0.039686105183939981 0.095758717058656309 0.047617279946126717 -0.0091261372004042968 -0.0093957726947474663 0.0068603258353570982 0.018119507636695814 -0.0035082676068746619 0.017893782349659458 -0.0022749431692510331 0.018326145586699046 0.0010563515228017963 0.015388272251678452 -0.0039965053708155077 -0.00139432253857244 0.0073949143389472737 0.0062612726869941734 0.00017510957218026026 -0.0095264634399397953 -0.0061456376032105508 -0.00090487092330019444 0.0074602670542895785 0.0088473262663839175 -0.003966209557552918 0.012303718566490372 0.00936308945480991 -0.0050410330194747069 -0.0051010607100848036 -0.0016608657778829324 0.012261738414545694 -0.002963472875258462 0.013404605757542298 -0.00031214364382321942 -0.0031456044818332883 -0.00015964481640945782 -0.002355372969371577 -0.0011541172472024691 0.0052997547062113882 -0.0054238766524940729 0.0064482716731727122 -0.0081715289354603732 -0.0014878242335200559 0.00409060898755308 -0.0027437523480504751 0.0067721149084322592 0.0099071186497483553 -0.00057542038472512599 0.0019338097475055189 -0.0024183352952440308 0.011515288128545667 -0.00034732018814732631 -0.0040387413667787499 0.0013938839691561749 0.0077017643143939864 -0.0045122715227714763 -0.0067758057429455213 0.0066435946769228104 -0.0027803932406576509 0.0021973107490339313 0.0017873044125735758 -0.00082425088238702196 0.0025523897237385881
leaf_weight=67 93 77 54 76 60 64 51 83 50 218 55 73 92 270 6896 83 90 519 73 69 10118 74 55 60 52 57 149 108 321 92 54 102 167 55 54 314 630 73 166 59 124 378 52 74 50 68 233 53 72 57 89 81 107 117 122 71 56 58 59 50 106 457
leaf_count=67 93 77 54 76 60 64 51 83 50 218 55 73 92 270 6896 83 90 519 73 69 10118 74 55 60 52 57 149 108 321 92 54 102 167 55 54 314 630 73 166 59 124 378 52 74 50 68 233 53 72 57 89 81 107 117 122 71 56 58 59 50 106 457
internal_value=-5.85408e-07 0.0614161 0.0764252 -0.00057977 0.00174506 0.00121907 0.00286475 0.00469899 0.00384011 0.00290186 0.00495789 0.0027921 0.00678605 -0.00190189 -0.000792303 0.00195496 0.0109318 -0.0013978 -0.00426387 -0.000763209 -0.000476545 0.000323477 0.000178096 0.000300498 0.00103073 0.00231566 -0.000657237 0.00184927 0.00144516 0.00275579 0.00662256 0.00132076 0.00354486 0.00762355 -0.000710082 0.000443349 -0.00128045 -0.000477367 -0.00263799 0.00196408 -0.00575543 -0.000739538 0.00182881 -0.00178721 0.00111677 0.00053618 0.00135691 0.000674091 0.00243934 0.0031381 0.00457136 -0.000853541 0.00612494 0.00470821 -0.00256013 -0.000695833 -0.0012004 0.00186645 -0.0024739 -0.00375408 -0.00323625 0.00149688
internal_weight=24407 224 131 24183 2025 1958 1202 868 817 767 549 404 258 334 22158 166 145 756 146 22082 15186 3757 3683 3614 2098 1191 907 1139 1082 761 205 556 324 157 1516 949 852 703 567 113 178 11429 635 232 124 1311 933 865 575 503 370 133 281 224 175 696 389 114 275 216 177 690
internal_count=24407 224 131 24183 2025 1958 1202 868 817 767 549 404 258 334 22158 166 145 756 146 22082 15186 3757 3683 3614 2098 1191 907 1139 1082 761 205 556 324 157 1516 949 852 703 567 113 178 11429 635 232 124 1311 933 865 575 503 370 133 281 224 175 696 389 114 275 216 177 690
is_linear=0
shrinkage=0.03


Tree=56
num_leaves=63
num_cat=0
split_feature=14 13 19 20 13 12 20 9 10 12 7 21 21 3 7 6 9 13 6 7 21 12 10 13 3 21 19 20 9 21 21 3 6 12 6 13 3 21 9 9 3 3 12 10 7 20 21 3 21 0 13 7 21 21 3 0 0 9 20 20 21 19
split_gain=1015.31 134.075 61.0343 48.45 74.793 43.1311 33.0505 44.6942 29.5351 22.5372 13.9949 11.1966 22.5901 26.0618 39.7164 11.1381 8.02832 6.55755 4.25599 3.18718 4.91171 6.31585 2.63459 2.83975 3.69583 8.72453 8.79778 7.14756 2.94479 2.05157 1.97501 5.27102 2.33418 1.95716 1.45972 1.62192 1.37534 1.34974 1.34813 1.22152 1.26134 1.13371 1.15802 1.12296 7.09219 4.22869 10.8193 4.60248 4.16536 1.85015 2.21955 4.56501 2.15605 1.77236 4.22247 3.74983 4.47082 4.24255 4.16913 5.39741 3.0455 2.10529
threshold=0.49123920472150223 -3.5216215127893089 3.5000000000000004 2.0039493990201902 23.931513161394722 -114.94426042958814 2.4225234403102557e-13 0.38263908804748065 9.0000000000000018 -108.97932718383083 -0.069722704144867351 0.0023731366481001153 0.028814196311226805 17.311423331440803 0.062818733012487207 -0.065341727176542394 0.29708817942876747 19.476696818100418 0.17223613962885145 -0.13677989782298858 0.77329550501624056 -100.61878756137999 4.5000000000000009 12.592107726904347 27.657394974292853 0.67863621118673711 2.5000000000000004 15.215222394536951 0.25152872203063664 0.036504684508943612 0.16606176382265053 12.115730867743901 -0.29543910940845292 -104.85618562025097 0.25623993198045009 32.568517897323161 24.493013998327253 0.85986472968581606 0.09334572154674349 0.44325212931327523 38.565087743238657 25.050812021587301 -112.37238504004948 3.5000000000000004 0.47407743620995652 26.513854761537605 0.72020167762079057 30.285587635364354 1.7778098725146301 512.52217766927708 16.126348470842384 -0.11613475153129026 0.49720573738700752 0.83585823263001158 52.51979483358091 646.85828992119514 599.4040506938062 0.022318643688828747 9.3255176740723122 12.854742279637202 0.52703142032427708 3.5000000000000004
decision_type=2 2 2 8 2 2 8 2 2 2 2 8 8 2 2 2 2 2 2 2 8 2 2 2 2 8 2 8 2 8 8 2 2 2 2 2 2 8 2 2 2 2 2 2 2 8 8 2 8 2 2 2 8 8 2 2 2 2 8 8 8 2
left_child=3 -2 -3 4 5 -1 -7 9 22 -8 -11 16 13 14 -13 -15 -6 -12 -17 33 21 -21 29 28 25 26 -25 -26 -24 -5 31 -31 -33 -14 35 -34 -22 -35 -29 40 -40 42 -27 53 45 46 -45 -48 -49 50 51 -47 -52 54 55 56 57 -32 -59 -60 -57 -58
right_child=1 2 -4 8 11 6 7 -9 -10 10 17 12 19 15 -16 18 -18 -19 -20 20 36 -23 23 24 27 41 -28 38 -30 30 43 32 34 37 -36 -37 -38 -39 39 -41 -42 -43 -44 44 -46 49 47 48 -50 -51 52 -53 -54 -55 -56 60 61 58 59 -61 -62 -63
leaf_value=-0.0099424794042166659 0.09679185979506548 0.021977697652247215 0.067315081295214199 -0.0054775277640245887 -0.0016884771275521336 0.041097127902498608 -0.0066961112374165016 0.03645109941703932 0.021866868918432907 0.0041553589862746163 0.028743911760134831 0.031810323223825307 -0.0016155069887273659 -0.0092229460759449804 -0.00040797868653410862 0.012633124151650597 -0.016068307252992922 0.01361632900018441 0.00095863328155246555 -0.0021651742781471947 -0.0052553882244683334 0.010691420091316102 -0.011202717490265175 -0.019489532548764888 0.010624515049320717 -0.0055408142453649946 -0.0024695605305688722 -0.0042981157669094092 -0.0017623730124787316 0.0098046640344961935 -0.0083358554315961907 0.0051686618076512651 -0.007539966160592694 -0.011192360045730739 0.0023076878238061909 -0.001078525432171898 -0.00068012930001828844 -0.0044516854122987077 0.0019159340834294474 -0.0046113410294772346 -0.001647608479559193 -0.0055625761661386641 -0.0010005094012440219 0.014587430745240352 0.0093243503025663421 0.008712067957590882 -0.0018656433137948624 0.011650184127776061 0.00061592482384058495 9.9752122082832467e-05 -0.0076268270181895081 -0.0030935719137944813 -0.0020518243356995743 -0.00089682778977425185 -0.010194710914467301 0.0085015830651311002 -0.010345761307351592 0.0048087437411304564 -0.010922681197594359 -0.0011757040218953803 -0.00142385503070222 -0.0036397769294896167
leaf_weight=52 84 53 56 87 91 52 60 69 50 73 53 78 91 66 61 50 56 56 63 68 111 68 61 54 51 55 55 93 58 55 76 55 51 50 59 108 126 61 197 51 162 66 530 53 66 50 279 50 78 591 66 69 957 16660 52 57 73 99 52 1469 53 102
leaf_count=52 84 53 56 87 91 52 60 69 50 73 53 78 91 66 61 50 56 56 63 68 111 68 61 54 51 55 55 93 58 55 76 55 51 50 59 108 126 61 197 51 162 66 530 53 66 50 279 50 78 591 66 69 957 16660 52 57 73 99 52 1469 53 102
internal_value=-5.51536e-05 0.0683045 0.0456705 -0.000599959 0.00470617 0.015457 0.0191128 0.015317 -0.000938025 0.00916599 0.0144033 0.000405458 0.00167037 0.00807343 0.0177694 0.000487247 -0.00723806 0.0211664 0.00618984 -0.00187866 -0.000231735 0.00429424 -0.000988992 -0.002234 -0.00182891 -0.0031859 -0.011002 3.50575e-05 -0.00665457 -0.000905394 -0.000886445 0.00142046 -0.000298289 -0.00490365 -0.00169487 -0.00318523 -0.00283605 -0.00756085 -0.00105758 -0.000313856 0.000307763 -0.00186234 -0.0014361 -0.000922625 -0.00029068 -0.000584169 0.00196998 0.00029519 0.00498308 -0.00126288 -0.00196752 0.00189805 -0.0024186 -0.000998974 -0.00183519 -0.00161072 -0.0019277 -0.00145443 -0.00112666 -0.00151589 0.00374958 -0.00648002
internal_weight=24498 193 109 24305 1455 415 363 311 22850 242 182 1040 893 318 139 179 147 109 113 575 373 136 22800 1433 1314 760 109 554 119 21367 21280 328 273 202 218 159 237 111 503 410 359 651 585 20952 2259 2193 460 407 128 1733 1142 119 1023 18693 2033 1981 1871 1696 1620 1521 110 175
internal_count=24498 193 109 24305 1455 415 363 311 22850 242 182 1040 893 318 139 179 147 109 113 575 373 136 22800 1433 1314 760 109 554 119 21367 21280 328 273 202 218 159 237 111 503 410 359 651 585 20952 2259 2193 460 407 128 1733 1142 119 1023 18693 2033 1981 1871 1696 1620 1521 110 175
is_linear=0
shrinkage=0.03


Tree=57
num_leaves=63
num_cat=0
split_feature=14 10 4 20 15 0 19 15 0 11 8 8 17 4 0 5 8 15 4 20 4 4 11 8 11 11 20 15 20 10 1 6 11 20 15 11 17 0 15 6 20 15 6 6 6 19 4 20 15 11 20 11 10 8 20 15 20 1 10 8 5 10
split_gain=664.884 87.1996 84.5987 53.5665 34.176 37.1285 38.3348 30.7938 25.4543 23.5655 26.8724 10.4357 9.74943 9.40387 22.4575 13.5853 13.8507 7.937 7.08802 6.86852 4.26127 11.6511 5.13429 3.19016 2.52015 2.4421 6.31425 9.30473 3.75068 2.43206 4.26535 3.24651 3.44722 3.92108 2.55779 2.30329 2.01673 1.90827 4.42623 5.21427 1.89126 1.48361 2.06415 3.29663 4.08663 6.01661 3.25056 3.28521 2.67977 2.24423 6.39329 4.478 3.41405 3.38136 3.25681 2.51057 2.00966 2.43835 2.65805 1.90439 2.17287 1.86744
threshold=8.6782079256889961 16.500000000000004 51.255928342351609 2.0039493990201902 4.157218088699231e-10 512.52217766927708 2.5000000000000004 4.7502242687333445e-09 443.05094844447757 -105.99015054168298 0.23703001787795233 0.43580378913887735 1.0000000180025095e-35 2.3544025524631755 398.65272439747304 27.051227337923152 0.26306617852306063 4.7502242687333445e-09 23.476911465860905 0.25416068059599056 14.66551073191515 30.488554067976555 -96.193187986637597 0.18094071179881313 -104.70597931600948 -107.88576892114249 3.1176223902685902 7.9409338805090669e-23 2.7049843814447656 4.5000000000000009 894.48356307821007 -0.29149568557676936 -115.71146999927198 42.72785331828576 2.3235368407214899e-08 -126.40291758002948 1.0000000180025095e-35 79.894059463513273 3.4679326804210185e-08 -0.088472061489836648 84.58543471580056 1.387982571819164e-09 0.28737594537585404 0.12768705078706691 0.057920009095933984 2.5000000000000004 -3.9299781604612045 12.854742279637202 1.6784012761293699e-08 -98.089371621076239 46.276513448081253 -95.010250287680037 3.5000000000000004 0.034290532708021633 7.6979648307753665 5.2433469130231927e-09 136.67750130740453 711.78421416388562 3.5000000000000004 0.34034185184957805 -9.0038341949037974 2.5000000000000004
decision_type=2 2 2 8 2 2 2 2 2 2 2 2 2 2 2 2 2 2 2 8 2 2 2 2 2 2 8 2 8 2 2 2 2 8 2 2 2 2 2 2 8 2 2 2 2 2 2 8 2 2 10 2 2 2 8 2 8 2 2 2 2 2
left_child=1 3 -2 4 11 6 7 9 12 -6 18 13 -9 14 -1 20 -17 -7 -11 -12 -15 22 -22 -23 -25 28 27 -27 -5 35 31 36 33 -33 -35 40 -31 -28 41 -40 -30 -39 43 44 49 -46 -44 -48 -45 54 51 -51 -53 -52 -43 -55 57 -56 -59 60 -49 -47
right_child=2 -3 -4 25 5 17 -8 8 -10 10 19 -13 -14 15 -16 16 -18 -19 -20 -21 21 23 -24 24 -26 26 37 -29 29 30 -32 32 -34 34 -36 -37 -38 38 39 -41 -42 42 46 48 45 61 47 59 -50 50 53 52 -54 55 56 -57 -58 58 -60 -61 -62 -63
leaf_value=-0.0024146452325851807 0.086642025690525773 0.029236766300582737 0.036357613817419643 -0.0079264151588148164 -0.0082170037525849272 0.003802866433880159 -0.0057622632228097395 0.010875173391110889 0.043406365021235412 0.033437122515940297 -0.004071513422729693 -0.0086146470691003882 0.026346573704271577 -0.0081195775487698432 0.024383011780356845 0.00016376054126091978 0.020938965068198739 -0.01021051872227537 0.016930286860039744 0.011366104310487998 0.0009471367751522099 -0.00074887841743791629 0.013154192522714107 -0.0036523317762024317 -0.012551485698728356 -0.0017756441058149755 -0.0036817149592995851 0.015134339272709827 -0.0088089857924897527 -0.0016017321061476001 -0.010243393130949697 0.0094209231293815015 -0.0026357882733343552 0.0032401620979299363 -0.0056203967039747272 -0.00097096746468628705 -0.0089277695895483098 -0.00089358717110559654 -0.0023643379581763462 0.010206948639840145 -0.0018902032436877063 -0.0078734430690002178 0.0072297996192068692 -0.0019202536892048924 0.011143430076837504 0.0048068129528011823 0.007342980789717176 0.0071973201770695943 -0.0090963431069736971 0.0097137915099586303 0.0058172707945407139 -0.00034536259050849078 0.0084810517950413312 -0.0042185175545774861 -0.0008445513516489538 0.00034403733153326005 -0.0032709002849878742 -0.00084406833657773119 0.0078593329573050132 -0.00089507011039421664 0.00032530103496918896 -0.00099949443384128459
leaf_weight=61 79 88 52 75 51 69 78 72 53 50 52 94 79 85 51 65 51 75 51 50 67 91 57 57 59 61 189 55 60 55 63 50 402 68 50 6863 89 10408 50 71 87 62 70 591 66 73 58 61 50 91 52 163 51 245 1059 194 263 62 63 554 125 152
leaf_count=61 79 88 52 75 51 69 78 72 53 50 52 94 79 85 51 65 51 75 51 50 67 91 57 57 59 61 189 55 60 55 63 50 402 68 50 6863 89 10408 50 71 87 62 70 591 66 73 58 61 50 91 52 163 51 245 1059 194 263 62 63 554 125 152
internal_value=-1.35969e-05 -0.00040388 0.0671085 -0.000512783 0.00514271 0.00998943 0.0136175 0.0169234 0.0255881 0.00989124 0.0144586 0.000669412 0.0190896 0.00203579 0.00989565 0.000365625 0.00939858 -0.00351585 0.0253497 0.00353283 -0.00216968 -0.000621906 0.00661879 -0.00497029 -0.00824722 -0.000864709 -0.000639403 0.00630285 -0.00129269 -0.00122779 -0.00281953 -0.00215108 -0.00112929 0.00246981 -0.000529992 -0.00105098 -0.00615997 -0.000694152 -0.000655319 0.0050354 -0.00475464 -0.000703108 -0.000220058 -0.000568428 -9.23625e-05 0.00325134 0.00107826 0.00053028 -0.00249331 -0.000515723 0.000772511 0.00417661 0.00178779 -0.00134625 -0.00119533 -0.00220606 -0.000903951 -0.000375868 0.00357001 -1.28774e-05 0.00260546 0.000897263
internal_weight=24438 24307 131 24219 1418 680 536 458 204 254 203 738 151 644 112 532 116 144 101 102 416 331 124 207 116 22801 14939 116 7862 7787 777 714 570 168 118 7010 144 14823 14634 121 147 14513 4105 3237 2596 291 868 798 641 2305 796 305 214 491 1509 439 1447 1184 125 740 186 225
internal_count=24438 24307 131 24219 1418 680 536 458 204 254 203 738 151 644 112 532 116 144 101 102 416 331 124 207 116 22801 14939 116 7862 7787 777 714 570 168 118 7010 144 14823 14634 121 147 14513 4105 3237 2596 291 868 798 641 2305 796 305 214 491 1509 439 1447 1184 125 740 186 225
is_linear=0
shrinkage=0.03


Tree=58
num_leaves=63
num_cat=0
split_feature=10 14 8 2 21 2 3 3 2 3 4 3 2 2 12 15 19 21 3 4 10 21 12 21 3 6 6 21 21 3 2 15 21 4 15 4 15 9 3 8 8 17 9 2 21 15 3 9 19 15 3 21 9 3 21 12 2 4 3 4 10 19
split_gain=801.16 75.7552 65.3572 59.5286 31.9833 27.1868 44.0829 17.455 31.3475 36.6805 24.1778 15.4685 8.60583 7.7664 3.01462 3.53588 17.1857 26.8387 60.0137 6.45411 5.0257 11.0498 3.55786 4.8831 7.72164 6.49004 5.11127 2.94701 7.18829 3.10262 3.53614 2.79548 6.80337 2.43853 2.31078 2.26482 2.16676 1.91493 1.78511 1.60491 3.00926 2.93055 1.6498 1.58132 2.46131 10.7119 6.41661 7.97836 7.86406 6.04269 2.91394 2.43891 3.24714 2.74724 3.24215 2.41447 1.49458 1.48382 1.93877 1.44628 1.55681 1.37949
threshold=14.500000000000002 8.9068073327789978 0.21474313314631613 5.0605517886005753 0.036504684508943612 4.9446156437062845 12.464775634783001 25.237102629808906 5.4215472418985895 12.115730867743901 45.055346701825158 15.358245146026801 5.2159969354248359 5.1895596426990069 -68.951291763638338 3.9640383868064657e-09 2.5000000000000004 0.77329550501624056 20.480497002503352 45.370228589369312 4.5000000000000009 0.59057975471497359 -112.37238504004948 1.1369920923094752 30.451947095111951 0.22538797399232116 -0.038680715377330081 0.26033745762689259 0.41697579079349856 54.376497166958757 4.9003036243604665 4.1984752827286515e-09 0.025924569724350303 47.514035264053355 2.8099373414590181e-08 23.079297764021501 4.0716078785926426e-09 0.15517182133508992 44.413064076692358 0.16533760484565965 0.096426403613294479 0.94480175897611562 0.4204032809723644 5.5136408719220134 0.70512962592671713 7.9409338805090669e-23 38.344748743884956 0.20990759862686129 2.5000000000000004 1.4986625881021632e-09 18.042053619478704 0.9452517199983711 0.10548157985889663 32.233382889440257 0.54743924134797661 -116.06249581155599 5.6295283293906353 14.254171099978601 25.050812021587301 66.331371150760162 2.5000000000000004 3.5000000000000004
decision_type=2 2 2 2 8 2 2 2 2 2 2 2 2 2 2 2 2 8 2 2 2 8 2 10 2 2 2 10 8 2 2 2 8 2 2 2 2 2 2 2 2 2 2 2 8 2 2 2 2 2 2 8 2 2 8 2 2 2 2 2 2 2
left_child=4 2 -2 -3 5 6 -1 8 10 -10 11 -7 -9 -12 15 20 17 18 -17 -20 43 -22 -19 35 25 26 -25 -18 -29 33 -31 32 38 36 -16 -24 -30 -23 -14 40 -38 -42 56 44 45 61 47 50 49 -49 -47 52 53 54 -45 -54 -41 -44 -59 60 -37 -6
right_child=1 3 -4 -5 14 7 -8 12 9 -11 13 -13 31 -15 34 16 27 22 19 -21 21 37 23 24 -26 -27 -28 28 29 30 -32 -33 -34 -35 -36 59 39 -39 -40 42 41 -43 57 51 -46 46 -48 48 -50 -51 -52 -53 55 -55 -56 -57 -58 58 -60 -61 -62 -63
leaf_value=-0.00015891492751663841 0.059564891741969259 0.052532057218020782 0.012366756850055286 0.095353134601675674 -0.002731452965344642 -0.012858961886365193 0.036831512285743731 0.0075976923507744369 0.036709321420945108 0.0025396333883206047 0.0047123217906029722 0.0071615416142675609 -0.0070105780722307309 0.021225719332265167 -0.0023472194493862112 0.035653953098662892 -0.0076144484583270042 -0.0021316373121156636 0.0081664465193947156 -0.0034756883463208993 -0.016374946909490973 0.0012952906267224428 0.0043860925199379298 0.00077384381348648192 0.011979123775584057 -0.0067204533948145087 0.012277192313275818 0.0078889462575316427 0.0041948656204164889 0.0070181698958470444 -0.00062751662427448297 -0.0078088504216693175 0.0075626988749612455 -0.0021075911654030808 -0.008979122621602699 -0.001628658600550677 -0.001090862926461601 -0.0037620117018464954 -0.00081281920881863209 -0.00025414748516925067 0.001033353487146087 0.0079267953868024047 -0.0064100425304786761 -0.012997697994421182 -0.00072237291574201552 -0.0032546635274427818 -0.0037943652782234404 0.0090102245445877055 0.0025476710023940542 0.023490156590774216 0.0056632265807308544 -0.00090101874416988518 -0.0076299132696086803 0.00016166087666179163 -0.0044729467729226714 -0.0011886508142267911 -0.0026846542269946309 0.001329906426234108 -0.0051767004394976347 0.0015479044966299886 -0.0082747254225138869 0.00011510442417199001
leaf_weight=57 51 79 55 52 362 97 58 78 60 53 52 53 104 51 216 69 56 250 89 81 57 101 54 98 91 60 53 84 83 91 133 93 54 1430 60 83 454 199 70 977 215 74 95 60 10555 66 62 57 63 50 64 4989 55 58 123 823 296 88 76 55 51 265
leaf_count=57 51 79 55 52 362 97 58 78 60 53 52 53 104 51 216 69 56 250 89 81 57 101 54 98 91 60 53 84 83 91 133 93 54 1430 60 83 454 199 70 977 215 74 95 60 10555 66 62 57 63 50 64 4989 55 58 123 823 296 88 76 55 51 265
internal_value=-6.12509e-06 0.0548159 0.0354197 0.0701233 -0.000494139 0.00511759 0.0186538 0.00306104 0.00778323 0.0208457 0.0018899 -0.00578447 -0.00127922 0.0130143 -0.000704749 -0.000667563 2.26791e-05 0.0034814 0.012274 0.00263143 -0.00086632 -0.00438556 0.000825998 0.00218413 0.00472512 0.00155486 0.00486565 -0.000839299 -0.000744834 -0.000927522 0.00249593 -0.00345312 -0.0016501 -0.00113057 -0.00381615 -0.000980227 -0.000537417 -0.00206074 -0.00453612 -0.000711835 0.000431951 0.0028197 -0.00126648 -0.000794902 -0.000588274 0.000842166 0.00494392 0.00675644 0.0110155 0.0159314 0.0011454 -0.00118526 -0.00245062 -0.00552879 -0.0073234 -0.00160037 -0.000820956 -0.00344465 -0.00169845 -0.00252848 -0.00420069 -0.00153009
internal_weight=24588 237 106 131 24351 880 115 765 366 113 253 150 399 103 23471 23195 5186 1034 239 170 18009 357 795 545 302 211 151 4152 4096 4012 224 321 228 3788 276 243 2358 300 174 2275 743 289 1532 17652 11544 989 362 300 170 107 130 6108 1119 241 183 878 1273 259 164 189 134 627
internal_count=24588 237 106 131 24351 880 115 765 366 113 253 150 399 103 23471 23195 5186 1034 239 170 18009 357 795 545 302 211 151 4152 4096 4012 224 321 228 3788 276 243 2358 300 174 2275 743 289 1532 17652 11544 989 362 300 170 107 130 6108 1119 241 183 878 1273 259 164 189 134 627
is_linear=0
shrinkage=0.03


Tree=59
num_leaves=63
num_cat=0
split_feature=16 1 7 21 0 15 21 20 13 19 6 21 1 1 13 5 21 5 21 21 20 6 21 15 21 13 1 21 7 1 20 9 9 1 20 20 20 21 9 13 21 9 7 0 5 1 9 5 0 20 21 20 17 6 5 9 5 9 9 21 6 1
split_gain=891.033 80.4571 126.306 47.1077 63.7085 32.279 20.2986 12.5084 52.0715 46.0768 26.7686 16.5279 8.85787 8.11149 8.0329 13.1612 16.385 11.8253 7.88191 10.0312 10.8176 6.51022 6.29705 5.93935 6.53284 5.50653 2.80396 2.66743 9.7624 2.46669 2.26162 2.70282 2.4542 2.22669 2.43486 3.27832 2.70315 2.28196 2.15759 1.85899 1.79681 1.73444 2.70134 2.35598 2.21474 4.78908 2.1553 1.616 1.46379 3.2745 3.41558 1.68807 1.34611 1.21956 1.16158 2.48504 1.68639 1.5853 1.10318 1.03427 15.3382 1.2623
threshold=28.035921372148071 99.039274249284219 0.062818733012487207 0.014996265382266002 289.60317545720608 6.5101557334107258e-09 0.011303803562451703 6.6321986571914104 19.885603929653858 2.5000000000000004 -0.18304675539264023 0.36715599833097856 296.42260347817859 969.28967126211012 33.718879138184022 -3.7577523222409002 1.3348445081265103 -13.233113609860698 0.022358981364493106 0.036504684508943612 0.8563069851691486 0.021708556856480769 0.059577513970665803 1.3090772026045481e-09 1.0000000180025095e-35 24.321434740576326 1093.2210965565102 0.16606176382265053 -0.23653074292323537 929.54083285078661 2.2921375461793154 0.19244269877492484 0.34152218197030765 947.5207500408286 23.194354445909955 30.904081318266055 16.267337256559554 0.43447714323152203 0.23260169214446161 9.7997819546966642 0.62229607951379362 0.23655280860104924 0.035538664890865775 428.06278480504307 -11.576968663578597 142.54639586865153 0.39269942108824579 3.0373674201863499 599.4040506938062 16.267337256559554 1.3666960022239503 50.542206203992912 1.0000000180025095e-35 0.48533254592958369 4.3196756436437029 0.37235896011154873 21.347011731139453 0.24485951277656251 0.49430726486706172 0.31128966559874655 0.32192096583321556 612.48579760803864
decision_type=2 2 2 8 2 2 8 8 2 2 2 8 2 2 2 2 8 2 8 8 8 2 8 2 8 2 2 8 2 2 8 2 2 2 10 8 8 8 2 2 10 2 2 2 2 2 2 2 2 8 8 8 2 2 2 2 2 2 2 8 2 2
left_child=3 -2 -3 4 -1 6 13 8 9 10 -5 -12 25 23 15 16 17 -14 -16 20 -20 -17 -9 24 -6 47 30 28 -24 39 38 -32 -33 -31 36 -36 -35 -37 -21 -29 -39 42 43 -27 45 -43 -46 -10 53 50 -50 -51 -30 58 57 56 -56 -42 59 60 61 -41
right_child=1 2 -4 7 5 -7 -8 22 12 -11 11 -13 14 -15 18 21 -18 -19 19 26 -22 -23 27 -25 -26 41 -28 29 52 33 31 32 -34 34 35 37 -38 40 -40 48 54 44 -44 -45 46 -47 -48 -49 49 51 -52 -53 -54 -55 55 -57 -58 -59 -60 -61 -62 -63
leaf_value=0.040834028880571541 0.089164184242486955 0.02362936773127125 0.075730266950647288 0.041163723686819566 -0.0041694552492011682 0.02348688699491322 0.017639533877372743 -0.010420234596084254 -0.012891014746399995 -0.0081566671397665449 0.0017185595814937506 0.024207384173447886 0.0084137429682804004 -0.011754668666193117 -0.0098995868484294258 -0.0075282617280189841 -0.0027003803712377359 0.027817002424595151 0.015790460308414106 0.0012740115391030951 -0.0019820563826296062 0.0053216853016721348 0.011334707679785788 -0.0076366367877313962 0.0091794238643473896 -0.0021308927883904785 -0.0071671211072022005 -0.0064835314217634729 -0.0027061776921730668 -0.0077332545194605529 -0.002672743072593397 0.0098583058381560614 0.00062837858786481799 -0.0016791576119794627 -0.0095977430310296378 -0.0066362156894133788 0.0071646884054986431 0.0037216982425057462 -0.0049188681361462634 -0.0033428652334227303 -0.0032609753381058742 0.0084045682292939582 0.00012908820895421685 -0.010267248975072541 0.00025844624692152409 -0.003717292770040485 -0.0068295918197416872 -0.0054742009591279648 -0.011963349063411847 0.00044658495121248381 -0.0012173621522055731 -0.0016879527651733372 0.0024927535307194505 -0.0026231953979592129 -0.0046717878951932539 -0.009367024930767142 0.0016921151684863224 0.0010891335079246675 -0.0027589599509672937 -0.00068696657791008698 0.016029497943818569 0.0020181021225803039
leaf_weight=50 59 92 78 50 54 69 53 61 52 57 50 71 62 64 68 71 52 53 72 85 53 69 74 56 82 61 62 51 155 65 61 51 52 79 56 85 50 55 123 178 131 65 98 68 105 52 60 58 53 414 53 1705 62 296 80 51 69 175 227 17767 50 50
leaf_count=50 59 92 78 50 54 69 53 61 52 57 50 71 62 64 68 71 52 53 72 85 53 69 74 56 82 61 62 51 155 65 61 51 52 79 56 85 50 55 123 178 131 65 98 68 105 52 60 58 53 414 53 1705 62 296 80 51 69 175 227 17767 50 50
internal_value=-1.33499e-05 0.0588264 0.0478376 -0.000500235 0.00935287 0.00509195 0.000921823 -0.000677268 0.00174063 0.0150954 0.0228484 0.0150047 -0.000228463 -0.00259443 0.00161548 0.00558294 0.0112444 0.0175188 -0.000332924 0.00084642 0.00829899 -0.00120225 -0.000872263 0.000504061 0.00388739 -0.00300887 -0.0013142 -0.000845354 0.00200337 -0.000883576 -0.000322115 0.0023044 0.00524938 -0.00242421 -0.00200014 -0.00269585 0.00177743 -0.00208364 -0.00239414 -0.000817238 -0.00138327 -0.0016849 -0.0036306 -0.00646581 -0.000111395 0.00303123 -0.00234464 -0.00906488 -0.000803028 -0.00153013 -0.00665195 -0.0012709 -0.00121615 -0.000715822 -0.0019444 -0.00371668 -0.00173311 -0.000777724 -0.000684781 -0.000658537 0.00115432 -0.00216354
internal_weight=24530 229 170 24301 428 378 309 23873 1781 228 171 121 1553 256 934 307 167 115 627 559 125 140 22092 192 136 619 434 22031 291 21740 372 164 103 896 831 702 129 646 208 20844 561 509 227 129 282 117 165 110 20793 2225 106 2119 217 18568 506 200 149 306 18272 18045 278 228
internal_count=24530 229 170 24301 428 378 309 23873 1781 228 171 121 1553 256 934 307 167 115 627 559 125 140 22092 192 136 619 434 22031 291 21740 372 164 103 896 831 702 129 646 208 20844 561 509 227 129 282 117 165 110 20793 2225 106 2119 217 18568 506 200 149 306 18272 18045 278 228
is_linear=0
shrinkage=0.03


Tree=60
num_leaves=63
num_cat=0
split_feature=10 13 9 20 13 2 8 1 3 1 1 7 17 10 20 13 19 7 2 1 1 11 1 13 9 1 9 3 3 13 7 20 2 1 3 2 1 17 7 1 13 8 20 3 3 2 20 8 11 8 20 9 3 19 10 7 20 19 10 20 2 3
split_gain=742.836 91.1922 99.7403 42.7737 64.5394 37.2366 27.9225 17.0635 12.3814 13.4289 34.8877 18.298 12.2711 17.5162 5.47071 34.7067 26.8253 16.8037 5.92008 9.70764 10.7528 13.8338 4.5298 2.90154 2.80027 2.86478 4.18187 3.48931 5.14393 3.32789 4.18752 2.68437 3.13918 2.64387 3.30742 2.16296 1.75502 2.96511 3.50578 7.05001 2.67346 2.48152 2.59254 2.16745 3.61057 2.15024 2.61439 2.11899 1.98236 1.78618 1.6828 1.54033 1.40362 1.35654 1.28622 1.27725 1.25869 6.00612 10.3363 1.21739 2.24527 1.13102
threshold=16.500000000000004 -3.5216215127893089 0.25914750660430436 0.7349718554098551 18.717810654952647 5.4006677048438023 0.065685171615914154 789.30510954328508 15.555530749449902 391.12903366330653 768.69078390335369 -0.065205199341182393 6.6243259933145593 6.5000000000000009 6.6321986571914104 20.671958101968034 2.5000000000000004 -0.0084979542053988926 4.7139691302133278 1093.2210965565102 811.81796292795354 -106.76511004746149 894.48356307821007 12.592107726904347 0.044061123504435258 320.38917523516358 0.43212068032202394 10.806129727977803 46.259787641857152 30.015888264602982 -0.35555981944870924 2.2921375461793154 5.3904623577650108 458.33107992954257 30.118126196179105 5.3943475127872427 880.35055753992367 2.1316282072803015e-14 -0.19115992804910051 1221.8018272717502 23.931513161394722 0.46954523984280444 15.732339696597101 35.818883005848257 25.237102629808906 5.1939196852695959 39.299303542675609 0.4810836379263615 -108.67696239237348 0.14501677074362854 110.01925603470251 0.30282181788474022 26.333251295175103 2.5000000000000004 1.5000000000000002 -0.1043182846599837 13.298681841841001 2.5000000000000004 2.5000000000000004 9.3255176740723122 5.0912055604563866 16.532592915686205
decision_type=2 2 2 8 2 2 2 2 2 2 2 2 2 2 8 2 2 2 2 2 2 2 2 2 2 2 2 2 2 2 2 8 2 2 2 2 2 2 2 2 2 2 8 2 2 2 10 2 2 2 10 2 2 2 2 2 8 2 2 8 2 2
left_child=3 5 -3 4 -1 -2 7 -6 9 -8 -11 -12 13 14 15 16 17 -5 -17 20 24 -22 33 50 -20 29 27 -27 31 55 -31 32 -29 -10 -35 -24 47 38 39 40 -38 42 -40 44 -42 49 -47 56 -39 -44 51 -16 -33 -32 -51 -26 57 58 -25 60 -59 -48
right_child=1 2 -4 12 6 -7 8 -9 22 10 11 -13 -14 -15 23 18 -18 -19 19 -21 21 -23 35 36 25 26 -28 28 -30 30 53 52 -34 34 -36 -37 37 48 41 -41 43 -43 45 -45 -46 46 61 -49 -50 54 -52 -53 -54 -55 -56 -57 -58 59 -60 -61 -62 -63
leaf_value=0.028959323998914249 0.094934045051534965 0.065570433264707809 0.0058150955815525615 0.0093608172988662343 0.0050894795045914017 0.056194528016973944 -0.0048521810121936338 0.029757706390407219 -0.0019853010245384902 0.028160444468376226 0.013836773548768284 -0.01025112535629887 0.012220647005702962 -0.017492031161673367 -0.0089036602422652728 0.009153708307507365 -0.0028129265312828232 0.030987351589715485 -0.0075003011068853903 -0.013140362258369134 -0.002238406710199673 0.017380149654345586 0.0058937400244454393 -0.0019165599765120242 -0.010656331167600275 0.0085933860291371612 -0.0069537642679642882 0.0007143037382047623 0.0087687875162292678 0.0064089720368490748 -0.0065890085603325411 -0.0016262000348454095 -0.0093207944177406566 -0.013626337470223177 -0.0035873847944395878 -0.0022718509001872287 -0.0055464295965112461 -0.001941767833469545 -0.0088690035661397066 0.010391401765776461 -0.00085263887724767507 0.0037970207410398869 -0.0080183243299468184 -0.0036748251081444323 0.0094290718452676257 0.003396818040991607 -0.0059650558320849777 -0.0021965669933369089 -0.0099346392925542121 0.00048044862194835921 -0.00021040002918600861 -0.0024431234492399427 0.0052554791063691179 -0.0016407031016847627 -0.0049649821065606611 -0.0043687444723630973 -0.00069839017412632264 -0.0067440879083604912 0.016884617766036707 0.00049887808714396296 -0.0005331794852314962 -0.001421755828281121
leaf_weight=98 53 50 50 64 50 50 72 51 147 63 50 63 65 55 80 50 66 67 70 58 65 63 66 54 52 57 55 51 53 52 64 52 61 52 69 51 78 50 61 60 77 51 88 59 50 91 62 827 64 67 60 58 53 219 92 70 19033 67 50 467 229 232
leaf_count=98 53 50 50 64 50 50 72 51 147 63 50 63 65 55 80 50 66 67 70 58 65 63 66 54 52 57 55 51 53 52 64 52 61 52 69 51 78 50 61 60 77 51 88 59 50 91 62 827 64 67 60 58 53 219 92 70 19033 67 50 467 229 232
internal_value=-1.36033e-05 0.0570246 0.0360462 -0.000461159 0.00621994 0.0768496 0.00314862 0.0177153 0.00080011 0.00601471 0.0104626 0.000435118 -0.00069726 -0.000733502 -0.000693451 0.00116575 0.0127633 0.0205727 -0.000839021 -0.00130325 -0.000629167 0.00747748 -0.00256579 -0.000806361 -0.00177766 -0.00129184 0.000625018 0.00191705 0.000481093 -0.00289199 -0.00133799 -0.00157403 -0.00478536 -0.00471055 -0.00797797 0.00234529 -0.000773567 -0.00189762 -0.00140328 0.00119875 -0.000921814 -0.00253651 -0.00300741 0.00103683 0.00323732 -0.00242854 -0.00102218 -0.000709377 -0.00647636 -0.00460768 -0.00441294 -0.00622547 0.00186422 -0.00277901 -0.00268171 -0.00711355 -0.000647465 0.000469989 0.00719719 -0.000455176 -0.001957 -0.00239684
internal_weight=24604 203 100 24401 832 103 734 101 633 248 176 113 23569 23504 23449 1342 197 131 1145 1095 1037 128 385 22107 909 839 382 327 270 457 335 217 112 268 121 117 21909 1182 1068 324 264 744 693 186 127 632 385 20727 114 247 198 138 105 283 159 122 19900 867 104 763 296 294
internal_count=24604 203 100 24401 832 103 734 101 633 248 176 113 23569 23504 23449 1342 197 131 1145 1095 1037 128 385 22107 909 839 382 327 270 457 335 217 112 268 121 117 21909 1182 1068 324 264 744 693 186 127 632 385 20727 114 247 198 138 105 283 159 122 19900 867 104 763 296 294
is_linear=0
shrinkage=0.03


Tree=61
num_leaves=63
num_cat=0
split_feature=14 10 2 10 19 15 12 10 4 4 2 2 19 6 8 8 4 8 15 15 8 6 11 15 6 12 4 2 2 6 11 5 10 0 2 0 12 15 10 15 9 11 5 8 19 2 5 2 12 2 19 4 4 8 11 2 5 11 9 19 0 9
split_gain=815.084 125.848 85.9019 14.3521 4.35449 13.7099 14.2679 11.4374 22.3623 22.9111 12.0649 11.7671 11.6396 11.37 12.7243 21.7331 12.3267 8.90936 7.85759 21.696 7.73669 4.97624 9.60176 8.26211 3.11989 3.87614 9.07575 4.36222 2.87817 2.83763 2.77201 4.20353 2.39144 2.14046 2.13769 2.354 2.07624 4.64216 2.00604 4.36284 1.69015 1.64875 3.86344 5.46965 21.7762 3.09845 2.9574 16.092 17.0024 2.68068 4.39323 3.94386 2.55168 2.28569 1.7443 1.7135 1.6413 1.6099 1.58973 1.51247 2.74583 1.7506
threshold=8.6782079256889961 16.500000000000004 4.9090488300622521 6.5000000000000009 2.5000000000000004 6.4133818740643007e-10 -111.77326726819263 4.5000000000000009 -2.5890109009396296 -6.4102600061228641 5.4569160055805392 5.2076526737282629 1.5000000000000002 -0.43810419392117955 0.17678536121665547 0.15587405973414462 59.732984111647205 0.2694286931783641 4.0020604480009421e-09 5.8167939457339324e-09 0.32067872663398816 0.045155029049296587 -100.17445972142399 2.8581555104264509e-09 -0.32948025114790308 -115.79548854263386 63.92336691343791 5.6364885388196297 5.6817892297734778 -0.076206396317323608 -96.717328833254484 -4.5890270637360997 3.5000000000000004 174.86487426284103 4.9090488300622521 148.76149039051651 -88.598476477287036 5.0319448859785373e-09 2.5000000000000004 2.4714907342092693e-09 0.30282181788474022 -111.23387789899748 33.580971728510058 0.27338992563129644 1.5000000000000002 5.2470621189606321 -27.551122907543931 5.4839093567989901 -102.36233642460553 4.6123188026478017 1.5000000000000002 -11.726819091811249 4.0976597876838303 0.24879566183821825 -102.66398826294399 4.953129244218351 37.600536977437358 -115.28997331440449 0.13828186878563112 1.5000000000000002 609.53133457547563 0.27332270238086892
decision_type=2 2 2 2 2 2 2 2 2 2 2 2 2 2 2 2 2 2 2 2 2 2 2 2 2 2 2 2 2 2 2 2 2 2 2 2 2 2 2 2 2 2 2 2 2 2 2 2 2 2 2 2 2 2 2 2 2 2 2 2 2 2
left_child=1 3 -2 4 5 28 24 8 9 -8 11 34 40 -14 15 21 17 30 20 -20 -19 22 29 -23 57 27 58 32 41 -15 31 -16 -26 36 35 -9 37 -6 -22 -40 -10 53 46 45 -45 55 47 49 -49 51 54 -43 -48 -1 -51 -44 -38 -7 -27 -30 -61 -62
right_child=2 -3 -4 -5 33 6 7 10 12 -11 -12 -13 13 14 16 -17 -18 18 19 -21 38 23 -24 -25 25 26 -28 -29 59 -31 -32 -33 -34 -35 -36 -37 56 -39 39 -41 -42 42 43 44 -46 -47 52 48 -50 50 -52 -53 -54 -55 -56 -57 -58 -59 -60 60 61 -63
leaf_value=-0.00012775201863340061 0.041470456457532501 0.035608681886103645 0.092525134427206848 -0.015573607831366212 0.00044072413206514379 -0.0032854766165837644 0.0041392388019584492 -0.0018436844468582422 0.00049883879319085364 0.031645825906643249 -0.013460825476372106 0.011867624141953206 0.016158656464729183 0.0024241040287128952 -0.0091481996773693126 0.026077733726926008 0.011183570407720623 0.0080690616588773474 0.022113525317736752 -0.0021467363366391508 -0.0089210297829347158 0.001469097272991868 0.0099292351514289733 0.01698774484537122 -0.0023623344444083693 -0.0058152315715800365 0.012505755676628641 0.00014936900256021368 -0.0012871539938066911 -0.0064069669287827972 -0.011318859666011873 0.0021112392106581303 -0.010375567493694169 -0.00089692410663174402 0.0022328103436478255 -0.0098022768358864316 0.00047887948812737612 0.010603592331151894 0.0027363799275780041 -0.0084253529824993827 -0.0033377601339837863 0.0091382898895868234 0.00060441303864527821 0.0001234086716431193 0.021736615786426945 0.0050362368860662398 -0.0067919800391940625 0.0026372251702206475 0.023544525472251786 0.0021393654728890394 -0.005151723218919004 -0.0022449116616108868 -0.00083703795031724883 -0.0033823369888039329 -0.0014803567515768771 -0.0045890978479773293 -0.0051526671886030174 -0.010305670385132543 0.00029900654251407532 -0.0091646037772095384 -0.00044664499203501615 -0.0050592831506240943
leaf_weight=388 50 86 83 56 134 71 58 99 263 51 65 65 73 58 56 52 97 62 56 79 54 55 96 70 57 50 54 154 564 73 57 62 83 14187 57 50 338 57 73 54 169 55 108 159 56 70 65 104 52 209 205 53 3522 388 278 120 53 51 153 68 166 133
leaf_count=388 50 86 83 56 134 71 58 99 263 51 65 65 73 58 56 52 97 62 56 79 54 55 96 70 57 50 54 154 564 73 57 62 83 14187 57 50 338 57 73 54 169 55 108 159 56 70 65 104 52 209 205 53 3522 388 278 120 53 51 153 68 166 133
internal_value=-1.16737e-05 -0.000408417 0.0737844 -0.000537531 -0.000502108 1.15675e-06 0.00181794 0.00308679 0.00410363 0.01718 -0.00195826 0.000840006 0.00317895 0.0047827 0.00398023 0.00815447 0.00137724 -0.000359944 0.00223093 0.00800538 -0.000996754 0.00544034 0.00277212 0.0102254 -0.00195931 -0.000992978 0.00169491 -0.00334038 -0.000718144 -0.00250828 -0.00593712 -0.0032642 -0.00715293 -0.000823761 -0.0026801 -0.0045619 0.000958151 0.00351305 -0.00412944 -0.0020383 -0.0010063 -0.000470666 -0.000272883 0.00219242 0.00582747 -0.000440893 -0.000551689 0.000930282 0.0097119 -0.000792121 -0.00147909 0.00358274 -0.00094681 -0.0017573 7.42771e-05 -0.00213712 -0.000295673 -0.00628007 -0.00122809 -0.00226624 -0.00376329 -0.00250845
internal_weight=24484 24351 133 24265 24209 9440 2677 2004 1668 109 336 271 1559 1127 1054 404 650 553 378 135 243 352 227 125 673 551 257 294 6763 131 175 118 140 14769 206 149 582 191 181 127 432 5832 5056 513 215 298 4543 956 156 800 692 108 3587 776 487 228 391 122 203 931 367 299
internal_count=24484 24351 133 24265 24209 9440 2677 2004 1668 109 336 271 1559 1127 1054 404 650 553 378 135 243 352 227 125 673 551 257 294 6763 131 175 118 140 14769 206 149 582 191 181 127 432 5832 5056 513 215 298 4543 956 156 800 692 108 3587 776 487 228 391 122 203 931 367 299
is_linear=0
shrinkage=0.03


Tree=62
num_leaves=63
num_cat=0
split_feature=14 1 10 21 2 13 11 1 7 13 10 7 7 13 10 21 9 8 7 13 21 2 7 21 8 1 1 1 1 1 21 2 2 7 10 8 21 19 1 11 1 15 9 9 1 21 1 1 7 11 8 2 11 9 13 21 11 9 9 21 15 7
split_gain=767.19 129.634 73.7921 23.1391 49.635 27.9229 29.2227 19.3842 27.4748 11.2281 9.81207 4.46778 6.3863 5.78487 5.98201 7.50189 8.1341 9.03552 4.69346 2.93773 14.6622 12.498 16.2102 10.2528 5.29097 2.91628 4.21493 2.6729 3.06449 8.27885 2.50327 2.15246 6.24396 1.95396 4.83077 1.71395 2.43915 6.38702 1.5302 4.47362 2.90766 15.0518 1.444 1.43526 1.34279 1.68431 1.33262 3.12355 4.25853 3.74596 3.36529 1.69651 3.37672 3.72246 1.31727 1.23738 1.21924 1.17207 1.86378 2.43507 1.92871 1.83861
threshold=8.6782079256889961 383.84321409012506 16.500000000000004 0.13122009026230202 4.8483674451886047 19.215556362807046 -111.02264208055449 1116.9517526598602 0.062818733012487207 9.7997819546966642 4.5000000000000009 -0.37426742897757842 -0.016693732980771255 23.202036890821194 2.5000000000000004 0.0073127644711899059 0.30649020563864676 0.29856457821189381 -0.065205199341182393 21.123755934526013 0.74963532101026853 5.4569160055805392 -0.20649902000550388 0.47652734659681806 0.29856457821189381 324.91480905299704 679.62119646846861 1093.2210965565102 757.68454940083018 811.81796292795354 1.3575942296014401 4.3956891713831556 4.1881601862092808 0.47802174823053539 3.5000000000000004 0.44151269701095158 0.79953813055806056 2.5000000000000004 7.3626821337239958 -112.85911433175899 13.672562619914801 4.1984752827286515e-09 0.036317332561751854 0.21950901620019539 1168.1806914616852 0.70512962592671713 1038.9999484889952 909.82836450838306 0.023461834291124365 -101.56441647646199 0.3024611686790955 5.1148034090915653 -107.4124963630065 0.27730987886328423 24.928813636336304 2.8584606511687602 -116.00241050108099 0.28528179356595379 0.35714054947328028 1.4954735580177552 3.4679326804210185e-08 -0.17629458532958162
decision_type=2 2 2 8 2 2 2 2 2 2 2 2 2 2 2 8 2 2 2 2 8 2 2 8 2 2 2 2 2 2 8 2 2 2 2 2 8 2 2 2 2 2 2 2 2 8 2 2 2 2 2 2 2 2 2 10 2 2 2 8 2 2
left_child=2 -2 3 4 -1 6 -6 10 -9 -5 11 -7 18 -14 15 -15 17 -17 25 20 21 22 -11 -24 -23 -13 -27 28 31 -30 -31 32 -22 35 -35 38 37 -37 39 -21 41 55 -33 56 46 -46 47 -42 49 -49 -50 -48 -53 -54 -41 -40 -38 61 59 -59 -60 -44
right_child=1 -3 -4 9 5 7 -8 8 -10 19 -12 12 13 14 -16 16 -18 -19 -20 33 27 24 23 -25 -26 26 -28 -29 29 30 -32 42 -34 34 -36 36 43 -39 40 54 44 -43 57 -45 45 -47 51 48 50 -51 -52 52 53 -55 -56 -57 -58 58 60 -61 -62 -63
leaf_value=0.026236179260163559 0.093366942138703488 0.032098393133626536 0.02784016631437039 -0.013457041340029645 -0.0019904212635611335 0.0051702307917061265 0.024935723828515458 0.022310312777184524 -0.0037316212220036464 0.024681840577913033 -0.012886630043960534 -0.0084206456437029616 -0.008618081142879366 -0.0077240984222386021 0.011087743503678787 0.0016704772155800903 -0.0039001852672460469 0.017852750483092251 -0.012892149537843319 -0.010589416986858507 -0.0020166044314422543 -0.0064833386286504953 -0.0027829110618179968 0.012299698398235942 0.0060105494059184009 0.0048194358814785728 -0.0051197794571829335 -0.0055026597002415653 0.012814697159996476 0.0046621369689496027 -0.0033264715575120024 -0.0042481309455475076 0.010620890616638852 -2.1038187999884948e-05 0.0091268357852379144 -0.012506595290749548 0.0035516458268102721 -0.0014121262290115867 0.00044669237708260949 0.00292946685001352 -0.0006909322759828169 0.017074631935752489 0.0024882630044146654 -0.0020346368064611403 -0.0077937697961281693 -0.0016090468929982498 -0.002570350610539722 0.0033671792506268527 -0.010281301463555012 -0.0065153868964495454 -0.0012036196478433776 -0.0023291439747275865 0.01090804421226494 9.9898586928282151e-05 -0.0019635903132191007 -0.004239920450130566 -0.0007300334790432192 -0.008497090736800857 -0.0013646347877315007 -0.0019550770732693059 0.0040391049232414884 -0.00080719716775039317
leaf_weight=80 85 51 82 61 61 99 88 77 68 53 64 65 50 74 56 80 85 50 55 52 94 75 72 91 50 66 89 95 56 53 101 118 55 435 58 64 63 167 259 55 15952 50 194 1084 51 170 68 98 104 52 57 68 63 52 433 62 926 70 429 187 68 696
leaf_count=80 85 51 82 61 61 99 88 77 68 53 64 65 50 74 56 80 85 50 55 52 94 75 72 91 50 66 89 95 56 53 101 118 55 435 58 64 63 167 259 55 15952 50 194 1084 51 170 68 98 104 52 57 68 63 52 433 62 926 70 429 187 68 696
internal_value=-2.66025e-05 0.0707932 -0.000398661 -0.000495221 0.00355221 0.00192016 0.0139725 7.15716e-05 0.0101556 -0.000707207 -0.00169383 -0.000746783 -0.00162749 0.000817058 0.00220542 0.000451985 0.00328881 0.0079832 -0.00512899 -0.000672808 0.000285769 0.00606738 0.0104205 0.0056611 -0.00147774 -0.00313865 -0.000883833 -0.000606245 -0.000384444 0.00304689 -0.000564805 -0.000762909 0.00268795 -0.000792715 0.00107148 -0.000838834 -0.00160832 -0.00452658 -0.000738278 -0.0023094 -0.000688549 0.00193503 -0.00105608 -0.00128111 -0.000746823 -0.00306497 -0.000715617 -0.000749124 -0.00372215 -7.92368e-05 -0.00709473 0.00144978 0.00294945 0.00606387 -0.00140726 -0.000468866 -0.000453975 -0.000824528 -0.00169396 -0.00376298 -0.000618664 -8.68745e-05
internal_weight=24486 136 24350 24268 1207 1127 149 978 145 23061 833 769 670 395 345 289 215 130 275 23000 2557 341 216 163 125 220 155 2216 2121 210 154 1911 149 20443 493 19950 2304 231 17646 540 17106 371 1762 2073 16735 221 16514 16263 311 150 161 251 183 115 488 321 989 1644 754 257 497 890
internal_count=24486 136 24350 24268 1207 1127 149 978 145 23061 833 769 670 395 345 289 215 130 275 23000 2557 341 216 163 125 220 155 2216 2121 210 154 1911 149 20443 493 19950 2304 231 17646 540 17106 371 1762 2073 16735 221 16514 16263 311 150 161 251 183 115 488 321 989 1644 754 257 497 890
is_linear=0
shrinkage=0.03


Tree=63
num_leaves=63
num_cat=0
split_feature=14 17 8 14 20 15 20 3 19 20 7 5 11 15 15 3 4 12 0 20 11 3 20 0 12 15 15 3 19 3 0 12 20 7 4 7 15 20 7 4 6 3 8 7 17 15 20 0 0 3 0 20 20 0 6 20 3 15 7 3 3 15
split_gain=739.797 91.5766 72.645 65.5575 37.6055 31.5436 39.1745 21.5586 20.5313 31.7653 18.8761 15.6832 20.0257 15.9989 13.8621 9.23053 9.97949 10.2208 5.72094 8.7883 3.25509 5.78967 2.6012 15.2678 3.78636 4.05136 6.53319 6.92484 3.115 2.64949 3.86838 2.54033 2.17821 1.73481 1.67879 1.55165 1.40265 1.23854 1.85526 1.89832 2.26126 1.27825 1.24879 1.19741 2.91933 3.77983 1.78919 1.15114 1.13556 1.47365 1.26747 0.988481 1.44059 1.07979 2.23111 2.33471 2.93992 1.12205 3.56772 12.2077 2.41468 1.53203
threshold=8.6782079256889961 7.3066777404771424 0.21474313314631613 18.945996972422254 2.0039493990201902 8.0889145823496209e-10 2.4225234403102557e-13 3.3135101783186802 2.5000000000000004 1.2878994310186551 0.26392443158605006 -15.998676321961097 -103.0143887088165 8.1163580480065267e-09 2.3063171735382679e-07 8.2356375164421571 56.955070283469155 -106.74434203380748 521.0348211381181 0.35968814765788604 -90.607694373016429 20.664316160378654 6.6321986571914104 241.47293370837653 -118.27094715088155 5.6042070887855476e-09 3.3696610137900078e-09 12.653269085559902 3.5000000000000004 39.087651769392956 416.04962609101307 -99.665014180722039 7.6979648307753665 -0.1448985226335324 88.624593675095014 -0.013410649569713494 1.2170325750202125e-07 135.22950180266454 -0.27593269024799655 22.791347067029303 -0.16435127160167437 11.923914789420403 0.47900281364268521 0.47407743620995652 1.0000000180025095e-35 2.7300770193441162e-09 58.759445120414206 452.36946881208405 365.31765289953955 27.341750197445752 503.69551545685107 8.3239899629552365 8.7731200861354726 148.76149039051651 -0.10377335406756892 87.536936054583705 26.161347710623605 1.2573824633997184e-08 -0.18000617634732727 11.228357790527452 17.525790371952557 2.6162882721282753e-08
decision_type=2 2 2 2 8 2 8 2 2 8 2 2 2 2 2 2 2 2 2 8 2 2 8 2 2 2 2 2 2 2 2 2 8 2 2 2 2 10 2 2 2 2 2 2 2 2 10 2 2 2 2 8 8 2 2 8 2 2 2 2 2 2
left_child=1 4 -3 -2 5 7 -7 -1 9 10 11 -8 13 -13 22 -9 18 -18 20 -20 21 31 23 -6 -25 26 27 28 -26 48 -31 -17 33 -24 36 -23 37 42 39 41 -41 -39 43 51 45 46 -45 -27 -29 50 -50 -34 -53 54 -54 56 -56 -55 59 -59 -60 -62
right_child=3 2 -4 -5 14 6 8 15 -10 -11 -12 12 -14 -15 -16 16 17 -19 19 -21 -22 35 32 24 25 47 -28 29 -30 30 -32 -33 34 -35 -36 -37 -38 38 -40 40 -42 -43 -44 44 -46 -47 -48 -49 49 -51 -52 52 53 57 55 -57 -58 58 60 -61 61 -63
leaf_value=0.017243008537032617 0.093099444037070489 0.052665058298466294 0.0041437486681293271 0.049200937049868311 0.01552115853660507 0.027515735551074613 -0.011786743368614802 -0.012119339323311577 -0.0062552446819256254 0.024924630934655079 0.016496037610120286 -0.014519034534440202 0.014836104284552152 0.0076786259715927053 -0.0138275424232834 -0.0057547582192346448 -0.00054547939197633591 0.017617443391265204 0.01203388680492812 -0.0030457429999814316 0.0022767532264742138 -0.0045498221976987014 -0.0089098574725144045 0.0068759034130126849 0.010818739655638076 -0.0027521834497833074 0.0092136916500471875 -0.0047566603099121084 0.00065279765247270975 -0.0015154202779495707 -0.013068577706101625 -0.014647414584674674 0.0030844976500139592 -0.002032766272649937 -0.005079549217113742 0.00069135567094199353 0.004218781388857785 0.0061778712453785618 -0.0017931663920374525 0.0025185632356687446 -0.0027844909781111937 0.00096779529373034552 -0.0018218281362794185 0.00241514001002483 -0.0024278197406667722 0.0098740962288306582 -0.0031421549625330319 -0.0089935691742575718 0.00079540006059687586 0.0029638600555042939 -0.0058792719595572524 -0.0049768505997157524 0.00073571826949933149 -0.00068879262287335329 -0.0021849942320541767 -0.0012931620884976793 -0.01237910586461987 0.016416060956852399 -0.0038544421329018944 0.00039636918391386015 0.0014511651956997332 -0.0021615413339022781
leaf_weight=60 63 51 60 68 59 89 65 64 98 88 94 58 98 57 72 59 60 51 58 84 64 103 50 60 51 50 62 66 57 54 50 60 62 96 80 99 50 54 2071 100 255 187 822 213 165 51 68 59 51 76 50 69 136 16275 50 121 52 50 180 267 310 159
leaf_count=60 63 51 60 68 59 89 65 64 98 88 94 58 98 57 72 59 60 51 58 84 64 103 50 60 51 50 62 66 57 54 50 60 62 96 80 99 50 54 2071 100 255 187 822 213 165 51 68 59 51 76 50 69 136 16275 50 121 52 50 180 267 310 159
internal_value=-1.94023e-05 -0.00035621 0.0267085 0.0708578 -0.00048135 0.00427328 0.00913912 0.000135224 0.0061641 0.00881779 0.00495097 0.0010021 0.00494164 -0.00354537 -0.000775223 -0.00134943 -0.000251785 0.00788244 -0.00197675 0.00315462 -0.00387263 -0.00510194 -0.000733287 0.00100914 -0.000259757 -0.000953561 0.00015848 -0.00109292 0.00550859 -0.00315749 -0.00714139 -0.0103231 -0.000792353 -0.00443252 -0.000767825 -0.00199037 -0.000751745 -0.000763383 -0.00136888 0.000105986 -0.00128779 0.0021559 -0.000678546 -0.000626892 0.000824229 0.0024429 0.00106394 -0.0061816 -0.00143017 -0.000170027 -0.00253414 -0.000667611 -0.000680951 -0.000663828 -0.00229028 -0.00413077 -0.00745172 -0.00062983 0.000363245 0.00296681 -0.000911059 0.000224395
internal_weight=24461 24330 111 131 24219 1409 647 762 558 460 372 278 213 115 22810 702 638 111 527 142 385 321 22738 745 686 626 517 455 108 347 104 119 21993 146 21847 202 21767 21717 2667 596 355 241 19050 18228 497 332 281 109 243 177 101 17731 17669 17600 359 223 102 17241 966 317 649 469
internal_count=24461 24330 111 131 24219 1409 647 762 558 460 372 278 213 115 22810 702 638 111 527 142 385 321 22738 745 686 626 517 455 108 347 104 119 21993 146 21847 202 21767 21717 2667 596 355 241 19050 18228 497 332 281 109 243 177 101 17731 17669 17600 359 223 102 17241 966 317 649 469
is_linear=0
shrinkage=0.03


Tree=64
num_leaves=63
num_cat=0
split_feature=14 1 20 5 2 5 17 10 20 20 8 6 17 10 1 8 7 5 20 1 0 2 8 6 20 7 10 3 3 6 2 19 2 6 3 3 1 0 20 17 8 6 1 1 10 7 20 1 5 1 0 17 20 6 8 1 8 20 1 3 6 1
split_gain=576.705 113.53 33.502 24.1176 31.6138 18.9141 28.7315 9.90674 18.5457 19.9561 12.6756 9.26378 8.38511 6.21639 6.16998 5.24256 8.6807 10.7915 13.0506 6.16646 3.55935 2.89903 3.79821 2.73517 1.99836 9.22406 12.9221 15.3757 6.78104 3.7674 3.19606 4.54189 1.68398 1.99116 1.52072 1.51523 1.44264 1.35418 6.90017 2.33407 1.41118 1.29037 4.38453 4.83856 1.65299 1.98816 1.87397 1.59106 2.18882 2.13216 3.94302 3.82591 1.6635 1.34941 5.45194 3.24977 1.57608 1.8326 2.03741 1.74074 1.72202 4.13356
threshold=0.49123920472150223 220.22152511587254 1.7925050432673102 34.024426815992804 4.8483674451886047 49.621686474252456 1.0000000180025095e-35 1.5000000000000002 2.4225234403102557e-13 1.4609906702845001 0.06142278815904146 0.35622485324056968 6.6243259933145593 6.5000000000000009 1064.6260007940102 0.11814439285938284 0.25634926446056211 -10.314227440508498 0.57266716634020465 659.90267568991055 334.80009867568907 5.4489801382655303 0.21474313314631613 0.26865396640962219 6.6321986571914104 -0.0084979542053988926 2.5000000000000004 19.676353691275803 8.8261916303099017 0.27627010589067474 5.3026281431250224 2.5000000000000004 5.5045257627440316 -0.0039581914467943227 34.159363173007456 70.991715117796062 182.01858577647354 592.68303762677158 13.298681841841001 1.6380948432042881 0.48483252668601834 -0.43810419392117955 16.348386662516806 768.69078390335369 3.5000000000000004 -0.14835280910264934 59.826345117327556 9.5422600458443316 35.880738261972809 15.043486661636253 354.2375727854581 1.0000000180025095e-35 51.181998212397907 0.3941561502949576 0.3987804985321311 894.48356307821007 0.24092259061094715 51.807085811746354 947.5207500408286 58.587560033410959 -0.14534292750549757 1015.5159270254002
decision_type=2 2 8 2 2 2 2 2 8 8 2 2 2 2 2 2 2 2 8 2 2 2 2 2 8 2 2 2 2 2 2 2 2 2 2 2 2 2 8 2 2 2 2 2 2 2 8 2 2 2 2 2 8 2 2 2 2 10 2 2 2 2
left_child=2 -2 3 4 -1 6 -5 10 -9 11 -6 15 13 24 20 19 17 -17 -19 -10 -12 22 -22 34 25 28 29 -28 -4 32 -30 -32 33 -27 -23 37 -33 40 -39 -40 41 42 -26 44 45 -44 -46 48 52 50 -49 -52 -43 56 -55 -56 60 -58 59 -59 61 -51
right_child=1 -3 12 5 7 -7 -8 8 9 -11 14 -13 -14 -15 -16 16 -18 18 -20 -21 21 23 -24 -25 35 26 27 -29 30 -31 31 36 -34 -35 -36 -37 -38 38 39 -41 -42 47 43 -45 46 -47 -48 49 -50 53 51 -53 -54 54 55 -57 57 58 -60 -61 -62 -63
leaf_value=0.020324653377297126 0.075011535542143973 0.028272470404626802 0.0075891730129413471 0.0087051282435372142 0.0098450492312557574 -0.0015796127894686328 0.036003704841101644 0.018054421065767514 -0.004144274464408639 0.019238368035652317 -0.0086560255144121894 0.011176408194027454 0.0090660696264497839 -0.010708383311783629 -0.011425100149782864 -0.017391025508517649 0.0060551454361422721 -0.011042761652048544 0.0083923614467494179 0.010145450805180837 0.0083093303849856408 -0.0082312536449753674 -0.0015872087284118275 0.0023865421028393839 0.0090426234365440904 4.9748358528919605e-05 -0.00012361692045541372 0.021929098512469367 -0.00047126378695448414 0.007272056056186557 -0.012025317138848969 -0.0062306532981775461 0.0020592726462831099 -0.0070591029763902319 -0.0015255536188316695 -0.0044962695610623075 1.2138389714368401e-05 -0.00968044308313281 -0.0012610000318640944 0.0036313733402741971 -0.0020646598125604689 -0.0038499151681741098 -0.0036557047392518534 0.0070214989047381092 0.0065606136938387693 -0.00016077604070435176 -0.00059065818248024899 -0.0026026718409756493 -0.0064247456078090097 9.9008602373363441e-05 0.0012213990983358897 0.0098641217808711195 -0.00034073173867072912 0.0079616527333659093 0.00010026666271709586 -0.0061442646740263772 -0.00065180963681180874 -0.0016192928857461698 -0.0047613822232394146 0.0025012666766997425 -0.00068784385089315893 0.0083831417064668921
leaf_weight=82 95 95 52 91 72 53 56 72 52 51 61 52 78 55 75 66 52 69 55 55 57 79 87 53 50 78 50 65 144 59 77 61 89 64 50 96 72 86 2507 90 613 174 221 79 54 431 82 113 90 1696 126 72 399 76 1483 78 3573 2461 180 95 7002 55
leaf_count=82 95 95 52 91 72 53 56 72 52 51 61 52 78 55 75 66 52 69 55 55 57 79 87 53 50 78 50 65 144 59 77 61 89 64 50 96 72 86 2507 90 613 174 221 79 54 431 82 113 90 1696 126 72 399 76 1483 78 3573 2461 180 95 7002 55
internal_value=2.06981e-05 0.0519124 -0.000421629 0.00418732 0.00249554 0.0137701 0.0192776 0.00109581 0.0040227 0.00175264 -0.00177842 -0.000513554 -0.000691188 -0.000724893 -0.00360722 -0.00228228 -0.00472139 -0.00768701 -0.00242417 0.00322684 -0.00206659 -0.000810897 0.00236046 -0.00331929 -0.000700334 0.000761412 0.00396001 0.0124226 -0.00243119 0.000573011 -0.00392034 -0.00627199 -0.00116197 -0.0031812 -0.00566387 -0.000754296 -0.00287623 -0.000737677 -0.00136898 -0.00109012 -0.000649407 -0.000602631 0.000494206 -8.6321e-06 -0.000721435 -0.00134919 0.00227598 -0.000659567 -0.00210042 -0.000603287 0.00185415 0.00439798 -0.0014112 -0.000649162 0.00016877 -0.000215494 -0.000738064 -0.00109952 -0.00168374 -0.00146522 -0.000477439 0.000363855
internal_weight=24456 190 24266 1340 1140 200 147 1058 524 452 534 401 22926 22848 462 349 242 190 124 107 387 326 144 182 22793 811 405 115 406 290 354 210 231 142 129 21982 133 21886 2683 2597 19203 18590 917 867 788 652 136 17673 663 17010 311 198 573 16699 1637 1561 15062 6309 2736 2556 8753 1751
internal_count=24456 190 24266 1340 1140 200 147 1058 524 452 534 401 22926 22848 462 349 242 190 124 107 387 326 144 182 22793 811 405 115 406 290 354 210 231 142 129 21982 133 21886 2683 2597 19203 18590 917 867 788 652 136 17673 663 17010 311 198 573 16699 1637 1561 15062 6309 2736 2556 8753 1751
is_linear=0
shrinkage=0.03


Tree=65
num_leaves=63
num_cat=0
split_feature=14 0 21 13 13 11 20 20 12 21 13 21 21 16 13 0 12 15 0 13 15 21 0 20 16 0 0 6 12 0 0 21 20 13 6 21 20 11 11 19 21 20 15 20 21 13 13 21 6 0 21 16 13 4 15 19 20 15 6 20 21 4
split_gain=497.461 95.8568 52.6217 49.4189 43.6953 33.7128 17.2493 15.283 12.8305 15.571 13.7707 5.93962 7.72291 34.3639 11.5299 7.73553 11.9756 17.37 7.52378 6.45715 4.28547 8.99413 4.72013 4.02386 2.91583 2.93148 2.47513 3.91527 2.45491 2.42919 2.42785 3.41833 11.7532 2.36837 1.74648 4.08394 2.73565 4.42532 3.75173 2.9399 2.69433 2.76019 2.46332 1.9496 11.5952 6.46262 4.27387 1.82901 1.69384 1.67634 1.66428 1.55272 2.10851 3.95576 3.24856 2.17238 1.87364 1.72266 1.60705 1.42616 1.35156 1.31883
threshold=8.6782079256889961 271.0209192288001 0.014996265382266002 -3.5216215127893089 22.131681037586237 -98.089371621076239 0.25416068059599056 0.35968814765788604 -108.64927443343349 0.028814196311226805 23.627021827548209 0.022358981364493106 0.41697579079349856 6.9497488866100561 9.7997819546966642 347.75986480456106 -99.173408203028174 7.9409338805090669e-23 329.14680418113755 21.468642546038478 7.9409338805090669e-23 0.0023731366481001153 483.24306943013056 35.783103081728505 1.0000000180025095e-35 440.23254551456807 447.52930341456306 -0.35055944102630815 -114.52640459224496 352.76072856159902 407.91761798822256 0.57413215796177408 25.183824074714256 21.330846820358577 -0.19996363482621768 0.49720573738700752 12.854742279637202 -105.20937836045898 -111.58791055655648 3.5000000000000004 4.3578911511945906 116.52470094566353 2.1481977000317193e-08 9.831486006680473 0.70512962592671713 21.374895800335675 25.529269248278556 0.92332216708014514 -0.34129996555136616 517.33608471718264 0.78591458771949518 11.208241174341792 18.035587566945633 64.783165413498168 1.0760868125761661e-08 2.5000000000000004 24.642820799665454 2.6162882721282753e-08 -0.15289600373553533 1.4609906702845001 1.4542145114132703 37.747871392291906
decision_type=2 2 8 2 2 2 8 8 2 8 2 8 8 2 2 2 2 2 2 2 2 8 2 8 2 2 2 2 2 2 2 8 8 2 2 8 8 2 2 2 10 8 2 8 8 2 2 10 2 2 8 2 2 2 2 2 8 2 2 8 10 2
left_child=2 -2 4 -4 6 20 -1 8 -5 29 -11 -9 13 15 -14 18 19 -18 23 -17 21 -6 -22 -13 26 -26 -21 -28 -29 -10 31 32 -16 -25 35 -32 37 38 -37 -40 42 -42 43 44 -36 -46 -47 -44 -39 -30 -12 52 53 54 -33 -55 -57 -56 -58 -48 -49 -61
right_child=1 -3 3 7 5 -7 -8 11 9 10 50 12 14 -15 30 16 17 -19 -20 24 22 -23 -24 33 25 -27 27 28 49 -31 34 51 -34 -35 40 36 -38 48 39 -41 41 -43 47 -45 45 46 59 60 -50 -51 -52 -53 -54 55 57 56 58 -59 -60 61 -62 -63
leaf_value=0.039690574154774366 0.024626235519018436 0.076681968333090045 0.024914998094672739 -0.0039164258635137235 -0.0044538006522016572 0.021688149917894337 0.014796478392349348 -0.0083009444075190317 0.012939766833972981 0.016822590329889756 0.0027811630634823814 0.0042444724724972965 -0.012077007696294459 0.025837369010824819 0.015240801913018262 0.0077067010197960995 0.0020293792411568575 0.022841367963701488 -0.013720199559938232 0.0047842864511012349 0.0008354850187897682 0.011160307016651161 -0.011752550831099726 -0.0090043134467506954 -0.0097751675813239711 -0.0014770568793218369 0.0069015927467909119 0.0039549598284065726 -0.0068759569644855408 0.022860751936540882 -0.0086611067482839903 -0.011426872946703324 -0.00088954181334975754 -0.0014298699657695414 0.01410263650590522 -0.0068958337973479347 -0.0011023728455260616 -0.012210975851191849 0.0070126260212537914 -0.0022617770752736501 0.00030494558030552763 0.0083347037662591401 -0.0087618794377875633 -0.00081935213329840592 0.009122868537680396 -0.0079654665493872016 -0.0040384576311597309 0.001654528104700148 -0.0046578258895561492 -0.001405076432884077 -0.0039132665167959536 0.0035084976982530003 -0.00031291804575716051 0.0044430718837005162 0.00047817845522825207 -0.0064784507055762486 0.003193685650066645 -0.0057032359630458662 -0.0020263615592462977 -0.00072660985620242062 -0.0041034695353336856 0.003730671501435925
leaf_weight=50 53 84 68 99 72 78 53 89 50 50 53 80 79 50 55 96 99 56 52 105 54 60 52 54 50 156 53 51 76 50 69 57 148 116 54 68 3419 60 54 69 115 57 52 7736 55 79 70 52 51 148 87 90 8708 71 69 52 80 97 153 181 120 88
leaf_count=50 53 84 68 99 72 78 53 89 50 50 53 80 79 50 55 96 99 56 52 105 54 60 52 54 50 156 53 51 76 50 69 57 148 116 54 68 3419 60 54 69 115 57 52 7736 55 79 70 52 51 148 87 90 8708 71 69 52 80 97 153 181 120 88
internal_value=-2.63475e-05 0.056868 -0.000252249 -0.000437252 0.0102745 0.00470688 0.0271464 -0.000510644 0.00537936 0.00855531 0.00347522 -0.000608621 -0.000578947 0.00172204 -0.000708286 0.000689679 0.00209729 0.00964677 -0.00345182 0.000494282 -0.000925867 0.00267407 -0.0053919 -0.00126984 -0.000599622 -0.00352865 0.000798786 -0.000487724 -0.00193169 0.0180775 -0.000666969 -0.000307903 0.00353404 -0.00387446 -0.000943238 -0.00148032 -0.00134488 -0.00407762 -0.00129397 0.00183363 -0.000708015 0.00299877 -0.000783482 -0.000699054 0.00106505 -0.000450001 -0.00172836 -0.00388093 -0.00881318 -0.00328358 -0.0013772 -0.000391444 -0.000429612 -0.00218109 -0.00530448 -0.000215204 -0.00138716 -0.00314638 -0.000228082 -0.000255717 -0.00236318 0.000739951
internal_weight=24452 137 24315 23896 419 316 103 23828 389 290 190 23439 23350 1242 22108 1192 890 155 302 735 238 132 106 250 639 206 433 328 275 100 22029 9580 203 170 12449 3790 3721 302 191 123 8659 172 8487 8263 527 473 418 224 111 224 140 9377 9287 579 223 356 285 166 233 339 172 269
internal_count=24452 137 24315 23896 419 316 103 23828 389 290 190 23439 23350 1242 22108 1192 890 155 302 735 238 132 106 250 639 206 433 328 275 100 22029 9580 203 170 12449 3790 3721 302 191 123 8659 172 8487 8263 527 473 418 224 111 224 140 9377 9287 579 223 356 285 166 233 339 172 269
is_linear=0
shrinkage=0.03


Tree=66
num_leaves=63
num_cat=0
split_feature=10 1 20 13 8 12 2 7 12 2 12 1 2 7 2 2 12 7 1 1 20 2 12 12 2 15 20 1 19 12 17 10 8 2 1 16 1 8 6 7 1 12 4 6 17 1 2 15 6 20 7 13 13 13 7 12 4 15 13 6 6 12
split_gain=581.061 91.5395 61.4147 66.297 59.8647 29.7262 43.7903 28.8182 24.1751 33.0852 21.5924 14.6353 17.6038 23.4874 8.44376 7.51267 3.47362 8.98977 13.4125 2.92363 2.90179 11.7388 7.86921 4.06391 3.99449 4.64408 3.40099 2.95009 2.76312 2.35665 2.0604 1.98025 2.59666 2.43903 1.74796 2.40801 3.17642 1.98614 2.11213 2.29359 2.07504 7.90932 5.40006 5.56324 1.98076 7.28945 2.80247 1.89817 1.89225 2.91285 1.80663 1.63785 1.56536 2.35406 1.73576 1.50432 1.48711 2.17764 3.62163 1.36093 1.91251 1.32509
threshold=14.500000000000002 99.039274249284219 1.7925050432673102 20.621442718376084 0.18266953637887087 -111.77326726819263 5.318077129790777 0.10640162613544503 -102.81344057569383 5.4737596385625027 -114.72152498893956 536.58186418470802 4.8790028629297 0.18417145221265943 5.1148034090915653 5.0977733887964689 -106.74434203380748 0.035538664890865775 569.04197803840009 626.44561965476407 6.6321986571914104 4.9601565523459525 -88.598476477287036 -120.13844928874529 5.362615125809973 1.6298327266671608e-09 3.1176223902685902 320.38917523516358 2.5000000000000004 -97.766643578247297 3.3560624917751816 3.5000000000000004 0.38465584885474163 5.4806308093631548 477.90580440536058 1.0305959579886638e-06 1064.6260007940102 0.007463589924581627 0.42125034317557836 -0.35555981944870924 1038.9999484889952 -99.782206255781233 17.630274889048053 -0.14534292750549757 0.94480175897611562 13.672562619914801 5.7578709002666049 1.2663078609156188e-09 0.38204930840364032 72.96419909098681 -0.45451177793344749 12.592107726904347 18.200110394255514 19.215556362807046 -0.3826819470216502 -108.72276643810595 68.258522006272514 4.035025861196013e-09 23.099065292595345 -0.40545837072443364 -0.16072697926990107 -119.14471173462414
decision_type=2 2 8 2 2 2 2 2 2 2 2 2 2 2 2 2 2 2 2 2 8 2 2 2 2 2 8 2 2 2 2 2 2 2 2 2 2 2 2 2 2 2 2 2 2 2 2 2 2 8 2 2 2 2 2 2 2 2 2 2 2 2
left_child=2 -2 3 5 -3 -1 7 -7 16 11 -6 15 -13 14 -14 -10 31 18 -18 -19 21 22 -4 -23 25 -25 28 -28 -26 -17 34 32 33 -5 44 37 59 -36 40 -40 48 42 -42 -44 50 -46 56 -43 52 -50 -22 -32 -39 -54 -55 -53 57 58 -47 -37 -61 -52
right_child=1 4 20 8 10 6 -8 -9 9 -11 -12 12 13 -15 -16 29 17 19 -20 -21 30 23 -24 24 26 -27 27 -29 -30 -31 51 -33 -34 -35 35 36 -38 38 39 -41 41 47 43 -45 45 46 -48 -49 49 -51 61 55 53 54 -56 -57 -58 -59 -60 60 -62 -63
leaf_value=-0.00015192579048184247 0.078777935118948816 0.057007312439382077 0.018243181667036628 0.004009553102317126 0.0080379475496317205 0.0032450050149674171 0.047426716355157314 0.031489077516026413 -0.0093161043754920268 0.025793763456493615 0.035209754085277808 0.023138020619379075 -0.011574449001886283 0.017391361673882999 0.0030610204143593682 -0.0014082809198986399 -0.0030624710914811913 2.6311905038627713e-05 0.017747562102241706 -0.009989222040509475 -0.002193807259880561 0.0073263077751586315 0.0018434106267802865 -0.00087928105390196133 -0.011233401773963123 0.0076507629958333457 -0.0034896869240940488 0.0035261833587441633 -0.0028796388317899003 0.0075624500319142552 -0.0075648585889537467 -0.0073699422106146811 -0.0071297381923574469 -0.002833695421777381 -0.0058454994363411374 -0.0067288697788661167 -0.0095235996656119811 -0.0041693312616881088 -0.008646416519768536 -0.0020626293490665663 0.012087895693361704 -0.00031290570831563519 0.0089705926114955637 -0.0014765102788089561 0.0099191723612117727 0.0084417858784171657 0.0068470965654534449 -0.0053581549628630033 0.0069525109478683371 -0.0014085359904025348 -0.002000767146310463 -1.5225179871100239e-05 0.0054442751555539232 0.00074409685951618509 -0.0012897148029860403 -0.0038260587490527181 0.0034105222396984959 -0.0017329035803294113 -0.00049369058181874376 0.0013419945614720533 -0.0028607453763953156 -0.000527396211099851
leaf_weight=51 60 70 54 72 56 73 57 58 78 74 50 58 55 84 96 54 55 54 55 50 656 56 51 186 64 82 136 88 81 50 56 84 68 130 73 54 59 141 55 327 66 151 70 129 71 54 50 120 67 83 571 171 50 428 3174 204 83 583 158 132 366 13985
leaf_count=51 60 70 54 72 56 73 57 58 78 74 50 58 55 84 96 54 55 54 55 50 656 56 51 186 64 82 136 88 81 50 56 84 68 130 73 54 59 141 55 327 66 151 70 129 71 54 50 120 67 83 571 171 50 428 3174 204 83 583 158 132 366 13985
internal_value=-2.15658e-06 0.0468643 -0.0003379 0.00586384 0.035601 0.0201701 0.0256547 0.0158938 0.00278747 0.00727082 0.0210641 0.00433701 0.00847673 0.00477549 -0.00231086 -0.00233739 -0.00155106 0.00146215 0.00740869 -0.00483813 -0.000704011 0.00107242 0.0103701 -0.000349238 -0.00103444 0.0017494 -0.00305556 -0.00073003 -0.0066185 0.00293552 -0.00076795 -0.00337159 -0.00210505 -0.000386782 -0.000727173 -0.00118695 -0.00296227 -0.000966548 -0.000892091 -0.00303066 -0.000709063 0.00104089 0.0047175 0.00222483 -0.000569842 0.000723652 1.01954e-05 -0.00255845 -0.00094715 0.00234738 -0.00065483 -0.00281981 -0.00107802 -0.000957561 -0.00104791 -0.00209298 -0.000386496 -0.000786701 0.00181127 -0.00224502 -0.00174631 -0.000585327
internal_weight=24577 236 24341 1356 176 239 188 131 1117 549 106 475 293 235 151 182 568 214 110 104 22985 798 105 693 637 268 369 224 145 104 22187 354 270 202 21756 5545 611 4934 4861 382 4479 536 265 199 16211 999 928 271 3943 150 15212 431 3793 3652 3602 375 878 795 212 552 498 14556
internal_count=24577 236 24341 1356 176 239 188 131 1117 549 106 475 293 235 151 182 568 214 110 104 22985 798 105 693 637 268 369 224 145 104 22187 354 270 202 21756 5545 611 4934 4861 382 4479 536 265 199 16211 999 928 271 3943 150 15212 431 3793 3652 3602 375 878 795 212 552 498 14556
is_linear=0
shrinkage=0.03


Tree=67
num_leaves=63
num_cat=0
split_feature=16 1 20 13 9 11 21 20 13 9 9 1 9 11 13 11 16 21 21 1 2 21 9 21 20 1 1 4 2 11 13 20 21 11 13 1 11 13 9 21 9 10 1 13 13 10 4 13 20 21 20 1 1 21 20 9 1 21 1 4 21 21
split_gain=429.422 58.7152 36.5797 74.8625 27.2579 11.0599 10.4727 8.08528 16.6307 40.7275 23.2262 12.5836 5.82137 7.10057 5.76975 4.86425 4.00854 3.53275 6.82356 3.4239 3.17936 3.07188 3.01326 2.72645 11.7894 32.8941 4.9406 3.32164 2.7279 9.85734 2.66541 2.07271 2.59843 3.18033 1.85418 5.29696 2.16058 1.62453 1.48308 1.47621 1.43677 3.04188 1.43142 2.05783 1.3186 1.30807 1.16816 1.00708 4.68268 18.4584 1.68222 2.70914 2.12649 1.95826 3.97099 2.20554 1.58517 3.05879 2.0907 1.56009 1.52444 3.99429
threshold=46.52993774868748 169.63897583554504 0.35968814765788604 19.476696818100418 0.27116371917429133 -97.604139402710985 0.025924569724350303 2.0039493990201902 24.373778119893753 0.38263908804748065 0.19244269877492484 1116.9517526598602 0.15146202398971201 -101.12421001061048 26.561688178350717 -102.66398826294399 17.68244621507942 0.031908323497307108 0.011303803562451703 519.30353840763564 5.4737596385625027 0.036504684508943612 0.29125113619044468 0.49720573738700752 21.321719164710004 312.83029633665302 1168.1806914616852 18.942461524096853 5.4489801382655303 -106.48655260014799 33.464414835500982 3.9913786367212603 2.1565685042051457 -108.05239159702198 12.592107726904347 140.03522191946902 -111.34450672070598 30.385524926017613 0.25539799377560041 1.6459077696899003 0.19851509948148663 3.5000000000000004 1193.1273273220252 49.199305118600833 19.798410162809187 4.5000000000000009 26.137774566180806 23.817306675096386 9.831486006680473 1.2527108906497901 32.450017059191808 929.54083285078661 748.87465437165213 0.83585823263001158 11.243684383646352 0.19625616926936376 8.5266585970936823 1.8255482672045453 13.672562619914801 21.229882262432351 1.3992072946133203 1.4339662631185901
decision_type=2 2 8 2 2 2 8 8 2 2 2 2 2 2 2 2 2 8 8 2 2 8 2 8 8 2 2 2 2 2 2 8 8 2 2 2 2 2 2 8 2 2 2 2 2 2 2 2 8 8 8 2 2 8 8 2 2 10 2 2 8 8
left_child=2 -2 3 -1 -3 14 -7 8 9 10 -4 12 13 20 -5 19 21 18 -14 -16 -10 -9 -12 24 25 -23 27 28 37 -30 40 32 33 -25 35 -33 -37 -26 -19 -40 41 -29 47 45 -42 -44 -35 48 49 -36 51 52 53 54 -49 -56 57 -50 -58 -57 -60 -62
right_child=1 4 7 5 -6 6 -8 16 11 -11 22 -13 17 -15 15 -17 -18 38 -20 -21 -22 23 -24 31 26 -27 -28 30 29 -31 -32 34 -34 46 42 36 -38 -39 39 -41 44 -43 43 -45 -46 -47 -48 50 56 -51 -52 -53 -54 -55 55 59 58 -59 60 -61 61 -63
leaf_value=0.032539641296383995 0.065019492816925054 0.016821013216502392 0.012454268603539799 0.0059675258056571083 0.045273908280202599 0.016053409445388564 0.00069083693474531166 -0.0062132038263674376 0.0037118271173993971 0.030322358927689492 -0.0026282140174332786 0.01227567231105197 -0.0036947017768397925 -0.013635282885220925 0.004767617375258203 -0.0095360174912854402 0.0074280293228274038 0.0022933084692016966 0.0096023570115577033 -0.0036279070415371735 -0.0060589849567887454 -0.0039438333495720301 -0.013008788377046585 -0.0099436076037289402 -0.0043978924566181379 0.022853805907815695 0.0078270547720040336 -0.0055832800543738322 -0.0014006957619425815 0.013253442605967971 -0.00035851049532842203 0.0030182047556953787 0.0012104046637951224 0.0007094902590944229 0.018127610285737318 -0.0037417444286984391 -0.011480454077061854 0.00092333588219594722 -0.0053874064988121972 0.00071656443666280156 -0.0097140181048955779 0.0034492201080261646 -0.0075015501771122216 0.00082590320075933755 -0.0041563319792200801 -0.0014663083278486188 -0.0052356848667841401 -0.0097361437372229694 0.000906688361475452 -0.0020500061615530284 -0.0006146291720291122 -0.0062047728687963065 0.0022641390286098489 -0.0011346367420001367 -0.0053718614008195775 0.0044039181717832028 0.0049870382914176349 -0.0091775981352646956 -0.001368159133275373 -0.0019941058564498754 0.008201356021902308 -0.00020316745421632921
leaf_weight=87 74 64 98 89 60 86 74 89 54 59 50 62 59 70 72 70 54 53 82 108 65 91 51 76 77 74 61 77 110 65 359 72 80 63 59 79 56 152 111 52 54 58 87 77 139 52 55 73 55 127 13868 101 148 2451 90 57 64 52 1102 83 51 2389
leaf_count=87 74 64 98 89 60 86 74 89 54 59 50 62 59 70 72 70 54 53 82 108 65 91 51 76 77 74 61 77 110 65 359 72 80 63 59 79 56 152 111 52 54 58 87 77 139 52 55 73 55 127 13868 101 148 2451 90 57 64 52 1102 83 51 2389
internal_value=-1.21115e-06 0.0438771 -0.00037179 0.00702651 0.0308406 0.00252215 0.00899664 -0.000554291 0.00228959 0.00865567 0.00211238 -0.000421576 -0.00188319 -0.00612551 -0.000551134 -0.00288631 -0.000661805 0.000373577 0.0040515 -0.00026191 -0.00163119 -0.000681228 -0.00794604 -0.000659347 0.000665214 0.00813978 -0.000411493 -0.000878872 0.00127774 0.00408665 -0.00214711 -0.000740636 -0.00332875 -0.00519717 -0.00070702 -0.00352594 -0.00701269 -0.00087724 -0.0020349 -0.00344763 -0.00409772 -0.00170582 -0.000679048 -0.00310337 -0.00575339 -0.00527036 -0.00208228 -0.000653688 -0.000219078 0.00441313 -0.00075411 -0.00139782 -0.00122844 -0.00141689 -0.00368879 -0.00173557 -0.000452251 -0.00403369 -0.000344891 0.000623563 -0.000442613 -2.42113e-05
internal_weight=24577 198 24379 586 124 499 160 23793 866 258 199 608 546 189 339 250 22927 357 141 180 119 22873 101 22784 1317 165 1152 1091 404 175 687 21467 274 194 21193 207 135 229 216 163 328 135 20986 216 193 139 118 20770 3899 186 16871 3003 2902 2754 303 230 3713 107 3606 140 3542 2440
internal_count=24577 198 24379 586 124 499 160 23793 866 258 199 608 546 189 339 250 22927 357 141 180 119 22873 101 22784 1317 165 1152 1091 404 175 687 21467 274 194 21193 207 135 229 216 163 328 135 20986 216 193 139 118 20770 3899 186 16871 3003 2902 2754 303 230 3713 107 3606 140 3542 2440
is_linear=0
shrinkage=0.03


Tree=68
num_leaves=63
num_cat=0
split_feature=14 11 21 21 15 15 1 21 7 3 7 4 15 17 11 11 11 15 15 8 21 4 11 6 11 1 7 21 11 8 21 3 6 15 1 21 1 15 19 3 15 7 6 7 16 7 7 4 21 17 17 1 1 1 15 1 1 4 21 15 15 8
split_gain=607.633 50.9914 59.5071 16.4625 71.8569 11.2682 8.70419 13.9613 18.5001 19.9039 30.2126 12.481 17.1656 7.53619 7.43373 6.18394 7.27272 9.7359 3.79594 2.38208 4.04791 18.7384 47.0607 12.354 9.86555 13.6888 6.96848 2.93083 2.25656 3.05059 2.29745 2.03071 1.6081 1.4361 1.39802 2.911 2.38382 5.22626 6.12513 10.7367 5.2701 2.0112 2.40845 1.9693 1.93568 1.78594 2.60819 1.52375 1.47269 1.27241 8.75949 2.32299 3.06648 1.25482 1.21526 1.15771 1.1349 1.61067 1.33426 1.44757 1.1287 1.06414
threshold=0.49123920472150223 -123.00944998717898 2.0075811633358605 1.0000000180025095e-35 6.3125091134027761e-11 3.5824750874014812e-07 1038.9999484889952 0.74963532101026853 0.38944845973952452 15.555530749449902 0.11499718281712924 36.156958227589961 1.1289994742872817e-09 6.3778981319259413 -97.951394577977283 -99.301106242059475 -106.92942128424649 1.999728447970222e-09 1.2152145341126964e-09 0.49202291968952111 0.031908323497307108 57.388215608523659 -108.75942512467749 0.29956514375224053 -104.15477326361298 587.48004771452008 0.066722573960783307 0.83585823263001158 -126.40291758002948 0.3188363856566459 2.6239871228376703 27.657394974292853 -0.019205464640873689 4.784077023169088e-09 894.48356307821007 0.059577513970665803 757.68454940083018 1.3604650912528362e-10 2.5000000000000004 16.723287575956402 5.9340961446270513e-09 0.16094386313324985 -0.08459346680724121 -0.49141954644550528 1.0000000180025095e-35 -0.27593269024799655 -0.033371718436345336 17.630274889048053 1.2159943321945703 3.0216074610195807 3.1845254867889063 277.02060045648403 391.12903366330653 157.01379452088753 8.9385504805780507e-10 157.01379452088753 12.249286541477753 75.053282305350265 1.4435097985223653 7.3899607697400691e-09 9.6854843153958388e-10 0.27962085186491953
decision_type=2 2 10 8 2 2 2 8 2 2 2 2 2 2 2 2 2 2 2 2 8 2 2 2 2 2 2 8 2 2 10 2 2 2 2 8 2 2 2 2 2 2 2 2 2 2 2 2 8 2 2 2 2 2 2 2 2 2 10 2 2 2
left_child=3 -2 -3 4 -1 6 13 8 9 10 14 12 -11 19 -8 16 31 -18 -17 20 21 23 -23 24 26 -26 -5 -21 29 30 -22 -9 -20 55 35 -30 43 47 39 -39 -41 44 -43 54 45 -36 -47 -38 -46 56 -51 53 -53 -52 -37 -29 57 58 61 -60 -44 -45
right_child=1 2 -4 5 -6 -7 7 15 -10 11 -12 -13 -14 -15 -16 18 17 -19 32 27 28 22 -24 -25 25 -27 -28 33 34 -31 -32 -33 -34 -35 41 36 37 38 -40 40 -42 42 60 49 48 46 -48 -49 -50 50 51 52 -54 -55 -56 -57 -58 -59 59 -61 -62 -63
leaf_value=-0.0090688212812918365 0.077856468609892399 0.016805285571651025 0.056514517300829438 -0.0095476815511162088 0.037649950696264992 0.012896161019536001 0.034823584858985505 -0.0067530397502923731 -0.0095204758261771567 -0.0012619905458808307 -0.001539887630222541 -0.005416710318456734 0.022302104172789876 -0.010815235165540466 0.017885038287629589 -0.00096125232298664167 0.00093422795792943547 0.01702424153140834 -0.011889628654361927 -0.0096772179179466684 -0.002983826827150521 -0.0037085792907912813 0.034248136724619301 -0.012007953598360089 -0.0013726968748247897 0.015320915747778835 0.0033036243881691585 -0.0037135318201035258 -0.0058623275218583574 0.0016997243207636831 -0.011713042754460784 0.00049386214271381307 -0.0047203021151944998 -0.0064113269922220044 0.0045339621746134529 -0.0056529450431270032 0.0014114236588875428 0.018799679671333603 -0.000850987267100586 0.0076478360772307503 -0.0032327930385287365 -0.0090283967511994509 -0.0048813333163921285 0.00099777186877727337 -0.0073148282590983927 -0.0046760896641191924 0.0033267743468876239 -0.002108511992332448 -0.00069652048828588282 0.011611447113828034 -0.0012169726391833401 0.0072851014371600846 -0.00096045810194050701 -0.0060925819121492916 -0.00011645139177452843 0.00048857278563082217 -0.00062266694567920868 -0.0063921152491916398 -0.001909830030267134 -0.007249237910436932 0.00057711541247756578 -0.0018407543008806
leaf_weight=70 51 54 96 89 50 55 50 63 56 61 52 92 50 65 51 138 94 52 57 51 60 69 50 75 97 80 65 91 94 53 50 76 59 53 78 113 159 51 158 95 68 69 67 268 56 80 66 359 65 59 160 61 117 67 52 164 18979 60 392 51 68 212
leaf_count=70 51 54 96 89 50 55 50 63 56 61 52 92 50 65 51 138 94 52 57 51 60 69 50 75 97 80 65 91 94 53 50 76 59 53 78 113 159 51 158 95 68 69 67 268 56 80 66 359 65 59 160 61 117 67 52 164 18979 60 392 51 68 212
internal_value=-2.48961e-05 0.0517561 0.0424252 -0.000490611 0.0105476 -0.000545684 -0.000576782 0.00223487 0.00638536 0.00890706 0.0170416 0.0027226 0.00945682 -0.000691948 0.0265297 -0.000943632 0.00208696 0.00674174 -0.00433894 -0.000663084 -0.000624842 0.00197655 0.0123921 -0.00109923 0.00140126 0.00621612 -0.00413711 -0.0030846 -0.000686207 -0.00419264 -0.00702143 -0.00281548 -0.00831467 -0.00196518 -0.000660185 -0.000622075 -0.000598872 0.000920504 0.00362843 0.00692425 0.00311664 -0.002154 -0.00450779 -0.000664586 -0.000753185 0.000899172 -0.00106034 -0.00102743 -0.00379439 -0.000638104 0.00091355 -0.00066967 0.00189018 -0.00267644 -0.00391932 -0.00101965 -0.000674214 -0.00166781 -0.00135412 -0.00253947 -0.00214787 -0.000257131
internal_weight=24563 201 150 24362 120 24242 24187 951 412 356 153 203 111 23236 101 539 285 146 254 23171 22812 525 119 406 331 177 154 359 22287 163 110 139 116 308 22124 21575 21481 890 372 214 163 549 204 20591 345 224 146 518 121 20426 464 405 178 227 165 255 19962 983 923 443 135 480
internal_count=24563 201 150 24362 120 24242 24187 951 412 356 153 203 111 23236 101 539 285 146 254 23171 22812 525 119 406 331 177 154 359 22287 163 110 139 116 308 22124 21575 21481 890 372 214 163 549 204 20591 345 224 146 518 121 20426 464 405 178 227 165 255 19962 983 923 443 135 480
is_linear=0
shrinkage=0.03


Tree=69
num_leaves=63
num_cat=0
split_feature=10 2 4 20 13 12 2 13 10 21 13 20 1 20 4 13 5 12 12 13 13 12 20 8 12 20 15 15 15 1 20 9 12 2 13 21 20 21 20 0 12 20 15 20 1 21 8 13 20 12 21 12 9 5 13 20 5 9 9 13 15 2
split_gain=378.203 80.7444 74.7552 27.5858 37.5201 10.1558 22.8166 7.2732 6.83874 6.31954 13.5278 35.3801 13.1 10.4863 6.87768 4.52739 4.37142 8.03133 18.4322 3.85844 25.5788 10.8411 19.275 3.05551 2.71317 2.44128 2.13535 1.86506 2.18433 4.48064 6.17612 3.16979 1.74442 1.75829 3.16925 2.18125 9.85347 2.16563 6.41594 1.74043 1.71383 5.12988 1.66967 5.43992 5.74638 2.71787 2.66113 2.22098 1.97047 2.81628 2.74387 1.8864 1.51848 1.37663 1.89503 1.36194 1.31988 1.2604 2.37213 1.21367 1.39278 1.74763
threshold=14.500000000000002 4.8219753565850363 25.047374025130001 0.57266716634020465 18.717810654952647 -105.79239487347543 5.5194819963875519 23.877492303173963 3.5000000000000004 0.41697579079349856 20.621442718376084 19.352189251293755 1193.1273273220252 1.2878994310186551 13.110653576167101 18.035587566945633 -15.177368120436498 -91.559779009846267 -98.077216196482411 33.174568508382855 28.995241553833555 -103.96547893710299 59.281615376810407 0.33807427359056491 -115.56509474912168 2.7049843814447656 1.6801656561740697e-07 9.3578299619449917e-08 2.8099373414590181e-08 154.57964025479853 22.785429825264053 0.33377681510594664 -128.17780681776648 5.318077129790777 13.358879132113104 0.51102115235880252 22.403976404257104 0.57413215796177408 30.904081318266055 409.41734693081605 -122.54698342879348 96.236948724377115 3.0140448538313314e-09 6.6321986571914104 9.5422600458443316 1.3992072946133203 0.026608986020591543 20.174198292622624 99.810306735100369 -119.14471173462414 2.5164095287457751 -106.12707172905148 0.43019389707767935 40.810631668732555 16.556068428451663 51.181998212397907 9.5746246698393502 0.32358307617307541 0.15517182133508992 18.391498242888932 1.5602526418108978e-08 4.8677255226320773
decision_type=2 2 2 8 2 2 2 2 2 8 2 8 2 8 2 2 2 2 2 2 2 2 8 2 2 8 2 2 2 2 8 2 2 2 2 8 8 8 8 2 2 8 2 8 2 10 2 2 8 2 8 2 2 2 2 8 2 2 2 2 2 2
left_child=3 -2 -3 4 -1 8 7 -7 23 10 11 -5 13 14 -12 -13 -9 18 -18 20 21 57 -23 -6 -21 -26 27 28 32 31 -31 -30 -11 34 -34 36 -35 38 -36 -37 41 -41 47 -44 -45 51 -47 -39 49 50 -49 -46 55 54 -48 -53 -27 58 -15 -56 -61 -62
right_child=1 2 -4 9 5 6 -8 16 -10 26 12 15 -14 19 -16 -17 17 -19 -20 24 -22 22 -24 -25 25 56 -28 -29 29 30 -32 -33 33 35 37 39 -38 42 -40 40 -42 -43 43 44 45 46 53 48 -50 -51 -52 52 -54 -55 59 -57 -58 -59 -60 60 61 -63
leaf_value=0.022742258214052527 0.006675819769194017 0.031053092918568288 0.071513733451028128 0.02179139752751752 -0.0022542142221017888 0.011285561127976204 0.023277428764018362 -0.0047479721380683081 -0.011669337569312615 -0.0049485153850050171 -0.016585946508235389 -0.0080319373686576177 0.012781322527144636 -0.0075083171238847926 -0.0031080772253243545 0.0033044756983872502 -0.0014962517780950293 -0.0045034710616551196 0.021486522342736583 0.0048297991255379239 0.022465513778599695 0.020223607821557518 -0.0033742438283699905 0.0064092332538631227 -0.0057623738065938753 -0.0016620707047598476 -0.0054020473926108988 0.0048808259239674287 -0.0015815963403491133 -0.013967020461956659 -0.0027950349110760727 0.0075699501625226366 0.0052631656172722474 -0.014946047399708833 0.011700859588376312 -0.0052360290801880174 -0.00045435482750718411 -0.0067938701216792192 -0.00056294677778454829 0.0096411933185190039 -0.00077301743620116924 -0.0036350711083147098 0.0073421001800124935 0.0089934694371749495 0.0016107537762652482 0.0065846616310009263 0.0059807438738775911 -0.01081475677078261 -6.1126950766738855e-05 -0.0009011796977324661 -0.0019628765749580722 -0.0054440149100448343 -0.0079349077490713585 -0.0029245839822144549 -0.0030133395665562805 -0.0011902492963927216 0.0015345817138298771 -0.0087643965306740835 0.00081252194453208218 9.739143755429426e-05 -0.00015494808205403386 0.0076579437884860303
leaf_weight=96 55 99 73 96 113 71 55 92 54 82 53 62 69 60 94 63 79 78 51 68 51 52 75 53 98 358 84 54 98 53 259 51 91 53 52 77 194 51 139 52 11777 51 95 61 92 59 52 50 3446 3357 84 94 51 120 97 239 171 56 62 865 51 51
leaf_count=96 55 99 73 96 113 71 55 92 54 82 53 62 69 60 94 63 79 78 51 68 51 52 75 53 98 358 84 54 98 53 259 51 91 53 52 77 194 51 139 52 11777 51 95 61 92 59 52 50 3446 3357 84 94 51 120 97 239 171 56 62 865 51 51
internal_value=-2.47785e-05 0.0384701 0.0485395 -0.000348824 0.00534275 0.00272591 0.00542473 0.00272264 -0.00250088 -0.000528217 0.00136353 0.00819477 0.000166448 -0.000570172 -0.00804668 -0.0023375 0.000665327 0.00307093 0.00761526 0.000482198 0.00301744 -0.000297322 0.00637038 0.000533642 -0.0008189 -0.00143823 -0.000655749 -0.00063738 -0.000651181 -0.00269236 -0.0047314 0.0015804 -0.000607257 -0.000590393 -0.000277109 -0.000826443 -0.00361164 -0.000333047 0.00281944 -0.000768611 -0.000739217 0.00309576 -0.000400896 0.000380785 1.59917e-05 -0.000298128 0.00041464 -0.000616475 -0.000570087 -0.00107232 -0.00532146 -0.00223408 -0.00315703 0.000115032 0.000444198 -0.00240372 -0.000627803 -0.00506363 -0.00330747 0.000168253 0.000490183 0.00378792
internal_weight=24539 227 172 24312 742 646 426 371 220 23570 1488 221 1267 1198 147 125 300 208 130 1051 356 305 127 166 695 627 22082 21998 21944 461 312 149 21483 21401 9197 12204 247 9106 191 11957 11880 103 8915 1927 1832 1771 1295 6988 6937 3491 134 476 384 1236 1116 333 529 178 122 1064 967 102
internal_count=24539 227 172 24312 742 646 426 371 220 23570 1488 221 1267 1198 147 125 300 208 130 1051 356 305 127 166 695 627 22082 21998 21944 461 312 149 21483 21401 9197 12204 247 9106 191 11957 11880 103 8915 1927 1832 1771 1295 6988 6937 3491 134 476 384 1236 1116 333 529 178 122 1064 967 102
is_linear=0
shrinkage=0.03


Tree=70
num_leaves=63
num_cat=0
split_feature=13 14 20 13 3 4 1 13 5 8 4 13 0 12 8 5 13 1 15 3 12 9 12 13 12 1 13 12 3 13 15 13 13 0 1 4 3 1 1 1 20 20 13 13 20 0 4 12 0 8 3 1 3 20 8 13 15 20 20 13 20 8
split_gain=411.591 75.1606 41.4743 68.3366 37.5144 41.5979 17.4241 37.7997 22.8342 14.1619 13.7444 9.57461 6.75225 11.044 14.0209 8.27132 6.29162 6.05957 4.90897 4.12 2.59869 4.44931 2.21093 9.62906 2.55904 3.15471 2.42602 2.49492 1.97908 1.95028 4.96412 4.02091 1.44922 2.60726 3.58502 2.85905 1.38803 1.38219 1.33022 4.23107 5.5131 2.0441 1.97893 1.59628 1.43197 6.07769 5.56149 1.12847 2.1991 1.20166 1.03195 3.9281 2.02346 4.17517 4.79802 5.27049 2.53377 2.65792 7.9688 9.94118 2.13664 1.72846
threshold=-3.5216215127893089 8.9068073327789978 2.0039493990201902 19.476696818100418 34.975947216050109 52.768466706482357 324.91480905299704 23.931513161394722 5.8629612098023509 0.057965681227446615 64.328086420278154 24.165312313685096 332.93610428853952 -100.38313267531647 0.25068251320891838 -20.699388648635171 14.936759318241387 720.03270314690815 2.3063171735382679e-07 31.471108929698705 -98.48981110121035 0.37235896011154873 -96.358187977278689 14.431198294468354 -95.977408951996793 458.33107992954257 12.592107726904347 -116.06249581155599 53.174083995775455 21.330846820358577 4.2746831639518372e-09 20.022356632199294 25.201097841236493 230.30344958361502 633.83973484436717 38.920255426934453 70.991715117796062 530.77699346608404 1093.2210965565102 1038.9999484889952 63.428086619770603 2.2921375461793154 21.527277235226787 30.64974934496593 3.5091649478297557 559.01692137798307 31.218720435640652 -85.818838730643435 131.80286702323505 0.32687713068303842 28.026889730076054 929.54083285078661 21.462984176492352 16.267337256559554 0.16683702427524774 29.642704613296093 2.1481977000317193e-08 10.811646786697301 8.3239899629552365 54.441816574598988 13.714036656288203 0.38829821334645592
decision_type=2 2 8 2 2 2 2 2 2 2 2 2 2 2 2 2 2 2 2 2 2 2 2 2 2 2 2 2 2 2 2 2 2 2 2 2 2 2 2 2 8 8 2 2 8 2 2 2 2 2 2 2 2 8 2 2 2 8 8 2 8 2
left_child=-1 2 3 4 5 -2 11 8 -8 -9 12 -5 15 17 -15 -11 -7 37 22 -19 21 -13 26 -24 25 -25 27 -4 29 30 31 -26 33 -31 35 -35 38 -14 39 41 -41 -28 -40 -44 45 46 -43 49 -49 -32 51 52 56 54 -54 -56 57 58 -46 -60 -59 -62
right_child=1 -3 18 6 -6 16 7 9 -10 10 -12 20 13 14 -16 -17 -18 19 -20 -21 -22 -23 23 24 28 -27 36 -29 -30 32 47 -33 -34 34 -36 -37 -38 -39 42 40 -42 44 43 -45 50 -47 -48 48 -50 -51 -52 -53 53 -55 55 -57 -58 60 59 -61 61 -63
leaf_value=0.061128224771131168 0.049705260984823529 0.025790612859092652 -0.0092002332755211809 -0.014411417254347919 -0.0021524030364611572 0.024099003020673991 0.026615628159092498 0.013205126178282726 0.0022313547124239532 0.0005803975469227564 0.011860415997155207 -0.0022636800768345384 -0.0010184121938302843 -0.0035343494939817379 0.015586191722941768 -0.014729664660108808 0.0093983312360277141 -0.011303390749003533 -0.007350036485586315 -0.0018129024167647949 -0.0059615051001310343 0.0072998133450746534 0.011764700498783455 0.0008684960588701625 -0.012325752492257352 0.0095910334277253297 -0.0061410752701226926 -0.0010620828424075276 0.0044954607610336759 -0.0011156269497601542 -0.003714823566048066 -0.0012413630458629793 -0.00034178993335823397 -0.00028921728919646363 0.010456694009212347 0.0077881030600446344 -0.0043905708061841627 0.0051996012575857868 0.002350848623198168 0.012471436100518879 -0.00088048032550666958 -0.0011405402613588822 -0.0069722488164328609 -0.0019166138383948448 -0.0011749252821448076 -0.0052966403187467495 0.012165288985485122 -0.0013215565741993486 0.005284209597827101 0.0013167198793235001 -0.00041966734472754244 -0.0071578581402931109 0.0012486623040369102 -0.0011713163312491403 -0.016149814425493184 -0.0042283667691368999 -0.0039386915073715426 -0.0043324388641534945 0.018492469298927224 0.00010291685882423605 -0.00076758994054660626 0.00047249676468805245
leaf_weight=98 51 99 60 60 50 53 96 80 54 58 75 161 75 62 76 69 55 90 95 76 80 59 61 133 66 51 60 77 76 204 129 53 3545 163 51 51 89 55 57 50 61 51 90 150 205 64 62 119 72 63 8072 88 64 2424 52 93 190 132 50 55 4454 1308
leaf_count=98 51 99 60 60 50 53 96 80 54 58 75 161 75 62 76 69 55 90 95 76 80 59 61 133 66 51 60 77 76 204 129 53 3545 163 51 51 89 55 57 50 61 51 90 150 205 64 62 119 72 63 8072 88 64 2424 52 93 190 132 50 55 4454 1308
internal_value=-2.90536e-05 -0.000164879 -0.000271134 0.00467515 0.0204884 0.027577 0.00196492 0.00426951 0.0179102 0.00139083 -0.000113646 -0.00357536 -0.00173271 5.29863e-05 0.00703218 -0.00778776 0.0167675 -0.00321355 -0.000580063 -0.00699522 -0.00136747 0.000322501 -0.000551652 1.79673e-05 -0.000134496 0.00332493 -0.000704223 -0.00466708 -0.000273807 -0.000355047 -0.00211601 -0.00744049 -0.000134344 0.00143105 0.00338834 0.00166302 -0.000673669 0.0016319 -0.000654873 -0.000621055 0.00519155 -0.00065838 -0.00264273 -0.00383354 -0.000639082 0.00203833 0.00620268 -0.000446605 0.00118313 -0.00206558 -0.000666772 -0.000885532 -0.0008236 -0.00152342 -0.00558211 -0.00858498 -0.000535227 -0.000430376 0.00227281 0.00895169 -0.000572914 -0.000486052
internal_weight=24622 24524 24425 1435 209 159 1226 866 150 716 636 360 561 434 138 127 108 296 22990 166 300 220 22895 4837 4776 184 18058 137 4592 4516 502 119 4014 469 265 214 17921 130 17832 17535 111 17424 297 240 17364 177 113 383 191 192 17187 9115 9027 2633 209 145 6394 6204 310 105 5894 5762
internal_count=24622 24524 24425 1435 209 159 1226 866 150 716 636 360 561 434 138 127 108 296 22990 166 300 220 22895 4837 4776 184 18058 137 4592 4516 502 119 4014 469 265 214 17921 130 17832 17535 111 17424 297 240 17364 177 113 383 191 192 17187 9115 9027 2633 209 145 6394 6204 310 105 5894 5762
is_linear=0
shrinkage=0.03


Tree=71
num_leaves=63
num_cat=0
split_feature=14 7 20 17 15 1 0 9 7 7 21 0 6 21 6 1 12 4 0 21 1 6 0 0 0 11 15 17 1 21 9 21 15 6 20 12 20 21 0 0 7 4 7 7 9 6 9 6 7 20 17 1 12 21 0 17 17 1 7 9 20 7
split_gain=406.835 113.507 35.7216 34.738 31.5477 44.0718 24.7054 26.0715 16.2102 13.0775 12.4771 8.5562 8.43773 7.77878 8.30081 21.6819 17.1766 9.67454 9.73932 6.31052 5.83492 6.01449 3.83313 3.60943 5.58214 2.68766 11.6409 11.1529 3.63847 2.67138 6.25757 5.00814 10.307 2.07511 2.91567 2.03169 1.81978 12.266 5.30029 1.85216 1.75882 1.70387 1.68536 1.64413 2.62547 1.96581 4.40136 2.67682 3.14668 2.17594 1.76629 2.69765 1.65337 1.6097 1.44755 1.43848 10.5108 1.58428 1.96939 1.86613 3.2078 1.62571
threshold=6.9404497170629975 -0.14835280910264934 2.0039493990201902 8.2190875778834549 3.775628704194183e-09 1093.2210965565102 512.52217766927708 0.36853420016226718 0.027009487135792657 -0.3782786077858073 0.025924569724350303 262.99895113538054 0.053407822088009878 0.011303803562451703 -0.061382322411134053 865.47141884479663 -102.36233642460553 40.17549939390171 410.70634320376155 0.031908323497307108 969.28967126211012 -0.080581118254446346 349.53958016596658 431.14047476643208 505.3366547611941 -117.1756960903105 9.3578299619449917e-08 3.5996460362470075 12.249286541477753 0.059577513970665803 0.21564250339284821 0.13122009026230202 2.1398204800936786e-10 0.29169390903349163 36.752434567904459 -98.623735676568785 6.6321986571914104 0.59057975471497359 233.95258875402953 310.89938261630806 0.36064676385691202 39.515550523673163 -0.021019694881747594 0.34890454693160461 0.42576594753179192 -0.13691021121705124 0.064389512648560313 -0.23933971739789325 -0.041185520331126206 10.811646786697301 1.0000000180025095e-35 530.77699346608404 -123.53871274105298 3.0561375093399903 488.2841751133106 3.2186075131950806 3.0216074610195807 477.90580440536058 -0.45451177793344749 0.034501946008663971 32.845560383311103 0.42111948603034938
decision_type=2 2 8 2 2 2 2 2 2 2 8 2 2 8 2 2 2 2 2 8 2 2 2 2 2 2 2 2 2 8 2 8 2 2 8 2 8 8 2 2 2 2 2 2 2 2 2 2 2 10 2 2 2 8 2 2 2 2 2 2 8 2
left_child=2 -2 4 25 9 6 7 8 12 10 -1 -11 -6 20 17 22 -17 19 -19 -15 21 -13 -16 -24 -25 27 29 28 -4 30 -27 32 42 43 -35 -21 37 -33 -39 -40 41 -41 -31 45 -45 47 -47 49 -49 -30 51 -48 -51 -36 -43 56 57 58 -38 60 -59 -61
right_child=1 -3 3 -5 5 -7 -8 -9 -10 11 -12 13 -14 14 15 16 -18 18 -20 35 -22 -23 23 24 -26 26 -28 -29 33 31 -32 36 -34 34 53 -37 55 38 39 40 -42 54 -44 44 -46 46 50 48 -50 52 -52 -53 -54 -55 -56 -57 -58 59 -60 61 -62 -63
leaf_value=0.021496854789047077 0.016104279287159445 0.071724653986536643 -0.0090449995089312441 0.020572104244027285 0.0071208821970128238 0.035092001794303052 -0.0062596986220961204 0.030857817733765773 0.017881429055322931 0.0088807709017938025 0.0023640372640859912 0.0059660410526423497 -0.0093529682957074218 -0.014104858874343335 -0.0077448293184914458 0.002011437116957763 0.025687768923911083 0.013952928148926451 -0.0045224916014258805 0.00047633781509062685 -0.013339361931945456 -0.0067081315753330269 0.0063402853453207123 -0.0090833378413861451 0.0037756878947702182 -0.012601449442733248 0.010021586646474501 -0.015519283178907172 -0.0056388367692166014 -0.0052576768613289459 0.0019449463597670223 0.014823269526076264 0.011260305669197102 0.0074340671371962673 -0.0032540310062573884 -0.0072582216197898718 -0.0021421594882963732 0.0089505036823752833 -0.0055130114460265941 -0.0025739083279417282 0.0046341296999404822 -0.0011166213823948054 0.0019480111766865269 -0.0083963071942112447 -0.0010145708190111239 -0.009787471170067355 -0.00091019870496457454 -0.00029008434830053199 0.009698335862672396 0.0047018669884340142 0.0029506632904647973 -0.0085099999742198947 -0.0011498768306968156 0.0024523620939192674 0.0052322934528714737 -0.002427268910098675 0.012158506857487173 -0.0088186246296490557 -0.00040436280888391901 -0.0007560587500600915 -0.0016915461319851977 -0.0026417186835263908
leaf_weight=54 54 87 52 69 61 60 88 52 72 97 70 51 50 65 54 50 61 51 50 76 60 95 75 54 67 52 93 51 70 63 53 52 96 56 87 50 611 50 75 254 53 74 53 76 100 62 241 61 52 58 73 50 164 89 56 392 57 72 14364 4329 260 454
leaf_count=54 54 87 52 69 61 60 88 52 72 97 70 51 50 65 54 50 61 51 50 76 60 95 75 54 67 52 93 51 70 63 53 52 96 56 87 50 611 50 75 254 53 74 53 76 100 62 241 61 52 58 73 50 164 89 56 392 57 72 14364 4329 260 454
internal_value=-2.23266e-05 0.0506867 -0.000239935 -0.000529451 0.0043037 0.0116896 0.0072475 0.0123106 0.00690129 0.00167606 0.0108014 0.000482388 -0.000317024 -0.000475198 0.00112963 0.00416653 0.0151359 -0.0026263 0.00485201 -0.00658548 -0.00554322 -0.00227038 -0.000744784 0.00121332 -0.00199047 -0.000593914 -0.000512786 -0.0018961 -0.00134633 -0.000558882 -0.0053099 -0.000535285 0.00404202 -0.00101619 0.00153691 -0.00262592 -0.000581349 0.00102685 -0.000273753 -0.00119025 -0.000437465 -0.00114767 -0.00197691 -0.00160533 -0.00423157 -0.0010447 -0.00246496 0.0004516 0.00435111 -0.00106716 -0.00119433 -0.00224068 0.000393186 -0.00037086 0.00163736 -0.000629473 -0.000594374 -0.00063116 -0.000475406 -0.00108698 -0.00325902 -0.000935559
internal_weight=24578 141 24437 22974 1463 383 323 235 183 1080 124 956 111 859 653 361 111 292 101 191 206 146 250 196 121 22905 21563 1342 1291 21470 105 21365 212 1239 232 126 21153 614 562 512 437 384 116 1007 176 831 426 405 113 292 364 291 222 176 130 20539 20147 20090 14975 5115 332 4783
internal_count=24578 141 24437 22974 1463 383 323 235 183 1080 124 956 111 859 653 361 111 292 101 191 206 146 250 196 121 22905 21563 1342 1291 21470 105 21365 212 1239 232 126 21153 614 562 512 437 384 116 1007 176 831 426 405 113 292 364 291 222 176 130 20539 20147 20090 14975 5115 332 4783
is_linear=0
shrinkage=0.03


Tree=72
num_leaves=63
num_cat=0
split_feature=14 6 17 20 15 12 19 15 1 1 3 10 3 12 1 3 5 15 3 7 6 3 20 20 10 12 1 1 3 1 7 19 7 12 17 3 12 6 3 6 12 1 1 20 1 1 15 3 20 12 20 6 20 20 1 10 12 19 12 5 5 4
split_gain=308.486 79.3664 45.0683 40.1365 24.9271 35.3782 37.5804 24.2365 18.4752 21.0433 18.741 15.1413 10.0387 9.75126 14.9341 12.3984 9.73647 2.93434 4.71087 2.41032 1.93404 2.70693 2.69601 1.8666 5.40088 15.6539 6.06787 6.23566 4.23489 3.91625 3.14437 3.0473 6.78286 1.95662 2.86391 1.92047 1.98259 1.85234 1.49555 1.56179 3.38557 2.04247 1.49149 1.42457 1.22324 1.2178 2.04395 7.45323 1.95776 4.17273 3.77884 1.53134 1.74383 4.61708 5.22735 1.79396 1.94807 1.6759 1.70692 1.53672 2.07879 1.63282
threshold=8.6782079256889961 0.16527663011617746 8.2190875778834549 1.7925050432673102 1.6298327266671608e-09 -109.47580089851049 2.5000000000000004 6.8605076709438951e-09 991.84394670890504 415.93219833120503 18.198428345230202 6.5000000000000009 3.3135101783186802 -96.183868907156025 433.45230810734159 17.147342795953104 32.224978683628713 7.9409338805090669e-23 23.973276449254005 0.35710494060606163 -0.11165434033707732 30.808358781307302 0.57266716634020465 10.811646786697301 3.5000000000000004 -104.13368732271026 909.82836450838306 789.30510954328508 36.660617641938607 351.10570062717454 0.43972924597907564 2.5000000000000004 0.075309247247047587 -119.14471173462414 0.20969265970808651 55.147574396888864 -99.539425033857029 -0.33362949229552269 70.991715117796062 -0.13263448259777985 -124.63894669376059 488.21567096796304 15.043486661636253 56.363932116127963 164.69493170472052 243.98912324703352 2.8099373414590181e-08 9.2475016368712168 13.714036656288203 -108.18404325768948 12.347912724316052 0.4600203530272014 40.27725327383331 37.727665497193051 647.04402261877658 2.5000000000000004 -102.98940403816049 2.5000000000000004 -95.582267856589027 -26.695148765365641 -15.177368120436498 -3.4762528919411495
decision_type=2 2 2 8 2 2 2 2 2 2 2 2 2 2 2 2 2 2 2 2 2 2 8 8 2 2 2 2 2 2 2 2 2 2 2 2 2 2 2 2 2 2 2 8 2 2 2 2 8 2 8 2 10 10 2 2 2 2 2 2 2 2
left_child=2 -2 3 4 12 16 7 8 9 -7 -11 23 -1 17 -15 -16 -6 19 -19 20 37 22 -22 24 26 28 27 30 29 -26 31 32 -5 34 38 45 42 -14 39 40 -25 43 -37 -41 -42 -35 48 -48 49 -47 -51 52 53 59 -55 -54 -57 58 -58 61 -61 -50
right_child=1 -3 -4 11 5 6 -8 -9 -10 10 -12 -13 13 14 15 -17 -18 18 -20 -21 21 -23 -24 33 25 -27 -28 -29 -30 -31 -32 -33 -34 35 -36 36 -38 -39 -40 41 44 -43 -44 -45 -46 46 47 -49 51 50 -52 -53 55 54 -56 56 57 -59 -60 60 -62 -63
leaf_value=0.011752436458762252 0.065022752222945332 0.018027132983993867 0.022754240040123077 -0.0010937250684754881 -0.0063162941768251614 0.024237700618194559 -0.0067939342046847125 0.034197245194748239 0.027278022517051016 0.014040731162051944 -0.011097839943000247 -0.013399423540246149 0.0016790670296940647 -0.0058025121566606681 0.019692947919431485 0.0020269292443370669 0.0083352320605800268 -0.012491715228940659 -0.00051386524097966576 -0.0060196348556057835 0.0097153382186613759 -0.0010994826610726508 0.00036165609955787656 0.0065114208169813666 0.00052703973005498899 0.014523489568433672 -0.0087111670235554637 0.010361629182723566 0.005922825079411268 -0.010184972245684442 -0.0068363695363363912 -0.00059291014528114615 0.011983423278019842 -0.00031160274086829273 -0.0071808541261829256 -0.0039930543138255031 0.0050802204072181332 -0.0052177650479218324 -0.0055858681334749515 -0.0039136154256014712 -0.0042896388612765199 -0.0066188912271094077 0.0009206222977440852 0.00032130078245245385 0.00066759219682704994 -0.010157934771407218 0.012134258828728513 -0.00083040871770682977 -0.00025725224110832875 -0.0051980524703577292 0.0036744592068716883 -0.0026628297913407427 -0.0006669926116165708 0.0011782519953827963 0.012626825723358813 -0.0010845357409736153 -0.0078827902670323014 -0.0018252475174404385 -0.0030249254890825903 -0.002569269092458676 -0.00041169680642063933 0.00271739863865766
leaf_weight=77 77 57 76 90 115 51 58 75 69 50 55 81 60 66 75 68 62 52 67 60 60 114 51 69 77 90 72 51 59 50 61 805 58 9738 85 61 94 82 68 106 71 73 538 215 118 62 50 183 469 93 79 373 3530 122 50 1152 106 378 172 472 2678 256
leaf_count=77 77 57 76 90 115 51 58 75 69 50 55 81 60 66 75 68 62 52 67 60 60 114 51 69 77 90 72 51 59 50 61 805 58 9738 85 61 94 82 68 106 71 73 538 215 118 62 50 183 469 93 79 373 3530 122 50 1152 106 378 172 472 2678 256
internal_value=-1.46873e-05 0.0453137 -0.000161047 -0.000233584 0.00475847 0.0098041 0.0152161 0.0194798 0.0144443 0.00863031 0.000892436 -0.000531062 0.00150611 0.000446961 0.00594168 0.0113647 -0.00116613 -0.00166335 -0.00580836 -0.000497308 0.000419429 0.00214602 0.0054593 -0.00048491 0.000570951 0.00432737 -0.0003439 0.000229416 -0.000657513 -0.00373691 -0.000289899 0.000135857 0.00407713 -0.000554451 -0.00200464 -0.000497841 0.0010537 -0.00231225 -0.00138445 -0.000938384 0.000874089 -0.00212444 0.00041441 -0.00108496 -0.00120742 -0.000551751 -0.000780409 0.00199168 -0.000845243 -0.00355153 -0.0011252 -0.000779988 -0.00070488 -0.000235139 0.00456008 -0.0010609 -0.00182919 -0.00313324 -0.00489882 -0.000449107 -0.000735703 0.000795403
internal_weight=24532 134 24398 24322 1367 535 358 300 225 156 105 22955 832 755 209 143 177 546 119 427 367 225 111 22874 1413 276 1137 1065 186 127 1014 953 148 21461 805 20656 693 142 720 652 258 394 599 321 189 19963 10225 233 9992 234 172 9758 9385 4047 172 5338 1808 656 278 3875 3150 725
internal_count=24532 134 24398 24322 1367 535 358 300 225 156 105 22955 832 755 209 143 177 546 119 427 367 225 111 22874 1413 276 1137 1065 186 127 1014 953 148 21461 805 20656 693 142 720 652 258 394 599 321 189 19963 10225 233 9992 234 172 9758 9385 4047 172 5338 1808 656 278 3875 3150 725
is_linear=0
shrinkage=0.03


Tree=73
num_leaves=63
num_cat=0
split_feature=14 7 16 20 21 12 16 1 8 5 21 7 12 12 12 21 6 8 2 8 21 7 21 6 20 0 5 21 1 1 12 12 20 21 9 20 1 21 6 12 21 20 20 8 7 6 12 5 1 1 5 12 1 12 8 1 5 21 5 6 7 6
split_gain=433.325 100.218 24.0954 23.4325 26.7371 28.3212 22.8781 17.0828 30.323 13.7857 18.6876 15.108 11.894 11.562 12.089 8.75238 4.72884 4.9358 4.14097 4.10806 2.57627 2.38804 1.73971 3.24827 2.4481 2.52083 1.73749 1.54828 4.89857 2.16955 2.38763 6.0544 5.88175 2.88167 2.76024 3.58396 2.23951 2.01487 16.5199 1.97488 5.15278 3.37281 1.86851 1.51575 1.9106 1.4895 1.44297 4.30491 1.9627 1.59047 2.04684 1.43345 1.36314 5.65778 3.73724 1.74539 1.64545 1.44678 1.78301 1.43935 1.35665 1.32377
threshold=8.9068073327789978 -0.025246661063717198 41.48643621330298 3.5091649478297557 0.77329550501624056 -111.09095220647049 1.0305959579886638e-06 222.77193614197853 0.051811491860300991 29.448304395844954 0.028814196311226805 0.11973804021551972 -100.98342210097569 -99.056364498847799 -102.98940403816049 0.014996265382266002 -0.22348446334994795 0.20739983472699833 4.9003036243604665 0.27164432966009949 0.059577513970665803 0.26392443158605006 1.4235683996452002 0.12768705078706691 0.99319722208100114 458.56302180646952 2.7373231557226529 0.13122009026230202 824.50999647408014 929.54083285078661 -102.45538046410174 -108.02442962227799 27.068222689366653 0.76101955513146213 0.26907516395870607 27.967344684326452 991.84394670890504 0.41697579079349856 0.32192096583321556 -96.867717716302209 0.43447714323152203 6.6321986571914104 58.121631973914951 0.32282197575898042 0.011581815072471803 0.069483510425877984 -95.788890942309365 18.023722622784856 498.6201508432776 320.38917523516358 -4.0586255165901983 -115.79548854263386 9.5422600458443316 -114.94426042958814 0.44516169675786804 10.964348018822653 16.479869090528602 1.4435097985223653 0.97559290295900081 -0.019205464640873689 -0.48744233270587672 0.12768705078706691
decision_type=2 2 2 8 8 2 2 2 2 2 8 2 2 2 2 8 2 2 2 2 8 2 8 2 8 2 2 8 2 2 2 2 10 8 2 8 2 8 2 2 8 8 8 2 2 2 2 2 2 2 2 2 2 2 2 2 2 10 2 2 2 2
left_child=2 -2 3 4 5 16 7 26 -9 10 12 -12 19 14 22 -14 -1 51 -15 -10 -5 -20 23 -6 -24 -26 -7 28 61 37 31 33 -33 -31 35 -32 -35 38 43 40 -39 -41 -36 -29 -45 -44 47 48 49 50 -43 -18 53 -42 56 -54 57 58 59 -55 -48 -22
right_child=1 -3 -4 20 13 6 -8 8 9 -11 11 -13 15 18 -16 -17 17 -19 21 -21 27 -23 24 -25 25 -27 -28 29 -30 30 34 32 -34 36 42 -37 -38 39 -40 41 52 46 45 44 -46 -47 60 -49 -50 -51 -52 -53 55 54 -56 -57 -58 -59 -60 -61 -62 -63
leaf_value=-0.0090285334383992284 0.02670608162821736 0.079858140973100317 0.014870399711947691 -0.0059663525696809156 0.004311892732769545 -0.006963453206491976 0.024715475429594513 0.029335752748731583 -0.011409251190538346 0.017304302120501231 0.0059589553305879235 0.025432677070953341 0.012442699026096196 -0.014627507124160831 0.010472540633234474 -0.0014909025913584627 -0.0077307282047919361 0.0058014744771160663 -0.0074669273907564714 -0.00063573144881402029 -0.0037086185223112501 0.00047760182662921785 -0.0077918448228289578 -0.0046053556514088993 0.0034622368895478785 -0.0051647720151231629 0.00048232515704714582 -0.0017815936178037499 0.0075136543342589658 -0.0086195643425488206 -0.011909716067973697 0.012437718131524675 0.0005449259346744544 0.0031402421357448803 0.0024914109141432814 -0.0035108436870476155 -0.0034373041570081183 -0.010100181780510935 0.012724169596637549 0.005572800897357363 -0.011285711726070279 -0.0014062822337661471 -0.00068595608085161072 0.0061622806760397823 -0.0016863490887427408 -0.0066719401564689414 -0.0050868012735512677 0.0075495028434061379 0.0043173427307219422 -0.0046042376863357571 0.00476001932695786 -0.00076776689091015481 0.0040442691138652086 0.0021705369828712373 0.0061681698716098531 -0.00060603095971898259 -0.0041147448535148916 -0.0028826520005426066 0.00482668977316869 -0.0041487342981721964 -0.0002085434067548814 0.0021393885208587896
leaf_weight=72 63 67 94 77 94 59 74 60 70 95 99 56 82 53 96 79 51 76 105 58 89 50 71 59 61 59 53 394 87 66 61 50 141 65 83 180 158 51 94 96 53 174 95 54 56 61 51 85 80 78 66 55 72 62 56 15387 194 150 70 66 3870 56
leaf_count=72 63 67 94 77 94 59 74 60 70 95 99 56 82 53 96 79 51 76 105 58 89 50 71 59 61 59 53 394 87 66 61 50 141 65 83 180 158 51 94 96 53 174 95 54 56 61 51 85 80 78 66 55 72 62 56 15387 194 150 70 66 3870 56
internal_value=-1.1905e-05 0.0545003 -0.000208755 -0.000267902 0.00314134 0.00612182 0.00893646 0.00726179 0.00927026 0.00698644 0.00474487 0.0131126 0.000227265 -0.00163963 0.0011177 0.00563871 -0.00257789 9.40285e-06 -0.00744987 -0.00657027 -0.00052333 -0.00491754 -0.00151574 0.000865639 -0.00341792 -0.000787005 -0.00346692 -0.000504397 0.00192863 -0.000529887 -0.00192423 -0.000426368 0.00370679 -0.00316133 -0.00341808 -0.00567713 -0.00151462 -0.000466835 0.00124853 -0.000516542 -0.000671303 3.92859e-05 -0.00112597 -0.000912725 0.00218742 -0.00305422 -8.25735e-05 0.00146291 0.000147348 -0.000911953 0.000302166 -0.00415881 -0.000640829 -0.0019847 -0.0011429 -0.000584112 -0.00190825 -0.000669934 0.00101243 -0.00109474 -0.000273275 -0.00145089
internal_weight=24439 130 24309 24215 1687 1039 785 711 599 539 444 155 289 648 440 161 254 182 208 128 22528 155 344 153 191 120 112 22451 232 22219 960 480 191 289 480 241 223 21259 598 20661 16161 4500 239 504 110 156 4404 483 398 318 240 106 16110 651 598 15459 542 348 198 128 3921 145
internal_count=24439 130 24309 24215 1687 1039 785 711 599 539 444 155 289 648 440 161 254 182 208 128 22528 155 344 153 191 120 112 22451 232 22219 960 480 191 289 480 241 223 21259 598 20661 16161 4500 239 504 110 156 4404 483 398 318 240 106 16110 651 598 15459 542 348 198 128 3921 145
is_linear=0
shrinkage=0.03


Tree=74
num_leaves=63
num_cat=0
split_feature=16 21 21 0 3 2 3 16 7 13 15 3 2 21 9 3 13 21 3 2 13 13 21 15 3 15 1 13 21 21 7 4 9 9 1 3 15 7 4 12 21 2 21 11 21 21 7 13 3 9 21 4 9 15 13 7 4 1 12 11 4 1
split_gain=522.609 64.445 17.3642 44.2624 11.8858 41.238 11.3419 8.66815 5.91262 14.3196 7.89995 6.58749 3.09682 2.2907 2.26289 2.02001 1.99119 17.5899 30.7443 3.07661 2.01716 2.179 1.69074 4.69608 2.41064 2.0364 2.03175 1.6742 7.03444 2.73897 2.04478 2.47932 2.35849 1.83105 2.3187 4.57693 1.3546 1.21596 1.20605 1.262 1.19153 1.18975 1.16501 1.3236 1.16392 1.10292 1.10058 2.01704 1.0901 1.01282 3.27824 1.78383 1.25745 3.76745 0.892146 0.881534 0.880163 3.39942 2.07739 1.44112 1.10139 2.79673
threshold=47.860899604728189 2.3194840576396354 0.031908323497307108 255.06403753753102 16.936621753108152 5.4215472418985895 9.2475016368712168 19.337747128949825 -0.089066871611033868 22.131681037586237 2.302777510054716e-09 26.680934658611502 5.4489801382655303 0.018830733328088902 0.18065653393890366 -0.9409484718192519 17.774181957564753 0.74963532101026853 20.480497002503352 4.3956891713831556 18.035587566945633 18.296829066588433 1.7249803145324101 6.2331850894483523e-09 15.555530749449902 6.2963367089940129e-09 359.70343467763655 20.550213609132204 0.36715599833097856 0.74963532101026853 -0.18739887608636072 54.126389085138058 0.042433154842991712 0.43913251903445866 530.77699346608404 18.042053619478704 1.2374862347555238e-08 -0.041185520331126206 75.972147171729759 -113.08051085015229 1.8120336287611702 5.3694652874316562 1.876199333143665 -112.06799401544649 0.036504684508943612 2.5164095287457751 -0.44621418317063627 22.223829379635209 38.090626033657152 0.012352936574298036 0.77329550501624056 -0.8554337352931588 0.017888656150826247 8.5318927228541295e-10 45.601337942202939 -0.0084979542053988926 -12.371441533010449 880.35055753992367 -124.63894669376059 -125.11271900860798 33.897999867497056 1015.5159270254002
decision_type=2 10 8 2 2 2 2 2 2 2 2 2 2 8 2 2 2 8 2 2 2 2 8 2 2 2 2 2 8 8 2 2 2 2 2 2 2 2 2 2 8 2 8 2 8 8 2 2 2 2 8 2 2 2 2 2 2 2 2 2 2 2
left_child=2 -2 3 -1 5 6 -5 15 10 -10 12 -11 -6 14 -13 -4 17 18 -17 -19 -18 -22 23 -21 -25 -24 36 28 -23 -30 31 40 -32 34 42 -36 -27 -28 39 -38 -31 48 -34 -44 -29 -39 47 -46 -26 50 -48 -52 53 -51 -49 -53 57 58 -54 -58 -61 -62
right_child=1 -3 7 4 8 -7 -8 -9 9 11 -12 13 -14 -15 -16 16 20 19 -20 22 21 27 25 24 41 26 37 44 29 30 32 -33 33 -35 35 -37 38 45 -40 -41 -42 -43 43 -45 46 -47 49 54 -50 52 51 55 56 -55 -56 -57 59 -59 -60 60 61 -63
leaf_value=0.028359870858566276 0.030589469021546061 0.066536298975348476 -0.0063390616327524182 -0.0077569246397488122 0.0048193712981883432 0.025472571920458369 0.0076645706439173057 0.011490598556605012 0.015155041364687977 -0.010278542123148859 -0.012303837014792056 -0.005203852452901437 -0.0051325452682685182 0.006476188887249339 0.0032892627746332437 0.027849490944707733 -0.0053173975184283876 0.0041966076016030978 3.5493092992692255e-05 0.0085853897313623185 0.0046735545928576882 -0.011844177527503125 -0.0081318878464619899 0.0046340674802880077 -0.006902275350971836 0.0040759554753329952 -0.0013081902482393961 0.0035377581737425531 0.0037280264705599796 -0.008224105187947606 -0.0065907232723215461 0.00099151265793549488 0.0012141945439636216 -0.0047176546177498113 -0.0018402310264381493 0.010371732985866921 0.0028917193998183521 -0.0096898228302597991 -0.0039307650202794059 -0.002235146991063558 -0.0033213379727901832 -0.00010713320999995482 0.0018448168088523846 -0.0037329867981108168 0.0036949797895613301 -0.0033178707014988448 -0.0088893140000258219 -0.0031717376116480664 -0.0011912664185928284 -0.00049514901963993905 -0.0053787309085684167 -0.003699395035703977 -0.0062864116585302733 0.0081353468341050575 -0.0012244932672352327 0.00044640664599906164 0.0031943197884642615 -0.0088339148363208077 -0.0006533878308809121 -0.00024517400968957024 -0.00062611230409608898 -0.0041359169788525571
leaf_weight=61 87 99 53 96 59 76 76 53 57 57 77 56 52 54 55 55 80 98 99 51 70 58 50 50 72 50 66 62 92 90 55 66 166 67 54 55 83 50 96 88 92 97 52 139 63 50 52 300 52 179 69 53 61 60 723 317 97 50 1197 9998 7622 209
leaf_count=61 87 99 53 96 59 76 76 53 57 57 77 56 52 54 55 55 80 98 99 51 70 58 50 50 72 50 66 62 92 90 55 66 166 67 54 55 83 50 96 88 92 97 52 139 63 50 52 300 52 179 69 53 61 60 723 317 97 50 1197 9998 7622 209
internal_value=9.06817e-07 0.049976 -0.000369211 0.00404311 0.00193182 0.00722545 -0.00093786 -0.00051532 -0.000888794 0.00188074 -0.0049871 -0.00158021 0.000153012 0.00146849 -0.00100376 -0.000542993 -0.000529569 0.000711786 0.0100847 -0.000811805 -0.000591365 -0.00057407 -0.0013901 0.00032593 -0.00125428 -0.00242547 -0.00181916 -0.000590904 -0.00179868 -0.00115876 -0.00170035 -0.0039793 -0.000734039 -0.00011848 0.00055146 0.00436004 -0.000407026 -0.00449725 -0.00125861 0.000255676 -0.00577748 -0.00260136 -0.000620314 -0.00221272 -0.000534414 -0.00656824 -0.000546576 -0.00147631 -0.00453603 -0.000495929 -0.00184036 -0.000987094 -0.000461937 0.00169637 -0.00179807 -0.000155822 -0.000488843 -0.00123991 -0.000931308 -0.000433974 -0.000453892 -0.000720301
internal_weight=24423 186 24237 776 715 248 172 23461 467 279 188 222 111 165 111 23408 23355 1107 154 953 22248 22168 855 322 271 533 483 22098 986 928 836 248 588 533 466 109 317 166 267 171 182 221 357 191 21112 100 21050 1086 124 19964 491 439 19473 239 1023 370 19234 1308 1258 17926 17829 7831
internal_count=24423 186 24237 776 715 248 172 23461 467 279 188 222 111 165 111 23408 23355 1107 154 953 22248 22168 855 322 271 533 483 22098 986 928 836 248 588 533 466 109 317 166 267 171 182 221 357 191 21112 100 21050 1086 124 19964 491 439 19473 239 1023 370 19234 1308 1258 17926 17829 7831
is_linear=0
shrinkage=0.03


Tree=75
num_leaves=63
num_cat=0
split_feature=16 13 21 13 17 21 12 0 5 12 7 9 3 7 13 21 12 12 13 0 21 3 7 9 7 12 9 7 21 21 21 13 12 13 21 12 9 5 16 17 12 12 3 7 19 21 16 9 13 21 9 7 12 5 5 13 21 0 12 12 21 13
split_gain=250.643 73.3984 19.3074 85.4903 7.83387 8.33985 39.7564 44.1704 33.5625 18.8455 16.6059 9.8671 6.48063 5.08765 3.45212 18.2118 6.91063 10.9912 5.92335 7.218 3.47446 10.5441 3.35546 2.65502 2.90061 2.02291 1.49279 2.27723 1.94671 1.90226 1.88493 6.45394 1.80427 1.60261 4.68529 5.00763 8.15524 5.53271 3.00846 2.70811 2.64279 7.95743 2.67984 1.92399 3.15024 2.3487 1.79238 2.70461 1.81188 1.78219 2.57017 7.60175 1.76822 1.55538 1.8172 1.26695 1.2609 1.24185 1.19603 1.19481 1.17034 4.29933
threshold=46.52993774868748 -3.5216215127893089 1.0000000180025095e-35 49.199305118600833 6.2097616481938793 0.031908323497307108 -106.74434203380748 479.99610532003254 10.26417382142745 -92.766034350074037 -0.12483099532901674 0.25914750660430436 22.537606023879054 -0.025246661063717198 16.126348470842384 0.51102115235880252 -99.539425033857029 -85.230908102291224 14.936759318241387 410.70634320376155 0.059577513970665803 24.664102095761354 -0.22540710360941849 0.07890427375738264 -0.22540710360941849 -114.33466619083568 0.076435307029941515 0.071413175415498756 0.87045578646147159 0.41697579079349856 0.63588191700493957 45.601337942202939 -119.14471173462414 22.27319241660614 1.2527108906497901 -110.19189744339144 0.11836722495550502 -10.920204208101548 8.1209936876485891 0.18298995596601955 -98.350439438335982 -88.992382111569682 13.634954221758102 -0.39069038375568738 3.5000000000000004 1.3666960022239503 7.6316342533617716 0.27116371917429133 22.37595716683094 1.8371784587609952 0.36446520334423399 0.20399251181635328 -113.38740674250398 -4.5890270637360997 14.754835386321099 18.920749435700227 0.74963532101026853 362.04089181813009 -119.62407104086817 -111.09095220647049 0.13122009026230202 24.519810076697436
decision_type=2 2 8 2 2 8 2 2 2 2 2 2 2 2 2 8 2 2 2 2 8 2 2 2 2 2 2 2 10 8 8 2 2 2 8 2 2 2 2 2 2 2 2 2 2 8 2 2 2 8 2 2 2 2 2 2 8 2 2 2 10 2
left_child=2 -2 3 -1 5 6 12 8 9 11 -10 -8 -4 22 15 -7 18 -18 23 -20 21 -16 -14 -17 -25 -15 27 29 -29 -22 31 -31 -32 34 35 39 -37 -38 40 52 42 -42 -39 44 -36 -45 48 -48 -35 50 51 53 -28 -47 -55 57 -34 -51 -26 -60 61 -50
right_child=1 -3 4 -5 -6 14 7 -9 10 -11 -12 -13 13 25 20 16 17 -19 19 -21 26 -23 -24 24 58 -27 33 28 -30 30 32 -33 56 46 43 36 37 38 -40 -41 41 -43 -44 45 -46 49 47 -49 60 55 -52 -53 -54 54 -56 -57 -58 -59 59 -61 -62 -63
leaf_value=0.041236455018656935 0.053660394756690315 0.015628468699386697 -0.014350665318554327 -0.0091494107961654653 -0.0089508997399017822 0.018601607902012172 -0.017155299051734272 0.03392330754971639 0.004276606659678852 0.0090585500204606959 0.026946191864324287 -0.0010334691040637628 -0.002656941086053848 -0.0025285094195888155 -0.015558525907541147 0.0027955895365766163 0.01280110848267727 -0.0048496176196974432 0.010729032740928231 -0.002515057952768063 -0.0042949148704561312 0.0012855906227906776 -0.013294579249858442 0.00021959377371746561 -0.010140118857738203 0.0054685253428760914 -0.0011136284768475558 -0.0096276598653468465 -0.0020917529309237444 0.0098455757414449164 -0.0049177072624511575 -0.0038590888073667881 -0.0049249488963926235 -0.0054580903622200305 0.0059334918678646455 0.014291290752597101 0.0090101649248672117 0.0055428216644629307 -0.0048803086943157454 0.0040906531059254816 0.014394497627105851 -0.0013855640958063303 -0.0021913845705663938 -0.0055492060731366739 -0.0013572743316662722 -0.0047482544952835576 0.0081057762631373299 -0.0014116604591889136 0.0074856363633264726 -0.0055432871034105935 -0.0035914337601319984 0.0098296240195198791 -0.007790911085750969 0.0045340175732438053 -0.0018096860650369953 -0.00077446628359892019 -0.00075943479782401326 -0.0012038010207094973 -0.0027255175374448302 -0.0075632708482307326 -0.00073932667201283362 -0.00028584258323454011
leaf_weight=50 91 93 61 74 97 51 66 54 50 84 70 70 54 62 54 54 84 50 69 78 150 85 53 91 51 51 87 50 80 59 101 63 66 68 98 58 92 55 67 51 51 64 143 96 115 60 52 54 64 115 86 85 60 69 96 681 2816 123 104 84 12169 4466
leaf_count=50 91 93 61 74 97 51 66 54 50 84 70 70 54 62 54 54 84 50 69 78 150 85 53 91 51 51 87 50 80 59 101 63 66 68 98 58 92 55 67 51 51 64 143 96 115 60 52 54 64 115 86 85 60 69 96 681 2816 123 104 84 12169 4466
internal_value=-1.63732e-05 0.0346261 -0.000425345 0.0113348 -0.000485977 -0.000451594 0.00283366 0.00897282 0.00492223 -0.00204889 0.0176139 -0.00892541 -0.00577558 -0.00334376 -0.000546215 0.0015035 0.000166251 0.00622788 -0.00137226 0.00373205 -0.000610791 -0.00532256 -0.00800036 -0.00333087 -0.00433879 0.00109708 -0.00058159 -0.00116247 -0.00504155 -0.00100605 -0.000845832 0.00279474 -0.000995612 -0.000479257 0.000254289 0.00225244 0.0037713 0.00245111 0.000843648 -0.00181171 0.00208054 0.00567631 -2.59365e-05 -0.00064227 0.00200921 -0.00104367 -0.000581518 0.00328939 -0.000606185 -0.000710781 0.000970003 0.00224291 -0.00387328 -0.00065399 0.000854468 -0.0014353 -0.000856503 -0.00331503 -0.0060681 -0.00491565 -0.000586102 -0.000174419
internal_weight=24545 184 24361 124 24237 24140 675 394 340 220 120 136 281 220 23465 716 665 134 531 147 22749 139 107 384 330 113 22610 3385 130 3255 3105 122 2983 19225 2352 728 530 472 380 198 313 115 198 1624 213 1411 16873 106 16767 1315 396 310 147 225 165 919 2882 238 239 188 16699 4530
internal_count=24545 184 24361 124 24237 24140 675 394 340 220 120 136 281 220 23465 716 665 134 531 147 22749 139 107 384 330 113 22610 3385 130 3255 3105 122 2983 19225 2352 728 530 472 380 198 313 115 198 1624 213 1411 16873 106 16767 1315 396 310 147 225 165 919 2882 238 239 188 16699 4530
is_linear=0
shrinkage=0.03


Tree=76
num_leaves=63
num_cat=0
split_feature=16 8 20 13 8 6 12 21 16 12 0 13 2 20 13 1 21 5 20 5 2 10 16 21 12 8 20 6 12 5 8 13 1 5 20 10 21 20 21 12 1 13 5 21 20 13 20 20 8 13 13 13 5 12 12 21 20 1 1 5 8 20
split_gain=311.964 85.0325 27.9374 42.1067 27.5444 16.418 14.7149 7.28425 16.9647 7.76238 14.9524 37.1042 18.8401 10.9655 6.28031 5.83336 5.58499 5.58437 15.23 5.54703 7.40169 4.52372 4.37254 4.01922 3.81073 3.38693 2.74995 2.21779 2.21098 4.18403 2.35952 3.56324 2.19703 2.01829 1.62978 1.53757 3.99209 3.56001 2.84768 2.45844 6.64176 6.84049 1.95691 1.92617 15.4957 7.28786 3.79372 2.66303 4.53676 4.36326 3.72922 2.23464 1.84673 1.98428 1.615 1.502 2.47184 1.53822 1.38141 1.33777 1.23334 1.17899
threshold=47.860899604728189 0.21474313314631613 0.35968814765788604 20.108602581270883 0.063702697436820388 -0.011688546114477559 -87.790948483893473 0.41697579079349856 7.2233146691273893 -105.27457297711398 347.75986480456106 32.568517897323161 5.4529901428172485 1.4609906702845001 26.030497551907967 458.33107992954257 0.014996265382266002 3.0373674201863499 25.183824074714256 30.932807372952702 5.3559228570209774 2.5000000000000004 19.337747128949825 0.059577513970665803 -103.09439824852198 0.25068251320891838 1.4609906702845001 -0.35055944102630815 -124.63894669376059 50.518695698921405 0.36520178044870816 30.385524926017613 865.47141884479663 -18.298177571041744 10.811646786697301 4.5000000000000009 0.59057975471497359 5.0474377793694964 5.4942760549944714 -109.13835028530822 118.34854323697702 22.131681037586237 29.448304395844954 0.66507579823159857 3.1176223902685902 19.476696818100418 10.381398064005351 3.9913786367212603 0.36520178044870816 20.818584545279716 25.259520267974299 21.27642556311886 -25.802442386996116 -107.23777846322749 -103.37775745311698 0.83585823263001158 11.729232346842251 332.61648625533059 130.31180171152153 -29.535544420331775 0.13261475420220761 13.298681841841001
decision_type=2 2 8 2 2 2 2 8 2 2 2 2 2 8 2 2 8 2 8 2 2 2 2 8 2 2 8 2 2 2 2 2 2 2 8 2 10 8 8 2 2 2 2 8 8 2 8 8 2 2 2 2 2 2 2 8 8 2 2 2 2 8
left_child=2 -2 3 5 -5 -1 14 8 9 16 17 12 -12 -13 -6 25 21 23 -19 26 -21 -4 28 -11 -17 -16 -18 -28 29 30 31 -9 61 -25 -15 43 -37 -38 39 58 41 -41 54 44 -30 -46 -47 48 49 -45 -51 -48 53 -53 -42 56 -49 -58 -39 -52 -56 -29
right_child=1 -3 7 4 6 -7 -8 22 -10 10 11 13 -14 34 15 24 19 18 -20 20 -22 -23 -24 33 -26 -27 27 32 35 -31 -32 -33 -34 -35 -36 36 37 38 -40 40 42 -43 -44 47 45 46 51 55 -50 50 59 52 -54 -55 60 -57 57 -59 -60 -61 -62 -63
leaf_value=0.034823911566625947 0.062602321944737929 0.020687136496324091 -0.0016057896443740709 0.020993778857491201 0.0051625299727827128 0.010761391980057156 0.014832025661188013 -0.0013878740532090885 0.01741163405305627 -0.012602692125200399 0.010701710264931778 0.013499575230149169 0.033172540399817013 -0.0063103778986260293 -0.0041950132908737834 -0.0032015440439863594 -0.0081757975431481517 0.015399778112769127 -0.0052519650015466169 0.012411426453815343 -0.002652085531089041 -0.013866263818927109 0.0082645524413023572 0.0012330615044128699 -0.011745319669281966 0.0065886946829656753 0.0047607931329614736 0.003495832703021519 0.016332525709368797 0.0041204126125878905 -4.8270857324665887e-05 -0.010859510200452463 -0.0070521861852692628 -0.0065310055175796149 -0.00050399482325677537 -0.008197140021808446 -0.0088498522974687684 -0.0045062169756927934 -0.0075041734737654516 0.012823288293234449 0.0020385250318587325 4.9660293689857307e-05 -0.0057287802538619594 0.0070712207872222861 0.0099794393927278759 -0.0080909787898022934 -0.0061747735522836794 -0.0079637887935870202 -0.0072438208306570056 -0.008908697108596899 0.0033787661594779864 0.0076300937603963042 -0.00048676318256824104 0.00030125055470745323 0.0016549743506281325 -0.00038206288256553667 7.3385546850257137e-05 -0.0026152315644002028 -0.0010569284732197739 -0.0017371453820419923 -0.0029858037045027018 -0.0015371472629064574
leaf_weight=54 79 99 56 62 78 50 50 59 58 52 96 50 52 53 50 95 51 50 86 64 53 52 50 60 94 53 54 50 54 54 58 91 57 59 225 74 50 138 53 73 178 77 64 52 60 58 52 52 138 60 56 56 636 80 71 18250 386 379 425 238 182 234
leaf_count=54 79 99 56 62 78 50 50 59 58 52 96 50 52 53 50 95 51 50 86 64 53 52 50 60 94 53 54 50 54 54 58 91 57 59 225 74 50 138 53 73 178 77 64 52 60 58 52 52 138 60 56 56 636 80 71 18250 386 379 425 238 182 234
internal_value=2.03904e-07 0.0395358 -0.000213958 0.00625165 0.00249601 0.0234681 -0.000277997 -0.000373302 0.00164112 0.0010005 0.00302794 0.00635226 0.0187665 0.000710684 -0.00235437 -0.00437307 -0.00136634 -0.00213025 0.00239757 -0.000162654 0.00562314 -0.00758204 -0.000509928 -0.00572434 -0.00749028 0.00136388 -0.00168963 -0.00083365 -0.000530013 -0.00326453 -0.00519232 -0.00716786 -0.0017309 -0.0026387 -0.00162962 -0.000497289 -0.00146457 -0.00107859 -0.000763679 -0.000461983 0.000801979 0.00630991 -0.000876449 -0.00043221 0.000854215 -4.94554e-05 -0.000742222 -0.000497585 -0.00256539 -0.000961287 -0.0021578 -0.000215775 0.000193077 0.00335268 -0.000144324 -0.000438457 -0.00169617 -0.0012603 -0.00190889 -0.000754536 -0.00168206 -0.000641902
internal_weight=24580 178 24402 586 482 104 420 23816 1512 1454 783 476 148 328 370 292 671 307 136 563 117 108 22304 171 189 103 446 395 22254 262 208 150 341 119 278 21992 1385 1311 1261 1208 645 150 495 20607 996 942 882 19611 544 406 354 824 772 136 431 19067 817 765 563 294 253 284
internal_count=24580 178 24402 586 482 104 420 23816 1512 1454 783 476 148 328 370 292 671 307 136 563 117 108 22304 171 189 103 446 395 22254 262 208 150 341 119 278 21992 1385 1311 1261 1208 645 150 495 20607 996 942 882 19611 544 406 354 824 772 136 431 19067 817 765 563 294 253 284
is_linear=0
shrinkage=0.03


Tree=77
num_leaves=63
num_cat=0
split_feature=14 12 10 10 1 1 4 5 6 12 6 0 9 5 4 11 3 9 1 0 3 1 12 1 3 10 11 5 3 1 4 11 6 6 1 10 9 10 12 19 10 11 5 3 6 3 1 1 3 9 9 9 6 10 4 3 3 9 19 5 19 1
split_gain=350.99 54.0415 47.2011 15.8304 4.4058 4.15529 8.28647 6.72897 5.49413 9.64174 10.6411 8.8677 8.01853 7.28902 8.35821 3.81503 3.62998 3.58246 3.55634 4.57137 3.12761 2.07644 2.01368 9.56093 12.772 6.71554 3.42698 3.59552 3.38989 2.11406 4.35999 2.97003 2.05412 2.18372 2.59139 4.89705 2.24837 2.49384 6.03946 10.3487 17.319 13.9599 4.86805 2.15464 2.00088 1.85961 1.78097 3.66002 4.85652 2.27666 1.7771 1.70623 1.67774 1.64816 2.9394 2.34798 2.19987 3.31197 6.45245 3.15311 4.31278 2.53763
threshold=9.1209280061564986 -116.06249581155599 16.500000000000004 6.5000000000000009 1294.7648227708103 1038.9999484889952 72.001668225439317 23.181119853832751 0.15841530280183494 -86.939434510443434 0.37037575616845891 230.30344958361502 0.13050668522545819 -13.857198473314199 29.710323916247855 -124.09794377116648 24.318494207094002 0.064389512648560313 424.31761665047503 422.04402527346252 21.143272630841704 1015.5159270254002 -97.928484225005107 865.47141884479663 27.494321330594556 1.5000000000000002 -97.604139402710985 51.629770035115051 11.228357790527452 9.5422600458443316 75.053282305350265 -99.433888187674285 0.49631174836284914 -0.068419516866038851 894.48356307821007 3.5000000000000004 0.06226370515924718 3.5000000000000004 -108.5687567983875 2.5000000000000004 4.5000000000000009 -103.88742417018948 24.983487196405854 10.450032347526202 0.42567132418025261 5.6498609808316607 445.51349502147701 720.03270314690815 8.8261916303099017 0.058314952136194094 0.10548157985889663 0.36270540067782925 -0.34129996555136616 1.5000000000000002 79.610692270359223 2.1707543100392055 28.651903763927056 0.10971875899492824 2.5000000000000004 35.880738261972809 3.5000000000000004 21.874315194726055
decision_type=2 2 2 2 2 2 2 2 2 2 2 2 2 2 2 2 2 2 2 2 2 2 2 2 2 2 2 2 2 2 2 2 2 2 2 2 2 2 2 2 2 2 2 2 2 2 2 2 2 2 2 2 2 2 2 2 2 2 2 2 2 2
left_child=2 -2 3 4 5 15 7 8 11 10 20 -7 -13 16 -15 17 -14 -1 19 51 -10 22 29 26 25 -25 28 45 -24 30 31 -17 33 34 53 -36 -35 -38 43 40 41 -40 44 -39 -41 -28 -47 48 -48 -50 -51 -19 -52 55 56 -31 57 58 -55 -59 -61 -58
right_child=1 -3 -4 -5 -6 6 -8 -9 9 -11 -12 12 13 14 -16 21 -18 18 -20 -21 -22 -23 23 24 -26 -27 27 -29 -30 32 -32 -33 -34 36 35 -37 37 38 39 42 -42 -43 -44 -45 -46 46 47 -49 49 50 52 -53 -54 54 -56 -57 61 59 -60 60 -62 -63
leaf_value=-0.01089155807324192 0.071187098208400926 0.032024786125260767 0.021848762098829761 -0.015434640433439719 -0.0072356717612378166 0.014290337764485649 0.012968071694401178 -0.005929295296805936 -0.0094980227849994058 -0.013151956043507466 0.010607892711525655 -0.0054848788463901389 -0.0056586413068527523 0.016127327057112874 0.0025810914312487413 -0.0021549882528569338 0.0048852021640764095 0.0001561830583106698 0.0040132379216083792 -0.011728885231258453 3.1743797706440085e-05 -0.0049288249670450266 0.010344630358916408 0.0044986818817889553 -0.0050219552623504988 0.017604943160712719 -0.0015991608642862236 0.0072449011603174232 0.001278161524041068 0.0041162862553466364 -0.010635463881361135 0.0052945220189761838 -0.0058646712711890271 -0.0013824560000889855 -0.0006404400439123097 -0.010964788397917379 -0.00021447642010176182 -0.0047880114456258557 0.0060976642628924717 -0.00045510994176038775 -0.0044001006291193119 0.028232306203743278 0.0092600145906240484 -5.6450961746301606e-05 0.0050753185269422829 -0.00043857696942407474 0.0087253641220740967 -0.0022769725489679999 0.0054896727785174 -0.0035562062349968723 0.0048320794900190891 -0.0061460331700403572 0.00043528098680074503 -0.011904912454117947 -0.0067201810053164326 -0.00046997454602701235 0.0060163747722675135 -0.001570188555147421 -0.0022320369418935841 0.0099927910597762092 -0.0023096120532821204 -0.00046580416387596017
leaf_weight=50 53 85 85 62 83 64 54 110 50 50 72 90 65 75 90 532 52 130 63 52 79 89 52 68 60 74 865 56 125 102 50 52 62 1143 114 64 6723 97 53 438 50 50 60 746 67 3157 83 245 94 83 91 54 519 79 86 4093 56 1124 280 51 50 1170
leaf_count=50 53 85 85 62 83 64 54 110 50 50 72 90 65 75 90 532 52 130 63 52 79 89 52 68 60 74 865 56 125 102 50 52 62 1143 114 64 6723 97 53 438 50 50 60 746 67 3157 83 245 94 83 91 54 519 79 86 4093 56 1124 280 51 50 1170
internal_value=-1.32071e-05 0.0474693 -0.000337551 -0.000415738 -0.000376842 -0.000353072 0.00170494 0.000926522 0.00203127 -0.00150093 0.0014481 0.0040635 0.00227045 0.00475619 0.00879853 -0.00042798 -0.000970802 -0.00353664 -0.00227452 -0.00396288 -0.00370661 -0.000380767 -0.000362926 0.000133376 0.00652434 0.0114041 -0.000108199 -0.00024845 0.00398491 -0.000521928 -0.00222111 -0.00148376 -0.000457515 -0.000437086 -0.000827766 -0.00439308 -0.000135783 3.63756e-05 0.0011162 0.00313617 0.0100306 0.0170108 0.00125475 -0.000605917 0.00028721 -0.000331532 -7.45462e-05 0.000955637 0.00186754 0.00113413 0.000536277 -0.0017166 0.00109803 -0.000737662 -0.00128802 -0.000357507 -0.00111944 -0.00185755 -0.00438776 -0.00111307 0.00393956 -0.000165056
internal_weight=24621 138 24483 24398 24336 24253 851 797 687 251 201 436 372 282 165 23402 117 349 299 236 129 23053 22964 5572 202 142 5370 5193 177 17392 634 584 16758 16696 7269 178 9427 8284 1561 718 153 103 565 843 505 5137 4272 1115 870 787 693 184 610 7091 2896 4195 2810 1584 359 1225 101 1226
internal_count=24621 138 24483 24398 24336 24253 851 797 687 251 201 436 372 282 165 23402 117 349 299 236 129 23053 22964 5572 202 142 5370 5193 177 17392 634 584 16758 16696 7269 178 9427 8284 1561 718 153 103 565 843 505 5137 4272 1115 870 787 693 184 610 7091 2896 4195 2810 1584 359 1225 101 1226
is_linear=0
shrinkage=0.03


Tree=78
num_leaves=63
num_cat=0
split_feature=14 1 20 15 8 5 8 17 15 11 20 20 1 15 11 20 11 8 15 17 20 11 20 8 15 11 5 5 15 19 8 17 17 9 2 20 8 2 5 1 9 8 3 15 15 3 17 20 1 1 15 6 2 5 8 2 5 3 20 6 20 8
split_gain=303.658 89.6438 25.2481 29.1137 26.3034 20.5147 23.0556 17.2332 8.5637 12.6662 5.0404 3.7476 12.4449 17.1973 24.6874 19.5428 11.6181 8.66527 10.0664 4.57726 4.05104 9.7682 7.56125 7.0216 3.66135 6.45073 3.58154 5.47983 3.40481 3.05075 2.81129 1.65281 2.80697 1.29342 2.26652 3.19188 1.67706 1.5165 1.72919 2.15947 1.3895 1.3377 1.24963 2.31753 2.1765 2.12754 3.59781 2.84754 5.07676 2.21351 2.11575 2.53612 2.08437 2.06418 1.69813 1.65873 2.96592 1.60927 1.53271 3.87633 1.5949 1.51568
threshold=8.6782079256889961 159.48272196148602 0.35968814765788604 3.7348820047120108e-09 0.20739983472699833 -7.7575297325357502 0.15975617197524386 8.8222212734874805 2.3063171735382679e-07 -116.26800353478548 1.0000000180025095e-35 3.5091649478297557 299.65738964835555 1.5800609504946629e-10 -103.97939302409249 0.99319722208100114 -97.785390509325438 0.35430163937862785 4.2292807035871187e-09 1.0000000180025095e-35 1.6136882485306052 -98.640832571975437 0.8563069851691486 0.28135732845146239 8.9385504805780507e-10 -97.057254627894579 12.199533607587954 -2.5689811473523991 9.3578299619449917e-08 3.5000000000000004 0.3024611686790955 3.5408195977042918 3.1548823823252552 0.076435307029941515 5.2695322382333645 11.729232346842251 0.29465190797395296 5.8079092752920323 -22.523050537665405 498.6201508432776 0.006093683551156027 0.0019569993391117539 28.799540434568353 2.0556078998879065e-08 1.5602526418108978e-08 37.146371826810459 1.4220423204691397 72.233168069697271 15.043486661636253 7.3626821337239958 2.234283373633436e-08 -0.072645141978559633 5.1429865684079372 40.810631668732555 0.20919788424864019 4.8483674451886047 20.951507415413101 31.471108929698705 22.403976404257104 0.11191684816561244 31.404148082624655 0.21474313314631613
decision_type=2 2 8 2 2 2 2 2 2 2 8 8 2 2 2 8 2 2 2 2 8 2 8 2 2 2 2 2 2 2 2 2 2 2 2 8 2 2 2 2 2 2 2 2 2 2 2 8 2 2 2 2 2 2 2 2 2 2 8 2 8 2
left_child=2 -2 3 5 -5 6 -1 8 11 -10 -7 12 19 20 17 -16 -17 18 -15 26 21 22 -14 -22 25 -12 27 -4 31 -21 -8 32 33 34 40 36 -36 38 39 -37 -13 -35 43 44 -43 47 49 48 -44 -47 -51 -52 55 57 -46 -50 -57 -54 59 -59 -60 -48
right_child=1 -3 7 4 -6 10 30 -9 9 -11 24 28 13 14 15 16 -18 -19 -20 29 23 -23 -24 -25 -26 -27 -28 -29 -30 -31 -32 -33 -34 41 35 37 -38 -39 -40 -41 -42 42 45 -45 54 46 61 -49 52 50 51 -53 53 -55 -56 56 -58 58 60 -61 -62 -63
leaf_value=0.026874065144425804 0.074880579913140469 0.025016068194187089 0.00041169981664532549 0.003090834540243332 0.028807352318814611 -0.011764635728104622 -0.0014224656161207418 0.01610874685017686 -0.019448362518675051 0.0016683599024134525 -0.0034215692579936314 0.0034330993252248291 0.0093092657603706507 -0.0048880254031650515 0.0026643697537312452 0.03526603788671577 0.014524312187120534 -0.0081793916262686249 0.011522280844238897 -0.012016695905900137 -0.0028582942150623914 -0.011557828380953499 -0.0043705208064255367 0.010778618469895397 -0.0079045796285976064 0.0095715040506197599 0.0039902960093447107 -0.011336699738570202 0.0052749378203354293 -0.0030300140401271921 0.0073191229736103728 -0.002471418766945135 0.0047292752853629397 -0.004192671469638698 -0.0031385178493837881 -0.0018000189108133781 -0.010491433505398723 -0.0056161043429165149 -0.00069978057477865631 -0.0073135154403280462 -0.00030323273286757865 -0.00053584344273009145 0.0091294134793919509 -0.0032349671257466519 0.0075861138816869173 -0.0043238702658420737 -0.0083257091924657713 -0.0002559407208828518 0.00017062714304227162 -0.00031841615970051862 -0.00098352310301449432 0.0081338062596712588 -0.00060387967925424268 -0.0050136933313976772 0.00050454879924654965 0.0024483844147431193 0.011039326635104688 0.00076385809622673585 -0.0027809178653307796 0.01116813910577227 0.0017818159761543732 -0.0023386408736308416
leaf_weight=50 52 88 114 64 81 51 64 56 51 50 97 96 61 53 54 50 51 59 89 65 76 82 87 60 54 52 96 51 92 72 67 367 93 81 63 309 51 71 1457 80 1170 10401 74 283 51 120 67 1842 84 4095 51 58 413 56 74 108 54 88 82 50 408 89
leaf_count=50 52 88 114 64 81 51 64 56 51 50 97 96 61 53 54 50 51 59 89 65 76 82 87 60 54 52 96 51 92 72 67 367 93 81 63 309 51 71 1457 80 1170 10401 74 283 51 120 67 1842 84 4095 51 58 413 56 74 108 54 88 82 50 408 89
internal_value=-2.26012e-05 0.0439369 -0.000215963 0.0059628 0.0175555 0.00206716 0.00975724 -0.000367068 -0.000406678 -0.00908067 -0.00342956 -0.00036917 0.00132376 0.0036699 0.00835479 0.0173101 0.0250376 0.00139747 0.00540596 -0.00293082 -0.000897341 -0.00331918 0.00129241 0.00319275 -0.00128812 0.00114651 -0.000592001 -0.00326604 -0.000453578 -0.00734995 0.00307 -0.000477355 -0.000444008 -0.000466166 -0.00101381 -0.00163458 -0.00649061 -0.00134257 -0.00117525 -0.00294975 -1.7423e-05 -0.000369194 -0.000352272 -0.000560616 -0.000488413 -6.12441e-05 -0.000485449 0.000521861 0.00153242 -0.000323392 -0.0002082 0.00389774 0.00110734 0.000546192 0.0034311 0.00359733 0.00536219 0.000849807 0.00180525 0.00458675 0.00101415 -0.00494666
internal_weight=24475 140 24335 580 145 435 181 23755 23699 101 254 23598 1120 722 356 155 101 201 142 398 366 230 148 136 203 149 261 165 22478 137 131 22386 22019 21926 3297 2031 114 1917 1846 389 1266 18629 18548 10809 10526 7739 4480 3259 1417 4324 4204 109 1343 1097 125 246 162 1041 628 138 490 156
internal_count=24475 140 24335 580 145 435 181 23755 23699 101 254 23598 1120 722 356 155 101 201 142 398 366 230 148 136 203 149 261 165 22478 137 131 22386 22019 21926 3297 2031 114 1917 1846 389 1266 18629 18548 10809 10526 7739 4480 3259 1417 4324 4204 109 1343 1097 125 246 162 1041 628 138 490 156
is_linear=0
shrinkage=0.03


Tree=79
num_leaves=63
num_cat=0
split_feature=14 6 13 10 20 13 12 20 6 10 3 2 13 3 10 4 2 20 13 2 6 2 6 20 13 19 20 12 3 16 12 20 13 20 3 19 20 4 19 2 13 20 13 13 20 2 13 2 19 12 19 12 13 13 20 6 19 2 3 20 2 16
split_gain=212.05 104.235 35.4141 24.0779 18.4851 68.6073 3.05287 10.1261 23.3978 27.8548 9.58305 12.4032 10.8533 37.9268 10.1072 8.54774 8.27053 6.3253 7.88397 5.09899 4.91782 3.08719 5.30072 2.99401 5.44886 14.3342 18.2224 14.0676 2.30611 1.98875 8.25448 1.95786 2.98055 7.88383 2.5381 3.56359 2.52424 4.42013 7.44219 4.35292 2.12802 2.02064 1.82724 1.73911 1.70579 2.22222 1.68154 1.79014 1.68671 2.24185 1.62438 2.51178 1.62123 1.52049 1.51311 3.21863 1.49838 1.45914 1.41651 1.26711 1.21934 1.20508
threshold=9.1209280061564986 0.13663716352137714 -3.5216215127893089 6.5000000000000009 1.0000000180025095e-35 43.247993551939715 -107.79936273769495 3.1176223902685902 0.35622485324056968 1.5000000000000002 3.3135101783186802 5.3801556681168643 24.373778119893753 21.990820349693454 2.5000000000000004 61.708294654111306 4.8677255226320773 0.7349718554098551 22.321486883842436 5.0848450111119892 -0.034908647426499677 5.5401916951847232 -0.096647578807641285 21.321719164710004 17.774181957564753 2.5000000000000004 6.1661304709809501 -111.09095220647049 38.090626033657152 7.4261275321289038 -106.20904390346408 75.046621891925454 22.27319241660614 9.831486006680473 30.451947095111951 2.5000000000000004 12.347912724316052 54.126389085138058 2.5000000000000004 5.1484902400383818 21.072057642359088 13.298681841841001 22.182660026003081 16.556068428451663 15.732339696597101 5.3026281431250224 19.107934475826728 5.0267176384195471 2.5000000000000004 -81.328298715234581 3.5000000000000004 -112.63781379998572 21.807140317116431 25.601974098955086 64.579035398531317 -0.40952566611544944 4.5000000000000009 5.626177821972191 0.99034573532446968 8.3239899629552365 5.2254874885709919 1.0305959579886638e-06
decision_type=2 2 2 2 8 2 2 8 2 2 2 2 2 2 2 2 2 8 2 2 2 2 2 8 2 2 8 2 2 2 2 10 2 8 2 2 8 2 2 2 2 8 2 2 8 2 2 2 2 2 2 2 2 2 10 2 2 2 2 8 2 2
left_child=2 -2 -1 4 5 -4 17 8 10 -10 -8 12 13 -12 21 16 -14 18 -6 -18 -21 22 -13 24 27 26 28 -19 -26 31 -31 32 33 -9 40 -36 37 38 39 -34 -35 -38 43 -32 50 -46 48 -48 49 -33 59 -52 60 -40 61 -56 -37 -30 -49 -27 -42 -43
right_child=1 -3 3 -5 6 -7 7 29 9 -11 11 14 15 -15 -16 -17 19 23 -20 20 -22 -23 -24 -25 25 44 -28 -29 57 30 42 46 36 34 35 56 41 -39 53 -41 52 54 -44 -45 45 -47 47 58 -50 -51 51 -53 -54 -55 55 -57 -58 -59 -60 -61 -62 -63
leaf_value=0.020619332054629923 0.060171134784430653 0.0070436738058924676 0.037837192730298466 -0.016882982216222444 -0.015808456329653251 -0.0075578159155094459 0.01018572241062929 0.010492143976480179 -0.00084834981737290751 0.027614798725623151 -0.0030191421535153708 0.0017914658232725091 0.0089153614104725415 0.028822340752397264 -0.015322904573834461 0.011128901917276517 -0.0097455666594944146 -0.0035584898257350669 -0.002305470165223456 -0.0056821063425857576 0.003957562656413666 0.0029151400229012643 -0.011023503377514539 -0.00055142900631172489 -0.0093759786294752047 -0.0048241755439554362 -0.023624808670226802 0.016019049398601052 -0.0056232144671957938 0.010486775571359443 0.0035084127643050908 -0.0089360885341840356 -0.0040055057892897025 -0.0024328154940982914 0.0092616389757923523 0.0030692574232816698 0.0041559779968473216 0.0044897265696381954 -0.005232387650425413 -0.016383225134430596 0.00097464278830509433 -0.00030886713387061392 0.0037396560961051898 -0.0021596866160725637 -0.0085435468086507167 -0.0015439272287707372 2.774164284159663e-07 -0.0052904106199054661 -0.00089093806016750214 -0.00084937288684718969 0.0041818621362980507 -0.00076446283941290208 -0.0020601537750392662 -0.00085964976924191592 0.0081927459369378394 0.00047212879631842954 -0.0031480617821216584 0.00037089060973376036 -0.0012071698902203431 -6.6505164424007803e-05 0.007374544274241019 -0.0018470456412753398
leaf_weight=71 76 59 50 79 55 72 90 79 56 68 84 55 53 55 68 52 90 93 129 99 90 73 60 6937 65 92 58 50 71 76 58 78 52 270 61 89 92 82 83 51 56 7342 84 280 51 193 1400 78 126 51 145 251 60 488 52 587 56 74 2488 110 51 488
leaf_count=71 76 59 50 79 55 72 90 79 56 68 84 55 53 55 68 52 90 93 129 99 90 73 60 6937 65 92 58 50 71 76 58 78 52 270 61 89 92 82 83 51 56 7342 84 280 51 193 1400 78 126 51 145 251 60 488 52 587 56 74 2488 110 51 488
internal_value=-2.10618e-05 0.037175 -0.000389534 -0.000451698 -0.000397468 0.0112031 -0.000456594 -0.000210501 0.00272038 0.0148565 0.000973558 -0.000102443 0.00254536 0.00969589 -0.00550067 -6.14485e-05 -0.00184231 -0.000919399 -0.00640532 -0.00391042 -0.00109512 -0.00188567 -0.004932 -0.000795383 -0.00214447 -0.00285476 -0.00888377 0.00335051 -0.00471976 -0.000407879 0.00145386 -0.000472993 -0.000245009 0.00161059 0.000504789 0.00324162 -0.000388962 -0.00204949 -0.00285053 -0.0102329 -0.000789798 -0.000242103 -0.000193865 -0.00117957 -0.000927532 -0.00303586 -0.00101503 -0.000862667 -0.00337214 -0.00577014 -6.36447e-05 0.00105266 0.00186525 -0.0015033 -0.000290365 0.00111223 0.00066297 -0.00258257 -0.0013333 -0.00224646 0.0040651 -0.000404957
internal_weight=24532 135 24397 24326 24247 122 24125 15751 993 124 869 779 523 139 256 384 332 8374 184 279 189 188 115 8190 1253 1110 268 143 210 14758 498 14260 10039 722 643 206 9317 756 674 103 437 8561 422 338 842 244 4221 3966 255 129 598 396 167 571 8469 639 145 145 2566 202 107 7830
internal_count=24532 135 24397 24326 24247 122 24125 15751 993 124 869 779 523 139 256 384 332 8374 184 279 189 188 115 8190 1253 1110 268 143 210 14758 498 14260 10039 722 643 206 9317 756 674 103 437 8561 422 338 842 244 4221 3966 255 129 598 396 167 571 8469 639 145 145 2566 202 107 7830
is_linear=0
shrinkage=0.03


Tree=80
num_leaves=63
num_cat=0
split_feature=16 20 21 20 3 1 9 1 20 21 4 5 15 15 21 12 20 21 16 5 15 15 21 12 9 9 4 21 0 12 21 1 21 15 3 12 16 20 3 1 12 20 20 1 21 12 21 3 1 1 16 9 12 3 21 20 15 15 4 15 21 1
split_gain=309.906 96.0055 48.5959 20.9904 27.7163 26.2749 21.2342 25.0437 18.9697 13.8058 12.6704 16.093 9.81502 15.2082 9.27104 9.09541 7.37034 5.28079 4.54014 3.62459 5.20863 4.52028 3.42397 2.25662 2.25189 1.83272 1.77922 3.07381 2.30115 1.59634 1.2779 1.26181 1.23114 3.91686 1.2248 5.27164 1.97231 1.87253 1.70467 1.3843 1.26499 1.12601 3.35982 1.61242 1.6649 1.60824 1.64689 1.86462 1.08696 2.51904 2.31069 1.83102 1.9257 1.64586 2.28964 1.12208 1.36862 1.14918 9.37282 1.55793 1.41398 2.06954
threshold=47.860899604728189 86.063342041033721 2.4345321194591505 3.5091649478297557 17.311423331440803 408.06667929088604 0.06226370515924718 880.35055753992367 0.47894238492311508 1.0000000180025095e-35 18.604485620604454 14.413707642385452 5.0851804597437758e-09 3.9640383868064657e-09 0.028814196311226805 -95.214688228223736 0.8563069851691486 1.1708681597531403 17.68244621507942 -33.033152935243862 2.5501267231342875e-09 1.6298327266671608e-09 1.1490281787685601 -92.217386342813001 0.3157608948816551 0.36446520334423399 19.264701879235705 0.028814196311226805 497.41959903091106 -128.17780681776648 0.059577513970665803 1294.7648227708103 0.10778985921110752 6.3125091134027761e-11 53.174083995775455 -93.287250154809769 0.48459168438156014 60.392098024136153 52.51979483358091 9.5422600458443316 -100.85560554107219 13.298681841841001 27.543823515316401 336.19218487518259 2.8584606511687602 -122.54698342879348 3.3164132147309355 58.587560033410959 1064.6260007940102 1038.9999484889952 1.0305959579886638e-06 0.10348135121086834 -106.90398560254491 27.028543279888552 0.83585823263001158 135.22950180266454 1.6801656561740697e-07 3.4679326804210185e-08 62.117854179036804 7.5502300876422502e-08 1.0695766191844054 894.48356307821007
decision_type=2 10 10 8 2 2 2 2 8 8 2 2 2 2 8 2 8 8 2 2 2 2 8 2 2 2 2 8 2 2 8 2 8 2 2 2 2 8 2 2 2 8 8 2 8 2 10 2 2 2 2 2 2 2 8 10 2 2 2 2 8 2
left_child=3 2 -2 4 5 15 -7 8 -8 -6 -9 -12 13 19 16 22 -14 -16 29 -11 21 23 -1 24 26 -26 -21 -28 -29 -5 -31 32 33 -32 38 36 39 -38 48 -36 41 -41 -43 45 -45 -44 47 -47 49 55 51 -50 -53 54 -54 56 57 60 -59 -60 61 -34
right_child=1 -3 -4 18 9 6 7 10 -10 12 11 -13 14 -15 17 -17 -18 -19 -20 20 -22 -23 -24 -25 25 -27 27 28 -30 30 31 -33 34 -35 35 -37 37 -39 -40 40 -42 42 43 44 -46 46 -48 -49 50 -51 -52 52 53 -55 -56 -57 -58 58 59 -61 -62 -63
leaf_value=0.0072114078414936859 -0.00080295918618931484 0.065786932456779149 0.039381047714564757 -0.0046773798816489524 0.012065367401126422 0.028404261587129439 0.027302519905073992 -0.010750421149035294 0.0073138000221034984 0.0050256498730642364 0.019479785717147237 -0.0029202312703675297 -0.021235268274869986 0.015865024272013792 0.0056921295208278407 -0.010085094375741998 -0.004898452004965614 -0.0072836171818727799 0.007074248110219626 -0.0035639733993282009 -0.009070159915996634 0.0076740209531578176 -0.0019251486239954829 0.0041145531287682903 -0.0093905195281566954 -0.0026380289134641105 0.0068321374925186052 -0.0045496516174019933 0.0036219661980150981 -0.0042940420930967773 -0.0024389126565522302 0.0036160810538498098 -0.00090589227413140144 0.007306681239492142 -0.0042878593633254494 0.0097394886236669177 -0.0067296040034852921 6.5164898335933678e-05 -0.0047956142818614796 0.0044751506504586095 0.0041226439625990513 -0.0066418849833069305 0.0043272976595030519 0.0002402582427722413 -0.0066601225689930073 0.0016727352935103242 0.0031556282971876878 -0.0024937110976656763 -0.0052438166129925266 0.0053229440162381667 -0.0075800803281238366 -0.0043064527132508634 0.0068191329320973675 -0.0026408446050339902 2.0478394104343818e-05 -0.0011686103022293694 -0.0047157952996135198 0.012734788898664157 -0.0033868793896291143 0.0026878146206339199 -0.00035466590027348846 -0.0049578435393321614
leaf_weight=89 50 72 58 82 79 63 87 53 85 93 50 66 50 54 57 62 50 54 70 97 68 56 62 62 50 129 62 76 51 79 77 66 2985 70 52 51 71 74 85 55 87 61 121 82 50 182 151 204 81 65 57 81 68 81 126 2320 67 52 128 53 14514 117
leaf_count=89 50 72 58 82 79 63 87 53 85 93 50 66 50 54 57 62 50 54 70 97 68 56 62 62 50 129 62 76 51 79 77 66 2985 70 52 51 71 74 85 55 87 61 121 82 50 182 151 204 81 65 57 81 68 81 126 2320 67 52 128 53 14514 117
internal_value=-6.18493e-06 0.0391435 0.0209407 -0.000257743 0.00295088 0.00802452 0.0125105 0.00949971 0.0175237 6.89171e-05 0.00127818 0.00681892 -0.000881365 0.000642173 -0.00661922 -0.000502891 -0.0131962 -0.000629066 -0.000500305 -0.000482523 -0.00127591 -0.000352825 0.00347199 -0.00121869 -0.00193709 -0.00456589 -0.000281623 0.00141286 -0.00126548 -0.000524189 -0.000508786 -0.000495205 -0.000507552 0.00221986 -0.000525776 0.000389628 -1.89216e-05 -0.00328523 -0.000580199 0.000437006 0.000688496 0.000354545 8.3291e-05 0.000610317 -0.00240395 0.00121773 0.000510326 -0.000529975 -0.000562739 -0.000528841 -0.00195191 -0.00120217 -0.000270469 0.000929608 0.00242626 -0.000547899 -0.000467461 -0.00045125 0.00163751 -0.00160311 -0.000478969 -0.00106027
internal_weight=24450 180 108 24270 1705 617 404 341 172 1088 169 116 1009 798 211 213 100 111 22565 744 651 583 151 527 465 179 286 189 127 22495 22413 22334 22268 147 22121 1241 1190 145 20880 1045 993 906 851 790 132 658 537 386 20795 20301 494 437 356 275 194 20236 17916 17849 233 181 17616 3102
internal_count=24450 180 108 24270 1705 617 404 341 172 1088 169 116 1009 798 211 213 100 111 22565 744 651 583 151 527 465 179 286 189 127 22495 22413 22334 22268 147 22121 1241 1190 145 20880 1045 993 906 851 790 132 658 537 386 20795 20301 494 437 356 275 194 20236 17916 17849 233 181 17616 3102
is_linear=0
shrinkage=0.03


Tree=81
num_leaves=63
num_cat=0
split_feature=18 11 17 15 21 3 20 20 15 1 1 9 17 9 15 15 9 21 20 13 20 1 13 1 21 21 15 20 21 21 20 1 3 9 13 15 20 11 1 13 1 21 1 3 1 3 20 20 12 11 3 21 13 11 21 15 3 13 21 20 3 1
split_gain=313.848 92.0211 93.6759 26.5279 16.6799 21.8593 18.3434 12.9559 14.8735 12.2108 17.5391 17.4257 12.106 10.2345 9.46544 7.337 4.72011 10.9045 8.78314 8.15198 2.91278 3.19249 2.555 2.40656 2.30577 2.42254 4.20783 5.42446 2.05106 1.84926 12.2952 31.5987 2.66233 3.55886 2.0888 1.78511 1.76943 3.95073 5.00637 1.64525 1.2224 1.26477 1.05453 1.03508 1.02666 0.992215 1.9113 2.73998 1.35236 0.958522 0.957064 0.932484 0.906476 0.812565 2.77482 1.06694 1.70998 1.51526 3.99639 9.67801 2.15675 1.85323
threshold=4.0529781731043021e-08 -121.39551599465049 9.0590324653525069 3.5824750874014812e-07 0.13122009026230202 17.311423331440803 1.0000000180025095e-35 1.1262410964097451 4.5993140776806682e-09 391.12903366330653 600.11925257148766 0.089545020891637975 7.7983646310449233 0.32993088738628279 3.8624778783159153e-10 7.9409338805090669e-23 0.40039249410158512 0.022358981364493106 39.806644853863112 30.015888264602982 6.1494825792491111e-13 909.82836450838306 11.215816160376294 929.54083285078661 0.38925711433808957 0.51102115235880252 2.6162882721282753e-08 3.9913786367212603 0.76101955513146213 0.49720573738700752 18.823518534816454 309.21741522263858 10.806129727977803 0.036317332561751854 20.263537860696456 4.5511535099703791e-09 1.1262410964097451 -98.364983623623729 558.46206265645662 28.806463029369876 289.61547457758405 1.3096377848637453 157.01379452088753 19.513984246786851 575.3950315833946 4.2020726922954212 20.351265370704354 30.904081318266055 -98.929788657456086 -105.91176647838898 17.728859201322056 0.51102115235880252 27.020756974483238 -115.06140703474749 0.77329550501624056 2.1481977000317193e-08 16.532592915686205 24.680225099050549 0.62229607951379362 51.181998212397907 54.376497166958757 850.74622158301906
decision_type=2 2 2 2 8 2 8 8 2 2 2 2 2 2 2 2 2 8 8 2 8 2 2 2 8 8 2 8 8 8 8 2 2 2 2 2 8 2 2 2 2 8 2 2 2 2 10 8 2 2 2 8 2 2 8 2 2 2 8 8 2 2
left_child=3 -2 -3 4 5 9 -7 8 23 14 -11 -12 20 15 -1 -13 17 -9 19 -19 -6 22 -22 44 43 -26 27 -27 -29 30 31 -24 42 -34 -35 39 37 38 40 -36 41 -31 -32 -23 -8 -30 48 -48 -47 -20 -41 -38 -44 54 -53 57 -57 58 59 -55 -60 -59
right_child=1 2 -4 -5 12 6 7 16 -10 10 11 13 -14 -15 -16 -17 -18 18 49 -21 21 24 29 -25 25 26 -28 28 45 36 32 -33 33 34 35 -37 51 -39 -40 50 -42 -43 52 -45 -46 46 47 -49 -50 -51 -52 53 -54 55 -56 56 -58 61 60 -61 -62 -63
leaf_value=-0.0088941801470677744 0.075323520821447554 -0.001977632372161477 0.054941014586126102 0.020458343319727904 0.0053574426216682694 0.013901955477207593 -0.0014477402760266242 -0.008206504855311084 -0.016763218584601419 0.027010380587032014 0.022972097316462742 0.0065700001624197915 -0.01498970670016099 0.012492199146286829 0.009210264018791563 -0.0087139669069719889 0.0088280707661918274 0.01843919832014505 0.00074434228803644457 0.0025940202918848885 0.0044873140978161242 -0.009246054839930044 -0.0045225793313466676 0.0034485683804851464 0.0041582075111682567 0.0056586140967221088 -0.0098547246034390162 -0.0061705154423434576 -0.0053061363704786707 0.002082061594393214 -0.00023025149862994165 0.024050985356313247 0.0078671895131635708 -0.00593381337951078 -0.0047524163535083916 0.0042640051022740516 -0.0041429617615973136 -0.0087999433580292427 0.0074410514747320954 -0.003009622838525545 -0.0069445847196685567 -0.0043492828723974523 -0.0083456110898932484 -0.003220690142494017 -0.0071319978648366833 0.0059943678909364874 -0.0073920488536047433 -0.0011139285242911146 -0.00089906927124992265 -0.0042272810174579746 0.0010689319452251661 -0.0064819112023850227 -0.0029063125783877989 0.015419022053936395 -0.00069293580755754784 -0.0041104945374848146 -0.0003833608534731774 -0.00040087781165845329 2.612621132259028e-05 -0.0031033610744292243 0.0047625219132332655 0.0028553268203856687
leaf_weight=52 51 53 50 55 79 79 65 94 85 56 56 51 50 75 50 61 73 52 81 66 99 50 72 58 63 88 55 99 58 50 50 66 52 52 67 85 57 71 51 62 53 59 52 55 51 50 71 482 51 60 290 77 61 50 1683 167 326 14883 3113 50 88 158
leaf_count=52 51 53 50 55 79 79 65 94 85 56 56 51 50 75 50 61 73 52 81 66 99 50 72 58 63 88 55 99 58 50 50 66 52 52 67 85 57 71 51 62 53 59 52 55 51 50 71 482 51 60 290 77 61 50 1683 167 326 14883 3113 50 88 158
internal_value=1.9807e-06 0.0426582 0.0259154 -0.000166012 -0.000213415 0.00328782 0.000307815 -0.00127796 -0.0065561 0.00895053 0.0119993 0.0084434 -0.000389403 0.00399352 -1.6195e-05 -0.00175775 0.00193889 0.000493307 0.00367019 0.00967291 -0.000357216 -0.00037702 -0.000297165 -0.00150257 -0.00193717 -0.00149659 -0.00187398 -0.00137532 -0.00214459 -0.000319052 0.00100492 0.00921775 -0.000475116 0.000439182 -0.0002684 0.000326719 -0.000376582 -0.00272435 -0.000667499 -0.000480265 -0.00325018 -0.00140702 -0.00386739 -0.00615007 -0.00398645 -0.00157694 -0.00123862 -0.00193187 0.00253883 -0.00138611 0.000344059 -0.000344166 -0.0054606 -0.000333451 -0.00094974 -0.000275816 -0.00165166 -0.000238748 0.000343222 0.0062188 0.000157783 -0.000366485
internal_weight=24569 154 103 24415 24360 1165 764 685 259 401 299 243 23195 187 102 112 426 353 259 118 23145 23066 21944 174 1122 1017 954 899 811 21845 909 138 771 608 556 504 20936 284 213 419 162 109 163 105 116 712 654 553 101 141 352 20652 113 20595 1760 18835 493 18342 3301 100 3201 15041
internal_count=24569 154 103 24415 24360 1165 764 685 259 401 299 243 23195 187 102 112 426 353 259 118 23145 23066 21944 174 1122 1017 954 899 811 21845 909 138 771 608 556 504 20936 284 213 419 162 109 163 105 116 712 654 553 101 141 352 20652 113 20595 1760 18835 493 18342 3301 100 3201 15041
is_linear=0
shrinkage=0.03


Tree=82
num_leaves=63
num_cat=0
split_feature=14 20 15 20 13 20 1 12 2 13 20 1 12 7 2 4 4 15 15 20 20 20 10 19 13 1 2 7 16 16 4 20 13 1 20 2 20 7 1 2 13 8 20 4 12 1 13 16 1 7 10 7 20 8 1 2 8 12 12 2 1 7
split_gain=382.885 84.1858 29.0882 9.74485 61.5555 5.77276 20.4675 21.5066 46.0895 14.8507 25.1537 18.7928 18.089 17.6974 10.1448 11.5882 19.9738 8.83026 8.004 7.24429 6.07464 5.29931 4.78625 3.87869 3.58665 5.53671 3.06418 2.78075 2.82155 2.63427 2.51963 1.99809 1.84488 5.60238 4.88634 3.71467 3.08773 2.26449 1.9135 1.72624 1.50377 3.14681 1.47572 1.37977 1.38548 1.32959 1.31061 1.24622 3.72133 2.19177 2.61078 2.40827 3.27644 1.63051 2.52685 4.80184 4.18187 3.22486 2.22161 1.54455 1.85114 1.48968
threshold=8.9068073327789978 60.392098024136153 6.3073480890464295e-07 1.0000000180025095e-35 45.601337942202939 6.6321986571914104 250.56333068208653 -104.39271375030263 5.5350522894081573 24.450873511318644 0.14639241809403253 569.04197803840009 -96.183868907156025 0.18417145221265943 5.428071033778223 56.955070283469155 75.053282305350265 5.7528882342391325e-09 7.9409338805090669e-23 0.99319722208100114 0.99319722208100114 2.2921375461793154 6.5000000000000009 3.5000000000000004 24.321434740576326 137.30136785570201 5.5853160764234682 0.28020261624104253 1.0000000180025095e-35 1.0000000180025095e-35 19.543412531240651 4.4138646168804856 18.035587566945633 324.91480905299704 19.352189251293755 4.3956891713831556 58.121631973914951 0.011581815072471803 222.77193614197853 5.1726428232039492 18.510145073565266 0.22101517333534917 1.1262410964097451 76.873958806123866 -113.08051085015229 789.30510954328508 30.385524926017613 1.0305959579886638e-06 894.48356307821007 0.47407743620995652 3.5000000000000004 0.35263075975689079 11.243684383646352 0.051811491860300991 1038.9999484889952 5.1939196852695959 0.15792976173691423 -102.81344057569383 -119.14471173462414 5.0040273839372906 811.81796292795354 0.42111948603034938
decision_type=2 8 2 8 2 8 2 2 2 2 8 2 2 2 2 2 2 2 2 8 8 8 2 2 2 2 2 2 2 2 2 8 2 2 8 2 8 2 2 2 2 2 8 2 2 2 2 2 2 2 2 2 8 2 2 2 2 2 2 2 2 2
left_child=2 -2 3 4 -1 6 23 14 9 10 -9 -12 27 18 15 20 -17 21 19 -14 -8 26 32 24 -5 30 -16 28 42 31 -26 -25 33 35 -35 -7 37 -36 43 -40 41 -34 -11 44 -37 -28 -31 49 61 51 -51 53 -53 58 59 -56 -57 -58 -42 60 -55 -49
right_child=1 -3 -4 5 -6 22 7 8 -10 12 11 -13 13 -15 17 16 -18 -19 -20 -21 -22 -23 -24 29 25 -27 45 -29 -30 46 -32 -33 40 34 36 38 -38 -39 39 -41 47 -43 -44 -45 -46 -47 -48 48 -50 50 -52 52 -54 54 55 56 57 -59 -60 -61 -62 -63
leaf_value=0.033374819099605213 0.020686695828356527 0.069448216711965993 0.02217594112484501 -0.011196891959838254 -0.0096061566553703719 0.007862902946947593 -0.009933495613014591 -0.0060354920452716345 0.029400063999482008 -0.009263827401975339 0.031962020025711579 0.0093292573669358451 0.0038452064473503494 0.019142752506304532 -0.0088773680062187946 0.019431063550765869 -0.0040595439289781172 -0.012013097599476249 0.010312641208931323 -0.011215645052763889 0.0024573991711106511 0.0043539583440129221 -0.0073737730211893603 -0.00078960391061921268 0.0054273615837491188 -0.0088649976600168462 0.0016348656069706466 -0.011146224391208414 0.0027334320115355343 -0.0061960499296278768 -0.0028508767853030466 0.0057410487171728163 0.0075793558236910029 -0.012803792216376784 0.0042655540559440848 0.0022650188386173142 -0.0047041101719369179 -0.0032659004158947778 -0.0013508626557170197 0.005840920477251833 -0.0062832675940201928 -0.0017355039777623405 -0.0024321268875932981 -0.0042904172456103623 -0.0020479244507101927 -0.0046740455175232551 -0.00012358337312060245 -0.00056114441997716933 -0.0067555885606122258 0.00082220063000635875 0.0073652509152002275 -0.008593134715309942 -0.0011099152970752508 0.00064718324254025021 -0.0016713687990141926 0.012263895959767979 -0.00014780290537081393 0.0089644471523078039 -0.00089301117848241492 -0.00034971192146132223 -0.0034229435057246257 -0.0031712729784622853
leaf_weight=50 54 81 51 76 72 53 55 55 72 54 52 91 62 73 75 80 54 90 61 52 97 98 89 123 51 107 67 50 51 88 90 63 63 50 74 111 299 68 51 71 71 66 61 109 166 53 50 2224 97 429 62 53 2168 2390 158 55 111 50 1578 11130 104 215
leaf_count=50 54 81 51 76 72 53 55 55 72 54 52 91 62 73 75 80 54 90 61 52 97 98 89 123 51 107 67 50 51 88 90 63 63 50 74 111 299 68 51 71 71 66 61 109 166 53 50 2224 97 429 62 53 2168 2390 158 55 111 50 1578 11130 104 215
internal_value=-2.62324e-06 0.0502391 -0.000237843 -0.00028572 0.00813712 -0.000328489 0.00119384 0.0032299 0.0067723 0.00427064 0.0111271 0.0177242 0.00132719 0.00684243 -0.000660995 0.00360694 0.0100047 -0.00384911 0.00163183 -0.00306245 -0.00206177 -0.00130907 -0.000469402 -0.00321267 -0.00552858 -0.00375352 -0.00416279 -0.00500747 -0.00310278 -0.000886877 0.000160514 0.00144126 -0.000441234 -0.00166669 -0.00400337 0.000381906 -0.00297888 0.000661325 -0.000412506 0.00284798 -0.000379838 0.00283692 -0.00569226 -0.00144772 -0.000317702 -0.00116717 -0.0040126 -0.000399833 -0.00102309 -0.000313688 0.0016617 -0.00036806 -0.00129228 -0.000236799 -0.00013165 0.00229777 0.00519544 0.00271996 -0.00112876 -0.000198505 0.000476155 -0.000792435
internal_weight=24524 135 24389 24338 122 24216 2051 1403 734 662 198 143 464 248 669 286 134 383 175 114 152 293 22165 648 324 248 195 216 166 324 141 186 22076 1052 491 561 441 142 508 122 21024 129 115 386 277 120 138 20895 2536 18359 491 17868 2221 15647 13998 374 216 161 1649 13624 2494 2439
internal_count=24524 135 24389 24338 122 24216 2051 1403 734 662 198 143 464 248 669 286 134 383 175 114 152 293 22165 648 324 248 195 216 166 324 141 186 22076 1052 491 561 441 142 508 122 21024 129 115 386 277 120 138 20895 2536 18359 491 17868 2221 15647 13998 374 216 161 1649 13624 2494 2439
is_linear=0
shrinkage=0.03


Tree=83
num_leaves=63
num_cat=0
split_feature=14 6 16 1 21 12 9 15 12 3 16 1 6 21 9 9 9 6 15 12 2 12 10 12 21 7 15 21 21 6 3 2 1 1 1 2 10 21 2 7 6 9 3 10 10 1 3 21 15 6 3 2 21 1 21 3 9 2 9 2 1 16
split_gain=273.753 50.2017 17.4321 12.0047 22.724 30.3433 25.6009 10.0176 6.78498 8.97899 6.32265 5.93637 3.09821 2.24109 11.2059 8.005 9.48295 10.3505 14.8621 28.621 24.6314 11.3101 7.58211 7.1729 5.0208 8.26624 4.747 3.69498 4.49809 3.31416 3.07556 3.01497 2.49644 2.46309 2.37841 2.98929 2.08012 1.76114 1.75974 2.46574 1.72439 1.44 1.36354 1.31957 2.24009 1.19348 1.18901 2.91621 2.32152 1.81691 1.5048 1.2467 6.17942 7.52939 4.74347 7.49129 2.67529 1.87616 1.84628 1.67042 1.61797 4.51912
threshold=8.6782079256889961 0.16527663011617746 47.860899604728189 1038.9999484889952 0.13122009026230202 -102.17728644623527 0.16114177123650322 3.5277852027913124e-10 -99.173408203028174 14.431971690585902 16.829531358139203 1093.2210965565102 -0.24772842237125123 0.41697579079349856 0.017888656150826247 0.07890427375738264 0.43913251903445866 0.0067044820829957894 8.0889145823496209e-10 -107.85913070674262 5.3943475127872427 -93.287250154809769 3.5000000000000004 -100.2705744626319 0.031908323497307108 0.14600073917141113 3.1763735522036267e-22 0.011303803562451703 0.031908323497307108 -0.057679691702085971 34.975947216050109 5.428071033778223 424.31761665047503 467.73852410602558 929.54083285078661 4.9090488300622521 3.5000000000000004 0.059577513970665803 5.2254874885709919 0.16094386313324985 -0.37497791051143708 0.20231166961625749 28.799540434568353 4.5000000000000009 3.5000000000000004 320.38917523516358 0.24688349618768055 3.8352823710386104 2.3063171735382679e-07 -0.16072697926990107 -1.0000000180025095e-35 5.318077129790777 0.57413215796177408 359.70343467763655 0.52703142032427708 19.513984246786851 0.15336224830049974 5.5729076426863573 0.006093683551156027 5.601368562370352 29.355371287674455 5.6399211721882727
decision_type=2 2 2 2 8 2 2 2 2 2 2 2 2 8 2 2 2 2 2 2 2 2 2 2 8 2 2 8 8 2 2 2 2 2 2 2 2 8 2 2 2 2 2 2 2 2 2 10 2 2 2 2 8 2 8 2 2 2 2 2 2 2
left_child=2 -2 3 10 5 7 -7 -5 9 -6 13 -11 -13 14 -1 26 17 21 27 32 22 24 -21 29 25 31 33 -19 -29 -18 40 -17 -20 -16 46 -36 -14 -28 -37 42 -26 -42 -40 44 -10 -43 47 49 51 -15 -51 52 53 -48 55 57 -57 -53 -54 -58 61 -56
right_child=1 -3 -4 4 8 6 -8 -9 43 11 -12 12 36 34 15 16 23 18 19 20 -22 -23 -24 -25 30 -27 37 28 -30 -31 -32 -33 -34 -35 35 38 -38 -39 39 -41 41 45 -44 -45 -46 -47 48 -49 -50 50 -52 54 58 -55 60 56 59 -59 -60 -61 -62 -63
leaf_value=0.012688263703275336 0.056922308653593059 0.019454090895596892 0.013738685258198529 -0.010129999087350267 0.012572259293129181 0.037444324945647485 0.0099234951530359199 0.0084960594329544729 -0.0031826217685634868 0.0073687228321531704 -0.010870556496083737 0.0045495869222042309 -0.00097630763005825767 0.002592434713707222 0.0035714176247295523 -0.016729471632872115 0.0049386992420141513 -0.0059587575515880325 -0.0061181536253738719 0.0021726362137789172 0.035505440615336684 0.0093568636172650637 0.018276213206460373 -0.012954229468216552 0.002380873027981983 0.0012826706615050097 -0.013707176250502256 0.0086724966536484548 -0.00041081585775827985 -0.0051890794678845194 0.0040371455285040771 -0.006548938869075341 0.0025890289894912556 -0.0051786336819641295 -0.0095033028385498458 0.0032776802570066033 -0.0078793422766434765 -0.0056642777615172023 -0.0043624703203135259 -0.0079026397632523653 8.1233471681020766e-05 -0.002770844223958097 0.001550616827960848 -0.0069294934913418007 0.0037900063179104643 -0.009187045657240293 7.2357619231119084e-05 -0.008587482975692385 -0.0063545289778513666 -0.0010178001038730143 -0.0068418836060623609 0.0052421592797863761 0.0037123306728525287 0.012308513653476403 7.5411904261846337e-05 -0.014201731527349553 -0.0098417529774507354 -0.002579753926167121 -0.00028970604666977534 -0.0024951520331558726 -0.00061700743150364633 0.0077549035437216324
leaf_weight=66 82 55 79 52 72 50 78 50 223 87 51 50 92 88 55 54 51 65 51 55 50 83 50 68 53 73 52 66 183 65 101 54 68 59 53 50 68 50 57 62 56 56 88 56 50 50 106 53 58 155 53 58 104 78 1014 51 51 51 8722 62 10620 73
leaf_count=66 82 55 79 52 72 50 78 50 223 87 51 50 92 88 55 54 51 65 51 55 50 83 50 68 53 73 52 66 183 65 101 54 68 59 53 50 68 50 57 62 56 56 88 56 50 50 106 53 58 155 53 58 104 78 1014 51 51 51 8722 62 10620 73
internal_value=-2.09684e-05 0.0421303 -0.000242358 -0.000288336 0.0030562 0.0112122 0.0208807 -0.00100574 0.000356484 0.00314535 -0.000421144 0.000825521 -0.00190731 -0.000397848 0.000673296 0.000159799 0.00101759 0.00201566 0.00481701 0.0099092 0.0183624 -0.000827727 0.00994108 -0.00529464 -0.00254395 -0.00651316 -0.0051893 0.000356156 0.00202187 -0.000732196 -0.00025707 -0.011746 -0.00116251 -0.000962771 -0.000478505 -0.00308328 -0.00394082 -0.00985785 -0.00172761 -0.00294656 -0.0022837 -0.00381501 -0.000787797 -0.00277151 -0.00189641 -0.00585493 -0.000440625 -0.00217496 -0.000411766 -0.00100172 -0.00252746 -0.000395043 -0.00012842 0.00529792 -0.000595538 -0.0044975 -0.00853003 0.00159218 -0.000242133 -0.00586812 -0.000504171 0.0005978
internal_weight=24536 137 24399 24320 928 230 128 102 698 369 23392 297 210 23341 1634 1568 1352 1168 588 274 155 580 105 184 497 181 216 314 249 116 316 108 119 114 21707 310 160 102 257 207 215 162 145 329 273 106 21397 349 21048 296 208 20990 9010 184 11980 273 164 109 8826 113 11707 1087
internal_count=24536 137 24399 24320 928 230 128 102 698 369 23392 297 210 23341 1634 1568 1352 1168 588 274 155 580 105 184 497 181 216 314 249 116 316 108 119 114 21707 310 160 102 257 207 215 162 145 329 273 106 21397 349 21048 296 208 20990 9010 184 11980 273 164 109 8826 113 11707 1087
is_linear=0
shrinkage=0.03


Tree=84
num_leaves=63
num_cat=0
split_feature=10 1 7 20 15 1 11 12 3 12 15 15 15 6 20 11 20 19 6 1 11 20 19 15 20 8 9 8 8 11 11 12 3 15 3 7 9 1 1 2 20 10 3 20 20 15 20 6 10 1 1 7 6 9 20 12 1 1 9 20 10 9
split_gain=171.098 100.793 64.0013 12.0811 35.8529 8.52294 10.9681 27.0721 6.09444 8.59318 5.95923 3.70221 3.01491 14.3833 18.1182 2.31533 3.07714 4.96 3.55317 3.54886 4.21581 2.93233 17.0597 27.3431 52.1991 27.1381 15.751 4.6082 5.53689 6.08414 4.48142 9.89028 3.86095 3.85891 2.68245 3.05983 2.42653 2.386 2.18255 2.10336 2.02168 1.83755 5.19566 1.73159 1.64444 2.53025 1.68568 2.40633 1.64273 1.57454 1.64399 1.54076 1.99482 3.84569 1.54068 1.51851 1.47106 1.43429 1.40872 2.27571 1.28006 1.25229
threshold=16.500000000000004 99.039274249284219 0.1355678685678581 6.1494825792491111e-13 4.035025861196013e-09 1221.8018272717502 -102.28221684943648 -91.559779009846267 16.532592915686205 -102.90318805436048 1.597970854746728e-09 2.9769537023127601e-07 6.4145076625710538e-08 0.036902471983588432 41.277004969171557 -111.70004647075699 27.543823515316401 3.5000000000000004 -0.08459346680724121 261.23437931061454 -115.52025001487499 9.831486006680473 2.5000000000000004 1.6298327266671608e-09 1.2878994310186551 0.29856457821189381 0.26309680213241299 0.16683702427524774 0.24497327737868616 -105.99015054168298 -95.996028416438335 -104.30432791575049 14.071958863149701 4.0020604480009421e-09 33.175190609334301 0.019238124966313167 0.26499323806789726 12.249286541477753 1168.1806914616852 5.3972824204135241 3.1176223902685902 5.5000000000000009 13.634954221758102 13.298681841841001 75.046621891925454 3.4679326804210185e-08 68.391808752417475 -0.38557740785195155 5.5000000000000009 43.425369299327755 108.00201047138701 0.12314496810073551 0.35226216413312866 0.034501946008663971 2.7049843814447656 -107.71727348506228 179.49419800565053 23.269913566721904 0.48687679242085485 43.168318447620507 2.5000000000000004 0.09334572154674349
decision_type=2 2 2 8 2 2 2 2 2 2 2 2 2 2 10 2 8 2 2 2 2 8 2 2 8 2 2 2 2 2 2 2 2 2 2 2 2 2 2 2 8 2 2 8 10 2 10 2 2 2 2 2 2 2 8 2 2 2 2 8 2 2
left_child=3 -2 -3 4 8 11 -7 -8 -1 -10 -9 12 15 14 -14 16 17 18 19 -5 -21 22 23 27 26 -26 -25 30 -29 -30 31 -17 -31 40 -20 -36 -34 39 41 -18 -24 44 -43 56 45 46 58 -48 57 -49 -51 52 -46 -54 -35 -56 -19 -39 61 -60 -42 -23
right_child=1 2 -4 5 -6 6 7 10 9 -11 -12 -13 13 -15 -16 21 37 43 34 20 -22 38 33 24 25 -27 -28 28 29 32 -32 -33 36 54 35 -37 -38 48 -40 -41 60 42 -44 -45 51 -47 47 49 -50 50 -52 -53 53 -55 55 -57 -58 -59 59 -61 -62 -63
leaf_value=-0.0072188076496655408 0.063621960658436782 -0.0011844912997136514 0.039095306082044617 -0.011907658171952671 0.023694925444573162 -0.0047729244889495401 0.021707992665918475 0.0057268496026422399 -0.0022141788829118012 0.012231911753572649 -0.0078273529424872576 -0.0076488597212093215 -0.002600072444452403 -0.006218363777906806 0.021769505789882296 0.010175741948670585 -0.009248288921519833 0.0055223725933562185 -0.0067131094736708162 -0.0096536202234346995 0.0011371803652397842 -0.00083878243806071633 -0.0028695672840481942 -0.0080379332876188703 0.038484474836100999 0.0093906976901652183 0.010492849521121226 -0.0080216817065746973 0.0092427942896346465 0.0023838456608064004 0.010122392904055748 -0.0070567257909873579 -0.010065773927570514 -0.0088524478922403452 -0.0038308998592423674 0.0039046834136337739 -0.0010247193194706649 0.0028405691887989329 -0.0044804544596037639 -0.0012020386988992123 -9.7849486222039049e-05 -0.0091541213283658409 0.0020684037827057382 -0.0018862094053292821 -0.00066865297149514599 0.0063534149617448243 0.0073931913110850886 -0.0032328635198296978 0.0048735133669448689 0.0053637269311730051 0.00062094646248212404 -0.0013909044306020897 0.008846942570822483 0.00046343452820896976 0.00042739745176046106 -0.0053218439033662435 -0.00021446796660513982 -0.00067970932574899193 -0.0057191808746033983 -0.00036587777516345656 0.0046497969622402617 -2.3891085109077784e-05
leaf_weight=74 51 89 58 92 74 75 82 60 99 58 55 62 51 80 58 52 52 71 83 63 66 2096 245 88 70 50 76 96 54 95 66 68 57 66 98 85 50 107 115 66 430 75 72 191 2873 53 54 74 50 79 372 2102 54 472 60 131 91 2953 108 208 57 8904
leaf_count=74 51 89 58 92 74 75 82 60 99 58 55 62 51 80 58 52 52 71 83 63 66 2096 245 88 70 50 76 96 54 95 66 68 57 66 98 85 50 107 115 66 430 75 72 191 2873 53 54 74 50 79 372 2102 54 472 60 131 91 2953 108 208 57 8904
internal_value=-1.00981e-05 0.0276802 0.014865 -0.000250367 0.00567312 -0.000325524 0.00494515 0.00865035 -0.000177352 0.00316623 -0.000767189 -0.000385861 -0.000366603 0.00339742 0.0104472 -0.000396903 -0.0010479 -0.00266431 -0.00462379 -0.00742817 -0.00416647 -0.000261201 0.000888298 0.00407961 0.0115926 0.0265399 0.000561051 9.94893e-05 -0.00191778 0.000393491 0.00390695 0.00043306 -0.00200604 -0.00176558 -0.00227475 -0.000236176 -0.00588959 -0.00062658 -0.000378784 -0.00479576 -0.000652658 -0.000351724 -0.00368054 4.44282e-05 -0.000323471 -0.000125833 -0.000155234 0.00142219 -0.000466902 0.000795145 0.00146175 -0.000752634 -0.000357624 0.00133925 -0.00492064 -0.00352298 0.00231828 -0.000555727 -0.000236064 -0.00220776 0.000466219 -0.000179227
internal_weight=24616 198 147 24418 305 24113 272 197 231 157 115 23841 23779 189 109 23590 4068 840 487 221 129 19522 1811 822 284 120 164 538 352 256 186 120 202 989 266 183 107 3228 17711 118 732 17596 147 353 17449 11948 11895 579 3110 525 451 5501 3399 526 257 191 162 3060 11316 316 487 11000
internal_count=24616 198 147 24418 305 24113 272 197 231 157 115 23841 23779 189 109 23590 4068 840 487 221 129 19522 1811 822 284 120 164 538 352 256 186 120 202 989 266 183 107 3228 17711 118 732 17596 147 353 17449 11948 11895 579 3110 525 451 5501 3399 526 257 191 162 3060 11316 316 487 11000
is_linear=0
shrinkage=0.03


Tree=85
num_leaves=63
num_cat=0
split_feature=13 16 7 7 21 15 21 12 2 7 2 2 5 3 5 3 7 10 10 21 13 3 12 15 19 2 3 3 9 13 11 7 7 21 2 2 19 19 15 9 3 12 2 21 7 3 2 3 2 9 12 2 21 12 3 13 15 21 3 2 21 21
split_gain=227.44 43.1552 80.9736 31.1303 18.1521 55.8184 7.99046 27.1697 56.3213 8.99662 14.0218 11.0212 7.0212 8.19866 6.8102 7.29774 5.45349 5.23877 5.17481 3.21269 13.6245 29.5693 5.77394 8.53861 19.577 25.0761 5.47481 9.70491 3.87873 3.60023 2.65518 2.0435 1.78612 1.57082 2.58036 2.713 2.08952 1.90296 1.56942 3.15383 1.47898 1.86297 1.82478 1.45344 1.37603 1.23539 1.22626 1.08731 1.46882 2.51304 3.95226 2.18386 3.19083 1.51178 1.45837 2.63306 5.40993 1.91377 1.41805 1.43549 2.82397 2.06892
threshold=-3.5216215127893089 41.48643621330298 -0.025246661063717198 0.1355678685678581 1.0000000180025095e-35 7.9409338805090669e-23 0.036504684508943612 -105.79239487347543 5.4806308093631548 -0.036883317762114835 4.9286018101705933 5.1634696226627002 42.66620902526936 36.907829407715262 -16.356334205069146 19.315809432248553 -0.089066871611033868 6.5000000000000009 3.5000000000000004 0.64996894818873363 18.920749435700227 17.525790371952557 -107.31662130986301 1.387982571819164e-09 2.5000000000000004 5.2647372739416864 23.796265983207803 19.676353691275803 0.19851509948148663 25.56413522597008 -105.20937836045898 -0.41850624127896369 0.29196967991610828 0.36715599833097856 5.4770369579859102 4.9978485003670405 2.5000000000000004 4.5000000000000009 2.7295858633172573e-08 0.43547642404199555 38.841688986176656 -117.562192755498 5.5162867529058213 5.1336557694148004 0.14600073917141113 70.991715117796062 5.5256716121087788 28.026889730076054 4.5355110296109267 0.12659986639959622 -88.598476477287036 4.7302852535778577 1.4739805931309302 -106.12707172905148 38.841688986176656 18.717810654952647 1.0552450001778073e-08 0.76101955513146213 27.185275420564604 5.5853160764234682 0.70512962592671713 0.77329550501624056
decision_type=2 2 2 2 8 2 8 2 2 2 2 2 2 2 2 2 2 2 2 8 2 2 2 2 2 2 2 2 2 2 2 2 2 8 2 2 2 2 2 2 2 2 2 8 2 2 2 2 2 2 2 2 10 2 2 2 2 8 2 2 8 8
left_child=3 4 -3 -1 5 -2 7 12 9 14 -11 -12 13 18 -9 -16 -15 19 -6 20 21 -8 26 31 25 -25 27 29 -23 -22 -26 -24 40 46 35 -35 -37 -36 45 43 44 -42 -43 -40 -28 47 -33 58 49 50 -49 52 -50 -54 55 56 -53 -56 59 61 -61 -21
right_child=1 2 -4 -5 6 -7 17 8 -10 10 11 -13 -14 16 15 -17 -18 -19 -20 38 22 28 23 24 30 -27 32 -29 -30 -31 -32 33 -34 34 37 36 -38 -39 39 -41 41 42 -44 -45 -46 -47 -48 48 51 -51 -52 54 53 -55 57 -57 -58 -59 -60 60 -62 -63
leaf_value=0.026502532063630117 -0.0075952034726956734 -0.0077310474166425603 0.0412810075912802 0.059006064241582695 -0.0054135501714024153 0.03460907436083429 0.028007174341234047 -0.010642690991654115 0.036477129207924001 0.020998659337249894 -0.0071332487139593934 0.0097190253231251109 0.0066428265973644436 -0.0078278911711746144 0.0092329715006053449 -0.0056962357088923459 0.003799406501278281 -0.009031032453335466 -0.017024579910775186 0.0022710378069181881 -0.007655421576315634 0.006612027687424759 -0.0055063474430487704 0.0033322287641749425 0.005363452520508032 0.027782265977058115 4.5689306738279241e-06 -0.016975449333424746 -0.0043233595342160418 0.0023822866863495592 -0.0023333137941857181 -0.00047993050517345016 -0.0039838145172582306 0.0039850435566963485 0.006952413752086853 -0.0069588264042249647 -0.00029978228193949764 0.00047887095441556953 -0.0034320514762021248 0.0041593136943199414 -0.0018030781555371206 0.00054877000105268546 0.0081804926018981677 0.0012906003779019502 -0.0053893950229717625 -0.0042545474804080033 -0.0046444031104714749 0.010472510696028269 0.001353281085118967 0.0001640612314844767 -0.00023559105392667416 0.010421715361364263 -0.00046088987329442584 -0.0062172918221146643 -0.0057344854865550585 6.3691036586285756e-05 -0.00056309853857383131 -0.00050295582769928977 -0.0023971940429260733 -0.0074374803088862644 -0.00096911272101411988 -0.0004291703959709124
leaf_weight=57 61 58 62 54 83 51 50 50 53 53 57 87 52 56 64 53 99 62 60 263 56 52 64 95 51 62 201 55 64 73 179 274 108 81 94 63 126 72 445 65 60 52 61 67 53 75 82 61 117 360 62 67 55 163 63 4114 99 3818 387 61 3073 7838
leaf_count=57 61 58 62 54 83 51 50 50 53 53 57 87 52 56 64 53 99 62 60 263 56 52 64 95 51 62 201 55 64 73 179 274 108 81 94 63 126 72 445 65 60 52 61 67 53 75 82 61 117 360 62 67 55 163 63 4114 99 3818 387 61 3073 7838
internal_value=-7.28235e-07 -0.000148046 0.0177237 0.0427007 -0.000236947 0.011759 -0.000292926 0.00271822 0.00788279 0.0036308 0.00795694 0.00304514 -0.00343993 -0.00521567 -0.00148947 0.00247921 -0.000424674 -0.000391556 -0.0103697 -0.000368261 0.000742842 0.00896877 4.26523e-05 0.00128012 0.00497186 0.0131024 -0.00209548 -0.0065443 0.000593326 -0.00200054 -0.000610809 -0.000392772 -0.000556068 2.68687e-05 0.00123289 -0.000578095 -0.00254441 0.00416429 -0.000479542 -0.00202149 0.000318185 0.00244993 0.00470417 -0.00281274 -0.00113766 -0.000436416 -0.00144949 -0.000422309 -0.000174323 0.00143322 0.00511656 -0.00026587 -0.00263619 -0.00477372 -0.00016826 0.000213608 0.00390639 -0.000589334 -0.000613869 -0.000552233 -0.00109734 -0.000341238
internal_weight=24553 24442 120 111 24322 112 24210 767 417 364 197 144 350 298 167 117 155 23443 143 23381 2128 166 1962 1243 387 157 719 184 116 129 230 856 535 792 436 270 189 166 21253 577 427 173 113 512 254 20676 356 20601 8979 483 123 8496 335 218 8161 4280 166 3881 11622 11235 3134 8101
internal_count=24553 24442 120 111 24322 112 24210 767 417 364 197 144 350 298 167 117 155 23443 143 23381 2128 166 1962 1243 387 157 719 184 116 129 230 856 535 792 436 270 189 166 21253 577 427 173 113 512 254 20676 356 20601 8979 483 123 8496 335 218 8161 4280 166 3881 11622 11235 3134 8101
is_linear=0
shrinkage=0.03


Tree=86
num_leaves=63
num_cat=0
split_feature=14 7 20 13 8 20 7 11 2 10 10 13 2 4 6 3 7 2 2 11 7 3 7 4 3 8 20 7 3 19 6 8 3 3 20 2 6 3 13 20 13 7 10 17 13 13 20 13 7 20 3 13 7 2 2 4 6 4 20 3 2 20
split_gain=140.74 58.3755 13.0412 30.3732 16.0239 15.4607 13.6899 11.625 34.1314 15.0989 10.287 8.65588 8.54081 10.0333 8.21779 7.05579 6.32851 5.12291 4.75016 5.27392 3.37961 4.17431 2.72152 2.31849 1.43633 1.2818 3.4503 4.78296 4.86373 5.67732 1.88849 1.38653 4.78956 7.21768 2.41617 1.50526 1.32288 1.22627 3.53153 9.29313 1.73175 2.19529 1.58597 1.3064 5.38804 2.93543 2.14966 1.57194 1.42772 1.29644 1.28033 1.19802 1.16033 1.16495 2.04499 3.14135 2.45824 1.40299 1.5801 2.65337 1.15289 1.15008
threshold=8.6782079256889961 -0.14835280910264934 1.7925050432673102 19.476696818100418 0.46569694722940685 1.6136882485306052 0.11013758171034561 -105.29322089751098 5.5350522894081573 3.5000000000000004 16.500000000000004 9.7997819546966642 4.8483674451886047 56.955070283469155 -0.34129996555136616 23.589968386719551 -0.12914164911925316 5.3521459896643906 5.1203864527833467 -98.941534006283732 -0.1995460595273286 23.228240582975051 -0.057761029570225546 19.931682643641256 63.997020780382705 0.41446632665195887 17.348097489993553 0.079571215391380803 21.143272630841704 3.5000000000000004 -0.43393355667329553 0.39247100637370858 15.952065460059401 10.806129727977803 14.167381513114753 5.3662238919002396 -0.37842183942996493 23.589968386719551 15.332246218324629 49.014461036229754 12.592107726904347 0.058388079660763655 5.5000000000000009 2.8557254263681475 19.298770852297597 19.378978424806743 16.267337256559554 19.798410162809187 0.46271158099761062 234.13158316262053 17.728859201322056 25.794962342787489 0.36064676385691202 4.2567162521428648 4.9090488300622521 54.499077627874009 0.41777868110546695 23.476911465860905 40.74343990171181 21.462984176492352 5.0724311347625148 17.808089106902404
decision_type=2 2 8 2 2 8 2 2 2 2 2 2 2 2 2 2 2 2 2 2 2 2 2 2 2 2 8 2 2 2 2 2 2 2 8 2 2 2 2 8 2 2 2 2 2 2 10 2 2 10 2 2 2 2 2 2 2 2 8 2 2 10
left_child=2 -2 3 6 5 7 16 14 9 12 11 -4 -9 15 -5 18 -1 -16 -14 -20 -19 -22 -17 -23 25 31 27 28 -27 -30 -29 36 33 35 -34 -33 51 38 39 -38 41 -39 43 45 -45 46 -40 -47 49 -49 -48 -13 53 -28 55 61 -57 58 59 -56 -26 -55
right_child=1 -3 10 4 -6 -7 -8 8 -10 -11 -12 24 13 -15 17 22 -18 20 19 -21 21 23 -24 -25 60 26 52 30 29 -31 -32 32 34 -35 -36 -37 37 40 42 -41 -42 -43 -44 44 -46 47 50 48 -50 -51 -52 -53 -54 54 57 56 -58 -59 -60 -61 -62 -63
leaf_value=0.013418480548120679 0.0044431503783338346 0.044876277631741353 -0.011981625112692764 0.0082361794602783273 -0.013870976439544132 0.015227025951927814 0.023557003907520663 0.010053287326331234 0.025718057630583643 0.012710745252430612 0.0099287634246565133 -0.0055974085774039848 -0.014269401446560068 0.0090572479304115647 -0.010504831336343622 -0.0035792490708726372 -0.00078267312977564304 0.0023281139777868646 -0.010794133003016569 0.00042492447304539379 -0.012106044160969116 -0.0066685507672005571 0.0046994495559752412 0.0012166469004402708 0.00052488027199953122 -0.0013511304204024714 -0.0040522754689989501 0.0042690468442571506 -0.016960381130545828 -0.0045436085076837598 -0.0022113327206316168 -0.0024290950977908315 -0.0066260225916307215 0.010681236823450546 -1.6261123406249018e-05 0.0030749820441142032 0.014276106003055568 0.0004092641435519634 -0.0093327053367872441 -0.0022536881638134452 -4.8460779557775395e-05 -0.0083005222381325443 -0.0046588793509702584 0.010039056711765134 -0.0014167963666113792 0.0046701648097266166 -0.0039260777453105746 -0.00064295855448965244 0.0015266502429213788 -0.0037754368339629153 0.0011638680113745588 -0.0012537657077215155 -0.00199483551681122 -0.0032375584226626325 0.007279695483442386 0.010360506055317511 0.0012661843349297459 -0.0011641057156212495 -0.00026893373725131643 -0.00023996469157847386 0.0044321397791306175 0.0011489091817969204
leaf_weight=62 51 87 57 50 62 70 76 55 55 85 86 74 67 58 97 65 51 88 68 83 50 56 77 81 279 106 75 67 58 78 99 82 53 97 636 96 50 52 50 76 9122 51 88 51 127 50 153 7054 269 120 62 244 463 70 71 56 51 1562 845 102 89 221
leaf_count=62 51 87 57 50 62 70 76 55 55 85 86 74 67 58 97 65 51 88 68 83 50 56 77 81 279 106 75 67 58 78 99 82 53 97 636 96 50 52 50 76 9122 51 88 51 127 50 153 7054 269 120 62 244 463 70 71 56 51 1562 845 102 89 221
internal_value=-5.66564e-06 0.0300731 -0.000199821 0.00265838 0.000846638 0.00168422 0.0137819 0.000754465 0.00339023 0.00114739 -0.000367767 -0.000406687 -0.000953022 -0.00242176 -0.00307323 -0.00429112 0.00705847 -0.00461132 -0.00766859 -0.00466514 -0.00250199 -0.00477527 0.000911375 -0.00203147 -0.000377417 -0.000407739 -0.000900536 -0.0035086 -0.00619004 -0.00992414 0.000414143 -0.00030405 0.000803374 0.00414282 -0.00053357 0.000539991 -0.00036443 -0.000329261 -0.000597374 0.00436652 -9.23525e-05 -0.00394169 -0.000675856 -0.000631108 0.00190325 -0.000689494 -0.00378669 -0.000579467 -0.000615355 -0.000695875 -0.00245969 -0.00227893 -0.000596983 -0.000384409 -0.000290706 0.00170822 0.00607769 -0.00059961 0.000266834 0.00287024 0.00147929 8.62712e-05
internal_weight=24586 138 24448 1356 1167 1105 189 1035 613 558 23092 23006 473 418 422 360 113 372 218 151 275 187 142 137 22949 22581 3924 408 242 136 166 18657 964 275 689 178 17693 17375 8150 126 9225 103 8024 7936 178 7758 265 7493 7443 7174 215 318 3516 3053 2978 398 107 2580 1018 173 368 291
internal_count=24586 138 24448 1356 1167 1105 189 1035 613 558 23092 23006 473 418 422 360 113 372 218 151 275 187 142 137 22949 22581 3924 408 242 136 166 18657 964 275 689 178 17693 17375 8150 126 9225 103 8024 7936 178 7758 265 7493 7443 7174 215 318 3516 3053 2978 398 107 2580 1018 173 368 291
is_linear=0
shrinkage=0.03


Tree=87
num_leaves=63
num_cat=0
split_feature=16 21 0 20 15 20 15 12 12 21 3 21 7 8 21 11 16 16 20 21 3 9 20 20 3 9 12 0 16 11 11 20 7 21 9 7 10 7 15 8 21 8 8 10 21 21 21 8 20 20 9 0 3 21 8 21 9 8 10 21 20 21
split_gain=296.682 54.4804 39.9887 16.1557 57.2869 6.1343 15.612 18.7459 11.7027 19.9061 12.3963 12.6475 10.7433 8.96931 4.40688 3.89517 22.3017 12.2671 3.50801 3.13632 12.3304 9.82882 2.36476 12.494 5.78348 9.80899 2.27376 2.25289 2.14535 4.50118 3.48676 2.88603 3.10326 1.64032 1.51418 1.27976 2.23847 1.77448 3.0773 1.62016 1.56458 9.15538 7.82312 10.2223 1.55072 1.37446 3.05374 13.3783 1.32237 2.86622 1.39188 1.26836 1.18313 1.27516 1.2549 1.33143 1.14334 1.54872 2.08603 1.72741 1.70612 1.2157
threshold=47.860899604728189 3.3774467137967803 352.76072856159902 1.0000000180025095e-35 5.1482052170391682e-10 0.57266716634020465 5.8806844089848277e-09 -108.02442962227799 -100.7276105193985 0.018830733328088902 12.464775634783001 0.88281764863260215 0.2598988694473397 0.3188363856566459 0.19901951054834402 -115.06140703474749 12.418632441928176 14.63815979500613 1.7925050432673102 0.028814196311226805 17.881221724896204 0.25152872203063664 1.4609906702845001 1.7925050432673102 20.480497002503352 0.28755568446200824 -100.61878756137999 214.79837848030752 0.19628070839744793 -119.98709787691699 -122.29690028285249 93.803938268026869 0.011581815072471803 2.4022276749403901 0.32993088738628279 0.47407743620995652 3.5000000000000004 0.42111948603034938 5.3808392482559612e-09 0.0019569993391117539 0.16606176382265053 0.39668783834501437 0.31463978303582857 2.5000000000000004 1.3208041207073504 0.26033745762689259 0.31128966559874655 0.29069942468642834 61.057269255541655 35.328528899555707 0.42576594753179192 423.68029790605505 56.718912685331951 1.6815004582278552 0.39668783834501437 3.0296150535188402 0.095421230088821765 0.075303392527384286 3.5000000000000004 1.3992072946133203 89.026908679007065 3.1741424522284007
decision_type=2 10 2 8 2 8 2 2 2 8 2 8 2 2 8 2 2 2 8 8 2 2 8 8 2 2 2 2 2 2 2 8 2 10 2 2 2 2 2 2 8 2 2 2 8 8 8 2 8 8 2 2 2 8 2 10 2 2 2 8 8 10
left_child=3 2 -2 4 -1 6 8 -8 12 -10 -11 -12 13 14 -5 16 18 19 -7 20 -17 -22 24 -24 26 -26 -21 -20 30 -30 31 32 33 -29 -33 37 -37 39 48 -25 41 42 43 -41 -40 -42 47 -47 49 -39 -50 -51 -48 -54 55 -55 -32 60 61 -60 -58 -59
right_child=1 -3 -4 5 -6 15 7 -9 9 10 11 -13 -14 -15 -16 17 -18 -19 27 22 21 -23 23 35 25 -27 -28 28 29 -31 56 34 -34 -35 -36 36 -38 38 44 40 45 -43 -44 -45 -46 46 52 -49 50 51 -52 -53 53 54 -56 -57 57 58 59 -61 -62 -63
leaf_value=-0.0067337486554627079 0.0107675228593871 0.06408653130181706 0.04351987416046145 -0.011285393856657559 0.034991682233179319 -0.007815480320079421 0.0050900526534555096 -0.019955421461300415 0.02332448925833245 -0.0035295381264821173 0.022175238213556651 0.00092280884273350234 0.01150860208255567 0.0066871988041592488 -0.00075429213455035571 0.011678501333792442 -0.020909067024835026 0.013395715340506285 -0.0066606761502886287 -0.0038045747621314754 -0.0089702735446557848 0.0058809913863967118 0.011715888528954945 -0.0045244417967394554 0.0071499564110611875 -0.0079472539210965962 -0.012576665119339459 -0.0020883302332922109 -0.010153784426150931 -0.00076815060510430043 0.00087485750238258447 0.0017214776658093427 0.0084508117379620672 0.0050406113654995954 -0.0039965894656308308 0.00032461884187987857 0.0053326132870279248 -0.0014830896161280196 -0.0092797386681830341 -0.0025484631039069277 -0.0028441620095683048 0.012245112781172558 -0.010999484679912432 0.011301435166314034 -0.0031485196111400511 -0.0034373962916792013 -0.00027100768412918058 0.01633836814257152 -0.0062467999843977178 0.0070314822236575902 -0.0011519063095867116 0.001172101572433959 0.0054756895979529681 -4.5666258992455974e-05 -0.002303743582476485 0.0042754810494627085 0.0035311935797411324 -0.0017938931618900046 -0.0084144838642595064 -0.002590125525349994 -0.0021714763148754303 0.0013351603913270718
leaf_weight=70 67 51 68 84 50 65 52 54 67 92 50 50 60 62 62 94 51 59 56 53 84 75 78 77 89 67 55 62 62 171 243 100 99 53 70 493 95 205 54 147 178 61 51 70 120 77 18068 50 52 67 551 66 57 156 93 108 107 513 69 137 83 142
leaf_count=70 67 51 68 84 50 65 52 54 67 92 50 50 60 62 62 94 51 59 56 53 84 75 78 77 89 67 55 62 62 171 243 100 99 53 70 493 95 205 54 147 178 61 51 70 120 77 18068 50 52 67 551 66 57 156 93 108 107 513 69 137 83 142
internal_value=-7.63329e-06 0.0377945 0.0274637 -0.000137469 0.0107974 -0.000191986 0.00272016 -0.00773622 0.00483401 0.00936853 0.00440287 0.0116634 0.000433232 -0.00280137 -0.00684884 -0.000270099 -0.00150859 -0.000150323 -0.00101162 -0.000188133 0.00312575 -0.00197199 -0.000227756 -0.000192164 -0.00304399 0.000656578 -0.00834624 -0.000782928 -0.000607293 -0.00329833 -0.000231884 0.00227486 0.00458469 0.00121231 -0.000642623 -0.000237173 0.00114141 -0.000277143 -0.00144008 -0.000209511 -0.000191895 0.00185592 -0.000545516 0.00195059 -0.00509347 -0.000227853 -0.000202676 0.00441516 -0.000759849 0.000740871 -0.00160088 0.00415427 -0.000234645 0.00134915 0.000676832 0.00173154 -0.000976953 -0.00140553 -0.00194615 -0.00457223 0.0010417 -0.00111453
internal_weight=24572 186 135 24386 120 24266 633 106 527 259 192 100 268 208 146 23633 2083 21550 2032 21491 253 159 21238 20974 264 156 108 1967 1911 233 1678 384 214 115 170 20896 588 20308 1115 19193 19116 329 268 217 174 18787 18609 127 941 338 603 133 18482 414 357 264 1294 1051 861 206 190 655
internal_count=24572 186 135 24386 120 24266 633 106 527 259 192 100 268 208 146 23633 2083 21550 2032 21491 253 159 21238 20974 264 156 108 1967 1911 233 1678 384 214 115 170 20896 588 20308 1115 19193 19116 329 268 217 174 18787 18609 127 941 338 603 133 18482 414 357 264 1294 1051 861 206 190 655
is_linear=0
shrinkage=0.03


Tree=88
num_leaves=63
num_cat=0
split_feature=16 1 17 2 20 10 20 21 11 9 1 7 1 21 9 10 12 7 11 2 21 9 11 21 6 10 21 20 21 10 20 21 17 21 1 7 10 11 6 21 6 17 6 11 10 2 16 1 21 7 21 21 11 20 7 7 21 20 6 12 21 21
split_gain=197.824 61.347 87.333 38.0666 11.4162 31.7468 6.25183 14.2639 21.1106 16.6737 17.0381 14.7181 14.4355 15.7857 17.6966 14.9681 10.3643 17.4657 8.09143 8.20298 5.30822 4.22697 4.15722 3.84032 3.29379 3.44984 4.23979 3.92498 2.87265 2.10951 4.0779 9.69156 1.98498 5.42605 3.50275 1.73131 3.09154 1.5939 1.96902 1.79192 2.07806 1.80111 1.37787 1.7095 1.92307 1.57626 1.35526 1.31164 1.41558 1.22131 1.1807 2.01171 1.4917 1.11998 1.05651 1.5538 4.35867 1.30521 1.05885 1.03703 1.15577 1.54226
threshold=28.035921372148071 99.039274249284219 9.6678479196306988 5.0605517886005753 1.0000000180025095e-35 1.5000000000000002 6.6321986571914104 0.77329550501624056 -110.51906731357398 0.056081557370741393 1221.8018272717502 0.043280435684321279 324.91480905299704 0.52703142032427708 0.11836722495550502 3.5000000000000004 -96.183868907156025 0.24784144633146712 -86.96860940969394 4.9286018101705933 0.059577513970665803 0.2793137475049719 -104.70597931600948 0.028814196311226805 0.37859091160621278 3.5000000000000004 1.3348445081265103 2.2921375461793154 0.022358981364493106 4.5000000000000009 16.778492641020851 1.4435097985223653 0.94480175897611562 0.41697579079349856 13.672562619914801 0.47407743620995652 3.5000000000000004 -119.07351551162948 0.35906171801937414 1.7999922330977352 -0.18304675539264023 1.0000000180025095e-35 -0.068419516866038851 -108.05239159702198 1.5000000000000002 5.4042000008392055 6.7382104107044976 363.5044877449306 5.1336557694148004 0.28020261624104253 5.4942760549944714 4.2075361349111562 -119.98709787691699 1.2878994310186551 -0.45785204242411298 -0.3826819470216502 0.57413215796177408 101.525837052661 -0.14534292750549757 -114.33466619083568 3.4222433558085501 3.0561375093399903
decision_type=2 2 2 2 8 2 8 8 2 2 2 2 2 8 2 2 2 2 2 2 8 2 2 8 2 2 8 8 8 2 8 8 2 8 2 2 2 2 2 8 2 2 2 2 2 2 2 2 10 2 8 8 2 8 2 2 8 10 2 2 8 8
left_child=4 -2 3 -3 5 -1 7 8 11 -10 12 23 21 14 -14 16 17 22 19 -9 -8 -11 -16 -6 25 42 -27 -28 -13 32 31 -31 35 -34 -35 37 -37 38 39 40 -22 47 43 -21 -45 -44 54 48 49 -41 51 52 -32 -47 -39 56 -56 -58 -59 -36 61 -61
right_child=1 2 -4 -5 6 -7 20 18 9 10 -12 28 13 -15 15 -17 -18 -19 -20 24 29 -23 -24 -25 -26 26 27 -29 -30 30 50 -33 33 34 59 36 -38 46 -40 41 -42 -43 45 44 -46 53 -48 -49 -50 -51 -52 -53 -54 -55 55 -57 57 58 -60 60 -62 -63
leaf_value=-0.0056879304362101374 0.054610488213598728 -0.015887461025626042 0.04977239761712416 0.02059260609669282 -0.013534598196468626 0.024999018139366447 -0.0086588458253762449 0.010155310667386012 0.018311428163541813 -0.0068468826616849944 -0.01138290168510543 0.00036621318392766016 -0.0095050221088324449 0.023910542880018641 0.014404809810848046 0.021573573669917145 0.014106389670974433 -0.012547194807428039 -0.0097170582244192096 0.0012112040109742356 -0.0012955186286639859 0.003046192724794354 0.0030034212566696717 -0.0036065730163827537 0.0041630053318732858 0.0013685506415602408 -0.014302224272764043 -0.0032823571574784093 0.0095526523474189964 -0.01621823509723375 -0.0060194307788800144 0.00096427825025536791 0.009467847022010133 0.0063869544557613751 0.0029930500618096339 0.00051519152254618126 0.0079596401045897176 -0.0014630923025679102 0.0021742220909304992 0.0022199486795580013 -0.0083473729780887181 -0.0065838817447762595 0.0027326963271411169 -0.0017297585546284129 -0.0079863836988806735 -0.0044557481531340348 -0.0039550469405841889 -0.0044440863267059478 -0.0041441326516937337 -0.0026860551415011286 -0.0051635241830500509 0.0043631478327688456 -0.00086517103583454646 0.00057824322931215302 0.0069908438712469774 -0.00039894899263436526 -0.00028921231981673051 0.0047664541044625738 0.00077798867599967005 -0.00024659610632000881 -0.0033839664885023492 0.0049608749016705487
leaf_weight=63 59 51 52 50 89 57 69 62 93 73 53 71 51 55 51 70 91 53 89 97 67 81 66 59 97 56 56 61 53 53 52 65 61 81 94 487 55 751 93 191 86 54 168 151 62 64 94 70 57 59 58 63 1107 102 90 15897 1037 86 194 981 97 53
leaf_count=63 59 51 52 50 89 57 69 62 93 73 53 71 51 55 51 70 91 53 89 97 67 81 66 59 97 56 56 61 53 53 52 65 61 81 94 487 55 751 93 191 86 54 168 151 62 64 94 70 57 59 58 63 1107 102 90 15897 1037 86 194 981 97 53
internal_value=-2.42632e-05 0.0288199 0.0185845 0.00219681 -0.000217517 0.00897451 -0.000263323 0.00131146 0.00386573 0.00649958 0.00476808 -0.00326849 0.00623326 0.00901135 0.00680935 0.0093441 0.00599435 0.00159492 -0.00110986 -0.000315837 -0.000410483 -0.0016573 0.00805321 -0.00962757 -0.00103646 -0.00165811 -0.00540647 -0.00863333 0.00433768 -0.000384379 -0.00151193 -0.00682473 -0.000308288 0.000796183 0.000384217 -0.000386279 0.00128389 -0.000434429 -0.00186265 -0.00250813 -0.00528777 -0.00151143 -0.000644351 -0.00208157 -0.00357975 0.000691824 -0.000381053 -0.000769373 8.0218e-05 0.00105604 -0.00101721 -0.000816351 -0.00110141 -0.00137763 -0.000362228 -0.000314368 0.000640876 0.000201963 0.00201562 -1.75849e-05 -0.000270229 2.48598e-05
internal_weight=24608 212 153 101 24396 120 24276 2074 1009 737 644 272 591 437 382 331 261 170 1065 976 22202 154 117 148 914 817 173 117 124 22133 1398 118 20735 1367 1306 19368 542 18826 677 584 153 431 644 310 213 334 18149 377 307 250 1280 1222 1159 166 18055 17304 1407 1317 280 1225 1131 1034
internal_count=24608 212 153 101 24396 120 24276 2074 1009 737 644 272 591 437 382 331 261 170 1065 976 22202 154 117 148 914 817 173 117 124 22133 1398 118 20735 1367 1306 19368 542 18826 677 584 153 431 644 310 213 334 18149 377 307 250 1280 1222 1159 166 18055 17304 1407 1317 280 1225 1131 1034
is_linear=0
shrinkage=0.03


Tree=89
num_leaves=63
num_cat=0
split_feature=13 9 15 17 17 21 0 13 21 12 12 1 15 17 3 11 12 0 1 16 9 13 20 20 13 6 9 6 13 20 20 13 13 0 20 1 15 13 20 15 15 1 20 20 17 1 15 15 20 17 1 15 1 16 3 13 1 3 9 15 13 1
split_gain=240.007 45.759 37.914 69.0004 21.5788 13.1107 27.1772 24.9683 26.3064 13.6057 35.0013 7.00579 18.3997 6.8681 6.94373 6.22542 9.14892 6.08746 3.45035 3.37208 2.81796 3.16855 2.77113 2.61917 2.20552 3.87603 1.92434 1.44812 2.57031 11.7724 3.47581 3.61591 11.2174 3.26176 2.54302 2.31279 4.16157 1.61884 14.7867 2.0434 5.12574 3.53985 1.75548 4.37776 2.88925 1.98645 2.43839 1.6154 3.60764 3.28461 3.0309 1.5631 1.40158 1.33852 1.15197 1.14771 1.14466 6.47101 1.45079 1.80213 1.71871 1.29718
threshold=-3.5216215127893089 0.27550089091892144 2.9769537023127601e-07 5.7947911691674108 6.6243259933145593 0.13122009026230202 238.17011037032103 19.215556362807046 0.022358981364493106 -91.245917590193287 -96.183868907156025 947.5207500408286 1.7272815632264713e-09 1.0000000180025095e-35 34.375544298931807 -100.07661213179399 -103.28685569119951 422.04402527346252 192.80071964542353 14.046802332459388 0.34525564479347276 40.540924598909193 0.8563069851691486 6.1494825792491111e-13 13.014440456919987 -0.053623892412684608 0.15336224830049974 -0.23137504868635964 16.126348470842384 18.368847582497803 0.47894238492311508 17.682718661603577 17.906880843918241 417.46004400843003 32.450017059191808 15.043486661636253 3.2880386468873803e-09 20.321102511702339 9.831486006680473 4.369792728886538e-09 6.449515562828104e-09 230.71603250333703 1.2878994310186551 1.7925050432673102 1.0000000180025095e-35 1064.6260007940102 7.2305518765730566e-10 4.2292807035871187e-09 16.267337256559554 0.40818441627631724 449.77557958968652 4.035025861196013e-09 1168.1806914616852 1.0000000180025095e-35 32.990988982110707 22.833336471476077 991.84394670890504 34.548544482532712 0.43212068032202394 6.449515562828104e-09 21.747076912688673 169.63897583554504
decision_type=2 2 2 2 2 8 2 2 8 2 2 2 2 2 2 2 2 2 2 2 2 2 8 8 2 2 2 2 2 10 8 2 2 2 8 2 2 2 8 2 2 2 8 8 2 2 2 2 10 2 2 2 2 2 2 2 2 2 2 2 2 2
left_child=1 -1 4 -4 5 6 -2 8 -8 10 11 13 17 15 22 16 18 -13 -9 23 21 -20 -15 -7 25 -25 -23 35 29 -29 -30 34 -33 -31 -32 36 -26 38 -34 -40 41 -41 44 -44 -39 56 -47 51 49 50 55 52 -37 -50 -36 -49 58 -58 -45 60 -60 -62
right_child=2 -3 3 -5 -6 19 7 9 -10 -11 -12 12 -14 14 -16 -17 -18 -19 20 -21 -22 26 -24 24 27 -27 -28 28 30 33 31 32 37 -35 54 47 -38 42 39 40 -42 -43 43 45 -46 46 -48 48 53 -51 -52 -53 -54 -55 -56 -57 57 -59 59 -61 61 -63
leaf_value=0.023028859263461713 0.023544728343295653 0.062324756776945572 -0.0074262781509915827 0.036312099727136747 -0.014297998244154085 0.0047822505128675436 0.0018579184425251609 -0.0072621339136579388 0.028661763952037352 -0.010534594808587497 0.019215205545226734 -0.0096344169995023141 0.017822113992380244 -0.006102550448461746 0.0018496763152685367 -0.0085249311719021257 0.010434524049021633 0.0033414330548839641 -0.0026302209935488122 0.0067655901487183858 -0.0043594863482222359 0.0098655730601324015 -0.015596538041053074 0.00084493289620656031 -0.00012030384691030461 -0.0078100827997458454 0.0020542525887363946 0.015739392144365837 -0.0059470068577595269 -0.0025231424749618762 -0.0087096646952747568 0.013805155804875539 0.015004451207823876 0.0049952626800605733 -0.00024769704255665987 -0.0005641950072979399 0.00781646594691735 -0.00034731313686107139 -0.0043966551675011624 0.00084163056124987839 -0.00083712019298575662 0.011987525181985407 0.0073005347486053192 -7.3587502548322006e-05 -0.0091642370511992605 -0.00039136962963396636 -0.0057022866886486797 -0.0076112371287308635 0.00019965167885786645 0.00045878927477381446 -0.013592121551799424 0.0046609031496679075 -0.0055187521481779049 -0.0019946566265949821 -0.0054405185559049376 -0.0014448581342326684 0.0095959147112373629 -0.003959785244445531 0.0046917479152482249 -0.0040858715182586916 0.00015825503554410186 -0.001496520117737879
leaf_weight=52 54 58 60 69 96 90 72 62 60 93 89 53 62 53 52 67 78 81 66 60 73 51 62 91 250 94 64 50 93 163 67 51 63 75 123 4472 77 94 86 50 447 52 69 12555 51 192 130 56 450 65 50 50 51 562 55 53 61 64 51 151 705 1077
leaf_count=52 54 58 60 69 96 90 72 62 60 93 89 53 62 53 52 67 78 81 66 60 73 51 62 91 250 94 64 50 93 163 67 51 63 75 123 4472 77 94 86 50 447 52 69 12555 51 192 130 56 450 65 50 50 51 562 55 53 61 64 51 151 705 1077
internal_value=-1.82823e-05 0.0441233 -9.0152e-05 0.016068 -0.000176467 -0.000119948 0.00294664 0.00194942 0.0141654 0.000334051 0.00145147 -0.000488155 0.0044494 -0.0020338 -0.00722671 -0.000141067 0.00130259 -0.00182416 -0.000977303 -0.000278681 0.000579253 0.00258413 -0.0113114 -0.000297362 -0.000317537 -0.0035711 0.00557359 -0.000290878 -0.000145105 0.00265936 -0.000194856 -0.000161457 -0.000105778 -0.00014291 -0.0037709 -0.000684562 0.00176673 -0.000151269 0.00126038 -0.000124649 0.000551331 0.00658507 -0.000216172 -0.000184412 -0.00348997 -0.000219359 -0.00254654 -0.00082283 -0.00178475 -0.00522125 -0.00753163 -0.000562508 -0.000621269 -0.00101969 -0.00187365 -0.0046533 -0.000168088 0.00267905 -0.000192749 -0.000946399 -0.000685687 -0.000842132
internal_weight=24573 110 24463 129 24334 24238 1192 1138 132 1006 913 824 196 628 167 461 394 134 316 23046 254 181 115 22986 22896 185 115 22711 16575 288 16287 16194 15949 238 245 6136 327 15898 698 635 549 102 15200 15055 145 14986 322 5809 1236 224 159 4573 4523 1012 178 109 14664 125 14539 1984 1833 1782
internal_count=24573 110 24463 129 24334 24238 1192 1138 132 1006 913 824 196 628 167 461 394 134 316 23046 254 181 115 22986 22896 185 115 22711 16575 288 16287 16194 15949 238 245 6136 327 15898 698 635 549 102 15200 15055 145 14986 322 5809 1236 224 159 4573 4523 1012 178 109 14664 125 14539 1984 1833 1782
is_linear=0
shrinkage=0.03


Tree=90
num_leaves=63
num_cat=0
split_feature=14 15 17 4 15 6 6 15 4 19 15 3 6 15 3 19 17 2 12 12 3 3 9 9 3 9 9 4 4 7 19 2 7 3 19 2 4 19 15 6 6 2 15 3 15 15 2 3 9 19 19 15 9 15 4 4 2 19 7 9 15 2
split_gain=165.241 50.1156 65.1565 64.2252 13.2232 2.48379 2.39181 4.35162 3.03898 5.11367 16.425 13.5384 5.04107 3.02757 2.68813 11.4901 2.59638 2.50062 4.02455 3.75694 3.66505 5.41709 2.40615 2.90177 2.36371 4.22903 6.4945 3.62607 3.21627 4.90745 4.39729 10.282 2.74958 2.53781 4.1474 2.35825 3.68273 3.6733 5.42784 2.50765 5.52789 2.25012 2.40323 2.22754 2.16593 2.79098 2.14422 2.10907 2.38865 1.9953 1.98893 8.39738 1.85525 1.85368 1.82714 1.81828 1.75302 2.41033 1.68466 2.54253 1.63256 2.53048
threshold=32.707844786489503 3.5824750874014812e-07 7.7983646310449233 19.543412531240651 2.3063171735382679e-07 0.4810836379263615 0.26865396640962219 3.4679326804210185e-08 27.911756384094954 2.5000000000000004 1.387982571819164e-09 18.198428345230202 0.36655975707316207 5.7576646266497412e-10 13.208407224916003 1.5000000000000002 1.0000000180025095e-35 5.2387826780723321 -110.28867877777066 -85.230908102291224 17.728859201322056 12.653269085559902 0.33377681510594664 0.27116371917429133 23.589968386719551 0.030799314680623923 0.044061123504435258 83.569806059736209 42.805571194263308 -0.069722704144867351 2.5000000000000004 5.3378627117996542 -0.16851979620684429 8.4356769397410378 2.5000000000000004 4.5641917824850973 70.12908281922067 2.5000000000000004 1.793355208488125e-09 -0.27254854248162491 0.013597617649865336 4.50403346000284 4.5511535099703791e-09 52.51979483358091 7.7570011021334989e-09 6.1783401374985779e-09 4.8366997329666566 16.148601422652654 0.25152872203063664 2.5000000000000004 2.5000000000000004 2.9020008325183889e-09 0.070984119775540019 5.3808392482559612e-09 68.927389941362222 25.331273300226304 5.3972824204135241 2.5000000000000004 0.023461834291124365 0.14764254298615234 3.4679326804210185e-08 5.1084383306679326
decision_type=2 2 2 2 2 2 2 2 2 2 2 2 2 2 2 2 2 2 2 2 2 2 2 2 2 2 2 2 2 2 2 2 2 2 2 2 2 2 2 2 2 2 2 2 2 2 2 2 2 2 2 2 2 2 2 2 2 2 2 2 2 2
left_child=1 2 4 -3 5 6 16 8 9 10 13 -12 -13 14 15 -8 60 19 22 20 21 -10 23 58 25 -18 -27 28 41 -30 31 -31 33 34 -28 -34 37 38 47 -40 -41 -26 43 46 45 -11 -43 48 -37 -21 51 52 -20 55 -24 -44 57 -7 -19 -60 -1 -62
right_child=-2 3 -4 -5 -6 56 7 -9 17 44 11 12 -14 -15 -16 -17 24 18 50 49 -22 -23 54 -25 27 26 32 -29 29 30 -32 -33 35 -35 -36 36 -38 -39 39 40 -42 42 53 -45 -46 -47 -48 -49 -50 -51 -52 -53 -54 -55 -56 -57 -58 -59 59 -61 61 -63
leaf_value=-0.0001387890144637616 0.053306055097625801 0.039496070564939423 -0.030334078042767942 0.00044669406164599503 0.014049614792657565 -0.007535003112246863 -0.00089269091959402432 0.006940488236300139 0.0013539684746435589 -7.012612675858098e-05 0.020897512544877827 0.010786675134279692 -0.00062011581623473342 -0.0059411902804622201 -2.7338211562891956e-05 0.01527757114377515 -0.0064536276912378933 -0.00085868247862630855 -0.0067263135026408303 -0.0063060557901388325 0.00037322263015025987 0.011312561754278744 7.8370019086989862e-06 0.0086316258732327504 0.0042184838819161385 0.0069708313332893044 0.0080648659496392761 -0.0082805535884793186 -0.0013992001174393896 0.014374859088129596 0.0011079116012583407 0.0004100908330319641 -0.0066799693290858367 -0.0012897263587686759 -0.00011714896801950896 -0.0032686854451393728 0.0038516298690964312 -0.0013921906558424235 -0.014640429736087646 0.00013519169366382381 -0.01337948083666698 0.0052675466053635593 -0.0096175545680565726 -0.0047361771510058678 -0.0039115900288133193 0.0063966496926288873 -0.00033642719119961835 -0.0051960512260060517 0.0043422356277172053 6.376698613166809e-05 -0.0011840503047869603 -0.014170929021551273 -0.0011654902065681568 -0.0018829953793506576 -0.006599919084897812 -0.0018822495683151134 -0.00028961751436286452 -0.0017692602791882664 0.0074074016449041666 -0.00068930556066334244 -0.0087060906781869767 0.00037706143436495393
leaf_weight=12758 51 64 64 91 57 105 124 87 131 1289 69 64 75 58 479 57 150 160 64 87 493 78 144 56 73 82 76 50 389 85 386 106 103 637 202 78 90 999 50 56 52 64 61 97 123 62 1124 108 69 89 734 59 323 476 50 50 200 172 74 65 50 60
leaf_count=12758 51 64 64 91 57 105 124 87 131 1289 69 64 75 58 479 57 150 160 64 87 493 78 144 56 73 82 76 50 389 85 386 106 103 637 202 78 90 999 50 56 52 64 61 97 123 62 1124 108 69 89 734 59 323 476 50 50 200 172 74 65 50 60
internal_value=-9.74888e-06 -0.000229281 -0.000338199 0.0167201 -0.000257651 -0.000291998 -0.000248759 0.000327092 0.000210816 0.000980916 0.00272674 0.0101284 0.00467146 0.000571433 0.00115188 0.00425556 -0.000406638 -0.000498241 -0.00116012 0.000804999 0.00178775 0.00510674 0.000960648 0.00242645 -0.000938804 -0.00157162 -0.00128781 -0.000350323 -0.000211315 0.00120289 0.00295654 0.00666728 -0.0015592 -0.000246323 0.00214055 -0.00230705 -0.00200293 -0.00237856 -0.00475533 -0.00910735 -0.00643492 -0.000913946 -0.00111623 -0.000388986 -0.000116957 0.000231158 -3.03533e-05 -0.00203375 0.000308989 -0.00310279 -0.00214679 -0.00372502 -0.00210008 -0.00270488 -0.00172031 -0.0061811 -0.00243307 -0.00397407 0.00123938 0.00364329 -0.000170318 -0.00379288
internal_weight=24479 24428 24273 155 24209 24152 23675 5094 5007 2400 926 208 139 718 660 181 18581 2607 1729 878 702 209 549 355 5713 2752 2602 2961 2911 966 577 191 2520 915 278 1605 1502 1412 413 158 108 1945 1872 1285 1474 1351 1188 255 147 176 1180 446 387 587 194 111 477 277 299 139 12868 110
internal_count=24479 24428 24273 155 24209 24152 23675 5094 5007 2400 926 208 139 718 660 181 18581 2607 1729 878 702 209 549 355 5713 2752 2602 2961 2911 966 577 191 2520 915 278 1605 1502 1412 413 158 108 1945 1872 1285 1474 1351 1188 255 147 176 1180 446 387 587 194 111 477 277 299 139 12868 110
is_linear=0
shrinkage=0.03


Tree=91
num_leaves=63
num_cat=0
split_feature=14 7 17 21 5 2 1 3 3 6 20 20 6 3 21 21 6 6 3 3 3 17 17 3 11 21 3 7 2 2 6 6 20 5 1 7 2 11 20 20 20 21 5 5 21 2 1 20 12 1 20 20 2 2 19 3 3 21 21 1 7 6
split_gain=130.461 72.2938 8.91686 7.63667 18.1466 22.5938 12.1994 6.0176 3.76856 3.73421 2.42663 9.57912 7.42918 10.3436 5.79675 5.72931 13.073 8.99646 5.10698 1.62277 1.94268 8.63463 3.75857 6.71418 3.10582 1.37535 9.69348 32.8504 5.70451 7.7359 6.2652 7.58735 1.7388 1.85277 1.71236 2.66039 4.51117 3.44455 6.30565 4.43361 2.30515 2.29454 1.70717 3.54624 3.59068 1.6302 2.48421 3.49102 5.65961 1.3422 3.51452 1.27801 2.39355 4.5312 4.8346 2.68819 1.77181 2.39837 1.60522 1.89999 1.59297 1.85751
threshold=9.1209280061564986 -0.14835280910264934 8.8222212734874805 0.014996265382266002 -25.802442386996116 5.4873725956730484 1093.2210965565102 26.857664759104953 37.146371826810459 -0.0080400920280405668 0.35968814765788604 0.25416068059599056 0.22127207018432851 7.021662358647391 0.022358981364493106 0.036504684508943612 0.13663716352137714 -0.14534292750549757 21.827867090655904 -0.9409484718192519 1.1733150845902351 6.9830609338582432 4.8958381457570646 21.827867090655904 -110.42426999765749 0.41697579079349856 7.021662358647391 -0.016693732980771255 5.1852205476155175 5.0977733887964689 0.29547280180306684 0.40180175339719698 59.281615376810407 -4.5890270637360997 909.82836450838306 0.38042054963126765 5.3096861827450619 -98.804495795299133 15.215222394536951 9.3255176740723122 30.904081318266055 1.0477405343012103 -16.737423312856944 -2.2679386668470491 0.19901951054834402 4.5355110296109267 540.86962265736213 39.806644853863112 -80.550508686743839 850.74622158301906 28.846075488343253 7.6979648307753665 5.4173155752694973 5.0790700556000781 2.5000000000000004 41.94587017137416 28.311176082105451 0.93437630627831558 1.2399506096404653 69.219870387648413 0.21975044558664328 0.041073489125917469
decision_type=2 2 2 8 2 2 2 2 2 2 8 8 2 2 8 8 2 2 2 2 2 2 2 2 2 8 2 2 2 2 2 2 8 2 2 2 2 2 8 10 8 8 2 2 8 2 2 8 2 2 8 8 2 2 2 2 2 8 8 2 2 2
left_child=2 -2 3 4 -1 6 7 9 -7 -6 11 12 13 -5 -12 16 17 -16 -15 -17 24 22 25 -24 -21 26 27 -22 29 32 42 -32 -28 -34 45 37 -37 39 -39 -36 41 -41 -30 44 -44 46 47 48 -27 51 -51 52 53 60 -55 56 57 -54 -56 -60 61 -47
right_child=1 -3 -4 10 5 8 -8 -9 -10 -11 14 -13 -14 18 15 19 -18 -19 -20 20 21 -23 23 -25 -26 34 28 -29 30 -31 31 -33 33 -35 35 36 -38 38 -40 40 -42 -43 43 -45 -46 49 -48 -49 -50 50 -52 -53 55 54 58 -57 -58 -59 59 -61 -62 -63
leaf_value=0.016571968558278898 0.0016246104746494652 0.046769387628883122 0.011885263347151603 0.014577234076600689 0.012739179675631663 -0.015151903220929295 0.019204507150194224 -0.0045812864669028727 -0.0040363421768639593 0.0012321513227093943 -0.007914656429673414 0.013213008839195057 -0.0076722694298319788 -0.0057042135326070519 0.0057838948012058486 0.0045177458857740983 0.015696292339231477 -0.010104664056561886 0.0042433877522125843 -0.0085169710648261895 0.026752222343074047 0.011915334959586079 -0.013404595874146453 0.0013988360301836541 -0.0012995867469214506 0.012363069118143812 0.0032805534093391284 -0.0064381477957163279 -0.0027712814829468448 -0.013676944588926635 0.014307039497133632 -0.00096944283487068272 0.00060818419046700003 -0.0069006697596761127 0.0077959825150559041 0.0093093915623338793 -0.0031453115731063814 -0.012604192353724298 -0.002408378628035307 -0.0099157595350138402 -0.00037988373680814154 -0.00093966356048790314 0.0097010432841489087 -0.001078195988487738 0.00017957599766209331 -0.0051003483087744975 -0.0023382828411758765 0.00076134757562283802 -0.00068465234998304938 0.0078957503036599513 -0.00028194323406941104 -0.00032401190032171732 -0.0087066760472953308 0.0093606795082268948 -0.0043125789624173195 -0.0094484868713726206 0.00066184999599800743 -0.0020277166475811711 0.006467449688626563 -5.3710059570002305e-05 -0.0077818149813850017 0.002375368894130554
leaf_weight=80 52 82 54 51 50 61 50 66 51 51 89 58 82 89 78 61 65 53 95 58 50 51 53 56 601 63 55 56 160 58 64 53 59 58 50 50 53 68 265 51 354 51 67 285 75 68 181 761 56 63 181 18106 62 63 55 51 132 213 50 190 62 52
leaf_count=80 52 82 54 51 50 61 50 66 51 51 89 58 82 89 78 61 65 53 95 58 50 51 53 56 601 63 55 56 160 58 64 53 59 58 50 50 53 68 265 51 354 51 67 285 75 68 181 761 56 63 181 18106 62 63 55 51 132 213 50 190 62 52
internal_value=-1.03839e-06 0.0293923 -0.000180562 -0.000207818 0.00385189 0.000718018 0.00635896 0.00242157 -0.0101709 0.00699775 -0.00027736 0.00211375 4.78107e-05 0.00276272 -0.000315513 -0.000286357 0.00480828 -0.000672153 -0.000573049 -0.000329471 -0.000342405 -0.000295437 -0.000323643 -0.00585559 -0.00194675 -0.000296453 0.000768394 0.00932139 -0.000211221 -0.0043025 0.00112963 0.00743735 -0.00108056 -0.00314109 -0.000348355 -0.00159823 0.00293204 -0.00215722 -0.00452191 -0.000595159 -0.00153029 -0.00548041 -0.000138132 0.000852698 0.00470852 -0.00029059 0.000853852 0.00151232 0.00626843 -0.00035339 0.00185312 -0.000381667 -0.0014263 -7.23169e-05 0.00188624 -0.00301906 -0.00219222 -0.00355961 0.000263773 0.00132606 -0.00391412 -0.00186801
internal_weight=24528 134 24394 24340 409 329 217 167 112 101 23931 375 317 235 23556 23467 196 131 184 23271 23210 22551 22500 109 659 22391 1040 106 934 230 704 117 172 117 21351 942 103 839 333 506 456 102 587 427 142 20409 1061 880 119 19348 244 19104 998 540 358 458 407 275 295 240 182 120
internal_count=24528 134 24394 24340 409 329 217 167 112 101 23931 375 317 235 23556 23467 196 131 184 23271 23210 22551 22500 109 659 22391 1040 106 934 230 704 117 172 117 21351 942 103 839 333 506 456 102 587 427 142 20409 1061 880 119 19348 244 19104 998 540 358 458 407 275 295 240 182 120
is_linear=0
shrinkage=0.03


Tree=92
num_leaves=63
num_cat=0
split_feature=13 14 14 21 7 0 2 7 7 7 1 2 10 7 7 8 1 1 13 1 13 6 13 21 16 21 13 7 8 0 0 8 21 19 1 1 7 1 10 8 2 19 21 8 21 19 8 1 13 1 21 2 1 21 6 19 2 8 10 17 21 7
split_gain=171.601 39.8075 34.7818 8.66101 22.6855 21.0984 11.2141 10.3303 9.84496 9.5503 12.0152 5.54737 5.27568 11.1823 8.03021 8.79611 4.92448 4.63862 2.09256 1.83059 9.85219 3.02972 5.61988 2.50646 1.51226 1.29416 3.0995 4.42902 1.01429 2.11402 2.03312 1.8477 4.31828 6.90693 2.00262 5.72433 2.02342 1.92851 4.5592 1.67237 1.56035 1.60609 2.69147 1.51056 2.91825 5.44487 1.49932 2.33309 2.02039 1.94354 2.01733 3.73614 2.54717 6.08493 2.61677 8.2302 1.95022 1.82674 1.36458 1.91047 3.75925 1.2363
threshold=-3.5216215127893089 4.013988001262498 8.9068073327789978 0.059577513970665803 -0.36597910206741519 255.06403753753102 5.3734138049320723 -0.0084979542053988926 0.062818733012487207 -0.13340005947443687 929.54083285078661 5.5288247678153137 3.5000000000000004 0.37699340923804675 0.21250067362301464 0.3024611686790955 748.87465437165213 703.22588612100105 9.7997819546966642 1168.1806914616852 19.955075516297068 -0.0039581914467943227 35.270566946289946 0.93437630627831558 14.63815979500613 0.28342671139362557 31.346657075351825 -0.19535385952776438 0.051811491860300991 276.37233464222453 252.10531450487352 0.1744755597527872 0.49720573738700752 2.5000000000000004 991.84394670890504 909.82836450838306 0.027009487135792657 768.69078390335369 2.5000000000000004 0.032324103531000466 4.9908309949127512 4.5000000000000009 0.56066275452712111 0.19086545355135701 1.1490281787685601 3.5000000000000004 0.22313546831546185 653.71170384634308 28.105823003308689 366.68566761337007 1.3666960022239503 4.50403346000284 17.866195639470451 1.1036658781512252 0.35906171801937414 2.5000000000000004 5.7675698930647767 0.35781331153451829 3.5000000000000004 1.0000000180025095e-35 1.4435097985223653 -0.11223937783559189
decision_type=2 2 2 8 2 2 2 2 2 2 2 2 2 2 2 2 2 2 2 2 2 2 2 8 2 8 2 2 2 2 2 2 8 2 2 2 2 2 2 2 2 2 8 2 8 2 2 2 2 2 8 2 2 8 2 2 2 2 2 2 8 2
left_child=1 -1 3 4 6 -6 -2 9 -9 10 11 -7 13 14 17 -16 -11 -10 -5 24 -21 22 -22 -23 25 26 27 -20 29 30 39 32 33 -30 35 37 -36 -34 -39 61 -31 42 -42 44 45 -33 47 -45 -49 50 51 -48 53 57 56 -56 -54 -53 -44 60 -60 -27
right_child=2 -3 -4 18 5 7 -8 8 12 16 -12 -13 -14 -15 15 -17 -18 -19 19 20 21 23 -24 -25 -26 28 -28 -29 31 40 -32 43 34 -35 36 -37 -38 38 -40 -41 41 -43 58 46 -46 -47 49 48 -50 -51 -52 52 54 -55 55 -57 -58 -59 59 -61 -62 -63
leaf_value=0.018720729359809087 0.0058368673755654259 0.056428295009666014 0.01788474104832858 -0.0049418926731695225 0.016812297070576493 -0.00088118023992351743 0.023607433393109039 0.011870935091010554 0.0020059732029524941 -0.0049624856935708587 0.011549691749879947 -0.012663089204413284 0.006406577811576426 -0.012694540709758607 0.014352416536303279 -0.0014180604438570298 -0.017707011122256516 -0.010095047901735687 0.002260775746423195 0.010549519271775021 0.010025404118574582 -0.0090971421670110429 -0.0024468157825798822 -0.00092674770679719663 0.004769958295286275 -0.0032601830061278576 0.00015607701160371209 -0.0068237537248420597 0.013461787896644397 0.0038367995318077815 -0.0073009886703442163 -0.011346429468783205 -9.2772498736662946e-06 0.00030026704072952268 -0.0002506431349768088 -0.0084655045000442738 0.0079363740959750677 7.9648754851636933e-05 0.009678442117181562 -0.0050828992498471682 -0.0062720908176652299 -0.0023188174524666548 -0.00041730845207174356 0.00010627254015787501 -0.00078838462792089794 0.00035902058364639818 0.0086126168410090454 0.0079918245944337763 0.0013384384534468777 -0.00097631433350457339 -0.0004461091944294416 0.0042283077850509675 -0.00029211599751965148 0.012613052879186237 0.012953034540125042 0.00046794947650697494 -0.0050315024657174943 -0.0029379922840744254 0.010588580296672362 -0.00056646088999696075 0.00043754782209939815 0.0018945165193552116
leaf_weight=50 69 53 95 87 67 101 60 78 53 52 51 55 95 64 63 63 59 60 66 87 51 53 86 91 51 67 322 175 56 70 78 72 4979 97 51 70 57 152 62 91 63 427 1236 1260 536 70 51 64 113 4317 6191 58 1123 50 54 350 83 69 53 139 84 108
leaf_count=50 69 53 95 87 67 101 60 78 53 52 51 55 95 64 63 63 59 60 66 87 51 53 86 91 51 67 322 175 56 70 78 72 4979 97 51 70 57 152 62 91 63 427 1236 1260 536 70 51 64 113 4317 6191 58 1123 50 54 350 83 69 53 139 84 108
internal_value=-1.43266e-05 0.0384797 -0.000137608 -0.000208333 0.00253887 0.000774232 0.0142203 -0.000598551 0.00219709 -0.004777 -0.000953988 -0.00508926 0.000276215 -0.0016606 0.00133468 0.0065181 -0.0118342 -0.00445154 -0.000324317 -0.000306926 0.00178943 -0.000950562 0.00223513 -0.00397591 -0.000340523 -0.000352079 -0.00177145 -0.00433681 -0.000316329 -0.00089681 -0.00307129 -0.000246113 0.000220579 0.00517369 7.85467e-05 -4.81068e-06 0.00410345 0.000110845 0.00289269 -0.0018083 -0.000534489 -0.00068917 -0.000246164 -0.000424389 -0.00180583 -0.00561398 -0.000356309 0.000560543 0.00377557 -0.000463061 -0.00018701 0.000685489 0.000454563 0.00385998 7.80153e-05 0.00216461 -0.000622191 0.000342271 8.89611e-06 0.00191217 0.00441286 -8.63076e-05
internal_weight=24658 103 24555 24460 990 861 129 794 476 318 207 156 398 303 239 126 111 113 23470 23383 368 281 137 144 23015 22964 563 241 22401 2416 344 19985 5524 153 5371 5263 108 5193 214 266 2072 2002 1575 14461 678 142 13783 1437 177 12346 8029 1838 1787 177 1610 404 1206 127 1512 276 137 175
internal_count=24658 103 24555 24460 990 861 129 794 476 318 207 156 398 303 239 126 111 113 23470 23383 368 281 137 144 23015 22964 563 241 22401 2416 344 19985 5524 153 5371 5263 108 5193 214 266 2072 2002 1575 14461 678 142 13783 1437 177 12346 8029 1838 1787 177 1610 404 1206 127 1512 276 137 175
is_linear=0
shrinkage=0.03


Tree=93
num_leaves=63
num_cat=0
split_feature=13 14 16 13 19 12 12 15 13 11 2 15 15 2 6 13 8 15 15 6 8 2 8 6 13 12 12 8 12 12 8 11 13 19 12 6 2 2 8 8 6 13 11 13 11 15 11 2 19 8 12 0 13 19 2 15 12 2 13 6 11 6
split_gain=160.773 29.2262 22.5579 9.19818 18.492 13.4038 17.8824 9.44135 7.85297 13.2071 12.9268 9.65337 20.0812 18.668 6.86537 5.24549 8.06838 4.76615 4.65595 3.3707 7.85904 8.20328 2.24811 2.36959 2.16313 1.98599 1.82153 1.61579 1.58455 1.60322 1.48347 1.83042 4.2918 5.53385 10.1149 7.38733 11.4679 14.5084 11.0216 5.85689 5.59889 8.50009 4.91832 4.80434 2.90522 2.38888 2.05353 4.0296 2.71528 2.1446 1.72492 1.67662 1.70037 2.22236 3.20781 5.1335 3.34303 2.05559 2.05392 1.85408 1.71693 1.34279
threshold=-3.5216215127893089 28.916683826638003 52.127380438429185 20.621442718376084 2.5000000000000004 -116.06249581155599 -91.559779009846267 2.3063171735382679e-07 14.691752987838123 -111.02264208055449 5.0330671807030081 4.0716078785926426e-09 4.9800704829392021e-09 5.4215472418985895 0.073815055506933916 18.200110394255514 0.26306617852306063 2.234283373633436e-08 1.9132970217531782e-08 0.26076787115406003 0.34034185184957805 5.3662238919002396 0.20919788424864019 -0.0080400920280405668 17.774181957564753 -115.79548854263386 -98.796220550257985 0.079443316982924353 -97.03745641830352 -108.89912960389412 0.47900281364268521 -105.29322089751098 32.26686922872058 2.5000000000000004 -82.021575312205655 -0.23933971739789325 5.5956945373827631 5.5045257627440316 0.39668783834501437 0.073390178059729042 0.18494591343686387 23.027738602030471 -97.396108734407932 24.373778119893753 -104.87783717974798 1.5881867761018134e-22 -104.23759265051298 5.4315488963498364 2.5000000000000004 0.30632558344251409 -80.550508686743839 174.86487426284103 29.642704613296093 2.5000000000000004 5.4945438406536793 3.0547904930207667e-09 -109.30470594038053 5.639736605318487 22.789957762806022 0.0031855319316300705 -106.14925685262698 -0.47332880596654364
decision_type=2 2 2 2 2 2 2 2 2 2 2 2 2 2 2 2 2 2 2 2 2 2 2 2 2 2 2 2 2 2 2 2 2 2 2 2 2 2 2 2 2 2 2 2 2 2 2 2 2 2 2 2 2 2 2 2 2 2 2 2 2 2
left_child=-1 2 3 4 5 17 8 19 10 -10 -7 -11 -13 14 -14 18 -17 -2 -8 22 21 -21 23 25 -22 -6 27 -25 29 -27 31 51 33 34 35 38 37 39 -33 -37 43 -42 -43 -41 -35 46 47 48 49 -34 -47 -5 53 54 58 -56 57 -57 -53 -59 -54 -48
right_child=1 -3 -4 30 7 6 15 -9 9 11 -12 12 13 -15 -16 16 -18 -19 -20 20 24 -23 -24 26 -26 28 -28 -29 -30 -31 -32 32 45 44 -36 36 -38 -39 -40 40 41 42 -44 -45 -46 50 61 -49 -50 -51 -52 52 60 -55 55 56 -58 59 -60 -61 -62 -63
leaf_value=0.038728268886916335 0.0015489462191784163 0.022515316500383263 -0.018147000397245091 -0.005889864882645068 0.0066101186220637624 0.0070739799123257395 -0.011453928035615927 0.010977149276683727 -0.0033866911518762441 0.00054158276645466686 0.027651733876961581 0.029855369476314918 -0.0026628310333796624 0.022346808451471762 0.011071515264789099 -0.002448560077464208 0.013077246146813895 -0.0093414456452816149 0.00075251885824987002 0.0011550045806382383 -0.0043776000679423242 0.017040237758363431 -0.0031904932216453756 -0.0038504544447158905 0.0011954480576426235 0.0018995832816654 -0.0069281069989817964 0.00096669092961243952 0.0049429179864595284 -0.0034302528970874845 -0.0015316351526083161 -0.00629575322810057 0.0041550851924318606 0.0059726384786159001 -0.0058150248508840397 -0.0021580569898519155 -0.0070217507403097382 0.023095896217273548 0.010441909258325513 0.017094794004571975 -0.0058892691775479095 0.0019393930582137888 0.01510058718254649 0.0064321593019994912 -9.2494084829695188e-05 -0.0016451785523829401 0.0044094584090635181 -0.00079202967774041021 0.0011764165637444476 0.011810543363247251 0.0039183951057426523 -0.0014494624011638585 -0.00017104974951630915 -0.00072645499402171831 -0.0061154541155717659 -0.0045905142245766034 0.0063187487697149132 0.004149462142065817 -0.0075823111984086545 -0.0022618859734154883 -0.0017075016124676347 -0.00034109008558593255
leaf_weight=95 81 50 62 53 53 59 51 62 76 69 52 51 85 62 52 71 51 64 61 69 117 50 501 112 133 95 61 140 51 107 941 110 92 73 96 65 50 50 51 76 54 50 52 79 1800 1468 53 323 146 52 51 73 6121 2060 136 86 75 85 153 76 732 6493
leaf_count=95 81 50 62 53 53 59 51 62 76 69 52 51 85 62 52 71 51 64 61 69 117 50 501 112 133 95 61 140 51 107 941 110 92 73 96 65 50 50 51 76 54 50 52 79 1800 1468 53 323 146 52 51 73 6121 2060 136 86 75 85 153 76 732 6493
internal_value=-3.73307e-05 -0.000171242 -0.000218704 -0.000172237 0.00157605 0.00503366 0.00666667 -0.000398841 0.0098328 0.00781629 0.0168748 0.0104876 0.0132196 0.00882818 0.00259266 -0.000192458 0.00409529 -0.00328891 -0.00485795 -0.000879572 0.00160415 0.00791585 -0.00169857 -0.000487854 -0.00141979 0.0013872 -0.00231956 -0.00118102 0.000271356 -0.000926637 -0.000366989 -0.000314567 -5.51354e-05 0.00101229 0.00322023 0.00458888 0.00646447 0.0080601 -0.000962033 0.0060047 0.00771219 0.00366452 0.00873049 0.0117364 0.000146955 -0.000375762 -0.000146401 0.00151254 0.00407325 0.00698194 -0.00145593 -0.00061789 -0.000588165 -0.0012191 -0.00269958 -0.00125115 0.000815909 -0.000873735 -0.00561646 0.00112771 -0.00033539 -0.000301959
internal_weight=24518 24423 24373 24311 2436 885 740 1551 506 395 111 319 250 199 137 234 122 145 112 1489 369 119 1120 619 250 306 313 252 253 202 21875 20934 11284 2606 733 637 476 426 161 376 311 156 102 155 1873 8678 7159 613 290 144 1519 9650 9597 2744 684 458 322 247 226 161 6853 6546
internal_count=24518 24423 24373 24311 2436 885 740 1551 506 395 111 319 250 199 137 234 122 145 112 1489 369 119 1120 619 250 306 313 252 253 202 21875 20934 11284 2606 733 637 476 426 161 376 311 156 102 155 1873 8678 7159 613 290 144 1519 9650 9597 2744 684 458 322 247 226 161 6853 6546
is_linear=0
shrinkage=0.03


Tree=94
num_leaves=63
num_cat=0
split_feature=14 7 20 1 8 8 6 9 7 8 8 0 4 19 8 5 9 8 6 11 9 7 16 7 0 11 0 4 4 16 11 9 0 8 11 4 1 6 20 8 8 1 0 20 8 0 1 9 20 9 6 20 8 5 20 7 1 6 6 8 8 5
split_gain=180.147 66.657 10.9627 16.7264 20.2153 18.0863 33.7312 9.59541 13.4052 12.5447 10.612 9.91738 18.2117 14.4742 19.7597 39.2002 11.1473 9.64167 9.54909 8.4269 7.27082 6.43586 5.52109 4.21855 3.13792 5.56888 3.05569 2.57105 2.88473 2.22668 1.87355 1.70337 1.46157 1.04298 1.27217 1.06972 1.02328 2.8925 3.78895 1.77028 1.35256 3.60313 1.21277 3.34299 2.30727 1.81242 2.61448 2.13384 3.44813 2.21043 1.81069 1.54541 2.36324 2.94381 2.24668 1.5619 1.42144 1.65313 1.91792 1.40439 1.64116 1.36727
threshold=8.9068073327789978 -0.096555258088096604 3.5091649478297557 1064.6260007940102 0.11997401806526865 0.27962085186491953 -0.30253360986874206 0.38048828571362009 -0.34369057851667767 0.42796053949060903 0.15587405973414462 412.17225985602806 -2.1508077512169796 2.5000000000000004 0.27164432966009949 10.26417382142745 0.13828186878563112 0.2754983932500768 -0.0080400920280405668 -99.677805244452983 0.24485951277656251 0.05158081401042925 46.52993774868748 -0.40285184293291548 455.39381939388358 -102.08705970361048 434.07069273029805 17.255626476850356 28.537734083547154 15.976118479337485 -109.77574151444749 0.16936441400232563 334.80009867568907 0.47900281364268521 -128.37817988323948 -12.371441533010449 558.46206265645662 0.42567132418025261 26.023474505580456 0.010743033488703093 0.44665403847582491 679.62119646846861 308.69491785584955 40.27725327383331 0.11613894898621614 325.17150229806958 780.72969993465063 0.034501946008663971 37.222278777163659 0.048656043765103803 0.16161945362187294 42.259728089083957 0.30632558344251409 -31.3321461012866 37.222278777163659 0.35263075975689079 1193.1273273220252 -0.31377689652429236 -0.27662384496083486 0.41446632665195887 0.38829821334645592 13.699218255131351
decision_type=2 2 8 2 2 2 2 2 2 2 2 2 2 2 2 2 2 2 2 2 2 2 2 2 2 2 2 2 2 2 2 2 2 2 2 2 2 2 8 2 2 2 2 8 2 2 2 2 8 2 2 10 2 2 10 2 2 2 2 2 2 2
left_child=2 -2 3 7 -5 -6 -7 8 -1 11 18 13 -13 14 16 -16 -10 -12 -9 23 -18 -11 29 -19 26 27 -14 -26 -29 33 31 -30 -15 34 -4 -35 -36 39 -39 -38 42 -42 43 44 -41 46 -44 48 -47 -49 -46 52 53 -51 61 59 57 -53 -59 60 -54 -55
right_child=1 -3 22 4 5 6 -8 10 9 21 17 12 24 32 15 -17 20 19 -20 -21 -22 -23 -24 -25 25 -27 -28 28 30 -31 -32 -33 -34 35 36 -37 37 38 -40 40 41 -43 45 -45 50 47 -48 49 -50 51 -52 56 55 54 -56 -57 -58 58 -60 -61 -62 -63
leaf_value=-0.014265575739476134 0.0096334704052318219 0.053438726645943367 -0.0042481036939982873 0.024550214539282023 -0.0052194149968224565 -0.0039084219321046231 0.030195584729886975 0.006832695085117046 -0.006970502564331192 -0.015002684463961765 0.017674879528134815 0.015240714210000903 -0.0033554770317623171 -0.0081569854641223658 0.0010868368072337225 0.037102212172774769 0.014931897513187405 0.0027150139219637185 -0.011118049323725116 -0.0054917068680857906 0.0011743357364793082 -0.001624552220614119 0.0075973614617250856 0.014242597688562593 -0.0076524259321391584 -0.013327851860942144 0.0064772657454013815 0.0050649625318371421 0.0034714216651078665 -0.0061183661408722402 -0.0065088875486539041 -0.0038538486629934804 -0.0011427176138386131 -0.005232838071533478 -0.00012299672272667419 -0.0009938599181784503 -0.0045091744386223384 -0.011183120953466963 -0.0017982904200169552 -0.010326461639693555 -0.0030457710036584599 0.0061069774451328719 -0.00091447802500196679 -0.00031788779788517523 -0.00057146054314216599 -0.010003564992859119 0.0075185391486156739 0.0051202486963011322 -0.00099888584747606386 0.0065429025434811288 -0.0072047861379667599 0.001293766284304362 -0.0010248889494869217 -0.00062232402312038012 0.0066673661490333162 -0.0061663063639266916 0.0038332445570267736 -0.0068028220160340422 -0.0012908682385665913 -0.0051858608698581946 0.0048530525316230269 0.0023100551216736097
leaf_weight=58 54 75 70 59 90 52 51 50 69 64 75 54 58 50 56 52 65 52 55 50 73 65 79 64 74 52 54 50 52 58 78 61 57 56 17184 916 94 50 163 50 65 93 67 552 103 51 64 69 146 89 57 213 191 453 53 54 53 59 1099 50 54 208
leaf_count=58 54 75 70 59 90 52 51 50 69 64 75 54 58 50 56 52 65 52 55 50 73 65 79 64 74 52 54 50 52 58 78 61 57 56 17184 916 94 50 163 50 65 93 67 552 103 51 64 69 146 89 57 213 191 453 53 54 53 59 1099 50 54 208
internal_value=-1.93996e-05 0.0353168 -9.28861e-05 0.00220084 0.00933229 0.00457761 0.013106 0.000987636 -0.000339584 0.000417995 0.00535659 0.00160661 -0.00111355 0.00503677 0.00826847 0.0186089 0.00280996 0.00881355 -0.00258626 0.00472807 0.00771515 -0.00832611 -0.000269862 0.00914243 -0.00298515 -0.00432378 0.00140068 -0.00279992 -0.00128447 -0.000297841 -0.00296435 -0.000482046 -0.00446559 -0.000282515 -0.000238934 -0.00124321 -0.000225612 -0.000645326 -0.00404327 -0.000462827 -0.000363992 0.00234613 -0.000479234 -0.0015462 -0.0047581 -0.000205336 0.00323122 -0.000364822 -0.0033688 -0.000139897 -0.00296466 -0.000282726 0.00053398 0.00142931 0.000783642 -0.00152425 -0.000943343 -0.00113065 -0.00157733 -0.000656553 0.000285119 0.000302517
internal_weight=24432 129 24303 1740 252 193 103 1488 1142 1084 346 955 533 422 315 108 207 241 105 166 138 129 22563 116 479 367 112 315 241 22484 191 113 107 22426 21454 972 21384 4200 213 3987 3893 158 3735 762 210 2973 131 2842 197 2645 160 2576 1152 803 714 349 1424 1371 1158 295 245 661
internal_count=24432 129 24303 1740 252 193 103 1488 1142 1084 346 955 533 422 315 108 207 241 105 166 138 129 22563 116 479 367 112 315 241 22484 191 113 107 22426 21454 972 21384 4200 213 3987 3893 158 3735 762 210 2973 131 2842 197 2645 160 2576 1152 803 714 349 1424 1371 1158 295 245 661
is_linear=0
shrinkage=0.03


Tree=95
num_leaves=63
num_cat=0
split_feature=10 1 3 7 1 6 9 6 13 7 11 13 13 3 8 3 1 3 3 12 11 15 12 9 1 13 16 13 9 1 15 13 1 13 1 8 7 0 3 7 13 15 15 8 7 3 13 1 0 17 1 7 7 9 3 15 15 7 7 13 12 9
split_gain=182.336 64.0922 58.2206 63.5368 5.3334 11.0694 9.88599 8.53967 10.0053 5.76658 4.80665 4.16666 8.20395 17.3036 6.88289 10.3832 26.0611 4.51094 4.11266 8.0781 7.91912 6.78888 4.15975 5.53596 4.06844 3.94736 3.06313 3.05667 3.50463 2.59705 2.5845 2.53847 2.40521 2.31933 7.20247 5.36031 1.70929 1.67729 2.32513 1.66342 1.71206 5.43669 12.0668 4.02616 1.94856 1.57081 1.50624 1.4397 2.25956 1.3797 2.46727 2.18094 1.91622 2.50013 1.33775 1.29542 4.60683 1.96597 2.72269 1.69983 4.62885 6.25414
threshold=14.500000000000002 99.039274249284219 2.5923281977922801 0.13865643631271676 1116.9517526598602 0.3941561502949576 0.044061123504435258 0.14391215163210516 20.766704054497584 0.097540351007674012 -97.785390509325438 19.476696818100418 19.107934475826728 25.420093672441403 0.33807427359056491 7.021662358647391 415.93219833120503 3.7892460484290402 20.991289645430353 -105.71922034429905 -110.92127871198598 5.2433469130231927e-09 -96.707272959041191 0.28333158758365984 324.91480905299704 15.332246218324629 1.0305959579886638e-06 11.782983162621337 0.13050668522545819 1093.2210965565102 2.9020008325183889e-09 14.691752987838123 1193.1273273220252 19.955075516297068 266.91272897809006 0.29069942468642834 0.027009487135792657 665.84469728905458 25.795520038507004 -0.48349972375254863 20.671958101968034 7.1809091168139753e-09 5.9340961446270513e-09 0.1977721069280565 0.13133254279276921 21.827867090655904 39.413865982404765 302.54151294240552 407.91761798822256 2.2023366660902344 70.923220341039823 -1.0000000180025095e-35 -0.065205199341182393 0.28528179356595379 30.285587635364354 5.6919265390257546e-09 5.6042070887855476e-09 0.42893693625563517 0.47068919010811255 32.26686922872058 -103.96547893710299 0.36623677115042513
decision_type=2 2 2 2 2 2 2 2 2 2 2 2 2 2 2 2 2 2 2 2 2 2 2 2 2 2 2 2 2 2 2 2 2 2 2 2 2 2 2 2 2 2 2 2 2 2 2 2 2 2 2 2 2 2 2 2 2 2 2 2 2 2
left_child=4 -2 3 -3 11 6 -6 8 -8 10 -10 12 14 -14 15 16 -1 -16 19 25 49 -22 23 26 -21 -17 -23 -19 -29 33 36 -30 -11 34 54 -36 -9 39 46 45 41 42 43 -41 -43 -35 -39 48 -33 50 -20 -51 53 -52 -13 56 59 -57 -59 60 -42 -62
right_child=1 2 -4 -5 5 -7 7 30 9 32 -12 29 13 -15 17 18 -18 27 20 24 21 22 -24 -25 -26 -27 -28 28 31 -31 -32 47 -34 37 35 -37 -38 38 -40 40 55 44 -44 -45 -46 -47 -48 -49 -50 51 52 -53 -54 -55 -56 57 -58 58 -60 -61 61 -63
leaf_value=-7.4989497329031862e-05 0.051546356794925835 0.0093306226953864084 -0.0077339737266302108 0.053176421213824793 0.012597837869111717 0.013583725348963363 0.010530795846522476 -0.0071059149287312348 0.0081407809385956598 -0.00071844981628996522 -0.0019723620591685174 -0.0012658547555592151 0.018847775425038498 -0.0018040154487281648 -0.010561521546168358 0.0089975994462572727 0.026713179575060218 -0.0081992798857390883 -0.0076119139518899216 -0.0021132590878372658 0.015686031805406158 0.010983549819614451 0.0099851888489416417 -0.0046669507594197055 -0.013539606132093937 -0.0016035637165704329 0.0007205060429664121 0.0048091248505127918 0.0031795022575705147 -0.0055772081243794227 -0.011537966201699768 0.0026119332794628256 -0.0084963230619599147 -0.0042023454417887312 -0.0024543242333299022 -0.015769739108375057 0.0006873905362890047 -0.0090955811617280929 -0.00061192956132344984 -0.0053659201740459857 -0.00054184328922732977 0.00044261577207810034 0.017521818577540368 0.0047708773122479512 -0.0062514360115996422 -0.00022607715739334216 -0.0027715835415504193 -0.0057268911554720723 -0.0057703397384680369 -0.0026345788121645178 0.0073167156723930558 0.0054403136428196113 -0.00279985020412942 -0.0020912813647266694 0.005026653563603759 -0.00063562427887398618 0.0080211491863952863 -0.0081732758518774061 0.000604205834512998 -0.00024108380330518505 0.00055259267305214231 0.004857473783032318
leaf_weight=91 64 69 59 52 61 72 98 50 88 68 80 61 69 76 52 51 50 50 53 52 50 51 67 79 61 80 53 89 67 81 51 66 75 175 58 51 50 52 383 57 1761 103 52 89 62 182 98 118 50 52 50 69 137 50 59 1821 62 74 55 14993 1134 414
leaf_count=91 64 69 59 52 61 72 98 50 88 68 80 61 69 76 52 51 50 50 53 52 50 51 67 79 61 80 53 89 67 81 51 66 75 175 58 51 50 52 383 57 1761 103 52 89 62 182 98 118 50 52 50 69 137 50 59 1821 62 74 55 14993 1134 414
internal_value=-1.4892e-05 0.0259509 0.0166158 0.0284549 -5.98591e-05 0.00253225 0.00123114 -2.72649e-05 0.00222445 -0.000418351 0.00334182 -0.000136047 0.00127952 0.00808517 0.000653403 0.00197625 0.00954559 -0.00229145 0.000849862 -0.00250397 0.00200272 0.00569992 0.00364816 0.00128639 -0.00834613 0.0025605 0.00581002 -0.00129234 -0.000388134 -0.000248235 -0.00610078 -0.0019357 -0.00482843 -0.000228176 -0.00322485 -0.0087712 -0.00324104 -0.000196209 -0.00185662 -0.000154049 -0.000118939 0.00192034 0.00526036 0.00080378 -0.00209523 -0.00218152 -0.00500962 -0.00340761 -0.00101955 -0.000703243 -0.00182449 0.00197696 -0.000503707 0.00263859 0.00184394 -0.000155473 -7.73842e-05 -0.00089045 -0.00445508 -0.000105256 0.000510065 0.00170629
internal_weight=24547 244 180 121 24303 693 621 560 409 311 168 23610 1733 145 1588 1096 141 492 955 244 711 300 250 183 113 131 104 440 390 21877 151 301 143 21796 229 109 100 21567 533 21034 20677 363 198 146 165 357 150 234 116 411 290 121 237 100 120 20314 18364 1950 129 18302 3309 1548
internal_count=24547 244 180 121 24303 693 621 560 409 311 168 23610 1733 145 1588 1096 141 492 955 244 711 300 250 183 113 131 104 440 390 21877 151 301 143 21796 229 109 100 21567 533 21034 20677 363 198 146 165 357 150 234 116 411 290 121 237 100 120 20314 18364 1950 129 18302 3309 1548
is_linear=0
shrinkage=0.03


Tree=96
num_leaves=63
num_cat=0
split_feature=18 18 5 13 20 13 13 20 1 13 11 8 13 3 3 0 5 1 21 1 1 0 21 20 9 9 5 3 0 19 5 9 13 1 3 3 0 9 3 8 8 3 20 21 9 3 9 20 20 5 21 19 0 3 8 1 21 3 21 5 8 21
split_gain=98.0252 64.4958 58.165 8.48226 6.7771 41.7957 3.70919 3.00122 13.4174 14.8632 29.9781 23.8556 19.1748 9.64671 15.9289 11.1542 24.7062 21.5337 9.01869 8.83458 7.81651 12.4885 4.17471 3.8799 5.08127 5.16776 5.02036 2.92694 3.07217 2.70026 3.43018 2.63038 3.60442 1.80475 1.95837 1.71011 1.56304 2.23301 1.07611 1.22546 1.68257 1.51852 1.28972 1.09255 1.49845 1.08574 4.2435 4.06777 1.41264 4.97424 14.2609 5.48993 2.06568 1.23325 1.54962 1.22026 1.15587 1.0847 1.61903 1.41153 1.07841 1.05944
threshold=4.0529781731043021e-08 2.59572377035332e-07 -4.5890270637360997 -1.0000000180025095e-35 1.0000000180025095e-35 43.790063884010664 9.7997819546966642 6.6321986571914104 250.56333068208653 20.671958101968034 -104.50207164106548 0.33807427359056491 18.510145073565266 15.358245146026801 12.464775634783001 447.52930341456306 -6.4398337005183004 1015.5159270254002 0.76101955513146213 1168.1806914616852 947.5207500408286 434.07069273029805 0.059577513970665803 0.7349718554098551 0.29324757862219825 0.21196941907997427 -12.602864771677698 38.565087743238657 446.09065098344206 3.5000000000000004 -16.356334205069146 0.38048828571362009 24.321434740576326 56.587091193546456 34.975947216050109 23.228240582975051 503.69551545685107 0.25914750660430436 8.2356375164421571 0.44516169675786804 0.46334117244144585 4.6836863936156208 9.831486006680473 0.47652734659681806 0.2793137475049719 11.678881228284203 0.017888656150826247 10.811646786697301 10.381398064005351 14.069368085109152 0.98283622370007018 3.5000000000000004 310.89938261630806 10.450032347526202 0.15043845699680028 620.14613720879504 1.4848395797455252 16.345647600055852 0.36715599833097856 58.624593675095007 0.47706631702093022 2.9031791700797154
decision_type=2 2 2 2 8 2 2 8 2 2 2 2 2 2 2 2 2 2 8 2 2 2 8 8 2 2 2 2 2 2 2 2 2 2 2 2 2 2 2 2 2 2 8 8 2 2 2 8 8 2 8 2 2 2 2 2 8 2 8 2 2 8
left_child=3 -2 -3 -1 5 -5 -6 8 29 10 11 -10 -12 14 15 17 -17 18 -11 20 23 -22 -9 36 25 27 -26 28 -25 30 -8 32 -32 -31 -35 -34 37 -15 39 42 41 -41 -24 44 -44 46 -40 -48 49 50 -47 -51 -52 54 -49 -56 -57 58 -50 -59 -60 -55
right_child=1 2 -4 4 6 -7 7 22 9 13 12 -13 -14 19 -16 16 -18 -19 -20 -21 21 -23 38 24 26 -27 -28 -29 -30 33 31 -33 35 34 -36 -37 -38 -39 45 40 -42 -43 43 -45 -46 48 47 53 57 51 52 -53 -54 61 55 56 -58 59 60 -61 -62 -63
leaf_value=0.011701844978249734 0.046528904100414367 -0.014162025883231521 0.03031156296156487 0.027734751163372814 -0.0073400644326077529 -0.0073016610848052159 -0.00955321867707307 -0.0080327902777277069 0.0094106507005000655 0.011391586651058409 0.0088350998109748818 -0.016376149970216348 0.034478617382838445 -0.011174516202154336 0.01774259157163996 0.025308951619355115 -0.0022829411067600033 -0.015089830207965664 -0.0033462314619480266 -0.01269534992932711 0.015253410756608771 -0.0035207339820019917 -0.0056654376146105037 0.0018758335771510081 0.0028012976881713727 0.0091628078825158783 -0.0080222864969629552 0.0048292643643582048 -0.0082155499122260767 -0.0039727890311316415 -0.010913270229102306 0.0026881649061564171 0.0025853876979090272 -0.0010871813247190162 0.0050703925469806838 -0.0046651540786716277 -0.0012165111518220701 -0.002811118638829181 0.0082529347465559472 0.0068024935796588233 -0.00069122821250456874 0.00031274711967191912 -0.00070968471694198476 -0.00079958106281214757 -0.0070519783052417342 -0.018418771344200439 0.0084650960216011012 -0.0025851333323752188 -0.004868415022646207 0.010300158642601432 -0.0063676733046989231 -0.0023597600799355957 0.0004615878727531335 6.1827498848590246e-05 0.00078845068805963791 -0.0060230901766130151 1.0157539085908369e-05 -0.00012937837947510499 -0.00085401289576994706 -0.0046654686785393184 0.0026829324773064364 0.002999190612775939
leaf_weight=53 63 52 52 50 65 76 91 62 87 81 56 50 50 60 70 50 68 73 68 52 69 58 52 54 61 78 102 66 53 105 54 60 50 151 66 68 60 56 61 64 235 65 75 2581 60 51 51 281 87 52 50 73 182 300 476 50 65 14810 1861 61 80 174
leaf_count=53 63 52 52 50 65 76 91 62 87 81 56 50 50 60 70 50 68 73 68 52 69 58 52 54 61 78 102 66 53 105 54 60 50 151 66 68 60 56 61 64 235 65 75 2581 60 51 51 281 87 52 50 73 182 300 476 50 65 14810 1861 61 80 174
internal_value=9.55408e-06 0.0228201 0.00815167 -0.000174906 -0.000201381 0.00671059 -0.000237808 -0.000218289 0.000874308 0.00250169 0.00924165 -5.10608e-05 0.0211403 0.00110589 0.00481638 0.00211087 0.00952297 -0.00185393 0.00468813 -0.000876086 -2.41274e-06 0.00671887 -0.00032117 -0.00145812 0.000130936 0.00280537 -0.00397936 -9.71732e-05 -0.00315249 -0.00271183 -0.00464564 -0.00268795 -0.00456804 -0.000763625 0.000800297 -0.00159698 -0.00517563 -0.00719555 -0.00029897 -0.000813667 0.000821023 0.00356003 -0.00102885 -0.000938029 -0.00355961 -0.000213024 0.000572935 0.000231924 -0.000279266 -0.00202144 -0.00421851 0.00294672 -0.00103125 -8.60842e-05 -0.000755354 0.00011754 -0.0026423 -0.000237086 -0.000887765 -0.000148298 -0.000706928 0.00114414
internal_weight=24437 167 104 24270 24217 126 24091 24026 2067 1422 243 137 106 1179 410 340 118 222 149 769 717 127 21959 590 414 251 163 173 107 645 323 232 172 322 217 118 176 116 21897 3132 364 129 2768 2716 135 18765 1458 1397 17307 408 283 125 232 1346 872 591 115 16899 2028 14871 1941 474
internal_count=24437 167 104 24270 24217 126 24091 24026 2067 1422 243 137 106 1179 410 340 118 222 149 769 717 127 21959 590 414 251 163 173 107 645 323 232 172 322 217 118 176 116 21897 3132 364 129 2768 2716 135 18765 1458 1397 17307 408 283 125 232 1346 872 591 115 16899 2028 14871 1941 474
is_linear=0
shrinkage=0.03


Tree=97
num_leaves=63
num_cat=0
split_feature=16 15 6 10 13 5 5 19 6 1 1 11 2 11 6 3 11 2 15 7 3 3 6 16 15 15 6 3 11 6 19 1 17 1 6 11 1 3 6 3 2 7 7 1 1 6 11 2 2 1 11 2 19 7 1 3 7 7 1 5 16 5
split_gain=116.928 30.4297 35.4429 3.37293 2.93393 13.7234 21.9635 4.65995 8.04154 12.0589 11.8647 11.7289 9.63117 7.61637 5.63595 8.60279 12.8243 16.0736 10.7049 5.38607 4.13318 2.90501 3.64862 12.0467 2.66794 1.80987 1.40276 1.28661 1.65971 3.07456 1.85251 1.19755 1.19427 3.18477 10.5305 7.27113 7.90342 5.47288 2.01642 1.70256 2.94237 1.92944 2.22492 5.74809 2.49329 1.84415 2.79316 1.78941 3.88028 1.76207 1.73588 1.58454 1.5788 1.49597 1.45477 5.31591 3.30345 1.56686 1.49092 1.42209 1.74879 1.45844
threshold=28.035921372148071 2.9769537023127601e-07 0.11191684816561244 6.5000000000000009 21.123755934526013 -32.563280544804549 -39.575229880039934 2.5000000000000004 0.17663975944871838 575.3950315833946 1038.9999484889952 -107.82045312712849 5.1634696226627002 -106.76511004746149 -0.34129996555136616 40.558418626635657 -93.320745919147342 5.4705544567827369 9.1494520821284319e-09 0.089867030382768234 32.990988982110707 48.737503657922957 0.32192096583321556 8.3998068137122175 8.1163580480065267e-09 1.0552450001778073e-08 -0.080581118254446346 70.991715117796062 -125.11271900860798 0.18127009462718305 2.5000000000000004 15.043486661636253 1.0000000180025095e-35 1116.9517526598602 0.37037575616845891 -81.38289874748294 1168.1806914616852 10.806129727977803 -0.11165434033707732 2.5923281977922801 5.0605517886005753 0.44347104635740459 0.3181480918240141 837.13169250595308 19.308626964036055 0.44361748725908973 -111.23387789899748 4.8219753565850363 4.7302852535778577 424.31761665047503 -89.447640053359635 5.688355436270716 2.5000000000000004 -0.19535385952776438 1015.5159270254002 19.676353691275803 -0.041185520331126206 -0.45451177793344749 492.98697674464205 -19.74206111751575 1.0000000180025095e-35 28.628885984338904
decision_type=2 2 2 2 2 2 2 2 2 2 2 2 2 2 2 2 2 2 2 2 2 2 2 2 2 2 2 2 2 2 2 2 2 2 2 2 2 2 2 2 2 2 2 2 2 2 2 2 2 2 2 2 2 2 2 2 2 2 2 2 2 2
left_child=3 -2 -3 4 5 6 -1 8 10 11 14 -10 -12 -11 20 16 17 18 -16 -15 -7 22 31 24 -24 -23 -27 28 29 30 -6 -9 33 54 35 36 -35 -38 -39 40 -34 42 45 44 -44 47 -47 48 -41 -43 51 -49 -48 -52 57 -56 -57 58 -30 60 -46 -61
right_child=1 2 -4 -5 27 7 -8 21 9 13 12 -13 -14 19 15 -17 -18 -19 -20 -21 -22 25 23 -25 -26 26 -28 -29 32 -31 -32 -33 39 34 -36 -37 37 38 -40 41 -42 49 43 -45 59 46 52 50 -50 -51 53 -53 -54 -55 55 56 -58 -59 -60 61 -62 -63
leaf_value=-0.0021665929324226453 0.0056121412748108045 0.015450886517215301 0.044536376574640754 -0.0073643235625478172 0.0099266059063922839 -0.0085207466094288972 0.023685598098120444 -0.0056221790192177963 -0.0035239490307867527 0.00050981113793594499 0.0057125880478997712 0.015076796699707443 0.021965255473247344 -0.019045062291102026 0.025882904000511603 -0.0040633481027491924 -0.0042060241545506865 -0.0012281117095794204 0.0079932069986881245 -0.0051766061793793649 0.0026011841615232135 0.0067206151116475021 0.0032134846915907568 0.012829454284161329 -0.0036584830802998368 -0.0026573528573217409 0.0032637725834366539 -0.0045165521869292629 -0.0024354422641797136 -0.0028314665734375777 0.0017974210200974573 -0.0015250649828860584 -0.0078314948962415649 0.0064536896377103397 0.015259609999244703 0.0099129132093798561 -0.013518495457246898 0.0026518202648283195 -0.0053082036724663335 -0.00018281108362438615 -0.00098244814229793073 -0.0011188754629964631 0.0065011330793019037 0.010728236089926213 -0.0057936564532036963 0.0031254641843192718 -0.0083985435557551689 -0.00029087142275291818 0.0073852469215664679 -0.0055602576761018662 -0.00057816873322008176 -0.0019740362523261684 -0.0027811998569152573 -0.00617322570499719 -0.010031400559292662 -0.0046963253841591128 0.0038386378560301181 -0.00013690271731227235 0.00084663907559700755 0.0013806852284785119 0.00017202098501249423 -0.003878492730824897
leaf_weight=59 76 84 70 58 50 71 58 67 65 69 95 56 50 52 60 97 74 68 62 50 51 67 75 69 153 61 85 64 502 56 51 1211 79 71 50 58 51 51 63 267 193 224 54 51 77 50 69 3050 78 125 79 602 131 94 62 70 95 14270 165 392 102 53
leaf_count=59 76 84 70 58 50 71 58 67 65 69 95 56 50 52 60 97 74 68 62 50 51 67 75 69 153 61 85 64 502 56 51 1211 79 71 50 58 51 51 63 267 193 224 54 51 77 50 69 3050 78 125 79 602 131 94 62 70 95 14270 165 392 102 53
internal_value=5.62092e-06 0.0212448 0.0288736 -0.000199997 -0.000182611 0.00072615 0.0107411 0.000289644 0.00202337 -0.00208502 0.00393392 0.00513768 0.011429 -0.00719598 0.00166487 0.00354704 0.00634807 0.0104591 0.0169303 -0.0123631 -0.00388807 -0.000603061 -0.0010481 0.00194255 -0.00139381 0.00267724 0.00078863 -0.000302052 -0.000289259 0.00277424 0.00587964 -0.00174409 -0.000311992 -0.000174876 0.00267529 0.000490628 -0.00185707 -0.00545056 -0.00175505 -0.000680423 -0.00299309 -0.000565485 -0.000418886 0.00111564 0.000377829 -0.000672174 -0.00316979 -0.000521712 0.00154463 -0.00272097 -0.000708443 -0.000568791 -0.00475133 -0.00363626 -0.000239705 -0.00261802 0.000211266 -0.000203389 -0.00162348 -0.000161626 -0.00241215 0.000747019
internal_weight=24612 230 154 24382 24324 2825 117 2708 920 292 628 121 145 171 483 361 264 190 122 102 122 1788 1575 297 228 213 146 21499 21435 157 101 1278 21278 15508 344 294 236 165 114 5770 272 5498 5149 729 678 4420 250 4170 345 349 3825 3652 200 173 15164 227 165 14937 667 624 179 445
internal_count=24612 230 154 24382 24324 2825 117 2708 920 292 628 121 145 171 483 361 264 190 122 102 122 1788 1575 297 228 213 146 21499 21435 157 101 1278 21278 15508 344 294 236 165 114 5770 272 5498 5149 729 678 4420 250 4170 345 349 3825 3652 200 173 15164 227 165 14937 667 624 179 445
is_linear=0
shrinkage=0.03


Tree=98
num_leaves=63
num_cat=0
split_feature=18 7 12 20 15 21 3 3 2 20 3 3 15 0 21 15 2 0 2 21 6 20 21 1 6 16 20 3 12 2 4 2 1 20 21 15 12 1 1 15 2 15 5 15 21 20 20 3 3 7 21 3 20 16 5 1 1 21 6 12 1 20
split_gain=149.801 182.021 42.208 16.2597 44.5147 4.43666 22.5385 43.3062 17.4989 18.3482 13.6462 21.8183 11.7768 10.7487 15.6109 6.31371 6.47935 8.26585 7.92534 5.52026 4.67881 14.5454 4.27063 3.14094 3.86525 2.50727 2.24377 2.21912 2.19209 2.08472 1.8943 1.42924 3.79204 2.35588 16.2383 42.2836 6.76207 11.8702 6.85383 6.92414 3.97199 2.66577 4.01816 3.463 2.25626 6.3399 2.10517 1.80622 2.1336 1.75888 1.65963 5.69732 3.09823 1.63424 1.62041 1.47618 1.5657 4.83462 4.61382 1.89858 3.07522 1.47529
threshold=4.0529781731043021e-08 -0.17199975013768184 -113.70738115946749 1.0000000180025095e-35 2.6820903980392579e-10 0.41697579079349856 7.021662358647391 4.4507616879867014 5.1634696226627002 1.6136882485306052 10.806129727977803 12.826515964319201 1.2152145341126964e-09 306.80561199496759 0.031908323497307108 2.0556078998879065e-08 5.1583650167829989 375.00972806679005 5.1033566839947007 0.022358981364493106 0.29169390903349163 25.183824074714256 0.031908323497307108 612.48579760803864 -0.29149568557676936 28.035921372148071 6.1494825792491111e-13 39.542780079979103 -108.32196802875795 4.8677255226320773 27.640245063004702 5.318077129790777 1193.1273273220252 13.298681841841001 0.77329550501624056 6.3125091134027761e-11 -98.206337282586261 569.04197803840009 600.11925257148766 1.5545648567488146e-09 4.6123188026478017 1.1210871067181269e-08 -23.349772748908745 2.3475258429249104e-09 0.57413215796177408 20.814426856861456 9.3255176740723122 36.660617641938607 31.145030758132403 -0.021019694881747594 0.64996894818873363 15.180246011363451 33.303044893309909 10.798720846722151 52.530943332856808 811.81796292795354 32.206659667587658 1.3208041207073504 -0.10377335406756892 -107.23777846322749 7.3626821337239958 7.6979648307753665
decision_type=2 2 2 8 2 8 2 2 2 8 2 2 2 2 8 2 2 2 2 8 2 8 8 2 2 2 8 2 2 2 2 2 2 8 8 2 2 2 2 2 2 2 2 2 8 8 8 2 2 2 8 2 8 2 2 2 2 8 2 2 2 8
left_child=3 -2 -3 4 -1 6 7 8 -5 -10 12 -12 -8 14 -13 16 18 -18 -15 28 22 -22 -21 27 -25 26 -7 -24 -19 -16 -26 33 44 34 35 -28 37 41 40 -40 -38 42 -36 61 45 -33 49 48 -47 -42 51 -46 -53 55 -52 56 57 58 -35 60 -59 -44
right_child=1 2 -4 5 -6 25 10 -9 9 -11 11 13 -14 15 29 -17 17 19 -20 20 21 -23 23 24 30 -27 31 -29 -30 -31 -32 32 -34 53 36 -37 38 -39 39 -41 46 -43 43 -45 50 47 -48 -49 -50 -51 54 52 -54 -55 -56 -57 -58 59 -60 -61 -62 -63
leaf_value=-0.0046625486898498733 -0.013731692944515924 0.032950356310233471 0.071311783345744895 -0.010120719504388398 0.032130474907839122 0.0047285313366426376 -0.0020767111171256093 0.027068650645586393 0.021986081389819872 -0.0017939822582285041 0.015701837728776764 0.01702556476580621 -0.019962634329768743 0.0003469308940062331 -0.0045968666091432851 -0.011642215067849439 0.0085603178656086885 -0.0029308751931345859 -0.015263696326479568 -0.007522991310263908 0.017616009906364173 -0.0036262911270287901 -0.0027609475837865223 0.010237849693602093 0.0035606370868023346 -0.0069138637486881073 -0.0055419554256950741 0.0034172445932904687 -0.0095702967388297117 0.0034131682790436986 -0.0035786252512939663 -0.0095198674956994394 -0.0067902046207595481 0.009551954161403562 -0.0027811055902331587 0.032133528984644832 0.0068793168275519028 0.013696332815840531 -0.0024319791206962441 -0.016609596866775642 -0.0001975082580000162 -0.0058624526492829588 -0.0010483255487560188 0.010765412914602515 0.010621215683511561 -0.0010532729644560218 0.0028272658409398111 -0.0054662484458846139 0.0053118777470821032 -0.0063550398993083941 -0.00050458296847068305 -0.0066696210360476888 0.0018817960537100614 0.0037172637710922419 0.0041066822748752714 -0.0017470027025299332 -6.6582602068036904e-06 -0.010636303315882936 -0.0014063982797597417 -0.0013010020468429597 -0.0024504434748518242 0.0052279124122065626
leaf_weight=70 60 59 50 74 50 78 84 83 50 68 81 74 54 58 57 50 90 122 58 73 51 65 269 51 80 51 56 64 71 58 56 93 86 66 123 50 56 71 72 54 74 52 78 51 53 240 60 60 58 95 11693 51 142 93 68 561 7242 55 71 607 161 58
leaf_count=70 60 59 50 74 50 78 84 83 50 68 81 74 54 58 57 50 90 122 58 73 51 65 269 51 80 51 56 64 71 58 56 93 86 66 123 50 56 71 72 54 74 52 78 51 53 240 60 60 58 95 11693 51 142 93 68 561 7242 55 71 607 161 58
internal_value=-6.82551e-06 0.0280958 0.0510357 -0.000163299 0.0108067 -0.00021787 0.00119763 0.00910224 0.0012355 0.0083824 -0.0001954 0.000677588 -0.00916882 -0.000236852 0.00637724 -0.00132093 -0.000845086 -5.75135e-05 -0.00752213 -0.000925913 0.000300647 0.00578374 -0.000779862 0.000179392 0.00328084 -0.000333845 -0.000318575 -0.00156687 -0.0054101 -0.000562425 0.000616277 -0.0003364 -0.000548498 -6.50524e-05 0.00135388 0.0123637 -4.18645e-05 0.00257143 -0.0027946 -0.00859104 -0.000210883 0.000357751 0.00141664 0.00417782 -0.000504869 -0.00258572 -0.0019671 -0.000762895 0.000199204 -0.00367586 -0.0004265 0.00200738 -0.000400636 -0.0002174 -0.000477575 -0.000259577 -0.00015764 -0.00129542 0.00390377 -0.00216458 -0.00457422 0.00164693
internal_weight=24609 169 109 24440 120 24320 1841 275 192 118 1566 1428 138 1347 189 1158 1108 992 116 902 709 116 593 520 187 22479 22428 333 193 115 136 22350 12544 9806 950 106 844 433 411 126 285 362 310 187 12458 451 229 358 298 169 12007 246 193 8856 11761 8763 8202 960 137 823 216 136
internal_count=24609 169 109 24440 120 24320 1841 275 192 118 1566 1428 138 1347 189 1158 1108 992 116 902 709 116 593 520 187 22479 22428 333 193 115 136 22350 12544 9806 950 106 844 433 411 126 285 362 310 187 12458 451 229 358 298 169 12007 246 193 8856 11761 8763 8202 960 137 823 216 136
is_linear=0
shrinkage=0.03


Tree=99
num_leaves=63
num_cat=0
split_feature=14 7 15 21 0 0 4 4 12 0 5 7 6 17 5 12 12 11 17 0 6 0 12 16 0 12 11 15 5 9 1 1 9 7 15 0 17 7 17 17 21 5 4 21 6 15 21 0 17 6 21 0 21 6 1 15 6 15 15 1 21 1
split_gain=186.633 99.324 18.1508 11.5368 32.0928 10.0466 18.45 11.1229 12.1657 10.1948 11.248 22.0874 7.5955 7.29485 5.47199 4.61246 2.24578 2.02776 3.75292 8.0525 1.91844 1.84138 1.85223 2.43707 1.68569 1.75414 1.4319 1.7839 9.03092 3.12934 1.42867 1.41992 2.21617 2.21878 1.36416 1.35828 1.31066 1.36476 2.59077 2.21207 1.2136 1.12645 5.4534 6.89236 1.76918 4.37642 2.11399 1.88046 1.24458 0.995352 4.02302 1.35444 1.35091 6.7335 9.93405 9.90156 6.48975 5.42923 3.83924 8.65434 9.10327 2.7373
threshold=8.6782079256889961 -0.1448985226335324 3.5824750874014812e-07 0.036504684508943612 255.06403753753102 347.75986480456106 3.2273314045087904 18.604485620604454 -95.788890942309365 496.10522554353253 32.224978683628713 0.23085926694299322 -0.14892328055370904 6.9830609338582432 -5.1244544751674495 -102.17728644623527 -113.53075340246657 -112.70057751924249 4.3725223014714292 394.11010537964006 0.47276255587802268 214.79837848030752 -112.92096840125414 1.0000000180025095e-35 268.66112017639904 -128.17780681776648 -68.963158631744946 3.2985975428027742e-08 33.131306496387005 0.26309680213241299 120.16597798189302 739.09065577657464 0.3607186295049401 -0.016693732980771255 2.9519310594780438e-08 583.02781505414407 1.0000000180025095e-35 0.34145542640059828 0.18298995596601955 3.8232142910098355 1.3860322888771552 40.197428347074307 71.343371688723764 1.2285568933353552 0.13171819378387786 8.7034843942678062e-09 1.5156616214569401 255.06403753753102 2.6713522482931711 -0.22742655134542453 0.10778985921110752 148.76149039051651 0.69079529357817959 -0.076206396317323608 519.30353840763564 1.1075434313825672e-10 -0.042833117474910136 7.3899607697400691e-09 1.9694557082707815e-09 551.93563996023011 0.41697579079349856 1116.9517526598602
decision_type=2 2 2 8 2 2 2 2 2 2 2 2 2 2 2 2 2 2 2 2 2 2 2 2 2 2 2 2 2 2 2 2 2 2 2 2 2 2 2 2 10 2 2 10 2 2 8 2 2 2 8 2 8 2 2 2 2 2 2 2 8 2
left_child=2 -2 3 4 -1 7 -7 -6 -9 10 11 12 -8 17 -11 -14 -16 20 26 -20 21 -5 24 -24 -23 -26 27 41 -29 -30 -28 36 33 40 -32 -35 -27 39 -39 -38 -33 48 43 -43 45 46 -44 -46 49 50 -19 -52 53 54 -51 -56 -55 58 61 60 -60 -58
right_child=1 -3 -4 13 5 6 9 8 -10 14 -12 -13 15 -15 16 -17 -18 18 19 -21 -22 22 23 -25 25 31 30 28 29 -31 34 32 -34 35 -36 -37 37 38 -40 -41 -42 42 44 -45 47 -47 -48 -49 -50 52 51 -53 -54 56 55 -57 57 -59 59 -61 -62 -63
leaf_value=0.023209339943222496 0.0037729789147961813 0.0573766578003191 0.012808540129311837 -0.0056506002213389268 -0.016053839189828268 0.015341004313252467 0.0041635824871105202 -0.0094226329468312803 0.0091621068462898782 0.00193816055412917 0.014588184674185786 0.01807642121185464 -0.0019032205494798043 -0.011371308780046848 -0.0041197410261590191 -0.013982378885619434 -0.012142905610072093 -0.008384442959227429 0.014214316168252158 -0.0014871136642593357 0.0035320143870571077 0.0037429246784439819 -0.00054582880962421949 -0.0082639934356723514 -0.0056361673166290581 -7.7151457193699248e-05 0.0020506299503004382 0.013432031314967808 -0.0052795118948009293 0.0037385211654916584 -0.0020297688401619634 0.0047537313687748143 -0.0064021946079268737 -0.0073399283486333755 -0.0075497395803148931 -0.00065942718015451519 -0.0015299007711398257 -0.00093884384636853447 -0.0095537635408534417 0.004769703434610909 -0.0014825763924540404 0.015188432913273571 -0.0037859863812555695 0.0006346771880718214 -0.0048905697806637628 0.0083692468532289444 0.0010061821502778848 -0.00015827418978036452 -0.0020431114551266311 0.00027361537731849237 0.0033636242572669815 -0.00050185154328427823 -0.00013403497276100846 -0.0091620363904546722 0.0035701674487075355 0.021528326426274499 0.00052642387414796466 -0.0063851706517471024 0.016621392070904704 -0.0041091988179832693 0.0023072973791171203 -0.0064487924223596395
leaf_weight=66 52 77 97 75 53 97 70 60 65 88 76 54 54 52 72 60 57 57 50 69 84 72 78 69 67 1780 56 51 76 62 185 62 97 54 51 55 573 80 51 54 50 50 100 69 110 64 460 237 323 159 82 4820 11839 67 60 51 637 95 67 74 98 54
leaf_count=66 52 77 97 75 53 97 70 60 65 88 76 54 54 52 72 60 57 57 50 69 84 72 78 69 67 1780 56 51 76 62 185 62 97 54 51 55 573 80 51 54 50 50 100 69 110 64 460 237 323 159 82 4820 11839 67 60 51 637 95 67 74 98 54
internal_value=2.30008e-05 0.0359642 -7.64961e-05 -0.000128246 0.00325822 0.00159777 0.00338059 -0.00467592 0.000237448 0.001171 0.00462065 0.00139002 -0.00357831 -0.0002539 -0.00381896 -0.00832698 -0.007731 -0.00022879 -0.000115978 0.0051736 -0.000917957 -0.00103521 -0.00092328 -0.0042 -0.000761105 -0.000873291 -0.000147623 -0.00011675 0.00277616 -0.00123018 -0.00222948 -0.000759623 -0.00264629 -0.000976353 -0.00324947 -0.00400567 -0.000522284 -0.0015661 -0.00433971 -0.00098062 0.00198118 -0.000144825 0.000791917 0.00682531 4.62386e-05 0.00100075 0.000145215 -0.00166817 -0.000200107 -0.000167216 -0.000529545 -0.000436518 -3.10767e-05 0.000863315 0.00509606 0.0119398 -0.000186947 0.000408076 0.00110812 0.00437703 0.0081848 -2.7204e-05
internal_weight=24624 129 24495 24398 872 806 628 178 125 531 314 238 184 23526 217 114 129 23474 20173 119 3301 3217 3142 147 2995 2923 20054 19762 189 138 292 2856 318 221 236 109 2538 758 131 627 112 19573 1090 119 971 624 560 347 18483 18160 4959 4902 13201 1362 270 111 1092 1025 930 239 165 691
internal_count=24624 129 24495 24398 872 806 628 178 125 531 314 238 184 23526 217 114 129 23474 20173 119 3301 3217 3142 147 2995 2923 20054 19762 189 138 292 2856 318 221 236 109 2538 758 131 627 112 19573 1090 119 971 624 560 347 18483 18160 4959 4902 13201 1362 270 111 1092 1025 930 239 165 691
is_linear=0
shrinkage=0.03


Tree=100
num_leaves=63
num_cat=0
split_feature=13 1 18 17 13 1 20 13 8 3 13 1 7 6 20 1 0 1 21 21 1 20 20 8 3 7 20 10 21 8 3 3 13 6 21 7 21 20 19 13 3 1 13 21 3 1 1 3 8 3 21 1 13 3 8 7 2 2 21 1 1 3
split_gain=70.4186 46.2271 8.48036 40.2037 7.72251 13.948 7.0645 27.5279 11.6367 7.1368 10.0962 3.57312 6.30968 10.1225 2.9963 4.43539 7.52695 2.92021 2.74294 2.83545 1.72097 4.76391 2.01835 11.0441 8.39879 5.46951 3.29013 10.9979 24.5173 4.9824 4.76704 10.153 4.70966 4.2877 3.86551 3.65928 3.28267 6.37076 18.7677 2.67301 2.48641 1.65906 2.51271 1.83107 2.00325 3.23461 1.54792 2.47895 1.48998 1.43219 1.6391 1.28605 1.27872 1.21093 1.132 1.29045 1.03867 1.78126 2.31366 2.40046 1.63763 2.18015
threshold=-3.5216215127893089 169.63897583554504 3.4126311908591478e-07 8.2190875778834549 10.637535725835024 176.51716406791101 0.35968814765788604 18.717810654952647 0.065685171615914154 6.1186982349081456 25.963557220150019 1221.8018272717502 0.043280435684321279 -0.14122001611844401 1.0000000180025095e-35 411.57194750695209 365.31765289953955 1168.1806914616852 0.49720573738700752 1.1959571891495302 1116.9517526598602 25.636051331682605 0.99319722208100114 0.27164432966009949 17.728859201322056 0.13133254279276921 3.5091649478297557 3.5000000000000004 0.88281764863260215 0.41446632665195887 12.653269085559902 6.5712509654164206 21.468642546038478 0.053407822088009878 0.82498955471802804 0.09384151720786528 0.60633676217324661 22.403976404257104 2.5000000000000004 18.035587566945633 32.612050321136259 593.49574892646115 18.296829066588433 0.66507579823159857 14.431971690585902 320.38917523516358 7.3626821337239958 50.325824258869353 0.057965681227446615 0.75060313632630205 0.82498955471802804 236.06463886565504 24.576146694735495 32.233382889440257 0.13704434352974107 0.011581815072471803 4.6123188026478017 4.2567162521428648 3.1167654585578055 399.26724342851355 195.61628305877954 33.401928627396508
decision_type=2 2 2 2 2 2 8 2 2 2 2 2 2 2 8 2 2 2 8 8 2 8 8 2 2 2 8 2 8 2 2 2 2 2 8 2 8 8 2 2 2 2 2 8 2 2 2 2 2 2 8 2 2 2 2 2 2 2 8 2 2 2
left_child=1 -1 3 4 5 -2 7 -6 -9 -10 -11 17 13 -13 -12 -16 -17 20 -19 -20 22 -22 23 24 -8 -26 27 29 32 30 31 -24 -29 34 -32 -35 37 38 -28 -39 -25 43 54 44 -38 -46 47 -45 -44 -50 52 -40 -51 -36 -43 -56 57 60 59 -59 -48 -62
right_child=2 -3 -4 -5 6 -7 11 8 9 10 14 12 -14 -15 15 16 -18 18 19 -21 21 -23 26 40 25 -27 36 28 -30 -31 33 -33 -34 35 53 -37 41 39 51 -41 -42 42 48 46 45 -47 56 -49 49 50 -52 -53 -54 -55 55 -57 -58 58 -60 -61 61 -63
leaf_value=0.044294332692714725 0.018922214466322845 0.0056875405628834998 0.0119872463163098 -0.024005060962226706 0.021276358944232923 -0.0013387878688230904 0.012081265649847208 0.013473237929436818 -0.009869598363841171 0.008998852867528568 -0.0073898814350672774 0.017554387374936292 -0.0025844677541207407 0.0012100793220467512 -0.0059242131588299095 0.011147461523269784 -0.0029123613703995943 -0.0099881731625509063 0.0035295489956350887 -0.0062953901588916781 0.010135827952985463 -0.00080637389957602759 -0.0027234898705501107 -0.012085146896771332 -0.0067522107110154338 0.0057647373636170998 -0.021606915647224841 0.02418206283932223 -0.0060936423964449201 -0.0065462230565390203 -0.0076348658509154625 0.016160803226863637 0.010826976506368201 0.0068852313836255379 -0.0026359441251877472 -0.0021352424845099446 0.0077917593543636882 -0.0061854305887364793 -0.0039192956502206236 -0.00063833443168531407 -0.0036795162748043926 -0.0077443462056835406 -0.0026114537022631922 -0.0010371234152677556 0.0038483777685355191 -0.0052200332882169345 0.0010338298607595268 -0.0074024807973612156 -0.0047199469622548505 -0.0070865877647798593 -0.00011122757685480886 0.0015672764117614581 -0.0015053686430758755 0.003902769224334727 0.00060980680222012871 -0.0056103234813504278 -0.00020468431969456404 0.0024614418975829333 0.00021988038852128043 0.0096621456094469638 -0.00058081198990943706 -0.0071217863055974689
leaf_weight=51 52 61 50 63 65 72 53 56 67 97 72 53 98 93 81 57 83 52 50 54 52 110 51 88 81 50 54 50 63 95 102 50 50 92 50 71 50 82 75 1355 51 59 326 572 110 51 223 60 68 50 2245 77 137 50 57 62 15381 235 400 50 146 66
leaf_count=51 52 61 50 63 65 72 53 56 67 97 72 53 98 93 81 57 83 52 50 54 52 110 51 88 81 50 54 50 63 95 102 50 50 92 50 71 50 82 75 1355 51 59 326 572 110 51 223 60 68 50 2245 77 137 50 57 62 15381 235 400 50 146 66
internal_value=-4.06801e-05 0.0235038 -0.000233317 -0.000258886 -0.000196342 0.00724117 -0.000234784 0.0030391 0.000691434 -0.000900824 0.000661266 -0.000315092 0.00328907 0.00722234 -0.00212018 -0.000377798 0.00285046 -0.000352884 -0.00443065 -0.00158323 -0.000325275 0.00274657 -0.000346994 -0.00269816 0.00212275 -0.00196727 -0.000313443 0.00167506 0.00850895 -0.000322157 0.000957999 0.00669196 0.0176778 -0.000642607 -0.00355558 0.00296701 -0.000378983 -0.00166847 -0.00658937 -0.000958951 -0.00904938 -0.000274786 -0.00092557 -0.000162023 0.002609 0.000961285 -0.0001963 -0.00165217 -0.000706967 -0.000457677 -0.000336611 -0.00114784 -0.00302743 0.000639684 -0.00437286 -0.00265068 -0.000140442 0.000741196 0.00169365 0.00375409 -0.000759085 -0.00264103
internal_weight=24527 112 24415 24365 24302 124 24178 578 513 457 390 23600 244 146 293 221 140 23356 156 104 23200 162 23038 323 184 131 22715 724 163 561 466 101 100 365 202 163 21991 1643 206 1437 139 20348 3004 17344 211 161 17133 632 2826 2500 2432 152 187 100 178 119 16501 1120 685 285 435 212
internal_count=24527 112 24415 24365 24302 124 24178 578 513 457 390 23600 244 146 293 221 140 23356 156 104 23200 162 23038 323 184 131 22715 724 163 561 466 101 100 365 202 163 21991 1643 206 1437 139 20348 3004 17344 211 161 17133 632 2826 2500 2432 152 187 100 178 119 16501 1120 685 285 435 212
is_linear=0
shrinkage=0.03


Tree=101
num_leaves=63
num_cat=0
split_feature=16 8 21 17 8 21 3 2 3 6 1 3 3 3 2 6 4 21 17 9 16 21 3 21 11 2 16 8 9 2 3 12 21 9 2 1 2 21 2 4 21 9 9 2 6 9 10 10 9 6 2 3 8 17 5 9 16 9 1 1 12 9
split_gain=36.2362 50.7348 36.7225 14.5103 2.99907 3.46197 16.3067 32.9091 23.5113 14.8548 9.39543 9.09813 9.64379 4.82934 10.2536 6.06275 3.95992 3.09537 2.57536 8.28998 2.15486 1.91309 1.44336 1.2662 1.23515 1.17824 1.53909 1.40592 4.59344 2.38199 1.8809 3.25962 3.22847 2.86056 1.80652 1.64718 1.60421 1.26082 1.25227 7.89067 19.4999 1.74961 1.96721 1.57793 1.51779 1.62721 7.46028 1.44975 2.54065 2.1003 2.06493 1.58451 1.54345 1.53154 1.37936 1.52307 1.28011 1.26907 1.26565 2.86908 3.41945 3.3433
threshold=47.860899604728189 0.32687713068303842 2.3194840576396354 7.5418369803037022 0.4961418325412868 0.082061478739839766 17.311423331440803 5.4042000008392055 12.464775634783001 -0.22742655134542453 909.82836450838306 22.149870105615204 25.237102629808906 33.595654686266251 5.2254874885709919 0.021708556856480769 61.708294654111306 0.57413215796177408 4.1544855635409581 0.19851509948148663 12.910642667328345 0.028814196311226805 43.196093409773901 1.3666960022239503 -128.37817988323948 5.558931089417448 9.7967225302323815 0.051811491860300991 0.022318643688828747 4.9003036243604665 18.352755906325704 -96.358187977278689 1.2767890824223354 0.31004805244050093 5.1084383306679326 575.3950315833946 4.8366997329666566 0.72020167762079057 5.4839093567989901 1.5420623672045652 1.2285568933353552 0.23067818385874531 0.13050668522545819 5.4705544567827369 0.47276255587802268 0.47674710029971618 3.5000000000000004 4.5000000000000009 0.41688161033386245 -0.080581118254446346 4.6534187852780766 13.856753590310001 0.23502722270066692 3.4303291090515837 -1.971495512672149 0.36270540067782925 1.0305959579886638e-06 0.36446520334423399 909.82836450838306 1038.9999484889952 -105.87881939540048 0.15146202398971201
decision_type=2 2 8 2 2 8 2 2 2 2 2 2 2 2 2 2 2 10 2 2 2 8 2 8 2 2 2 2 2 2 2 2 8 2 2 2 2 8 2 2 8 2 2 2 2 2 2 2 2 2 2 2 2 2 2 2 2 2 2 2 2 2
left_child=3 2 -2 4 5 6 7 8 9 -1 -11 -8 -13 15 -15 -14 21 -6 20 -20 24 22 -16 -21 -7 27 -27 28 -26 36 32 37 35 -33 -34 -31 -30 -32 43 40 -40 42 -42 44 45 47 56 53 49 -49 -51 -52 -53 58 57 -56 -47 -41 -29 -60 -61 -62
right_child=1 -3 -4 -5 17 18 11 -9 -10 10 -12 12 13 14 16 -17 -18 -19 19 23 -22 -23 -24 -25 25 26 -28 38 29 30 31 33 34 -35 -36 -37 -38 -39 39 54 41 -43 -44 -45 -46 46 -48 48 -50 50 51 52 -54 -55 55 -57 -58 -59 59 60 61 -63
leaf_value=0.0063680834246885127 0.0090458891142980516 -0.0078873567853588612 0.043791261242245728 -0.015914537746740398 -0.010294467127498458 -0.0038293464332497841 -0.010022324255627133 0.02128044330817647 0.015845600557319508 -0.0036269453021477121 -0.020378177834346013 0.010838676974900178 -0.01174629651581582 0.011026987881430059 -0.0050032537167331807 0.00027299233552950777 -0.0084801485149988108 -0.0016033136370071372 0.010296705953722052 0.0018982758208671035 -0.0053893098318194216 0.0037319591058487139 0.00067480381233539174 -0.0041892914247672209 -0.0086214720928883375 -0.00064583957919471828 0.0033495222604092716 9.6805456342107784e-05 -0.001959237037972985 -0.0028267193646976151 0.0038640997878892323 0.0098598327532207833 -0.0046987766470738277 0.00031246567948914642 0.00084046180952301061 -0.0098336919134154026 -0.0075839009967499545 -0.0003380857212685648 0.020194567143903001 -0.002094875384813883 -0.00023720041701668189 -0.0015775043073904898 0.0076755692951969408 -0.0022135505884365589 -0.0019916884283422333 0.00066355090578584818 0.0097508733035886995 -0.0026431727025582885 -0.0070759790875017641 -0.003046264343171391 0.0068014673125422137 -0.00209967222487278 0.003525264317577239 -0.0048664985573047713 0.0013060651895644346 -0.0012516206524148346 -0.0041971987015144386 0.00093141111907150053 -0.0043597614580495768 0.0074077490651432206 -0.0053902490397312623 0.0013503482852071996
leaf_weight=75 58 63 52 52 50 86 91 99 71 75 50 66 75 68 73 75 62 135 84 50 73 80 88 77 66 6348 87 10082 254 77 70 61 63 52 307 50 55 676 61 435 56 108 56 316 358 429 84 297 64 87 54 80 95 57 729 293 54 174 189 50 101 188
leaf_count=75 58 63 52 52 50 86 91 99 71 75 50 66 75 68 73 75 62 135 84 50 73 80 88 77 66 6348 87 10082 254 77 70 61 63 52 307 50 55 676 61 435 56 108 56 316 358 429 84 297 64 87 54 80 95 57 729 293 54 174 189 50 101 188
internal_value=-1.48503e-05 0.0135049 0.0257175 -0.000234438 -0.000200183 -0.000170865 0.00151463 0.00657134 0.00113942 -0.00413413 -0.010436 -0.00125054 0.000124045 -0.00125144 0.000587952 -0.00577464 -0.00178337 -0.00399499 -0.000247617 0.00304371 -0.000278179 -3.26221e-05 -0.00191471 -0.00179651 -0.000261542 -0.000247835 -0.000591311 -0.000111606 -0.000919438 -0.000609141 -6.67093e-05 0.00078295 -0.00153386 0.00550763 -0.000112829 -0.00564064 -0.00298163 6.08662e-05 -1.50904e-05 0.000700044 0.0053337 0.00114045 0.0037521 -0.000123786 -6.97857e-05 -1.18581e-05 0.00155511 -9.03093e-05 -0.00143546 -0.000836 0.000865493 0.0023584 0.000956545 -4.81033e-06 -0.000101052 0.000572288 0.000112564 -0.00123011 2.17642e-05 -0.0014086 0.000244722 -0.00101583
internal_weight=24491 173 110 24318 24266 24081 1048 370 271 200 125 678 587 521 371 150 303 185 23033 211 22822 241 161 127 22749 22663 6435 16228 1731 1665 1356 859 497 113 370 127 309 746 14497 1912 281 220 112 12585 12269 11911 567 11344 677 613 316 229 175 10667 1631 1022 483 609 10610 528 339 289
internal_count=24491 173 110 24318 24266 24081 1048 370 271 200 125 678 587 521 371 150 303 185 23033 211 22822 241 161 127 22749 22663 6435 16228 1731 1665 1356 859 497 113 370 127 309 746 14497 1912 281 220 112 12585 12269 11911 567 11344 677 613 316 229 175 10667 1631 1022 483 609 10610 528 339 289
is_linear=0
shrinkage=0.03


Tree=102
num_leaves=63
num_cat=0
split_feature=14 2 14 15 17 11 15 15 8 4 11 2 15 15 4 15 2 11 12 7 0 7 7 15 4 4 15 7 7 15 4 15 5 5 2 10 11 4 4 8 2 7 12 12 2 2 0 11 12 16 5 7 15 5 16 15 4 5 17 15 7 11
split_gain=63.6532 73.7638 29.0498 9.08299 6.54913 3.0059 5.76336 3.58092 5.0113 3.77845 6.76066 15.5217 15.1933 25.4339 4.92098 3.84118 2.9655 2.89124 33.9276 3.9195 2.89949 3.61526 4.72327 4.83553 7.71595 4.38931 4.73299 4.28032 8.03804 4.18403 4.46997 3.11189 2.85144 2.60639 2.70176 2.44813 2.97461 3.1254 3.07657 2.33132 3.34795 2.14411 2.13117 3.62595 2.09527 1.98306 2.0685 1.93065 1.9142 3.09714 1.61686 2.5705 1.59186 4.00789 1.59065 1.58207 2.13096 1.56385 1.56059 1.53876 1.53568 1.50514
threshold=8.6782079256889961 4.8677255226320773 0.89866727629414822 3.5824750874014812e-07 6.3778981319259413 -126.40291758002948 2.7300770193441162e-09 3.4653437748354766e-09 0.49202291968952111 8.4837770080624768 -109.77574151444749 5.4315488963498364 4.7502242687333445e-09 8.0249789846391971e-09 -11.046923780531248 8.9726515781914925e-09 5.428071033778223 -87.39238786151823 -88.992382111569682 0.47802174823053539 450.50698018364909 -0.2719430835174616 -0.096555258088096604 1.6784012761293699e-08 79.610692270359223 41.469712719795858 1.4359057860773666e-08 0.14227376580280551 0.09384151720786528 1.730877895210819e-08 69.587337560233962 5.3282966143613146e-09 33.131306496387005 10.589024147723451 4.7798379844837742 4.5000000000000009 -106.63700431845548 4.0976597876838303 10.816989079018652 0.18266953637887087 5.0848450111119892 -0.049259201031921045 -106.12707172905148 -109.65238329264314 5.2599582374200571 5.7675698930647767 655.51889343483606 -117.47723658492149 -107.56352481660947 4.2649093449962825 11.528421728381902 0.011581815072471803 4.1199590614104206e-09 -5.7593772579131484 1.0305959579886638e-06 2.7295858633172573e-08 75.053282305350265 28.261057223789152 1.0000000180025095e-35 3.6979583851016829e-09 -0.20998946148393702 -74.734908543044284
decision_type=2 2 2 2 2 2 2 2 2 2 2 2 2 2 2 2 2 2 2 2 2 2 2 2 2 2 2 2 2 2 2 2 2 2 2 2 2 2 2 2 2 2 2 2 2 2 2 2 2 2 2 2 2 2 2 2 2 2 2 2 2 2
left_child=2 -2 3 4 5 6 -1 35 9 10 15 14 -13 -14 -12 47 17 18 19 20 21 29 25 24 27 54 60 28 31 42 -31 -24 -28 34 61 57 38 -38 -37 40 -29 -35 43 -11 58 52 -47 -9 55 -50 -33 -52 53 -18 -23 -25 -57 -7 -44 -55 -27 -19
right_child=1 -3 -4 -5 -6 7 -8 8 -10 16 11 12 13 -15 -16 -17 45 33 -20 -21 -22 22 23 48 -26 26 32 39 -30 30 -32 50 -34 41 -36 36 37 -39 -40 -41 -42 -43 44 -45 -46 46 -48 -49 49 -51 51 -53 -54 59 -56 56 -58 -59 -60 -61 -62 -63
leaf_value=-9.2256723069830945e-05 -0.0080910866707563402 0.037310608820881434 -0.022135413649698926 0.011750488124049172 -0.0093649763899409898 -0.00036422401632367734 -0.011661076187550769 0.0056887047556307855 -0.0065463701782705764 0.0027322221201070596 0.0068462008412086195 -0.0017049967629933042 0.02943393075732248 0.0034171555320551589 -0.0011374445118508779 -0.0067271818687502094 0.0081488970141918929 0.0061078969049065011 0.024072706855588658 0.0080864438052074255 0.0067990763758478514 0.0048967827780825937 0.0064790710621271397 -0.0043272566327819976 0.012709698348496617 -0.0045608691478789334 0.0048257155059015042 0.0083980305855444522 0.012320773856621234 0.0015083456404793719 0.013818299499606447 0.0030537417766754514 -0.0046835259032013705 -0.00023164183682590524 -0.0049537305457475174 -0.0023284951010148743 -0.0055680300737246096 0.0035059310252507844 -0.010795544026992641 -0.0023258617429254467 -0.00066616814129054542 -0.0069307409946825164 0.0038597842207281456 -0.0072907033514929935 0.007172378809191287 0.0060123462669044213 0.00010901404836670425 -0.00036727297462762576 -0.00062014307024557485 -0.0095860762084307872 0.0013978285448172606 -0.0067240880119767204 -0.0010970302093899521 0.0030611741615530963 -0.0021504511208219742 0.0045165180698968467 -0.0028308718255721033 0.00041364458834128027 -0.0022669606624792019 -0.0026228599046312626 -0.010731558061499311 0.00032037672483552752
leaf_weight=113 51 85 53 57 68 15093 58 58 87 70 92 56 69 66 274 75 60 68 57 64 65 64 75 66 54 60 50 51 74 51 55 71 63 75 54 97 53 92 64 305 124 100 77 59 71 80 157 240 70 68 73 66 1753 64 51 79 63 2749 71 125 101 98
leaf_count=113 51 85 53 57 68 15093 58 58 87 70 92 56 69 66 274 75 60 68 57 64 65 64 75 66 54 60 50 51 74 51 55 71 63 75 54 97 53 92 64 305 124 100 77 59 71 80 157 240 70 68 73 66 1753 64 51 79 63 2749 71 125 101 98
internal_value=-1.27331e-05 0.0203502 -0.000156046 -0.000107325 -0.000135615 -0.000109336 -0.00406117 -8.10904e-05 0.000559614 0.000666723 0.00241879 0.00450903 0.0114174 0.0168333 0.00088256 -0.00070627 0.000333898 0.00101032 0.00142283 0.000828289 0.000608267 0.000411818 -0.000248766 0.000657063 0.00182328 -0.0031282 -0.00518715 0.0011083 0.00358128 0.00277595 0.00796504 0.00127694 -0.000470475 -0.00135581 0.000817679 -0.000290077 -0.00294634 0.000173822 -0.00574014 -0.00074488 0.00200811 -0.00407733 0.00117707 -0.00187273 0.00297388 -0.000470709 0.00211859 0.000826491 -0.00234942 -0.00507532 -0.000602868 -0.0024791 -0.000778139 0.00146231 0.00177989 -0.000525266 0.00125976 -0.000244358 0.000925114 -0.000692126 -0.00847427 0.00271355
internal_weight=24552 136 24416 24363 24306 24238 171 24067 5919 5832 930 557 191 135 366 373 4902 2663 2268 2211 2147 2082 1628 1239 893 389 274 839 359 454 106 285 113 395 220 18148 306 145 161 480 175 175 348 129 219 2239 237 298 346 138 210 139 2002 249 115 208 142 17842 148 189 161 166
internal_count=24552 136 24416 24363 24306 24238 171 24067 5919 5832 930 557 191 135 366 373 4902 2663 2268 2211 2147 2082 1628 1239 893 389 274 839 359 454 106 285 113 395 220 18148 306 145 161 480 175 175 348 129 219 2239 237 298 346 138 210 139 2002 249 115 208 142 17842 148 189 161 166
is_linear=0
shrinkage=0.03


Tree=103
num_leaves=63
num_cat=0
split_feature=14 7 14 10 1 6 13 10 2 13 13 4 2 2 2 9 8 1 10 4 13 1 6 13 15 4 13 6 13 19 13 7 13 8 9 13 1 7 13 17 7 10 4 15 17 4 6 9 4 7 1 8 6 4 6 9 1 9 7 9 4 2
split_gain=124.299 81.256 16.4636 30.8392 3.00864 6.39375 17.1506 8.72084 11.5806 8.04058 6.88142 3.57327 4.98312 3.42159 6.19124 2.81013 3.81327 2.9215 1.82893 4.00851 2.53932 2.75047 2.81609 1.80555 2.03035 1.84851 1.77897 1.65659 1.98672 11.4207 15.8243 10.8549 10.0089 9.31253 1.55753 1.49607 4.48839 3.67531 1.85257 1.8457 1.47291 4.16133 1.29432 1.15167 1.08383 1.4335 1.08292 1.07163 2.29553 2.05957 2.56818 3.18865 2.39943 5.20577 1.90735 1.74901 1.9901 1.37046 2.08072 1.8653 4.96527 7.76578
threshold=8.9068073327789978 -0.17199975013768184 0.89866727629414822 9.0000000000000018 1038.9999484889952 0.16527663011617746 24.217832785459411 3.5000000000000004 5.2076526737282629 20.321102511702339 27.231915238711874 -2.1508077512169796 4.8790028629297 5.1084383306679326 5.4873725956730484 0.11423570509670357 0.3188363856566459 1168.1806914616852 5.5000000000000009 54.878113017152359 13.014440456919987 558.46206265645662 -0.20384831805894341 13.627170138528081 2.8099373414590181e-08 66.331371150760162 17.071458040633818 -0.49106438942213465 19.556935693119268 2.5000000000000004 18.200110394255514 0.035538664890865775 15.793818478265431 0.33807427359056491 0.29708817942876747 20.550213609132204 575.3950315833946 0.35710494060606163 20.671958101968034 0.55705252569493691 0.47407743620995652 3.5000000000000004 80.491431876982475 1.793355208488125e-09 1.0000000180025095e-35 8.8119791017063225 -0.25146683584993829 0.082720188675561093 33.286649607469109 -0.036883317762114835 454.06402102225906 0.085781075005480836 0.39014408147642959 4.0976597876838303 -0.3585823365938709 0.0083006037569128849 551.93563996023011 0.44521758832751601 -0.3782786077858073 0.40455992053949791 7.3963538046797259 5.3248092199434529
decision_type=2 2 2 2 2 2 2 2 2 2 2 2 2 2 2 2 2 2 2 2 2 2 2 2 2 2 2 2 2 2 2 2 2 2 2 2 2 2 2 2 2 2 2 2 2 2 2 2 2 2 2 2 2 2 2 2 2 2 2 2 2 2
left_child=2 -2 3 4 18 6 7 -6 -9 -7 -8 -12 -13 -11 -15 -14 17 -17 20 -20 21 22 -1 -22 27 26 -26 43 29 30 32 -32 -29 -34 -31 36 37 39 -37 46 47 44 -24 -25 45 -42 -30 48 49 54 52 -52 -51 -54 -40 -50 -57 58 59 60 61 -49
right_child=1 -3 -4 -5 5 9 10 8 -10 13 11 12 15 14 -16 16 -18 -19 19 -21 23 -23 42 24 25 -27 -28 28 35 34 31 -33 33 -35 -36 38 -38 -39 40 -41 41 -43 -44 -45 -46 -47 -48 57 55 50 51 -53 53 -55 -56 56 -58 -59 -60 -61 -62 -63
leaf_value=0.0036917917630406188 -0.0028655009804403079 0.044503056211697478 -0.016095036298743096 0.022346269146623934 0.017329106812206285 -0.011801311081527259 -0.0086269145052880036 -0.0018638323096777584 0.015729272945401523 -0.0042652269891734432 0.0086476616127989618 0.0086365987225957824 -0.0078610904719118059 0.0090460711517013036 -0.0028418304220831489 0.0010965358953008699 0.0068587115876824712 -0.007668424588430799 -0.00041002565825658829 0.0076805712139633078 0.0049916593445232136 -0.00936336192137667 -0.00057064835176718655 -0.0015091798301705588 -0.0064643495833597089 0.0010607089321129025 -0.0015311125223524868 0.010629870232105964 -0.0035697583178094083 4.7528876279176651e-05 0.0064929837289188679 0.024664710666894768 0.0018558070865401532 -0.014020180472939769 -0.0029519132648605463 0.00462120211062332 -0.0074967603552809885 0.0067969675067473534 -0.007611695361048193 -0.0045043228382672194 0.0045458671016841319 0.0092375471629202351 -0.0068662305857121403 -0.0068151655009625334 -0.0018768368959462425 0.00023048128107899522 0.0014457717806385516 0.0013173565210793945 0.0032199077706900423 -0.00056027038830144045 -0.0098390248184128167 -0.00183597116408679 0.011187738100998103 -0.0015954062401909719 -0.0022959275761948476 0.00038738561215712855 -0.0025933154556810494 -0.00095015042770475852 -0.00016559063683676531 0.00018638793949265868 0.00087554791277385255 0.016683282660977804
leaf_weight=60 50 92 57 54 86 60 74 84 55 90 51 50 51 77 79 81 52 58 160 83 59 52 51 129 118 99 149 62 51 391 71 51 95 50 258 71 100 54 70 121 91 53 69 51 130 281 151 71 151 946 51 330 50 65 436 1058 248 1702 13765 881 421 50
leaf_count=60 50 92 57 54 86 60 74 84 55 90 51 50 51 77 79 81 52 58 160 83 59 52 51 129 118 99 149 62 51 391 71 51 95 50 258 71 100 54 70 121 91 53 69 51 130 281 151 71 151 946 51 330 50 65 436 1058 248 1702 13765 881 421 50
internal_value=-1.61787e-05 0.0279206 -0.000130543 -9.26805e-05 -0.000143246 0.00151277 0.00321211 0.00986746 0.0051601 -0.00205136 -0.000393923 0.00140221 0.000111537 0.000364824 0.00304616 -0.00167813 5.15941e-06 -0.00258944 -0.000210237 0.00237358 -0.000237386 -0.00335351 -0.0015752 -0.000205784 -0.000219379 -0.00243284 -0.00372733 -0.000183356 -0.000160226 0.00116134 0.00570567 0.0142281 0.00063851 -0.0036772 -0.00114756 -0.00022068 -0.0018802 -0.000374509 -0.000182755 -0.00159073 -0.000199335 0.00132406 -0.00421744 -0.00304189 0.000471869 0.00129548 0.000168127 -0.000241058 -0.000726498 -0.00139989 -0.000820952 -0.0029302 -6.14861e-05 0.00401102 -0.00304487 0.000174164 -0.000180179 -0.000143156 -5.26663e-05 0.00103903 0.00242206 0.00775162
internal_weight=24657 142 24515 24458 24404 948 642 225 139 306 417 343 292 246 156 242 191 139 23456 243 23213 232 180 22981 22922 366 267 22556 22376 978 329 122 207 145 649 21398 477 377 20921 323 20850 555 120 180 502 372 202 20295 3405 1948 1442 381 1061 115 506 1457 1306 16890 15188 1423 542 121
internal_count=24657 142 24515 24458 24404 948 642 225 139 306 417 343 292 246 156 242 191 139 23456 243 23213 232 180 22981 22922 366 267 22556 22376 978 329 122 207 145 649 21398 477 377 20921 323 20850 555 120 180 502 372 202 20295 3405 1948 1442 381 1061 115 506 1457 1306 16890 15188 1423 542 121
is_linear=0
shrinkage=0.03


Tree=104
num_leaves=63
num_cat=0
split_feature=13 14 15 14 13 21 13 21 15 21 7 20 20 21 15 20 6 7 15 13 20 1 3 17 17 13 17 3 15 20 13 20 21 10 20 1 2 21 20 3 21 21 1 21 21 1 1 13 6 13 7 7 3 10 21 20 20 15 3 1 1 1
split_gain=131.497 67.3009 23.3765 58.2998 28.2302 8.52583 24.3302 29.4055 12.3254 21.3059 7.67152 1.94724 4.75523 2.63181 13.9831 12.781 13.4645 8.00781 6.38964 3.04665 2.33624 6.10138 3.14184 1.17112 4.52912 7.12199 1.20731 1.04758 1.01248 2.47982 1.982 23.104 31.2734 4.93688 2.96879 5.81367 1.84366 3.57495 1.83444 3.18789 6.43959 14.2867 6.42977 15.1508 6.38214 4.57232 2.28756 3.78882 5.09396 2.17901 5.20024 3.28858 5.85031 2.12033 3.78297 3.75375 1.77389 1.81134 1.76979 1.59073 1.43232 1.41518
threshold=-3.5216215127893089 4.013988001262498 2.3063171735382679e-07 9.7618274642628027 7.9699423268201111 0.014996265382266002 24.450873511318644 0.0023731366481001153 9.6854843153958388e-10 0.0073127644711899059 0.0079588773409069464 2.4225234403102557e-13 6.1494825792491111e-13 0.036504684508943612 5.9885568333170112e-09 0.35968814765788604 0.11191684816561244 0.14227376580280551 1.5881867761018134e-22 11.215816160376294 0.47894238492311508 336.19218487518259 13.417122136738703 3.4303291090515837 3.0216074610195807 20.394043081508624 3.6259215882130937 70.991715117796062 3.6546809977603888e-08 25.636051331682605 19.556935693119268 10.381398064005351 1.2974411047326553 3.5000000000000004 75.723465333984365 780.72969993465063 5.5555455498962631 0.9452517199983711 28.846075488343253 20.991289645430353 0.62229607951379362 0.38925711433808957 316.55721303296406 0.64996894818873363 0.45548851042320104 519.30353840763564 739.09065577657464 38.069489059962514 0.095192680397542709 22.479600118490854 0.10640162613544503 0.35263075975689079 46.259787641857152 2.5000000000000004 1.0695766191844054 12.854742279637202 114.14814612455002 1.2079870830660262e-08 28.799540434568353 212.42024478345402 236.06463886565504 1038.9999484889952
decision_type=2 2 2 2 2 8 2 8 2 8 2 8 8 8 2 8 2 2 2 2 8 2 2 2 2 2 2 2 2 8 2 8 8 2 8 2 2 8 8 2 8 8 2 8 8 2 2 2 2 2 2 2 2 2 8 8 10 2 2 2 2 2
left_child=1 -1 4 -4 -2 6 7 -6 9 10 -8 -7 -13 14 15 18 17 -17 -14 -15 21 -21 -23 24 27 -26 -25 28 30 -30 31 32 -22 56 35 58 37 -36 39 42 41 -41 44 -44 -32 -43 49 -48 -49 50 60 59 -53 54 55 -46 57 -33 -35 -51 -42 -40
right_child=2 -3 3 -5 5 11 8 -9 -10 -11 -12 12 13 19 -16 16 -18 -19 -20 20 23 22 -24 26 25 -27 -28 -29 29 -31 38 33 -34 34 36 -37 -38 -39 61 40 46 45 43 -45 53 -47 47 48 -50 51 -52 52 -54 -55 -56 -57 -58 -59 -60 -61 -62 -63
leaf_value=0.0088540506323001207 -0.022278563499290052 0.055767414742814644 -0.0021219069633290778 0.036984903368185156 0.031571808154514824 -0.0050842347247620438 0.0034356660057286111 0.0024019241986209397 -0.013062126559109009 0.015331884967042254 -0.0097494162684254176 0.0078931165002286436 0.020864843449235195 0.0061142193968407805 -0.010688588162593077 -0.0099604957450719674 0.0098346399845795924 0.0046806254594747984 0.0056879530847072594 0.0035400662443224483 0.030356730004908364 -0.013236172642144892 -0.0029787031001303277 -0.0059211275309912466 0.013941692722459825 -0.00057902433355716434 -0.0011995683535564621 -0.0035363321194414642 -0.008065628537031657 -0.0006072608743209122 -0.011465917876952229 -0.00030467723278637654 -0.00097482147853776449 -0.0012493244199127584 -0.0089496270667158949 0.012555189130585998 0.0042089673660018227 -6.0265416243879743e-05 -0.00012253801861951061 0.0036449720993362088 0.0022117315060327285 -0.0079133466590236828 0.013212539099156855 0.00051452721630758727 -0.012647780991327535 -0.019193437411537711 -0.010732600494336926 0.0045842523541631958 -0.0082176775740021284 -0.0015227833754642931 0.0098366713989526035 -0.0019673895116701034 -0.013335693592534345 0.0014041245445592461 -0.00077620827135061149 -0.0019102987663989718 -0.006702060566006347 -0.0052931563502975872 0.0040753611643698862 0.00048202733826662722 -0.0046442288231398716 -0.001891888786080501
leaf_weight=55 51 55 97 52 54 73 71 72 57 76 88 64 51 66 63 95 90 51 50 64 53 53 55 56 51 73 343 87 50 189 56 198 61 112 50 51 54 202 16715 80 52 90 94 771 53 52 56 61 50 730 56 205 50 223 446 65 93 97 111 694 56 416
leaf_count=55 51 55 97 52 54 73 71 72 57 76 88 64 51 66 63 95 90 51 50 64 53 53 55 56 51 73 343 87 50 189 56 198 61 112 50 51 54 202 16715 80 52 90 94 771 53 52 56 61 50 730 56 205 50 223 446 65 93 97 111 694 56 416
internal_value=-7.72455e-06 0.0326018 -0.000124948 0.0116817 -0.000197983 -0.000150521 0.00409167 0.0150535 -0.000673646 0.00237383 -0.00387706 -0.000225268 -0.00021009 -0.000232361 0.00217737 0.00460708 0.000768511 -0.00484908 0.013481 -0.000273928 -0.000292385 -0.00376564 -0.00808771 -0.00026625 -0.000237763 0.00545696 -0.00187539 -0.000269418 -0.000256568 -0.00219469 -0.00023556 0.0010161 0.0137289 -0.000493693 0.00125812 0.0035205 -0.000772546 -0.00185243 -0.000299878 -0.000883474 -0.0016297 -0.00646692 9.20701e-05 0.00190809 -0.0017714 -0.0121494 -0.00109249 -0.00444426 -0.00120427 -0.000786528 0.00250419 -0.00110925 -0.00423985 -0.00106789 -0.00204606 -0.00679882 -0.00310888 -0.0019573 0.00140744 -0.000546067 -0.0013532 -0.000165612
internal_weight=24505 110 24395 149 24246 24195 418 126 292 235 159 23777 23704 23640 400 337 236 146 101 23240 23174 172 108 23002 22603 124 399 22479 22392 239 22153 1082 114 968 580 274 306 252 21071 3940 2232 222 1708 865 843 142 2010 167 111 1843 164 1679 255 787 564 118 388 295 223 1424 108 17131
internal_count=24505 110 24395 149 24246 24195 418 126 292 235 159 23777 23704 23640 400 337 236 146 101 23240 23174 172 108 23002 22603 124 399 22479 22392 239 22153 1082 114 968 580 274 306 252 21071 3940 2232 222 1708 865 843 142 2010 167 111 1843 164 1679 255 787 564 118 388 295 223 1424 108 17131
is_linear=0
shrinkage=0.03


Tree=105
num_leaves=63
num_cat=0
split_feature=14 2 13 13 20 13 20 1 20 5 12 8 1 13 1 13 20 12 8 20 21 20 19 20 2 5 12 3 21 3 1 13 4 21 21 21 20 13 21 13 4 12 1 12 20 5 20 20 1 4 21 2 2 2 20 21 8 4 3 1 20 8
split_gain=156.039 50.6502 15.4257 10.5587 9.7595 29.3977 2.83472 3.49538 12.0765 13.7656 11.2888 3.73709 2.70673 2.53633 8.48504 4.7031 25.1299 37.511 9.49701 4.00435 11.4481 4.02583 3.72123 2.72043 7.303 7.82343 3.3185 3.4505 2.64725 4.90964 2.89311 3.72497 2.32172 2.21317 1.70546 1.51003 1.94176 1.43349 1.3063 1.63394 1.20745 3.17252 1.7146 1.18638 1.34913 1.17464 2.16209 1.41735 1.22461 4.99322 1.51188 2.54738 4.20365 1.5757 4.00243 1.93128 1.77266 2.03259 3.60539 8.79737 3.56312 2.44191
threshold=8.9068073327789978 4.9090488300622521 -3.5216215127893089 7.9699423268201111 1.0000000180025095e-35 44.291108416770754 2.4225234403102557e-13 1093.2210965565102 2.0039493990201902 16.856254719881054 -94.986746616650748 0.41982572198142248 1294.7648227708103 12.237426639998604 467.73852410602558 19.298770852297597 5.5877510692802952 -106.29355040282736 0.26306617852306063 38.759897881470103 0.76101955513146213 15.215222394536951 3.5000000000000004 1.6136882485306052 4.9090488300622521 34.024426815992804 -96.183868907156025 12.826515964319201 0.38925711433808957 12.653269085559902 865.47141884479663 32.568517897323161 34.551664027022902 3.6325981302013806 0.78591458771949518 0.66507579823159857 98.877949845894761 45.601337942202939 0.41697579079349856 25.483763221000448 80.491431876982475 -122.54698342879348 29.355371287674455 -113.08051085015229 58.759445120414206 46.038314460249651 53.470893917206801 1.7925050432673102 1038.9999484889952 24.434052660016103 0.83585823263001158 5.8298118786872237 5.778980062599083 5.6915125679371625 13.298681841841001 0.031908323497307108 0.46954523984280444 23.476911465860905 21.646925251444355 653.71170384634308 21.321719164710004 0.40066009851686324
decision_type=2 2 2 2 8 2 8 2 8 2 2 2 2 2 2 2 8 2 2 10 10 8 2 8 2 2 2 2 8 2 2 2 2 8 8 10 8 2 8 2 2 2 2 2 8 2 8 8 2 2 8 2 2 2 8 8 2 2 2 2 8 2
left_child=2 -2 -1 -4 5 -5 -6 13 9 10 -9 12 32 14 33 16 17 18 -15 20 -18 -22 -23 24 -17 26 28 -28 29 -26 31 -31 38 -8 -30 36 -21 -34 -10 -40 45 -42 -43 44 -37 47 -47 -25 50 -50 51 52 53 55 -55 -49 57 58 59 61 -60 -57
right_child=1 -3 3 4 6 -7 7 8 11 -11 -12 -13 -14 15 -16 23 19 -19 -20 35 21 22 -24 40 25 -27 27 -29 34 30 -32 -33 37 -35 -36 43 -38 -39 39 -41 41 42 -44 -45 -46 46 -48 48 49 -51 -52 -53 -54 54 -56 56 -58 -59 60 -61 -62 -63
leaf_value=0.01442865470254963 0.0086586114764213556 0.047173424742025571 -0.013598378761996103 0.025810319336258759 -0.0057463601427152743 -0.0038308944573273527 0.0038561084410432614 0.022205812682620653 0.0034802092286569065 -0.0026760825741892823 0.0036209688524926464 0.0058745975412526413 0.0044461666827555748 0.01127168452173893 -0.012827614161537075 -0.010618189256184922 0.015973206355839091 0.033733332836598566 -0.0068689802442403391 -0.00035801210195164792 -0.0043679451272879361 0.0077240563793196182 -0.00035339084054742537 0.0042805822189984606 -0.013094986711262857 0.0085247241327805166 0.0077391233114156351 -0.0027125275033176876 0.0037488514106636022 -0.010441555493955755 0.0031042087694200184 -0.00085516190044133055 -0.0072580006336190224 -0.0040949715720489622 -0.0021646982487162933 0.0052594453874534285 -0.0085276019690996591 -0.0016851598799228667 -0.0057090079507270269 0.00042877192728701626 0.0080060789000708614 -0.0043822535687800621 0.001132324312657595 -0.0013091466528602166 9.5408004350387138e-06 -0.0058991389161320001 -0.0003489123632571674 -0.0061236331704381695 0.0086882575725039136 -0.0030383402834743703 -0.0001091104260164761 -0.0062236305032498567 0.0054069096671618983 -0.010566411367841422 -0.0014073049429245293 -0.00038990889373155394 -0.0040192806114238214 -0.0011730115511076776 -0.006735034449420009 0.013266293677900519 0.00021924658371071044 0.0066695719274381792
leaf_weight=65 50 81 51 50 79 73 79 70 61 64 51 75 63 52 60 78 50 51 50 54 98 86 125 63 55 69 57 55 54 65 51 82 96 51 217 56 50 74 57 119 55 57 405 520 194 91 202 56 63 66 17462 77 96 51 249 240 122 1085 77 62 442 53
leaf_count=65 50 81 51 50 79 73 79 70 61 64 51 75 63 52 60 78 50 51 50 54 98 86 125 63 55 69 57 55 54 65 51 82 96 51 217 56 50 74 57 119 55 57 405 520 194 91 202 56 63 66 17462 77 96 51 249 240 122 1085 77 62 442 53
internal_value=7.2646e-06 0.0326501 -5.52397e-05 -9.43879e-05 -6.55649e-05 0.00832936 -0.000108501 -8.98314e-05 0.00195304 0.00855354 0.0144664 -0.000299058 -0.0012946 -0.000153553 -0.00359651 -0.000125255 0.00156876 0.0129949 0.00239885 0.000141538 0.00280465 0.000629158 0.00295974 -0.000232743 -0.00196796 -0.000997225 -0.00204203 0.00262803 -0.00304331 -0.00524418 -0.00300855 -0.00513595 -0.00219194 0.00072939 -0.000976902 -0.000954303 -0.00432951 -0.00485622 -0.000268474 -0.00158006 -0.000168181 0.00126234 0.000443959 -0.000493407 0.00120179 -0.000204218 -0.0020869 -0.000176894 -0.000191007 0.00271138 -0.000209794 -0.000883111 -0.000718374 -0.000961784 -0.00299428 -0.000675187 -0.000525698 -0.00030619 0.00077001 0.00309541 -0.000823474 0.000905404
internal_weight=24612 131 24481 24416 24365 123 24242 24163 730 185 121 545 470 23433 190 23243 1386 153 102 1233 359 309 211 21857 783 705 636 112 524 253 198 147 407 130 271 874 104 170 237 176 21074 517 462 770 250 20557 293 20264 20201 129 20072 2610 2533 2437 300 2137 2081 1959 874 355 519 293
internal_count=24612 131 24481 24416 24365 123 24242 24163 730 185 121 545 470 23433 190 23243 1386 153 102 1233 359 309 211 21857 783 705 636 112 524 253 198 147 407 130 271 874 104 170 237 176 21074 517 462 770 250 20557 293 20264 20201 129 20072 2610 2533 2437 300 2137 2081 1959 874 355 519 293
is_linear=0
shrinkage=0.03


Tree=106
num_leaves=63
num_cat=0
split_feature=14 5 14 15 10 21 2 15 0 21 3 21 15 13 5 3 7 3 1 7 15 2 3 8 3 5 21 15 15 21 21 13 13 21 7 15 1 21 1 13 5 15 3 12 8 9 5 21 12 8 8 3 21 21 21 21 21 21 7 15 13 21
split_gain=47.0815 46.3836 26.2974 13.9656 8.78066 7.47993 27.9755 19.503 14.6155 16.0024 4.87177 2.01227 8.26017 27.4421 6.86791 5.57185 13.0815 7.16995 8.11181 4.31917 4.31524 3.89482 2.68063 2.34246 1.5439 1.4422 2.1569 2.34052 9.05744 1.63724 1.63549 3.02329 1.28151 10.4264 7.34796 2.87344 4.56233 7.04595 1.63645 2.40979 1.27372 1.37548 1.31859 1.21623 1.12733 1.11923 1.09535 1.03672 1.02951 1.01576 0.988572 1.07044 1.68577 1.32308 1.49581 1.98748 3.02946 1.6937 1.45245 1.33606 0.970083 0.965189
threshold=8.9068073327789978 21.347011731139453 0.89866727629414822 3.5824750874014812e-07 6.5000000000000009 0.014996265382266002 4.9446156437062845 6.8605076709438951e-09 352.76072856159902 0.0073127644711899059 21.827867090655904 0.19901951054834402 8.4394051893214577e-09 19.215556362807046 -23.349772748908745 22.319762088998505 -0.27593269024799655 9.2475016368712168 545.39487351137313 -0.085462462271271397 1.9694557082707815e-09 5.3593658938316997 35.404653097096762 0.33445015517067495 19.676353691275803 46.038314460249651 6.176122569852466 3.6546809977603888e-08 3.2985975428027742e-08 2.2504274019014505 0.33676839252946256 28.472805572726916 19.885603929653858 0.74963532101026853 0.089867030382768234 4.1984752827286515e-09 757.68454940083018 1.7373798348813152 1093.2210965565102 22.833336471476077 -8.0271412312917487 1.1210871067181269e-08 42.551787029432653 -105.56801923146951 0.13704434352974107 0.36623677115042513 -1.6525894235312 0.89481587101820359 -110.57507565106151 0.25855089490274269 0.43580378913887735 16.723287575956402 0.9452517199983711 0.79953813055806056 3.2855707647754406 2.0200260628615507 1.4339662631185901 4.0731826224466259 0.28850987269759681 7.9409338805090669e-23 17.071458040633818 4.9947942930447153
decision_type=2 2 2 2 2 8 2 2 2 8 2 8 2 2 2 2 2 2 2 2 2 2 2 2 2 2 10 2 2 8 8 2 2 8 2 2 2 8 2 2 2 2 2 2 2 2 2 8 2 2 2 2 10 8 10 10 10 8 2 2 2 8
left_child=2 -2 3 4 5 6 -1 8 -8 10 -10 12 13 -7 24 16 -16 -18 -19 22 23 -14 -17 -21 -15 26 27 28 30 60 31 -13 33 34 -32 -35 40 -38 -34 -40 -37 42 48 -33 46 -43 -41 -46 -42 -31 51 52 -27 -53 55 56 58 -56 -55 -57 -29 -59
right_child=1 -3 -4 -5 -6 11 7 -9 9 -11 -12 25 21 14 15 19 17 18 -20 20 -22 -23 -24 -25 -26 50 -28 29 -30 49 32 43 38 35 -36 36 37 -39 39 44 41 45 -44 -45 47 -47 -48 -49 -50 -51 -52 53 -54 54 57 59 -58 61 -60 -61 -62 -63
leaf_value=0.024725184274900714 0.032023375435835784 -0.0036150232835539752 -0.020836984740062191 0.015030663215639915 -0.011288948129152968 0.023546103143958403 -0.014265599016765397 0.015641431772330804 -0.011418700116093864 0.01234928477036802 -0.00027985033232253044 -0.0058171373452370152 -0.00069388598861063226 -0.008777640529183877 0.017241038742797591 -0.009037326198927725 -0.0047801784658503457 -0.0010668167907504304 0.014587138233513668 -0.0025251728537010161 0.0098583326857680301 -0.012328410246926876 -0.00031494475130099228 0.0051299649652726247 -0.0025553303827681312 0.0040580293251800221 0.002591849151176575 -0.0072698790734600132 0.011399470128311745 -0.0032226368173829873 0.002012551647530024 0.0025179127203994135 -0.00015877730279903625 -0.0057153349828485472 0.016438599198400117 -0.0037690784127506261 0.010546679578921447 -0.0025029944286036948 -0.0071893715352622243 0.0046628798712761354 0.0035555460383458171 -0.0021826102148950126 0.0058287560906918603 -0.0018343943670159205 -0.0051395807104573539 0.0013694673056791845 -0.0015328770164684529 -0.00084698419485773353 -0.00086826135982636722 0.002468289164424842 0.0010103185557519758 -0.0068421667503357365 -0.0014596233434027673 0.00075964009665270766 -0.0078350769363538329 -0.00029580333913840792 -0.0069483403845723444 0.0013087078868685399 -0.0048544970748480411 0.0061087069402968224 -0.002211759647232343 -0.0037344396248060675
leaf_weight=50 80 55 54 54 62 50 69 66 54 78 99 130 50 53 64 62 86 61 57 111 51 53 64 52 111 69 255 82 60 54 67 93 19309 77 60 101 87 64 68 51 67 307 50 149 72 107 50 167 155 57 150 50 172 204 66 67 83 50 51 51 60 104
leaf_count=50 80 55 54 54 62 50 69 66 54 78 99 130 50 53 64 62 86 61 57 111 51 53 64 52 111 69 255 82 60 54 67 93 19309 77 60 101 87 64 68 51 67 307 50 149 72 107 50 167 155 57 150 50 172 204 66 67 83 50 51 51 60 104
internal_value=4.49137e-06 0.0175842 -0.000116167 -6.94059e-05 -0.000103552 -7.44984e-05 0.00390875 0.00100535 -0.00225585 0.0013775 -0.00425983 -0.000144163 0.00122691 0.00223237 0.000823277 0.00229324 0.00551934 0.00177578 0.00655388 -0.000258419 0.0023335 -0.00674156 -0.00464428 -6.66538e-05 -0.00460721 -0.000199557 -0.000145654 -0.000178174 -0.000144015 -0.00304095 -0.000177173 -0.00214617 -0.000141957 0.000834674 0.00890319 -0.000182653 0.000277125 0.00503561 -0.000198562 -0.00207642 -0.000641107 -0.000175759 0.00147837 -0.000158335 -0.00103575 -0.00126347 0.00161072 -0.00215618 0.000476809 -0.000304324 -0.00125044 -0.00160181 0.00013036 -0.00217621 -0.0018215 -0.000837703 -0.00200699 -0.00384761 -0.000377764 0.00250032 -0.00516306 -0.00209917
internal_weight=24562 135 24427 24373 24319 24257 416 366 300 231 153 23841 925 822 772 608 268 204 118 340 214 103 126 163 164 22916 21799 21544 21291 253 21231 372 20859 1142 127 1015 938 151 19717 408 787 686 272 242 340 414 101 239 222 111 1117 967 241 726 676 456 338 220 255 118 142 154
internal_count=24562 135 24427 24373 24319 24257 416 366 300 231 153 23841 925 822 772 608 268 204 118 340 214 103 126 163 164 22916 21799 21544 21291 253 21231 372 20859 1142 127 1015 938 151 19717 408 787 686 272 242 340 414 101 239 222 111 1117 967 241 726 676 456 338 220 255 118 142 154
is_linear=0
shrinkage=0.03


Tree=107
num_leaves=63
num_cat=0
split_feature=13 16 10 21 0 7 10 21 3 21 3 13 13 21 3 2 12 16 13 3 3 12 4 13 4 5 21 21 5 2 6 7 21 7 3 12 0 3 21 5 21 21 3 13 5 7 12 12 21 3 21 13 16 16 2 10 21 10 13 6 5 2
split_gain=74.6491 19.361 11.0882 4.8672 36.3315 11.864 5.51415 19.1976 19.6663 14.5455 9.63217 7.05547 1.87997 8.87336 10.4311 11.9588 12.6733 9.45507 2.97676 4.11781 2.91412 4.59468 4.14907 3.79936 2.85763 2.63311 3.40384 3.35106 1.53641 1.51345 1.26445 1.4071 2.03403 1.22811 1.11296 0.926388 1.27044 0.87206 1.47642 0.947581 3.26933 1.13341 6.54128 8.80751 6.02805 5.97811 3.53363 2.37003 1.6863 2.77154 2.69916 4.43272 1.35846 2.12544 3.93053 1.18115 1.03017 0.955334 0.923222 0.904858 1.52073 1.00725
threshold=-3.5216215127893089 53.721818657544212 9.0000000000000018 0.025924569724350303 262.99895113538054 -0.36597910206741519 1.5000000000000002 0.011303803562451703 21.827867090655904 0.0073127644711899059 21.827867090655904 23.137296740891987 19.798410162809187 0.74963532101026853 37.146371826810459 4.8902301896040372 -110.98506602534049 1.0305959579886638e-06 20.022356632199294 25.420093672441403 21.990820349693454 -96.358187977278689 50.812789843522857 19.298770852297597 70.718637896105562 37.600536977437358 1.6070407334605654 1.4102730320132804 -2.2679386668470491 5.3450311960149204 -0.23933971739789325 -0.20998946148393702 1.6693953374185402 -0.041185520331126206 70.991715117796062 -108.48443346942499 397.16496109099461 1.1733150845902351 0.78591458771949518 43.421646897630751 0.77329550501624056 0.16606176382265053 22.537606023879054 50.498843589471157 -0.77086414655479973 0.058388079660763655 -102.90318805436048 -108.80790616172906 0.36715599833097856 11.923914789420403 0.41697579079349856 32.568517897323161 8.6391573781623894 7.6316342533617716 5.3593658938316997 1.5000000000000002 5.9050082110435458 5.5000000000000009 41.066304762341865 0.45587388106004917 30.932807372952702 5.7027887321067743
decision_type=2 2 2 8 2 2 2 8 2 8 2 2 2 8 2 2 2 2 2 2 2 2 2 2 2 2 8 10 2 2 2 2 8 2 2 2 2 2 8 2 8 8 2 2 2 2 2 2 8 2 8 2 2 2 2 2 10 2 2 2 2 2
left_child=-1 2 3 4 -2 -6 7 10 -9 -8 -7 -11 13 14 15 -5 -17 -18 19 -14 23 24 -23 25 28 27 -27 29 -22 -15 -30 -32 -33 -28 37 36 -26 38 -20 41 -41 42 43 -39 -45 46 55 -47 49 58 51 -50 53 56 -55 -44 57 59 -43 61 -61 -52
right_child=1 -3 -4 12 5 6 9 8 -10 11 -12 -13 18 20 -16 16 17 -19 34 -21 21 22 -24 -25 35 26 33 -29 30 -31 31 32 -34 -35 -36 -37 -38 39 -40 40 -42 48 45 44 -46 47 -48 -49 50 -51 52 -53 -54 54 -56 -57 -58 -59 -60 60 -62 -63
leaf_value=0.025864772620797154 0.026777240492246137 -0.015534913421493686 0.01271254247329274 -0.0026730939979355633 0.010833915069566241 -0.014952400300109209 0.0047705028106458484 0.025000091891407089 -0.0010765911281729738 -0.015771555185270059 0.001060850932777231 -0.0034221009267535658 -0.011187611154087309 -0.012503277468803229 -0.0047115164105375499 0.0012120648649962325 0.027120702882329449 0.0091449603782250317 -0.0059623519352421028 0.00037431412392248544 -0.0028815312004110342 0.0014189274487700243 0.011670069476352974 0.0039990049061915754 0.00026581138792566785 0.0063004219059699341 0.0004653873819519173 -0.0022624068988401614 -0.00089456745431405207 -0.0051952048851863332 -0.0001064670499232886 0.0071898180166027987 0.0017350511006728852 -0.0052546854671090834 -0.003994161652667182 -0.0056347337721885061 -0.0045811726249657672 0.013648752358642286 -0.00085134902057634103 -0.0073265694006011016 -0.00060230327079883745 -0.0091126802760460555 -0.0052615932979867518 -0.0066686847278781764 0.0070731381041203006 0.0083408189013313792 0.00024403292825313241 6.4675406381291773e-06 0.010868916578968671 -0.00063494013578573646 -6.5752432762729667e-05 -0.00023411673294114214 -0.0026223463670954294 0.010180696688163581 0.00024891562853390201 -0.011909885224528037 0.0017935692332298552 0.0030113225414450948 -0.0034785183847455652 -0.00082982246260933541 -0.0060469021358423762 -0.00076577311240037793
leaf_weight=99 50 72 60 61 83 55 99 50 53 84 85 83 52 50 68 56 57 51 55 58 70 84 61 87 132 55 65 225 115 56 112 102 155 69 69 64 76 74 562 69 929 50 50 55 58 51 65 75 52 334 15323 83 197 50 121 51 240 83 58 741 53 2103
leaf_count=99 50 72 60 61 83 55 99 50 53 84 85 83 52 50 68 56 57 51 55 58 70 84 61 87 132 55 65 225 115 56 112 102 155 69 69 64 76 74 562 69 929 50 50 55 58 51 65 75 52 334 15323 83 197 50 121 51 240 83 58 741 53 2103
internal_value=-2.84099e-05 -0.000108194 -6.1913e-05 -9.4011e-05 0.00248129 0.000387568 -0.00133377 0.00192938 0.0117007 -0.00431082 -0.0052915 -0.00969071 -0.000164075 0.000748212 0.00553333 0.0086367 0.0128341 0.0187939 -0.000242544 -0.00514287 -0.000143221 0.000875852 0.00578187 -0.00177216 8.67574e-06 -0.00274354 8.26906e-05 -0.0043527 0.00124474 -0.00872705 0.00184622 0.00270051 0.00391945 -0.00249713 -0.000217411 -0.00250423 -0.00151865 -0.000205152 -0.00131586 -0.000172402 -0.00107408 -0.000127283 0.0013129 0.00567833 0.000384814 -0.00149261 -0.00521886 0.00341901 -0.000162747 -0.00199252 -0.000120181 0.00409108 -0.000150459 -0.000124299 0.00319525 -0.0087025 -0.000155082 -0.00018073 -0.0061466 -0.000195436 -0.00118523 -0.000150271
internal_weight=24505 24406 24334 24274 642 592 509 243 103 266 140 167 23632 1871 293 225 164 108 21761 110 1578 971 145 607 826 520 189 331 554 106 484 369 257 134 21651 272 208 21582 617 20965 998 19967 479 187 113 292 166 126 19488 442 19046 135 18911 18714 171 101 18543 18303 108 18220 794 17426
internal_count=24505 24406 24334 24274 642 592 509 243 103 266 140 167 23632 1871 293 225 164 108 21761 110 1578 971 145 607 826 520 189 331 554 106 484 369 257 134 21651 272 208 21582 617 20965 998 19967 479 187 113 292 166 126 19488 442 19046 135 18911 18714 171 101 18543 18303 108 18220 794 17426
is_linear=0
shrinkage=0.03


Tree=108
num_leaves=63
num_cat=0
split_feature=18 11 19 17 20 2 12 3 1 20 6 3 16 12 6 6 3 3 12 1 11 12 6 20 9 6 11 9 1 2 1 9 20 2 1 9 20 20 20 3 20 9 20 2 10 1 20 1 2 9 17 17 3 11 19 16 1 20 10 9 9 19
split_gain=45.4372 51.4493 77.1511 15.8602 4.8481 14.4717 10.4174 12.1491 8.13217 7.59661 7.06332 6.17643 5.22979 5.1753 10.0901 18.861 4.54079 3.89979 3.52241 1.8796 1.48737 1.7918 2.83917 3.18002 2.21142 1.78411 1.39535 1.40252 1.15044 3.49054 1.47324 5.02767 5.75587 1.30706 1.71214 1.28417 2.7451 2.11137 1.77878 1.59283 1.22356 1.08322 2.29658 0.970858 2.81036 1.20892 12.4318 2.54256 1.17654 0.977656 0.965954 1.29972 8.87612 1.71718 0.993971 1.24472 3.18632 1.66163 4.95937 3.94845 5.99486 11.0785
threshold=4.0529781731043021e-08 -122.29690028285249 3.5000000000000004 7.3066777404771424 0.99319722208100114 4.8483674451886047 -94.986746616650748 7.3135637751614206 728.96617256738807 2.4225234403102557e-13 -0.32618201232784733 34.548544482532712 14.63815979500613 -105.34671400643144 0.18127009462718305 -0.053623892412684608 24.855685575051201 8.2356375164421571 -114.16895075352146 768.69078390335369 -128.37817988323948 -122.54698342879348 -0.35055944102630815 94.611745229148809 0.15336224830049974 0.11599898220664252 -68.963158631744946 0.32786655744454413 1252.7504375715052 5.2159969354248359 1168.1806914616852 0.35522867234515415 26.023474505580456 4.6123188026478017 600.11925257148766 0.23260169214446161 38.759897881470103 138.50547711100853 62.346673599554506 49.753780288746505 32.450017059191808 0.48868088517266367 33.761297086714556 5.8298118786872237 3.5000000000000004 1038.9999484889952 23.194354445909955 991.84394670890504 5.5555455498962631 0.21196941907997427 4.8958381457570646 3.1548823823252552 7.021662358647391 -108.20917301199648 3.5000000000000004 0.25782999850621113 530.77699346608404 24.095389148941354 4.5000000000000009 0.38048828571362009 0.4338384687054701 2.5000000000000004
decision_type=2 2 2 2 8 2 2 2 2 8 2 2 2 2 2 2 2 2 2 2 2 2 2 10 2 2 2 2 2 2 2 2 8 2 2 2 8 8 10 2 10 2 8 2 2 2 8 2 2 2 2 2 2 2 2 2 2 8 2 2 2 2
left_child=3 -2 -3 4 5 -1 7 8 -7 11 -11 -9 20 16 15 -15 -12 -8 -18 -19 -6 22 -22 24 -24 -26 28 -28 30 -30 33 32 -32 34 35 36 -23 -37 -38 -39 -36 43 -43 45 -45 47 -47 50 -48 -49 51 54 -53 -54 55 57 -57 58 59 -35 61 -61
right_child=1 2 -4 -5 12 6 17 9 -10 10 13 -13 -14 14 -16 -17 18 19 -20 -21 21 26 23 -25 25 -27 27 -29 29 -31 31 -33 -34 41 40 37 38 39 -40 -41 -42 42 -44 44 -46 46 48 49 -50 -51 -52 52 53 -55 -56 56 -58 -59 -60 60 -62 -63
leaf_value=0.014340232629920837 0.038248935280175041 -0.022522726469757882 0.025591692707755347 -0.013683439147873566 -0.0043774211498049014 0.0039073953456470675 -0.012976818364798364 0.011845337566655501 0.020135756362802706 -0.0091973894494515613 -0.0081600249520561181 -0.00074637710768729452 0.0090202382332222036 -0.0035692297623437994 -0.0055851851672672759 0.021413126455697113 -0.0050301855532513965 0.0013780384655932294 0.0043614813687441788 -0.006568312403794966 0.0082823411923534478 0.007821838683278938 0.0066047853419485573 -0.0046206465819850565 -0.0024401069200460121 0.0039279801119118931 -0.003636989366511799 0.0010935465362294612 -0.0020528193110658319 0.0084996313577553693 -0.01342385793923313 0.0040915354210036723 -0.0010514601949473906 -0.0015017624229590365 -0.0048183905042707914 -0.0014639585524564608 -0.0011468077267177011 0.00079688154885871818 0.0029837034889724011 0.0060575155441609909 -4.5225267148964159e-05 -0.0053388079317907488 -0.00054338568354097129 -0.00043854160030605267 -0.0070982504442023732 0.012490338234534671 -0.0028812118798530757 -0.007701254334304115 0.0016653227875940502 -0.0022067106149791342 -0.0033425806013323116 0.012419038823358469 0.0013216366712331363 -0.0036164001136452756 -0.00048798667711571174 -6.4469597076926972e-05 0.0069803001258114819 3.3286173679292125e-05 -0.0081136480396723047 0.016397562823859194 -0.0018084263909649827 -0.0011824053657405516
leaf_weight=77 57 54 65 77 77 61 50 85 51 80 79 59 54 50 57 58 58 50 91 56 52 70 77 74 87 71 206 77 61 51 55 65 86 970 74 299 151 193 245 70 136 116 389 275 71 72 178 51 71 69 88 56 159 104 8359 208 79 9409 84 61 133 67
leaf_count=77 57 54 65 77 77 61 50 85 51 80 79 59 54 50 57 58 58 50 91 56 52 70 77 74 87 71 206 77 61 51 55 65 86 970 74 299 151 193 245 70 136 116 389 275 71 72 178 51 71 69 88 56 159 104 8359 208 79 9409 84 61 133 67
internal_value=-2.76613e-05 0.0150776 0.00375251 -0.000177209 -0.00013396 0.00195216 0.000859357 0.00236619 0.0114099 0.000708745 -0.00113062 0.00671666 -0.000219802 0.000530651 0.00456267 0.00992058 -0.00239444 -0.00615243 0.000696502 -0.00284219 -0.00024156 -0.000227687 0.0018665 0.00076358 0.00247143 0.000428209 -0.000260768 -0.00235056 -0.000234526 0.00278501 -0.000249671 -0.00276895 -0.00593812 -0.000226283 0.000720696 0.00122499 0.00238764 0.000258421 0.00140976 0.00221469 -0.00174206 -0.000281958 -0.00165328 -0.000248203 -0.00182165 -0.000221187 0.00160236 -0.000250686 -0.00158333 -0.00458624 -0.000224149 -0.000210042 0.00168633 -0.000637349 -0.000241358 -5.4103e-05 0.00189219 -0.000106362 -0.00110483 -0.000620369 0.00264854 0.00725772
internal_weight=24615 176 119 24439 24362 962 885 729 112 617 473 144 23400 393 165 108 228 156 149 106 23346 23269 361 309 235 158 22908 283 22625 112 22513 206 141 22307 1238 1028 466 562 396 263 210 21069 505 20564 346 20218 321 19897 249 120 19777 19689 319 263 19370 11011 287 10724 1315 1231 261 128
internal_count=24615 176 119 24439 24362 962 885 729 112 617 473 144 23400 393 165 108 228 156 149 106 23346 23269 361 309 235 158 22908 283 22625 112 22513 206 141 22307 1238 1028 466 562 396 263 210 21069 505 20564 346 20218 321 19897 249 120 19777 19689 319 263 19370 11011 287 10724 1315 1231 261 128
is_linear=0
shrinkage=0.03


Tree=109
num_leaves=63
num_cat=0
split_feature=14 7 14 16 20 15 1 1 6 6 15 20 3 15 1 6 20 8 3 15 8 20 1 15 7 1 8 2 15 1 16 16 1 16 0 20 19 3 2 4 5 8 2 15 15 15 7 6 6 20 4 20 19 2 2 6 1 19 4 0 1 15
split_gain=136.758 48.4132 16.8983 34.7125 2.42508 13.2981 1.84112 1.83198 6.79015 6.67586 8.67518 12.2925 5.99355 5.64231 5.09119 3.22565 3.21 2.63239 2.10379 1.45686 1.29843 2.20962 1.75143 2.79506 3.09854 2.10515 1.29148 1.1343 1.41774 7.31645 1.57022 1.13461 2.91125 2.25106 1.4408 2.61417 8.1228 20.2456 16.779 18.4001 15.278 14.4946 9.70167 18.6319 11.2018 6.28694 5.44341 3.05698 2.3996 2.35056 2.28902 2.12324 4.02583 1.74915 2.55135 2.57559 2.68451 2.41078 1.96 1.80884 1.73761 1.66929
threshold=8.9068073327789978 -0.057761029570225546 1.4918160199880008 28.035921372148071 1.0000000180025095e-35 7.9409338805090669e-23 1294.7648227708103 1038.9999484889952 0.3941561502949576 0.16527663011617746 2.7300770193441162e-09 28.846075488343253 13.634954221758102 4.4555739930306032e-09 1193.1273273220252 -0.034908647426499677 29.838016022267706 0.26306617852306063 7.021662358647391 1.6801656561740697e-07 0.47900281364268521 3.9913786367212603 969.28967126211012 2.7300770193441162e-09 -0.096555258088096604 947.5207500408286 0.21474313314631613 3.3409260858979981 4.4933864934063042e-08 103.75222543194552 1.0305959579886638e-06 10.342602910817442 137.30136785570201 9.9535308287672262 599.4040506938062 10.811646786697301 2.5000000000000004 17.147342795953104 5.2123324024566262 18.942461524096853 13.699218255131351 0.20739983472699833 5.3218775225745683 2.9020008325183889e-09 5.8806844089848277e-09 1.8648429998992615e-09 0.14951976690331573 0.13663716352137714 -0.44590936386040431 1.7925050432673102 46.392984056060961 12.854742279637202 2.5000000000000004 5.2123324024566262 5.3096861827450619 -0.23137504868635964 162.33614532905554 4.5000000000000009 31.791160321330803 453.77335823374352 929.54083285078661 3.6546809977603888e-08
decision_type=2 2 2 2 8 2 2 2 2 2 2 8 2 2 2 2 8 2 2 2 2 8 2 2 2 2 2 2 2 2 2 2 2 2 2 8 2 2 2 2 2 2 2 2 2 2 2 2 2 8 2 8 2 2 2 2 2 2 2 2 2 2
left_child=2 -2 3 4 5 -1 7 19 9 10 12 -12 18 17 15 16 -14 -11 -9 20 22 -22 25 24 -24 27 -26 -6 31 -30 -31 33 -33 34 35 36 37 38 41 -40 -41 -29 43 46 45 47 -39 -44 -36 50 -38 52 -50 57 -55 56 -56 -51 -59 -57 61 -37
right_child=1 -3 -4 -5 6 -7 -8 8 -10 13 11 -13 14 -15 -16 -17 -18 -19 -20 -21 21 -23 23 -25 26 -27 -28 28 29 30 -32 32 -34 -35 48 60 49 42 39 40 -42 -43 44 -45 -46 -47 -48 -49 51 53 -52 -53 -54 54 55 59 -58 58 -60 -61 -62 -63
leaf_value=-0.0045801787446164421 0.0097549912425093973 0.046006328777263038 -0.01625602518818502 0.024441208236206036 -0.0041973665945474747 0.015415725480097363 -0.0043530695825883528 -0.0022315973991219205 0.0092577227579191505 -0.0052571471602491596 0.014870552657839939 -0.00038688530985382387 -0.0090817282753638349 -0.012177890078638192 0.0088488000708029542 0.0047709024895701314 0.00020549367773836774 0.0030324749061172562 -0.010745486448349601 -0.003939553483256272 -0.0070412986964008516 -0.00085310050322400649 0.004838985206046015 -0.0068106166785388876 5.5308146245526864e-05 0.0045712255588494536 -0.0065149636483310082 -0.0084735279918890134 0.012036459648384238 -0.0037300000740669486 0.0021071743266656991 0.0021604562303247422 -0.0054280261793112575 0.0055037818551600835 -0.0054935236245968397 -8.2899861129939539e-05 -0.0015950517125160768 -0.0058212283791482938 0.030019838071117799 -0.002248795956562636 0.01913718752037253 0.009441194547354384 -0.0072966894959507035 0.019046428228861517 -0.015539982039481402 0.007603788142691234 0.0062753651918017496 0.0012073034802902369 -0.0083421069782012962 -0.0039641248546707268 -0.0088533265693695289 -0.00030414218010986575 0.00028175902840766036 0.005489905085252279 -0.0083798320036332467 0.0043818987685641858 0.00025409055236530931 0.0041645538915756593 -0.0032670993245063492 -6.4571088419761505e-05 -0.0056493076632100651 -0.0043736010844387654
leaf_weight=68 60 75 57 51 59 52 91 51 85 67 94 95 51 58 67 68 94 69 54 90 54 942 65 89 51 87 56 68 52 81 83 75 113 64 93 16981 144 90 53 58 61 98 99 55 61 55 52 61 87 186 53 1994 109 94 56 122 75 82 51 249 50 81
leaf_count=68 60 75 57 51 59 52 91 51 85 67 94 95 51 58 67 68 94 69 54 90 54 942 65 89 51 87 56 68 52 81 83 75 113 64 93 16981 144 90 53 58 61 98 99 55 61 55 52 61 87 186 53 1994 109 94 56 122 75 82 51 249 50 81
internal_value=7.01093e-06 0.0300848 -8.21889e-05 -4.37316e-05 -9.60309e-05 0.00414051 -0.000117189 -0.000101036 0.00126365 0.000367999 0.00199426 0.0072398 -0.000592907 -0.00442927 0.00170172 -0.00057727 -0.00310088 -0.00105995 -0.00667023 -0.000151093 -0.00013622 -0.00119533 -8.86368e-05 -0.00252694 -0.000283837 -5.9506e-05 -0.00341182 -7.81568e-05 -6.68092e-05 0.00234597 -0.000780954 -9.10781e-05 -0.00240529 -7.0619e-05 -8.76116e-05 -2.18142e-06 0.00104627 0.00332744 0.00892302 0.0154618 0.00878189 0.00209584 -0.000681477 0.00439123 -0.00430499 -0.0010602 -0.00137858 -0.00406718 -0.000799591 -0.000618915 -0.00358264 -0.000597844 -0.0035691 2.23905e-05 0.000981629 0.000128213 -0.00347227 -0.00176726 0.00131171 0.00140546 -0.000120058 -0.000103525
internal_weight=24586 135 24451 24394 24343 120 24223 24132 853 768 574 189 385 194 280 213 145 136 105 23279 23189 996 22193 261 172 21932 107 21845 21786 216 164 21570 188 21382 21318 19035 1923 811 338 172 119 166 473 197 276 215 142 160 2283 1112 197 2190 196 915 596 502 131 319 133 371 17112 17062
internal_count=24586 135 24451 24394 24343 120 24223 24132 853 768 574 189 385 194 280 213 145 136 105 23279 23189 996 22193 261 172 21932 107 21845 21786 216 164 21570 188 21382 21318 19035 1923 811 338 172 119 166 473 197 276 215 142 160 2283 1112 197 2190 196 915 596 502 131 319 133 371 17112 17062
is_linear=0
shrinkage=0.03


Tree=110
num_leaves=63
num_cat=0
split_feature=14 14 14 11 15 15 15 9 0 4 15 9 15 9 6 9 11 4 16 16 4 1 0 6 15 1 6 0 16 6 1 4 6 0 16 1 1 1 4 15 1 12 4 12 9 4 6 12 12 15 15 15 1 1 9 15 4 1 15 16 19 15
split_gain=49.6892 30.4922 63.8141 4.71351 13.8204 7.33138 4.093 2.30207 4.06086 3.36565 4.34699 2.95107 2.62879 2.54013 2.13937 2.67544 1.82036 1.60215 1.52001 7.90282 13.0392 2.15419 2.39461 2.78197 5.34589 3.36078 1.80817 1.36556 1.30466 1.28227 1.7043 1.39005 6.76702 9.045 3.17444 7.08154 3.66266 3.08211 2.97613 3.27342 2.74679 7.66321 7.72697 2.47062 2.35534 3.607 2.32541 2.11075 2.05332 1.89932 1.69294 8.14897 4.4475 5.16736 14.0839 2.86837 3.67695 9.77188 2.82837 5.72666 6.5562 6.27657
threshold=32.707844786489503 14.449291323303997 5.8528188273099966 -119.07351551162948 2.3063171735382679e-07 2.9769537023127601e-07 1.2170325750202125e-07 0.34525564479347276 502.10978583843251 62.117854179036804 7.9409338805090669e-23 0.099445109588123262 1.3477144085817722e-08 0.39073717599675667 -0.11968907918938919 0.19244269877492484 -124.09794377116648 80.491431876982475 7.6316342533617716 8.4488115171745459 47.118747841215402 424.31761665047503 581.67274968038203 -0.16072697926990107 1.1639248224511225e-08 280.34642557336105 0.29169390903349163 398.65272439747304 7.9226025590846421 0.4645110835793132 947.5207500408286 4.4822833886649454 0.3941561502949576 486.72097990352205 1.0000000180025095e-35 1038.9999484889952 865.47141884479663 653.71170384634308 -3.9299781604612045 6.4133818740643007e-10 437.41312428096154 -100.38313267531647 -5.4256919558665988 -103.28685569119951 0.0083006037569128849 36.493659477366457 0.44002159424425275 -100.85560554107219 -105.56801923146951 5.1482052170391682e-10 2.4288252857089428e-09 2.5090904658954325e-09 1252.7504375715052 1116.9517526598602 0.19244269877492484 3.5173487888038301e-09 38.920255426934453 10.964348018822653 1.8648429998992615e-09 0.15939877883524603 2.5000000000000004 1.999728447970222e-09
decision_type=2 2 2 2 2 2 2 2 2 2 2 2 2 2 2 2 2 2 2 2 2 2 2 2 2 2 2 2 2 2 2 2 2 2 2 2 2 2 2 2 2 2 2 2 2 2 2 2 2 2 2 2 2 2 2 2 2 2 2 2 2 2
left_child=1 2 3 4 7 6 18 9 13 10 14 -12 17 -9 -1 -16 -13 -11 29 20 28 22 23 24 -21 26 -25 -15 -20 31 -31 32 34 46 35 37 -36 40 49 -40 -5 -42 -43 -38 45 -33 47 -34 -47 -39 58 -52 53 55 -55 -53 57 -57 -46 60 61 -60
right_child=-2 -3 -4 5 -6 -7 -8 8 -10 12 11 16 -14 27 15 -17 -18 -19 19 21 -22 -23 -24 25 -26 -27 -28 -29 -30 30 -32 44 33 -35 36 -37 43 38 39 -41 41 42 -44 -45 50 48 -48 -49 -50 -51 51 52 -54 54 -56 56 -58 -59 59 -61 -62 -63
leaf_value=0.0020988885973181044 0.029446796441779416 -0.022508368036963725 0.03243060731535985 0.00022585935075436009 -0.014994731654321225 0.011230243605506771 -0.0078544620959268459 -0.0075712841988869895 -0.010180479231334869 -0.0041377649546877754 -0.00080867795996662024 0.010541188706061803 -0.0083987224984957715 -0.0020369505277001336 -0.0092014997435341528 -0.00015906348171073104 0.0038239074338522116 0.0021959553858531371 0.0050428430901374669 -0.0033120669229214799 0.017430429980602291 -0.0040127984850123598 0.0058088276267517355 -0.0028984803146526006 0.01024706439827295 -0.0093983955990851811 0.0036436884894856581 0.0031316657944116737 -0.00042746226958881474 -0.00099689412096449549 -0.0066676043565658963 -0.0011760444373244859 0.0022063400097191333 0.013659741211868822 -0.00064361989364388156 0.0086282875565283929 -0.0022206895017006898 -0.0029788353855838066 -0.0030430303810507898 0.0066372740460450162 0.00015123977600295846 0.0015523483269832663 0.016682873244393586 -0.011148145633804446 -0.00020046182818264559 0.0022678002301004846 0.0055942725869826977 -0.0049490912315648802 0.0092026472689379756 -0.010160940510507387 -0.011408411938887184 -0.0024748605245768921 -0.0082502337702959165 0.017731932128063978 -0.0019818262750241943 0.012235231369573047 -0.0012154377037065 0.00020360292911624802 0.016084895834562636 -0.005689165571137615 -0.00013568064430728556 0.0039768349136248592
leaf_weight=69 50 54 53 1646 70 50 61 50 62 73 75 59 63 118 56 61 97 69 59 53 62 142 59 106 50 50 58 74 113 750 50 134 99 74 1416 96 63 95 81 50 262 60 61 50 11886 83 89 58 72 51 63 692 67 50 90 62 2144 1705 56 68 191 122
leaf_count=69 50 54 53 1646 70 50 61 50 62 73 75 59 63 118 56 61 97 69 59 53 62 142 59 106 50 50 58 74 113 750 50 134 99 74 1416 96 63 95 81 50 262 60 61 50 11886 83 89 58 72 51 63 692 67 50 90 62 2144 1705 56 68 191 122
internal_value=-3.44649e-05 -0.000195973 -0.000145772 -0.000217873 -0.00223803 -0.000131791 -0.000156602 -0.00125857 -0.00339353 -0.000211343 0.00133572 0.00407653 -0.00334949 -0.00161999 -0.00207179 -0.00452837 0.00641538 -0.00106628 -0.000136102 0.00118981 0.00575301 -0.00087867 0.000312468 -0.000725564 0.00330528 -0.00267199 -0.000576726 -3.8975e-05 0.00146728 -0.000180397 -0.0013592 -0.00013695 0.000349551 0.0045377 7.55039e-06 0.000687631 -0.00106058 0.00035346 -0.00260923 0.000674034 0.000759014 0.00304377 0.00925436 -0.00623403 -0.000255243 0.00242594 0.00174948 -0.000451661 0.00552749 -0.00553971 -0.000300442 -0.000773738 -0.000632106 -0.000522775 0.00513463 -0.000695922 -0.00038061 0.000632447 -0.000113235 0.00225431 0.00372957 0.00785469
internal_weight=24552 24502 24448 24395 996 23399 23349 926 304 622 417 231 205 242 186 117 156 142 23288 752 234 518 376 317 103 214 164 192 172 22536 800 21736 4251 320 3931 2402 1529 2306 277 131 2029 383 121 113 17485 289 246 157 155 146 17196 4873 4810 4743 140 4603 3911 1767 12323 437 369 178
internal_count=24552 24502 24448 24395 996 23399 23349 926 304 622 417 231 205 242 186 117 156 142 23288 752 234 518 376 317 103 214 164 192 172 22536 800 21736 4251 320 3931 2402 1529 2306 277 131 2029 383 121 113 17485 289 246 157 155 146 17196 4873 4810 4743 140 4603 3911 1767 12323 437 369 178
is_linear=0
shrinkage=0.03


end of trees

feature_importances:
nn_norm_ang_sep=653
nn_norm_range_sep=601
abs_bistatic_doppler_hz=562
k_factor_db=498
rx_elevation_deg=486
rms_delay_spread=429
log_R=389
frac_v=351
rss_total_db=340
abs_frac_v=311
rss_max=311
frac_u=283
az_off_boresight=260
abs_frac_u=256
rx_azimuth_deg=245
bistatic_range_m=234
n_mpc=173
n_targets=169
aoa_spread_w=128
zoa_spread_w=113
dom_excess_delay=74
first_rss_minus_dom=16

parameters:
[boosting: gbdt]
[objective: regression]
[metric: rmse]
[tree_learner: serial]
[device_type: cuda]
[data_sample_strategy: bagging]
[data: ]
[valid: ]
[num_iterations: 3000]
[learning_rate: 0.03]
[num_leaves: 63]
[num_threads: 0]
[seed: 42]
[deterministic: 0]
[force_col_wise: 0]
[force_row_wise: 1]
[histogram_pool_size: -1]
[max_depth: -1]
[min_data_in_leaf: 50]
[min_sum_hessian_in_leaf: 0.001]
[bagging_fraction: 0.8]
[pos_bagging_fraction: 1]
[neg_bagging_fraction: 1]
[bagging_freq: 1]
[bagging_seed: 400]
[bagging_by_query: 0]
[feature_fraction: 0.65]
[feature_fraction_bynode: 1]
[feature_fraction_seed: 30056]
[extra_trees: 0]
[extra_seed: 12879]
[early_stopping_round: 0]
[early_stopping_min_delta: 0]
[first_metric_only: 0]
[max_delta_step: 0]
[lambda_l1: 0]
[lambda_l2: 1]
[linear_lambda: 0]
[min_gain_to_split: 0]
[drop_rate: 0.1]
[max_drop: 50]
[skip_drop: 0.5]
[xgboost_dart_mode: 0]
[uniform_drop: 0]
[drop_seed: 17869]
[top_rate: 0.2]
[other_rate: 0.1]
[min_data_per_group: 100]
[max_cat_threshold: 32]
[cat_l2: 10]
[cat_smooth: 10]
[max_cat_to_onehot: 4]
[top_k: 20]
[monotone_constraints: ]
[monotone_constraints_method: basic]
[monotone_penalty: 0]
[feature_contri: ]
[forcedsplits_filename: ]
[refit_decay_rate: 0.9]
[cegb_tradeoff: 1]
[cegb_penalty_split: 0]
[cegb_penalty_feature_lazy: ]
[cegb_penalty_feature_coupled: ]
[path_smooth: 0]
[interaction_constraints: ]
[verbosity: -1]
[saved_feature_importance_type: 0]
[use_quantized_grad: 0]
[num_grad_quant_bins: 4]
[quant_train_renew_leaf: 0]
[stochastic_rounding: 1]
[linear_tree: 0]
[max_bin: 255]
[max_bin_by_feature: ]
[min_data_in_bin: 3]
[bin_construct_sample_cnt: 200000]
[data_random_seed: 175]
[is_enable_sparse: 1]
[enable_bundle: 1]
[use_missing: 1]
[zero_as_missing: 0]
[feature_pre_filter: 1]
[pre_partition: 0]
[two_round: 0]
[header: 0]
[label_column: ]
[weight_column: ]
[group_column: ]
[ignore_column: ]
[categorical_feature: ]
[forcedbins_filename: ]
[precise_float_parser: 0]
[parser_config_file: ]
[objective_seed: 16083]
[num_class: 1]
[is_unbalance: 0]
[scale_pos_weight: 1]
[sigmoid: 1]
[boost_from_average: 1]
[reg_sqrt: 0]
[alpha: 0.9]
[fair_c: 1]
[poisson_max_delta_step: 0.7]
[tweedie_variance_power: 1.5]
[lambdarank_truncation_level: 30]
[lambdarank_norm: 1]
[label_gain: ]
[lambdarank_position_bias_regularization: 0]
[eval_at: ]
[multi_error_top_k: 1]
[auc_mu_weights: ]
[num_machines: 1]
[local_listen_port: 12400]
[time_out: 120]
[machine_list_filename: ]
[machines: ]
[gpu_platform_id: -1]
[gpu_device_id: -1]
[gpu_device_id_list: ]
[gpu_use_dp: 0]
[num_gpu: 1]

end of parameters

pandas_categorical:null
