tree
version=v4
num_class=6
num_tree_per_iteration=6
label_index=0
max_feature_idx=21
objective=multiclass num_class:6
feature_names=bistatic_range_m abs_bistatic_doppler_hz log_R rx_elevation_deg rx_azimuth_deg az_off_boresight frac_u frac_v abs_frac_u abs_frac_v n_mpc rss_max rss_total_db k_factor_db dom_excess_delay rms_delay_spread aoa_spread_w zoa_spread_w first_rss_minus_dom n_targets nn_norm_range_sep nn_norm_ang_sep
feature_infos=[11.489456688024401:859.78271023567504] [0.00457646671884584:1334.6482052214201] [1.7482826245451584:6.0635325142464014] [-28.137560477661399:79.802158906949103] [-29.975475184538201:89.997910362440393] [-59.975475184538197:59.997910362440393] [-0.49996369851113798:0.49999466988442931] [-0.49989062373134985:0.49998628115944754] [2.5258113836912344e-05:0.49999466988442931] [2.8371981528607648e-05:0.49998628115944754] [1:21] [-135.93833662636999:-27.575337708879498] [-135.93327734786425:-27.575337708879498] [-7.1111958389131189:60] [0:80.241415323251985] [0:1.6263598985340585e-06] [0:156.66068926350505] [0:27.802742572532459] [0:2.759334519723198e-06] [1:5] [0:520.61079950413205] [0:9.8589013330550692]
tree_sizes=3471 3347 3337 2529 978 1280 3450 3431 3431 2912 1004 1522 3447 3430 3427 3120 1002 1414 3444 3429 3434 2915 1004 1525 3448 3437 3444 3342 1000 1631 3441 3437 3431 3450 898 1738 3447 3440 3415 2928 894 1627 3455 3436 3438 3143 997 1734 3462 3431 3438 3359 895 1627 3461 3432 3446 3143 999 1744 3451 3435 3438 3470 899 1728 3458 3446 3440 3473 898 1735 3447 3462 3440 3478 1422 1734 3464 3457 3449 3476 1853 1736 3461 3449 3454 3461 1627 1737 3463 3447 3433 3472 1646 1751 3454 3439 3447 3479 1104 1753 3461 3450 3450 3466 1630 1852 3453 3441 3446 3361 1108 1641 3469 3446 3453 3480 1635 1629 3460 3459 3434 3479 1634 1854 3462 3463 3450 3478 1864 1640 3459 3470 3443 3466 1532 1860 3461 3458 3448 3474 1526 1525 3482 3432 3457 3473 1526 1534 3469 3454 3450 3458 1630 1856 3479 3441 3466 3483 1959 1525 3479 3481 3472 3472 1737 1963 3474 3462 3451 3468 1742 2180 3473 3436 3460 3472 1963 1742 3473 3463 3452 3471 1415 1850 3474 3458 3461 3469 1969 1750 3483 3457 3455 3479 1734 2194 3474 3458 3447 3478 1634 1848 3478 3459 3462 3474 1860 3037 3478 3452 3465 3462 1753 1742 3475 3467 3475 3467 1746 2930 3482 3478 3454 3467 1518 2733 3469 3470 3474 3459 1645 3043 3492 3472 3456 3472 1864 2936 3474 3465 3469 3465 1747 2291 3494 3460 3456 3470 2074 3161 3477 3460 3481 3465 1211 3030 3485 3465 3473 3465 1537 1740 3497 3463 3449 3492 1858 2514 3471 3479 3459 3456 1654 1750 3485 3470 3481 3469 1325 2406 3485 3485 3450 3473 1742 3483 3472 3478 3467 3457 1865 1970 3483 3476 3471 3484 1324 3465 3476 3474 3478 3477 1654 2930 3487 3472 3476 3480 1655 2935 3475 3473 3486 3490 1769 3463 3488 3480 3471 3471 1659 3460

Tree=0
num_leaves=31
num_cat=0
split_feature=10 21 13 20 19 13 11 20 21 1 1 13 20 1 20 1 3 20 11 21 11 15 20 19 11 13 5 5 3 20
split_gain=5286.04 2258.57 531.476 387.518 596.307 445.412 230.489 143.033 57.178 54.2525 25.539 24.2923 17.2844 13.7599 13.3415 10.8535 9.70046 9.22967 8.48804 7.71575 5.93775 4.6555 3.78668 6.41042 4.03873 4.69648 3.06488 2.32168 2.09057 1.52621
threshold=13.500000000000002 0.040355889517861107 25.427515535591905 10.465543835848552 2.5000000000000004 23.867688320385913 -125.14559643286049 1.6042356715084252 0.0079214145517441572 927.70716135805162 1013.1202485432701 18.640940358395145 39.820579571058055 7.3673002632836306 13.721344332421252 77.864116828644811 35.216522280633761 57.064438286372109 -121.45602090548648 1.3012179441188103 -106.79856440999998 7.9409338805090669e-23 39.820579571058055 2.5000000000000004 -109.27032252328898 25.328557681991011 -0.7971789281889502 1.9647117707474993 21.351553160853154 7.7619561756240909
decision_type=2 8 2 8 2 2 2 10 8 2 2 2 8 2 8 2 2 10 2 8 2 2 8 2 2 2 2 2 2 10
left_child=1 2 -1 4 5 -3 -5 -7 -4 11 -11 12 -8 20 19 -14 29 -12 -16 -15 -13 -18 23 26 25 -25 -20 -22 -19 -6
right_child=-2 3 8 6 16 7 9 -9 -10 10 17 13 15 14 18 -17 21 28 22 -21 27 -23 -24 24 -26 -27 -28 -29 -30 -31
leaf_value=-0.56465845765983236 -0.97053669429425315 -0.51353925119529897 -0.12088171496236473 -0.21559953189019382 -0.0095206045850545623 -0.042141132867448812 -0.081640148685620195 -0.27428018515371555 -0.26982673623951231 -0.11003367729218662 -0.065055928722140055 -0.062927678741639445 -0.068297638615401196 -0.0743298312961123 -0.043848148002707157 -0.011086627435914941 -0.032067685891256956 -0.034580254225944983 -0.053594247204334457 -0.020388768199932673 -0.0087923112456785649 -0.078024932069782116 -0.0021718489921190992 -0.044895850609137561 -0.0027350529669822529 -0.010512970893477282 -0.016983031007736519 -0.040926325838846311 -0.0050664078686238762 -0.030529572107447243
leaf_weight=18.24445454031229 14.169193051755427 11.610203526914118 10.804603695869444 12.794923469424246 39.616877779364586 14.927412196993831 15.781268440186976 10.946767851710318 23.125639617443085 15.543465681374071 16.206902801990509 12.889700770378111 9.6672756001353246 9.4775579348206538 13.221420012414454 38.526936493813992 10.757213518023494 11.325876697897915 11.610208414494995 17.059898041188717 13.078553602099422 9.6198869645595533 865.69520843029022 13.979637026786802 130.50812849402428 32.034699141979218 9.5252016261219961 9.477721154689787 13.45836406201124 12.889700643718243
leaf_count=385 299 245 228 270 836 315 333 231 488 328 342 272 204 200 279 813 227 239 245 360 276 203 18268 295 2754 676 201 200 284 272
internal_value=-0.0408113 -0.032247 -0.352031 -0.0199609 -0.109437 -0.268672 -0.0121496 -0.14534 -0.226012 -0.00994599 -0.0575837 -0.00769536 -0.0377477 -0.00601199 -0.00502715 -0.0228627 -0.0255836 -0.03655 -0.00416458 -0.0401255 -0.0368361 -0.0544313 -0.00366995 -0.010399 -0.00729699 -0.020797 -0.036707 -0.0216731 -0.0177405 -0.0143662
internal_weight=1448.57 1434.41 52.1747 1382.23 110.368 37.4844 1271.86 25.8742 33.9302 1259.07 56.5346 1202.53 63.9755 1138.56 1103.11 48.1942 72.8837 40.9911 1076.57 26.5375 35.446 20.3771 1063.35 197.658 176.522 46.0143 21.1354 22.5563 24.7842 52.5066
internal_count=30568 30269 1101 29168 2329 791 26839 546 716 26569 1193 25376 1350 24026 23278 1017 1538 865 22718 560 748 430 22439 4171 3725 971 446 476 523 1108
is_linear=0
shrinkage=1


Tree=1
num_leaves=31
num_cat=0
split_feature=12 20 19 20 1 1 13 1 3 3 20 17 4 2 9 1 1 7 12 9 13 9 11 19 1 20 13 6 2 20
split_gain=386.577 64.7706 36.6335 70.1163 32.9521 48.1243 15.6806 14.2297 11.8012 9.55895 9.41912 10.3282 8.41679 8.35063 8.87121 9.27648 7.42369 7.25338 5.18311 3.83597 3.24695 3.09938 2.55358 6.05564 5.12184 2.26023 2.7219 2.20077 2.16267 2.03525
threshold=-123.61956489705348 14.741058231893252 2.5000000000000004 0.72921310767638003 945.34694372449962 1035.3786562896451 21.515127705528382 59.994443264569256 11.871020356912602 36.659121708843905 45.354920005846459 1.0000000180025095e-35 60.655354766910555 5.2838204239684226 0.17625547962054314 274.47830772205054 8.4966083763187168 -0.020479781760078416 -120.29509834418049 0.054002907257032488 22.263788537167056 0.37050501348726078 -106.94538897414448 4.5000000000000009 58.032838712856353 37.294940750711305 30.432507939760338 0.078474307302899518 5.4832892569709744 219.55307886163453
decision_type=2 8 2 10 2 2 2 2 2 2 8 2 2 2 2 2 2 2 2 2 2 2 2 2 2 8 2 2 2 10
left_child=-1 2 3 -2 6 -6 7 12 -5 -10 11 -9 -3 14 -4 -16 17 -8 -18 -12 -15 -7 23 25 -25 26 -20 -26 -29 -27
right_child=1 4 13 8 5 21 16 10 9 -11 19 -13 -14 20 15 -17 18 -19 22 -21 -22 -23 -24 24 27 29 -28 28 -30 -31
leaf_value=-4.6134140453501731 -5.0752535900355253 -5.0497668246131955 -5.0933932608882975 -5.0007923375300338 -4.8412166779924979 -5.0988055376365633 -5.095873728099237 -4.945165647170084 -4.7738008531303207 -4.9713307801005957 -5.0310378537628395 -5.074039605987295 -4.9106286234579217 -5.0338669972829555 -4.9340854640184144 -5.0728252117163271 -5.0313084455105459 -4.9986149272916949 -5.0320138367339506 -5.1002513959499964 -5.0978568763734513 -5.0303535999369462 -5.1030509646929136 -4.9925085322804001 -5.0917593761789952 -5.1032680538825117 -5.090033684206551 -5.015091395145693 -5.0780027171088316 -5.0521199274221749
leaf_weight=3.6438975026831022 6.6328855017200139 2.3563760882243558 2.0929814502596908 2.2209705635905275 2.3564877947792402 4.1483213156461725 2.7856241445988426 1.7316042520105881 3.4782658237963924 2.258614169433713 1.5283288601785905 3.3126341281458735 1.5057427799329159 1.6262053595855839 2.4242458781227478 1.6939606275409458 2.1983842989429823 3.0792683651670805 2.2284907232970008 12.72352649271488 9.109740653075276 1.5057427799329159 99.514540404081345 1.550918460823598 5.0517670260742298 37.545700662769377 4.4344126572832465 1.6337309181690227 2.1757983174175024 1.5885586272925136
leaf_count=484 881 313 278 295 313 551 370 230 462 300 203 440 200 216 322 225 292 409 296 1690 1210 200 13218 206 671 4987 589 217 289 211
internal_value=-5.0662 -5.07424 -5.00885 -4.95353 -5.08505 -4.99132 -5.08943 -5.0514 -4.86226 -4.82612 -5.07039 -5.01729 -4.97492 -5.06004 -5.01793 -4.98153 -5.09486 -5.04258 -5.09693 -5.09109 -5.08634 -5.07811 -5.09807 -5.08874 -5.05508 -5.09644 -5.06885 -5.07228 -5.04625 -5.10092
internal_weight=230.138 226.494 31.5379 14.5907 194.956 8.01055 186.945 23.1582 7.95785 5.73688 19.2961 5.04424 3.86212 16.9471 6.21119 4.11821 163.787 5.86489 157.922 14.2519 10.7359 5.65406 155.724 56.2094 10.4122 45.7972 6.6629 8.8613 3.80953 39.1343
internal_count=30568 30084 4189 1938 25895 1064 24831 3076 1057 762 2563 670 513 2251 825 547 21755 779 20976 1893 1426 751 20684 7466 1383 6083 885 1177 506 5198
is_linear=0
shrinkage=1


Tree=2
num_leaves=31
num_cat=0
split_feature=12 1 3 20 7 1 20 12 11 2 20 6 3 20 8 20 19 12 1 6 1 1 20 19 20 1 5 2 7 7
split_gain=232.527 91.8947 46.6753 45.9681 42.6309 28.8428 30.8922 22.8721 22.4393 23.4783 21.0238 16.1759 15.0311 11.4212 7.19322 6.81078 12.7034 5.3661 10.0583 4.67305 5.52978 4.59537 5.61599 3.88255 5.48964 2.559 1.72185 1.71614 1.54913 0.742218
threshold=-119.34874597068448 893.57775185249568 42.546530545738754 28.052222636843151 -0.11137666487453578 6.2317902897709354 28.476444016397604 -102.19517890132549 -124.12575205840449 5.3213822597197842 1.1122275723568953 -0.40721687773091303 34.754590528373861 13.721344332421252 0.18348852424894926 1.7821107921224553 2.5000000000000004 -111.67301637266642 41.658698094028502 0.40179413194879837 268.19271746441655 439.51223203378851 20.282410357836401 4.5000000000000009 81.132377003920013 118.79620993403252 -28.621402054354665 5.4081396938718438 0.2787109044085106 -0.15369792080568254
decision_type=2 2 2 8 2 2 8 2 2 2 8 2 2 10 2 8 2 2 2 2 2 2 8 2 8 2 2 2 2 2
left_child=2 5 -1 4 -3 7 11 -2 -4 -10 -6 13 28 -7 15 -13 -17 18 -8 26 -21 22 25 -20 -25 -18 -16 -27 -5 -28
right_child=1 3 8 12 10 6 17 -9 9 -11 -12 14 -14 -15 19 16 21 -19 23 20 -22 -23 -24 24 -26 27 29 -29 -30 -31
leaf_value=-5.1082844115844095 -4.9409796213339243 -5.0862430005223604 -4.7128026755856958 -5.1362309975723734 -5.0101428510369974 -4.9476702688171041 -5.0342969839441514 -5.1308971017110574 -4.870038757647162 -5.0949694646244463 -4.7262898980125101 -5.1332421363630534 -4.992174037701691 -5.1080831649348841 -5.092513301571941 -4.9580715998048284 -5.1311265762857072 -5.1393653373285346 -5.1356040600357513 -5.1284715783324648 -5.026331705959648 -5.1324407862603278 -5.0148161057838294 -5.130867880313648 -5.0323947520085524 -5.1083841884820194 -5.1144281852169868 -5.0451994951596335 -5.0859914338649208 -5.1401592128886842
leaf_weight=1.5820965692400921 2.9029294848442087 2.3296009115874776 3.0408186353743094 4.4777687788009644 1.9304481670260467 2.2715423218905935 2.5763499028980759 2.2279981784522525 2.2570276744663715 1.9014188125729559 1.9739920496940604 2.9391465373337269 2.2425130270421505 1.567581921815872 2.7360110394656703 1.6474090591073043 2.2860603928565997 129.99325200542808 16.140286684036258 1.7199857197701944 1.9086761362850664 2.6634378023445606 2.4239461198449126 2.2207423076033614 1.6183831878006447 1.5893538929522051 5.5155660212039992 1.4514647424221037 1.4514647424221037 10.254598405212162
leaf_count=218 400 321 419 617 266 313 355 307 311 262 272 405 309 216 377 227 315 17912 2224 237 263 367 334 306 223 219 760 200 200 1413
internal_value=-5.10269 -5.11286 -4.86356 -4.99511 -4.90309 -5.12189 -5.12516 -5.01472 -4.81557 -4.95159 -4.8193 -5.0869 -5.07935 -5.0009 -5.09821 -5.07252 -5.05646 -5.13547 -5.11239 -5.11614 -5.07001 -5.08327 -5.06481 -5.1252 -5.08356 -5.09774 -5.12636 -5.07164 -5.1234 -5.13244
internal_weight=221.842 213.061 8.78136 14.4058 6.23404 198.655 193.524 5.13093 7.19927 4.15845 3.90444 40.9748 8.17175 3.83912 37.1357 15.0008 12.0617 152.549 22.5558 22.1348 3.62866 10.4143 7.75083 19.9794 3.83913 5.32688 18.5062 3.04082 5.92923 15.7702
internal_count=30568 29358 1210 1985 859 27373 26666 707 992 573 538 5646 1126 529 5117 2067 1662 21020 3108 3050 500 1435 1068 2753 529 734 2550 419 817 2173
is_linear=0
shrinkage=1


Tree=3
num_leaves=23
num_cat=0
split_feature=10 20 13 2 21 11 21 13 20 19 11 13 20 20 13 21 20 21 1 13 1 1
split_gain=8810.46 1718.23 1285.91 282.039 155.515 172.091 100.133 100.738 44.6581 127.568 8.94526 5.54158 8.91755 3.27008 2.68863 1.91489 0.460046 0.911618 0.431379 0.215517 1.9819 0.219364
threshold=15.500000000000002 1.9788344174564303 23.867688320385913 5.3381061569776156 0.032608304341551854 -100.56839303342899 0.13918171474570604 31.418025032671519 10.465543835848552 2.5000000000000004 -98.606082947474135 19.46645661488591 27.597972824803254 153.06632683399803 22.413459360939999 0.23599950133268902 16.859166200439002 1.345675970893595 99.689481932163957 24.261735235895426 17.876182463053002 739.09065577657464
decision_type=2 8 2 2 8 2 8 2 8 2 2 2 8 10 2 8 8 8 2 2 2 2
left_child=1 2 3 -1 5 -4 7 -3 9 -8 -6 12 -10 -14 -11 -13 17 -17 -16 20 -18 -22
right_child=-2 6 4 -5 10 -7 8 -9 11 14 -12 15 13 -15 18 16 19 -19 -20 -21 21 -23
leaf_value=-2.9031327563982847 -2.1930895110084858 -3.4910760330291479 -3.6714411811143148 -3.4228779246789753 -3.7598528362562176 -3.3600552492715092 -3.5455370146536369 -3.7495099649783628 -3.7048652296273725 -3.7265847267351329 -3.6887020190413007 -3.7407620677326081 -3.7666413378490522 -3.7330963191599791 -3.7493800104084745 -3.7453349157917364 -3.7354291169744651 -3.7661863272879552 -3.7685329211797329 -3.7701873863879154 -3.7681462080429129 -3.7539435151631237
leaf_weight=8.56041721254587 8.2508576586842537 5.7727853134274492 10.53181152045727 6.0262237042188644 12.362206570804119 7.2652561664581299 7.8566244766116133 8.1663767769932729 8.0258010998368245 5.6601423025131217 5.6319847702980059 7.1523978188633919 35.678623415529728 9.4898943379521352 8.1100547239184397 10.61629117280245 5.9138031899929038 20.331465020775795 20.359624944627285 558.63655453175306 79.777064271271229 10.616291292011736
leaf_count=304 293 205 374 214 439 258 279 290 285 201 200 254 1267 337 288 377 210 722 723 19838 2833 377
internal_value=-3.72921 -3.74447 -3.46412 -3.08452 -3.63211 -3.53152 -3.76239 -3.6338 -3.76478 -3.71487 -3.7367 -3.7676 -3.75129 -3.75986 -3.75793 -3.76881 -3.76909 -3.75981 -3.76399 -3.76948 -3.76495 -3.76678
internal_weight=860.793 852.542 50.3779 14.5866 35.7913 17.7971 802.164 13.9392 788.225 41.9864 17.9942 746.238 53.1943 45.1685 34.1298 693.044 685.891 30.9478 28.4697 654.944 96.3072 90.3934
internal_count=30568 30275 1789 518 1271 632 28486 495 27991 1491 639 26500 1889 1604 1212 24611 24357 1099 1011 23258 3420 3210
is_linear=0
shrinkage=1


Tree=4
num_leaves=8
num_cat=0
split_feature=20 20 21 3 5 9 20
split_gain=73.0381 57.8142 127.761 6.85878 1.93607 1.65351 0.280944
threshold=16.356609021194803 3.4967253736869552 0.75625162307237259 48.734524756370007 -56.897465942751893 0.0083254490480484406 92.481617880629415
decision_type=8 8 10 2 2 2 8
left_child=1 -1 -3 -4 -2 6 -6
right_child=4 2 3 -5 5 -7 -8
leaf_value=-7.2198496938898948 -7.1569961598490375 -6.5042066054590659 -7.2183167650644977 -7.0716421359415707 -7.1562314000630449 -7.232168740472801 -7.198803491868162
leaf_weight=1.9650531348306737 0.19217405421659961 0.29051664297003355 1.6736285070655874 0.18134734802879393 0.1804395392537127 22.908410375472158 0.18766292603686352
leaf_count=2178 213 322 1855 201 200 25391 208
internal_value=-7.19356 -7.0203 -6.88685 -7.16677 -7.22812 -7.23014 -7.16689
internal_weight=27.5792 4.11055 2.14549 1.85498 23.4687 23.2765 0.368102
internal_count=30568 4556 2378 2056 26012 25799 408
is_linear=0
shrinkage=1


Tree=5
num_leaves=11
num_cat=0
split_feature=21 20 20 21 2 7 16 2 2 8
split_gain=1281.8 549.995 66.0446 50.2915 12.9687 6.19234 4.10612 1.66242 0.559267 0.394291
threshold=0.040355889517861107 0.15699422902307503 3.1058799554398253 1.0839661223666053 4.3833131844255773 0.039594255205845037 1.0000000180025095e-35 5.2086840546563442 4.4959952347279826 0.34851460448447974
decision_type=8 8 8 10 2 2 2 2 2 2
left_child=1 -1 3 -2 5 9 -7 -5 -6 -4
right_child=2 -3 4 7 8 6 -8 -9 -10 -11
leaf_value=-5.5504950390459751 -5.2427130945179563 -4.5266015252709435 -5.5511601471167911 -5.4929368196486532 -5.5306857174057704 -5.413585576962654 -5.524265527167489 -5.5520634588517153 -5.5651979728705809 -5.518524809491943
leaf_weight=1.7840076256543413 1.9176234970800585 3.4679409675300112 1.9129039472900342 0.95404153596609953 1.6361812255345274 1.5789387361146523 1.2259433818981049 2.1084317932836711 128.27565425215289 0.95404153689742088
leaf_count=374 402 727 401 200 343 331 257 442 26891 200
internal_value=-5.52474 -4.82306 -5.55463 -5.3913 -5.56155 -5.4918 -5.4494 -5.53061 -5.56482 -5.54177
internal_weight=145.816 5.25195 140.564 4.9801 135.584 5.67183 2.80488 3.06247 129.912 2.86695
internal_count=30568 1101 29467 1044 28423 1189 588 642 27234 601
is_linear=0
shrinkage=1


Tree=6
num_leaves=31
num_cat=0
split_feature=20 13 19 13 11 20 21 21 1 20 20 12 11 13 1 13 19 1 20 19 13 3 15 21 1 20 12 19 13 3
split_gain=1144.73 894.967 322.226 186.556 158.364 69.5987 135.563 46.4959 40.1024 33.8946 28.5601 39.7358 26.6185 23.2438 18.5832 17.6948 16.1775 15.8677 12.7567 24.0901 18.0564 8.62852 7.95148 7.35766 4.21116 3.41797 3.19994 6.24338 3.09339 1.99227
threshold=5.5459508458753612 10.748706821565806 2.5000000000000004 30.432507939760338 -125.14559643286049 13.721344332421252 0.71394851473294818 0.75625162307237259 927.70716135805162 1.1122275723568953 1.1122275723568953 -104.52466975605644 -100.30770903389048 21.453692063676176 13.918898324500903 23.47095345881095 2.5000000000000004 1013.1202485432701 39.820579571058055 2.5000000000000004 26.207998495472854 53.315700641367407 1.7168531303559955e-08 0.51928680426981411 3.0741393647482753 42.737119308581207 -113.46468915061006 4.5000000000000009 22.867089123941792 35.402851010073611
decision_type=8 2 2 2 2 8 8 8 2 10 10 2 2 2 2 2 2 2 8 2 2 2 2 8 2 10 2 2 2 2
left_child=2 -2 3 10 -3 6 -6 9 14 12 11 -1 -5 -4 15 -7 -8 -10 19 20 -16 22 -21 -19 -17 -25 27 -20 -18 -15
right_child=1 4 13 7 5 8 16 -9 17 -11 -12 -13 -14 29 18 24 28 23 26 21 -22 -23 -24 25 -26 -27 -28 -29 -30 -31
leaf_value=-0.11816816691563348 -0.15678635010123085 -0.1224762486852693 -0.062397200379056772 -0.035750495379921275 -0.17678300950211726 -0.04927173664073594 -0.038656560557875447 -0.0098118101137479891 -0.048649349146683646 -0.17162448552118456 -0.26715571982666136 -0.22337229357723742 -0.12929094035995975 0.027702458593129621 -0.069483509675821023 -0.005145138344561451 -0.0014852443832736189 -0.02787411366388794 0.035110283289679182 0.036437783198210123 0.014737968288579784 -0.014481456772671314 -0.010807676703953745 -0.0038344073504219612 0.028104758135498328 0.031960332897184002 0.040238925218379969 0.00010562577854173678 0.029326955294363972 0.00057299000838266273
leaf_weight=19.993127584457397 68.503606863319874 16.376460526138544 10.264836978167294 17.731891434639692 10.304883182048796 10.252215679734944 12.198325037956236 13.813304051756857 16.269413985311985 16.796320524066687 22.777403626590967 26.422679223120213 13.930046103894712 24.055664658546448 9.9978877417743224 12.247289814054964 9.9800855517387372 9.4166434444487077 82.893325604498386 157.3041591309011 14.447796586900949 9.2494781166315061 9.010733023285864 9.4241334982216376 37.850852631032467 20.289888057857752 742.07757718488574 15.0257368683815 41.169120080769062 9.3298773355782014
leaf_count=203 1460 363 200 279 209 223 251 222 338 258 233 268 220 517 210 268 216 201 1834 3512 303 206 201 202 829 435 16762 333 891 201
internal_value=0.00112548 0.0178581 -0.117883 -0.156706 0.0275795 0.0296762 -0.0172577 -0.0916624 0.0326795 -0.114324 -0.213104 -0.181505 -0.0796032 -6.43188e-05 0.0347683 0.00764981 0.0110367 -0.00868862 0.0363331 0.0247507 -0.0210842 0.031216 0.0338288 0.00872417 0.0200347 0.0208524 0.0390582 0.0297942 0.0234018 0.020358
internal_weight=1489.4 1314.29 175.115 131.465 1245.79 1229.41 73.6524 62.2716 1155.76 48.4583 69.1932 46.4158 31.6619 43.6504 1100.36 60.3504 63.3475 55.4001 1040.01 200.01 24.4457 175.564 166.315 39.1307 50.0981 29.714 839.997 97.9191 51.1492 33.3855
internal_count=30568 28008 2560 1710 27622 27357 1494 1003 25863 745 707 471 499 850 24713 1313 1301 1150 23400 4426 513 3913 3713 834 1097 637 18974 2167 1107 718
is_linear=0
shrinkage=0.05


Tree=7
num_leaves=31
num_cat=0
split_feature=12 1 1 20 12 2 20 13 1 21 1 1 20 17 4 1 7 21 4 20 9 1 11 19 20 13 20 2 20 12
split_gain=222.285 45.8655 39.1973 31.7729 16.5061 14.5531 18.3847 13.8598 11.6867 10.4448 9.42933 9.37992 8.1472 9.76455 7.88646 7.29952 7.41192 5.55236 4.11578 4.08933 3.69849 3.31863 2.94982 4.11398 5.31425 2.58877 2.56308 2.73035 4.07927 2.37594
threshold=-122.5516647299368 927.70716135805162 1035.3786562896451 14.253157941447553 -126.10251266064104 5.2838204239684226 0.97664109531747711 21.515127705528382 59.994443264569256 1.1658200903786151 274.47830772205054 969.28967126211012 45.354920005846459 1.0000000180025095e-35 61.436450451058107 11.1429102000354 -0.020479781760078416 0.44719631333394655 32.129374904444006 1.1122275723568953 0.052024679656351942 1112.2814108390551 -106.94538897414448 4.5000000000000009 101.59791360462101 20.76189587436124 70.273120258160176 5.3873210751097478 35.80035248811371 -105.92849144497298
decision_type=2 2 2 8 2 2 10 2 2 10 2 2 8 2 2 2 2 10 2 8 2 2 2 2 8 2 8 2 8 2
left_child=4 3 11 5 -1 6 -2 8 14 -8 -11 -3 13 -10 -5 16 -9 19 -18 -7 -14 -4 23 26 -25 -19 27 28 -17 -23
right_child=1 2 21 7 -6 17 9 15 12 10 -12 -13 20 -15 -16 22 18 25 -20 -21 -22 29 -24 24 -26 -27 -28 -29 -30 -31
leaf_value=0.33432305647601956 -0.021682535852614197 0.049084712942564585 0.04338903986559025 0.010095914902462078 0.13113718151321338 -0.0032336027951752142 0.17324821644814836 -0.032347884693858485 0.10794124572705861 0.099079989710424476 -0.016526620499137341 0.20575682691685315 0.031867976792898912 -0.011551980167235028 0.13430330590470213 -0.028037158519669061 0.0034571488690555256 0.029797156879034066 0.097327912108070569 0.079321547279703974 -0.035355840377568497 0.028684578707823233 -0.03768282497192979 -0.014906975881654986 0.058589194256769762 -0.025749649494297373 -0.037172787399683931 -0.024644103062694465 0.051581708722940822 -0.027703138924933826
leaf_weight=3.3618026468902835 3.5261135436594531 2.2055070376954991 3.0058326632715753 2.685936965513978 4.1495747361332169 2.6605318603105905 2.9111261605285099 3.379545098170639 1.9481763006188018 3.1969153969548652 2.6149120638146996 3.6088862707838416 1.5995959974825389 3.6668160376138985 1.7906226394698022 2.0190619435161379 2.1266172812320301 1.6734623969532556 1.8142228266224263 2.230062508955597 12.92838923120871 1.7167493356391812 91.656878537964076 7.9543990404345113 2.4018086655996731 10.854553057812153 28.934104249347001 10.109593443106858 2.6569893830455831 5.439074916765092
leaf_count=271 394 223 352 307 334 263 331 450 235 388 318 366 206 441 204 282 273 214 232 220 1666 200 13018 1088 329 1389 4091 1411 372 632
internal_value=-0.00109919 -0.00965235 0.0694512 -0.0160515 0.250671 0.0311186 0.0706122 -0.0240581 0.0104106 0.106314 0.052275 0.162252 -0.00687165 0.0399575 0.0752302 -0.0296342 0.0171918 0.00102005 0.0576241 0.0414859 -0.0263786 0.00657209 -0.0320874 -0.0220914 0.0057965 -0.0166757 -0.0286793 -0.0107565 0.0183205 -0.0123168
internal_weight=230.828 223.316 15.9761 207.34 7.51138 29.6677 12.2491 177.673 24.6195 8.72295 5.81183 5.81439 20.143 5.61499 4.47656 153.053 7.32039 17.4186 3.94084 4.89059 14.528 10.1617 145.733 54.076 10.3562 12.528 43.7197 14.7856 4.67605 7.15582
internal_count=30568 29963 1778 28185 605 3453 1367 24732 3059 993 706 589 2548 676 511 21673 975 2086 505 483 1872 1189 20698 7599 1417 1603 6182 2064 654 832
is_linear=0
shrinkage=0.05


Tree=8
num_leaves=31
num_cat=0
split_feature=12 1 3 1 1 1 20 12 20 6 20 20 7 21 8 20 19 12 19 9 4 3 6 1 8 5 5 7 9 4
split_gain=159.42 69.964 32.4836 29.3045 26.2775 25.4516 27.3814 17.4283 14.9911 13.3184 11.5057 10.8407 10.3679 8.6967 6.35119 7.09099 8.44458 5.31061 9.4062 9.86771 4.653 4.52807 4.26258 4.58305 4.07665 1.63461 1.54617 0.676105 3.04589 0.538087
threshold=-119.34874597068448 893.57775185249568 42.546530545738754 1035.3786562896451 969.28967126211012 6.2317902897709354 28.476444016397604 -102.19517890132549 7.1607661762869856 -0.40721687773091303 33.779937332639108 0.85725221291328058 -0.0085717287163017391 0.68490460017896904 0.18348852424894926 1.7821107921224553 2.5000000000000004 -111.67301637266642 4.5000000000000009 0.26063029764339879 71.920453372084168 37.616216282887159 0.40179413194879837 268.19271746441655 0.13049422151969783 -28.621402054354665 -18.936432516798096 -0.15369792080568254 0.25084754271280657 83.385639305921814
decision_type=2 2 2 2 2 2 8 2 10 2 8 8 2 10 2 8 2 2 2 2 2 2 2 2 2 2 2 2 2 2
left_child=2 5 -1 4 13 7 9 -2 -4 12 11 -5 -7 -3 15 -11 -17 18 20 -20 -8 24 25 -24 26 -16 -18 28 -27 -19
right_child=1 3 8 10 -6 6 17 -9 -10 14 -12 -13 -14 -15 22 16 21 29 19 -21 -22 -23 23 -25 -26 27 -28 -29 -30 -31
leaf_value=-0.011008951504504923 0.13389163646992661 -0.027054795445580156 0.082255013740540894 -0.015066571984164565 0.24345764493901229 0.14321904129185925 -0.036321033862397697 -0.028543776953371233 0.24772555613106648 -0.032435123729716624 -0.033989331377915113 0.11065511089468592 0.0019345037548769079 0.09926552537637616 0.0078927938362095742 0.11418356629544624 0.015495241234891819 -0.037438837785804223 0.10096811325480924 -0.027959113455920333 0.030062721419637069 0.070647028359940411 -0.026335823272558057 0.064611743192431126 0.044933323477633472 0.033574793020364306 -0.034472059507336346 -0.03821113887746086 -0.033886838979901995 -0.0034317648120408177
leaf_weight=1.9671534742228693 3.5031431717798123 1.8088688277639513 3.3605370284058145 2.4131880188360828 3.1756435562856495 2.1964636673219511 15.405061280820524 2.1352852727286509 6.5651279310695827 3.4005543673411047 4.286901101935654 3.5318509917706242 2.233632744755595 2.1291712438687682 2.8517432962544325 2.150004063732923 1.4717560741119129 120.28657184075564 2.4424127372913071 2.0011865799315274 2.3609333843924105 2.0374394780956209 1.6896967566572141 2.2084819744341075 2.3608262189663947 1.5418080515228298 4.6214975854381874 10.27792708575725 4.2072108979336917 1.3887289473786948
leaf_count=200 439 207 336 238 356 262 2173 268 656 438 497 348 267 243 385 283 201 17708 331 271 333 279 217 283 322 204 631 1394 556 204
internal_value=-0.000649697 -0.0104645 0.170644 0.082939 0.154211 -0.0192536 -0.0225597 0.0773437 0.204358 0.0121116 0.0240697 0.0648013 0.0854589 0.0475139 0.00180504 0.0250592 0.0417691 -0.0329929 -0.0099591 0.0484355 -0.0263674 0.0182844 -0.0149383 0.0278614 -0.000472923 -0.0247329 -0.02192 -0.0306607 -0.0135005 -0.0370818
internal_weight=222.011 210.118 11.8928 17.3456 7.11368 192.772 187.134 5.63843 9.92566 43.249 10.2319 5.94504 4.4301 3.93804 38.8189 16.0421 12.6415 143.885 22.2096 4.4436 17.766 10.4915 22.7769 3.89818 8.45408 18.8787 6.09325 16.0269 5.74902 121.675
internal_count=30568 29358 1210 1985 798 27373 26666 707 992 5646 1187 586 529 450 5117 2067 1662 21020 3108 602 2506 1435 3050 500 1154 2550 832 2173 760 17912
is_linear=0
shrinkage=0.05


Tree=9
num_leaves=26
num_cat=0
split_feature=13 21 20 13 12 13 20 19 13 19 20 3 21 4 20 21 21 11 20 1 13 1 15 12 6
split_gain=957.244 521.253 209.281 460.166 167.19 82.0392 62.493 66.0588 88.2426 25.7383 44.5018 14.3387 6.01208 5.70546 5.42193 8.00906 2.05627 0.577129 0.492744 0.942518 0.280832 2.23132 0.30979 0.236543 0.192526
threshold=19.556921801623613 0.11066393886341001 3.9250354428408305 7.9699423268201111 -106.49475699863474 37.09691059586028 5.5459508458753612 2.5000000000000004 37.57938463651945 2.5000000000000004 41.760879342068712 17.206750630484603 0.20662457464586353 42.544556896574107 10.465543835848552 1.4860628933339901 1.1899115800110802 -98.765353083634992 16.859166200439002 510.95017112414308 24.261735235895426 16.416624594576856 1.984270339446548e-09 -98.591927692761473 0.24289885859164989
decision_type=2 8 8 2 2 2 8 2 2 2 8 2 8 2 8 8 10 2 8 2 2 2 2 2 2
left_child=2 4 -1 -4 13 -6 7 8 -3 10 -5 -7 -8 -2 15 -14 -12 -11 19 23 21 -20 -23 -16 -9
right_child=1 6 3 9 5 11 12 24 -10 17 16 -13 14 -15 18 -17 -18 -19 20 -21 -22 22 -24 -25 -26
leaf_value=0.24520874634186898 -0.017618692247929092 0.20103519893854671 0.18433274523435342 0.1348880297712278 0.2829340927330819 0.15748981862647984 0.0049189110982913072 -0.040211580249881737 -0.0065021631251574209 -0.039837740848545307 0.0018906803070886621 0.05993716528150661 0.018838578022517424 0.036103987410298216 -0.040291668911808763 -0.039613153965187407 -0.037344356091497444 -0.019450296846388965 -0.0044267982386356946 -0.013277322623053922 -0.04225152131338511 -0.019971232280267488 -0.039603396643779466 -0.020388319856659065 -0.021003983904301061
leaf_weight=25.100427802652121 10.461465019732715 8.3598376382142323 58.352579586207867 5.9850549213588273 14.257742688059805 9.1797392349690217 7.2472369112074375 15.97088227979839 11.178421942517161 31.730106581002474 5.5612138099968424 9.1251015942543745 9.4173800665885246 7.7240530010312796 17.094272507354624 12.732494503259657 7.0258052349090576 7.2936882637441158 5.3452974930405608 7.2583211343735456 521.8792614787817 5.2923780791461459 79.282869510352612 5.4087257906794548 5.5800647232681513
leaf_count=474 272 223 1181 201 316 241 275 571 299 1156 201 240 321 201 634 434 253 266 202 269 19876 201 3004 201 200
internal_value=-0.00121738 -0.0249809 0.116371 0.086622 0.128315 0.194473 -0.036071 0.0233275 0.0877616 -0.013829 0.0334603 0.114483 -0.0397379 0.00589179 -0.0402322 -0.0150212 -0.0211462 -0.0366084 -0.0410779 -0.0315123 -0.041491 -0.0366609 -0.0386226 -0.0365788 -0.0363902
internal_weight=903.844 762.796 141.049 115.948 50.7481 32.5626 712.047 41.0892 19.5383 57.5959 18.5721 18.3048 670.958 18.1855 663.711 22.1499 12.587 39.0238 641.561 29.7613 611.8 89.9205 84.5752 22.503 21.5509
internal_count=30568 27903 2665 2347 1194 721 26709 1293 522 2047 625 481 25416 473 25157 755 454 1422 24402 1101 23301 3399 3205 835 771
is_linear=0
shrinkage=0.05


Tree=10
num_leaves=8
num_cat=0
split_feature=20 20 19 11 5 9 12
split_gain=61.5345 53.4818 97.5711 6.03816 1.90932 1.65073 0.28091
threshold=16.356609021194803 3.4967253736869552 2.5000000000000004 -95.227405232531495 -56.897465942751893 0.0083254490480484406 -104.70672890937122
decision_type=8 8 2 2 2 2 2
left_child=1 -1 -3 -4 -2 6 -6
right_child=4 2 3 -5 5 -7 -8
leaf_value=-0.029065541758245269 0.034770470144099182 0.56739476137802669 -0.026093357549082409 0.10757580237318382 0.036064561630349198 -0.03985461554476058 -0.0065707663052860105
leaf_weight=2.2996384436264687 0.19915677508107066 0.54604579665465336 1.6714104909915506 0.28419762034900253 0.17920380568830396 21.636228691902943 0.1870515538030294
leaf_count=2182 233 519 1685 286 200 25370 208
internal_value=-0.00128112 0.146477 0.270061 0.0231568 -0.0355895 -0.0377103 0.0254181
internal_weight=27.0029 4.80129 2.50165 1.95561 22.2016 22.0025 0.366255
internal_count=30568 4556 2378 1971 26012 25799 408
is_linear=0
shrinkage=0.05


Tree=11
num_leaves=13
num_cat=0
split_feature=20 20 21 21 2 9 11 7 16 1 2 20
split_gain=468.827 116.353 181.252 50.8583 12.5639 12.4089 10.7605 5.69104 3.66322 2.20683 0.548335 0.384987
threshold=4.3762599157402358 0.5678624348821576 1.0839661223666053 0.012056408467791503 4.3833131844255773 0.17411896527730522 -103.43200318002847 0.039594255205845037 1.0000000180025095e-35 711.58209522836216 4.4959952347279826 97.439965252172712
decision_type=8 8 8 8 2 2 2 2 2 2 2 8
left_child=1 5 3 -3 7 -1 -5 11 -9 -7 -6 -2
right_child=4 2 -4 6 10 9 -8 8 -10 -11 -12 -13
leaf_value=0.11742142375805378 0.0048767807989542229 0.13792074303408261 -0.031762317866993829 0.52655414321592864 -0.0072485360363347909 -0.030101549754380216 0.22184471620972557 0.10190524972531878 -0.0009149390774752515 0.025697958845977888 -0.041484855877293031 -0.027424452921299792
leaf_weight=2.7120222398079976 0.96570720337331517 2.841816483065486 3.1488905274309227 4.7884227605536624 1.6546781081706274 2.5215786290355036 2.7580955657176629 1.7257865178398801 1.243921141605824 2.5725245466455817 120.69991972530261 1.9020056454464782
leaf_count=327 200 219 332 398 365 311 230 338 244 317 26659 393
internal_value=-0.000931965 0.210416 0.294397 0.38737 -0.0376357 0.047884 0.454177 0.0300873 0.0694557 -0.00232986 -0.0410844 -0.0180984
internal_weight=149.535 21.3434 13.5372 10.3883 128.192 7.80613 7.54652 5.83742 2.96971 5.0941 122.355 2.86771
internal_count=30568 2369 1429 801 28199 940 628 1175 582 628 27024 593
is_linear=0
shrinkage=0.05


Tree=12
num_leaves=31
num_cat=0
split_feature=20 13 19 11 10 20 19 1 21 11 1 20 3 13 20 20 19 13 1 13 12 21 1 13 1 12 19 20 20 21
split_gain=830.716 685.571 184.992 124.678 85.7799 65.2672 112.238 37.7745 28.4548 18.9581 18.4782 18.1223 24.4166 15.6278 14.0964 13.0916 22.3791 14.6523 12.9422 9.45937 8.3496 6.93014 6.68267 6.70448 4.02962 3.29127 6.128 3.17759 2.98413 2.95847
threshold=5.5459508458753612 10.748706821565806 2.5000000000000004 -125.14559643286049 2.5000000000000004 13.721344332421252 2.5000000000000004 927.70716135805162 0.75625162307237259 -112.25406654817299 13.918898324500903 1.2609318915600054 24.567782624150805 23.47095345881095 0.97664109531747711 39.820579571058055 2.5000000000000004 26.207998495472854 1013.1202485432701 20.021388696579951 -109.24188143604482 0.50468699732245115 248.41103297018654 28.844448122706044 3.0741393647482753 -113.46468915061006 4.5000000000000009 42.737119308581207 3.4967253736869552 0.84502221873899719
decision_type=8 2 2 2 2 8 2 2 8 2 2 10 2 2 10 8 2 2 2 2 2 8 2 2 2 2 2 10 10 8
left_child=2 -2 4 -3 8 6 -5 10 11 -4 13 12 -1 -7 19 16 17 -12 -9 -6 22 -20 23 -18 -15 26 -17 -23 -11 -8
right_child=1 3 9 5 14 7 29 18 -10 28 15 -13 -14 24 -16 25 20 -19 21 -21 -22 27 -24 -25 -26 -27 -28 -29 -30 -31
leaf_value=-0.10035964956639039 -0.12471049070137226 -0.095025557347557396 -0.052715134196589478 -0.12184515403757112 -0.15246719338122736 -0.045088659400227799 -0.0056802895201518632 -0.042242315568390948 -0.014898462415655955 0.030589549117937855 -0.060688974157430277 -0.12973064308659626 -0.023997608814224979 -0.0054879007013837753 -0.18047204910857173 0.03457255402885441 -0.029068343776789685 0.013934491082338846 -0.026710690487716651 -0.097986586630479433 0.037733943843400508 -0.0030419118226921622 0.032775802640323044 0.018632377082489718 0.027287124805590226 0.039885765162980411 -0.00038842793392277614 0.031500004154933002 -0.0008154936672960649 0.023711689864959678
leaf_weight=25.69204843044281 78.810722760856152 19.724497683346272 11.151222113519905 17.884309887886047 25.56738618761301 10.770846106112002 10.003442548215387 17.522362869232893 15.841649498790501 21.566077340394258 10.901373833417894 20.913010939955711 18.537986353039742 12.157280825078486 32.626895256340504 78.582238510251045 12.70833131670952 14.047930125147104 9.5711155012249947 25.799657218158245 116.05939610674977 9.5949309542775172 22.115285649895668 14.94760600477457 36.065353639423847 690.51670124381781 14.850971549749374 19.598811570554972 11.301498360931873 47.04524215310812
leaf_count=327 1747 460 215 357 201 240 218 358 208 459 224 254 236 277 251 1823 287 289 206 203 2739 211 503 337 820 16713 344 432 241 1024
internal_value=0.00104987 0.0171621 -0.0902251 0.0266975 -0.114393 0.0288382 -0.0161225 0.031941 -0.0761285 0.000881877 0.0341117 -0.0905682 -0.0695925 0.00680856 -0.149956 0.0357555 0.0237814 -0.0197538 -0.00782296 -0.127497 0.0304105 0.00840622 0.0129263 -0.00353632 0.0190807 0.0386354 0.0290703 0.0204226 0.0200857 0.0185488
internal_weight=1472.48 1263.48 208.997 1184.67 164.979 1164.94 74.933 1090.01 80.9847 44.0188 1033.72 65.143 44.23 58.9935 83.9939 974.73 190.78 24.9493 56.2872 51.367 165.831 38.7649 49.7712 27.6559 48.2226 783.95 93.4332 29.1937 32.8676 57.0487
internal_count=30568 28008 2560 27622 1710 27357 1494 25863 1065 850 24713 791 563 1313 645 23400 4426 513 1150 404 3913 834 1133 624 1097 18974 2167 643 700 1242
is_linear=0
shrinkage=0.05


Tree=13
num_leaves=31
num_cat=0
split_feature=12 1 1 20 13 20 19 1 9 7 4 20 17 1 15 7 12 1 9 4 9 20 11 19 20 21 20 2 21 20
split_gain=153.959 37.112 28.2741 26.4583 13.24 12.265 16.26 10.1484 8.15449 8.14671 8.01112 7.4766 8.50802 7.08506 7.00727 6.86069 6.28034 6.00784 3.86923 3.50126 3.25209 3.1484 3.08745 4.06611 4.88765 2.92287 2.61972 2.6255 3.86172 2.44035
threshold=-122.5516647299368 927.70716135805162 1035.3786562896451 14.253157941447553 21.515127705528382 0.72921310767638003 2.5000000000000004 59.994443264569256 0.32708636451015854 -0.17323765478343153 62.703473796794007 45.354920005846459 1.0000000180025095e-35 11.1429102000354 2.161680766394303e-09 -0.020479781760078416 -105.30502542903248 969.28967126211012 0.048152950652559763 32.129374904444006 0.39258950817151855 45.354920005846459 -106.94538897414448 4.5000000000000009 101.59791360462101 3.4712391743822457 70.273120258160176 5.3873210751097478 2.6917375690727803 14.741058231893252
decision_type=2 2 2 8 2 10 2 2 2 2 2 8 2 2 2 2 2 2 2 2 2 10 2 2 8 8 8 2 10 8
left_child=8 3 17 5 7 -2 16 10 21 14 -5 12 -9 15 -8 -6 -7 -3 -13 -17 29 -1 23 26 -25 -11 27 28 -15 -4
right_child=1 2 20 4 13 6 9 11 -10 25 -12 18 -14 22 -16 19 -18 -19 -20 -21 -22 -23 -24 24 -26 -27 -28 -29 -30 -31
leaf_value=0.26602179474149013 -0.030266515880459061 0.041673685178993385 0.01486282893267208 0.0072813801186769464 -0.032010238772677987 0.036280568924148583 0.0034548753315204574 0.097766285910635367 0.081061129891349629 -0.027665242627104032 0.12756751632473673 0.034749086385055014 -0.011507928083754912 0.05039312147945596 0.11193227050670732 0.0037176664308824266 0.12571743655359513 0.15886176913613112 -0.035115040862134857 0.08979955335924858 0.046849713655038594 0.11608169798242336 -0.037349257634772717 -0.013884199708494589 0.056470154198299108 0.033385175920004742 -0.036811610568352852 -0.023760442124219634 -0.027609636733055255 -0.033989588932077895
leaf_weight=3.3531508585438132 6.8270344864577082 2.4878749852068776 4.1268847361207008 2.8955671861767804 3.2338649565353998 4.63523206813261 3.2285655732266676 2.1622827597893819 3.3952888892963529 8.9407742335461027 1.9008180918172 1.5017614220269031 3.6593903917819262 2.7040169998072106 1.8718050117604432 2.1088852533139288 4.9095984185114538 4.6819457449018955 12.446814691182224 1.9746589828282592 2.2862028586678207 3.370714551769197 85.209616461768746 7.6306377453729528 2.4748693527653804 1.5477668126113702 26.907181704882532 9.5759220491163415 1.9299465031363068 4.2837584502995005
leaf_count=200 738 204 459 308 431 344 418 251 203 1167 203 202 425 382 242 261 364 385 1670 244 254 202 12927 1070 347 202 4046 1391 272 477
internal_value=-0.0010372 -0.00889502 0.0582276 -0.0151426 -0.02306 0.0259882 0.0418421 0.0105101 0.18182 0.00880712 0.0687351 -0.00624484 0.0374607 -0.0288301 0.0550879 0.0172113 0.0898439 0.128277 -0.0257718 0.0548202 0.00432295 0.215617 -0.0314068 -0.0209955 0.00687919 -0.0165344 -0.027847 -0.00956788 0.0187723 -0.0109868
internal_weight=228.263 218.144 17.8667 200.277 168.316 31.9608 25.1337 24.5666 10.1192 15.5889 4.79639 19.7702 5.82167 143.75 5.10037 7.31741 9.54483 7.16982 13.9486 4.08354 10.6968 6.72387 136.432 51.2226 10.1055 10.4885 41.1171 14.2099 4.63396 8.41064
internal_count=30568 29963 1778 28185 24732 3453 2737 3059 605 2029 511 2548 676 21673 660 975 708 589 1872 505 1189 402 20698 7599 1417 1369 6182 2064 654 936
is_linear=0
shrinkage=0.05


Tree=14
num_leaves=31
num_cat=0
split_feature=12 1 1 20 1 1 12 20 6 12 20 20 7 21 8 20 19 5 12 1 20 4 19 20 2 5 4 3 2 20
split_gain=119.08 56.7803 22.6858 25.1485 21.1695 15.7739 14.1304 12.0173 11.3222 10.5973 8.91796 8.88521 8.07448 7.82199 6.91078 6.12073 12.5411 9.86441 5.38837 9.23241 4.57709 3.74844 3.4703 4.99455 2.64669 2.24876 3.80137 1.20736 2.44504 0.588919
threshold=-119.34874597068448 893.57775185249568 6.2317902897709354 28.476444016397604 1035.3786562896451 969.28967126211012 -102.19517890132549 16.356609021194803 -0.40721687773091303 -126.10251266064104 33.779937332639108 0.85725221291328058 -0.0085717287163017391 0.68490460017896904 0.30268027795823094 1.7821107921224553 2.5000000000000004 11.500083473842102 -111.67301637266642 41.658698094028502 25.584172507254355 61.436450451058107 4.5000000000000009 81.132377003920013 5.3873210751097478 -22.839861757255107 0.77106273313933715 31.483031518773753 5.4525996230277531 98.990082749728757
decision_type=2 2 2 8 2 2 2 8 2 2 8 8 2 10 2 10 2 2 2 2 8 2 2 8 2 2 2 2 2 8
left_child=7 2 6 8 5 13 -2 -1 12 -9 11 -6 -4 -3 29 -10 17 -17 19 -5 21 25 -21 -24 -22 26 -18 -27 -29 -11
right_child=1 4 3 18 10 -7 -8 9 15 14 -12 -13 -14 -15 -16 16 20 -19 -20 22 24 -23 23 -25 -26 27 -28 28 -30 -31
leaf_value=0.024859446754965729 0.11589938103119574 -0.027615422244326112 0.12197577671826004 0.064123934782956027 -0.016914931802633735 0.18289319282268046 -0.028263334302859489 0.22960906202440398 -0.032866414317574491 0.16234892190210329 -0.033689157050159034 0.089920661138420399 0.0012664222388454865 0.088036219108175953 0.034292708933476954 0.11722701710546886 -0.020986675335178284 -0.011491859638312377 -0.036715610578972283 -0.03290250997141983 0.078804418321710715 0.03404880714903543 -0.029043790573642786 0.062995981745004218 -0.0041780602854713496 -0.0381879691502017 0.057036868133608788 -0.030607699099554592 0.033059279441639618 0.063112020355009055
leaf_weight=2.6131566953845322 4.0150766540318736 1.9135325038805655 2.6094556963071236 2.695195538923147 2.659747716039421 4.2974567012861371 2.0718631315976372 3.3851533588022003 9.0647309520281834 2.8745536166243264 4.0994780152104786 4.2408277587965122 2.2827599095180622 2.3985655340366066 3.4793331809341908 3.3451621378771996 3.3900321442633992 2.0128656760789454 113.36601774673909 14.75652538938448 1.4178733988665049 2.8425085246562958 2.2522309795022029 1.7817368395626534 1.4359210599213836 10.245011960621921 1.4448247919790447 2.7070150417275736 1.5597974271513519 2.2523276088759294
leaf_count=217 466 200 282 390 226 398 241 284 1175 269 442 360 247 250 327 340 475 204 17671 2162 201 406 295 234 203 1478 202 388 224 211
internal_value=-0.000579145 -0.0096719 -0.0183399 -0.021703 0.0691505 0.123586 0.0697654 0.133589 0.0107726 0.153546 0.0197963 0.0518132 0.0754255 0.0411774 0.10284 0.00109229 0.011942 0.0746689 -0.0323862 -0.00892557 -0.00383039 -0.0120796 -0.0221141 0.0160472 0.0468011 -0.0201974 0.00810868 -0.0295428 -0.00547545 0.136169
internal_weight=219.511 204.906 185.297 179.21 19.6096 8.60955 6.08694 14.6045 44.358 11.9914 11.0001 6.90058 4.89222 4.3121 8.60621 39.4657 30.401 5.35803 134.852 21.4857 25.043 22.1892 18.7905 4.03397 2.85379 19.3467 4.83486 14.5118 4.26681 5.12688
internal_count=30568 29358 27373 26666 1985 798 707 1210 5646 1007 1187 586 529 450 809 5117 4117 544 21020 3108 3573 3169 2753 529 404 2771 677 2094 612 480
is_linear=0
shrinkage=0.05


Tree=15
num_leaves=28
num_cat=0
split_feature=13 21 3 20 11 20 19 13 13 16 21 20 20 20 21 7 20 21 0 21 13 1 15 1 5 20 21
split_gain=741.002 396.059 138.189 156.527 100.004 56.2356 50.0413 45.912 29.9513 18.0823 90.106 11.2867 10.7613 6.91988 6.13564 6.00301 3.73881 5.32188 1.90355 0.851446 0.535672 2.2666 1.25105 0.360534 0.310962 0.230018 1.54812
threshold=19.556921801623613 0.11066393886341001 13.747817461615453 6.749388424833306 -106.72470369979798 6.749388424833306 2.5000000000000004 37.57938463651945 37.09691059586028 30.881699610339378 1.0724601376977752 28.912001791634253 0.5678624348821576 54.815503475745508 0.20662457464586353 0.07890427375738264 10.465543835848552 1.1899115800110802 204.66295070235103 1.4328624654201603 24.261735235895426 13.918898324500903 1.9138205166642119e-09 877.91503240304712 18.615719805347602 16.356609021194803 1.1195498529991652
decision_type=2 8 2 8 2 8 2 2 2 2 8 8 10 8 8 2 8 8 2 8 2 2 2 2 2 8 8
left_child=2 4 9 -4 15 6 7 -3 -6 10 -1 -5 -10 -12 -7 -2 17 -16 -13 -8 21 -18 -23 -24 -20 26 -22
right_child=1 5 3 11 8 14 19 -9 12 -11 13 18 -14 -15 16 -17 20 -19 24 -21 25 22 23 -25 -26 -27 -28
leaf_value=0.19144451747616031 -0.023316424912781776 0.13093527017555223 0.14370522385189607 0.026535489705283952 0.17923094829034009 0.0057413949601679689 -0.017445597157833143 -0.0046313116948935125 0.12246557358863196 0.14611297174269494 0.043487276855566651 -0.0043376447838434059 0.047234821595771644 -0.019148262314255753 0.019585731445675658 0.029919893968701969 -0.0024051407101043374 -0.03525966631779328 -0.020067795833143515 -0.040193207265685663 -0.0086862222614126801 -0.010586564887290898 -0.040040492105006958 -0.019532672557950603 -0.040843867628663218 -0.042158438125833399 -0.039948415138431607
leaf_weight=11.394634971395137 11.058777403086427 12.026949394494297 21.348533110693097 9.6893151439726335 21.172426376491785 7.1069709323346615 8.6198571566492337 11.870284672826529 11.2997778672725 69.091784283518791 7.32366891205311 5.3343222364783278 11.067531403154133 8.5027853213250619 6.0733519475907123 8.4412196762859804 5.0227218810468903 11.411902273073791 5.319122193381193 16.24548820964992 6.1333435662090814 5.0138349663466206 75.313043627887964 5.1738739516586065 22.688379317522049 487.5561250038445 15.125732701271771
leaf_count=247 261 268 594 351 356 288 323 264 248 628 200 202 242 232 204 200 201 383 202 610 235 202 3037 209 859 19918 578
internal_value=-0.00113789 -0.0243957 0.0938055 0.0363023 0.0944977 -0.0356612 0.015777 0.066115 0.13584 0.131475 0.0904606 -0.0190357 0.0888552 0.0106981 -0.0397001 6.40348e-05 -0.0402321 -0.0161806 -0.0326661 -0.0332868 -0.0409057 -0.0355576 -0.0374548 -0.0389781 -0.037726 -0.0417856 -0.0317246
internal_weight=896.426 735.733 160.693 64.3797 63.0397 672.693 48.7626 23.8972 43.5397 96.3129 27.2211 43.0311 22.3673 15.8265 623.931 19.5 616.824 17.4853 33.3418 24.8653 599.339 90.5235 85.5008 80.4869 28.0075 508.815 21.2591
internal_count=30568 27903 2665 1790 1194 26709 1465 532 733 875 590 1559 490 432 25244 461 24989 587 1262 933 24402 3616 3439 3246 1061 20786 813
is_linear=0
shrinkage=0.05


Tree=16
num_leaves=8
num_cat=0
split_feature=20 20 21 3 5 9 8
split_gain=52.6165 44.5605 72.9371 6.9865 1.88628 1.65118 0.279212
threshold=16.356609021194803 3.4967253736869552 0.75625162307237259 49.226449185745906 -56.897465942751893 0.0083254490480484406 0.23910882755053378
decision_type=8 8 10 2 2 2 2
left_child=1 -1 -3 -4 -2 6 -6
right_child=4 2 3 -5 5 -7 -8
leaf_value=-0.029618765664907998 0.034485638042344988 0.45675772769949363 -0.027388722181368383 0.11675575005713384 0.03620288371459264 -0.039733398059799876 -0.006503296876886399
leaf_weight=2.4499842739896902 0.20363704324700549 0.88907758973073248 1.9126565947080973 0.20978554966859519 0.17710408876882866 20.256426745385397 0.18478060269262642
leaf_count=2044 254 702 1853 203 200 25346 208
internal_value=-0.00122311 0.127237 0.230418 0.0196883 -0.0352018 -0.0374535 0.0256333
internal_weight=26.2835 5.4615 3.01152 2.12244 20.8219 20.6183 0.361885
internal_count=30568 4556 2378 2056 26012 25799 408
is_linear=0
shrinkage=0.05


Tree=17
num_leaves=12
num_cat=0
split_feature=20 21 20 12 2 5 20 21 19 21 2
split_gain=324.64 60.5154 74.6247 23.332 12.4052 9.72706 9.27784 5.37134 3.37295 2.95355 0.570942
threshold=4.3762599157402358 0.82080233039348915 0.47749307122403956 -110.90429443129898 4.3833131844255773 -3.4142105725329492 0.15699422902307503 5.0759138355630755 2.5000000000000004 1.7479236177818402 4.4959952347279826
decision_type=8 8 10 2 2 2 8 8 2 10 2
left_child=1 2 6 -4 7 -5 -1 9 -3 -2 -6
right_child=4 8 3 5 10 -7 -8 -9 -10 -11 -12
leaf_value=-0.031487210350524902 0.040424243868928386 0.034569712400121792 0.32230844361205852 0.2212952459061516 -0.0065875459214760831 0.097723124654790286 0.076619797962456826 0.084542505996757833 -0.031294034893950384 -0.030978145052322832 -0.041453255318327727
leaf_weight=3.0155398435890755 1.3316743774339572 2.8151053795590997 5.8280469020828685 4.6575828986242502 1.605084292590617 6.4312790050171182 3.1380175594240418 1.7046557418070722 2.9641213770955801 2.8495858013629913 113.15237496886402
leaf_count=296 265 486 264 228 378 316 309 340 511 566 26646
internal_value=-0.000843359 0.146648 0.181532 0.23324 -0.0373673 0.163639 0.0266463 0.0295765 0.00115555 -0.00482447 -0.0410267
internal_weight=149.493 28.8497 23.0705 16.9169 120.643 11.0889 6.15356 5.88592 5.77923 4.18126 114.757
internal_count=30568 2369 1372 767 28199 544 605 1175 997 831 27024
is_linear=0
shrinkage=0.05


Tree=18
num_leaves=31
num_cat=0
split_feature=20 13 19 11 10 1 21 11 20 20 19 1 3 20 13 11 21 20 6 17 13 20 1 12 20 11 3 4 1 15
split_gain=643.312 557.703 208.703 99.1901 52.083 44.2269 36.1951 35.5608 33.1014 18.3794 29.7125 20.3917 18.176 13.7663 12.699 12.4665 8.53913 20.069 6.55503 5.7687 4.80866 9.71661 4.58017 3.48183 3.08756 2.35034 2.31985 3.99878 2.19812 1.89142
threshold=10.465543835848552 10.748706821565806 2.5000000000000004 -125.14559643286049 2.5000000000000004 927.70716135805162 0.75625162307237259 -118.31782479403948 1.6042356715084252 28.476444016397604 2.5000000000000004 13.918898324500903 25.67686680869615 43.196208984818206 23.47095345881095 -114.19071507961199 0.71394851473294818 0.85725221291328058 -0.15186712305353953 1.0429729383179487 20.384762088416128 40.313369608532703 3.0741393647482753 -119.74682283524866 108.13980386901952 -108.12444040867798 32.19781969340486 31.186925473868701 58.032838712856353 2.8103991643664421e-09
decision_type=8 2 2 2 2 2 8 2 10 8 2 2 2 8 2 2 8 10 2 2 2 8 2 2 8 2 2 2 2 2
left_child=2 -2 4 -3 6 9 8 -4 12 10 -5 14 -1 -7 -11 -12 17 -6 -15 26 21 -13 -16 24 -22 -24 -9 -28 -23 -20
right_child=1 3 7 5 16 13 -8 19 -10 11 15 20 -14 18 22 -17 -18 -19 29 -21 23 28 25 -25 -26 -27 27 -29 -30 -31
leaf_value=-0.080804370257531982 -0.10595239761819231 -0.075725681259685484 -0.078847925199223956 -0.03978669487970754 -0.098530410995278053 -0.046553212126034318 -0.0055229356137035598 0.03005820520001698 -0.13484341900809452 -0.043824165622871059 -0.019800619934837997 -0.023906765990329662 -0.021759941724185168 -0.020651271035971142 -0.010244332621235084 0.030658591282780569 -0.086726223036796959 -0.15622038014469719 0.02947243972330528 -0.017792696152863698 -0.0045970792920418078 0.0061000798253392947 0.0043240982181202234 0.038962344796871384 0.03452078724201818 0.034846377779891261 0.029629042936061657 -0.014497199435837655 0.034745582712118472 0.0016014122828537623
leaf_weight=34.737333714962006 82.919131465256214 21.708659648895264 10.113422520458696 19.854257464408875 43.046036645770073 18.290596071630716 20.90530052036047 39.796463347971439 19.898686230182648 9.7858039736747724 13.133538816124199 8.5471208356320858 22.028908018022776 15.243541572242973 10.992149222642182 105.93709283694625 30.355890370905399 34.928257986903191 16.306005869060762 9.1981296278536302 9.2690595276653802 8.2231262214481813 9.0938717201352102 722.99775091186166 9.5485302172601205 22.178881280124191 9.4512765966355836 9.2199258580803853 51.601015407592058 9.5756343230605108
leaf_count=386 1932 537 203 463 269 366 244 889 211 223 316 207 245 316 260 2548 200 218 341 201 202 203 221 18758 209 539 206 200 1273 200
internal_value=0.000984831 0.0182545 -0.0655818 0.0278596 -0.0918309 0.0300492 -0.0641966 0.00418952 -0.0799188 0.0325357 0.0155009 0.0352592 -0.0586647 -0.011694 0.00482211 0.0249744 -0.115906 -0.126023 0.00454684 0.017568 0.0372063 0.0238669 0.016838 0.038402 0.0159927 0.0263797 0.0233365 0.00821002 0.0309731 0.0196039
internal_weight=1448.89 1165.21 283.68 1082.29 205.9 1060.58 97.5702 77.7792 76.6649 1001.16 138.925 862.237 56.7662 59.4158 52.0507 119.071 108.33 77.9743 41.1252 67.6658 810.187 68.3713 42.2649 741.815 18.8176 31.2728 58.4677 18.6712 59.8241 25.8816
internal_count=30568 27149 3419 26774 1856 26520 1141 1563 812 25332 3240 22092 631 1188 1187 2864 715 487 853 1475 20905 1659 999 19246 411 760 1306 406 1476 541
is_linear=0
shrinkage=0.05


Tree=19
num_leaves=31
num_cat=0
split_feature=12 1 20 1 13 20 2 20 3 1 21 20 7 1 1 21 1 21 9 15 8 9 11 19 20 20 2 20 20 7
split_gain=114.881 30.342 22.4116 21.4845 12.681 11.0251 12.6601 8.8293 9.93 6.85042 6.63311 6.42487 6.34957 5.8802 9.72829 7.98732 4.72962 3.66685 5.59999 3.59028 3.28999 3.25698 3.2105 3.99393 4.50236 2.6541 2.5267 3.92204 2.49029 2.36295
threshold=-122.5516647299368 927.70716135805162 14.253157941447553 1112.2814108390551 21.515127705528382 0.72921310767638003 5.2838204239684226 49.169633043483806 23.122229409609854 11.1429102000354 0.44719631333394655 105.03124047394103 -0.020479781760078416 150.59415384717605 294.01257236362454 1.1766643711415503 20.887591429255156 0.68490460017896904 0.28134269934958583 1.0369124711509843e-08 0.25073433367272596 0.04204979264757381 -106.94538897414448 4.5000000000000009 101.59791360462101 70.273120258160176 5.3873210751097478 35.80035248811371 219.55307886163453 -0.13132915048906788
decision_type=2 2 8 2 2 10 2 8 2 2 10 8 2 2 2 10 2 10 2 2 2 2 2 2 8 8 2 8 10 2
left_child=11 2 5 17 7 -2 13 8 -4 12 -8 -1 -6 -7 -15 -16 -9 -3 -19 -10 -14 -18 23 25 -25 26 27 -11 -27 -12
right_child=1 3 4 -5 9 6 10 16 19 22 29 -13 20 14 15 -17 21 18 -20 -21 -22 -23 -24 24 -26 28 -28 -29 -30 -31
leaf_value=0.17181435856329177 -0.030529315913213936 0.044652122040263496 -0.0050952923754253709 -0.014410967649627977 -0.031672933982638429 0.013455076414096654 0.053472234586475778 0.05369189148314181 0.025784675915438329 -0.027595669622084797 0.013208809448046028 0.071149475562572576 0.085292100129605058 0.16723984779031853 0.090011968411884746 -0.016559250763601239 0.034788964374916485 0.051454920067753845 0.16069838518082891 0.13305903696878149 0.003136315768325789 -0.028529034894221206 -0.036993857784680124 -0.012926794388542698 0.054491344624105965 -0.040185099211313635 -0.022930513088545296 0.051215865404676958 0.01931792220681328 -0.030514322539543753
leaf_weight=7.8295345930382609 6.9966485658660522 5.2419229182414737 4.1982899694703546 7.7591065657325089 3.097358256112785 3.3601077366620364 4.1419217339716861 1.5274890162982089 1.8330928296782087 1.9274445078335727 4.2887551863677826 4.6534721264615646 2.0801549213938415 2.3060056483373037 3.0976607962511489 2.6147513152100146 1.4999363077804453 3.7240807618945846 2.9051046282984316 2.0962701584212482 2.1474928599782288 13.29096080502495 79.219578668940812 7.3478544130921382 2.545970167964696 23.717467882204804 9.1186351026408357 2.671298253349959 1.3181251860223708 7.0248361621051991
leaf_count=379 714 418 473 703 412 307 455 201 216 274 538 226 248 203 266 225 203 315 245 248 257 1801 12823 1052 365 3901 1372 380 217 880
internal_value=-0.000980943 -0.00812622 -0.0142076 0.0495928 -0.0220326 0.0222891 0.036663 0.010749 0.0502375 -0.0279958 0.00607309 0.142348 0.0171542 0.0743661 0.0955685 0.0460313 -0.0106841 0.0892958 0.114117 0.0983975 0.0521428 -0.0203115 -0.0306953 -0.0198998 0.00783138 -0.0269986 -0.00847852 0.019155 -0.0364306 -0.0142131
internal_weight=225.581 213.098 193.468 19.6302 159.637 33.8307 26.834 24.446 8.12765 135.191 15.4555 12.483 7.32501 11.3785 8.01842 5.71241 16.3184 11.8711 6.62919 3.92936 4.22765 14.7909 127.866 48.6468 9.89382 38.753 13.7174 4.59874 25.0356 11.3136
internal_count=30568 29963 28185 1778 24732 3453 2737 3059 915 21673 1696 605 975 1041 707 491 2144 946 560 464 505 2004 20698 7599 1417 6182 2064 654 4118 1418
is_linear=0
shrinkage=0.05


Tree=20
num_leaves=31
num_cat=0
split_feature=12 20 1 1 7 3 12 8 20 7 8 21 1 3 0 20 20 2 2 3 2 12 1 21 7 6 8 7 7 1
split_gain=95.26 45.8914 25.0368 22.6761 20.0674 17.5975 11.0431 9.52177 12.0092 13.1818 8.69545 12.7789 7.94793 9.19397 7.36186 6.85229 6.35474 7.61393 9.92128 5.66331 6.41401 5.36463 8.8502 4.14857 3.86605 2.893 1.90223 1.40829 1.18463 1.64798
threshold=-118.91001825803598 28.476444016397604 893.57775185249568 7.3673002632836306 -0.028789925885591275 42.546530545738754 -102.19517890132549 0.40539082088750483 16.356609021194803 0.0079070098312757926 0.3917256454511247 0.48887558116160207 927.70716135805162 34.754590528373861 347.89738755899958 1.1122275723568953 1.7821107921224553 5.0062552669599407 4.7767298434795249 36.225466055975907 5.366022525938317 -112.57748041963852 41.658698094028502 0.88409522062708312 0.086126101422719273 0.3701105030328789 0.042574513911322505 0.25810411968198826 -0.20529980568541892 290.80173833902251
decision_type=2 8 2 2 2 2 2 2 10 2 2 10 2 2 2 8 10 2 2 2 2 2 2 8 2 2 2 2 2 2
left_child=5 2 7 6 -4 -1 -3 16 9 -9 11 -7 21 27 -13 -6 -2 18 -18 23 -21 22 -5 24 -19 26 -24 -14 29 -25
right_child=1 3 4 12 15 10 -8 8 -10 -11 -12 14 13 -15 -16 -17 17 19 -20 20 -22 -23 25 28 -26 -27 -28 -29 -30 -31
leaf_value=-0.0049734917730201254 -0.037578969407927008 0.10237051402404314 0.0068412712855429082 0.074972523863793161 0.053120990644251943 0.04703561631791283 -0.027397650507467314 0.13653031553213044 -0.030493905653700033 0.0037563433807847948 0.039226888082083015 0.077933390608999342 -0.033602820508982806 0.079467537667953961 0.21582113965449029 0.17328555199732418 -0.013984514268848345 -0.015835251323196818 0.11499543235689368 -0.015886474381563275 0.083322734452265582 -0.036085018865395301 0.017914143554735557 -0.029073731633053462 0.065402193624142763 0.030311353946982918 -0.034563711317220629 0.014488855338735465 -0.037988978997570963 0.022507824014577623
leaf_weight=2.8287267917767212 8.4620744958519918 4.1377927069552252 4.9594777650199839 1.9243501662276727 3.1156209637410957 3.3940892503596851 1.8898906474933017 3.7140754917636514 2.6649393257685006 3.1940185544081032 3.2006749138236046 3.0940350508317342 4.027738003525883 2.6373269408941269 5.3632798003964126 4.2968040676787487 2.2826757039874828 2.5180989252403458 2.4529382241889834 2.5280041685327896 2.526729294564575 109.80978524265811 1.3722928985953338 2.2637481410056424 1.7190714948810635 1.6573636946268377 11.502005601767449 1.5143941314890979 9.6523937699384916 1.9787463513202963
leaf_count=211 1089 469 345 286 200 234 214 371 292 319 222 207 532 316 358 277 285 317 307 320 319 18247 208 326 217 251 1741 200 1389 285
internal_value=-0.000518603 -0.00919514 0.0277749 -0.0246343 0.0880395 0.108301 0.0635746 0.0100221 0.0517931 0.0833789 0.128572 0.147771 -0.0290292 0.0170526 0.178951 0.135096 -0.00205954 0.00963198 0.0612254 -0.00300103 0.0392766 -0.0321249 -0.00514573 -0.0162238 0.0233186 -0.0198993 -0.028082 -0.0202557 -0.029038 -0.00531126
internal_weight=216.683 198.802 58.3294 140.473 12.3719 17.8808 6.02768 45.9575 9.57303 6.90809 15.0521 11.8514 134.445 8.17946 8.45731 7.41243 36.3845 27.9224 4.73561 23.1868 5.05473 126.266 16.456 18.1321 4.23717 14.5317 12.8743 5.54213 13.8949 4.24249
internal_count=30568 29237 6594 22643 860 1331 683 5734 1050 690 1044 816 21960 979 565 477 4684 3765 592 3173 639 20981 2443 2534 534 2203 1949 732 2000 611
is_linear=0
shrinkage=0.05


Tree=21
num_leaves=26
num_cat=0
split_feature=13 21 13 20 12 20 19 13 1 15 21 13 21 20 7 20 21 21 2 13 1 15 1 20 21
split_gain=596.597 323.671 103.363 184.736 71.2071 51.9795 39.164 31.4231 20.2191 14.2061 11.4019 9.31945 6.14758 5.98295 5.22564 3.65013 5.41268 0.875824 0.793984 0.596601 2.1127 1.35937 0.438091 0.25578 1.50866
threshold=19.556921801623613 0.11066393886341001 7.9699423268201111 10.465543835848552 -106.70242966827131 6.749388424833306 2.5000000000000004 37.57938463651945 863.09798016232264 8.2760510478664362e-09 0.62877859246129419 41.050542015142426 0.20662457464586353 27.597972824803254 0.07890427375738264 10.465543835848552 1.1297382752063052 1.4328624654201603 4.5303279441853288 24.261735235895426 13.918898324500903 1.8825755426795026e-09 893.57775185249568 16.356609021194803 1.1195498529991652
decision_type=2 8 2 8 2 8 2 2 2 2 8 2 8 8 2 8 8 8 2 2 2 2 2 8 8
left_child=2 4 -1 9 14 6 7 -3 11 -4 -5 -6 -7 -12 -2 16 -14 -8 -15 20 -17 -22 -23 24 -21
right_child=1 5 3 10 8 12 17 -9 -10 -11 13 -13 15 18 -16 19 -18 -19 -20 23 21 22 -24 -25 -26
leaf_value=0.12071874898179309 -0.024264645326607763 0.10042557264031227 0.14731638162007388 0.042894256425502 0.10419679026739948 0.0061991283508383366 -0.01680667502923882 -0.005918161398912828 0.14216479206675378 0.082166284012113025 0.0073125313336595173 0.043337508246844882 0.02010746680489002 -0.018130385559159024 0.023846704340854938 -0.0034351389932963786 -0.035315226926172838 -0.040034884803403545 -0.041249323453525673 -0.0086943302488902263 -0.0087259623127984836 -0.039833658984474871 -0.017864983308620155 -0.042067805943696211 -0.039780286419559947
leaf_weight=79.826636536046863 11.567138509824876 14.657083870843055 21.974594576284289 5.3332786671817303 13.48559492826462 7.0319109726697206 8.391503883525731 12.29638734087348 22.903310114517808 22.149807581678033 8.8188737966120225 15.556752528995275 5.9976762458682096 6.8539575543254605 9.2555056344717723 5.1758160274475804 11.506205430254338 15.493504727259278 30.653889307752252 6.1335403565317428 4.6854697540402404 71.005595684051514 4.7599408552050591 453.88625586405396 14.379165632650254
leaf_count=1211 256 289 202 201 200 304 328 243 323 203 335 230 201 272 205 219 386 605 1216 243 200 3051 204 19887 570
internal_value=-0.00106998 -0.0237782 0.0789267 0.0432098 0.075435 -0.0352412 0.0130314 0.0534346 0.106243 0.117158 -0.0209767 0.0741247 -0.0394545 -0.0290807 -0.00276672 -0.0400201 -0.0162644 -0.0328774 -0.0376052 -0.0407323 -0.0351158 -0.0370868 -0.0387042 -0.04167 -0.0313214
internal_weight=883.779 708.168 175.611 95.7844 72.7683 635.4 50.8385 26.9535 51.9457 44.1244 51.66 29.0423 584.562 46.3267 20.8226 577.53 17.5039 23.885 37.5078 560.026 85.6268 80.451 75.7655 474.399 20.5127
internal_count=30568 27903 2665 2350 1194 26709 1465 532 733 405 1945 430 25244 1762 461 24989 587 933 1488 24402 3616 3439 3255 20786 813
is_linear=0
shrinkage=0.05


Tree=22
num_leaves=8
num_cat=0
split_feature=20 20 21 3 5 9 6
split_gain=45.1164 36.1506 47.3595 11.2092 1.86272 1.65158 0.277657
threshold=16.356609021194803 3.4967253736869552 0.67312341711971502 49.226449185745906 -56.897465942751893 0.0083254490480484406 -0.034811397346700794
decision_type=8 8 10 2 2 2 2
left_child=1 -1 -3 -4 -2 6 -6
right_child=4 2 3 -5 5 -7 -8
leaf_value=-0.02990115511681142 0.034206870699813166 0.36372350828673783 -0.028480258225261242 0.14998896053032648 0.036355742144153859 -0.039604544643712887 -0.0064365920125017033
leaf_weight=2.5319759745616519 0.20805405062856763 1.1989065752713943 2.1499584930716096 0.26084957469720393 0.17480676196282829 18.960782544862013 0.18253251438727502
leaf_count=1878 277 790 1892 230 200 25322 208
internal_value=-0.00116432 0.11112 0.195065 0.0291432 -0.0347904 -0.0371805 0.025859
internal_weight=25.6679 6.14169 3.60971 2.41081 19.5262 19.3181 0.357339
internal_count=30568 4556 2378 2122 26012 25799 408
is_linear=0
shrinkage=0.05


Tree=23
num_leaves=13
num_cat=0
split_feature=20 20 21 20 7 0 10 6 21 0 12 1
split_gain=245.81 36.1709 42.8841 20.7314 21.439 12.2369 9.65665 5.27369 3.62179 0.593459 0.449398 0.20529
threshold=4.3762599157402358 0.15699422902307503 1.0839661223666053 1.1122275723568953 0.13149638847518033 160.20598052548203 2.5000000000000004 0.30321984169908683 1.7479236177818402 179.31470959597854 -98.448899944464458 543.78676293754654
decision_type=8 10 8 10 2 2 2 2 10 2 2 2
left_child=1 11 3 6 -5 7 -3 8 -2 -7 -4 -1
right_child=5 2 10 4 -6 9 -8 -9 -10 -11 -12 -13
leaf_value=-0.0043218934519356341 0.042736061849481678 0.035036189218312364 -0.030780170659848866 0.23357272922393754 0.089076623674591515 -0.0059265465346872636 0.13018684535257796 0.094193448994502493 -0.031216011143130492 -0.041420559482001927 0.003531003426103436 -0.030300767239273187
leaf_weight=1.4447281963657586 1.8588557613547898 5.9961345428600969 2.7770782015286404 9.9998079678043723 5.7569471327587962 1.5572904986329366 5.8917921409010887 1.1452377522364257 2.9337471548933536 106.01802597334608 1.0233338461257506 2.6009546685963869
leaf_count=200 367 256 542 355 205 391 252 227 579 26633 200 359
internal_value=-0.000766556 0.111938 0.129584 0.150586 0.189246 -0.0370827 0.0886363 0.0290361 -0.000106974 -0.0409661 -0.0227303 -0.0237188
internal_weight=149.004 35.4908 31.4451 27.6447 15.7568 113.513 11.8879 5.93784 4.7926 107.575 3.80041 4.04568
internal_count=30568 2369 1810 1068 560 28199 508 1175 946 27024 742 559
is_linear=0
shrinkage=0.05


Tree=24
num_leaves=31
num_cat=0
split_feature=20 13 19 11 1 21 20 13 16 20 19 1 2 1 11 10 13 21 3 11 9 13 20 1 12 20 12 1 15 0
split_gain=517.792 464.25 149.484 84.4997 41.5196 38.7831 35.9127 40.972 29.4784 18.339 27.3833 20.2161 16.5435 12.518 11.706 11.5322 11.2133 7.04062 7.01371 6.78561 5.11996 4.92059 9.94577 4.34475 3.36508 3.10486 2.29531 2.26521 2.23998 1.63742
threshold=10.465543835848552 10.748706821565806 2.5000000000000004 -125.14559643286049 927.70716135805162 1.2023221246591953 1.7821107921224553 21.135872010956557 9.065000441064706 28.476444016397604 2.5000000000000004 13.918898324500903 5.4860512875735816 1013.1202485432701 -114.19071507961199 2.5000000000000004 23.47095345881095 0.48887558116160207 35.216522280633761 -96.157136761393986 0.3311450048902716 20.384762088416128 39.820579571058055 3.0741393647482753 -119.74682283524866 106.22005442177502 -108.10448343126198 56.278878284218607 7.9409338805090669e-23 292.04506075631156
decision_type=8 2 2 2 2 8 10 2 2 8 2 2 2 2 2 2 2 10 2 2 2 2 8 2 2 8 2 2 2 2
left_child=2 -2 5 -3 9 6 7 -1 18 10 -5 16 15 -6 -12 19 -11 -15 -4 -9 -19 22 -13 -18 25 -23 -25 -24 -20 -16
right_child=1 3 8 4 13 -7 -8 12 -10 11 14 21 -14 17 29 -17 23 20 28 -21 -22 24 27 26 -26 -27 -28 -29 -30 -31
leaf_value=-0.10824456437880291 -0.092630290184619365 -0.063843742957502322 0.027631806306650655 -0.037574821206346191 -0.04245836040828007 -0.023711145374214329 -0.12574879956146875 -0.031623784921362794 -0.069418470279826158 -0.040358832889378138 -0.018762418581554918 -0.026042639812100577 -0.018758753297690563 -0.029936396782547243 0.012405784895242994 -0.093651651369874689 -0.010280525347022187 0.031647074454980197 0.0088919230854835538 -0.069609071994078328 -0.0097376804018131646 -0.0048350865001205272 0.0048463346520150555 0.0038142649611906014 0.038554134071749985 0.034457697886828079 0.034301659419269902 0.034279454785860516 -0.022785253555231685 0.032458641867051101
leaf_weight=52.304634913802147 87.082417946308851 24.080588012933731 46.24888501316309 20.395648501813412 19.733815278857946 31.914028830826283 41.801822949200869 28.440844003111124 10.548574537038801 10.218270238488911 13.359233416616915 8.2484391108155251 27.296853236854076 9.7493594810366613 13.408357750624416 24.48729670420289 10.983373846858738 19.710893537849195 10.383290331810716 23.765786476433277 11.093860197812317 9.2049594596028363 7.9286975786089888 8.9676234386861307 673.27175712957978 9.5328868217766267 20.96044892817736 49.295246966183186 10.13366439566016 87.298572715371847
leaf_count=408 2121 628 1027 491 389 258 321 283 213 237 335 209 253 207 343 214 268 436 210 237 246 202 206 228 18725 209 532 1279 204 2232
internal_value=0.000924853 0.0175685 -0.0556357 0.0269895 0.0292309 -0.075777 -0.0840037 -0.0721104 0.00448734 0.0318014 0.0145535 0.034648 -0.053078 -0.0108414 0.0241199 -0.0648942 0.00413099 0.00519506 0.0170161 -0.0498989 0.0169054 0.0366997 0.0229646 0.0159408 0.0379642 0.0158881 0.0255851 0.0303546 -0.00708576 0.029937
internal_weight=1421.85 1114.52 307.326 1027.44 1003.36 230.011 198.097 156.295 77.3144 943.074 134.462 808.612 103.991 60.2879 114.066 76.6939 51.1297 40.5541 66.7658 52.2066 30.8048 757.482 65.4724 40.9114 692.01 18.7378 29.9281 57.2239 20.517 100.707
internal_count=30568 27149 3419 26774 26520 1856 1523 1220 1563 25332 3240 22092 965 1188 2864 671 1187 863 1483 520 682 20905 1659 999 19246 411 760 1485 414 2575
is_linear=0
shrinkage=0.05


Tree=25
num_leaves=31
num_cat=0
split_feature=12 20 1 20 19 13 3 1 1 9 16 9 8 8 4 4 11 1 1 12 1 20 21 2 0 20 20 9 4 5
split_gain=86.4946 26.0868 14.1537 11.8152 25.9705 13.4364 13.0658 10.9607 10.2474 7.98889 11.7226 9.05705 6.78439 6.31694 8.30753 3.92544 3.65018 6.80664 9.2476 3.97324 3.61578 3.41779 3.33663 3.28454 2.73372 3.41052 2.00748 2.2359 2.0502 1.963
threshold=-122.5516647299368 38.911303516979906 945.34694372449962 0.72921310767638003 2.5000000000000004 25.486598583055223 32.398309160047553 12.422890885828702 1035.3786562896451 0.40444531485918672 1.0305959579886638e-06 0.23644262945092989 0.24883071965627049 0.25073433367272596 30.708542373794057 53.516524502312507 -107.11822228035598 59.994443264569256 41.658698094028502 -107.34628717878549 694.06842885423555 105.03124047394103 2.0333449165727253 5.6432556280559938 362.41986484078706 12.802764440135951 227.35486186617103 0.038134794410527924 43.292777546423359 -40.493296697251843
decision_type=2 8 2 10 2 2 2 2 2 2 2 2 2 2 2 2 2 2 2 2 2 8 10 2 2 10 10 2 2 2
left_child=21 3 7 -2 9 6 15 13 -4 10 11 12 -5 14 -3 23 17 18 -9 26 24 -1 -8 -6 25 -7 27 28 -19 -18
right_child=1 2 8 4 5 20 22 16 -10 -11 -12 -13 -14 -15 -16 -17 29 19 -20 -21 -22 -23 -24 -25 -26 -27 -28 -29 -30 -31
leaf_value=0.13328002616990259 -0.030279281290575888 -0.01028294429956981 0.089645259592881998 0.010536557656795786 -0.035395380604979175 0.036286119002478974 0.13832530648734806 -0.017046395838724564 -0.014360371969419444 0.11621082489889911 0.12454825532576741 -0.017777915121018086 0.089695333542314001 -0.01419556620065412 0.1176693828436533 0.042741358641696675 -0.00034315628257122006 -0.024840925509114591 0.088503251482093245 0.04026745938302654 0.039476687001977769 0.060844461999022353 0.033906440877221625 0.032661973815307853 -0.036980150455396536 -0.025447402864829195 0.021142895953549415 -0.03484376519394855 0.041219553102931662 -0.038249100056691319
leaf_weight=9.7515495419502241 11.027084433939306 1.9044519988819959 3.8703371114097527 5.4802280529402294 5.3797010276466608 2.7308008102700185 2.0059805684722969 4.7015205859206617 4.1488950327038765 4.9444808322004974 2.8476176685653627 6.8526943395845592 5.004606556147337 4.1111131799407303 2.0813071192242205 3.0359046091325581 3.6187273077666751 1.4536092295311396 2.388409283477813 1.3349917624145753 1.3583733490668235 5.2108468823134908 2.1888640602119267 1.5734433303587136 17.708211311604828 4.5896388599649072 1.2509720306843519 33.303330406546593 1.3086715503595767 65.770954648032784
leaf_count=394 1253 237 401 401 727 401 246 699 429 352 204 505 366 518 259 393 632 223 355 215 212 211 269 213 2752 675 202 5376 201 11487
internal_value=-0.000922948 -0.00730827 -0.0207901 0.015724 0.0237833 -0.00122512 0.03653 -0.0250515 0.0402099 0.0626602 0.0446763 0.0254811 0.0528405 0.0285982 0.0667319 0.0027975 -0.0290383 -0.0174734 0.0250552 -0.0257097 -0.0221126 0.113446 0.100855 -0.0178242 -0.0268434 -0.000825138 -0.0290593 -0.031324 0.00909355 -0.0363052
internal_weight=222.937 207.975 131.247 76.7276 65.7005 40.5709 14.1839 123.228 8.01923 25.1296 20.1851 17.3375 10.4848 8.09687 3.98576 9.98905 115.131 45.7415 7.08993 38.6516 26.387 14.9624 4.19484 6.95314 25.0287 7.32044 37.3166 36.0656 2.76228 69.3897
internal_count=30568 29963 21245 8718 7705 5917 1808 20415 830 1788 1448 1277 767 1021 496 1293 19394 7275 1054 6221 4109 605 515 940 3889 1076 6018 5822 424 12119
is_linear=0
shrinkage=0.05


Tree=26
num_leaves=31
num_cat=0
split_feature=12 20 1 1 7 20 20 7 8 20 21 20 12 3 5 7 1 3 20 12 19 9 0 5 8 5 19 5 5 5
split_gain=75.9997 40.0892 20.5991 18.4403 14.7104 12.3541 10.4788 9.9679 10.265 9.93262 18.0859 10.4326 9.62978 8.22813 15.6043 11.6665 7.53277 12.8584 6.41303 5.19411 8.59732 6.95279 5.16934 3.08237 2.99981 1.31245 0.825979 2.89448 5.01983 1.52936
threshold=-118.91001825803598 28.476444016397604 7.3673002632836306 809.2176251833597 -0.22370210052894454 7.1607661762869856 16.356609021194803 -0.20146864399274469 0.28534700561485865 2.2761312847482005 0.67312341711971502 13.721344332421252 -105.47162297430212 25.842395919771004 7.8084145184889531 0.054757946322959057 969.28967126211012 34.754590528373861 70.273120258160176 -112.57748041963852 4.5000000000000009 0.20642115574671396 298.68886592828954 41.878133651605054 0.097101303961884447 -22.839861757255107 3.5000000000000004 21.270579280372402 26.703911586255604 -34.638368663501332
decision_type=2 8 2 2 2 10 8 2 2 10 10 10 2 2 2 2 2 2 10 2 2 2 2 2 2 2 2 2 2 2
left_child=6 3 18 9 -5 12 -1 -8 -9 25 11 -11 -6 22 24 -16 19 -18 -3 20 23 -22 -12 -4 -15 -2 -21 29 -29 -28
right_child=1 2 16 4 5 -7 7 8 -10 10 13 -13 -14 14 15 -17 17 -19 -20 26 21 -23 -24 -25 -26 -27 27 28 -30 -31
leaf_value=0.010340901340985691 0.0036654767347098745 0.092599569949754448 -0.034104389287844955 -0.020811414888215821 0.10659437289291102 0.15700170798641666 0.035255132913046577 0.16763295585335686 0.057535466080001901 0.15749426720343554 0.035047821817797829 0.0072627869850076235 0.0070592353010740811 0.036098322741412808 0.14370353027434909 0.0013526886630150054 -0.026113837058681449 0.10080026310370722 -0.0031965180925757918 -0.039582993900516866 0.10931113490708649 -0.010775572509684148 -0.031675145026145317 0.026082969892002813 -0.02878109318404537 -0.038025475108832189 -0.0053929739767776619 0.050985372585184485 -0.023802431195180846 -0.038816833594055529
leaf_weight=3.602404047735039 2.1055589569732556 3.7688619694672525 10.780191553756596 3.3153838501311883 3.3113142224028742 3.9788936241529882 4.7001023823395451 7.058348151389505 4.9322484945878386 2.4668149463832378 2.7893006885424318 1.8848829693160949 5.9237148957326964 1.4594756751321254 2.9962604697793731 2.279516139999032 4.8076865226030359 2.0935126598924398 2.6549103176221251 61.156882125418633 1.5910292766056968 1.9504289128817616 12.829401520080863 1.8223763881251214 5.9882250586524606 9.3608472137711924 4.2594539667479685 2.1434455104172221 6.8531104321591556 29.136257904581726
leaf_count=236 209 401 1711 218 200 248 311 467 326 270 383 206 357 203 405 308 584 255 282 11016 211 258 1759 289 832 931 767 383 1225 5249
internal_value=-0.000458411 -0.00835089 -0.0236669 0.0250579 0.0684752 0.0907654 0.0911427 0.107012 0.13026 0.00765027 0.0216087 0.105939 0.0496763 0.00549126 0.0339832 0.0922138 -0.0282278 0.0202711 0.0579101 -0.0311689 -0.00447412 0.0553646 -0.0183674 -0.0241234 -0.013299 -0.0306899 -0.0352482 -0.0282265 -0.00266626 -0.0348345
internal_weight=214.001 193.708 133.018 60.6896 16.5293 13.2139 20.2931 16.6907 11.9906 44.1603 32.6939 4.3517 9.23503 28.3422 12.7235 5.27578 126.594 6.9012 6.42377 119.693 16.144 3.54146 15.6187 12.6026 7.4477 11.4664 103.549 42.3923 8.99656 33.3957
internal_count=30568 29237 22643 6594 1088 824 1331 1104 793 5506 4366 476 557 3890 1748 713 21960 839 683 21121 2469 469 2142 2000 1035 1140 18652 7624 1608 6016
is_linear=0
shrinkage=0.05


Tree=27
num_leaves=30
num_cat=0
split_feature=13 21 3 19 12 12 20 19 13 13 16 21 20 20 20 7 2 15 2 21 2 21 13 15 1 1 20 21 8
split_gain=497.411 251.818 101.614 96.6223 49.0368 47.5492 32.5214 26.2098 18.319 17.6229 15.4082 62.9233 14.1024 10.572 9.19471 4.12136 3.16156 2.78649 2.30144 1.44382 3.38681 1.21448 1.03268 2.27944 1.33085 0.464806 0.313641 1.5583 0.218818
threshold=20.45819556015481 0.13918171474570604 13.747817461615453 2.5000000000000004 -107.95388848387864 -111.932706011078 10.465543835848552 2.5000000000000004 35.745680635073541 38.407267706311139 30.881699610339378 0.85788693096456159 0.97664109531747711 1.6042356715084252 20.684154273085454 0.019371091432662583 5.3350114935374329 2.7611413747003383e-08 4.7595998048414021 1.4328624654201603 5.4249838569209627 0.29295452816024753 24.261735235895426 1.984270339446548e-09 13.918898324500903 850.00986522849462 16.356609021194803 1.1195498529991652 0.26775563099577498
decision_type=2 8 2 2 2 2 8 2 2 2 2 8 10 8 8 2 2 2 2 8 2 8 2 2 2 2 8 8 2
left_child=2 4 10 5 15 -4 7 9 -6 -3 11 -1 -10 -7 -13 -2 -11 -16 -5 20 -9 28 23 -23 -25 -26 27 -24 -8
right_child=1 6 3 18 8 13 21 19 12 16 -12 14 -14 -15 17 -17 -18 -19 -20 -21 -22 22 26 24 25 -27 -28 -29 -30
leaf_value=0.13158085491668714 -0.0346017666232507 0.066306482783269297 -0.007045387692300906 -0.0055944464539186651 0.10752152623921774 0.12775968080397823 -0.02634107486327323 0.01233127342052895 0.07602800396103257 -0.027532190181247064 0.10646258895791497 0.044321910683826744 0.0077767306522549644 0.063240466543314861 -0.03745367145385517 0.010728025204687384 0.014997440968545016 0.0063712224201966363 -0.04150181335786287 -0.040625383945178957 -0.037396518485048588 0.00050808788092193615 -0.0076453329148140035 -0.0073645621023421676 -0.039032174360154333 -0.016299727906149451 -0.042095142066957164 -0.039599024690773865 -0.0087308496316721093
leaf_weight=18.035433122888207 9.3866647370159662 15.392124777659776 14.297456393018363 5.5353930257260791 29.761654885485768 18.065321965143085 4.7152853254228839 5.2317901439964762 19.284666106104858 8.1374322231858969 81.031969130039215 8.7625094112008828 12.471259254962204 15.116684427484868 7.3245788943022498 8.9918529596179706 7.4827449526637793 5.9812181293964386 32.728132080286741 21.261196440085769 7.159989345818758 4.6295114681124678 5.9225070104002988 4.445175275206565 55.303320532664657 4.4229760318994522 418.76302370987833 13.63383850827813 4.6955456361174583
leaf_count=343 210 299 223 214 402 260 200 201 346 219 701 230 223 218 250 201 201 205 1263 872 276 207 245 200 2541 203 19679 564 200
internal_value=-0.00101034 -0.0246095 0.0640485 0.0220293 0.0581277 0.0690443 -0.0360636 -0.00259085 0.0792498 0.0300681 0.0933668 0.0649596 0.0502799 0.101077 0.0071694 -0.0130146 -0.00748211 -0.0186852 -0.0365821 -0.0326863 -0.0170485 -0.0402409 -0.0405921 -0.0332843 -0.0356925 -0.0376449 -0.0416608 -0.0307647 -0.0192371
internal_weight=867.971 661.093 206.879 85.743 79.8961 47.4795 581.196 64.6653 61.5176 31.0123 121.136 40.1037 31.7559 33.182 22.0683 18.3785 15.6202 13.3058 38.2635 33.653 12.3918 516.531 507.12 68.801 64.1715 59.7263 438.319 19.5563 9.41083
internal_count=30568 27303 3265 2217 1242 740 26061 1983 831 602 1048 763 569 478 580 411 420 455 1477 1381 477 24078 23678 3080 2893 2744 20598 809 400
is_linear=0
shrinkage=0.05


Tree=28
num_leaves=8
num_cat=0
split_feature=20 20 19 2 11 5 6
split_gain=39.6544 26.8909 46.6543 26.875 6.07588 1.94741 1.73584
threshold=20.684154273085454 3.4967253736869552 2.5000000000000004 5.3246888738967169 -95.227405232531495 -56.897465942751893 -0.045534690245751179
decision_type=8 8 2 2 2 2 2
left_child=1 -1 3 -3 -4 -2 -6
right_child=5 2 4 -5 6 -7 -8
leaf_value=-0.030060998109499817 0.034242811563028899 0.031839592616457295 -0.029658150257233264 0.39657488247022243 0.11767663109154598 -0.039436744695820439 -0.0074051284990829013
leaf_weight=2.5800464824424179 0.20747882360593095 0.92388636781834166 2.4558867542655234 1.0338720483123323 0.20277165982406686 17.487673953757618 0.21577412314945676
leaf_count=1881 295 253 2297 284 200 24870 212
internal_value=-0.00110689 0.0939415 0.153952 0.293411 0.00775338 -0.0367874 0.0934303
internal_weight=25.1074 7.41224 4.83219 1.95776 2.87443 17.6952 0.418546
internal_count=30568 5403 3225 537 2688 25165 412
is_linear=0
shrinkage=0.05


Tree=29
num_leaves=14
num_cat=0
split_feature=20 20 21 10 2 7 7 2 3 2 6 3 3
split_gain=192.884 25.6274 26.4053 16.4003 12.1229 8.75331 5.18783 3.3677 2.87721 0.615389 0.38981 0.350534 0.187335
threshold=4.3762599157402358 0.15699422902307503 0.82080233039348915 2.5000000000000004 4.3833131844255773 0.035678646320994829 0.039594255205845037 3.9879552895191459 38.82484249193346 4.4959952347279826 0.19069219691016318 26.383277618050403 12.267096681321352
decision_type=8 10 8 2 2 2 2 2 2 2 2 2 2
left_child=1 12 3 5 6 -3 10 -8 11 -6 -2 -4 -1
right_child=4 2 8 -5 9 -7 7 -9 -10 -11 -12 -13 -14
leaf_value=-0.0051216390222153301 -0.027315659377001006 0.10556020462877964 -0.030938450679820369 0.15494083001438194 -0.005278977490489333 0.028629600567591597 -0.0014377972285000648 0.095249929854451812 0.045070234687781284 -0.041386607911838708 0.0051721855704282629 9.4452806212457101e-05 -0.030499748005129737
leaf_weight=1.4960242453962562 1.8785814573057007 9.3860379841644335 2.8047533095814305 15.828298343811184 1.5121292979456473 7.2839868720620871 1.2721422614995401 1.8578771424945444 1.2056206082925198 99.296652859076858 0.95319725037552416 1.1880312825087456 2.665816173190251
leaf_count=201 393 332 472 460 405 257 237 345 201 26619 200 200 358
internal_value=-0.000693918 0.0886222 0.101373 0.117645 -0.0367798 0.0754679 0.0287882 0.0651197 -0.00291989 -0.0409022 -0.0178841 -0.0235353 -0.0241368
internal_weight=148.629 41.8586 37.6967 32.4983 106.771 16.67 5.9618 3.13002 5.19841 100.809 2.83178 3.99278 4.16184
internal_count=30568 2369 1810 945 28199 589 1175 582 865 27024 593 672 559
is_linear=0
shrinkage=0.05


Tree=30
num_leaves=31
num_cat=0
split_feature=20 13 19 11 1 21 20 13 11 20 19 1 2 20 11 13 10 6 11 17 13 20 8 12 20 1 8 2 13 9
split_gain=427.573 394.072 109.41 72.9415 38.7332 28.7935 26.4524 29.6302 25.4247 18.1762 24.2999 19.9958 12.9038 11.0941 11.0674 9.98703 8.23329 5.98829 5.35982 5.14011 4.94291 9.38574 4.11346 3.24141 3.05648 2.43382 2.17288 2.63672 1.91053 1.70535
threshold=10.465543835848552 10.748706821565806 2.5000000000000004 -125.14559643286049 927.70716135805162 1.2023221246591953 1.7821107921224553 21.135872010956557 -118.31782479403948 28.476444016397604 2.5000000000000004 13.918898324500903 5.4860512875735816 43.196208984818206 -114.19071507961199 23.47095345881095 2.5000000000000004 -0.15186712305353953 -96.157136761393986 1.0941305642194825 20.384762088416128 39.820579571058055 0.15099902394558387 -119.74682283524866 103.30677236914751 54.445508826713358 0.33317507921167216 5.3695119313010329 23.739593149396828 0.17792490788111073
decision_type=8 2 2 2 2 8 10 2 2 8 2 2 2 8 2 2 2 2 2 2 2 8 2 2 8 2 2 2 2 2
left_child=2 -2 5 -3 9 6 7 -1 -4 10 -5 15 16 -6 -12 -11 18 -15 -9 26 21 -13 -17 24 -22 -23 -10 -28 -19 -24
right_child=1 3 8 4 13 -7 -8 12 19 11 14 20 -14 17 -16 22 -18 28 -20 -21 23 25 29 -25 -26 -27 27 -29 -30 -31
leaf_value=-0.090162227402219186 -0.08301994086684418 -0.054708686049685845 -0.062424129105106724 -0.034073300898425397 -0.039706300696652569 -0.020306429189113656 -0.10456853605799206 -0.02706721145328958 0.02902819957525643 -0.03752070541486989 -0.018095876293599954 -0.024783649162095352 -0.015608278927868474 -0.018654080363250402 0.029186583726208415 -0.0082594217255950713 -0.078268005857995301 0.0013663206755391471 -0.059532593852273767 -0.016771277786273874 -0.004694325987359773 0.0028270937770567893 0.0085773205117294898 0.038135372247687815 0.034351738507842046 0.033862085585483016 -0.011325656109472941 0.024798138195474433 0.029442694741424219 0.035137959830241913
leaf_weight=57.86705256998539 89.35071624070406 26.246649295091629 11.112754903733729 21.313623819500208 19.80251507088542 33.322720251977444 47.202091690152884 30.09740187600255 36.986601166427135 10.597468491643665 13.507163550704716 8.4112999439239502 28.553596213459969 15.729345612227915 95.73769199475646 12.463554874062536 27.112464755773544 9.4995358996093291 25.910534035414457 9.2226347513496858 9.2227218970656413 7.4877443909645072 10.366824548691513 627.33396589756012 9.4516686722636223 47.336572054773569 8.9363250248134172 9.449107348918913 16.237111516296864 16.864318124949932
leaf_count=416 2274 719 229 529 384 247 332 279 876 250 354 221 247 324 2510 314 219 200 241 211 203 203 264 18690 208 1282 209 222 341 430
internal_value=0.000871712 0.016922 -0.0484392 0.0261319 0.0284173 -0.0643271 -0.0709706 -0.0610583 0.00419374 0.0310627 0.0136869 0.0340276 -0.0453109 -0.00989599 0.0232294 0.0034872 -0.0552075 0.00494 -0.0428673 0.0164315 0.0361852 0.0222233 0.0150882 0.0375154 0.0158096 0.02975 0.0221611 0.0075615 0.0195183 0.0256884
internal_weight=1392.73 1066.96 325.773 977.61 951.363 250.066 216.743 169.541 75.7074 890.095 130.558 759.536 111.674 61.2685 109.245 50.2922 83.1204 41.466 56.0079 64.5947 709.244 63.2356 39.6947 646.008 18.6744 54.8243 55.372 18.3854 25.7366 27.2311
internal_count=30568 27149 3419 26774 26520 1856 1523 1220 1563 25332 3240 22092 965 1188 2864 1187 671 853 520 1475 20905 1659 999 19246 411 1485 1312 431 541 694
is_linear=0
shrinkage=0.05


Tree=31
num_leaves=31
num_cat=0
split_feature=12 20 1 20 19 13 1 17 9 8 1 1 9 16 9 9 5 8 4 8 1 10 12 1 9 2 20 19 9 20
split_gain=67.0045 22.9037 13.0214 11.184 20.9963 12.0178 11.454 12.4352 12.4121 15.3696 10.4771 8.79203 7.6933 9.22036 7.67891 7.37799 6.53013 5.60322 6.83099 5.43808 3.80289 3.51855 3.4215 7.02337 9.04719 2.66402 3.25235 2.43277 3.01481 2.25086
threshold=-122.5516647299368 39.820579571058055 945.34694372449962 0.72921310767638003 2.5000000000000004 25.486598583055223 325.17847434392957 2.234973404930118 0.14560953171352156 0.3406246646767373 12.422890885828702 1112.2814108390551 0.40444531485918672 1.0305959579886638e-06 0.23644262945092989 0.28336645540349542 2.2817972204256489 0.25073433367272596 30.708542373794057 0.24883071965627049 711.58209522836216 2.5000000000000004 -107.08568020908579 59.994443264569256 0.32477403553779288 5.1996562066337475 12.802764440135951 4.5000000000000009 0.20443696525121882 227.35486186617103
decision_type=2 8 2 10 2 2 2 2 2 2 2 2 2 2 2 2 2 2 2 2 2 2 2 2 2 2 10 2 2 10
left_child=21 3 10 -2 12 6 7 8 -6 16 17 15 13 14 19 -4 -10 18 -3 -5 25 -1 23 24 -12 26 -7 29 -29 -25
right_child=1 2 11 4 5 20 -8 -9 9 -11 22 -13 -14 -15 -16 -17 -18 -19 -20 -21 -22 -23 -24 27 -26 -27 -28 28 -30 -31
leaf_value=0.11199157823365594 -0.030359649272016731 -0.0097813750886731818 0.0068214837218513015 0.0079749796083211835 -0.011795958638429412 0.03469906101899814 -0.026223732023246283 -0.029499706773173536 0.04866043554930749 -0.006673492786238671 -0.016333847594646723 -0.030415375540276009 0.1026285264207755 0.10365798457800074 -0.018394159621485214 0.11524149845152026 0.21237638499514541 -0.013699921473518652 0.10500646118668043 0.075599161318280483 0.042595483498013613 0.050794937795210715 -0.035859354260307265 -0.03515916689535141 0.088882167052383609 -0.036809012255560374 -0.025313171936951304 0.034035798132645199 -0.024311318739518348 0.021208044184952035
leaf_weight=10.902051046490671 11.102907225023953 1.8593633621931074 2.9224226451478899 5.8056012187153199 2.0489562838338315 2.8077903292141926 4.8432585694827139 2.3475093208253384 1.6705537778325399 1.605498671531677 4.5449635661207139 2.6460327347740531 5.8416851689107716 3.3943852074444294 7.0489552053622901 2.7606870457530022 2.3100645020604134 4.0216760532930493 2.3459438197314739 5.7188003300689161 1.2712163226678965 6.3854568274691701 64.295226803515106 27.562121327035133 2.3782778498716652 17.124434784986079 4.54723543766886 2.8433752940036365 4.2222496732138097 1.2487115184776485
leaf_count=382 1244 219 223 393 262 424 609 287 212 203 685 261 381 227 492 210 292 497 276 387 208 223 11538 4858 359 2804 686 433 642 220
internal_value=-0.000875019 -0.00650196 -0.0199003 0.0143285 0.0219169 -0.00122897 0.0333375 0.0619914 0.0902803 0.123827 -0.0243277 0.0374363 0.0545593 0.0378648 0.0211592 0.0688518 0.167234 0.0275909 0.0621245 0.0448892 -0.0216327 0.0934011 -0.0285344 -0.0169631 0.0264662 -0.026509 -0.000992382 -0.0258343 0.000477653 -0.0320866
internal_weight=220.427 203.14 123.651 79.4889 68.3859 40.5765 14.8258 9.98258 7.63507 5.58612 115.322 8.32914 27.8094 21.9677 18.5734 5.68311 3.98062 8.22698 4.20531 11.5244 25.7507 17.2875 107.095 42.7997 6.92324 24.4795 7.35503 35.8765 7.06562 28.8108
internal_count=30568 29963 21057 8906 7893 6077 1865 1220 978 706 20236 821 1816 1471 1296 433 504 1017 495 780 4212 605 19219 7197 1044 4009 1110 6153 1075 5078
is_linear=0
shrinkage=0.05


Tree=32
num_leaves=31
num_cat=0
split_feature=12 20 1 1 7 20 21 20 20 1 3 7 3 4 7 8 2 5 12 1 20 0 8 6 8 9 8 7 19 5
split_gain=61.4333 35.3779 18.8324 14.276 12.9952 8.77787 19.7507 17.7347 8.33831 7.08212 11.1786 6.94426 6.55781 12.8627 12.2456 6.43812 5.73072 6.43275 5.28808 8.20129 5.23223 3.09607 3.99339 2.74753 2.5437 2.51602 2.06538 1.96322 0.905631 2.94033
threshold=-118.91001825803598 28.476444016397604 7.3673002632836306 893.57775185249568 -0.028789925885591275 2.2761312847482005 0.82080233039348915 15.803498879240552 16.356609021194803 969.28967126211012 34.754590528373861 -0.20146864399274469 25.842395919771004 37.891249421885107 0.054757946322959057 0.28534700561485865 5.1904665601931086 6.1358205779467498 -112.57748041963852 41.658698094028502 1.9788344174564303 338.52182313285158 0.23149765429262106 0.3701105030328789 0.43421216257649503 0.3586186495125418 0.040659871405630106 0.12702107644852492 3.5000000000000004 21.270579280372402
decision_type=2 8 2 2 2 10 10 10 8 2 2 2 2 2 2 2 2 2 2 2 8 2 2 2 2 2 2 2 2 2
left_child=8 3 16 5 -5 24 7 -7 -1 18 -11 -10 21 25 -15 27 -3 -18 19 -4 -6 22 -8 26 -2 -14 -21 -13 -20 -30
right_child=1 2 9 4 20 6 12 -9 11 10 -12 15 13 14 -16 -17 17 -19 28 23 -22 -23 -24 -25 -26 -27 -28 -29 29 -31
leaf_value=0.0080586363880390723 -0.03431826122550613 -0.012241605068298408 0.072473642673862165 0.0014897104294549447 0.04863034386503029 0.14329317802296521 0.051944160110565345 -0.014838257220215513 0.03178452205031345 -0.02583285068302615 0.089921148881298874 0.17168710252867461 -0.034940408938358807 0.12553048523770891 -0.013252013990991247 0.051217042048261385 0.01316204630564265 0.12647491103703282 -0.039401999790531175 0.021852176456529523 0.13401076289887678 -0.033890781641722344 -0.028619228753289046 0.029938047708427607 0.018306829752093075 0.022550514029592683 -0.034043970282120244 0.080666892501237583 -0.03434641832449286 -0.0013995961143289347
leaf_weight=3.8073310945183074 10.869310559239237 2.0888666235841811 1.9879256202839322 5.6767949084751335 5.5050493259914219 4.3484021872282028 2.1071822112426233 2.3931693891063333 4.9628803767263969 4.7071249606087813 2.3473096266388893 3.8664011615328446 4.9946319591253996 3.4288705801591286 2.20587178459391 5.3287312635220587 2.4781712680123755 2.2155858357436955 56.889929525088519 1.2259146319702274 4.3349705040454856 10.443169818725435 2.1417400385253131 1.670960576739162 2.1745938179083169 1.9761868868954477 10.694745425134895 4.6198308011516929 31.213264286052436 8.6849309238605183
leaf_count=224 1053 210 315 315 267 452 251 248 292 560 279 201 710 427 275 306 232 208 10963 203 210 1476 256 274 211 281 1767 241 5964 1660
internal_value=-0.000407151 -0.0074964 -0.0226855 0.0230009 0.0630408 0.00876867 0.0219994 0.092493 0.0780677 -0.0274067 0.0190656 0.0911373 0.00193661 0.0272781 0.0773917 0.108874 0.05328 0.0794679 -0.0304666 -0.00319582 0.0951369 -0.0201587 0.0136191 -0.0184716 -0.0248661 -0.0178577 -0.0270493 0.135863 -0.0347787 -0.0273842
internal_weight=211.39 188.805 126.205 62.5999 15.5168 47.0831 34.0392 6.74157 22.5852 119.422 7.05443 18.7778 27.2977 12.6056 5.63474 13.815 6.78262 4.69376 112.368 15.5795 9.84002 14.6921 4.24892 13.5916 13.0439 6.97082 11.9207 8.48623 96.7881 39.8982
internal_count=30568 29237 22643 6594 860 5734 4470 700 1331 21960 839 1104 3770 1693 702 793 683 440 21121 2469 477 2077 507 2229 1264 991 1970 442 18652 7624
is_linear=0
shrinkage=0.05


Tree=33
num_leaves=31
num_cat=0
split_feature=13 21 3 19 11 12 20 19 16 21 13 1 20 2 13 7 2 15 2 21 2 21 13 1 15 1 20 21 3 12
split_gain=419.781 218.772 83.4495 78.9546 39.0685 37.6021 31.0358 21.8468 14.8641 45.2966 14.6751 13.8659 7.84442 6.9613 5.79117 4.98655 3.02321 2.70421 2.30043 1.49318 3.38853 1.27337 1.12273 2.45401 1.45371 0.516241 0.35534 1.57226 0.241928 0.0321548
threshold=20.45819556015481 0.13918171474570604 13.747817461615453 2.5000000000000004 -106.94538897414448 -111.932706011078 10.465543835848552 2.5000000000000004 30.881699610339378 0.85788693096456159 38.407267706311139 863.09798016232264 20.684154273085454 4.9767089868907366 31.418025032671519 0.07890427375738264 5.3381061569776156 2.865866323418445e-08 4.7595998048414021 1.4328624654201603 5.4218688397664208 0.29295452816024753 24.261735235895426 12.422890885828702 1.9506265592456939e-09 863.09798016232264 16.356609021194803 1.1195498529991652 24.220010744411454 -94.973958301540321
decision_type=2 8 2 2 2 2 8 2 2 8 2 2 8 2 2 2 2 2 2 8 2 8 2 2 2 2 8 8 2 2
left_child=2 4 8 5 15 -4 7 10 9 -1 -3 14 -11 -7 -6 -2 -12 -14 -5 20 -9 28 23 -23 -25 29 27 -24 -8 -26
right_child=1 6 3 18 11 13 21 19 -10 12 16 -13 17 -15 -16 -17 -18 -19 -20 -21 -22 22 26 24 25 -27 -28 -29 -30 -31
leaf_value=0.10774193948178359 -0.028959213399754748 0.05599133580410609 -0.0086244073299888476 -0.0053286152737456408 0.067498061270987605 0.054142999478666104 -0.0076084772156445176 0.01317138844244287 0.095149477916567679 0.038850855335823303 -0.02820492564475717 0.093800827317675139 -0.037322891828028913 0.10462537291590097 0.025236177517421639 0.017492978318200299 0.012644405140070531 0.0062916055728849327 -0.041416966344734421 -0.040483125790477803 -0.037139477464371108 0.0031801190026488641 -0.0069813070293770459 -0.0053475449524200205 -0.040392700338340262 -0.01506237973688606 -0.042018809777380005 -0.039406913036608086 -0.025776778863637346 -0.025667526052536856
leaf_weight=20.653433797881007 12.064617229625586 16.946867329999804 14.796755691990255 5.486808391287922 15.599900335073469 15.97778378613293 4.5182182323187599 5.137953830882906 83.846998810768127 9.3063726183027047 8.5076818540692347 29.748980240896344 7.1628410853445539 20.976338213309646 19.743663975968957 9.4652368370443565 7.8207416422665119 5.8514055386185646 31.328120214864612 20.152021056041121 6.8426127713173628 4.2812549863010636 5.7966795712709462 4.1735173463821402 44.876593228429556 4.180685518309474 390.07683679647744 12.903325602412222 4.5269661713391542 7.5204469989985245
leaf_count=367 258 307 212 220 203 207 200 205 693 242 219 357 250 271 258 203 201 205 1257 866 272 203 251 202 2225 204 19656 558 200 373
internal_value=-0.000956822 -0.0239958 0.056629 0.0190784 0.0494504 0.0584307 -0.0356688 -0.00329007 0.082498 0.0562113 0.0247478 0.0685135 0.00595425 0.0848 0.0452336 -0.00866729 -0.00903893 -0.0186635 -0.0363216 -0.0321956 -0.0162108 -0.040039 -0.0404133 -0.0327215 -0.0352621 -0.0373376 -0.0415541 -0.0302201 -0.0183623 -0.0387995
internal_weight=850.272 634.885 215.387 88.5658 86.6224 51.7509 548.262 65.4079 126.821 42.9741 33.2753 65.0925 22.3206 36.9541 35.3436 21.5299 16.3284 13.0142 36.8149 32.1326 11.9806 482.855 473.809 65.0325 60.7512 56.5777 408.777 18.7 9.04518 52.397
internal_count=30568 27303 3265 2217 1242 740 26061 1983 1048 763 602 781 580 478 461 461 420 455 1477 1381 477 24078 23678 3080 2939 2767 20598 809 400 2598
is_linear=0
shrinkage=0.05


Tree=34
num_leaves=7
num_cat=0
split_feature=20 20 21 3 3 5
split_gain=35.0495 23.6396 52.5791 3.60222 3.31678 1.92785
threshold=20.684154273085454 5.5459508458753612 0.67312341711971502 49.226449185745906 50.336040617135062 -56.897465942751893
decision_type=8 8 10 2 2 2
left_child=1 4 -3 -4 -1 -2
right_child=5 2 3 -5 -6 -7
leaf_value=-0.031801324329541754 0.033955181034035352 0.30743799438284558 -0.029529799743660573 0.068790205610394811 0.056773916108790803 -0.039290589317400253
leaf_weight=3.1823053011903588 0.21206532558426516 1.6952615823829544 2.4189895024173906 0.28232651914004236 0.43760368868242949 16.372032056795433
leaf_count=2251 322 1096 2293 268 309 24843
internal_value=-0.00105035 0.0847881 0.151184 -0.00344487 -0.0111224 -0.0364762
internal_weight=24.6006 8.01649 4.39658 2.70132 3.61991 16.5841
internal_count=30568 5403 2843 2561 2560 25165
is_linear=0
shrinkage=0.05


Tree=35
num_leaves=15
num_cat=0
split_feature=20 20 12 2 5 20 10 21 9 21 21 20 2 8
split_gain=157.56 28.0619 11.0673 10.6123 9.31954 10.8212 10.2157 8.12823 6.10105 5.04623 2.39102 0.749447 0.653517 0.111463
threshold=2.6549014716484653 1.1122275723568953 -112.08299224872597 4.3833131844255773 24.476433284425301 0.15699422902307503 2.5000000000000004 0.040355889517861107 0.19599747585288399 5.0759138355630755 1.7479236177818402 3.4967253736869552 4.4959952347279826 0.2585892023087944
decision_type=8 10 2 2 2 8 2 8 2 8 10 8 2 2
left_child=1 4 -3 9 5 13 -7 -5 -4 10 -2 -9 -13 -1
right_child=3 2 8 7 -6 6 -8 11 -10 -11 -12 12 -14 -15
leaf_value=-0.0266575859708175 0.031982904079831051 0.17127890535887702 0.11720759381697202 0.029582740106820889 -0.014865017197111164 0.022325771226430136 0.1154233412099194 -0.00086541286832053405 0.041794675251152096 0.078718098689524479 -0.030641169460984358 -0.0041964740401459338 -0.041353993546106499 -0.0050440436437664002
leaf_weight=1.74194072419778 1.5970191266387717 7.313653500983496 6.1104689980857065 3.653668834362179 5.859380986308679 5.8174345721490672 6.5136348712258041 1.2313349153846502 7.1439091598149389 1.8348793452605594 2.7334460755810142 1.4403201877139498 93.493974794866517 1.4917444791644809
leaf_count=233 312 237 231 1003 361 268 301 350 271 354 534 412 26738 200
internal_value=-0.000626285 0.0797716 0.120443 -0.0335598 0.0370951 0.0563722 0.076472 -0.0375147 0.0823447 0.0267704 -0.00587884 -0.0403422 -0.0408399 -0.0202334
internal_weight=147.977 41.9922 20.568 105.985 21.4241 15.5648 12.3311 99.8193 13.2544 6.16534 4.33047 96.1656 94.9343 3.23369
internal_count=30568 1987 667 28581 1320 1002 569 27391 502 1190 846 27310 27150 433
is_linear=0
shrinkage=0.05


Tree=36
num_leaves=31
num_cat=0
split_feature=20 13 19 11 1 21 16 20 2 20 19 1 15 1 11 13 10 3 21 13 20 6 9 1 1 21 9 15 12 11
split_gain=358.122 338.62 83.4106 63.4324 36.038 22.5703 21.8223 21.2061 23.6737 17.9159 21.6463 19.6948 14.9925 10.7762 10.4731 8.79261 6.71985 6.42945 5.83305 4.95856 10.7798 6.27908 4.79218 4.11753 2.81432 2.49521 2.3481 2.30718 2.2595 1.78267
threshold=10.465543835848552 10.748706821565806 2.5000000000000004 -125.14559643286049 927.70716135805162 1.2023221246591953 9.065000441064706 1.1122275723568953 5.4280658876407317 28.476444016397604 2.5000000000000004 13.918898324500903 4.3710093187349577e-10 1013.1202485432701 -114.19071507961199 23.47095345881095 2.5000000000000004 35.216522280633761 0.48887558116160207 24.205607354920151 39.820579571058055 0.10075933153229678 0.3311450048902716 3.0741393647482753 54.445508826713358 0.35261231458001557 0.21568293623745491 1.5881867761018134e-22 -119.74682283524866 -104.63868685451298
decision_type=8 2 2 2 2 8 2 10 2 8 2 2 2 2 2 2 2 2 8 2 8 2 2 2 2 8 2 2 2 2
left_child=2 -2 5 -3 9 7 17 8 12 10 -5 15 -1 -6 -12 -11 -9 29 -15 20 21 -13 -20 -17 -22 -26 -25 -19 -21 -4
right_child=1 3 6 4 13 -7 -8 16 -10 11 14 19 -14 18 -16 23 -18 27 22 28 24 -23 -24 26 25 -27 -28 -29 -30 -31
leaf_value=-0.031271917141753335 -0.075675844195863637 -0.047352193327850872 0.036738164627958585 -0.031088202956081314 -0.037274576414487025 -0.017498993509811985 -0.057820695768861112 -0.06383488081634156 -0.013434657502479861 -0.034598668487875607 -0.017499533206743023 0.016006658702035371 -0.074097484179157125 -0.024704047681724409 0.028449799255498832 -0.011247677771715286 -0.094655360688803744 0.0088397795406312298 0.031458992586700846 0.018036737614167457 0.010630575038036591 -0.038658955292542839 -0.008456458680232674 0.0077026216526595555 0.0047925252782910974 0.037324464188699134 0.037160083015816199 -0.023416776934448005 0.038520883379728824 0.015341777215520753
leaf_weight=32.318657511845231 90.220082923769951 28.260999202728271 20.804257635027167 22.150515988469124 20.993959631770849 34.554448742419481 11.045075684785841 48.515810422599316 36.863139469176531 11.014569567516444 13.641109127551315 11.583097739145163 67.590386051684618 10.516731597483158 91.249500382691622 10.776092033833264 46.792088180780411 10.365771241486076 19.354980397969491 16.45774008333683 14.201011216267942 8.0666287541389448 11.367279447615145 12.942163415253166 6.6112317517399788 96.671901186928153 14.844844941049812 10.012938592582939 510.98496984504163 22.08996377885342
leaf_count=202 2397 812 518 565 401 241 232 285 260 264 372 289 424 220 2492 279 275 211 430 527 425 201 252 354 200 2926 406 203 16372 551
internal_value=0.00082288 0.0162975 -0.0428081 0.0252753 0.0275971 -0.0558215 0.00400194 -0.0614278 -0.0481446 0.0303114 0.0128752 0.0333908 -0.0606914 -0.00899154 0.0223652 0.00292709 -0.0797921 0.0155256 0.00594839 0.0356556 0.026746 -0.0072201 0.0168892 0.014249 0.03244 0.035308 0.0241841 -0.00736324 0.0379171 0.0263199
internal_weight=1362.86 1021.91 340.953 931.689 903.428 266.635 74.318 232.08 136.772 841.195 127.041 714.154 99.909 62.233 104.891 49.5777 95.3079 63.2729 41.239 664.577 137.134 19.6497 30.7223 38.5631 117.484 103.283 27.787 20.3787 527.443 42.8942
internal_count=30568 27149 3419 26774 26520 1856 1563 1523 963 25332 3240 22092 626 1188 2864 1187 560 1483 863 20905 4006 490 682 999 3516 3126 760 414 16899 1069
is_linear=0
shrinkage=0.05


Tree=37
num_leaves=31
num_cat=0
split_feature=12 20 5 15 0 7 2 1 1 5 20 8 20 9 4 21 20 9 15 8 8 5 16 3 16 7 9 1 21 4
split_gain=54.0207 20.2156 10.5703 10.2945 11.1722 9.65627 10.0844 8.79515 10.0567 8.06578 12.5558 7.59097 8.53664 8.09232 7.21989 6.18321 6.10971 5.86041 5.23189 5.179 4.40285 4.2005 3.56058 5.0422 4.59491 3.5104 3.15525 2.8918 2.84069 2.30021
threshold=-119.74682283524866 39.820579571058055 48.341954147858203 2.962327103547522e-09 407.86450903567305 -0.12697708166075031 5.5483709692370207 12.422890885828702 945.34694372449962 31.326549301165706 57.741437697633856 0.2889752314920318 1.4353284405650453 0.15078922795458463 53.516524502312507 1.4073407471312851 10.890772882286251 0.23644262945092989 3.323734606853817e-09 0.20030168863565359 0.10249394704147098 2.2817972204256489 1.0305959579886638e-06 22.051002610000754 4.0848027826685946 -0.22726795685783949 0.35680088958133421 402.06520668076104 2.4340481904052855 -13.054013480083048
decision_type=2 8 2 2 2 2 2 2 2 2 8 2 10 2 2 8 8 2 2 2 2 2 2 2 2 2 2 2 8 2
left_child=2 3 9 4 11 6 17 18 22 10 -1 26 -13 -14 -7 -10 -16 -5 20 -12 -3 -19 29 -24 28 -15 -2 -28 -25 -9
right_child=1 7 -4 5 -6 14 -8 8 15 -11 19 12 13 25 16 -17 -18 21 -20 -21 -22 -23 23 24 -26 -27 27 -29 -30 -31
leaf_value=0.11397888642701562 -0.019205945168598051 0.054783336162451901 0.13524129055532275 0.15306036944598939 -0.026008835579676509 -0.012129476466777964 -0.0079030213985208288 0.0017912517293688472 -0.0099402466812923349 -0.0075046650419785315 0.056687386202673974 -0.018418494477661428 -0.0011416285484704444 0.033704192282269611 0.00058626499584134653 0.069769706600337197 0.091066005273630179 -0.00033329201391824357 0.078422903525638063 -0.015659086600100871 -0.025230154368906396 0.079328848911627003 -0.031700545634224392 0.083571580201210013 -0.013586082235578429 0.13412816411430104 -0.013038809085648147 0.055723347663612956 -0.0022605627763761667 -0.034413008387555483
leaf_weight=6.5995926256291639 9.5706398664042389 1.5003404910676179 4.5733195878565311 2.289225795306268 23.484772717580199 12.053858492989095 3.147100942209363 4.5411954992450765 4.9702960522845387 4.4291215483099222 3.9517067749984554 2.8761478760279706 2.4658081210218379 2.192677726037803 3.4683572771027702 3.3970436756499103 3.0710885203443459 2.3981884326785812 2.2527735261246562 4.271433730609715 4.5039034369401634 4.278892895206809 7.9588383529335252 2.12403846997768 4.01321035111323 3.2104059718549234 2.1674049356952318 2.4918237132951617 1.3197272014804173 78.588613476138562
leaf_count=313 1030 201 209 200 2854 1147 285 893 481 203 205 304 285 255 264 329 233 203 274 221 605 363 1324 396 723 373 211 242 246 15452
internal_value=-0.000833341 -0.00671064 0.0715945 0.0126457 -0.001811 0.0347981 0.0677407 -0.0200103 -0.0238877 0.0505437 0.0672669 0.0210684 0.0508292 0.0753627 0.0109742 0.0264146 0.0495205 0.09242 0.0273527 0.0214844 -0.000269457 0.0544003 -0.0283813 -0.00586465 0.0221979 0.105003 -0.0032661 0.0270844 0.0575721 -0.0324375
internal_weight=218.162 194.336 23.8252 79.1664 48.4597 30.7067 12.1134 115.17 106.913 19.2519 14.8227 24.9749 10.745 7.86889 18.5933 8.36734 6.53945 8.96631 8.25702 8.22314 6.00424 6.67708 98.5456 15.4158 7.45698 5.40308 14.2299 4.65923 3.44377 83.1298
internal_count=30568 29479 1089 8755 5890 2865 1096 20724 19719 881 703 2666 1134 911 1769 810 497 782 1005 426 806 566 18909 2564 1343 628 1532 453 642 16345
is_linear=0
shrinkage=0.05


Tree=38
num_leaves=31
num_cat=0
split_feature=12 20 1 1 7 20 21 20 20 20 1 1 3 4 9 3 12 19 9 4 3 1 11 1 9 2 8 4 9 13
split_gain=50.6417 30.9737 17.4307 11.0953 10.0626 9.5231 11.9199 10.971 7.13283 7.08859 6.73739 7.09987 6.25212 11.5895 11.3366 6.2084 5.70222 8.17093 6.04024 5.32159 9.99836 5.65071 5.17295 5.81084 4.55873 3.13291 3.82475 3.06344 2.4627 2.14698
threshold=-118.91001825803598 28.476444016397604 7.3673002632836306 809.2176251833597 -0.12286150453800791 2.2761312847482005 0.82080233039348915 15.803498879240552 1.9788344174564303 16.356609021194803 927.70716135805162 1062.5505297263701 25.842395919771004 37.891249421885107 0.25698933207409885 20.123540601834904 -112.57748041963852 4.5000000000000009 0.20642115574671396 74.920655834388967 56.841345616702057 374.2649093982356 -109.62127736460099 3.0741393647482753 0.27318126305387308 5.1314413797884564 0.23149765429262106 71.920453372084168 0.3586186495125418 30.432507939760338
decision_type=2 8 2 2 2 10 8 10 8 8 2 2 2 2 2 2 2 2 2 2 2 2 2 2 2 2 2 2 2 2
left_child=9 3 22 5 29 -2 7 -7 15 -1 16 24 25 28 -15 -6 17 27 -19 20 21 -11 -3 -24 -12 26 -8 -4 -14 -5
right_child=1 2 10 4 8 6 12 -9 -10 19 11 -13 13 14 -16 -17 -18 18 -20 -21 -22 -23 23 -25 -26 -27 -28 -29 -30 -31
leaf_value=0.0058391535735804502 -0.030709545456724913 0.10142650876207784 -0.033146725651096692 0.022349840110569241 0.070534660424958498 0.10945494391251041 0.052125910829788714 -0.014020359087949692 0.10787658738020918 -0.024426690306379124 -0.0011696866453468973 -0.032933672731695639 -0.034476437727758796 0.1268507962350259 -0.0036867265522670303 -0.012515427145062381 -0.034743378768351922 0.10467993143651118 -0.0091501099794977676 0.12142695919913878 0.093110475257117076 0.054975216724858528 0.06135574700559665 -0.03059028812189243 0.087581182828642454 -0.033317876141206994 -0.02793932879722822 0.027853596247730414 0.02298633008364135 -0.031077067981735457
leaf_weight=4.0247866692952847 11.471310340799389 2.0785858673043558 9.5140253226272744 2.7465869127772802 3.8012318378314385 4.8783386517316112 2.100663057062782 2.2940774215385318 6.58522407663986 4.1509183798916673 2.4690534924156964 3.6722439890727401 4.6324017746374011 3.0981042990461001 2.7068329025059938 3.753166408278048 89.438213262706995 1.6725851004011942 1.8049670569598673 5.6586730983108282 7.7830387190915644 3.0267101228237152 2.3070988082326949 2.6785132074728608 2.408317225985229 9.6913783643394691 1.9904194674454627 1.7507223226130006 1.9560614530928431 2.8094703005626798
leaf_count=217 1409 201 1667 200 207 465 250 218 319 277 205 421 687 367 320 204 18012 226 243 303 430 202 249 289 200 1420 237 307 290 204
internal_value=-0.000355562 -0.00668008 -0.0216625 0.0210459 0.0513528 0.00689764 0.0203514 0.0730786 0.0724875 0.0682895 -0.0265483 0.0147202 0.0037462 0.0283681 0.0743845 0.0326341 -0.0300428 -0.00112993 0.0567498 0.0796456 0.0572246 0.0116842 0.0499285 0.0151 0.0500984 -0.0188155 0.0153356 -0.0221683 -0.0166353 -0.00528543
internal_weight=208.954 184.31 119.794 64.5153 19.6957 44.8196 33.3483 7.17242 14.1396 24.6441 112.73 8.54961 26.1759 12.3934 5.80494 7.5544 104.181 14.7423 3.47755 20.6193 14.9607 7.17763 7.0642 4.98561 4.87737 13.7825 4.09108 11.2647 6.58846 5.55606
internal_count=30568 29237 22643 6594 1088 5506 4366 683 684 1331 21960 979 3683 1664 687 411 20981 2443 469 1104 827 479 683 538 405 2019 487 1974 977 404
is_linear=0
shrinkage=0.05


Tree=39
num_leaves=26
num_cat=0
split_feature=13 21 10 20 12 20 21 15 19 1 13 3 20 11 20 21 7 3 1 13 1 19 20 9 12
split_gain=359.25 181.319 77.024 116.253 32.4903 27.2906 20.074 15.109 13.8533 13.2989 12.1858 11.0493 4.9421 4.53958 3.59723 8.28523 3.36866 1.45988 1.02328 0.977124 2.72403 0.905571 0.649262 1.10319 0.490468
threshold=20.816959234334579 0.17026934201717853 13.500000000000002 10.465543835848552 -107.95388848387864 6.2446309113009404 0.48887558116160207 1.0552447515906878e-08 2.5000000000000004 386.15560952757056 37.57938463651945 24.030217110329001 27.597972824803254 -107.89497944295148 16.859166200439002 0.72737603415596752 0.051369758224117497 54.503546375832606 99.689481932163957 24.261735235895426 12.422890885828702 2.5000000000000004 35.308127856327552 0.25698933207409885 -88.978040801525395
decision_type=2 8 2 8 2 8 8 2 2 2 2 2 8 2 8 8 2 2 2 2 2 2 8 2 2
left_child=2 4 3 7 16 8 -5 -1 10 -6 -3 -11 13 -8 15 -7 -2 -14 -10 20 -16 -17 23 -22 -24
right_child=1 5 -4 6 9 14 12 -9 18 11 -12 -13 17 -15 19 21 -18 -19 -20 -21 22 -23 24 -25 -26
leaf_value=0.085817899607795012 -0.035224564431573478 0.05197438564336735 0.085793253840252562 0.056878845734853106 0.015253896630610731 0.021751158250628094 -0.029913879863986262 0.037378356163525389 -0.010314310222079182 0.082239564755480332 -0.012103433380033758 0.032078537877556983 -0.040466476956586318 0.026511024448582748 0.0059064405584923242 -0.016681159402780765 0.005331210970142628 -0.0088078452624035276 -0.039437038588484442 -0.041813826106261061 -0.0032530094947180819 -0.039036314679724959 -0.041187727421688573 -0.035405280720487813 -0.018002157990421454
leaf_weight=47.231457509100437 10.152719099074606 15.010416524484755 88.300884529948235 6.4163367971777916 16.739884415641427 7.3455804828554392 6.1750100348144779 27.908904949203134 4.9784664157778051 38.067389503121376 13.249224564060569 17.892209956422448 43.664081826806068 6.08875447884202 3.9821875542402259 8.1102727390825731 9.0408939924091083 4.6654583513736725 12.97171956859529 367.08141946233809 5.1881082765758029 26.31076380982995 35.063711363822222 5.0254668053239584 4.8404585439711836
leaf_count=345 226 263 1366 260 203 298 202 204 227 431 233 203 1920 200 200 349 201 205 590 19771 250 1132 1846 243 255
internal_value=-0.000908122 -0.0239594 0.0493363 0.0262488 0.0403712 -0.0356262 -0.0214994 0.0685535 0.000995556 0.0554892 0.0225453 0.0670461 -0.0305878 -0.00201317 -0.039276 -0.0242375 -0.0168033 -0.0376508 -0.0323304 -0.0407063 -0.0325692 -0.0343886 -0.0356821 -0.0208197 -0.0388841
internal_weight=831.502 601.051 230.451 142.15 91.8931 509.158 67.0096 75.1404 46.2098 72.6995 28.2596 55.9596 60.5933 12.2638 462.948 41.7666 19.1936 48.3295 17.9502 421.181 54.0999 34.421 50.1177 10.2136 39.9042
internal_count=30568 27003 3565 3266 1309 25694 2717 549 1313 882 496 634 2527 402 24381 1696 427 2125 817 22685 2721 1481 2594 493 2101
is_linear=0
shrinkage=0.05


Tree=40
num_leaves=7
num_cat=0
split_feature=20 20 21 3 5 7
split_gain=30.7059 19.295 35.2676 3.1453 1.90847 1.1529
threshold=20.684154273085454 5.5459508458753612 0.75625162307237259 50.336040617135062 -56.897465942751893 0.38852868145960684
decision_type=8 8 10 2 2 2
left_child=1 3 -3 -1 -2 -4
right_child=4 2 5 -5 -6 -7
leaf_value=-0.03180294637989136 0.033685620743885113 0.22815192049072053 -0.028113864922005957 0.053432327725371258 -0.039136162441181024 0.029894403427634376
leaf_weight=3.1805035874131184 0.21639489487279462 2.6693809149437584 2.0669885576935498 0.48765624413499609 15.329602090816477 0.28075274243019521
leaf_count=2220 350 1513 2178 340 24815 296
internal_value=-0.000992184 0.0759684 0.131165 -0.0114528 -0.0361479 -0.0143194
internal_weight=24.2313 8.68528 5.01712 3.66816 15.546 2.34774
internal_count=30568 5403 2843 2560 25165 2474
is_linear=0
shrinkage=0.05


Tree=41
num_leaves=14
num_cat=0
split_feature=20 12 2 20 5 7 5 6 15 13 21 7 1
split_gain=132.242 13.9857 11.8994 8.94722 15.2383 9.04311 5.77375 5.41402 5.41347 5.12266 2.98113 3.45773 2.00426
threshold=4.3762599157402358 -110.90429443129898 4.4959952347279826 0.5678624348821576 -14.480357384637799 0.11921820548435492 15.117883144694352 0.26785527612850851 2.3711852416056207e-09 21.289820972285749 1.7479236177818402 0.058180763738366011 410.39362906907405
decision_type=8 2 2 10 2 2 2 2 2 2 10 2 2
left_child=1 6 7 9 -5 8 -1 10 -6 -3 11 -2 -11
right_child=2 3 -4 4 5 -7 -8 -9 -10 12 -12 -13 -14
leaf_value=0.12460659223866065 -0.022584838814413408 0.050829735828252821 -0.041316120570928802 0.11826234014614732 0.079682872581638878 -0.021024427079603936 0.056885123715119848 0.078340412477908794 0.011229694013175756 0.013997306655801756 -0.032159917120765741 0.070613971393638827 -0.03551605534650782
leaf_weight=9.6002966426312959 1.170158885419371 2.661918031750246 87.193773306440562 6.3757975918706498 6.6737874839454951 5.4544213388580829 8.7969048633240146 1.8439146741293369 5.2356438359711319 2.4076358480378994 3.3165384246967733 1.1500982935540376 5.1149094118736684
leaf_count=285 221 203 25971 281 272 241 261 375 214 200 682 217 426
internal_value=-0.000567313 0.0621307 -0.0361333 0.0410813 0.0573198 0.0297211 0.0968266 0.0220251 0.0527904 0.00148908 -0.00542509 0.0309658 -0.019886
internal_weight=146.996 52.3213 94.6745 33.9241 23.7397 17.3639 18.3972 7.48071 11.9094 10.1845 5.6368 2.32026 7.52255
internal_count=30568 2369 28199 1823 1048 766 546 1520 486 775 1159 438 626
is_linear=0
shrinkage=0.05


Tree=42
num_leaves=31
num_cat=0
split_feature=20 13 21 11 13 1 20 19 1 13 20 11 1 4 12 2 20 13 20 6 3 2 8 9 1 5 21 3 12 9
split_gain=300.961 292.142 66.7202 55.6388 37.1984 33.9779 17.4655 19.708 19.4108 13.4468 15.0495 9.82269 9.5096 8.87974 7.42943 9.34449 5.54398 5.11727 10.4097 5.67059 4.89802 4.44918 3.61837 4.29665 2.88125 2.86335 2.6393 2.33299 2.19562 1.99137
threshold=10.465543835848552 10.748706821565806 0.87083519668870768 -125.14559643286049 21.617397478722499 927.70716135805162 28.476444016397604 2.5000000000000004 13.918898324500903 22.514365587899977 1.7821107921224553 -114.19071507961199 1013.1202485432701 61.837678926010561 -101.37209146818272 5.4249838569209627 57.064438286372109 24.205607354920151 39.820579571058055 0.10075933153229678 36.006887106920054 5.3626196266552784 0.34460748265139413 0.21568293623745491 54.445508826713358 -26.031014000434361 0.31888987793925305 21.351553160853154 -119.74682283524866 0.38669220148687172
decision_type=8 2 8 2 2 2 8 2 2 2 10 2 2 2 2 2 10 2 8 2 2 2 2 2 2 2 8 2 2 2
left_child=2 -2 9 -3 -4 6 7 -5 13 -1 14 -9 -7 22 15 -11 -14 18 19 -10 25 -22 23 -8 -20 -6 -26 -18 -19 -27
right_child=1 3 4 5 20 12 8 11 17 10 -12 -13 16 -15 -16 -17 27 28 24 -21 21 -23 -24 -25 26 29 -28 -29 -30 -31
leaf_value=-0.069038696751285211 -0.069610444876340882 -0.041516676133361609 -0.043909918943282916 -0.028993668646433431 -0.0018017166207016039 -0.034550351130414596 -0.019310748640122739 -0.016561944781556533 0.015257890615832867 -0.042469761312929642 -0.06933817835146594 0.027784853233911357 -0.013980218438872136 -0.042019014235127175 -0.046212446187550466 -0.00072342377555263833 0.0038256873005390133 0.017812679810040855 0.0094196682225210718 -0.036628906783167291 0.015421007185069949 -0.025792881796730661 0.032922369097921608 0.018936901064823222 0.0027989027267849523 0.034147502345418156 0.036902765981793956 0.036185603201629002 0.038124668359733153 0.0072827517480917219
leaf_weight=88.643419025465846 90.155150583013892 30.061036691069603 42.810124304145575 22.771534213796258 9.6262216288596374 21.718176461756229 12.470772882923487 13.857907216995953 11.261836504563693 23.208074558526278 40.745525021106005 87.497800458222628 18.697771985083818 8.2606691569089872 53.572742555290461 30.116566248238087 10.199695663526658 16.310198865830898 13.673616001382468 8.2895198222249729 12.738927662372593 11.552389673888682 12.918845597654579 15.149291520938275 6.2287816237658262 31.654968652874231 90.962370358407497 12.007622225210069 475.87328503467143 9.5561206862330419
leaf_count=590 2502 906 670 594 203 412 307 392 282 219 332 2472 394 201 436 285 240 560 434 208 227 205 324 374 200 668 2926 283 16339 202
internal_value=0.000776964 0.015668 -0.0380569 0.0243924 -0.00725395 0.0267469 0.0295361 0.0121764 0.0327227 -0.0533363 -0.0435078 0.0216189 -0.00859379 0.00230532 -0.0331107 -0.0193397 0.00568322 0.0350993 0.025864 -0.00745329 0.0139359 -0.00442421 0.0121315 0.00159632 0.0317537 0.022625 0.0347679 0.0221282 0.037489 0.0282382
internal_weight=1332.59 978.366 354.225 888.211 117.939 858.15 795.526 124.127 671.399 236.286 147.643 101.356 62.6233 48.7996 106.897 53.3246 40.9051 622.6 130.416 19.5514 75.1286 24.2913 40.5389 27.6201 110.865 50.8373 97.1912 22.2073 492.183 41.2111
internal_count=30568 27149 3419 26774 1847 26520 25332 3240 22092 1572 1204 2864 1188 1187 870 504 863 20905 4006 490 1505 432 1017 681 3516 1073 3126 523 16899 870
is_linear=0
shrinkage=0.05


Tree=43
num_leaves=31
num_cat=0
split_feature=12 20 5 20 19 13 3 4 20 1 1 2 11 12 9 1 6 8 9 8 21 1 16 3 16 1 4 7 2 6
split_gain=44.2549 17.7976 11.8026 10.1093 10.8341 10.7965 10.7197 9.68329 10.8679 8.18541 9.20222 7.87219 7.30141 9.5322 6.12084 5.74736 6.9508 5.27695 4.70285 4.60774 4.37654 3.87845 3.58127 4.93205 4.25666 3.49327 3.51211 3.24293 2.75724 2.70848
threshold=-119.74682283524866 39.820579571058055 50.084381631299557 0.72921310767638003 2.5000000000000004 25.486598583055223 32.398309160047553 62.703473796794007 57.741437697633856 12.422890885828702 945.34694372449962 5.4860512875735816 -102.20995100166699 -107.50905205956046 0.39474307329617814 1112.2814108390551 -0.045534690245751179 0.18919118024422146 0.22709164351080705 0.25073433367272596 1.3127417243049553 720.14976407245911 1.0305959579886638e-06 22.051002610000754 4.0848027826685946 325.17847434392957 53.516524502312507 -0.14231089496380409 5.5947699674136775 -0.13555164215357149
decision_type=2 8 2 10 2 2 2 2 8 2 2 2 2 2 2 2 2 2 2 2 10 2 2 2 2 2 2 2 2 2
left_child=2 3 7 -2 11 6 25 8 -1 19 22 12 13 -5 18 16 -12 -10 -14 20 -3 -7 -11 -24 29 26 28 -8 -6 -25
right_child=1 9 -4 4 5 21 27 -9 17 10 15 -13 14 -15 -16 -17 -18 -19 -20 -21 -22 -23 23 24 -26 -27 -28 -29 -30 -31
leaf_value=0.099738833496087254 -0.030437839086564267 0.092590103510624272 0.12765059637932866 0.027391352742573562 -0.031117654563414362 -0.025039204412021648 0.12901128493294836 -0.017895219486878371 0.053664214426657565 -0.031785115444254518 0.091560774144084561 -0.0007292946324989354 0.031361767081679523 0.13190189760376497 0.075442698768367733 -0.030284056519032883 -0.0067311465628208519 -0.017368796852553239 -0.033589856948948844 -0.012753013870854275 0.001500211925671063 0.045982986089516779 -0.031186884658349481 -0.0022891219089686181 -0.012713009364245907 -0.032710062801053943 0.061664174456674915 0.034334691814319106 0.036952641473171809 0.081191678331932554
leaf_weight=7.6949887205846714 11.167614615056662 2.2837438769638538 4.8135078339837492 4.6098110587336132 2.8681905949488291 22.274765052367005 1.8762973477132625 4.6835737572982907 4.101804773323237 77.763181632850319 3.0512046595104056 8.4141160962171835 5.6699712113477316 4.6905492199584913 3.5948997652158141 2.6053798799403012 3.0052069667726737 4.6176102813333273 3.8004556731320918 3.8581867152824998 2.2594648795202374 1.1836294587701557 7.5395458475686601 1.3211825909093033 3.8637126269750297 3.536705625243485 2.2973960400559008 2.8242474026046693 1.4331680843606589 2.1843936075456449
leaf_count=335 1218 246 202 251 400 3941 202 202 204 15867 213 488 339 255 202 244 209 230 227 462 244 209 1297 242 704 459 285 304 200 400
internal_value=-0.000789187 -0.00591983 0.0625692 0.0118917 0.0190721 0.00113211 0.0332696 0.0426162 0.0599183 -0.018934 -0.0229018 0.040654 0.0555876 0.0877886 0.0280539 0.0243005 0.048746 0.01813 0.00457818 0.0262701 0.0557316 -0.0197221 -0.027526 -0.00470943 0.0228694 0.00219823 0.0227503 0.0881283 -0.00574514 0.0562043
internal_weight=215.889 189.977 25.9115 80.2418 69.0742 38.2944 14.836 21.098 16.4144 109.735 101.334 30.7798 22.3657 9.30036 13.0653 8.66179 6.05641 8.71942 9.47043 8.4014 4.54321 23.4584 92.672 14.9088 7.36929 10.1355 6.59875 4.70054 4.30136 3.50558
internal_count=30568 29479 1089 8755 7755 5971 1821 909 715 20724 19719 1784 1241 506 735 810 422 434 566 1005 490 4150 18909 2564 1343 1315 820 506 600 642
is_linear=0
shrinkage=0.05


Tree=44
num_leaves=31
num_cat=0
split_feature=12 20 1 20 19 4 21 12 7 13 20 1 3 2 20 12 19 12 9 1 7 3 15 8 1 5 6 11 12 8
split_gain=42.0612 27.2379 16.0708 9.59795 21.6846 8.368 11.2682 7.67545 8.43132 9.85805 6.6163 6.30729 9.35679 6.2845 5.86543 5.44927 7.82668 5.25901 5.2316 4.94166 4.89704 4.6934 11.0422 4.69314 3.53451 2.9119 2.45691 2.84916 4.01873 1.2454
threshold=-118.91001825803598 28.476444016397604 7.3673002632836306 1.9788344174564303 2.5000000000000004 49.829954155647961 0.80920589424631306 -110.01190103261904 0.16995965246821679 28.127662541516667 26.076713247813153 969.28967126211012 34.754590528373861 5.1684693838847577 16.356609021194803 -112.57748041963852 4.5000000000000009 -109.93124938226798 0.20642115574671396 3.0741393647482753 -0.20146864399274469 20.314263079117001 3.5371288902494131e-11 0.31767382796287041 237.33486773131253 41.878133651605054 -0.038248842752062633 -100.442836271395 -103.99669974325333 0.22370120617244091
decision_type=2 8 2 10 2 2 10 2 2 2 8 2 2 2 8 2 2 2 2 2 2 2 2 2 2 2 2 2 2 2
left_child=14 3 17 21 5 6 -5 8 9 -6 26 15 -13 -8 -1 16 25 -3 -18 -19 -16 22 -2 24 -22 -4 27 28 29 -9
right_child=1 2 11 4 7 -7 13 10 -10 -11 -12 12 -14 -15 20 -17 18 19 -20 -21 23 -23 -24 -25 -26 -27 -28 -29 -30 -31
leaf_value=0.0045508739587168763 0.069350223645695666 0.098057335594813874 -0.032866735488501816 0.14472850826675004 0.13321430846210988 0.011649753594960722 0.083401455451029047 0.019093074880962409 -0.028438848423905413 0.00014438117244888765 0.060045645035024547 -0.025504710522400567 0.077691958568246983 -0.0023982786722260524 0.024117579864357371 -0.033765843508102709 0.097708455874629285 0.052959579635122767 -0.0083453589823038552 -0.030356423976949279 0.12569043456076343 -0.029994888650677676 -0.024288437684643116 0.035157366336106631 0.05113167582922952 0.026291691057724866 -0.037954358941210242 -0.032495499635365258 0.066441123038743041 -0.029385527568814952
leaf_weight=4.1597802410833573 4.3099028272554323 2.151694890577347 9.1938079772517067 5.3590372316539314 2.3782242038287267 4.3914635293185711 3.7056932435370991 1.3259396343492 2.0990404570475221 2.3706137845292687 1.8630347922444332 4.5914822062477478 2.6867730268277228 3.8061206736601889 5.635857022367424 84.763862919993699 1.8055734089575721 2.5980387860909104 1.7381048542447386 2.6057194173336029 6.6721490249037734 10.606735872570423 6.8699109023436904 5.3359388797543943 4.7746464661322534 1.8132712892256675 9.5770752253010851 3.4473956525325846 1.6938783247023819 2.3411941025406122
leaf_count=208 318 200 1671 277 286 229 221 200 262 285 288 529 310 228 278 18027 239 273 230 273 287 830 506 252 205 329 1477 526 258 352
internal_value=-0.00031071 -0.00588176 -0.0206329 0.0194588 0.0325763 0.0746936 0.0938132 0.00404103 0.0461757 0.0783662 -0.0117111 -0.0256695 0.0173736 0.0447537 0.0604046 -0.0289657 -0.000629793 0.0466929 0.0553027 0.0130717 0.0701314 -0.00750652 0.0145401 0.0833583 0.101197 -0.0217431 -0.0217047 -0.00196866 0.0196841 -0.0115217
internal_weight=206.672 180.094 113.948 66.1453 44.3587 17.2623 12.8709 27.0964 6.84788 4.74884 20.2485 106.593 7.27826 7.51181 26.5784 99.3146 14.5508 7.35545 3.54368 5.20376 22.4186 21.7865 11.1798 16.7827 11.4468 11.0071 18.3855 8.80841 5.36101 3.66713
internal_count=30568 29237 22643 6594 4889 901 665 3988 856 571 3132 21960 839 449 1331 21121 2469 683 469 546 1104 1705 824 793 492 2000 2835 1344 817 552
is_linear=0
shrinkage=0.05


Tree=45
num_leaves=28
num_cat=0
split_feature=13 21 16 19 20 12 20 19 13 5 21 13 13 15 3 7 2 13 11 13 1 9 10 20 21 13 3
split_gain=311.216 160.913 67.9749 91.7894 36.0686 27.0641 26.0873 15.6224 11.7522 13.0882 10.0156 9.88143 9.01262 7.80643 6.60594 3.29266 2.85061 1.35426 2.49641 3.63219 1.23594 1.23466 1.21507 0.927935 2.50269 0.399331 0.0203444
threshold=20.816959234334579 0.17026934201717853 30.881699610339378 2.5000000000000004 28.912001791634253 -107.95388848387864 10.465543835848552 2.5000000000000004 25.486598583055223 -15.902570026610897 0.50468699732245115 38.407267706311139 9.8436996957874729 8.6212365735523153e-09 17.206750630484603 0.054757946322959057 5.3415985423022567 24.261735235895426 -96.157136761393986 22.712426227370731 757.68454940083018 0.41974982997896509 2.5000000000000004 16.356609021194803 1.1195498529991652 20.384762088416128 36.659121708843905
decision_type=2 8 2 2 8 2 8 2 2 2 10 2 2 2 2 2 2 2 2 2 2 2 2 8 8 2 2
left_child=2 5 3 4 13 15 7 11 -7 -10 -6 -3 -5 -1 -11 -2 -13 18 20 -20 -8 26 -14 24 -19 -24 -9
right_child=1 6 -4 12 10 8 17 21 9 14 -12 16 22 -15 -16 -17 -18 23 19 -21 -22 -23 25 -25 -26 -27 -28
leaf_value=0.081135448424475079 -0.0353244032392106 0.040269586119451972 0.080233033046842761 0.029119875193227604 0.040460857750854742 0.07445702485561205 -0.038904268372476181 -0.040122921900753485 -0.004512992684926693 0.070389289922437023 -0.035622860252024553 -0.029054014162057204 -0.0093338587521975963 0.046128195221410491 0.024927822481769599 0.0046202588708069044 0.0097349096027516419 0.00060758485081574293 -0.029831596648268011 0.025437896105877988 -0.0097928801986804752 -0.0062355325519733024 -0.040304431682663101 -0.041734800671185721 -0.039042653890928355 -0.018610414265032158 -0.024439627043693752
leaf_weight=45.949964625760913 10.211052602157 18.817114368081093 85.234618306159973 5.3044991772621861 5.4872463736683175 27.169840510934591 40.008232502266765 17.466011421754963 16.005362449213862 17.831534154713154 12.16289199888706 9.0036463979631698 4.7960146069526663 32.594595707952976 16.801775388419628 9.1756047047674638 8.2731757648289186 5.7620855066925323 6.3458271212875834 4.0472772866487503 4.8822111003100872 4.315002353861928 37.478404272347689 343.3961009029299 11.651092657819389 4.9603487756103277 6.8626110889017582
leaf_count=286 225 311 1299 217 200 308 2103 823 223 250 443 219 212 203 235 202 201 270 326 208 257 204 1655 19844 545 219 323
internal_value=-0.000863492 -0.0233745 0.0448533 0.0241779 0.0530126 0.0350423 -0.0352311 -0.00560649 0.0480912 0.0327768 -0.011068 0.0161119 -0.0286199 0.0673706 0.0496529 -0.0171195 -0.0109632 -0.0398158 -0.0309814 -0.00796496 -0.0360206 -0.0325942 -0.0355734 -0.04108 -0.0266018 -0.0382556 -0.0368385
internal_weight=811.994 578.026 233.969 148.734 96.1947 97.1952 480.83 64.7376 77.8085 50.6387 17.6501 36.0939 52.5393 78.5446 34.6333 19.3867 17.2768 416.093 55.2835 10.3931 44.8904 28.6436 47.2348 360.809 17.4132 42.4388 24.3286
internal_count=30568 27003 3565 3280 1132 1309 25694 1950 882 706 643 597 2148 489 485 427 420 23744 2894 534 2360 1353 2092 20850 815 1874 1146
is_linear=0
shrinkage=0.05


Tree=46
num_leaves=8
num_cat=0
split_feature=20 20 19 2 11 5 6
split_gain=26.8374 16.238 20.1962 14.7349 5.97353 2.14067 1.77161
threshold=20.684154273085454 3.4967253736869552 2.5000000000000004 5.3246888738967169 -95.227405232531495 -58.550516302102345 -0.091852267320364611
decision_type=8 8 2 2 2 2 2
left_child=1 -1 3 -3 -4 -2 -6
right_child=5 2 4 -5 6 -7 -8
leaf_value=-0.030140598205082289 0.040295145348736426 0.018007353467520224 -0.030352775870734285 0.22836708992304677 0.11406977293875778 -0.03899221812091868 -0.0078934308441341843
leaf_weight=2.6042070476105472 0.11834397347411396 1.3599282546201732 2.6562070715590411 2.2939188206801191 0.23051618906902249 14.46398030745331 0.23309980239718975
leaf_count=1500 204 200 2289 337 205 24961 207
internal_value=-0.000934173 0.0680044 0.104761 0.170766 0.0047709 -0.0358041 0.0892525
internal_weight=23.9602 9.37788 6.77367 3.65385 3.11982 14.5823 0.463616
internal_count=30568 5403 3225 537 2688 25165 412
is_linear=0
shrinkage=0.05


Tree=47
num_leaves=15
num_cat=0
split_feature=20 20 0 5 8 7 21 1 20 9 7 9 20 2
split_gain=112.567 15.8865 10.3205 7.46327 7.01615 6.81162 6.66004 5.21685 4.28887 4.77213 3.23163 2.15476 1.25002 0.38427
threshold=2.6549014716484653 1.1122275723568953 179.31470959597854 24.476433284425301 0.18158776292928372 0.15781890850783678 0.040355889517861107 67.204435015407668 0.5678624348821576 0.22522183878676352 0.3633076943647176 0.087278655090523585 3.1058799554398253 5.4350516360389269
decision_type=8 10 2 2 2 2 8 2 8 2 2 2 8 2
left_child=1 3 7 4 -1 13 -4 -2 9 -6 11 -9 -8 -3
right_child=2 5 6 -5 8 -7 12 10 -10 -11 -12 -13 -14 -15
leaf_value=0.0019777015189296017 0.085534512321603431 0.075286875311838156 0.019152985049438676 -0.016824106891342939 0.068434191506791683 0.039219894922224649 0.012384804873282581 0.028536365020619611 0.098238335634823246 -0.009918970128802081 0.053218586962803495 -0.034002761632532283 -0.04129018689266107 0.12155113425202846
leaf_weight=6.6205297650303772 1.2909957543015478 9.8070964352227818 4.3546216483227909 6.3345172752160579 2.9820746371988216 7.9010015446692705 0.68642066814936697 1.014790006447585 4.9393702449742696 3.3666945740114897 1.0174140289891509 4.3156248740851879 82.907395717222244 8.5562069222796691
leaf_count=370 259 233 1339 345 220 201 221 206 277 249 202 874 26746 203
internal_value=-0.000510752 0.0588 -0.0327273 0.0279024 0.0437758 0.0852505 -0.0375623 0.0208445 0.0661346 0.0311885 -0.00216217 -0.0194697 -0.0407082 0.102007
internal_weight=146.095 50.5075 95.5873 24.2432 17.9087 26.2643 87.9484 7.63882 11.2881 6.34877 6.34783 5.33041 83.5938 18.3633
internal_count=30568 1987 28581 1320 1002 667 27046 1535 633 469 1263 1080 26967 436
is_linear=0
shrinkage=0.05


Tree=48
num_leaves=31
num_cat=0
split_feature=20 13 19 11 1 16 21 21 1 20 19 13 13 3 1 15 3 21 5 13 13 13 15 21 12 19 14 1 1 11
split_gain=256.878 259.06 71.8733 52.1731 25.6407 22.4946 17.9503 27.6855 14.1928 13.4015 14.8828 12.9749 9.99707 9.14906 8.63664 8.1533 7.95659 7.86582 8.47276 8.89381 5.74523 5.64568 5.57601 5.08044 3.88107 7.99103 3.85091 3.22811 2.80471 2.56734
threshold=13.721344332421252 12.715530048326835 2.5000000000000004 -125.14559643286049 927.70716135805162 13.748825771925306 0.87083519668870768 0.37795565751663057 13.918898324500903 39.820579571058055 2.5000000000000004 23.867688320385913 24.205607354920151 55.209815354330054 836.57179215070153 1.8928972848086012e-08 34.554749309134259 1.7905614443306803 -4.0295599991858984 32.616563988578264 25.693586741981935 23.47095345881095 1.6400361965202057e-09 0.012056408467791503 -113.46468915061006 4.5000000000000009 1.5923399906060072 3.0741393647482753 422.71614273209656 -109.44780919802199
decision_type=8 2 2 2 2 2 8 8 2 8 2 2 2 2 2 2 2 10 2 2 2 2 2 8 2 2 2 2 2 2
left_child=2 26 6 -3 8 16 7 14 21 10 12 -8 -10 15 23 29 -4 18 19 -6 -18 -5 -16 -1 25 -11 -2 -23 -25 -12
right_child=1 3 5 4 17 -7 11 -9 9 24 13 -13 -14 -15 22 -17 20 -19 -20 -21 -22 27 -24 28 -26 -27 -28 -29 -30 -31
leaf_value=-0.015681194518175689 -0.046091838369246511 -0.039007387451426012 0.024394116839718132 -0.023437251195640385 -0.042636770688212644 -0.065574381372951476 -0.040410362746703482 -0.086295654979059666 -0.050768156317662516 0.031729953345339693 0.019015161322738141 0.0048639140363482131 0.010387920864574667 -0.028269973034310211 -0.038637880298194906 -0.022534293030979785 -0.036152916186218097 -0.039015042711691046 0.025927955199331689 0.016124494251093691 0.0088192064740917724 -0.0076524855659967752 -0.066369103575798366 -0.028459416604366208 0.037708135578356214 -0.013295460746734317 -0.070071359730174296 0.022924900778187016 -0.049661438133052661 0.037274624386433607
leaf_weight=34.773289227858186 36.949465157464147 29.679536364972591 56.976344225928187 12.252281207591293 12.697385216131808 8.9873419515788537 33.878254592418671 43.943470355123281 10.439334372058513 56.564326636493206 29.984605876728892 28.614100154489279 15.421762462705374 6.5716263521462679 40.073013965040445 6.4838122725486755 10.074266923591496 11.616076814010738 23.783073954284191 11.387447072193027 19.004616014659405 11.609877075999973 45.819081328809261 37.404502164572477 451.90070828981698 11.304846957325935 58.901635333895683 28.564811166375875 36.681199859827757 79.72671066224575
leaf_count=203 202 951 1379 305 227 200 306 258 205 1769 981 258 304 208 218 209 210 223 446 203 395 317 249 205 16409 353 322 780 201 2610
internal_value=0.000736019 0.0159232 -0.0322936 0.0251377 0.0276243 0.00557488 -0.0442222 -0.0504725 0.0302248 0.0321876 0.018749 -0.01993 -0.0152699 0.0259807 -0.0419898 0.029264 0.0136734 -0.00386736 0.00528575 -0.0153189 -0.00744516 0.00506629 -0.0540246 -0.0320888 0.035987 0.024146 -0.0613989 0.0141173 -0.0394785 0.0325011
internal_weight=1302.07 905.839 396.229 809.988 780.309 95.0426 301.187 238.695 720.825 668.398 148.628 62.4924 25.8611 122.767 194.751 116.195 86.0552 59.484 47.8679 24.0848 29.0789 52.427 85.8921 108.859 519.77 67.8692 95.8511 40.1747 74.0857 109.711
internal_count=30568 26484 4084 25960 25721 2119 1965 1401 24578 23273 4400 564 509 3891 1103 3738 2083 1143 897 430 605 1305 467 636 18873 2122 524 1097 406 3591
is_linear=0
shrinkage=0.05


Tree=49
num_leaves=31
num_cat=0
split_feature=12 20 1 1 4 15 3 20 0 4 20 1 11 16 15 2 3 8 1 8 8 11 21 13 7 12 2 8 13 20
split_gain=36.4967 16.7435 13.3739 10.2615 9.40894 9.3089 11.0431 8.52466 7.20152 7.0068 7.29222 6.52373 6.24676 9.58352 8.6993 9.23115 5.30767 5.21999 5.20644 5.09261 5.66747 4.80255 4.423 4.40288 12.9914 4.29793 4.17667 4.05623 3.87132 3.7117
threshold=-119.74682283524866 0.47749307122403956 908.39238988084162 1112.2814108390551 80.123503430390556 9.3956010728181292e-09 19.032122427210602 49.169633043483806 482.6049780169771 61.436450451058107 57.741437697633856 157.85842124036802 -102.20995100166699 1.0000000180025095e-35 4.1167171622229821e-09 5.4009014686775751 30.052763021552405 0.1853552649247652 4.0342158382659354 0.16764115091931589 0.33097479241854272 -114.71401971516198 1.1067758406210153 21.952228814834879 -0.16127023021378981 -116.97685468958069 5.2351639256791715 0.16947922382032668 23.521415174609725 8.3400033428946667
decision_type=2 10 2 2 2 2 2 10 2 2 8 2 2 2 2 2 2 2 2 2 2 2 8 2 2 2 2 2 2 10
left_child=4 18 5 16 9 8 27 11 12 10 -1 -8 13 28 15 19 26 -12 -2 -15 -21 -9 -18 24 -14 -10 -4 -7 -3 -25
right_child=1 2 3 -5 -6 6 7 21 25 -11 17 -13 23 14 -16 -17 22 -19 -20 20 -22 -23 -24 29 -26 -27 -28 -29 -30 -31
leaf_value=0.083214916680026244 0.043782139977222467 0.037157418974429438 0.12345112299474092 -0.011728261465111477 0.10999280247107945 0.025367093950173104 0.140644207175875 0.063904713932931442 0.04284989361316624 -0.011739824976603287 0.052603971339187809 0.037232859175650446 0.11323945852574487 0.021442327482446108 -0.011414648245028969 -0.024503635804221335 -0.0074700404379013964 -0.017649498125521156 -0.038124627665685411 0.17904493155718904 0.045156258152224675 -0.023597745667547788 0.062319024564438399 0.01143156336117164 -0.03198066735404205 -0.03039614764826111 0.037420430282602613 -0.036355313582116661 -0.015972672163415347 -0.030109037868283541
leaf_weight=8.4218261651694863 1.2377398721873749 3.3100056154653528 3.4731460651382839 6.9537789016030729 5.474600984249264 3.3268157993443355 2.5127007691189647 1.2852392811328206 1.26097429729998 5.1474165981635451 4.1532881101593384 4.5596700138412416 1.5236874269321568 2.0280034700408587 3.6293079066090286 1.4054322685115037 4.4999606623314339 4.6706105382181704 36.584503441583365 1.9047517403960235 2.3489813660271466 4.0188427455723259 3.2261728495359412 6.2863439992070225 3.15044942498207 37.367262837477028 3.9112093518488109 6.2729193978011608 16.01201723748818 23.829421276692301
leaf_count=343 235 542 201 504 214 373 226 223 233 209 201 409 200 336 575 237 280 225 6954 309 381 698 201 1118 413 6901 226 702 2622 4239
internal_value=-0.000753424 -0.00515537 0.00249022 0.0375037 0.0552529 -0.0038865 0.0249823 0.0544724 -0.0101632 0.0377404 0.052343 0.0868448 2.44581e-05 0.0162104 0.0507006 0.0779649 0.0594818 0.0174065 -0.0343855 0.101107 0.127777 0.00437878 0.0254736 -0.0142847 0.0269727 -0.0269842 0.0877819 -0.01459 -0.00549053 -0.0213492
internal_weight=213.787 185.919 148.097 22.0643 27.8677 126.033 21.9762 12.3765 104.057 22.3931 17.2457 7.07237 65.4284 30.6385 11.3165 7.68717 15.1105 8.8239 37.8222 6.28174 4.25373 5.30408 7.72613 34.7899 4.67414 38.6282 7.38436 9.59974 19.322 30.1158
internal_count=30568 29479 22290 1599 1089 20691 2631 1556 18060 910 703 635 10926 4956 1792 1296 908 426 7189 1041 690 921 481 5970 613 7134 427 1075 3164 5357
is_linear=0
shrinkage=0.05


Tree=50
num_leaves=31
num_cat=0
split_feature=12 1 20 21 12 0 5 1 7 2 7 4 15 1 20 5 21 1 21 20 19 21 15 1 1 8 15 6 3 2
split_gain=37.2334 23.5064 21.2213 10.9034 10.492 9.16001 10.6099 9.08657 8.47486 10.1985 7.83035 6.32448 10.8019 6.18715 5.874 5.59408 4.72087 4.64836 4.60501 10.907 9.59262 4.82149 4.31886 4.19184 5.80227 4.00605 3.29204 2.91038 2.78405 4.18765
threshold=-109.93124938226798 7.3673002632836306 28.476444016397604 0.20662457464586353 -119.74682283524866 392.25716912822804 17.523537673622656 3.0741393647482753 -0.0039946848287275563 5.4636432949532132 -0.16549783616556499 74.920655834388967 4.2733515943418795e-09 893.57775185249568 1.9788344174564303 -46.835549813401649 1.8015882695962901 893.57775185249568 1.5953737819904001 2.2761312847482005 2.5000000000000004 1.3574132251224702 1.0227311580122803e-09 993.70085261680754 1087.2125699347903 0.13917932555517878 5.132981705021363e-09 -0.038248842752062633 37.836053019728958 5.518334142180227
decision_type=2 2 8 10 2 2 2 2 2 2 2 2 2 2 8 2 10 2 8 10 2 8 2 2 2 2 2 2 2 2
left_child=1 -1 13 15 11 -6 17 -4 9 -8 -11 12 -5 18 22 -3 26 28 19 -2 -21 -22 -15 -9 -25 27 -10 -20 -7 -30
right_child=2 3 7 4 5 6 8 23 16 10 -12 -13 -14 14 -16 -17 -18 -19 25 20 21 -23 -24 24 -26 -27 -28 -29 29 -31
leaf_value=0.14247062545383099 -0.02763689401907542 0.048036522973946019 0.049443634227129982 0.070585202378023557 -0.026577723576789114 -0.026730712740901927 0.1758028457603415 -0.034545471528686457 0.083019609767726321 -0.016174220266447294 0.10545494172097974 0.10542054619028961 -0.018125387040829926 0.040234023563039588 0.066139041869444096 -0.025242464086652316 -0.029621836299290241 0.052461900692926389 0.05767601247696235 0.085798028626569101 -0.016668220944621712 0.059340632410290264 -0.025334870159457814 0.068051980892506775 -0.030145040300454885 -0.037948424119703138 -0.0054790526562802236 -0.015167485290807779 -0.026899330287030628 0.060884133343419106
leaf_weight=3.5560176745057097 8.7952627779450285 2.2339679026044932 2.7353391381911925 8.6312528904527444 8.1780220922082645 8.3312718532979524 1.9473199788481013 73.346843336010352 1.735546573530883 2.5666136387735623 1.3191945552825921 5.6883052871562541 4.7999965716153383 3.7517601405270424 7.6454986128956071 13.108273867052045 2.411569356918335 2.6108088833279908 1.4286826723255228 5.564373534172776 6.595295581035316 1.8831022223457683 4.361462663859129 1.6516127642244107 2.5687299342826009 9.5462254546582681 1.5171675793826578 2.4331946978345522 1.7877228129655136 1.8378079407848416
leaf_count=375 922 227 604 377 1212 1433 287 16555 251 392 202 235 209 201 355 1331 379 403 215 638 1006 287 233 236 367 1482 220 365 286 294
internal_value=-0.000271729 0.0319303 -0.0124439 0.0242472 0.0347836 0.0173408 0.0315933 -0.0284221 0.0653964 0.103178 0.0382502 0.0636088 0.0398231 0.0122995 0.0374226 -0.0122859 0.0168443 0.00242734 0.000665193 0.0141364 0.0403978 0.00469331 0.00607364 -0.0317624 0.0139585 -0.021669 0.0501591 0.0181008 -0.0117037 0.0211413
internal_weight=204.568 72.2609 132.307 68.7048 53.3626 34.243 26.065 80.3025 11.4974 5.83313 3.88581 19.1196 13.4312 52.0049 15.7587 15.3422 5.66428 14.5676 36.2461 22.838 14.0428 8.4784 8.11322 77.5672 4.22034 13.4081 3.25271 3.86188 11.9568 3.62553
internal_count=30568 7623 22945 7420 5862 5073 3999 17737 1750 860 594 789 586 5208 731 1558 890 2249 4477 2395 1610 1293 434 17508 603 2082 471 580 2056 580
is_linear=0
shrinkage=0.05


Tree=51
num_leaves=30
num_cat=0
split_feature=13 20 16 19 12 12 11 1 21 13 6 13 13 6 4 21 20 21 20 10 13 1 19 9 20 9 12 13 1
split_gain=269.853 144.951 62.138 77.3246 30.0286 28.6217 26.7807 21.3976 13.4435 14.3151 12.4069 12.921 7.96785 7.0679 6.05889 5.18636 3.11195 6.18031 1.90758 1.22926 1.13047 2.62666 0.804757 0.755477 0.692472 1.13368 0.554345 0.421452 0.0161845
threshold=20.816959234334579 6.2446309113009404 30.881699610339378 2.5000000000000004 -111.932706011078 -91.274458904112421 -106.94538897414448 320.88783109362055 0.20662457464586353 30.694286339958996 -0.060454756581021611 33.732848363396123 9.8436996957874729 0.087777231814556891 46.207303278157958 0.026383096162793704 16.859166200439002 0.72737603415596752 1.9788344174564303 2.5000000000000004 24.261735235895426 12.422890885828702 2.5000000000000004 0.26906957317087526 35.308127856327552 0.25698933207409885 -88.978040801525395 20.384762088416128 2.0337582716943507
decision_type=2 8 2 2 2 2 2 2 8 2 2 2 2 2 2 8 8 8 10 2 2 2 2 2 8 2 2 2 2
left_child=2 6 3 4 -1 13 14 15 9 -3 -9 -12 -5 -6 18 -8 17 -10 -2 -14 21 -18 -19 -17 25 -23 -26 -21 -22
right_child=1 8 -4 12 5 -7 7 10 16 -11 11 -13 19 -15 -16 23 20 22 -20 27 28 24 -24 -25 26 -27 -28 -29 -30
leaf_value=-0.010250066187715949 -0.041002430256710118 0.053322204969915223 0.075072915040811899 0.024830051107072339 0.091644052674721879 0.010172313323590292 0.019973352083848001 0.024664380716629283 0.015222535185434011 -0.033875063976161031 0.093340766141690901 0.035906204169509078 -0.0088007254608625015 0.051931973056260683 0.013216089055884901 -0.038267484380141631 0.0061967100967252903 -0.017051796974784143 -0.010316247558522996 -0.040178311331588182 -0.021781361891306545 -0.0017107129947156322 -0.038608230808787267 -0.011905575805952999 -0.040961909889492137 -0.03487075186907547 -0.01643419483012775 -0.018018438578984514 -0.041799189561726686
leaf_weight=18.579854379408062 13.568820934742691 7.6503601241856858 84.426787823438644 5.544490340165793 36.584816554561257 22.037063369527459 9.2642010198906082 34.017042966559529 7.389586690813303 9.3475047815591079 21.191901275888085 21.161823373287916 4.7043546428903928 23.728724687360227 11.930812902748583 6.4776782169938096 3.9528680546209207 8.2104183454066533 9.0870365779846907 35.794215895235538 3.479069863446056 4.9563020486384621 23.692963071167469 6.3225940112024546 30.854063362814482 4.6274055372923613 4.4950993042439249 4.8185342475771904 314.13008068595082
leaf_count=208 313 226 1274 234 314 225 207 403 318 277 254 254 217 203 276 205 219 381 209 1652 218 253 1100 200 1826 237 266 222 19684
internal_value=-0.000823281 -0.0227737 0.0409101 0.0215418 0.0467209 0.0595434 0.0226231 0.0358274 -0.0370766 0.00615261 0.0482201 0.066134 -0.0283615 0.0771222 -0.0149079 -0.00729785 -0.0388981 -0.0243887 -0.0296509 -0.035265 -0.0403831 -0.0314888 -0.0337475 -0.0270525 -0.0348668 -0.0195037 -0.0383808 -0.0380453 -0.041649
internal_weight=792.026 555.808 236.219 151.792 100.93 82.3506 133.022 98.4352 422.786 16.9979 76.3708 42.3537 50.8616 60.3135 34.5867 22.0645 405.788 39.293 22.6559 45.3171 366.495 48.8857 31.9034 12.8003 44.9329 9.58371 35.3492 40.6128 317.609
internal_count=30568 27003 3565 3280 1132 842 2200 1399 24803 503 905 508 2148 517 801 494 24300 1689 522 2092 22611 2709 1481 405 2582 490 2092 1874 19902
is_linear=0
shrinkage=0.05


Tree=52
num_leaves=7
num_cat=0
split_feature=20 20 21 3 3 5
split_gain=23.6477 14.0091 22.2788 3.49495 2.82039 2.12102
threshold=20.684154273085454 5.5459508458753612 0.67312341711971502 49.226449185745906 50.336040617135062 -58.550516302102345
decision_type=8 8 10 2 2 2
left_child=1 4 -3 -4 -1 -2
right_child=5 2 3 -5 -6 -7
leaf_value=-0.031975820327149525 0.040046571497580792 0.17387392235075003 -0.02988032728762657 0.06568286226920636 0.046677827290640496 -0.038823222469260961
leaf_weight=3.2359086661308587 0.12174093117937701 3.3514414439559914 2.5089294291101409 0.31913292844546959 0.5992325164261274 13.557069217233218
leaf_count=2160 224 1542 2272 289 400 24941
internal_value=-0.000880198 0.0615182 0.102848 -0.00475529 -0.0125742 -0.0354409
internal_weight=23.6935 10.0146 6.1795 2.82806 3.83514 13.6788
internal_count=30568 5403 2843 2561 2560 25165
is_linear=0
shrinkage=0.05


Tree=53
num_leaves=14
num_cat=0
split_feature=20 2 8 4 8 20 2 6 7 21 7 1 20
split_gain=97.3527 11.8843 10.8754 12.4983 13.8033 7.47895 7.46162 4.87505 4.81186 2.89234 3.15874 2.14026 1.34853
threshold=4.3762599157402358 4.4959952347279826 0.44165800079303136 -1.7024872750926698 0.17736202774738799 0.5678624348821576 5.4488785586441351 0.26785527612850851 0.035678646320994829 1.7479236177818402 0.058180763738366011 711.58209522836216 1.1122275723568953
decision_type=8 2 2 2 2 10 2 2 2 10 2 2 10
left_child=2 7 3 -1 6 11 12 9 -7 10 -2 -6 -5
right_child=1 -3 -4 4 5 8 -8 -9 -10 -11 -12 -13 -14
leaf_value=0.11285892921770382 -0.02201186884621692 -0.041240369863038723 -0.011993573560307043 -0.03601622847581773 -0.011126033310916737 0.095816525462906935 0.040490352450496668 0.074748699205042513 0.040233422804005346 -0.031751078448502411 0.067424281930919316 0.039438067154257142 -0.00010268650958905278
leaf_weight=7.2302943693939588 1.1074203234165929 76.658589990111068 6.597333783749491 5.1749302351381674 3.5189981143921649 13.85282298875973 8.3083868483081442 1.9312406983226535 8.3986864329781366 3.1422797141131014 1.2125620380975304 3.1714641978032887 4.5424064737744629
leaf_count=281 209 25719 257 236 239 416 335 397 253 667 229 216 208
internal_value=-0.000457875 -0.035417 0.0470456 0.0543193 0.0431427 0.0639745 0.00809078 0.0226814 0.0774697 -0.00444577 0.0309617 0.0148542 -0.0208043
internal_weight=144.847 84.0521 60.7953 54.198 46.9677 28.942 18.0257 7.3935 22.2515 5.46226 2.31998 6.69046 9.71734
internal_count=30568 28199 2369 2105 1851 1124 727 1520 669 1159 438 455 444
is_linear=0
shrinkage=0.05


Tree=54
num_leaves=31
num_cat=0
split_feature=20 13 19 11 1 16 21 21 1 20 19 13 3 13 15 3 11 21 4 20 15 6 21 13 9 18 5 12 19 11
split_gain=220.622 226.061 58.3543 46.7121 24.1017 19.6051 15.0754 21.9523 13.8475 13.4459 13.7345 10.7943 8.58762 8.24814 7.76725 7.4379 7.43469 6.94058 7.8978 8.11735 6.862 5.86831 5.54466 5.16307 5.06091 4.53887 4.45718 3.93485 7.75537 2.59617
threshold=13.721344332421252 12.715530048326835 2.5000000000000004 -125.14559643286049 927.70716135805162 13.748825771925306 0.87083519668870768 0.37795565751663057 13.918898324500903 39.820579571058055 2.5000000000000004 23.867688320385913 55.209815354330054 24.205607354920151 1.8928972848086012e-08 34.554749309134259 -109.03623124290998 1.7905614443306803 26.097667974545804 57.064438286372109 1.7746133486995525e-09 0.11204496226486095 3.8840929418194055 25.693586741981935 0.13939425300801891 2.0330770502456041e-08 9.1616515113323 -113.46468915061006 4.5000000000000009 -109.44780919802199
decision_type=8 2 2 2 2 2 8 8 2 8 2 2 2 2 2 2 2 10 2 8 2 2 8 2 2 2 2 2 2 2
left_child=2 25 6 -3 8 15 7 16 22 10 13 -8 14 -10 29 -4 -1 18 19 -6 21 -18 24 -17 -5 -2 -24 28 -11 -12
right_child=1 3 5 4 17 -7 11 -9 9 27 12 -13 -14 -15 -16 23 20 -19 -20 -21 -22 -23 26 -25 -26 -27 -28 -29 -30 -31
leaf_value=-0.022654924668864651 -0.041026030717669235 -0.035025637283992335 0.023711232105011512 -0.011717267241952524 -0.043501967652988284 -0.06137614458343163 -0.035794203950652206 -0.07603019197783642 -0.04530537031099971 0.031161258790516452 0.018173888602812507 0.0050764917547103062 -0.026811749626736284 0.0096283319429933817 -0.021600741445619142 -0.033870313715803332 -0.020640650561011359 -0.035841554913683737 0.025498951040660408 0.012301196627216973 -0.056405673454543774 -0.049606011452833193 0.0060397523182001631 0.0084739820626927604 0.030400849775998412 -0.066284810611470221 -0.039441844382110257 0.037289784210623268 -0.013387784218471383 0.036853199162957588
leaf_weight=61.598444279283285 36.067277846857905 31.024809427559376 55.090426061302423 9.7566545456647891 11.392816841602329 8.880762364715336 35.252577167004347 46.954160310328007 11.095783192664387 53.998725300654769 28.976749265566468 28.744017858058214 6.720942959189415 15.063947344198823 6.5876731034368277 10.379899231716992 44.198212677612901 12.101441120728849 23.244939917698503 13.03311259113252 64.16316157579422 31.116255600005388 10.969946676865224 18.802439430728555 21.69174006767571 58.640010491013527 9.1701875347644073 421.83801230415702 11.282974824309349 74.827857598662376
leaf_count=338 200 1042 1362 241 201 202 311 265 216 1755 1002 253 223 293 223 215 291 231 437 229 342 205 288 390 535 324 241 16344 367 2589
internal_value=0.000693354 0.0153295 -0.0293134 0.0242801 0.0268045 0.00537308 -0.0396529 -0.0452386 0.0294693 0.0315049 0.0178484 -0.0176415 0.0251317 -0.0144823 0.0285064 0.0130445 -0.0377077 -0.00358458 0.00517214 -0.0144139 -0.0441469 -0.0331009 0.00446816 -0.00721068 0.0173756 -0.0571947 -0.015555 0.0354768 0.0233758 0.0318621
internal_weight=1272.67 867.486 405.18 772.778 741.754 93.1535 312.027 248.03 681.981 630.393 143.273 63.9966 117.113 26.1597 110.392 84.2728 201.076 59.7723 47.6709 24.4259 139.478 75.3145 51.5885 29.1823 31.4484 94.7073 20.1401 487.12 65.2817 103.805
internal_count=30568 26484 4084 25960 25721 2119 1965 1401 24578 23273 4400 564 3891 509 3738 2083 1103 1143 897 430 744 496 1305 605 776 524 529 18873 2122 3591
is_linear=0
shrinkage=0.05


Tree=55
num_leaves=31
num_cat=0
split_feature=12 20 20 7 12 1 1 1 21 4 4 20 15 8 1 2 3 1 20 2 0 8 6 1 3 13 20 11 2 1
split_gain=30.21 16.2057 12.6335 9.19915 8.48995 9.3839 9.39261 8.4156 8.17646 7.26436 6.02546 5.7593 5.50633 5.0905 4.84056 4.68941 6.38159 4.27428 4.92917 4.21696 5.70894 7.8465 5.68548 5.53555 5.4935 5.47667 4.62462 3.29283 3.25677 4.25237
threshold=-119.74682283524866 0.72921310767638003 14.741058231893252 -0.13132915048906788 -106.77765167230437 59.994443264569256 41.658698094028502 945.34694372449962 1.4630984038016204 80.123503430390556 61.436450451058107 57.741437697633856 2.161680766394303e-09 0.18158776292928372 4.0342158382659354 5.3282520170644228 12.784571299494202 23.292942629787252 61.350941403250253 5.6473150324073069 368.90575067649104 0.37417873939503649 0.20800599064800854 720.14976407245911 33.942601792127455 20.76189587436124 291.66245668189259 -102.77523044975599 5.1996562066337475 9.8371040879799256
decision_type=2 10 8 2 2 2 2 2 8 2 2 8 2 2 2 2 2 2 8 2 2 2 2 2 2 2 10 2 2 2
left_child=9 14 3 12 5 6 17 28 -9 10 11 -1 27 -13 -2 16 -5 18 -4 20 -7 22 23 25 -24 -22 -21 -3 29 -6
right_child=1 2 4 15 7 19 -8 8 -10 -11 -12 13 -14 -15 -16 -17 -18 -19 -20 26 21 -23 24 -25 -26 -27 -28 -29 -30 -31
leaf_value=0.072749656893845757 0.040965740822919199 0.051683778184163955 -0.013090862533331048 -0.02388012612241432 0.048340764280667692 -0.029436480934388068 0.12141309535056399 -0.015723586656608939 0.080172810017223761 0.094688622515403317 -0.011933024415526579 0.050212909586611024 0.083657005851391353 -0.01824942865363181 -0.036777737160238126 -0.017168933105866601 0.046098967767821908 -0.029718759443440681 0.076553991541372046 -0.03810050481345633 0.050617265574038617 -0.027155520055574429 0.1289563683833321 0.075692719562439434 0.00035837463853021932 -0.023444298603075314 0.042379111780055913 -0.0069920474746444639 -0.038374675377006229 -0.018635217390590268
leaf_weight=9.2530638356693178 1.3134132032282639 3.7073411876335749 2.1763396181631851 3.9593402910977664 1.6777462144382322 6.3284806204028454 2.3169072815217078 4.3793517337180692 3.0198043729178599 6.1797118331305683 5.1810922077856958 4.2796500297263274 7.648818489164114 4.7992827771231532 36.429481632076204 10.630028441548346 9.6321184537373465 2.4329036590643227 2.7268050001002839 10.003484092187135 2.6918250205926624 5.2202044678851962 1.8785458523780121 2.3281937753781676 1.1750573730096219 6.7078005019575357 1.2729280120693147 4.4371704515069705 25.536603582790121 22.31064894166775
leaf_count=355 257 327 257 259 335 1057 315 405 279 227 201 201 553 225 7117 857 631 322 321 1827 497 901 329 399 206 1240 233 392 5442 4452
internal_value=-0.000709449 -0.00437092 0.00332083 0.0268399 -0.00588167 0.00967554 0.0511046 -0.0187416 0.0283 0.0492382 0.0339174 0.0468229 0.0553083 0.0158026 -0.0330848 0.00682057 0.0254738 0.0169984 0.0412866 -0.00200688 0.00898038 0.0219583 0.0399249 0.0202773 0.0917668 0.000592917 -0.0263036 0.022448 -0.0261908 -0.0122039
internal_weight=211.634 181.941 144.198 40.0148 104.184 47.2595 9.65296 56.9242 7.39916 29.6928 23.5131 18.332 15.7933 9.07893 37.7429 24.2215 13.5915 7.33605 4.90314 37.6065 26.3301 20.0016 14.7814 11.7278 3.0536 9.39963 11.2764 8.14451 49.525 23.9884
internal_count=30568 29479 22105 3094 19011 7772 1314 11239 684 1089 910 703 1142 426 7374 1952 890 972 578 6458 4398 3452 2545 2010 535 1737 2060 719 10555 4787
is_linear=0
shrinkage=0.05


Tree=56
num_leaves=31
num_cat=0
split_feature=12 20 1 21 1 17 11 20 15 5 20 19 3 20 19 9 20 15 3 2 1 1 12 7 9 9 6 1 1 7
split_gain=33.1436 19.3191 19.113 10.4351 8.41034 8.25936 7.07123 7.47575 11.586 5.81283 5.57634 17.288 9.55175 6.30179 5.4345 6.84342 9.62969 5.20417 7.44377 4.86497 4.02223 5.29461 3.38995 5.61973 3.45931 8.35311 2.55755 2.94523 5.04093 2.77944
threshold=-109.93124938226798 28.476444016397604 13.918898324500903 0.20662457464586353 3.0741393647482753 4.7670552534749762 -120.15451297839599 13.721344332421252 3.7024271476843012e-09 -46.835549813401649 1.9788344174564303 2.5000000000000004 15.424358299368601 26.076713247813153 4.5000000000000009 0.20642115574671396 60.651283096319958 3.5371288902494131e-11 20.314263079117001 5.1587603923974257 993.70085261680754 1087.2125699347903 -111.10950231883292 -0.1465346863634682 0.34513492854311251 0.40242006794580304 -0.038248842752062633 294.01257236362454 89.220274400894326 0.054757946322959057
decision_type=2 8 2 10 2 2 2 10 2 2 10 2 2 10 2 2 8 2 2 2 2 2 2 2 2 2 2 2 2 2
left_child=2 10 -1 9 -3 6 19 8 -8 -4 17 12 -12 26 22 16 -16 18 -2 -5 -6 -22 24 -24 -9 -26 27 28 -13 -30
right_child=1 4 3 5 20 -7 7 14 -10 -11 11 13 -14 -15 15 -17 -18 -19 -20 -21 21 -23 23 -25 25 -27 -28 -29 29 -31
leaf_value=0.11037498124100445 0.054726266490626167 0.045554820552925548 0.046304875295411295 0.020425903815348246 -0.034043600359494421 -0.033350315776924842 0.00079635821436596177 -0.029966053078602031 0.1275357320103265 -0.028238424927218588 0.0098439261392294086 -0.02863597523317233 0.088736130159815518 0.059904746120597679 -0.0062667234038819219 -0.0077579200345939299 0.14651694169362481 -0.033818067930022358 -0.032649564607990532 0.079448297393713563 0.063054915872429743 -0.029914937880064912 0.092168072276550356 -0.014432124315621228 0.082978209368887321 -0.031364062349922769 -0.03757829156229997 -0.031962039020954784 0.086827499726995785 -0.0016085231317623243
leaf_weight=5.8187828699592492 4.592048284132038 2.899966553086414 2.2956588310189554 5.9707483104430148 68.638112698681653 3.7195221853908151 3.4724531781394106 10.816444800468167 2.7798806028440595 12.550130146788431 6.449287618976089 2.1548391096294015 9.5899512623436749 1.8668530597351491 1.574995842995125 3.1564499041996896 1.6099897085223338 9.8012289819307608 3.4402937865816057 12.001404850278048 1.7769678202457733 2.5013529313728213 1.1770727655384701 2.3421047679148614 1.7370111406780786 2.9603673105593771 8.6941557480022293 3.2119522159919143 1.6553416955284788 1.2814758615568278
leaf_count=600 405 678 236 220 16481 401 315 1793 253 1290 295 342 438 308 215 493 220 751 304 441 250 353 231 461 295 502 1438 515 265 205
internal_value=-0.000226279 -0.0116131 0.0301589 0.0218145 -0.0276336 0.0320115 0.0374753 0.0220949 0.0669621 -0.0145167 0.011504 0.022906 0.0594534 -0.00959642 0.00891982 0.0454987 0.0875202 -0.0108433 0.0178313 0.0619499 -0.0311213 0.0133298 -0.00493038 0.033728 -0.0152111 0.0180608 -0.020134 0.000206629 0.0224151 0.0576321
internal_weight=202.537 128.554 73.983 68.1642 75.8164 53.3184 49.5989 31.6268 6.25233 14.8458 52.7374 34.9039 16.0392 18.8646 25.3744 6.34144 3.18499 17.8336 8.03234 17.9722 72.9164 4.27832 19.033 3.51918 15.5138 4.69738 16.9978 8.30361 5.09166 2.93682
internal_count=30568 22945 7623 7270 17737 5744 5482 4821 568 1526 5208 3842 733 3109 4253 990 435 1366 709 661 17508 603 3263 692 2571 797 2812 1332 809 470
is_linear=0
shrinkage=0.05


Tree=57
num_leaves=28
num_cat=0
split_feature=13 21 16 19 12 20 12 12 19 13 3 1 13 6 2 7 9 13 11 15 10 4 13 1 20 1 9
split_gain=235.802 131.188 56.9974 65.7126 25.4326 24.1357 23.7857 20.1566 13.918 10.2993 8.33412 7.16801 7.15713 5.56307 3.393 3.32842 2.36116 1.37828 2.93692 3.80726 1.25121 0.5648 0.452025 0.372165 0.186992 0.0226597 0.0188178
threshold=20.816959234334579 0.17026934201717853 30.881699610339378 2.5000000000000004 -111.932706011078 13.215718082818503 -91.274458904112421 -107.95388848387864 2.5000000000000004 38.407267706311139 25.67686680869615 566.55219769531766 9.8436996957874729 0.087777231814556891 5.3873210751097478 0.070578490889186454 0.43356405877753007 24.261735235895426 -96.157136761393986 4.4882339148830161e-09 2.5000000000000004 57.574330435046811 20.384762088416128 757.68454940083018 16.356609021194803 2.0337582716943507 0.006093683551156027
decision_type=2 8 2 2 2 8 2 2 2 2 2 2 2 2 2 2 2 2 2 2 2 2 2 2 8 2 2
left_child=2 7 3 4 -1 8 13 15 9 -3 11 -9 -5 -6 -11 -2 21 18 23 -20 -14 -10 -22 -7 -19 -26 -27
right_child=1 5 -4 12 6 17 -8 10 16 14 -12 -13 20 -15 -16 -17 -18 24 19 -21 22 -23 -24 -25 25 26 -28
leaf_value=-0.010756810856056273 -0.035459779940473786 0.03446361553748957 0.070807044623076965 0.021678671223674034 0.080694764607058891 -0.03832953609500328 0.0082347853129859164 0.023441959978700629 -0.039031543980593969 -0.031670960888198721 0.011756886286970067 0.060178759760408089 -0.0081089356659865101 0.046356050583845378 0.0087684663421958974 0.004589419790604358 0.0022469281681637612 -0.025188357112113285 0.023264591743495398 -0.034565912083618811 -0.040024750049986513 -0.013742392267572113 -0.017238812867059909 -0.016856028721063961 -0.021542387586640063 -0.02194121950516802 -0.041899007024397569
leaf_weight=18.739204156212509 10.385800434276465 21.24659725278616 82.913505673408508 5.7115286746993652 39.100200859829783 34.686629340983927 22.501811511814594 22.494809051975608 26.382922204211358 11.180522862821821 23.012616965919733 39.918906165286899 4.5906059900298706 24.775750037282705 8.424001479521392 9.1549505814909917 4.4276086706668139 7.2856410872191191 4.9742864314466706 4.4578708633780479 34.089611730538309 3.963000725954771 4.6420035967603326 4.5575168374925852 3.4296025130897752 3.5457150554284445 291.6670640502125
leaf_count=202 227 350 1247 250 316 2030 219 210 1347 268 238 372 222 201 202 200 226 487 275 247 1649 202 225 267 230 239 19627
internal_value=-0.000784674 -0.0221941 0.0376035 0.019403 0.0415762 -0.0344104 0.0529227 0.0277293 -0.00862963 0.0110765 0.0381311 0.0475167 -0.0280121 0.0682955 -0.0147121 -0.0173865 -0.0314424 -0.0398688 -0.0304209 -0.00476095 -0.0349046 -0.0362727 -0.0377965 -0.0363166 -0.0412681 -0.041575 -0.0417342
internal_weight=772.26 535.196 237.064 154.151 105.117 430.229 86.3778 104.967 75.6247 40.8511 85.4263 62.4137 49.0337 63.876 19.6045 19.5408 34.7735 354.604 48.6763 9.43216 43.3222 30.3459 38.7316 39.2441 305.928 298.642 295.213
internal_count=30568 27003 3565 3280 1132 25694 842 1309 2445 673 882 582 2148 517 470 427 1772 23249 2819 522 2092 1549 1874 2297 20430 20035 19866
is_linear=0
shrinkage=0.05


Tree=58
num_leaves=8
num_cat=0
split_feature=20 20 19 3 11 5 11
split_gain=20.7418 11.8911 11.8465 11.5322 5.83768 2.10044 1.80146
threshold=20.684154273085454 3.4967253736869552 2.5000000000000004 19.235439258828801 -95.227405232531495 -58.550516302102345 -90.218381278611332
decision_type=8 10 2 2 2 2 2
left_child=1 -1 3 -3 -4 -2 -6
right_child=5 2 4 -5 6 -7 -8
leaf_value=-0.029999982157482692 0.039787430508513355 0.027841874448066541 -0.030512953305566803 0.18385195439265245 0.11193405747694696 -0.038645130018721496 -0.0082386873456487229
leaf_weight=2.560980905516776 0.12530414765933784 2.4266700776061043 2.7020785144413852 2.4963045424083248 0.24754633498378198 12.709202067839213 0.24550251633627163
leaf_count=1296 246 265 2273 272 207 24919 205
internal_value=-0.000825872 0.0554665 0.0827615 0.124635 0.00391413 -0.0350588 0.086656
internal_weight=23.5136 10.6791 8.1181 4.92297 3.19513 12.8345 0.493049
internal_count=30568 5403 3225 537 2688 25165 412
is_linear=0
shrinkage=0.05


Tree=59
num_leaves=15
num_cat=0
split_feature=20 20 2 20 8 21 12 1 9 9 21 9 20 9
split_gain=84.6758 10.6767 10.1701 6.20325 6.123 5.7267 4.64722 4.64045 3.63329 3.29092 2.26974 2.24083 1.15245 0.13096
threshold=2.6549014716484653 1.1122275723568953 4.4959952347279826 0.15699422902307503 0.18158776292928372 0.040355889517861107 -112.08299224872597 67.204435015407668 0.19599747585288399 0.42527144176964976 0.023054952780793454 0.085449559889114304 3.1058799554398253 0.18183136949347792
decision_type=8 10 2 10 2 8 2 2 2 2 10 2 8 2
left_child=1 3 7 13 -5 -4 -3 -2 -8 11 -6 -9 -7 -1
right_child=2 6 5 4 10 12 8 9 -10 -11 -12 -13 -14 -15
leaf_value=-0.0080742427078281092 0.08057405679916535 0.090614452464729559 0.013235900997237633 -0.0035445971263299461 0.071186911552034535 0.009930566473904447 0.067183501249690858 0.030449381889491835 0.021080941592752905 0.054970403583425413 0.026451732719073823 -0.0339078208591998 -0.041216460538992333 -0.031700643743685634
leaf_weight=1.7101278682239387 1.3835334740579126 12.047396439593287 4.8394081769511104 7.6066089759115174 6.7521182852797201 0.76295539084821939 9.2134596547111904 0.96130355866626072 9.6553543966729176 0.98063835804350674 7.4901705593802035 4.2520086709409952 73.121851403499022 3.0812281088437885
leaf_count=200 280 260 1663 265 229 278 245 200 257 200 253 884 26689 359
internal_value=-0.000408605 0.0459001 -0.031817 0.0215144 0.0326459 -0.037131 0.0655806 0.0212841 0.0458407 -0.00131877 0.0509391 -0.01905 -0.0405627 -0.0261182
internal_weight=143.858 57.5565 86.3017 26.6403 21.8489 78.7242 30.9162 7.57748 18.8688 6.19395 14.2423 5.21331 73.8848 4.79136
internal_count=30568 1987 28581 1320 761 27046 667 1535 502 1263 482 1084 26967 559
is_linear=0
shrinkage=0.05


Tree=60
num_leaves=31
num_cat=0
split_feature=20 13 19 11 1 16 13 21 20 2 20 12 15 1 9 3 2 3 1 1 1 21 5 13 12 0 7 21 21 21
split_gain=189.623 198.322 47.2326 43.8482 23.4718 17.1097 13.8925 13.043 15.6602 14.5638 9.43336 8.69688 7.83845 7.72315 7.43863 7.5522 7.33803 6.91401 6.88201 6.65764 6.55381 5.64978 4.56357 4.5565 4.08585 3.8417 3.73209 3.0389 2.90695 2.84974
threshold=13.721344332421252 10.748706821565806 2.5000000000000004 -119.26077996308699 927.70716135805162 13.748825771925306 23.47095345881095 1.2023221246591953 1.1122275723568953 5.4860512875735816 39.820579571058055 -126.10251266064104 4.3710093187349577e-10 7.3673002632836306 0.2485007821479375 25.842395919771004 5.2214453842083186 34.554749309134259 54.445508826713358 70.800164340430157 1013.1202485432701 0.026383096162793704 -4.0295599991858984 25.693586741981935 -102.19517890132549 119.09871861045953 0.097108849827797897 3.0641770978318554 4.1791934295734103 0.31888987793925305
decision_type=8 2 2 2 2 2 2 8 10 2 10 2 2 2 2 2 2 2 2 2 2 8 2 2 2 2 2 8 8 10
left_child=2 -2 7 11 6 17 10 8 9 12 14 -3 -1 24 15 -5 -16 -4 26 -13 -6 -10 -22 -19 -8 -15 -12 -21 -27 -20
right_child=1 3 5 4 20 -7 13 -9 21 -11 18 19 -14 25 16 -17 -18 23 29 27 22 -23 -24 -25 -26 28 -28 -29 -30 -31
leaf_value=-0.018672961616718883 -0.0573244309931265 -0.037271523579080666 0.022939177769061878 0.0036279879060321014 -0.025676846703035272 -0.057791062967437357 -0.01084000066808819 -0.0097900874707557897 -0.038865343285889746 0.00020887663700920223 -0.02093315980429454 -0.033074869182520776 -0.045713295999848171 -0.0026359008727596636 -0.018899287689434344 -0.052408571631332716 0.037443033125536242 -0.031522418374520515 -0.0025092520758358255 -0.0036498911074716194 -0.008813687630053961 -0.062851360342197557 0.024791466682339527 0.0079998544553721088 0.029470692988557829 0.032273302671442537 0.02200082456429861 0.027748058245773866 0.041307262403873425 0.034892708266921757
leaf_weight=42.41703330911696 84.737257635220885 26.457639217376709 53.099035676568747 12.501791454851631 20.266438007354736 8.718209717422722 14.566200742498044 43.107817515730858 49.272468898445368 33.643744017928839 10.55247122049332 10.512562021613119 83.131533455103636 6.5637405514717093 8.486490940675143 10.373150711879132 14.343659875914453 10.71316557377577 5.3937553968280545 15.577499875798823 18.719377983361483 70.151527237147093 19.994224524125457 18.540745459496975 9.5985322762280685 298.30326368845999 8.0167765431106073 13.866545557975769 159.46032890863717 62.854183617979288
leaf_count=232 2700 382 1343 307 388 203 378 263 250 204 263 203 455 271 211 255 356 222 206 312 402 357 430 383 249 12351 200 277 6602 2398
internal_value=0.00065486 0.014735 -0.0266813 0.0229814 0.0267677 0.00506627 0.0296264 -0.035656 -0.0396087 -0.029024 0.0151039 -0.0156073 -0.0367974 0.0335273 -0.00325106 -0.0229138 0.0165851 0.0123341 0.0246939 -0.000702323 -0.00332407 -0.05336 0.00872943 -0.00703725 0.00570674 0.0349598 -0.00222048 0.0115626 0.0355034 0.0319432
internal_weight=1243.94 831.146 412.795 746.409 679.994 91.0712 621.014 321.724 278.616 159.192 132.522 66.4142 125.549 488.492 45.7051 22.8749 22.8302 82.3529 86.8172 39.9566 58.98 119.424 38.7136 29.2539 24.1647 464.327 18.5692 29.444 457.764 68.2479
internal_count=30568 26484 4084 26114 25154 2119 24026 1965 1570 963 4196 960 687 19830 1129 562 567 2083 3067 770 1128 607 832 605 627 19203 463 589 18953 2604
is_linear=0
shrinkage=0.05


Tree=61
num_leaves=31
num_cat=0
split_feature=12 20 20 0 15 9 9 2 1 21 1 12 8 15 4 9 21 10 9 19 1 17 9 10 21 9 7 20 7 12
split_gain=25.1917 15.6623 10.4014 6.8577 10.4086 6.96877 9.19531 6.92135 5.92057 8.64999 6.12319 5.95589 5.91007 9.81186 5.67117 5.58752 5.35109 5.03273 4.85311 4.62369 4.59042 4.44115 6.14912 7.51886 8.2345 5.20694 3.78892 3.08411 2.63928 2.35307
threshold=-119.74682283524866 0.72921310767638003 38.911303516979906 394.24305286178105 3.3653567642206896e-09 0.17625547962054314 0.46426092124955881 4.7268532526601534 59.994443264569256 3.8840929418194055 945.34694372449962 -107.7347138599 0.18919118024422146 2.1887782291731893e-09 80.123503430390556 0.17051265829214321 1.8015882695962901 1.5000000000000002 0.29451683588819849 2.5000000000000004 4.0342158382659354 2.234973404930118 0.28336645540349542 3.5000000000000004 1.1545593517353503 0.4178582822405002 -0.40351633648630431 7.7619561756240909 -0.23101054633146664 -87.248859361533604
decision_type=2 10 8 2 2 2 2 2 2 8 2 2 2 2 2 2 10 2 2 2 2 2 2 2 8 2 2 8 2 2
left_child=14 20 3 5 26 19 7 -7 9 11 -10 16 13 -9 15 -1 -4 -12 -17 -3 -2 22 23 -6 -25 -24 -5 -14 -29 -22
right_child=1 2 8 4 21 6 -8 12 10 -11 17 -13 27 -15 -16 18 -18 -19 -20 -21 29 -23 25 24 -26 -27 -28 28 -30 -31
leaf_value=-0.0020886325066015806 0.038214684859716873 0.027024402357718771 0.072167502213436749 0.031718584860151638 0.0046209082580944 -0.00095105816882836824 -0.030493126527114379 -0.022367466263335592 -0.023729886181051756 0.089127309237071559 0.054756900970904514 -0.030247718591181957 0.04706120133339059 0.088228568265009022 0.082503614742285888 0.078727889478193896 -0.016075369619439901 -0.012571954314552412 0.021449879924059011 -0.034248863939865148 -0.040599059673945385 -0.019030543087881636 -0.032864695530635611 0.02508410838237651 0.15708014380834981 0.051218111144876767 -0.027447097167086432 0.048782970949586918 0.15477229215194119 0.0030442257287288392
leaf_weight=8.502420935314154 1.392242770642041 6.0670057015959165 2.8712616027332869 2.277041403809565 3.0980261242948508 3.6408168734051349 2.5431875232607126 3.6199340187013185 48.2613562468905 2.3697913533542314 4.0732088377699247 6.8777727175038281 3.9304504522588104 2.7655777374748141 6.8580231349915266 6.3069425616413399 2.5480268278624862 5.4788808063603938 9.7042833836749178 4.4557837452739477 31.303702366538346 2.95419258531183 3.487349075032399 2.5859223310835677 2.2230309094302347 2.1236676953267306 18.957986300578341 2.2118002041243088 3.0227621770463813 3.2667812730651362
leaf_count=316 285 573 394 334 298 321 223 315 10152 384 349 1142 358 241 238 237 349 470 365 420 6552 279 334 236 203 203 2784 267 364 684
internal_value=-0.00067114 -0.00365006 0.00384987 0.0174801 0.00280509 0.0340344 0.0496058 0.0612048 -0.00936613 0.0181529 -0.0165375 -0.00119885 0.0749355 0.0309925 0.0442774 0.0307686 0.0346368 0.0186068 0.0473138 0.000358178 -0.032657 0.0316173 0.0432342 0.069065 0.102639 0.00189275 -0.0199616 0.0994909 0.124996 -0.0365053
internal_weight=209.779 178.408 142.445 69.9645 37.7072 32.2573 21.7345 19.1913 72.4803 14.6669 57.8134 12.2971 15.5505 6.38551 31.3717 24.5136 5.41929 9.55209 16.0112 10.5228 35.9627 16.4722 13.518 7.90698 4.80895 5.61102 21.235 9.16501 5.23456 34.5705
internal_count=30568 29479 22105 7570 4673 2897 1904 1690 14535 2374 12161 2041 1391 556 1089 910 743 819 602 993 7374 1555 1297 760 439 537 3118 835 631 7236
is_linear=0
shrinkage=0.05


Tree=62
num_leaves=31
num_cat=0
split_feature=12 20 1 21 1 17 4 21 20 7 6 20 21 20 19 3 20 5 15 3 12 1 1 15 1 8 10 13 8 11
split_gain=29.5784 17.4699 15.3124 8.84171 7.85384 7.76072 7.75139 11.7661 10.7443 5.89151 5.77067 8.54619 7.43055 5.34495 13.6863 7.63793 5.93684 4.86413 4.82387 6.63075 4.46026 3.86941 6.73559 3.55741 5.75012 3.57076 3.48701 4.70557 2.92941 2.63098
threshold=-109.93124938226798 28.476444016397604 7.3673002632836306 0.20662457464586353 3.0741393647482753 4.7670552534749762 61.436450451058107 4.1791934295734103 28.476444016397604 0.22863116800069519 -0.16652998467485045 36.790555934513058 1.8015882695962901 1.9788344174564303 2.5000000000000004 15.424358299368601 26.076713247813153 -46.835549813401649 3.5371288902494131e-11 20.314263079117001 -111.67301637266642 993.70085261680754 1062.5505297263701 7.9409338805090669e-23 106.41237308042351 0.3639891628314072 4.5000000000000009 23.739593149396828 0.15449890293247773 -100.9190042308975
decision_type=2 8 2 10 2 2 2 8 8 2 2 8 10 10 2 2 8 2 2 2 2 2 2 2 2 2 2 2 2 2
left_child=2 13 -1 17 -3 6 8 10 9 20 12 -12 -8 18 15 -15 -16 -4 19 -2 -5 -6 -23 24 -10 28 -25 -28 -26 -17
right_child=1 4 3 5 21 -7 7 -9 23 -11 11 -13 -14 14 16 29 -18 -19 -20 -21 -22 22 -24 26 25 -27 27 -29 -30 -31
leaf_value=0.10900685632086204 0.048923045202774129 0.042562486967089447 0.042397042443445478 0.0032144816229601326 -0.033521157150633842 -0.033162244168302234 0.079541775749223165 -0.012702561492118292 -0.030751670780368209 0.11497239676603142 0.022440030060576561 0.13658314148551381 -0.029550567600758266 0.0082872196677433643 -0.019257075575262128 0.03855194132419109 0.057972804681548785 -0.024500744890840483 -0.03368739136589332 -0.032569760646844172 0.077817293900932852 0.075112751387367074 -0.030950652325833772 -0.023842867330514321 0.013696874706822185 -0.010038925670830017 -0.025662223897448152 0.073561910223479229 0.08999746839684665 0.10026086863303144
leaf_weight=4.5554012756329021 4.9454089105129286 3.0366662335582069 2.4453027020208546 5.4199787005782145 64.320569856092334 3.6313113833311945 2.214600148610776 3.7347369098570207 2.6188907336909368 2.7650449862703681 2.7419978231191635 5.9243099344894281 2.2687377941329032 6.6672421854455051 16.306167197879407 5.0504508716985619 1.9221235602162767 12.516207298263906 9.6491141654551011 3.4039406015072018 2.2660490337293577 1.4902279376983649 2.8313042679801583 12.063532525906338 2.4191647637635487 1.8617158175911752 1.54296641633846 1.5219661800656465 3.0954864723607898 5.5848952187225196
leaf_count=459 420 751 255 489 16406 380 202 307 333 251 232 502 207 282 2781 212 328 1303 732 289 204 208 395 1586 306 240 202 200 392 234
internal_value=-0.000186123 -0.0108354 0.0285539 0.0219544 -0.0268214 0.0309499 0.0359252 0.0631094 0.0216504 0.0617993 0.0840174 0.106526 0.0290155 0.0106701 0.0217115 0.0522879 -0.00852195 -0.0115958 -0.0111224 0.0157692 0.0316361 -0.0304579 0.0128659 0.00322275 0.0250471 0.046164 -0.0118554 0.0295854 0.0637663 0.0767888
internal_weight=200.816 125.208 75.6074 71.052 71.6788 56.0905 52.4592 16.8844 35.5748 10.4511 13.1496 8.66631 4.48334 53.5293 35.5309 17.3026 18.2283 14.9615 17.9985 8.34935 7.68603 68.6421 4.32153 25.1237 9.99526 7.37637 15.1285 3.06493 5.51465 10.6353
internal_count=30568 22945 7623 7420 17737 5862 5596 1387 4209 948 1143 734 409 5208 3842 733 3109 1558 1366 709 693 17508 603 3261 1272 952 1989 402 698 446
is_linear=0
shrinkage=0.05


Tree=63
num_leaves=31
num_cat=0
split_feature=13 20 16 19 12 12 12 5 21 1 13 6 13 13 21 6 20 20 21 16 13 1 20 9 19 11 21 9 1 21
split_gain=207.055 119.248 52.6915 56.3334 20.9118 22.6671 20.7342 16.3987 13.0757 12.8972 12.5258 10.1822 9.29384 6.46802 3.89031 3.74812 3.73675 3.18017 5.6363 1.30919 1.30469 2.57141 0.746367 1.191 0.732747 0.617391 0.0849782 0.0342347 0.0480561 0.0320437
threshold=20.816959234334579 6.2446309113009404 30.881699610339378 2.5000000000000004 -110.40500356258248 -91.274458904112421 -105.30502542903248 28.248584117189804 0.20662457464586353 320.88783109362055 30.694286339958996 -0.060454756581021611 32.876280780859382 9.8436996957874729 0.029325582523216705 -0.060454756581021611 1.7821107921224553 16.859166200439002 0.72737603415596752 10.131774124900526 24.261735235895426 12.422890885828702 35.308127856327552 0.25698933207409885 2.5000000000000004 -89.010167321060536 1.2367029845552351 0.006093683551156027 2.0337582716943507 0.31888987793925305
decision_type=2 8 2 2 2 2 2 2 8 2 2 2 2 2 8 2 10 8 8 2 2 2 8 2 2 2 8 2 2 8
left_child=2 6 3 4 -1 15 7 16 10 14 -3 -11 -13 -5 -8 -6 -2 18 -10 26 21 -19 23 -23 -20 -24 -15 -22 -29 -30
right_child=1 8 -4 13 5 -7 9 -9 17 11 -12 12 -14 19 -16 -17 -18 20 24 -21 27 22 25 -25 -26 -27 -28 28 29 -31
leaf_value=-0.0022580830619623122 -0.03701882499318622 0.048250977670047511 0.067273091249017272 0.019015381846106037 0.080602192831818686 0.0065552838957963228 0.016014613775837606 0.046073539838232952 0.013667923026862575 0.01813354859984569 -0.033327962635316649 0.077910929816679006 0.029545133450335999 -0.024833790991641201 -0.026630831024211672 0.05090583707559574 -0.0038367968337557376 0.0070356493214046552 -0.017091976397737761 -0.012449537814135912 -0.02128627630846083 0.00029759133784454942 -0.040723964389994052 -0.03431683412628752 -0.038156053112593652 -0.014839100768770526 -0.041077271680002789 -0.02096556170988987 -0.021707560400715947 -0.042020557414912785
leaf_weight=25.535284369252622 23.076441525481641 8.0899367947131431 80.851336419582367 5.8570441594347349 26.742431959137321 22.87777148745954 9.7491768766194618 9.3083994435146433 7.5751124499365687 33.070311187766492 8.7791420863941294 22.111752128228545 20.833176657557487 7.0670097880065441 9.706268464215098 33.455560103058815 13.491676954552531 3.8710272386670104 8.1931693181395548 6.9945250544697046 3.4068329576402894 4.6783315185457459 27.145194427110255 4.2599118836224079 21.363706894218922 4.1815476743504432 27.318640039302409 3.3129573715850702 3.495221059769392 266.30160934757441
leaf_count=266 505 241 1218 266 205 216 208 200 345 347 262 230 217 364 208 256 295 238 411 354 245 256 1813 234 1070 279 1405 239 253 19247
internal_value=-0.000749942 -0.0216315 0.0347513 0.0175582 0.0372836 0.04932 0.0174125 -0.0100677 -0.036369 0.0305851 0.00630583 0.0397783 0.0556543 -0.0276286 -0.00552288 0.0651997 -0.0252044 -0.038393 -0.0234249 -0.0345236 -0.0400481 -0.0302999 -0.0339728 -0.0179925 -0.0330675 -0.0378347 -0.038535 -0.0414893 -0.0416627 -0.0418385
internal_weight=752.701 516.001 236.7 155.848 108.611 83.0758 141.347 45.8765 374.654 95.4707 16.8691 76.0152 42.9449 47.2372 19.4554 60.198 36.5681 357.785 37.132 41.3802 320.653 44.136 40.265 8.93824 29.5569 31.3267 34.3856 276.517 273.11 269.797
internal_count=30568 27003 3565 3280 1132 786 2200 987 24803 1213 503 797 447 2148 416 461 800 24300 1689 2092 22611 2709 2582 490 1481 2092 1769 19902 19667 19500
is_linear=0
shrinkage=0.05


Tree=64
num_leaves=7
num_cat=0
split_feature=20 20 21 3 3 5
split_gain=18.3901 10.5007 14.1433 3.32793 2.53202 2.07891
threshold=20.684154273085454 5.5459508458753612 0.67312341711971502 49.226449185745906 50.336040617135062 -58.550516302102345
decision_type=8 10 10 2 2 2
left_child=1 4 -3 -4 -1 -2
right_child=5 2 3 -5 -6 -7
leaf_value=-0.032033073333728075 0.039515439345276598 0.13015169202353197 -0.029914168217473187 0.062281269522814743 0.040900632701378753 -0.038458701895376625
leaf_weight=3.2438631067052524 0.12906826537801208 4.4366918118903422 2.5126566788530922 0.36182431399356574 0.70801499777007848 11.920945628749903
leaf_count=2101 270 1725 2239 322 459 24895
internal_value=-0.000777439 0.0506601 0.0826998 -0.00522962 -0.0133455 -0.0346595
internal_weight=23.3131 11.2631 7.31117 2.87448 3.95188 12.05
internal_count=30568 5403 2843 2561 2560 25165
is_linear=0
shrinkage=0.05


Tree=65
num_leaves=15
num_cat=0
split_feature=20 0 8 4 8 2 3 11 3 6 8 1 20 8
split_gain=74.2213 11.8248 8.69261 9.25498 10.2225 6.15459 5.38482 9.05101 4.47987 4.84577 3.33298 1.35034 1.16314 1.09421
threshold=4.3762599157402358 179.31470959597854 0.44165800079303136 -1.7024872750926698 0.17736202774738799 5.4488785586441351 32.019949598070461 -100.18944006269949 9.7970106957273764 -0.23263460114014831 0.17736202774738799 611.27507723188967 1.1122275723568953 0.32742014530331792
decision_type=8 2 2 2 2 2 2 2 2 2 2 2 10 2
left_child=2 8 3 -1 5 12 7 -6 -2 -10 -11 -8 -5 -12
right_child=1 -3 -4 4 6 -7 11 -9 9 10 13 -13 -14 -15
leaf_value=0.08925561301058707 -0.028671299433037801 -0.041157335839154166 -0.013912458934984563 -0.036010823126158893 -0.0081480689789529461 0.032318828555801343 0.045510012047740092 0.063102023864507403 -0.023894788738668099 0.0095343852649591131 0.12871947916892068 0.087122820257900635 -0.0026972437985516959 0.026743129289229707
leaf_weight=8.6367409827653301 2.163687183521688 67.389095188817009 7.0226542088203132 5.1640360995661512 8.57663121400401 9.2280785213224572 8.2290248801000452 7.8473073637578654 1.3296384497080014 1.7597476926166566 1.0041053961031152 8.3508989997208101 4.8613107104320079 1.0673685630317775
leaf_count=299 449 25435 245 229 376 348 201 344 284 371 202 203 215 215
internal_value=-0.000362765 -0.0346241 0.0370917 0.0431036 0.0339431 0.00458086 0.0504337 0.0275628 0.0232078 0.0460815 0.0702861 0.0702329 -0.0215668 0.101989
internal_weight=142.63 74.7136 67.9167 60.894 52.2573 19.2534 33.0039 16.4239 7.32455 5.16086 3.83122 16.5799 10.0253 2.07147
internal_count=30568 28199 2369 2105 1851 727 1124 720 1520 1102 808 404 444 417
is_linear=0
shrinkage=0.05


Tree=66
num_leaves=31
num_cat=0
split_feature=20 13 21 11 1 13 13 20 13 20 1 12 19 1 1 8 1 1 9 21 8 20 0 12 9 21 10 21 11 19
split_gain=164.075 173.645 40.8248 40.2542 22.134 20.0821 13.5975 13.1025 12.7485 8.69526 7.53018 7.38404 6.90403 6.73353 6.60753 6.46803 5.96405 5.92429 5.69747 4.41104 4.36624 5.68796 3.83637 3.76118 3.69531 3.072 2.93774 2.85568 2.83216 6.0596
threshold=13.721344332421252 10.748706821565806 0.87083519668870768 -119.26077996308699 927.70716135805162 20.668043038370715 23.47095345881095 3.4967253736869552 22.514365587899977 39.820579571058055 7.3673002632836306 -126.10251266064104 2.5000000000000004 69.132791358769865 54.445508826713358 0.061520488312124928 1013.1202485432701 325.17847434392957 0.24272601888046721 0.48887558116160207 0.13718600609486845 0.35735078069016907 119.09871861045953 -102.19517890132549 0.13611394862487461 4.1791934295734103 3.5000000000000004 3.0641770978318554 -102.40670914551349 2.5000000000000004
decision_type=8 2 8 2 2 2 2 10 2 10 2 2 2 2 2 2 2 2 2 8 2 10 2 2 2 8 2 8 2 2
left_child=2 -2 7 11 6 -4 9 8 -1 12 23 -3 -5 -13 26 -7 -6 -10 24 -18 -19 -22 -12 -8 -14 -24 -11 -15 29 -17
right_child=1 3 5 4 16 15 10 -9 17 14 22 13 18 27 -16 28 19 20 -20 -21 21 -23 25 -25 -26 -27 -28 -29 -30 -31
leaf_value=-0.04598371390564486 -0.054009816023695971 -0.03394247423997454 -0.029231039997905325 -0.02995821638391144 -0.024182870357508213 -0.021914468727305566 -0.010200108965147356 -0.064556953555446703 -0.0036163722395476574 -0.019985451551492967 -0.0034016034362411513 -0.033271714349534277 0.011702341174433369 -0.0029017799557170734 0.031333199912028466 -0.017003618533674873 -0.017256415282341772 -0.010839427889091974 0.031174269999690175 0.019030390684177279 -0.01611847417588403 -0.043004810332652015 0.031594226368709247 0.028861687920003216 -0.034447490116430605 0.041151309437530752 0.017968052993760527 0.02752813383189865 0.025855859941858319 0.020363110412901918
leaf_weight=91.487328749150038 82.70197144523263 27.445204712450504 45.941026415675879 14.901215722784398 20.697580177336931 12.297338750213383 14.741924233734611 33.968733686953783 34.041197802871466 9.9223601277917641 6.4400213956832877 10.461437279358504 8.3289392478764093 15.824130387976767 64.751391518861055 15.955398822203277 10.983984343707561 31.16409770399332 15.273563416674731 27.404793614521623 33.323035916313529 54.224133789539337 281.13874964974821 9.1756316889077407 7.2828445825725794 147.85916346870363 8.5753229502588511 13.724870404228568 37.076837249100208 29.405518814921379
leaf_count=511 2746 391 780 367 395 265 386 207 229 248 284 201 229 319 2386 355 238 200 433 594 214 349 12421 241 200 6532 215 277 803 655
internal_value=0.000615044 0.014167 -0.0244402 0.022118 0.0259459 -0.00245759 0.0288709 -0.0355071 -0.0312201 0.0143711 0.0329039 -0.0144665 -0.00310363 -0.000605051 0.0239049 0.0106957 -0.00317803 -0.0221362 0.0103861 0.00847332 -0.0273724 -0.0330687 0.0344021 0.00534228 -0.0106041 0.0349762 -0.00237148 0.0116707 0.0157645 0.00713635
internal_weight=1216.52 797.635 418.885 714.933 647.477 140.676 588.391 278.209 244.24 129.036 459.355 67.4556 45.7866 40.0104 83.2491 94.7351 59.0864 152.752 30.8853 38.3888 118.711 87.5472 435.438 23.9176 15.6118 428.998 18.4977 29.549 82.4378 45.3609
internal_count=30568 26484 4084 26114 25154 2389 24026 1695 1364 4196 19830 960 1129 770 3067 2043 1128 1029 876 832 760 563 19203 627 429 18953 463 596 1785 1010
is_linear=0
shrinkage=0.05


Tree=67
num_leaves=31
num_cat=0
split_feature=12 20 19 9 7 16 15 4 1 6 9 13 5 19 16 2 12 1 7 9 4 8 1 1 7 7 20 11 8 6
split_gain=21.0301 12.8993 10.162 7.03253 8.07166 11.5495 7.91034 5.55092 10.731 8.8408 5.73887 5.45382 5.19653 7.39973 5.0988 4.73108 6.17549 4.6689 3.97016 3.85012 4.46794 4.80522 4.16991 3.64471 8.32694 3.28742 3.24588 3.63774 3.21867 5.77039
threshold=-115.60046546217926 0.47749307122403956 2.5000000000000004 0.40444531485918672 0.11921820548435492 1.0305959579886638e-06 1.0000000180025095e-35 25.572903028652906 128.69928869803653 0.014463420675312479 0.28541288862333886 23.035621486405109 -40.493296697251843 4.5000000000000009 3.4642726063819986 5.3350114935374329 -122.5516647299368 4.0342158382659354 -0.0039946848287275563 0.43356405877753007 73.148477577477919 0.39977893910314694 300.0154973696321 20.887591429255156 0.21343440929557869 0.40446637860147133 4.9635452817963612 -102.85552905841699 0.40928539953241261 -0.28548291477967686
decision_type=2 10 2 2 2 2 2 2 2 2 2 2 2 2 2 2 2 2 2 2 2 2 2 2 2 2 10 2 2 2
left_child=7 17 3 4 5 28 -5 15 9 -9 18 14 13 -13 19 -1 -17 -2 -10 20 21 22 -4 24 -14 -8 27 -25 29 -3
right_child=1 2 11 6 -6 -7 25 8 10 -11 -12 12 23 -15 -16 16 -18 -19 -20 -21 -22 -23 -24 26 -26 -27 -28 -29 -30 -31
leaf_value=-0.0094503919134137707 0.038590480152386614 0.07428152140373627 0.091356243969110296 0.096361411851332457 -0.021653717068955206 0.097694057416788452 0.041556478970852101 0.13196724100118884 0.0091276158360017647 0.031476865209745929 -0.01229704757712493 -0.017909851994617424 -0.024327583301488251 0.095222091693359323 -0.01467898673577347 0.068606785613745211 -0.011232810996282171 -0.037268760462337895 0.074524866122175279 -0.02675177773160374 -0.025498620872775542 -0.011398819945029325 0.011259535224645154 -0.025267420909654489 0.084120127953910023 -0.020323497890654907 -0.028212866966903141 0.06350532679035524 -0.025114466972231925 0.0047397234654536387
leaf_weight=10.653466683346782 1.3807906510774071 2.7908055062871506 5.3129199591931009 4.7056707409210494 13.088252063840628 3.5720612108707428 3.6528690482955435 4.6631141442339912 4.5898206692654666 4.9154851394705474 6.868078950792551 2.8362363402266055 4.2270988652016968 1.4938228912651539 9.6785276536829752 5.1572781978175053 3.5855602016672474 29.753921115538105 4.4610702600330079 1.754027835326269 1.530853576492518 2.0098245772533119 2.6085968073457479 1.5184457250870778 1.7124939362984148 3.1433909623883665 46.153688553022221 1.2943562529981125 4.3320565919857472 14.750407325103881
leaf_count=608 309 249 837 325 1115 298 240 220 282 232 424 594 690 313 1452 299 208 6652 275 271 236 322 411 243 280 207 11006 208 380 1315
internal_value=-0.000634547 -0.00439322 0.00249668 0.0200426 0.00920554 0.0252971 0.0527083 0.0338954 0.0488648 0.0882486 0.021352 -0.00830509 -0.0162444 0.0316621 0.0120566 0.0127863 0.0380713 -0.0328083 0.0455688 0.0312909 0.041607 0.0533372 0.0691985 -0.0205212 0.014556 0.0140001 -0.0249822 0.0215246 0.00971998 0.0192134
internal_weight=208.195 163.301 132.166 50.0355 38.5336 25.4453 11.5019 44.8939 25.4976 9.5786 15.919 82.1309 59.2361 4.33006 22.8948 19.3963 8.74284 31.1347 9.05089 13.2162 11.4622 9.93134 7.92152 54.9061 5.93959 6.79626 48.9665 2.8128 21.8733 17.5412
internal_count=30568 28027 21066 4078 3284 2126 794 2541 1434 452 982 16988 13554 907 3434 1107 507 6961 557 2042 1768 1592 1248 12647 970 447 11677 451 1918 1564
is_linear=0
shrinkage=0.05


Tree=68
num_leaves=31
num_cat=0
split_feature=12 20 1 21 1 16 16 11 5 8 4 0 5 20 19 21 2 20 15 3 1 1 20 8 8 2 20 6 12 1
split_gain=26.3647 15.895 12.6626 8.6088 7.3676 6.96796 7.15313 6.12338 6.97692 15.9317 5.65988 5.99729 5.13235 5.0909 11.1527 6.70943 13.203 5.54459 4.4948 5.96399 3.75349 6.13373 3.64771 3.22362 6.12555 3.12723 3.10647 2.67558 3.03129 4.01356
threshold=-109.93124938226798 28.476444016397604 13.918898324500903 0.20662457464586353 3.0741393647482753 9.4770316062671789 4.0031988095476132 -121.45602090548648 11.831597877111951 0.41330019388764155 65.917333740227861 444.84939745730856 -46.835549813401649 1.9788344174564303 2.5000000000000004 0.71394851473294818 5.1638004126106098 26.076713247813153 3.5371288902494131e-11 20.314263079117001 993.70085261680754 1062.5505297263701 81.132377003920013 0.29286234686490081 0.24707018921797544 5.2787704876946195 10.890772882286251 -0.038248842752062633 -100.41974939818677 294.01257236362454
decision_type=2 8 2 10 2 2 2 2 2 2 2 2 2 10 2 10 2 10 2 2 2 2 8 2 2 2 8 2 2 2
left_child=2 13 -1 12 -3 6 7 25 23 10 11 -10 -4 18 15 -15 -17 27 19 -2 -6 -22 -13 24 26 -5 -9 28 29 -16
right_child=1 4 3 5 20 -7 -8 8 9 -11 -12 22 -14 14 17 16 -18 -19 -20 -21 21 -23 -24 -25 -26 -27 -28 -29 -30 -31
leaf_value=0.086850641964232422 0.044223418359338282 0.040071036775414168 0.041219615998500547 0.025444387179221969 -0.032993515021252709 -0.025966702913493508 0.094133815889571454 0.038208337881365267 0.10258216152161298 0.12540067377047789 -0.027698978030954252 -0.016720996118046349 -0.027565249681894888 0.085295640675026457 0.053762874142256681 0.062891585220605423 -0.035621332449248484 0.055606424892367536 -0.033496912093772056 -0.032447863884122984 0.069790336592893507 -0.030634462100461779 0.050773396349517087 -0.036104875993238944 0.077529150518069717 0.072969652764678802 -0.028627219158858158 -0.037178923726916842 -0.031347796490000843 -0.026569243267323007
leaf_weight=7.046655978774651 5.2655120238196149 3.1578071522526434 2.4921982721425602 8.3411127780564112 60.461481013102457 4.6024575743358582 3.7040423401631415 1.3854414026718664 1.3641809087712342 2.8325077209156007 5.3845016837585717 4.6047718783374894 11.929415654391049 6.3200040014926371 3.0956100483890641 6.9723664582706997 5.0721966121345758 1.9927457454614341 9.4358560182154161 3.3491631608922035 1.6077945255674428 2.7254906301386654 2.148414059309288 6.0609357375651598 1.4418973713181913 7.9570254059508443 5.8799875250551841 7.905437073437497 2.972824620781469 1.7341450613457707
leaf_count=696 433 824 264 244 16337 475 391 210 206 387 741 715 1262 252 517 331 240 350 714 276 224 379 333 933 218 233 892 1415 507 289
internal_value=-0.000145012 -0.010069 0.0270672 0.0199235 -0.0260085 0.0287369 0.0340673 0.0275256 0.0137368 0.0353296 0.00908965 0.0338542 -0.0137765 0.0100548 0.0207145 0.0469651 0.0218555 -0.00757565 -0.0112127 0.014141 -0.029789 0.0127258 0.00853047 -0.0108717 0.00860248 0.051524 -0.0128017 -0.0184394 0.00261381 0.0253094
internal_weight=199.244 122.068 77.1755 70.1289 67.9526 55.7073 51.1048 47.4008 31.1026 16.3344 13.5019 8.11737 14.4216 54.1159 36.0653 18.3646 12.0446 17.7008 18.0505 8.61468 64.7948 4.33329 6.75319 14.7683 8.70733 16.2981 7.26543 15.708 7.80258 4.82976
internal_count=30568 22945 7623 7270 17737 5744 5391 4980 4503 2229 1858 1227 1526 5208 3842 733 571 3109 1366 709 17508 603 1048 2274 1315 477 1102 2812 1332 806
is_linear=0
shrinkage=0.05


Tree=69
num_leaves=31
num_cat=0
split_feature=13 20 16 19 12 12 12 1 21 13 6 13 3 13 4 1 6 20 21 20 13 1 16 15 19 20 8 21 21 16
split_gain=182.624 108.814 48.9471 49.3137 18.3116 18.2842 19.483 13.7224 12.9525 11.3947 7.22789 10.602 6.07731 5.77192 5.17119 5.09156 3.25379 3.20316 5.36376 1.82365 1.37753 2.47525 1.32314 0.761602 0.631051 0.394444 1.07539 0.191602 0.108514 0.0905423
threshold=20.816959234334579 6.2446309113009404 30.881699610339378 2.5000000000000004 -106.92796076264298 -110.40500356258248 -91.274458904112421 219.06301168736005 0.20662457464586353 30.694286339958996 -0.060454756581021611 33.732848363396123 16.164719066788951 9.8436996957874729 46.207303278157958 836.57179215070153 0.025898500777972625 16.859166200439002 0.92439795558064008 1.9788344174564303 24.261735235895426 12.422890885828702 10.131774124900526 1.8488836006079681e-09 2.5000000000000004 35.308127856327552 0.21734682324534901 0.29295452816024753 1.2367029845552351 7.6335252789246288
decision_type=2 8 2 2 2 2 2 2 8 2 2 2 2 2 2 2 2 8 8 10 2 2 2 2 2 8 2 8 8 2
left_child=2 4 3 5 14 -1 16 -6 9 -3 12 -12 -9 -5 19 -13 -7 18 -10 -2 21 -19 28 -23 -20 26 -25 -22 -15 -27
right_child=1 8 -4 13 7 6 -8 10 17 -11 11 15 -14 22 -16 -17 -18 20 24 -21 27 23 -24 25 -26 29 -28 -29 -30 -31
leaf_value=-0.002997062180964594 -0.04100077287233031 0.045162444145217355 0.064310284439211066 0.016121265631940395 -0.016943161246906892 0.070943430145919043 0.0053287198697912373 0.032977853822794716 0.0060209204016698891 -0.032861649574884855 0.066214156384658482 -0.00080826262364805011 -0.005518634019347558 -0.024243181951611625 0.0093130634632116269 0.042065553476656789 0.044096848802940229 0.00666492107080834 -0.017498284253360759 -0.010841720828867037 -0.016934668285499759 -0.0066147831463968555 -0.011910885026854702 0.00069216486425863427 -0.040111111006117965 -0.040548981160332287 -0.034650354012469048 -0.041595035783235028 -0.040979470246948042 -0.017974320452908997
leaf_weight=25.779332512058318 13.262271658517422 8.3873931290581858 78.396631926298141 6.0310065802186719 15.729288030415772 33.018249140121043 23.127752545289695 22.101830125786364 10.8944850936532 8.3569101663306338 27.002890286967158 13.568911303766075 17.983278917148709 6.8151692003011703 12.761918251402674 13.063813902437685 29.458560539409518 3.9064479535445562 6.4637488080188659 9.1786010200157762 2.6475173104554415 2.9722580062225452 6.8541825199499726 3.4693881962448367 18.814318478107452 24.579778036102656 4.5087926164269447 255.36028873641044 26.015999698080122 2.8139493335038424
leaf_count=262 308 252 1187 283 201 244 212 251 509 251 290 208 205 367 290 201 217 250 351 214 204 200 361 200 1022 1773 260 19698 1402 203
internal_value=-0.000713904 -0.021067 0.0322798 0.0159901 0.0153839 0.0338555 0.0448599 0.0254201 -0.0359978 0.00656403 0.0326338 0.04455 0.0159933 -0.0273302 -0.0156605 0.0209833 0.0591791 -0.0381293 -0.0229675 -0.0296541 -0.0398735 -0.0297603 -0.0341675 -0.0335463 -0.0352148 -0.0355652 -0.020916 -0.0414083 -0.0383246 -0.0389448
internal_weight=733.325 497.828 235.497 157.1 144.653 111.384 85.6046 109.45 353.175 16.7443 93.7207 53.6356 40.0851 45.7164 35.2028 26.6327 62.4768 336.431 36.1726 22.4409 300.258 42.2506 39.6854 38.3442 25.2781 35.3719 7.97818 258.008 32.8312 27.3937
internal_count=30568 27003 3565 3280 2200 1132 786 1399 24803 503 1032 576 456 2148 801 409 461 24300 1689 522 22611 2709 2092 2582 1373 2436 460 19902 1769 1976
is_linear=0
shrinkage=0.05


Tree=70
num_leaves=7
num_cat=0
split_feature=20 21 21 3 5 13
split_gain=16.2305 9.63658 12.6231 9.10263 2.05654 0.898043
threshold=20.684154273085454 0.40009327630850056 0.67312341711971502 49.226449185745906 -58.550516302102345 21.08054879736429
decision_type=8 10 10 2 2 2
left_child=1 5 -3 -4 -2 -1
right_child=4 2 3 -5 -6 -7
leaf_value=0.017350161464778361 0.03923251258951499 0.12266687464813456 -0.032501045587326201 0.10499489501912194 -0.038264849583934224 -0.03142119702572916
leaf_weight=0.54548157015233867 0.13301031198352831 4.3739031570148645 3.4956760173954544 0.64610604615882039 11.191595576325197 2.8081792638986371
leaf_count=200 296 2143 3234 598 24869 1030
internal_value=-0.000726437 0.0460843 0.0720829 0.00519636 -0.0342452 -0.0213253
internal_weight=23.194 11.8693 8.51569 4.14178 11.3246 3.35366
internal_count=30568 5403 4173 3832 25165 1230
is_linear=0
shrinkage=0.05


Tree=71
num_leaves=15
num_cat=0
split_feature=20 2 20 5 13 21 10 1 11 6 21 7 4 20
split_gain=65.0714 9.96402 7.74761 5.45968 5.8278 5.06771 4.68577 4.65117 5.16551 4.29338 2.63159 2.8983 2.04525 1.08522
threshold=2.6549014716484653 4.4959952347279826 1.1122275723568953 24.476433284425301 21.515127705528382 0.040355889517861107 2.5000000000000004 287.52391465680404 -103.43200318002847 0.26785527612850851 1.7479236177818402 0.058180763738366011 32.935253529760608 3.1058799554398253
decision_type=8 2 10 2 2 8 2 2 2 2 10 2 2 8
left_child=2 9 3 4 -1 -3 12 -6 -9 10 11 -2 -4 -7
right_child=1 5 6 -5 7 13 -8 8 -10 -11 -12 -13 -14 -15
leaf_value=0.074210867766293154 -0.022143152452488223 0.0092534520980515761 0.047890946879655949 -0.019510311102763259 0.054538139075075688 0.0083183310134751481 0.071673765122141034 0.027529115696019901 -0.03080991710320137 0.068652944308346397 -0.031401546945644468 0.06207641894320759 0.013311906575055002 -0.041136111151769288
leaf_weight=4.4515302535146537 1.1196116555947833 5.2067601049784571 9.1953360240440851 7.0699171705637127 4.0434004357084676 0.81578021729364991 16.561591299250722 6.5811368683353164 6.5997404542285842 2.0922586598899215 3.003186052897945 1.325690592639148 9.2024458067025972 64.51750038517639
leaf_count=206 204 1996 208 325 200 337 316 309 309 426 645 242 209 26630
internal_value=-0.000316792 -0.0308365 0.0367747 0.0166992 0.028849 -0.0366591 0.0523586 0.0136967 -0.00179434 0.0215464 -0.00438406 0.0282807 0.0321727 -0.0404025
internal_weight=141.786 78.0808 63.7051 28.7457 21.6758 70.54 34.9594 17.2243 13.1809 7.54075 5.44849 2.4453 18.3978 65.3333
internal_count=30568 28581 1987 1320 1002 27046 667 851 618 1535 1171 446 417 26967
is_linear=0
shrinkage=0.05


Tree=72
num_leaves=31
num_cat=0
split_feature=20 13 11 21 1 13 1 20 13 20 13 3 16 3 11 21 5 20 3 3 10 1 12 3 7 20 16 11 1 12
split_gain=142.122 152.584 34.8745 34.4266 21.6947 17.3208 11.8631 12.2784 13.2167 10.7099 11.1647 8.83452 8.46109 8.07423 7.0076 6.25817 6.88905 6.83323 5.60547 5.47478 5.25311 5.02644 4.96306 3.61445 4.64315 2.86173 2.6746 4.57934 2.66912 3.22361
threshold=13.721344332421252 13.107349162893671 -121.45602090548648 0.87083519668870768 927.70716135805162 25.732919066663786 11.1429102000354 39.820579571058055 20.536113126360487 3.4967253736869552 22.514365587899977 53.315700641367407 43.778093570289805 24.386675083683006 -101.04765222615698 1.7905614443306803 -4.0295599991858984 57.064438286372109 15.424358299368601 36.460475758077756 4.5000000000000009 325.17847434392957 -126.10251266064104 37.836053019728958 0.074862852969624569 41.760879342068712 1.0000000180025095e-35 -107.6159169005925 49.587467586779006 -105.14231380933664
decision_type=8 2 2 8 2 2 2 8 2 10 2 2 2 2 2 10 2 8 2 2 2 2 2 2 2 10 2 2 2 2
left_child=3 12 22 9 6 14 26 8 13 10 -1 20 -2 -8 18 16 17 -6 -5 -7 -10 -12 -3 24 -23 -9 27 -4 29 -27
right_child=1 2 4 5 15 19 7 25 11 -11 21 -13 -14 -15 -16 -17 -18 -19 -20 -21 -22 23 -24 -25 -26 28 -28 -29 -30 -31
leaf_value=-0.04227155856405921 -0.025509092887310611 -0.032316007668156871 -0.013175523145736967 -0.049386709786960942 -0.038589360998355957 0.026238224004094274 0.010671132384010754 0.040897351305876017 0.029990464048738424 -0.058000078966224555 -0.0031046969181264725 -0.034719174125233072 -0.058507724794894127 -0.049351315473515067 0.0021185045942493301 -0.033812699077326085 0.024604466148114481 0.012046725885018065 -0.014376455766807626 -0.004157369075384703 -0.014093037790152245 -0.039803238324302964 -0.0011284964520615031 -0.010135605646043851 -0.016129071238833826 0.0031505471213129788 -0.013713005452638833 0.028344299529179242 0.033054546675116751 0.03371330833438415
leaf_weight=92.538931930437684 32.700546039268374 26.671364396810532 10.329920642077923 20.109280228614807 12.04728448018432 44.385428009554744 10.689224060624841 127.81621145643294 92.402656266465783 35.71914504468441 34.265876971185207 5.339118417352438 57.876091599464417 10.13811558485031 26.271836422383785 12.413584770634769 22.098287656903267 12.881737366318701 27.599676012992859 21.628928871825337 6.7148829158395529 51.316184308379889 23.805537939071655 32.366788644343615 37.878046495839953 19.030761843547225 15.497698776423929 15.515100955963137 236.90977157093585 15.139983043074606
leaf_count=508 204 294 277 228 207 1072 211 6021 3539 213 226 202 361 201 282 237 418 221 314 522 257 314 262 202 231 785 401 415 10810 624
internal_value=0.000577251 0.0136 0.0217843 -0.0224428 0.0250142 -0.00212169 0.0280297 0.03006 0.0162129 -0.0324144 -0.0285169 0.0234445 -0.047003 -0.0194684 -0.0186168 -0.00366449 0.00483192 -0.0129684 -0.0298442 0.016366 0.026893 -0.0201311 -0.0179152 -0.0248661 -0.0300398 0.0343576 0.00218688 0.0118767 0.031135 0.0172655
internal_weight=1190.1 766.018 675.441 424.08 624.964 139.995 565.523 524.181 125.284 284.085 248.366 104.457 90.5766 20.8273 73.9808 59.4409 47.0273 24.929 47.709 66.0144 99.1175 155.827 50.4769 121.561 89.1942 398.897 41.3427 25.845 271.081 34.1707
internal_count=30568 26484 25919 4084 25363 2389 24229 23158 4367 1695 1364 3955 565 412 795 1134 889 428 542 1594 3796 1029 556 760 545 18791 1071 692 12369 1409
is_linear=0
shrinkage=0.05


Tree=73
num_leaves=31
num_cat=0
split_feature=12 20 19 9 7 16 15 13 15 6 13 8 8 16 1 16 2 12 9 4 9 4 8 3 3 12 4 8 8 6
split_gain=17.7752 12.1312 9.07528 6.05434 7.44329 9.56298 6.53393 5.46534 11.4186 7.20803 5.3711 5.23923 7.22739 4.68079 4.50361 4.36033 9.91728 14.0461 8.19765 4.03617 3.52227 4.09183 4.19588 4.1656 5.0219 3.41675 3.84818 3.17564 4.19205 5.53229
threshold=-115.39609432528648 0.47749307122403956 2.5000000000000004 0.40444531485918672 0.11921820548435492 1.0305959579886638e-06 1.0000000180025095e-35 14.200582615044683 1.0042716093333131e-08 -0.36864478272121065 23.035621486405109 0.20416285401850856 0.11418724398035908 3.4642726063819986 4.0342158382659354 1.0000000180025095e-35 5.4009014686775751 -104.52466975605644 0.17625547962054314 75.849237101922952 0.43356405877753007 73.148477577477919 0.39977893910314694 28.216821474493255 15.076166370596702 -91.959178695584527 17.216500762918603 0.33097479241854272 0.28534700561485865 0.0038744439306485534
decision_type=2 10 2 2 2 2 2 2 2 2 2 2 2 2 2 2 2 2 2 2 2 2 2 2 2 2 2 2 2 2
left_child=7 14 3 4 5 27 -5 -1 9 -9 13 12 -11 20 -2 -12 17 18 -17 -13 21 22 23 24 -4 -19 -27 28 29 -3
right_child=1 2 10 6 -6 -7 -8 8 -10 11 15 19 -14 -15 -16 16 -18 25 -20 -21 -22 -23 -24 -25 -26 26 -28 -29 -30 -31
leaf_value=-0.0058931319365855515 0.037057994621183046 -0.022685807206150932 0.060885140301749199 0.086439876941634505 -0.021199671476714855 0.087044221896863672 0.013197551629020702 0.080329975143396362 0.099055343009336827 0.0035625707628525968 -0.025998779146359376 -0.01964398946235572 0.071919320131588513 -0.01383553724704472 -0.036966424435580875 -0.0031126544529278535 -0.032985849085274431 -0.034183868385426905 0.13860588892612993 0.036902564589813135 -0.026236290652923256 -0.025131729499911982 -0.010794601167556032 0.10090530281643735 -0.027817011650090435 0.074174318728693275 -0.023370805229964771 -0.014925971776444717 0.071773764656394817 0.041021573741042081
leaf_weight=8.1453320046421123 1.4265585474204296 6.2283019686583492 2.8096733968704992 5.1401978235226116 12.78514258377254 3.9418142745271325 6.9029337400570512 4.1925748265348366 5.626488775247708 8.4351374059915578 36.383928450988606 11.468146648257969 6.3169215954840183 9.3608160235453379 27.900457467185333 1.3705971413292029 9.3820346172433329 4.4632835830561852 2.5559413703158498 3.2417893558740616 1.6648568571545181 1.4763053134083746 1.9515117465052751 3.4908129132818431 1.9674694305285811 1.0843440131284301 1.2656305290292946 7.8057849486358464 2.4346913038752973 5.5006485914345831
leaf_count=457 338 562 450 337 1078 321 453 252 333 497 8699 710 372 1403 6601 256 2143 1049 478 201 252 221 301 521 315 257 300 677 215 496
internal_value=-0.000599797 -0.00378358 0.00283995 0.0191487 0.00896023 0.0240765 0.048689 0.0307903 0.0383545 0.0256408 -0.00771318 0.0154767 0.0355408 0.0124442 -0.0322624 -0.0158941 0.00274287 0.0341058 0.098547 -0.00562645 0.0305379 0.0400495 0.0508663 0.0650147 0.0258616 -0.0108919 0.0303451 0.00948099 0.0230293 0.0080672
internal_weight=206.72 159.294 129.967 50.7395 38.6964 25.9112 12.0431 47.4264 39.2811 33.6546 79.2272 29.462 14.7521 22.7214 29.327 56.5058 20.1218 10.7398 3.92654 14.7099 13.3606 11.6958 10.2195 8.26796 4.77714 6.81326 2.34997 21.9694 14.1636 11.729
internal_count=30568 27906 20967 4052 3262 2112 790 2662 2324 2023 16915 1780 869 3405 6939 13510 4597 2335 734 911 2020 1748 1574 1233 765 1601 557 1905 1253 1058
is_linear=0
shrinkage=0.05


Tree=74
num_leaves=31
num_cat=0
split_feature=12 20 1 21 1 16 16 20 6 11 19 4 1 5 20 19 3 20 20 15 3 1 1 6 12 11 6 20 11 9
split_gain=23.4582 14.4355 10.1277 7.90308 6.89435 6.30337 5.77621 5.77278 9.0765 5.36068 5.94184 6.86719 5.19515 4.83147 4.76916 9.37865 5.99531 5.24067 4.56692 4.2056 5.42397 3.63407 5.6011 2.62425 2.85079 3.693 2.16613 2.00881 1.72061 1.37226
threshold=-109.93124938226798 28.476444016397604 13.918898324500903 0.20662457464586353 3.0741393647482753 9.4770316062671789 4.0031988095476132 26.076713247813153 -0.20931329787865402 -124.12575205840449 4.5000000000000009 55.989601977123108 893.57775185249568 -46.835549813401649 1.9788344174564303 2.5000000000000004 15.424358299368601 26.076713247813153 9.9612251709531154 3.5371288902494131e-11 20.314263079117001 993.70085261680754 1062.5505297263701 -0.038248842752062633 -100.41974939818677 -105.39834089579799 0.41401922927857765 2.2761312847482005 -100.9190042308975 0.25698933207409885
decision_type=2 8 2 10 2 2 2 8 2 2 2 2 2 2 10 2 2 10 8 2 2 2 2 2 2 2 2 10 2 2
left_child=2 14 -1 13 -3 6 7 8 -5 -9 12 -12 26 -4 19 16 -16 23 -10 20 -2 -6 -23 24 25 -17 -11 -15 -18 -20
right_child=1 4 3 5 21 -7 -8 9 18 10 11 -13 -14 27 15 17 28 -19 29 -21 -22 22 -24 -25 -26 -27 -28 -29 -30 -31
leaf_value=0.076922686662256115 0.04043711923704503 0.037675217470693217 0.038937208756410456 0.1091491456166338 -0.032444011645306602 -0.025502965756234387 0.08426790803858529 0.040874401060903454 -0.015168522248062664 -0.032152316461408703 -0.0079253993125876551 0.093121113180710396 0.035529098478239082 -0.03800446248354878 0.0051578414553778802 -0.015892574924540617 0.032684916398407114 0.053638284051149759 0.071359091287677603 -0.033257733019906838 -0.032303562736622181 0.065047533606584954 -0.030313649974836238 -0.036975861195561975 -0.030984590910200963 0.059203118411856895 0.025236845799253078 0.00754075863305352 0.080336989882271018 0.014201221847206675
leaf_weight=7.7066333503462365 5.5492412161547735 3.2812461063731453 2.587881174404175 3.8960874429903933 56.893313565989956 4.4489561100490391 4.066746688913554 11.880649792961767 4.2196094901300967 13.444020615657804 3.1681847244035461 2.2688614237122238 3.3978248354978859 8.8381222346797568 7.139962201006715 2.5311226923950034 5.5034497068263626 2.0541161736473441 2.4487246049102396 9.179311177460475 3.2871095682494342 1.7221868538763381 2.6237702078651637 7.5474696247838438 2.8424187544733313 2.3808789607137442 1.1131248178426174 2.8224904334638268 6.6324429754167751 2.4005217244848609
leaf_count=746 445 902 277 315 16266 450 419 1325 346 2465 452 324 555 989 272 415 202 368 217 696 264 239 364 1387 488 391 204 316 244 212
internal_value=-0.000106516 -0.00933278 0.0256562 0.0191006 -0.0251795 0.0273689 0.0322602 0.0262532 0.0536787 0.0149706 0.000677932 0.0421568 -0.0134439 -0.013468 0.00949317 0.0196766 0.0427956 -0.00693224 0.0213744 -0.0111591 0.0128446 -0.0290985 0.0125743 -0.0178547 0.00285389 0.024364 -0.0264239 -0.0272552 0.0628608 0.0503295
internal_weight=197.876 119.168 78.7084 71.0018 64.5205 56.7533 52.3044 48.2376 12.9649 35.2727 23.392 5.43705 17.955 14.2485 54.6475 36.6319 19.2759 17.356 9.06886 18.0157 8.83635 61.2393 4.34596 15.3019 7.75442 4.912 14.5571 11.6606 12.1359 4.84925
internal_count=30568 22945 7623 7270 17737 5744 5391 4980 1047 3933 3707 776 2931 1526 5208 3842 733 3109 743 1366 709 17508 603 2812 1332 806 2669 1305 446 429
is_linear=0
shrinkage=0.05


Tree=75
num_leaves=31
num_cat=0
split_feature=13 20 16 19 12 11 12 21 1 3 6 13 3 3 4 1 20 21 2 20 13 1 6 15 19 3 20 8 21 16
split_gain=160.472 100.384 46.3996 43.2323 16.4888 16.216 17.8883 12.7108 11.7898 10.5558 6.28594 8.88078 5.43134 5.31709 4.83893 4.82344 3.20106 4.82524 2.93867 1.78374 1.4493 2.37406 1.16199 0.761018 0.650258 0.543496 0.406131 1.10815 0.214208 0.131502
threshold=20.816959234334579 6.2446309113009404 30.881699610339378 2.5000000000000004 -106.92796076264298 -109.96507533342698 -91.274458904112421 0.20662457464586353 221.54394685754201 24.912660821972004 -0.060454756581021611 33.732848363396123 16.164719066788951 0.71962123778735709 46.207303278157958 850.00986522849462 16.859166200439002 0.92439795558064008 4.7595998048414021 1.9788344174564303 24.261735235895426 12.422890885828702 0.025898500777972625 1.8488836006079681e-09 2.5000000000000004 8.9757407311941453 35.308127856327552 0.21130076362807151 0.29295452816024753 7.6923507294560123
decision_type=2 8 2 2 2 2 2 8 2 2 2 2 2 2 2 2 8 8 2 10 2 2 2 2 2 2 8 2 8 2
left_child=2 4 3 5 14 -1 22 9 -6 -3 12 -12 -10 -5 19 -13 17 -9 -15 -2 21 -18 -7 -23 -19 -20 27 -25 -22 -28
right_child=1 7 -4 13 8 6 -8 16 10 -11 11 15 -14 18 -16 -17 20 24 25 -21 28 23 -24 26 -26 -27 29 -29 -30 -31
leaf_value=-0.0009750182805432538 -0.040881774520271107 0.042295456776210522 0.06186206774591832 0.019725862262236982 -0.01531375476172462 0.063979633772048988 0.0042561429940674161 0.0041415101040577391 0.03026000959626278 -0.032911462598828357 0.060487803859310574 -0.0015332195216255454 -0.0058661112958794254 -0.00031987931826325209 0.0081370419785690307 0.039747302321557758 0.0062368741138030485 -0.016916880261952632 -0.016725281208429206 -0.010899868339857273 -0.016252404479004626 -0.0061793918355885699 0.044406421516481061 0.0015901531890695937 -0.039961149783485507 -0.041262472804950795 -0.040430102248854877 -0.034476624692471876 -0.041525957765106009 -0.016704494117717496
leaf_weight=30.024301316589117 12.935572980903091 8.7264133961871284 75.716080337762833 4.7448375318199387 16.317960285581648 32.775487582199275 23.340218966826797 11.332208336330948 22.712583952583373 7.9934489028528333 27.610203912481666 13.778514280915264 18.043699448928237 5.8906661169603458 13.040938970632849 13.394058929756282 3.9478816566988817 6.307304308749738 4.5050772968679658 9.1871476890519261 2.5531176682561636 2.9247658075764766 27.956149742007256 3.3781869029626259 17.763130761682987 29.265591610223055 23.224312109872702 4.3968273755162954 238.22907081618905 2.6253736978396773
leaf_count=298 305 263 1152 230 204 235 211 541 252 240 287 205 201 308 297 200 264 360 237 217 211 207 201 200 1013 1539 1775 260 19691 201
internal_value=-0.000679614 -0.0204751 0.0299133 0.0143593 0.0138776 0.0305842 0.0417339 -0.0356199 0.0232211 0.00651221 0.0298932 0.0408735 0.0145087 -0.0270842 -0.0156648 0.0195036 -0.0378578 -0.0225901 -0.0330317 -0.0294407 -0.0396926 -0.0292175 0.0558349 -0.0331112 -0.0348384 -0.0385643 -0.0352076 -0.0204105 -0.0413263 -0.0387324
internal_weight=714.641 480.423 234.218 158.502 147.021 114.096 84.0719 333.402 111.857 16.7199 95.5391 54.7828 40.7563 44.4062 35.1637 27.1726 316.682 35.4026 39.6613 22.1227 281.28 40.4973 60.7316 36.5495 24.0704 33.7707 33.6247 7.77501 240.782 25.8497
internal_count=30568 27003 3565 3280 2200 1132 761 24803 1399 503 1023 570 453 2148 801 405 24300 1689 2071 522 22611 2709 436 2582 1373 1776 2436 460 19902 1976
is_linear=0
shrinkage=0.05


Tree=76
num_leaves=12
num_cat=0
split_feature=20 21 5 3 19 12 11 0 21 3 13
split_gain=14.2069 7.65935 11.0222 8.05574 7.53278 5.76698 2.51782 2.21717 1.34124 1.27553 0.95135
threshold=32.836670301168105 0.40009327630850056 11.831597877111951 10.405171446727502 2.5000000000000004 -100.65392955668433 -100.67927542447599 280.88329310040757 0.7808619957522146 12.784571299494202 20.250773242641426
decision_type=8 8 2 2 2 2 2 2 10 2 2
left_child=1 10 3 -3 5 -5 -4 -6 -8 -9 -1
right_child=-2 2 6 4 7 -7 8 9 -10 -11 -12
leaf_value=0.018601958880257952 -0.037719701117000126 -0.021244144116180641 -0.031689725046281952 0.18106122763947249 0.07361737015023051 0.024306083494232005 0.069586131789557845 0.037370352478093706 -0.012202261146802187 -0.026087968955430387 -0.031714364392813887
leaf_weight=0.51257706517936208 9.5163963361410424 1.0079348928993566 2.861029564548518 2.527222877833994 0.22868417153949994 1.1220024733047473 0.26810910599306326 0.15935255153454009 0.41331852387520485 1.6615442272741345 2.9134034396265633
leaf_count=200 12543 622 1844 482 293 214 201 206 309 2144 1138
internal_value=-0.000675874 0.0384715 0.0587197 0.0923747 0.112642 0.148459 -0.0113062 0.0210992 0.0422243 -0.00925552 -0.0216843
internal_weight=23.1916 13.6752 10.2492 6.70674 5.69881 3.64923 3.54246 2.04958 0.681428 1.8209 3.42598
internal_count=30568 7763 6425 4142 3318 696 2283 2622 510 2350 1338
is_linear=0
shrinkage=0.05


Tree=77
num_leaves=15
num_cat=0
split_feature=20 2 8 8 2 7 9 6 11 3 6 2 8 2
split_gain=57.6835 11.5921 7.24398 7.20564 6.57714 5.22286 5.14103 8.76352 4.53126 4.17724 4.32288 3.16888 5.90179 1.53322
threshold=4.3762599157402358 4.4959952347279826 0.44165800079303136 0.18737756200169733 5.3350114935374329 -0.075913039610038244 0.13611394862487461 -0.24064881082318554 -108.70827774347349 9.7970106957273764 -0.23263460114014831 3.9879552895191459 0.17736202774738799 5.1207773483784793
decision_type=8 2 2 2 2 2 2 2 2 2 2 2 2 2
left_child=2 9 3 4 13 -6 -5 -8 -9 -2 -11 -12 -13 -1
right_child=1 -3 -4 6 5 -7 7 8 -10 10 11 12 -14 -15
leaf_value=0.0049027937572233629 -0.028287428873074668 -0.041067799111294351 -0.015445657147732023 0.072861130518861159 0.061923119693545615 0.0045151480820767483 -0.0061039213552040511 0.076184917690578891 0.022897212185794935 -0.023371795995121732 -0.0013003109326309254 -0.00053119871465550945 0.1328656150113959 -0.030593862856711781
leaf_weight=5.0471837053773969 2.0741812369087711 59.385914668207988 7.3753229035064578 13.681700282031668 7.2822728154715177 7.9212666410021448 9.1960122089367342 9.1049465618561989 8.6068668533116597 1.2636120875831709 1.2626194350887088 1.2218536937143667 1.5287156088743357 5.837883607018739
leaf_count=200 429 25093 236 415 212 231 301 271 256 264 254 257 321 232
internal_value=-0.000275616 -0.0337766 0.0298659 0.035032 0.0137916 0.0341373 0.0480242 0.0332372 0.0528979 0.0229903 0.0444418 0.0661968 0.0892662 -0.0151071
internal_weight=140.79 66.7369 74.0535 66.6781 26.0886 15.2035 40.5895 26.9078 17.7118 7.35098 5.2768 4.01319 2.75057 10.8851
internal_count=30568 28199 2369 2105 875 443 1230 880 527 1520 1102 808 578 432
is_linear=0
shrinkage=0.05


Tree=78
num_leaves=31
num_cat=0
split_feature=20 10 11 19 1 13 21 17 1 10 20 21 20 1 3 4 19 3 20 12 1 1 21 6 0 3 21 11 15 12
split_gain=123.337 135.57 38.6725 30.2678 19.7497 13.9498 12.1777 11.808 9.94917 9.30408 9.15533 9.02348 11.5797 8.27118 7.20318 7.13062 6.67678 6.22645 5.67962 5.55532 5.65593 5.03989 4.86787 4.78696 4.54895 4.54531 3.92447 3.78627 3.77642 3.61027
threshold=13.721344332421252 13.500000000000002 -119.26077996308699 2.5000000000000004 927.70716135805162 25.269338078267918 0.20662457464586353 4.1802235865740469 69.132791358769865 2.5000000000000004 39.820579571058055 0.75625162307237259 1.7821107921224553 7.3673002632836306 23.122229409609854 66.992301630877066 3.5000000000000004 34.554749309134259 0.97664109531747711 -126.10251266064104 67.204435015407668 1013.1202485432701 0.48887558116160207 -0.034811397346700794 119.09871861045953 27.910554909331804 3.6823681223973757 -102.94919609842499 3.5820730905849434e-09 -102.19517890132549
decision_type=8 2 2 2 2 2 8 2 2 2 8 8 10 2 2 2 2 2 10 2 2 2 10 2 2 2 8 2 2 2
left_child=3 2 19 9 5 6 -4 17 15 11 14 12 25 29 -10 23 -16 -5 27 -2 -21 -6 -23 -8 -15 -1 -22 -11 -19 -7
right_child=1 -3 4 7 21 13 8 -9 10 18 -12 -13 -14 24 16 -17 -18 28 -20 20 26 22 -24 -25 -26 -27 -28 -29 -30 -31
leaf_value=-0.02222781814732816 -0.029628480084385109 -0.055357734932977944 -0.048895274328928526 0.021959464098906936 -0.022120190738843994 -0.012694842582040892 -0.014253120957976873 -0.048016387282966172 0.02672433694846052 -0.016034563758432624 0.035185497204103078 0.0064691620384256417 -0.049100166104980428 -0.0091169428553980105 -0.042759503556849626 -0.04412456648909116 0.011352280318768887 0.0073842984286932745 -0.044872334111841945 -0.031261245593964038 -0.0049647276620132146 -0.01871785296070555 0.018924071806779109 0.025199396855022368 0.034781463521673182 0.0010219514576496889 0.029713161119120521 -0.036308049133229686 -0.028299857279013487 0.027175343737057153
leaf_weight=66.564625388011336 31.181057304143906 65.025369167327881 6.3290283586829901 50.541616421192884 21.310521870851517 14.031913930550221 13.655556805431846 8.3092583213001472 19.487391360104084 48.384419951587915 72.369884334504604 29.309471789747477 33.280809175223112 5.624030513688921 9.7800251357257402 7.9660416413098574 11.408930353820322 18.150569085031755 83.897134620696306 11.327408442273734 20.909962639212608 11.429992057383059 27.214415464550257 15.299278574064372 351.79477601870894 30.392765324562788 12.139919908717273 48.474456533789635 11.189582681283353 8.1338024493306857
leaf_count=460 412 2339 222 1311 403 380 411 200 521 202 2784 220 210 283 245 219 285 373 356 204 396 247 589 460 17724 210 230 202 230 220
internal_value=0.000539073 0.0130457 0.0197431 -0.0206598 0.0240139 0.0270536 0.0143478 0.00539605 0.0173231 -0.0274083 0.0246303 -0.0184173 -0.0240245 0.0322339 0.00545713 -0.00511006 -0.0144251 0.011477 -0.0351994 -0.013809 -0.00228569 -0.00315387 0.00759928 0.0067383 0.0340672 -0.0150038 0.00827173 -0.0264481 -0.00670893 0.00247721
internal_weight=1164.91 736.419 671.394 428.495 595.836 535.881 156.296 88.191 149.967 340.304 113.046 159.548 130.238 379.585 40.6763 36.9209 21.189 79.8818 180.756 75.5583 44.3773 59.9549 38.6444 28.9548 357.419 96.9574 33.0499 96.8589 29.3402 22.1657
internal_count=30568 26484 26213 4084 25215 24081 5474 2119 5366 1965 4349 1199 823 18607 1087 1017 530 2072 766 998 799 1134 836 871 18007 670 626 404 603 600
is_linear=0
shrinkage=0.05


Tree=79
num_leaves=31
num_cat=0
split_feature=12 20 19 9 7 16 12 2 20 8 6 13 15 13 15 6 4 8 8 21 8 6 1 9 2 0 1 2 13 8
split_gain=15.096 11.6456 7.68373 5.67415 6.41804 8.56667 5.17303 8.64537 7.70664 5.74432 8.04912 9.88987 5.13175 4.76039 9.58474 6.4787 4.75045 5.36716 6.09307 4.54362 4.88025 4.44969 4.18705 3.76022 3.72824 3.57316 4.99728 3.51865 3.43365 3.12948
threshold=-115.60046546217926 0.72921310767638003 2.5000000000000004 0.40444531485918672 0.11921820548435492 1.0305959579886638e-06 -106.64133133947102 5.558704595810851 4.9635452817963612 0.39977893910314694 0.20800599064800854 22.995580290030521 1.0000000180025095e-35 14.200582615044683 1.0042716093333131e-08 -0.36864478272121065 80.123503430390556 0.20416285401850856 0.11418724398035908 3.2149716763849354 0.15655316392489918 -0.060454756581021611 4.0342158382659354 0.20998946148393707 5.1996562066337475 256.93112248141159 21.937043288818554 5.2787704876946195 22.712426227370731 0.38194505853523181
decision_type=2 10 2 2 2 2 2 2 10 2 2 2 2 2 2 2 2 2 2 8 2 2 2 2 2 2 2 2 2 2
left_child=13 22 3 4 5 -3 7 9 -8 10 19 -12 -5 -1 15 -15 17 18 -17 21 -21 27 -2 -13 25 -10 -27 -4 -29 -6
right_child=1 2 6 12 29 -7 8 -9 24 -11 11 23 -14 14 -16 16 -18 -19 -20 20 -22 -23 -24 -25 -26 26 -28 28 -30 -31
leaf_value=-0.0056795617012318136 0.03521852309107866 0.0080920407407188023 -0.025655490241029213 0.078693837940249034 -0.033483810440766447 0.079952811213954159 0.054123399852607217 -0.023765615208679119 -0.028413869413853113 -0.023210537338621058 -0.006640550086929123 0.027461615723722622 0.013992135818532632 0.07405243454134107 0.089035650983708553 -0.0065767641996160031 0.053497558931609263 -0.019896536555087517 0.059229402464158004 0.09998634284120704 -0.0063880380393482586 -0.034341904568164265 -0.035298795977445042 0.17515668552078587 -0.037580551441529164 0.074491944369815252 -0.0044895255651993113 0.087923155158467908 0.0023167194602885981 0.020623501812600531
leaf_weight=8.0866023013368231 1.4840874844230736 21.596697496715937 1.5671210051514268 5.5267026012297711 9.3706918004900217 4.2206489306408912 2.5585942156612864 12.3726350935176 9.5044139875099098 3.9115979885682464 1.5969021811615682 1.0463282722048475 6.7860470854211599 4.4601315616164348 6.1174893530551344 6.966149382526063 5.069313635583967 11.577962311683221 5.7565344132017344 1.7598361829295774 1.5839057192206383 4.4985280884429821 28.133795205038041 1.4966378067620096 20.692819883814082 1.506338915089146 9.4847342972643656 1.6306996729690593 2.2120056860148907 2.8413434855174273
leaf_count=428 358 1723 271 346 859 337 611 2389 2068 671 273 211 424 254 338 402 292 718 332 279 251 770 6778 301 5060 336 2117 295 399 261
internal_value=-0.000563245 -0.00302841 0.00358213 0.0185965 0.00851232 0.0223832 -0.00629319 0.00830349 -0.0174641 0.027159 0.0391336 0.0926587 0.0467638 0.0287283 0.0356621 0.0237314 0.0139029 0.00385508 0.0253445 0.0170845 0.0597273 -0.00146218 -0.0307305 0.13929 -0.0230886 -0.00738948 0.0116445 0.0269711 0.049299 -0.0202867
internal_weight=205.417 157.383 127.765 50.3421 38.0294 25.8173 77.4231 33.6762 43.7469 21.3036 17.392 4.13987 12.3127 48.0342 39.9476 33.8301 29.37 24.3006 12.7227 13.2521 3.34374 9.90835 29.6179 2.54297 41.1883 20.4955 10.9911 5.40983 3.84271 12.212
internal_count=30568 28027 20891 3950 3180 2060 16941 6502 10439 3657 2934 708 770 2541 2208 1923 1691 1508 734 2226 530 1696 7136 512 10072 4460 2453 937 694 1120
is_linear=0
shrinkage=0.05


Tree=80
num_leaves=31
num_cat=0
split_feature=12 20 1 21 5 21 4 20 8 17 16 9 7 8 8 9 3 9 10 8 21 20 8 20 6 2 21 20 20 5
split_gain=20.7634 13.265 8.20714 6.6399 6.43065 6.33479 8.94091 10.4024 5.94131 5.21705 10.7901 5.69437 10.1084 4.46654 5.7311 7.79075 4.21875 4.56175 6.32775 5.01491 7.24591 4.44681 4.45243 4.84454 5.05668 4.09851 3.56708 8.80844 10.8893 3.16928
threshold=-109.93124938226798 70.273120258160176 7.3673002632836306 0.20662457464586353 -46.835549813401649 1.8148218044357003 74.042439166136461 13.721344332421252 0.48973282022883385 2.1407360847344821 0.8082573963476084 0.19171554983468567 0.035678646320994829 0.29286234686490081 0.11992570358722256 0.25866570145584006 7.247548167561046 0.038134794410527924 1.5000000000000002 0.14521230187673864 0.60063414537698467 50.881774506966956 0.034667439954874986 9.9612251709531154 0.054065914924006371 5.1377985439673912 0.65942640182703072 1.9788344174564303 15.803498879240552 20.822599880172753
decision_type=2 8 2 10 2 8 2 10 2 2 2 2 2 2 2 2 2 2 2 2 8 10 2 8 2 2 8 8 10 2
left_child=2 4 -1 25 -2 6 7 -5 16 10 11 12 -7 14 -9 -16 -6 18 -18 20 -19 22 -22 -24 -25 -4 27 -21 -29 -28
right_child=1 -3 3 5 8 9 -8 13 -10 -11 -12 -13 -14 -15 15 -17 17 19 -20 26 21 -23 23 24 -26 -27 29 28 -30 -31
leaf_value=0.07623035555887886 0.078037242284891006 -0.030523739314694816 0.03662882404057019 0.079030866993904464 -0.027342526913256782 0.068877441128714342 0.10569982452331006 -0.015731816553114682 0.078257654410993346 -0.034710627563972252 0.10314276151770141 -0.01198530059548189 -0.024447600761725145 -0.023208179449538957 0.00043313331860667358 0.10495634480745829 0.084320453122541938 -0.026725430756451035 -0.014724824480843704 -0.02913769284571583 -0.0033264718238252694 -0.025499850836830092 0.0095069242107590525 0.12690640854062116 0.019841267837675786 -0.023514687092451511 -0.030275253139259547 0.095595244881670483 -0.028982862561681613 0.011046805705694369
leaf_weight=6.0675815041176966 1.8398488468956191 42.47209231252782 2.6871702638454744 6.333275205222896 11.808930985163895 6.5318770331796339 3.9840779437217861 4.3290508929640081 1.4255017696414141 4.4102142651099712 2.3748445524834096 15.033396254992111 4.054023448145017 6.4950690660625696 3.4720822151284674 2.6822851100005209 2.8803789154626429 4.8163096734788304 2.3206696633715183 5.997146133100614 2.6483723495621225 1.5577493242453782 2.6911922513972986 3.0918236009310931 2.0997621521819383 11.79674503742717 19.497788780834529 3.6192632727324963 2.2260499433614314 5.4282322663348168
leaf_count=576 259 8371 289 714 1671 587 414 542 202 412 226 1450 365 862 439 340 358 668 288 508 383 253 389 522 354 1269 3558 373 230 990
internal_value=-6.74485e-05 -0.00859919 0.0242858 0.0190799 0.00423228 0.0263649 0.0437168 0.0292117 0.00130751 0.0108774 0.0190088 0.00762802 0.034112 0.00726611 0.0265235 0.0542908 -0.00131443 0.00427568 0.0448794 -0.000407758 0.0213944 0.0411429 0.0523571 0.0693335 0.0938018 -0.0107114 -0.0107329 0.0112283 0.0508493 -0.0211974
internal_weight=196.673 116.421 80.2517 74.1841 73.949 59.7002 27.2958 23.3118 72.1092 32.4044 27.9941 25.6193 10.5859 16.9785 10.4834 6.15437 70.6837 58.8747 5.20105 53.6737 16.9052 12.0889 10.5312 7.88278 5.19159 14.4839 36.7685 11.8425 5.84531 24.926
internal_count=30568 22945 7623 7420 10400 5862 2834 2629 10197 3028 2669 2471 952 2254 1313 779 10004 8542 646 7896 2345 1962 1521 1140 876 1558 5551 1003 603 4548
is_linear=0
shrinkage=0.05


Tree=81
num_leaves=31
num_cat=0
split_feature=13 21 16 19 20 4 12 13 11 12 20 15 11 9 10 20 20 13 15 12 2 20 16 20 1 1 20 21 9 1
split_gain=141.699 101.454 38.2768 32.0641 19.0437 17.0014 21.1516 15.5325 13.4314 13.1222 11.1361 9.81638 12.6324 6.78335 5.12991 2.94961 8.22534 2.24662 2.28933 3.87233 1.92163 1.29746 1.10252 1.04236 0.675107 0.630056 0.347839 1.38662 0.17908 0.142832
threshold=19.894413115184516 0.50468699732245115 30.881699610339378 2.5000000000000004 6.749388424833306 65.389073845052323 -105.47162297430212 35.745680635073541 -109.96507533342698 -93.062434228652748 0.97664109531747711 1.5881867761018134e-22 -104.10229709212798 0.25308718865216046 5.5000000000000009 1.7821107921224553 24.590731963431402 24.414914944800099 3.7024271476843012e-09 -95.204188214687875 5.2787704876946195 30.333696289211403 8.3965474994844698 3.9250354428408305 908.39238988084162 12.422890885828702 16.356609021194803 0.84502221873899719 0.006093683551156027 2.0337582716943507
decision_type=2 8 2 2 8 2 2 2 2 2 10 2 2 2 2 10 10 2 2 2 2 8 2 10 2 2 8 8 2 2
left_child=2 5 3 8 11 6 15 13 -1 -10 -9 23 -13 -8 22 -2 -17 18 19 21 -12 -6 -5 -3 25 -20 27 -19 -28 -30
right_child=1 4 -4 14 17 -7 7 10 9 -11 20 12 -14 -15 -16 16 -18 26 24 -21 -22 -23 -24 -25 -26 -27 28 -29 29 -31
leaf_value=-0.0001486785679058716 -0.034495469038310154 -0.040001473496826111 0.05964716385601776 -0.040712826582382677 0.0002300382524707479 0.069702471491162724 0.021865545901623311 0.022533908347735495 0.05519499724845657 0.0086226806219434245 -0.040709809130713558 -0.024693609290147873 0.037641079207743379 0.059580999660112523 0.013836227352990393 0.02489053931639849 -0.038363734202535027 -0.0076490201468285392 -0.011588198803133949 0.028764438262657462 -0.0091616557138484694 -0.036724343707904096 -0.015933368152086146 -0.010683143810316315 -0.0081383992844320484 -0.038077656276565078 -0.017390110524244797 -0.037428764253663538 -0.018483004666389642 -0.041891499020004226
leaf_weight=28.093733533285558 18.748878720216453 13.338441913947465 72.712128445506096 20.883445531129841 3.4290081076324004 12.457304654642938 24.903666169382632 26.940960112959146 47.955637803301215 22.496115940622985 9.6781090674921906 12.997799212113025 18.587593736127019 25.606424424797297 6.1106402147561312 9.5349933151155746 9.0712510589510185 5.7179215010255611 3.5746788512915364 3.7971631810069066 10.183560189791022 6.63911123946309 7.9992949198931456 5.007613280788064 3.0605691969394684 32.762856615707278 2.7244009822607032 17.541857548989356 2.8745186766609541 210.82175296451896
leaf_count=270 490 531 1010 1087 211 210 229 496 426 200 301 254 364 236 285 353 336 299 252 223 316 409 416 200 207 2310 241 918 255 18700
internal_value=-0.000646326 -0.0186108 0.030693 0.0146013 -0.0334848 0.0160452 0.0106045 0.022826 0.0291362 0.0406527 0.00193411 -0.00483193 0.0120189 0.0417711 -0.0260032 -0.0209984 -0.00633212 -0.0383356 -0.0278863 -0.00952116 -0.0257488 -0.0252547 -0.0346128 -0.0329648 -0.0339538 -0.0358519 -0.0405321 -0.0307251 -0.04144 -0.0416642
internal_weight=696.251 490 206.251 133.539 342.875 147.125 134.668 97.3127 98.5455 70.4518 46.8026 49.9314 31.5854 50.5101 34.9934 37.3551 18.6062 292.944 53.2634 13.8653 19.8617 10.0681 28.8827 18.3461 39.3981 36.3375 239.68 23.2598 216.421 213.696
internal_count=30568 27703 2865 2580 25226 2477 2302 1326 946 626 861 1349 618 465 1634 976 689 23877 3478 813 617 620 1503 731 2665 2562 20399 1217 19182 18955
is_linear=0
shrinkage=0.05


Tree=82
num_leaves=16
num_cat=0
split_feature=20 21 5 3 12 8 7 19 3 11 15 6 7 21 13
split_gain=12.7813 6.89933 9.33735 6.73393 5.4621 5.47919 5.7705 5.88158 2.72264 2.45688 2.01497 1.85196 1.30802 1.30562 0.948773
threshold=32.836670301168105 0.40009327630850056 11.831597877111951 10.405171446727502 -93.309711255601954 0.040659871405630106 0.43218581436447329 2.5000000000000004 19.933789751412103 -100.67927542447599 3.1763735522036267e-22 -0.034811397346700794 -0.1152177917049224 0.6973271657053467 20.021388696579951
decision_type=8 10 2 2 2 2 2 2 2 2 2 2 2 10 2
left_child=1 14 3 -3 5 -5 7 8 -7 -4 11 12 -9 -11 -1
right_child=-2 2 9 4 -6 6 -8 10 -10 13 -12 -13 -14 -15 -16
leaf_value=0.018536199556094656 -0.03748736933452685 -0.021061294814397974 -0.03159375506048661 -0.015159610680598205 -0.01651387193020358 0.057555193667888763 -0.014097991091946985 -0.0063366289286603253 0.21591545843339255 0.068029061347977801 -0.01765941426614473 -0.011243580218202473 0.10840085113536618 -0.012223617989506698 -0.03171966008487391
leaf_weight=0.51330060945475109 8.9358041214873083 0.98989600734785188 2.8235887369373827 0.52928102377336905 0.64437655222718349 1.3898875435697877 0.4689069032901898 0.17853869544343048 1.670343019737629 0.28486259104102019 0.73152482163277455 0.36796331347431377 0.27687308128224686 0.41434484458295628 2.9132157498970628
leaf_count=200 11808 566 1830 267 342 203 239 213 245 208 919 467 331 302 1138
internal_value=-0.00062954 0.0354936 0.0539887 0.083194 0.100316 0.114196 0.127941 0.142313 0.175881 -0.0112059 0.0332646 0.0633799 0.0899719 0.0412661 -0.0217044
internal_weight=23.1327 14.1969 10.7704 7.24759 6.25769 5.61332 5.08404 4.61513 3.06023 3.5228 1.5549 0.823375 0.455412 0.699207 3.42652
internal_count=30568 7763 6425 4142 3318 2835 2589 2401 448 2283 1953 1046 544 510 1338
is_linear=0
shrinkage=0.05


Tree=83
num_leaves=15
num_cat=0
split_feature=20 0 20 5 13 21 1 11 1 10 7 9 1 20
split_gain=51.462 9.66477 6.1627 4.8755 4.88979 4.54399 4.4181 4.39661 4.01186 3.5559 3.26781 2.29126 1.8311 1.03946
threshold=2.6549014716484653 179.31470959597854 1.1122275723568953 24.476433284425301 21.515127705528382 0.040355889517861107 278.03770012810406 -103.43200318002847 67.204435015407668 2.5000000000000004 0.38852868145960684 0.083555631754267626 618.77936343523322 3.1058799554398253
decision_type=8 2 10 2 2 8 2 2 2 2 2 2 2 8
left_child=2 8 3 4 -1 -3 -6 -8 -2 12 11 -10 -4 -7
right_child=1 5 9 -5 6 13 7 -9 10 -11 -12 -13 -14 -15
leaf_value=0.063564074691419323 0.074616543690090603 0.0062261684908282034 0.040928333836166834 -0.020475741739062039 0.049393263577945795 0.0072547356539979964 0.021720482357734001 -0.030950200681364556 0.031770904079290278 0.059495112403677157 0.055528884180018105 -0.033772171162460812 0.0098402696414060555 -0.041050444960847782
leaf_weight=4.9745067190378967 1.5048757536569608 5.5070730403531343 9.9845460895448959 7.3573592554312199 4.3156105447560593 0.85291540843900293 7.2154687431175359 6.6725079317111415 0.92583749722689557 18.370519818039611 0.96868768101558089 4.160096138715744 9.7895095308776927 57.149420988862403
leaf_count=215 306 2345 211 318 202 397 324 299 202 321 202 907 206 26570
internal_value=-0.000234971 -0.029832 0.0304302 0.0130702 0.024125 -0.0361669 0.0105987 -0.00396439 0.0213964 0.0436383 -0.000533412 -0.0185809 0.0267522 -0.0402292
internal_weight=139.749 71.0689 68.68 30.5355 23.1781 63.5094 18.2036 13.888 7.5595 38.1446 6.05462 5.08593 19.7741 58.0023
internal_count=30568 28581 1987 1320 1002 27046 851 623 1535 667 1263 1109 417 26967
is_linear=0
shrinkage=0.05


Tree=84
num_leaves=31
num_cat=0
split_feature=20 10 11 21 1 13 13 21 1 20 13 20 1 3 4 8 19 12 1 21 21 4 20 9 0 21 6 21 4 21
split_gain=107.16 120.152 35.1919 25.9109 18.5985 13.6173 13.38 10.8692 9.49739 9.13473 9.2813 8.94643 8.09587 6.759 6.25766 5.89926 5.77955 4.81863 5.52558 4.80119 4.78017 6.10398 5.83801 4.72748 4.52423 4.49119 4.01018 3.70802 3.51248 3.17848
threshold=13.721344332421252 13.500000000000002 -119.26077996308699 0.87083519668870768 927.70716135805162 25.269338078267918 20.668043038370715 0.20662457464586353 69.132791358769865 3.4967253736869552 22.514365587899977 39.820579571058055 7.3673002632836306 23.122229409609854 66.992301630877066 0.061520488312124928 3.5000000000000004 -126.10251266064104 65.407636232788022 0.0079214145517441572 1.7905614443306803 26.097667974545804 57.064438286372109 0.10434094259215244 119.09871861045953 0.032608304341551854 -0.038248842752062633 2.1674364862874156 35.861893710914757 0.26877559015346802
decision_type=8 2 2 8 2 2 2 8 2 10 2 8 2 2 2 2 2 2 2 8 10 2 8 2 2 8 2 8 2 10
left_child=3 2 17 9 5 7 -5 -4 14 10 -1 13 28 -10 23 -8 -15 -2 -19 -12 21 22 -6 -9 -14 26 -21 -20 -7 -26
right_child=1 -3 4 6 20 12 15 8 11 -11 19 -13 24 16 -16 -17 -18 18 27 25 -22 -23 -24 -25 29 -27 -28 -29 -30 -31
leaf_value=-0.036440330156182386 -0.027292516387769347 -0.053540640738392736 -0.044872593149912654 -0.022651779006264888 -0.035410655100746209 0.019951870040658404 -0.021146532088543567 -0.028440682012723317 0.026112231853608177 -0.0504114599467591 -0.00072351215538393049 0.034747055391806343 -0.0097714512418191294 -0.039604322003336523 -0.041058079544522452 0.014883218591833516 0.010589172873683718 -0.030554161132549596 -0.010558320039582502 -0.014300943794394953 -0.029407238793563651 0.022757920497482816 0.011284659209587324 0.017235199637606544 0.041512034385358887 -0.0066118295716386475 -0.03664449737719299 0.022359294264894063 -0.018462898922020212 0.030419564438846587
leaf_weight=93.592198418453336 32.010597698390484 61.866586983203888 6.6324718538671732 47.115530852228403 12.502059161663059 11.697106778621677 12.335532389581202 6.5607887599617269 18.793468609452248 37.733524154871702 37.26447413302958 68.619078045710921 5.5421792473644009 10.155910862609748 8.2733365856111032 79.234200263395905 11.125412005931137 11.420438675209878 14.156328326091169 36.563758362084627 12.51594180986285 22.303297186270356 12.547728698700665 21.867897702381015 110.4763037469238 37.888382757082582 49.678090695291758 18.979001959785819 10.208459567278622 219.84738213010132
leaf_count=501 417 2314 239 812 212 320 275 201 510 218 238 2746 297 253 229 1768 277 205 269 201 237 420 213 670 5944 236 272 361 280 11828
internal_value=0.000508077 0.0124869 0.0188809 -0.0190942 0.0231555 0.0262461 -0.00127257 0.0135815 0.0165362 -0.0275046 -0.0239311 0.0239073 0.0315748 0.00495261 -0.00534843 0.00985358 -0.0140667 -0.0128116 -0.00203717 -0.0164973 -0.00316035 0.0042417 -0.0124851 0.00608586 0.0334904 -0.0211891 -0.0274441 0.00839866 0.00202529 0.0342435
internal_weight=1139.51 708.102 646.235 431.406 569.669 509.8 138.685 152.028 145.396 292.72 254.987 108.694 357.771 40.0748 36.702 91.5697 21.2813 76.5664 44.5558 161.395 59.869 47.3531 25.0498 28.4287 335.866 124.13 86.2418 33.1353 21.9056 330.324
internal_count=30568 26484 26213 4084 25215 24081 2389 5474 5366 1695 1364 4349 18607 1087 1017 2043 530 998 799 1029 1134 891 425 871 18007 773 473 630 600 17772
is_linear=0
shrinkage=0.05


Tree=85
num_leaves=31
num_cat=0
split_feature=12 20 2 1 12 5 19 21 1 9 19 7 0 9 9 5 1 4 13 20 5 1 1 21 15 21 9 15 16 1
split_gain=12.6811 11.1574 6.65951 7.23028 7.00932 5.4832 10.5871 8.13552 7.77757 5.90787 6.30517 5.43942 5.0085 6.22122 9.05469 5.21199 4.32296 7.27192 7.79912 7.53185 7.46246 4.50107 4.20661 4.02518 3.83403 4.83329 3.48491 3.42051 3.10587 3.06701
threshold=-115.60046546217926 0.47749307122403956 5.4893840899965243 969.28967126211012 -102.19517890132549 7.8084145184889531 2.5000000000000004 3.0062878315247255 150.59415384717605 0.16858521099203475 4.5000000000000009 0.16995965246821679 338.52182313285158 0.39258950817151855 0.46426092124955881 7.4281821885541044 290.80173833902251 -1.2656473404143196 14.200582615044683 102.44238922913051 35.328206664902957 757.68454940083018 4.0342158382659354 1.4073407471312851 9.7421710953461566e-09 1.5573936113617852 0.22709164351080705 1.7168531303559955e-08 0.41781736223129906 686.36257866444168
decision_type=2 10 2 2 2 2 2 8 2 2 2 2 2 2 2 2 2 2 2 8 2 2 2 8 2 8 2 2 2 2
left_child=16 22 4 24 5 6 -3 23 -9 -8 -11 -12 13 26 15 -15 17 -1 -19 20 -20 -18 -2 27 -4 -26 28 -7 29 -6
right_child=1 2 3 -5 12 7 9 8 -10 10 11 -13 -14 14 -16 -17 21 18 19 -21 -22 -23 -24 -25 25 -27 -28 -29 -30 -31
leaf_value=-0.0015087291618840889 0.034324119655871406 0.10008106989647594 -0.027702417070998554 0.037069930617479145 -0.018614283315138504 0.00041986830574883456 -0.032323666650420101 0.10883430332103561 -0.010590181429775391 0.004887739966979443 0.14098934459110934 0.0020160488342053241 -0.024430428886968194 0.10338832467297668 -0.029721032307801577 0.0048608351690049133 -0.0090332595353582248 -0.0024719213280414332 0.12244342651462455 0.016438166052058337 0.032800617234709728 0.039750550465425055 -0.036400020460038755 -0.027404162642826236 -0.027342789563152083 0.068150975963350624 -0.024905933881351285 0.058279271856382542 0.058732784882595659 0.02983613152957873
leaf_weight=8.3893459017854202 1.5126956417225326 5.2523799680639103 30.006801689974964 5.1854056282900274 7.202288245083774 10.439039110206073 3.3879504720680407 2.5892667348962277 1.9353784178383646 5.2365642790682623 1.1427986240014447 1.0925017297267912 15.458909590961412 3.7416906508151442 2.3484547568950802 2.0153827792964876 13.282274872064592 4.9151694606989649 6.4884089056868133 5.5411156909540304 4.768969941418618 6.1194555494002998 24.962265452137217 8.6981569733470678 1.8438518436159959 1.6512355676386496 10.120352665660903 2.3882328344043344 1.8880238817073403 4.4283833887893707
leaf_count=412 398 847 6587 1033 1135 954 690 409 305 1031 217 208 2433 448 296 242 726 224 282 266 207 335 6563 1058 280 251 1548 218 287 698
internal_value=-0.00053498 -0.00233746 0.00383749 -0.0132724 0.0113094 0.0258737 0.0479613 0.0109444 0.0650809 0.0164403 0.0397567 0.0946837 -0.00196633 0.0093852 0.0445195 0.0747206 0.0265095 0.038095 0.0527891 0.0681887 0.0902421 0.00754773 -0.0312569 -0.00281918 -0.0219129 0.0228973 -0.00397981 0.0146281 0.0123223 0.000734897
internal_weight=204.033 154.528 128.053 38.6873 89.3658 42.1623 16.1122 26.0501 4.52465 10.8598 7.47186 2.2353 47.2035 31.7446 8.10553 5.75707 49.5047 30.103 21.7137 16.7985 11.2574 19.4017 26.475 21.5254 33.5019 3.49509 23.639 12.8273 13.5187 11.6307
internal_count=30568 28027 21066 7707 13359 5931 2598 3333 714 2213 1471 425 7428 4635 1020 690 2541 1480 988 807 489 1061 6961 2619 7354 531 3615 1172 2056 1833
is_linear=0
shrinkage=0.05


Tree=86
num_leaves=31
num_cat=0
split_feature=12 20 1 21 5 2 3 5 8 16 21 8 12 5 3 9 8 21 20 8 20 6 3 8 2 11 21 20 20 5
split_gain=18.3763 12.4819 6.63676 6.63991 5.71529 5.47691 7.55341 6.14874 7.31239 5.54856 7.20219 5.41783 4.98011 4.52267 4.05047 4.09124 4.89224 7.4609 3.92465 4.24077 5.27688 4.5823 3.86344 5.33083 4.12299 3.55848 3.02111 7.38242 9.0651 3.16606
threshold=-109.93124938226798 70.273120258160176 13.918898324500903 0.20662457464586353 -46.835549813401649 5.2787704876946195 52.636178372244807 17.523537673622656 0.41516789012415251 5.1884509763393938 0.76851982376916916 0.48973282022883385 -119.74682283524866 -46.835549813401649 7.247548167561046 0.028006836321040399 0.14521230187673864 0.60063414537698467 52.206114209727708 0.034667439954874986 9.9612251709531154 0.054065914924006371 30.231344284015304 0.29286234686490081 5.527637645987217 -114.71401971516198 0.71394851473294818 1.9788344174564303 15.803498879240552 20.822599880172753
decision_type=2 8 2 10 2 2 2 2 2 2 10 2 2 2 2 2 2 8 8 2 8 2 2 2 2 2 8 10 10 2
left_child=2 4 -1 13 -2 12 7 22 9 10 -9 14 -5 -4 -6 -16 17 -17 19 -19 -21 -22 -7 24 -24 -26 27 -18 -29 -28
right_child=1 -3 3 5 11 6 -8 8 -10 -11 -12 -13 -14 -15 15 16 26 18 -20 20 21 -23 23 -25 25 -27 29 28 -30 -31
leaf_value=0.061744278856939429 0.072286680367260311 -0.029891373356888198 0.036965019737399442 0.022423721245505124 -0.026911799144888809 -0.028103699609602729 0.085717361788786403 0.080060757712517083 0.10645633143712033 0.085995245539897389 -0.010366940492191636 0.07358162478437634 -0.025948582024947289 -0.026736343824804817 0.048423348756893803 -0.027046203921042945 -0.029293372029127802 -0.0037432570610077391 -0.024560550687773006 0.0068758681816469824 0.11901637340713694 0.019224763098119678 -0.0046044247928131079 -0.023415104315429817 0.0079691613646111197 0.099119405084478293 -0.02960092991634063 0.075387477103024639 -0.029907819186803564 0.012205573190051063
leaf_weight=8.9497327848803234 1.9802711259108026 40.186775116948411 2.6731167268008003 12.534812183119358 11.451729292282833 5.5421484841499522 5.5148998291697353 1.7903776045423043 2.9776311635505408 2.0513725352939218 9.6542129230219853 1.5227524300571529 7.7817006416153163 11.222276703454552 3.8573925679083905 4.920557080302391 6.0831380251329383 2.6876831261906782 1.418865010840819 2.8849292621016502 3.5999651236925274 2.1309483496006578 2.7396016812417656 3.908964000409469 1.8183320625685171 2.4836376246530554 18.432221137220044 4.8164684893563399 2.4744484818074852 5.2905714649241418
leaf_count=836 280 8107 294 865 1635 767 622 211 334 235 1138 217 537 1232 562 669 518 378 224 400 577 341 314 485 224 307 3534 478 245 1014
internal_value=-3.61309e-05 -0.00784622 0.0230865 0.0175538 0.00443803 0.024827 0.0356871 0.0250404 0.0457144 0.0258935 0.00907608 0.00159056 0.00354787 -0.0128229 -0.000988028 0.00444484 0.000532634 0.0215113 0.0408939 0.0504385 0.0659719 0.0902794 0.0029575 0.019714 0.0435906 0.0693621 -0.0097474 0.0088414 0.0403545 -0.0201608
internal_weight=195.382 113.739 81.6428 72.6931 73.5519 58.7977 38.4812 32.9663 16.4736 13.496 11.4446 71.5717 20.3165 13.8954 70.0489 58.5972 54.7398 17.6429 12.7224 11.3035 8.61584 5.73091 16.4927 10.9505 7.04157 4.30197 37.0968 13.3741 7.29092 23.7228
internal_count=30568 22945 7623 7270 10400 5744 4342 4131 1848 1547 1349 10197 1402 1526 10004 8542 8085 2399 2007 1589 1194 918 2283 1359 806 531 5686 1138 723 4548
is_linear=0
shrinkage=0.05


Tree=87
num_leaves=31
num_cat=0
split_feature=13 21 16 19 20 12 12 1 2 15 12 4 13 4 9 20 10 20 20 13 13 12 20 21 3 16 20 20 21 9
split_gain=125.382 92.9768 36.1122 28.3631 18.3232 15.374 11.8835 11.6076 9.91275 8.9669 11.2595 6.94545 5.92305 14.343 6.55004 5.70078 4.71846 2.63004 5.32975 2.33116 2.40412 4.76444 1.86841 2.04023 1.17869 1.13095 1.06001 0.382872 1.35338 0.207505
threshold=19.894413115184516 0.50468699732245115 30.881699610339378 2.5000000000000004 6.749388424833306 -106.92796076264298 -110.40500356258248 219.06301168736005 4.865520340624724 1.5881867761018134e-22 -104.08928275831339 57.969427867247205 35.745680635073541 42.210485165575456 0.25308718865216046 0.97664109531747711 5.5000000000000009 1.7821107921224553 10.890772882286251 24.414914944800099 22.118237263049114 -96.150117483025028 35.308127856327552 1.3574132251224702 13.510655457207852 8.3965474994844698 3.9250354428408305 16.356609021194803 0.84502221873899719 0.006093683551156027
decision_type=2 8 2 2 8 2 2 2 2 2 2 2 2 2 2 10 2 10 10 2 2 2 8 8 2 2 10 8 8 2
left_child=2 5 3 6 9 11 -1 24 -8 26 -11 17 14 15 -9 -14 25 -2 -19 20 -6 22 23 -22 -7 -5 -3 28 -21 -29
right_child=1 4 -4 16 19 7 8 12 -10 10 -12 -13 13 -15 -16 -17 -18 18 -20 27 21 -23 -24 -25 -26 -27 -28 29 -30 -31
leaf_value=-0.0036098895079875594 -0.042201941241249492 -0.039847141044778156 0.057704233460440249 -0.040594399597502995 -0.03884069517266929 -0.0017645895649624902 0.0095400756350621594 0.02183654020383434 0.048594440540598645 -0.024414716538289818 0.034302139230002755 0.025725497224065738 0.013877521630704177 0.056817242876647037 0.058120119475309776 -0.027141163135605058 0.012401971922554419 0.021474964487693107 -0.037310788418122895 -0.0075111694677538884 0.019082085374575668 0.025352049642261135 -0.03617325464434816 -0.025793459913914719 -0.029108923890014723 -0.01530252081033656 -0.01009333145870777 -0.016563484744406509 -0.037157098768994881 -0.041609149042517751
leaf_weight=24.3611398646608 12.802566841244701 12.784547306597235 69.535097777843475 19.914592510089282 23.77303702570498 7.3838762482628217 24.374841420911252 26.308603552170098 51.455868422985077 12.796919128857555 19.197785724885762 7.3444915674626827 20.982612062245607 13.923511520959435 26.399021131917834 12.786629963666199 6.1317583955824375 6.3605645801872006 7.2225519828498363 5.6823752894997632 3.6931877424940538 4.7928192056715488 14.323721394874156 4.5751324212178579 7.8029955178499222 7.7981524728238583 4.9003095859661698 2.6056296806782475 16.677886878140271 199.52196239866316
leaf_count=230 364 528 979 1080 1616 200 209 205 440 247 371 200 337 215 205 206 296 244 277 309 204 338 1032 252 211 423 203 247 908 18935
internal_value=-0.000619097 -0.0180957 0.0287164 0.0133622 -0.0330562 0.0145024 0.0266779 0.0231287 0.0363285 -0.00498917 0.010789 -0.0148733 0.0292657 0.015994 0.0407532 -0.00198799 -0.0256913 -0.0267007 -0.0101982 -0.0380784 -0.0272997 -0.0162655 -0.0257949 -0.00585286 -0.0167444 -0.0342583 -0.0325841 -0.0404027 -0.0302673 -0.0413694
internal_weight=678.214 474.643 203.571 134.036 325.325 149.317 100.192 115.587 75.8307 49.6796 31.9947 33.7302 100.4 47.6928 52.7076 33.7692 33.8445 26.3857 13.5831 275.646 51.1579 27.3849 22.592 8.26832 15.1869 27.7127 17.6849 224.488 22.3603 202.128
internal_count=30568 27703 2865 2580 25226 2477 946 1557 649 1349 618 920 1146 736 410 543 1634 750 521 23877 3478 1930 1627 456 411 1503 731 20399 1217 19182
is_linear=0
shrinkage=0.05


Tree=88
num_leaves=14
num_cat=0
split_feature=20 20 3 7 0 15 6 19 4 8 3 1 4
split_gain=11.7325 6.42324 5.93577 5.68279 4.3186 7.4255 8.38663 4.18949 2.73746 2.06237 0.862709 0.6145 0.55205
threshold=32.836670301168105 3.4967253736869552 10.405171446727502 0.10507518557917096 504.82488787959409 1.0000000180025095e-35 -0.038248842752062633 2.5000000000000004 27.876614205772103 0.17966970372321714 39.314991504866008 93.297410727884269 10.142584310601302
decision_type=8 8 2 2 2 2 2 2 2 2 2 2 2
left_child=1 -1 -3 4 5 6 -4 -6 9 -5 -7 -9 -11
right_child=-2 2 3 8 7 10 -8 11 -10 12 -12 -13 -14
leaf_value=-0.029972402141539511 -0.037247558647521765 -0.026832384071792621 0.15258988099602319 -0.016632123344829879 0.16289636640570471 -0.029099424731049803 -0.018939555881845271 0.034391614141588388 -0.027839069583382916 0.01082327515353791 0.019762805568073544 -0.01452900064652733 0.084991086645239008
leaf_weight=2.5519052924064489 8.3998940836172551 1.6736695957370109 1.0040426335763195 0.63699012895813467 1.619470408797498 1.9795488917152408 0.79903750395169548 0.20453543338226254 1.8457582325499968 0.70605504547711539 0.48749009903986007 0.53157022845698521 0.50325808755587786
leaf_count=1362 11191 780 518 268 571 814 413 200 861 280 200 519 200
internal_value=-0.000593686 0.0335753 0.0483651 0.0618561 0.086588 0.0406855 0.0969375 0.132876 0.00847789 0.0418093 -0.0165289 0.0110441 0.0661874
internal_weight=22.9432 14.5433 11.9914 10.3178 6.6257 4.27012 1.80308 2.35558 3.69206 1.8463 2.46704 0.736106 1.20931
internal_count=30568 7763 5585 4499 2776 1945 931 831 1723 777 1014 719 480
is_linear=0
shrinkage=0.05


Tree=89
num_leaves=15
num_cat=0
split_feature=20 2 8 4 8 2 3 6 20 7 7 1 8 20
split_gain=45.7221 11.4409 6.13861 6.73974 7.13522 4.45352 3.89973 3.96259 3.66833 3.46813 2.93456 1.67187 1.07737 0.894821
threshold=4.3762599157402358 4.4959952347279826 0.44165800079303136 -1.7024872750926698 0.17736202774738799 5.4488785586441351 9.7970106957273764 -0.23263460114014831 0.5678624348821576 0.035678646320994829 0.039594255205845037 711.58209522836216 0.25073433367272596 1.1122275723568953
decision_type=8 2 2 2 2 2 2 2 10 2 2 2 2 10
left_child=2 6 3 -1 5 13 -2 -8 11 -10 12 -6 -9 -5
right_child=1 -3 -4 4 8 -7 7 10 9 -11 -12 -13 -14 -15
leaf_value=0.064481054946444155 -0.027781813626571613 -0.040970283286633172 -0.016364211123329104 -0.036133260237194445 -0.015835494062585852 0.020469584956229588 -0.022932808920320832 -0.020361340176063013 0.054791225075444344 0.018125244381331406 0.091790452141679954 0.024488087778161582 0.033083819900862718 -0.0067626739051425896
leaf_weight=10.691276750992982 1.9644824988208709 52.420144657837227 7.5889598287176341 5.2287432224256962 4.2590220794081679 10.870741024846209 1.2109736888669447 0.94787854433525431 19.461364267626784 11.43498326721601 2.3045665852259845 4.0692427414469421 0.89229368651285768 5.4165812318678945
leaf_count=315 408 24744 228 218 233 367 249 212 421 248 449 222 200 226
internal_value=-0.000200107 -0.0328518 0.0246835 0.0292101 0.022058 -0.00113114 0.0232216 0.0433573 0.03449 0.0422146 0.0634183 0.0043799 0.00807799 -0.0230529
internal_weight=138.761 59.7403 79.0209 71.432 60.7407 21.5161 7.3202 5.35571 39.2246 30.8963 4.14474 8.32826 1.84017 10.6453
internal_count=30568 28199 2369 2105 1851 727 1520 1102 1124 669 808 455 412 444
is_linear=0
shrinkage=0.05


Tree=90
num_leaves=31
num_cat=0
split_feature=20 10 11 19 1 13 21 15 1 20 1 1 20 21 2 21 13 6 3 2 11 19 1 21 2 12 1 3 21 21
split_gain=93.2799 106.616 31.9355 23.1009 17.3315 13.2034 9.72912 9.13692 9.05768 8.71886 7.97691 7.20359 8.01499 11.5121 8.82818 8.08147 7.12316 6.65676 6.35867 5.62747 6.79117 5.09374 4.60336 4.69908 4.46174 4.15082 4.89604 3.9291 3.41967 3.34323
threshold=13.721344332421252 13.500000000000002 -119.26077996308699 2.5000000000000004 927.70716135805162 25.269338078267918 0.20662457464586353 1.0042716093333131e-08 69.132791358769865 39.820579571058055 7.3673002632836306 165.58545374744452 1.1122275723568953 0.76851982376916916 5.4893840899965243 0.026383096162793704 21.19320390779615 -0.030319086063219588 23.122229409609854 5.0467305395896886 -112.77466016229998 3.5000000000000004 1013.1202485432701 0.29295452816024753 4.0868055072080569 -126.10251266064104 65.407636232788022 35.216522280633761 3.6823681223973757 0.26877559015346802
decision_type=8 2 2 2 2 2 8 2 2 8 2 2 10 8 2 8 2 2 2 2 2 2 2 8 2 2 2 2 8 10
left_child=3 2 25 11 5 6 -4 27 19 18 -7 -1 14 15 16 -14 -13 -18 -10 -8 -21 -20 -6 -24 -12 -2 -27 -5 -28 -26
right_child=1 -3 4 7 22 10 8 -9 9 -11 24 12 13 -15 -16 -17 17 -19 21 20 -22 -23 23 -25 29 26 28 -29 -30 -31
leaf_value=-0.0020240715091946948 -0.025079606000676047 -0.051918242858560663 -0.041339530858667241 0.022923351151411763 -0.020916561704382421 0.0013967105952989059 -0.035011328520651884 -0.02428768560962246 0.025539127456877038 0.034309091951874753 -0.010170309465621058 -0.039125073134512814 -0.028451706460435645 -0.012719670593409699 0.0040380800497835179 -0.057917954489113493 9.057117526257134e-05 -0.027828061813706697 -0.037057414292050554 -0.030233285150811452 0.023069705502698552 0.0099565743085317585 -0.022198983123721844 0.017161501059173741 0.041403639460126276 -0.028133523209135848 -0.0038363364579998473 -0.0021803144619055087 0.028903304694112193 0.029696789136720816
leaf_weight=35.603015155531466 32.832300394773483 58.702377691864967 6.9199852915480733 43.353692714124918 21.664092546328902 21.561029038392007 10.342821964062749 19.05991218984127 18.187515032477677 65.217648459598422 5.4929394815117112 48.992247831076384 49.149303209036589 43.619860928505659 34.94705917313695 50.719858068972826 39.4651292078197 45.499814122915268 10.478731961920861 7.644321557134389 18.529391109943393 10.899953335523604 9.1964621786028147 29.112825999036431 102.57066988013685 11.800021784380077 21.357378907501698 23.782673228532076 11.545799963176249 207.87225569412112
leaf_count=201 423 2280 256 1215 410 1189 288 469 500 2707 313 258 207 228 205 213 249 287 260 218 530 270 201 635 5872 211 409 666 221 11900
internal_value=0.000474189 0.0119502 0.0180396 -0.0176695 0.0223025 0.0254279 0.0128646 0.00545313 0.0157911 0.0232078 0.030891 -0.023396 -0.0258175 -0.0345347 -0.0182522 -0.0438424 -0.0240542 -0.01501 0.00451467 -0.00554252 0.00696228 -0.0137135 -0.00301155 0.00738834 0.0328931 -0.0118643 -0.00182186 0.014129 0.00816574 0.0336853
internal_weight=1116.12 681.929 623.226 434.193 545.691 485.717 148.22 86.1963 141.3 104.784 337.497 347.996 312.393 143.489 168.904 99.8692 133.957 84.9649 39.5662 36.5165 26.1737 21.3787 59.9734 38.3093 315.936 77.5355 44.7032 67.1364 32.9032 310.443
internal_count=30568 26484 26213 4084 25215 24081 5474 2119 5366 4349 18607 1965 1738 749 989 420 706 536 1087 1017 748 530 1134 836 18007 998 799 1881 630 17772
is_linear=0
shrinkage=0.05


Tree=91
num_leaves=31
num_cat=0
split_feature=12 20 1 1 16 8 9 9 3 3 15 2 10 19 20 3 1 5 3 1 10 6 9 3 12 21 15 9 9 19
split_gain=10.7294 13.2721 6.35178 9.03689 7.15512 7.22962 7.03401 9.6836 7.78529 8.0868 9.19612 5.84742 5.80472 6.4876 4.67581 4.25939 3.73606 5.21722 5.70476 5.60637 8.15372 7.74099 4.15356 3.71876 3.4823 3.69619 3.39208 3.17328 4.49094 2.96176
threshold=-122.5516647299368 0.72921310767638003 945.34694372449962 1112.2814108390551 1.0000000180025095e-35 0.34851460448447974 0.42527144176964976 0.47054230773838951 19.584260210447404 28.387467548204601 2.343894486469792e-08 5.3415985423022567 3.5000000000000004 3.5000000000000004 10.890772882286251 1.6390673304473504 231.99096640457952 1.6387359493921017 25.842395919771004 41.658698094028502 2.5000000000000004 -0.28933746527632381 0.065370370218871279 48.224232917312257 -86.288954771823711 1.6888910416519203 8.7722258092479352e-10 0.28134269934958583 0.18568389496954921 3.5000000000000004
decision_type=2 10 2 2 2 2 2 2 2 2 2 2 2 2 10 2 2 2 2 2 2 2 2 2 2 10 2 2 2 2
left_child=29 15 4 -4 16 6 8 11 14 12 26 -8 13 -10 -6 -2 17 -3 22 -20 21 -21 -19 -7 -18 -26 27 28 -11 -1
right_child=1 2 3 -5 5 23 7 -9 9 10 -12 -13 -14 -15 -16 -17 24 18 19 20 -22 -23 -24 -25 25 -27 -28 -29 -30 -31
leaf_value=0.041794650151427318 0.036430747552705749 -0.018868347990004346 0.049347964162395452 -0.014363939259967248 0.033149822022464082 -0.022340484639935487 0.15812530244041986 -0.011063056251118209 0.084212146930269627 -0.0065705154351833276 0.091294819688814977 0.017844843583384319 0.12572290959429752 -0.028274468224868472 -0.032476670999101565 -0.035128869864799059 -0.025613112421053415 0.052690322206598306 -0.0086585611574250543 0.096033136126967691 0.12989001914061699 -0.021221987498521475 -0.029010844265741843 0.039641586512615679 0.057758499182761713 -0.02593132620114624 -0.025771308374190196 -0.024446735155605945 0.10173339432104074 0.0090321092469603584
leaf_weight=20.924168869853027 1.4491992911789591 13.802973571931945 16.270671896170828 7.6594290724024177 2.8582280965056315 13.72455038782209 1.9512064908631168 1.9622693120036272 1.3099021620582854 1.5968277817592038 1.931831508874893 1.3717633858323095 2.5215881839394569 2.0817861808463931 8.7227038033306581 27.337065361207351 31.721220390172675 1.0261286015156708 3.2437794494908294 1.1145784796681306 2.1476778471842408 3.4305623439140582 6.0813093008473516 1.9528328524902461 1.9154164304491146 1.6102893231436608 7.6462653710041195 1.400772837921977 1.0308553206268696 11.041318371891974
leaf_count=396 376 2729 938 442 498 2253 288 303 268 311 288 203 429 426 1519 7089 5919 205 521 230 374 707 1218 321 316 266 1233 282 200 209
internal_value=-0.000503918 -5.98579e-05 0.00626145 0.0291972 0.00141029 0.0151191 0.027127 0.0757668 0.0167584 0.0353715 0.012028 0.117739 0.0795759 0.0244521 -0.0149322 -0.0304242 -0.00945278 0.00323943 0.0211967 0.0439946 0.067322 0.0196648 -0.0121712 -0.0127057 -0.0203435 0.0222511 -0.00725644 0.0260224 0.0522491 0.0310953
internal_weight=202.839 170.874 142.087 23.9301 118.157 52.0634 36.386 5.28524 31.1008 19.5198 13.6066 3.32297 5.91328 3.39169 11.5809 28.7863 66.0939 30.847 17.044 9.9366 6.69282 4.54514 7.10744 15.6774 35.2469 3.52571 11.6747 4.02846 2.62768 31.9655
internal_count=30568 29963 22498 1380 21118 8443 5869 817 5052 3035 2029 491 1006 694 2017 7465 12675 6098 3020 1597 1167 937 1423 2574 6577 582 1882 810 511 605
is_linear=0
shrinkage=0.05


Tree=92
num_leaves=31
num_cat=0
split_feature=12 20 17 1 21 9 8 8 1 7 1 21 2 21 21 7 7 6 12 4 6 21 21 2 8 8 8 6 0 21
split_gain=16.3743 11.604 5.87254 6.20651 6.52985 5.63093 5.4827 8.29588 4.48662 4.47994 4.41261 4.37919 7.58313 10.4786 7.27512 5.03815 4.94449 5.38761 5.37829 4.82421 4.36677 3.85193 8.71633 8.36122 5.77234 5.64237 4.63292 4.1524 3.7622 3.1818
threshold=-109.93124938226798 70.273120258160176 4.7670552534749762 7.3673002632836306 0.20662457464586353 0.48661597731674983 0.026672943076904158 0.11992570358722256 893.57775185249568 -0.11137666487453578 1035.3786562896451 1.8148218044357003 5.6535275194985593 1.5857884538662903 0.96031296783279263 -0.3495573928715538 0.047520922129341343 -0.27810841234959044 -120.29509834418049 50.974375427485157 -0.12276193612995766 1.6051854905372602 1.2909926551894901 5.1036968812972363 0.061520488312124928 0.038518779591488313 0.45934340510008737 -0.12737455774919046 340.68071687821902 0.64355810220546061
decision_type=2 8 2 2 10 2 2 2 2 2 2 8 2 8 10 2 2 2 2 2 2 8 8 2 2 2 2 2 2 10
left_child=2 5 3 -1 28 8 -6 -8 21 -10 -11 12 13 14 20 -13 17 -17 -18 -19 -9 22 26 -24 25 -23 -2 -25 -5 -14
right_child=1 -3 -4 4 6 -7 7 11 9 10 -12 15 29 -15 -16 16 18 19 -20 -21 -22 24 23 27 -26 -27 -28 -29 -30 -31
leaf_value=0.068824490824627285 -0.015622452599923276 -0.029215620742181304 -0.033396480089270479 0.034593513947315795 0.082749456440244173 0.071718939395669742 -0.014782364571413751 0.024086762678962079 -0.014585440836672967 0.064991302796482173 0.010468743036958441 -0.033176236198570748 0.0474138283675343 0.14255684546369846 -0.00057281077869490238 -0.0055826423825024469 0.032150005043493558 0.023032790108733964 -0.034547362051971786 0.1139116302070869 0.11190984220026096 -0.025326017125394357 0.12488671807251867 0.055598490579327288 -0.034016194059958704 0.087031357316998487 0.048555873734782817 -0.029611624435153434 -0.022729864886959206 -0.018262443258764492
leaf_weight=6.5209675217047325 22.98603871092201 37.996101951692253 3.7045851403381675 2.7797091787215331 3.3175257388502351 1.9897030580323187 11.154883324168621 3.3742004882078627 5.898288980359216 5.8505929177626976 9.1344351822044683 3.4745809277519539 1.6875989516265697 2.732803611084818 5.9405075940303504 2.8397173343691984 5.5097195170819759 3.4311321838759001 4.6434071459807447 2.7829918938223273 2.8238030797801956 1.529374485835437 1.6465615304186938 1.48114361963235 17.011217834660783 1.2627918659709392 2.20646907761693 2.4105328691657628 11.277618475025518 4.890567907365039
leaf_count=604 3099 7826 341 307 317 282 1067 242 282 242 378 329 207 239 516 260 536 316 451 256 202 321 333 344 3969 265 298 561 1244 598
internal_value=-2.71986e-06 -0.00716631 0.0220359 0.0250135 0.0202007 0.00448584 0.0274534 0.022724 0.00164822 0.020596 0.03449 0.0323219 0.0481657 0.0668781 0.0402866 0.0159375 0.0260244 0.0508813 0.00128419 0.0738812 0.0740874 -0.00642971 0.00467839 0.0562043 -0.0230635 0.0350393 -0.00836223 0.00755496 -0.00985003 0.00261979
internal_weight=194.29 111.403 82.8863 79.1817 72.6608 73.4072 58.6034 55.2859 71.4174 20.8833 14.985 44.131 21.4495 14.8713 12.1385 22.6815 19.207 9.05384 10.1531 6.21412 6.198 50.5341 30.7307 5.53824 19.8034 2.79217 25.1925 3.89168 14.0573 6.57817
internal_count=30568 22945 7623 7338 7147 10400 5596 5289 10135 998 620 4253 2105 1300 1055 2148 1815 828 987 572 444 9137 4517 1120 4620 586 3397 905 1551 805
is_linear=0
shrinkage=0.05


Tree=93
num_leaves=31
num_cat=0
split_feature=13 20 16 19 11 12 12 4 21 4 13 1 9 13 1 20 19 20 13 1 0 21 21 3 20 9 12 21 9 1
split_gain=111.012 74.7322 39.877 33.9872 13.0394 13.5656 12.0662 13.0634 10.6036 10.3479 8.10771 6.65453 5.63216 5.41636 3.83864 3.31005 3.99336 3.20095 1.98716 2.5631 1.58704 1.53763 0.926255 0.902069 0.88482 1.33224 0.911606 0.297866 0.206032 0.170935
threshold=21.135872010956557 6.2446309113009404 30.881699610339378 2.5000000000000004 -109.27032252328898 -91.274458904112421 -105.30502542903248 59.509045495918663 0.20662457464586353 67.607626709007363 30.694286339958996 863.09798016232264 0.38471237815302756 7.9699423268201111 320.88783109362055 16.859166200439002 2.5000000000000004 1.9788344174564303 24.261735235895426 12.422890885828702 179.31470959597854 0.032608304341551854 0.84502221873899719 8.9757407311941453 35.308127856327552 0.25698933207409885 -88.978040801525395 0.29295452816024753 0.006093683551156027 2.0337582716943507
decision_type=2 8 2 2 2 2 2 2 8 2 2 2 2 2 2 8 2 10 2 2 2 10 8 2 8 2 2 8 2 2
left_child=2 6 3 4 9 21 7 17 10 -1 -3 12 14 -5 -8 16 -10 -2 19 -17 -15 -6 -18 -22 25 -21 -26 -20 -29 -30
right_child=1 8 -4 13 5 -7 11 -9 15 -11 -12 -13 -14 20 -16 18 22 -19 27 24 23 -23 -24 -25 26 -27 -28 28 29 -31
leaf_value=-0.026259642374169029 -0.0370212908181341 0.034932403612485001 0.056066357830547947 0.023333609146458642 0.035039216646824717 0.0024765927494443422 -0.021999646144750487 0.036561101404646218 0.0025863832075319775 0.026012159566578642 -0.031796095713885718 0.032784146008677295 0.033200226026680789 -0.00070919058298520802 0.0085983874781717148 0.012029101419614815 -0.012425368655774354 -0.0054225251029702713 -0.013780160126546351 0.0062682505955640837 -0.014598722023149139 0.054160009931251918 -0.039590869136203757 -0.039583078391412986 -0.039950335930757898 -0.032526395014282034 -0.0078962233203276212 -0.016560474801829934 -0.017661133419965367 -0.041822091678333798
leaf_weight=19.07345328014344 22.696320259012282 8.8682913538068551 66.366241037845612 4.0768058924004427 29.036750922910869 24.844455374404788 14.582297042012213 9.8222524402663094 11.598305515013633 16.923937372863293 7.4639890352264047 45.606589147821069 14.438210095278917 3.5352912768721572 28.986837789416313 3.428108310326933 5.361798837780956 12.699408829212189 2.2482477501034737 3.9838046962395355 5.8864685818552962 34.321086755953729 15.506169736385344 29.928772431798279 18.518442899920053 3.3263327442109585 3.1413151752203676 2.6056810095906249 2.7494428772479287 189.31429610773921
leaf_count=226 516 270 1096 223 204 219 225 212 594 200 227 528 216 211 447 261 362 288 227 247 356 241 1048 1813 1621 206 275 264 279 19206
internal_value=-0.000589535 -0.019216 0.0235582 0.0104315 0.0237108 0.0339617 0.00934155 -0.0120274 -0.0344772 -0.00164556 0.00436188 0.0186929 0.00724631 -0.0272253 -0.0019064 -0.0369077 -0.0209153 -0.0261447 -0.0390712 -0.02601 -0.0329117 0.0460776 -0.0334984 -0.0359848 -0.0307625 -0.0131743 -0.0358552 -0.0410779 -0.0413211 -0.0415695
internal_weight=660.939 426.946 233.993 167.627 124.2 88.2023 148.832 45.218 278.114 35.9974 16.3323 103.614 58.0073 43.4273 43.5691 261.782 32.4663 35.3957 229.316 32.398 39.3505 63.3578 20.868 35.8152 28.9699 7.31014 21.6598 196.918 194.669 192.064
internal_count=30568 26703 3865 3580 1205 779 2177 978 24526 426 497 1199 867 2375 672 24029 1663 804 22366 2464 2353 445 1410 2169 2349 453 1896 19902 19720 19485
is_linear=0
shrinkage=0.05


Tree=94
num_leaves=14
num_cat=0
split_feature=20 21 5 12 7 8 20 19 11 0 21 12 13
split_gain=10.6708 5.99065 7.34132 5.21193 4.45692 4.47348 4.29478 4.19354 2.33747 2.08376 1.34569 1.17723 0.942633
threshold=32.836670301168105 0.40009327630850056 11.831597877111951 -93.309711255601954 0.43218581436447329 0.040659871405630106 3.4967253736869552 2.5000000000000004 -100.67927542447599 294.44637594514705 0.61501020066581968 -95.945582157680022 19.642500619967404
decision_type=8 8 2 2 2 2 8 2 2 2 10 2 2
left_child=1 12 3 4 5 -3 -7 -8 -4 -9 -10 -11 -1
right_child=-2 2 8 -5 -6 6 7 9 10 11 -12 -13 -14
leaf_value=0.018340529623361853 -0.036996878559134187 -0.015786673325150224 -0.031373620171891763 -0.020638178929738907 -0.017477867796600082 -0.013328528708161438 0.14478287449863966 0.080221849498103737 0.067115900259569886 -0.024169325125112801 -0.012775633896775907 0.037602273609269717 -0.031809007668398503
leaf_weight=0.51349869405385584 7.8981365999788986 0.55382326786639424 2.7479199249064563 0.95846146412077182 0.65376467481837608 0.46943347062915741 3.7058504464803264 0.16202632308704878 0.29294048741576362 1.3703512922511496 0.44120178144657984 0.1557493937143537 2.9249688375857659
leaf_count=200 10567 276 1802 494 320 234 1685 203 204 1776 306 202 1138
internal_value=-0.000554953 0.0314085 0.0478004 0.071685 0.0852058 0.0966129 0.107983 0.118974 -0.0109818 0.0295332 0.0394227 -0.00547523 -0.0218749
internal_weight=22.8481 14.95 11.5115 8.02946 7.071 6.41723 5.86341 5.39398 3.48206 1.68813 0.734142 1.5261 3.43847
internal_count=30568 7763 6425 4142 3460 3195 2920 2452 2283 2119 510 1978 1338
is_linear=0
shrinkage=0.05


Tree=95
num_leaves=15
num_cat=0
split_feature=20 0 4 20 12 6 21 15 6 9 6 21 20 3
split_gain=41.14 9.29757 5.08782 6.14757 4.6789 4.52265 4.0192 3.73885 3.43301 3.10585 2.78729 2.64969 0.990979 0.525084
threshold=2.6549014716484653 179.31470959597854 -4.3794635446220243 0.47749307122403956 -110.90429443129898 -0.12737455774919046 0.040355889517861107 1.5384641434633003e-08 0.26785527612850851 0.19599747585288399 0.18661884628362338 1.7479236177818402 3.1058799554398253 13.142635834553452
decision_type=8 2 2 10 2 2 8 2 2 2 2 10 8 2
left_child=2 7 -1 10 -5 -6 -3 8 11 -7 13 -2 -8 -4
right_child=1 6 3 4 5 9 12 -9 -10 -11 -12 -13 -14 -15
leaf_value=0.057325377890042772 0.040032273110821442 0.0031917348585980519 -0.0072948831885863326 0.045871603301200541 0.037887772153986699 0.019034946935255766 0.0061532985144275472 -0.028151258878862079 0.083501967337773569 -0.01848971036514481 0.020914315890627502 -0.027459372851179234 -0.04095574386701286 -0.035825653775483829
leaf_weight=10.021699767559765 1.9508710736408852 5.8323455945355818 3.0188481588847926 19.424974687863138 11.63257452030666 9.7174691462423759 0.89208228047937155 2.0307403241749853 1.7261378506664184 10.358357911696656 3.5862324759364128 1.9112793016247449 50.615984439151362 5.1861586745362729
leaf_count=273 461 2751 202 387 289 235 467 409 371 251 235 452 26500 346
internal_value=-0.000165623 -0.0288058 0.0255096 0.019625 0.0270372 0.0144493 -0.0356618 0.0209428 0.0403483 -0.000284985 -0.0121194 0.00785417 -0.0400382 -0.0272613
internal_weight=137.906 64.9594 72.9463 62.9246 51.1334 31.7084 57.3404 7.61903 5.58829 20.0758 11.7912 3.86215 51.5081 8.20501
internal_count=30568 28581 1987 1792 1020 787 27046 1535 1201 486 772 913 26967 548
is_linear=0
shrinkage=0.05


Tree=96
num_leaves=31
num_cat=0
split_feature=20 13 19 12 16 3 1 1 9 10 21 20 1 3 16 20 21 3 1 12 15 21 9 9 4 15 16 11 19 12
split_gain=81.795 93.052 33.5605 21.1722 19.779 14.9814 12.1457 12.2174 9.04117 8.86277 7.05463 8.25341 6.99597 6.0614 5.87258 5.86376 7.54816 6.96275 4.48055 3.8432 3.80743 3.78729 4.35805 3.70736 3.62869 4.13145 3.4514 3.27625 3.28378 7.29338
threshold=28.052222636843151 13.107349162893671 2.5000000000000004 -126.10251266064104 20.251603400431655 57.782339245381259 969.28967126211012 11.1429102000354 0.28134269934958583 2.5000000000000004 0.76851982376916916 1.7821107921224553 555.65214490116057 26.750578669971855 43.778093570289805 70.273120258160176 0.17026934201717853 52.636178372244807 30.736342789443853 -96.812189744743151 2.7611413747003383e-08 3.8840929418194055 0.23644262945092989 0.22329392419907015 -13.054013480083048 8.4007248367871225e-09 3.4642726063819986 -124.12575205840449 4.5000000000000009 -111.56318132166332
decision_type=8 2 2 2 2 2 2 2 2 2 8 10 2 2 2 8 8 2 2 2 2 8 2 2 2 2 2 2 2 2
left_child=2 14 9 -3 5 20 7 21 -8 10 11 19 -11 -12 -2 16 -9 18 -18 -1 -4 22 -5 -14 -20 -26 -27 -17 -29 -30
right_child=1 3 4 6 -6 -7 8 15 -10 12 13 -13 23 -15 -16 27 17 -19 24 -21 -22 -23 -24 -25 25 26 -28 28 29 -31
leaf_value=-0.0028919680017571452 -0.021287580494969538 -0.020546442181656684 0.018718237674971411 -0.0088797568742161586 -0.051304942287317058 -0.046504352435093141 0.020852878824787119 -0.026927030498064788 -0.025144752583124409 -0.016189738640112125 0.020261110982440461 -0.037864941052999798 -0.026381755112352835 -0.020383173915617184 -0.051985151169392091 0.0010876824629158788 -0.0095447767166595629 -0.012005930099829327 -0.0039514472288478741 -0.02271920518882263 -0.018553177008326753 -0.019373932097612404 0.034854583166458716 -0.044336161493948804 0.036447065726274444 -0.0091389590499567804 0.036322862339473579 0.036738542083109338 -0.018960387823906914 0.031362071740488925
leaf_weight=61.69273498468101 27.952818656340241 27.94440072029829 119.62967744842172 11.267128650099043 12.543337170034645 9.1748464740812778 20.256256034597754 7.2760816598311067 20.486999312415719 73.917929533869028 24.376306606456637 38.802959706634283 63.044193495064974 13.412923781201242 41.780717298388481 7.7581201754510394 7.4755978388711801 12.32209293078631 7.3618585253134361 39.854338913224638 6.4881981872022152 15.58295977860689 9.8976289033889753 65.82377116382122 81.8394993878901 10.369897781871261 5.6729258019477129 210.55836747959256 8.6130836457014066 30.307247191667557
leaf_count=408 202 1312 4003 293 374 295 419 357 424 355 368 241 299 202 303 445 394 623 391 264 217 417 258 313 4414 429 234 12382 478 1680
internal_value=0.000442891 0.0135403 -0.0137995 0.0211705 0.00638978 0.012076 0.0237051 0.0261924 -0.00232447 -0.0216311 -0.0133765 -0.0185116 -0.0287812 0.00568124 -0.0401549 0.0287859 0.0199598 0.02288 0.0267657 -0.0108193 0.0166699 -0.00133449 0.0122222 -0.0358234 0.0294104 0.0319342 0.00812487 0.033231 0.0342222 0.0200297
internal_weight=1093.48 564.724 528.761 494.99 147.836 135.293 467.046 426.302 40.7433 380.925 178.139 140.35 202.786 37.7892 69.7335 389.555 132.318 125.042 112.72 101.547 126.118 36.7477 21.1648 128.868 105.244 97.8823 16.0428 257.237 249.479 38.9203
internal_count=30568 23748 6820 23243 4405 4345 23074 22231 843 2415 1442 872 973 570 505 21248 6486 6325 5945 672 4220 983 551 612 5593 5279 663 14762 14671 2158
is_linear=0
shrinkage=0.05


Tree=97
num_leaves=31
num_cat=0
split_feature=20 3 15 12 8 8 8 16 1 1 1 3 7 4 21 20 20 13 3 7 13 2 20 6 11 3 15 19 9 3
split_gain=9.1278 8.27886 9.38752 7.9412 5.13427 6.40448 16.003 6.32341 6.95629 5.00859 5.03845 4.5156 4.44709 4.36805 4.29329 4.24258 7.21744 6.74605 6.62417 5.42069 5.40528 5.94045 5.16566 5.06938 4.15501 4.14178 4.07505 3.85515 3.82163 3.84007
threshold=0.72921310767638003 21.351553160853154 7.7074941031069835e-08 -122.5516647299368 0.41131735072805148 0.36823655882944334 0.38002569992511509 1.0000000180025095e-35 969.28967126211012 645.80607780058358 1112.2814108390551 68.310807268760058 -0.34499873924971508 54.597825821985857 3.0062878315247255 26.076713247813153 57.741437697633856 50.567346999414262 55.994130708879503 -0.36043441324829478 22.920356356234553 5.5755994427926501 9.4373691190691833 -0.05651060638428828 -114.71401971516198 1.6390673304473504 3.409152253279759e-09 3.5000000000000004 0.10654785738974583 17.392888008478156
decision_type=10 2 2 2 2 2 2 2 2 2 2 2 2 2 8 10 10 2 2 2 2 2 8 2 2 2 2 2 2 2
left_child=3 9 4 -1 5 7 -7 8 11 13 28 -3 -6 -2 -15 17 -17 22 19 -18 24 23 -9 -22 -21 -5 27 -8 -11 -30
right_child=1 2 -4 25 12 6 26 15 -10 10 -12 -13 -14 14 -16 16 18 -19 -20 20 21 -23 -24 -25 -26 -27 -28 -29 29 -31
leaf_value=0.028687737819177758 -0.025378734724337576 -0.010282728416994309 0.089245569663920526 0.03558133615126028 0.037895752514298567 0.14616699698946164 0.070247534214508398 0.033469504296569939 0.048491166751555022 -0.018086467237650953 -0.026055080945006699 0.047251489563653354 -0.019613949231769279 -0.0080114447768520509 0.059033709245408642 -0.024180940879279328 -0.024767749184575725 -0.0088010365808930662 -0.030458879970006028 0.059885225410989368 0.029659568741268905 0.0090271284222063868 0.1119364772110326 0.16070220907580932 -0.028542386959599028 -0.034753330526256031 -0.030931817414977154 -0.011972146545733304 0.054952713713954264 -0.01333201743005274
leaf_weight=6.4354033404961219 28.489813874475658 37.370014474028721 3.4654183080419898 1.4757859297096754 3.2347975710872605 2.3980016955174515 2.4737681415863353 6.0361516394186765 6.0478196567855775 2.7643710020929619 4.6675290884450078 2.7529820178169757 15.793894559610633 7.486478196689859 2.3807906727306536 6.794659162871544 1.4284034331794853 3.2000455632805824 2.333011087263003 1.3596445084549498 1.6766024900134695 1.7783846419770268 3.801041242433711 2.1620588835794456 2.1157144806347761 25.869096964364871 2.5856920913793147 1.9911463316529989 9.1616134254727495 2.154987430665642
leaf_count=1446 5719 5246 419 403 402 293 325 327 782 290 468 387 1965 1112 353 1013 249 206 358 200 313 341 206 403 311 7062 314 262 971 228
internal_value=-0.000477798 0.00996234 0.0178795 -0.0181825 0.0147728 0.019812 0.0568475 0.0147181 0.00264025 -0.00544231 0.0152211 -0.00528207 -0.00843359 -0.0156725 0.012109 0.031194 0.015248 0.0524279 0.0363315 0.0525006 0.0658907 0.0925817 0.07132 0.121425 0.0117036 -0.029836 0.0120862 0.0381 0.0297237 0.0419228
internal_weight=201.685 167.905 110.799 33.7803 107.334 88.3051 9.44861 78.8565 46.1708 57.1056 18.7485 40.123 19.0287 38.3571 9.86727 32.6857 19.6485 13.0372 12.8538 10.5208 9.09241 5.61705 9.83719 3.83866 3.47536 27.3449 7.05061 4.46491 14.081 11.3166
internal_count=30568 22977 13397 7591 13260 10893 1154 9739 5972 9580 1880 5633 2367 7700 1465 3767 2929 838 1975 1833 1587 1076 533 716 511 7465 855 587 1479 1199
is_linear=0
shrinkage=0.05


Tree=98
num_leaves=31
num_cat=0
split_feature=12 20 17 16 3 21 5 17 1 20 8 6 20 2 4 19 20 19 8 8 3 8 11 20 13 8 8 8 1 5
split_gain=14.5264 10.8489 5.33398 5.08705 8.76282 6.0039 5.05405 4.96668 4.85641 6.09143 4.84396 4.35981 4.26339 5.54725 7.63467 6.17779 4.02759 5.36455 6.72943 5.37799 5.16046 4.05794 4.00179 3.71264 3.46801 3.92706 6.00052 5.06354 3.26762 3.1247
threshold=-109.93124938226798 70.273120258160176 4.7670552534749762 0.68521281997870187 31.682991526778753 0.29295452816024753 -46.835549813401649 2.1407360847344821 7.3673002632836306 26.076713247813153 0.48973282022883385 -0.20931329787865402 59.455249826105906 5.2787704876946195 74.920655834388967 4.5000000000000009 1.7821107921224553 2.5000000000000004 0.3546445345234846 0.14521230187673864 12.784571299494202 0.17736202774738799 -125.14559643286049 7.1607661762869856 23.179919136077654 0.034667439954874986 0.051680802930726084 0.12860392017739966 969.28967126211012 20.822599880172753
decision_type=2 8 2 2 2 8 2 2 2 8 2 2 10 2 2 2 10 2 2 2 2 2 2 8 2 2 2 2 2 2
left_child=2 6 3 5 -5 -1 -2 -6 -7 11 16 -10 22 -14 15 28 -8 18 20 24 -18 -22 -11 -13 -19 -26 -27 -28 -15 -21
right_child=1 -3 -4 4 7 8 10 -9 9 12 -12 23 13 14 -16 -17 17 19 -20 29 21 -23 -24 -25 25 26 27 -29 -30 -31
leaf_value=-0.024072613165794326 0.066919800495878021 -0.028524486319296268 -0.032976865508711907 -0.01002810731652572 0.11488720108519038 0.063056010027660675 -0.021985139268710284 0.025363038860469762 0.081202735012323488 0.022814257688525505 0.068364482187557168 -0.01364174729719838 -0.0113587055477684 -0.013861357863387838 0.096664794081704808 0.07738902410745914 -0.035347438444742162 -0.027749495981322644 0.06040120317114428 -0.033144726890541314 0.042329282795061096 -0.011750990707862678 -0.024621807599058583 0.044773573386602872 -0.024659328344629701 0.12673834103483042 -0.012141820151621609 0.085477834184848916 0.04833207068634765 0.012122047608638801
leaf_weight=6.6989163889084011 2.1231280590873203 35.98246669722721 3.5080766412429512 3.4075688107404849 4.0130937418434778 5.9851932032033792 15.848641598829998 3.2775394001509994 4.5835107690654704 5.6372827198356434 1.6402582614682613 3.9182440771255642 8.1328224488534051 9.1108402251265961 3.2061178218573332 2.2744843037799001 4.702914270805203 1.9579780711792434 7.096795947290957 15.290356446988882 7.6646214269567272 5.1946957726031542 12.840727396775035 5.7830127165652803 1.4376011362764991 1.0273499146569527 3.7737993651535371 0.89899523369967937 1.6698973295278845 4.4025215387810022
leaf_count=621 302 7572 318 274 249 572 2288 204 322 731 236 288 821 1274 377 315 278 464 411 4013 437 297 1664 425 354 243 915 218 234 1155
internal_value=2.78117e-05 -0.00644953 0.0210763 0.0238063 0.0547291 0.0183639 0.00466092 0.0825548 0.0231712 0.0179822 0.00189315 0.0451432 0.00810966 0.0214674 0.0375918 0.0172392 -0.000630374 0.00598937 0.0226605 -0.00857172 0.00497731 0.0212112 -0.00972168 0.0221101 0.0217033 0.0370118 0.0539246 0.0183965 -0.000942921 -0.0229282
internal_weight=193.089 109.042 84.0473 80.5393 10.6982 69.841 73.0597 7.29063 63.1421 57.1569 70.9365 14.2848 42.8722 24.3942 16.2613 13.0552 69.2963 53.4476 24.659 28.7886 17.5622 12.8593 18.478 9.70126 9.09572 7.13775 5.70014 4.67279 10.7807 19.6929
internal_count=30568 22945 7623 7338 860 6478 10400 453 6030 5863 10197 1005 4858 2463 1914 1810 10004 8752 1429 7323 1040 734 2395 713 2155 1760 1348 1133 1508 5168
is_linear=0
shrinkage=0.05


Tree=99
num_leaves=31
num_cat=0
split_feature=13 20 16 19 11 12 4 12 21 4 3 13 21 13 20 20 21 13 11 6 2 21 3 20 19 1 21 17 9 9
split_gain=98.3929 69.1622 37.579 30.3968 11.6246 11.9925 10.8255 18.0834 10.2777 9.39449 7.86874 7.70852 6.08337 4.89034 3.72129 3.3226 3.74588 2.07602 2.50233 3.37902 1.56161 1.30997 0.934886 0.929158 0.784213 0.657378 0.321217 0.312796 0.571948 0.232944
threshold=21.135872010956557 6.2446309113009404 30.881699610339378 2.5000000000000004 -109.27032252328898 -91.274458904112421 64.440886968185069 -105.30502542903248 0.20662457464586353 67.607626709007363 24.912660821972004 35.745680635073541 0.032608304341551854 7.9699423268201111 1.9788344174564303 16.859166200439002 0.92439795558064008 24.261735235895426 -96.157136761393986 0.018255164434761943 4.4959952347279826 0.032608304341551854 8.9757407311941453 1.6042356715084252 2.5000000000000004 757.68454940083018 0.29295452816024753 1.0941305642194825 0.21190518592692389 0.006093683551156027
decision_type=2 8 2 2 2 2 2 2 8 2 2 2 8 2 10 8 8 2 2 2 2 10 2 10 2 2 8 2 2 2
left_child=2 6 3 4 9 21 7 14 10 -1 -3 -9 -13 -5 -2 16 -10 18 25 -20 -15 -6 -22 -14 -18 27 -19 -17 -29 -28
right_child=1 8 -4 13 5 -7 -8 11 15 -11 -12 12 23 20 -16 17 24 26 19 -21 22 -23 -24 -25 -26 -27 29 28 -30 -31
leaf_value=-0.025933477567617932 -0.037304167134324218 0.033615821959653014 0.054599684534334475 0.021065545092428223 0.032417148375937198 0.0017885824156998688 0.046376396097963103 0.029124781924635176 0.0018538230194162795 0.023798302669076361 -0.032160673971490965 0.012965446702498254 -0.033963036509983217 -0.00058185920361501027 -0.0042898626082964559 -0.039717057961893808 -0.013709799240948624 -0.013069380937673939 0.029903305950405246 -0.032046847355386363 -0.013858179793189816 0.049944631513919729 -0.0394261892495801 -0.0087669691497280003 -0.039363229530514965 -0.0081330236341483342 -0.015774180279141251 0.00070590146532319457 -0.030714652575166937 -0.041515656386900371
leaf_weight=18.811025995761156 23.527750987559557 9.0591489896178263 63.12409146130085 4.0947952689602962 29.235806666314602 24.929805983789265 15.674222893081604 47.459322998300195 11.85327461641282 17.245065647177398 7.3092529876157641 34.285161790437996 8.5538441753014904 3.5168916583061209 13.530942137353122 16.106560383923362 5.5333862118423029 2.1694917771965265 3.7392261922359475 3.11134013812989 5.7087934957817188 35.23298532422632 28.614455772563815 7.4273773953318596 14.294038489460943 3.1545157395303249 2.499410771764814 2.3147420063614854 2.6825544610619545 179.57118242140859
leaf_count=222 536 275 1058 232 202 217 227 544 622 204 222 547 281 219 309 1384 376 234 253 210 361 243 1808 244 971 260 271 200 231 19449
internal_value=-0.000561447 -0.0186512 0.0220372 0.00950624 0.0217992 0.0313742 0.00836177 0.00363202 -0.0340548 -0.00214721 0.00408301 0.0148948 0.00115334 -0.0269212 -0.0256794 -0.0365881 -0.0204331 -0.0388593 -0.0253517 0.00126909 -0.0325227 0.0426127 -0.0356863 -0.0234589 -0.0332059 -0.032622 -0.0409909 -0.035749 -0.0184697 -0.0412504
internal_weight=644.37 413.857 230.514 167.39 125.455 89.3986 150.459 134.784 263.398 36.0561 16.3684 97.7257 50.2664 41.9349 37.0587 247.03 31.6807 215.349 31.1089 6.85057 37.8401 64.4688 34.3232 15.9812 19.8274 24.2584 184.24 21.1039 4.9973 182.071
internal_count=30568 26703 3865 3580 1205 779 2177 1966 24526 426 497 1121 802 2375 845 24029 1663 22366 2464 463 2353 445 2169 525 1347 2001 19902 1814 431 19720
is_linear=0
shrinkage=0.05


Tree=100
num_leaves=9
num_cat=0
split_feature=20 21 13 21 3 4 3 5
split_gain=9.6671 5.38107 6.42625 5.79252 6.50598 1.65243 1.44885 0.933083
threshold=32.836670301168105 0.40009327630850056 20.613208446904313 0.67312341711971502 49.226449185745906 -14.906910347168798 19.235439258828801 37.515631772744456
decision_type=8 10 2 10 2 2 2 2
left_child=1 7 -3 6 5 -5 -4 -1
right_child=-2 2 3 4 -6 -7 -8 -9
leaf_value=-0.031661577889234134 -0.036737986278307759 -0.028420542747375706 0.037558124588455172 0.037897448647210279 0.090251509518072676 -0.03243919689248418 0.1120176450798623 0.018305831285681803
leaf_weight=2.8829283594677748 7.4330584571580411 1.9275377734738874 2.5420932895794977 0.15202308463631675 0.82494735016371123 3.4240019042917966 3.0957474095048383 0.51098600021214224
leaf_count=1137 9968 1035 205 200 959 4500 249 201
internal_value=-0.000518016 0.0292294 0.0442283 0.0594885 0.0120075 -0.0218208 0.0891601 -0.0216845
internal_weight=22.7933 15.3603 11.9664 10.0388 4.40097 3.57602 5.63784 3.39391
internal_count=30568 7763 6425 5569 5115 4700 454 1338
is_linear=0
shrinkage=0.05


Tree=101
num_leaves=15
num_cat=0
split_feature=20 2 21 4 21 20 21 20 9 4 21 13 21 2
split_gain=36.5623 9.07265 4.76749 6.18606 7.6363 5.48426 4.47702 3.71586 3.39412 3.59013 4.44437 2.19812 1.82773 0.646768
threshold=2.6549014716484653 4.3833131844255773 0.0079214145517441572 -4.3794635446220243 0.015471963994452402 1.9788344174564303 5.0759138355630755 4.3762599157402358 0.38869944226725478 40.247773437347455 0.032608304341551854 21.952228814834879 1.7479236177818402 4.4959952347279826
decision_type=8 2 8 2 10 10 8 8 2 2 10 2 10 2
left_child=2 6 -1 -4 -5 8 12 -3 9 10 -6 -11 -2 -9
right_child=1 7 3 4 5 -7 -8 13 -10 11 -12 -13 -14 -15
leaf_value=-0.0037245326784430149 0.024625094667588002 -0.0029356861679133749 0.066410199152756991 0.061125781095088094 0.046234998787416659 0.048197838469376808 0.072878492821526017 -0.0035824196210342586 -0.025828076543628137 0.011962425707523247 -0.0051598125673892464 -0.026201408720797976 -0.029614210901027799 -0.04086346470905565
leaf_weight=13.274833829142153 1.8797985578421519 8.1116527618141845 8.6433959328569454 9.1183115716557932 9.6961116674356251 7.6799698874820024 1.9777950474526722 1.3996461222413916 6.7588709148112684 6.5435714044142506 6.6303852319251746 6.7079154101666063 2.4159066568827257 46.328078220947646
leaf_count=351 370 3979 232 257 316 233 375 792 220 200 216 205 476 26232
internal_value=-0.000134807 -0.028244 0.0232356 0.0289958 0.0217953 0.012471 0.0256786 -0.0346474 0.00383128 0.0112318 0.0262698 -0.0078391 -0.00571106 -0.0398661
internal_weight=137.166 62.1129 75.0534 61.7785 53.1351 44.0168 6.2735 55.8394 36.3369 29.578 16.3265 13.2515 4.29571 47.7277
internal_count=30568 28581 1987 1656 1495 1337 1190 27391 1183 937 532 405 846 27024
is_linear=0
shrinkage=0.05


Tree=102
num_leaves=31
num_cat=0
split_feature=20 16 19 11 16 3 1 1 7 10 1 21 20 13 20 3 4 6 2 1 21 21 3 9 7 15 3 8 20 7
split_gain=72.1227 81.8863 28.427 23.3253 17.7235 13.5185 10.6624 13.0167 8.13843 7.79715 6.58341 6.18868 6.85356 5.99948 8.21647 5.46906 4.49237 4.23509 3.60436 3.57471 3.53784 3.51005 3.43082 3.42008 3.237 3.02705 2.86711 2.82377 3.74184 2.64214
threshold=28.912001791634253 18.321633832593225 2.5000000000000004 -120.15451297839599 20.251603400431655 57.782339245381259 13.918898324500903 969.28967126211012 -0.27829657361253174 2.5000000000000004 584.79187691393815 0.76851982376916916 1.7821107921224553 20.384762088416128 50.881774506966956 26.750578669971855 76.706497346011602 -0.15186712305353953 4.2891135017140778 439.51223203378851 4.0015448284076358 3.8840929418194055 27.910554909331804 0.13939425300801891 0.01152822367639539 9.7421710953461566e-09 22.416419959340505 0.3292024664540581 10.890772882286251 0.026863694846529288
decision_type=8 2 2 2 2 2 2 2 2 2 2 8 10 2 8 2 2 2 2 2 8 8 2 2 2 2 2 2 10 2
left_child=2 3 9 16 5 19 21 13 -9 11 -11 12 22 14 -8 -13 -2 -10 29 25 -20 23 -1 -5 -12 27 -23 -4 -29 -15
right_child=1 -3 4 6 -6 -7 7 8 17 10 24 15 -14 18 -16 -17 -18 -19 20 -21 -22 26 -24 -25 -26 -27 -28 28 -30 -31
leaf_value=-0.015980460926856229 -0.00017093035582899574 -0.051205725259864311 0.021383946235962931 -0.014565810960863635 -0.04988858014774461 -0.041658623112656723 -0.020805393101073769 -0.036536345326277052 -0.010797974526399683 -0.014963866081112907 -0.024329917489923705 0.019814057064892237 -0.034284778952784499 0.026117381816687758 0.024508774246135567 -0.018582629774932923 -0.028568865252401061 0.026646227672079359 0.028326329968447691 0.031091162724974215 0.040705481137891124 -0.041151189934541754 0.0036754173487077201 0.023689837996450025 -0.04130486528782347 -0.0082177045104057204 -0.00055629043728382458 -0.017202371266011578 0.018251822428213157 -0.021221244518097412
leaf_weight=70.805773395113647 44.107988940551877 44.343788405880332 53.996664850972593 8.0061072073876876 12.09075667709112 10.266860723495483 12.932685449719429 10.660326370969413 11.555928787216542 79.064515434205532 58.975086163729429 23.967825664207339 40.002693159505725 4.6560125974938265 35.383814312517643 13.807936407625673 19.36072651296854 18.632881682366136 193.81948070693761 28.063805292360485 95.654133629053831 6.6265751169994518 31.667433200404048 16.292897789739072 67.521456900984049 16.565457039512694 10.187335588969288 12.941045334562663 14.975089116953312 5.1597753688693047
leaf_count=464 500 1944 1953 217 371 338 439 218 241 380 280 367 246 233 1202 212 220 389 12357 969 6098 200 208 443 320 556 308 472 546 258
internal_value=0.000414818 0.0131513 -0.0127616 0.0190316 0.00576812 0.0110132 0.0232058 0.0257623 -0.000919065 -0.0199093 -0.0265662 -0.0122131 -0.0169589 0.0288914 0.0122038 0.00566188 -0.00914231 0.0124264 0.0315358 0.0155798 0.032543 -0.000987378 -0.00992936 0.0110077 -0.0336437 0.0108914 -0.0179672 0.0148083 0.00178985 0.00157197
internal_weight=1072.09 537.38 534.712 493.037 148.9 136.809 429.568 388.455 40.8491 385.813 205.561 180.252 142.476 347.606 48.3165 37.7758 63.4687 30.1888 299.289 126.542 289.474 41.1129 102.473 24.299 126.497 98.4783 16.8139 81.9128 27.9161 9.81579
internal_count=30568 23560 7008 23312 4565 4504 22592 21424 837 2443 987 1456 877 20587 1641 579 720 630 18946 4370 18455 1168 672 660 600 3306 508 2962 1018 491
is_linear=0
shrinkage=0.05


Tree=103
num_leaves=31
num_cat=0
split_feature=20 4 3 15 2 8 8 8 16 1 0 6 8 3 13 8 8 1 20 3 15 3 3 20 7 11 15 21 5 3
split_gain=8.47415 7.78432 7.3749 7.72925 4.91333 4.71182 5.61374 12.9819 5.72687 6.02351 4.58652 4.93162 4.30305 4.25766 5.42341 6.94207 5.33161 5.57005 7.49957 4.98962 5.80638 6.50044 3.96034 3.87862 4.64631 6.87451 3.80097 3.55451 3.54812 5.25725
threshold=0.72921310767638003 80.123503430390556 21.351553160853154 7.7074941031069835e-08 4.2891135017140778 0.41131735072805148 0.36823655882944334 0.38002569992511509 1.0000000180025095e-35 969.28967126211012 283.24606925466554 -0.026879030453358144 0.4710726995307653 28.387467548204601 50.076587758764497 0.20774846983182732 0.30653443706018202 325.17847434392957 22.119732930155056 55.994130708879503 1.0194757240089575e-08 34.142017890856259 68.310807268760058 14.253157941447553 -0.13132915048906788 -102.20995100166699 3.409152253279759e-09 0.76851982376916916 22.027462231233002 12.784571299494202
decision_type=10 2 2 2 2 2 2 2 2 2 2 2 2 2 2 2 2 2 10 2 2 2 2 10 2 2 2 8 2 2
left_child=1 10 4 5 -2 6 8 -8 9 22 11 -1 -7 14 15 -10 17 18 -15 20 21 -20 -4 24 25 -6 -9 -26 -25 -30
right_child=2 -3 3 -5 23 12 7 26 13 -11 -12 -13 -14 16 -16 -17 -18 -19 19 -21 -22 -23 -24 28 27 -27 -28 -29 29 -31
leaf_value=0.057130076584306223 0.045863576720730555 0.054258687372084405 -0.0097344903139110692 0.07968727208272175 0.074577048288209588 -0.024708686117363904 0.1287424714149073 0.036163510017445354 0.01983651367407268 0.04421459421950457 -0.033204889472552616 -0.0293451972806162 0.022863582617224733 0.10033297513941948 -0.0093175476739121438 0.13399451190149278 -0.026291799663823518 -0.00026474286420617336 -0.022038760888227829 -0.031326665783536593 -0.026475946090764525 0.097906019907727515 0.043113629524370749 -0.028536613065258676 0.015517145767924035 -0.0124292014931341 -0.030656122386677372 -0.036149846390665992 0.036969441530042051 -0.033109054009899781
leaf_weight=2.4387946205679336 3.4403794175013891 2.4978511333465576 36.715540603734553 3.8047688044607639 4.0360292473342279 12.326418973272668 2.7386434578802445 4.5945241872686902 2.892027033260093 6.3896549292840064 25.548321828944609 2.296734624309468 6.4548285801429302 3.8300881227478483 1.8089924280066043 2.3561654009390622 4.5023649763315916 9.3663706416264159 1.1103336873929954 2.5647527608089149 1.6589449662715194 3.2149728247895837 2.922854729462415 24.495047979289666 5.7043066411279142 3.6853740252554461 2.5067230418790132 5.7893377344589672 5.2169621172361067 3.7301497054286301
leaf_count=540 588 578 5218 456 243 1553 321 553 379 829 6196 508 814 422 267 308 467 979 204 335 269 590 415 5728 432 221 302 438 965 690
internal_value=-0.000454236 -0.0175252 0.00992681 0.0173018 -0.00481157 0.0143919 0.0191509 0.0531497 0.0143248 0.00273704 -0.0249911 0.0173855 -0.00802953 0.0297926 0.0621481 0.0843303 0.0191317 0.029279 0.0499817 0.0192787 0.0423473 0.0687589 -0.00487256 -0.00891549 0.00870317 0.036386 0.0117038 -0.0113179 -0.0189975 0.00736162
internal_weight=200.638 32.7817 167.857 111.759 56.0976 107.954 89.173 9.83989 79.3331 46.0281 30.2839 4.73553 18.7812 33.305 7.05718 5.24819 26.2478 21.7455 12.3791 8.549 5.98425 4.32531 39.6384 52.6572 19.215 7.7214 7.10125 11.4936 33.4422 8.94711
internal_count=30568 7591 22977 13397 9580 13260 10893 1154 9739 5972 7344 1048 2367 3767 1043 687 2724 2274 1363 1118 970 794 5633 9154 1334 464 855 870 7820 1655
is_linear=0
shrinkage=0.05


Tree=104
num_leaves=31
num_cat=0
split_feature=12 20 9 17 7 7 17 1 5 21 20 20 5 21 2 4 5 1 12 7 5 5 19 8 8 21 9 5 7 16
split_gain=12.8432 10.063 4.8954 4.85572 4.43788 5.13521 7.76461 6.88802 6.81031 4.93537 6.53785 6.27314 4.73693 7.22193 9.693 4.38633 4.29197 4.16639 4.96305 3.65745 3.62824 3.69675 3.46731 3.06055 3.53714 5.73359 5.03814 3.89255 3.53571 4.83241
threshold=-109.93124938226798 70.273120258160176 0.48661597731674983 4.7670552534749762 -0.36791964889889556 0.01152822367639539 1.0000000180025095e-35 16.416624594576856 -12.888165819215498 1.8015882695962901 4.3762599157402358 28.052222636843151 17.523537673622656 1.4210081006081701 5.2951503221514011 71.302775364868111 -52.22850809463629 120.76112627145751 -114.58157874502197 -0.40689150352274867 -46.835549813401649 -34.079796585647706 3.5000000000000004 0.47881196328462833 0.14521230187673864 0.60063414537698467 0.16422237823545818 -4.5518163066135982 0.0079070098312757926 1.0000000180025095e-35
decision_type=2 8 2 2 2 2 2 2 2 8 10 10 2 10 2 2 2 2 2 2 2 2 2 2 2 8 2 2 2 2
left_child=3 2 19 4 -1 7 9 -6 -8 10 -7 -12 17 -14 -15 -10 -11 -9 -19 -2 -21 -22 -13 24 25 -23 27 -26 29 -29
right_child=1 -3 -4 -5 5 6 8 12 15 16 11 22 13 14 -16 -17 -18 18 -20 20 21 23 -24 -25 26 -27 -28 28 -30 -31
leaf_value=-0.00918479641582199 -0.03522914230131563 -0.02779521181731481 0.065788913463358176 -0.032570878007959922 0.094449025919237428 -0.032781228977027739 0.089796934360901901 -0.033220653996429511 -0.0089745662868662805 0.033956524658517777 0.095225312556757299 -0.015943743057357893 0.0061244014172932041 0.0042869503211508874 0.11531622657294807 0.057643710192359914 -0.032188177235035829 0.048561516264338522 -0.015684855373261749 0.060836870945714341 -0.035302481609238899 -0.020329831929995892 0.051130034427268316 0.050771521637412415 -0.014062831077261244 0.037626672569881177 -0.01971070446474062 0.0095225019159314514 0.0018177154820512014 0.10590121678871556
leaf_weight=9.2385376582387817 5.0559755137655875 34.069664121605456 2.1463930984027684 3.3309003489557654 4.3850915404036632 3.2961881728842899 4.2156941564753661 3.4370922539383235 6.1987669549416742 2.1466161550488314 2.5668367967009535 4.2168421281967321 5.9839622671715924 3.0555292766075572 4.9464315376244485 2.8820185025688261 12.325071619357916 6.5488458552863476 4.3530257176607812 1.8252462088130403 4.8035724649671456 5.3403822451364285 2.1080183573067188 2.672179436776787 5.7690909088123599 13.271666158689184 22.810268782544881 2.6998243604321033 4.4578678761608899 1.9764222500380126
leaf_count=828 725 7313 307 298 371 263 378 343 563 212 229 423 511 231 373 262 1214 634 421 259 689 710 211 386 816 1765 3436 365 597 268
internal_value=5.48542e-05 -0.00578072 0.00475475 0.020115 0.0226247 0.0267386 0.0141619 0.0412256 0.0438934 -0.00171751 0.0208188 0.0419938 0.0300461 0.0497719 0.0781059 0.0157893 -0.0208162 0.00881538 0.023746 0.00200941 0.00536403 0.00286271 0.0103397 0.00650672 0.00355768 0.0208085 -0.00527337 0.0166738 0.035559 0.0617377
internal_weight=192.134 106.899 72.8289 85.2355 81.9046 72.666 39.9561 32.71 13.2965 26.6596 12.1879 8.8917 28.3249 13.9859 8.00196 9.08079 14.4717 14.339 10.9019 70.6825 65.6265 63.8013 6.32486 58.9977 56.3255 18.612 37.7135 14.9032 9.13411 4.67625
internal_count=30568 22945 10400 7623 7338 6364 3593 2771 1193 2400 974 794 2624 1194 604 825 1426 1430 1055 10135 9325 9153 634 8519 8156 2475 5681 2108 1224 633
is_linear=0
shrinkage=0.05


Tree=105
num_leaves=31
num_cat=0
split_feature=16 20 21 19 3 13 12 1 5 13 13 9 13 1 20 11 3 1 13 7 21 20 7 0 11 9 1 10 16 7
split_gain=88.9539 105.824 23.7698 18.1572 13.8732 19.2544 13.7734 10.9797 10.9461 9.71451 9.58048 8.70555 4.79164 4.06325 3.89386 3.82948 6.24399 2.59569 2.56554 1.61168 1.0938 0.465698 0.399644 0.308054 0.295005 0.195637 0.203414 0.166836 0.868659 0.223076
threshold=20.251603400431655 6.749388424833306 0.55454744940083767 2.5000000000000004 24.912660821972004 38.407267706311139 -111.932706011078 652.79474619548557 29.410483501777104 -1.0000000180025095e-35 37.57938463651945 0.25084754271280657 24.414914944800099 566.55219769531766 38.41803860816146 -108.36711892171749 24.386675083683006 12.422890885828702 20.716544073427261 0.15008218619714861 1.4328624654201603 8.8325497994908417 0.11921820548435492 95.187000333281119 -111.36612057900147 0.006093683551156027 2.0337582716943507 2.5000000000000004 6.4782576002199566 0.34394517276857611
decision_type=2 8 8 2 2 2 2 2 2 2 2 2 2 2 10 2 2 2 2 2 8 8 2 2 2 2 2 2 2 2
left_child=1 3 4 6 5 7 -1 -3 10 -4 11 -8 14 -12 15 24 19 -16 -6 -17 -5 -14 -7 -23 -11 -25 -27 28 -19 -29
right_child=-2 2 9 20 18 22 8 -9 -10 12 13 -13 21 -15 17 16 -18 27 -20 -21 -22 23 -24 25 -26 26 -28 29 -30 -31
leaf_value=-0.01260973271789363 0.052977293299462526 0.015280319754212549 0.054097688770206348 -0.012750299811872293 0.0047135194460404366 -0.035806762748510683 0.0097062056379044557 0.10143694738612384 0.044079614685156865 -0.038692303908657411 -0.018848286532058903 0.03935282062080242 -0.018461678724534865 0.0095262482829340661 0.0012628719048768714 -0.031757187902507936 0.02805438888917999 -0.03400682777020219 -0.036449194265800962 0.0019223155763093995 -0.039550229737864318 -0.013069504621755105 -0.0099247106655354512 -0.016398823059804699 -0.018969791169006017 -0.016471257855700937 -0.041520808767592121 -0.042376003763073954 0.0025421850533231599 -0.024105266974029718
leaf_weight=30.872055359184742 60.560947115533054 7.1442498117685362 2.213119462132453 7.1270736753940618 4.839206189848487 5.0379915069788685 48.420925281941891 7.716679279692471 46.247421444393694 9.1964557534083724 19.265207068994641 51.59639735892415 4.7829223969019949 32.443249135278165 4.5042887739837161 9.9519461649470067 9.9327472085133177 4.1445323852822185 13.487289004959164 5.0957848038524389 12.526912400498984 2.1605244791135183 3.3347244327887893 2.5683156321756533 6.6852175490930659 2.5790034569799891 171.39572606422007 33.652406957931817 2.1848256643861532 6.766282994300127
leaf_count=233 2946 209 205 365 243 301 219 225 318 412 244 234 527 412 333 397 383 378 679 204 641 241 200 288 300 290 19273 2539 200 511
internal_value=-0.000536628 -0.0102972 -0.0292972 0.0141414 0.00584799 0.0309247 0.0181291 0.0635927 0.0229618 -0.0345569 0.0162784 0.0252383 -0.0354618 -0.00120238 -0.025616 -0.0136086 -0.0011306 -0.0347456 -0.0258985 -0.0209428 -0.0309197 -0.040239 -0.0276571 -0.0407158 -0.0320058 -0.0409787 -0.0412457 -0.0381689 -0.022765 -0.0399732
internal_weight=628.434 567.873 319.374 248.499 41.5601 23.2336 228.845 14.8609 197.973 277.814 151.726 100.017 275.601 51.7085 92.1145 40.8622 24.9805 51.2523 18.3265 15.0477 19.654 183.486 8.37272 178.704 15.8817 176.543 173.975 46.748 6.32936 40.4187
internal_count=30568 30268 27538 2730 1857 935 1724 434 1362 25681 1109 453 25673 656 5462 1675 963 3787 922 601 1006 20211 501 19970 712 19802 19563 3628 578 3050
is_linear=0
shrinkage=0.05


Tree=106
num_leaves=14
num_cat=0
split_feature=20 20 3 7 0 15 6 4 19 8 3 4 12
split_gain=8.8517 5.0117 4.59703 4.16526 3.50196 6.16567 6.46108 2.31825 2.04455 1.76112 0.853724 0.723494 0.607927
threshold=32.836670301168105 3.4967253736869552 10.405171446727502 0.10507518557917096 504.82488787959409 1.0000000180025095e-35 -0.038248842752062633 27.876614205772103 2.5000000000000004 0.17966970372321714 40.307271305069207 11.929102108683351 -103.75008994544648
decision_type=8 8 2 2 2 2 2 2 2 2 2 2 2
left_child=1 -1 -3 4 5 6 -4 9 -6 -5 -7 -11 -10
right_child=-2 2 3 7 8 10 -8 -9 12 11 -12 -13 -14
leaf_value=-0.029609567195067334 -0.036466942574997441 -0.026770087909239706 0.12371400854158779 -0.017130802267756758 0.12495732068566939 -0.030077705347762957 -0.019426595327498575 -0.027874232531976392 -0.014223667285119219 0.0073315255766804692 0.018265755017158561 0.076568953852023849 0.034791540439866979
leaf_weight=2.4454892177891487 6.9954823787265932 1.6406681727967232 1.334673926816323 0.6621003038599188 2.1789949806407107 2.116092391603162 0.83006201908574528 1.8360117260308468 0.51460661945748376 0.80203915029415007 0.52356767604942434 0.60016291367355734 0.1980880587652778
leaf_count=1211 9429 692 574 249 626 813 357 811 519 275 201 205 200
internal_value=-0.000486835 0.0275894 0.0394942 0.0502503 0.0695443 0.0322832 0.080032 0.00575672 0.107249 0.0350035 -0.0181049 0.0565042 0.0117593
internal_weight=22.678 15.6826 13.2371 11.5964 7.69609 4.8044 2.16474 3.90031 2.89169 2.0643 2.63966 1.4022 0.712695
internal_count=30568 7763 5585 4499 2776 1945 931 1723 831 777 1014 480 719
is_linear=0
shrinkage=0.05


Tree=107
num_leaves=16
num_cat=0
split_feature=20 0 21 4 20 21 20 7 1 7 1 9 13 9 12
split_gain=32.6602 8.90117 4.44914 7.52785 5.1291 5.194 3.78654 3.53522 6.07569 3.50294 3.17161 2.9595 2.62703 2.41724 0.492221
threshold=2.6549014716484653 179.31470959597854 0.012056408467791503 -4.3794635446220243 0.5678624348821576 0.023054952780793454 4.3762599157402358 0.42395735563133835 40.080805926362054 0.13149638847518033 625.02940252573705 0.27098813113110082 21.135872010956557 0.069872231399889642 -96.812189744743151
decision_type=8 2 8 2 10 10 8 2 2 2 2 2 2 2 2
left_child=2 7 11 -4 12 -6 -3 8 -2 10 -7 -1 -5 -10 -14
right_child=1 6 3 4 5 9 -8 -9 13 -11 -12 -13 14 -15 -16
leaf_value=-0.017989635707174403 0.07861345137440999 -0.003361589488405042 0.069682930120479866 0.022011678088020847 0.053553193940595351 0.0047157223749015849 -0.040805814689237462 0.078781025647383485 0.032188437074401326 -0.012419446171106843 0.045334304286308129 0.019945976623753563 -0.034923171798718643 -0.034630020472532795 -0.0066712477126289185
leaf_weight=9.8448744280030986 1.0065115825273103 8.1799638568190858 8.3271466984879208 3.4765516789630047 12.528562444960697 9.5659916631411832 43.575173578807153 1.0030187771189956 0.91441773308906782 7.8095340155996382 9.2149376170709711 8.7753911186009628 4.4207796612754482 4.7544539041118696 2.9491212449502191
leaf_count=224 212 4275 223 201 252 221 22771 201 201 203 213 200 299 1044 200
internal_value=-0.000108062 -0.0276651 0.0213149 0.0280106 0.0198346 0.0281164 -0.0350636 0.0204973 0.00261668 0.0146248 0.0259297 -5.89276e-06 -0.0098865 -0.0206414 -0.0257657
internal_weight=136.346 59.4335 76.9129 58.2926 49.9655 39.119 51.7551 7.6784 6.67538 26.5905 18.7809 18.6203 10.8465 5.66887 7.3699
internal_count=30568 28581 1987 1563 1416 788 27046 1535 1403 690 434 424 628 1245 499
is_linear=0
shrinkage=0.05


Tree=108
num_leaves=31
num_cat=0
split_feature=20 16 19 11 16 3 1 1 7 10 1 13 20 21 20 3 6 4 2 21 1 21 12 6 9 20 7 1 13 4
split_gain=63.2895 73.0588 24.2699 21.4425 15.7747 12.2399 10.1888 12.3437 7.41516 6.68891 5.96331 5.88951 7.64018 5.42983 6.20331 5.04893 4.01748 3.79611 3.54761 3.67786 3.47377 3.3434 3.32597 3.21132 3.18979 2.77563 4.93907 6.6701 4.22025 3.32004
threshold=28.912001791634253 18.321633832593225 2.5000000000000004 -120.15451297839599 20.251603400431655 57.782339245381259 13.918898324500903 969.28967126211012 -0.27829657361253174 2.5000000000000004 555.65214490116057 20.384762088416128 50.881774506966956 0.76851982376916916 1.7821107921224553 26.750578669971855 -0.15186712305353953 76.706497346011602 4.2891135017140778 4.0015448284076358 439.51223203378851 3.8840929418194055 -96.812189744743151 -0.091852267320364611 0.13939425300801891 26.076713247813153 -0.15012422928880517 126.56990304250901 25.486598583055223 21.592201907307054
decision_type=8 2 2 2 2 2 2 2 2 2 2 2 8 8 10 2 2 2 2 8 2 8 2 2 2 8 2 2 2 2
left_child=2 3 9 17 5 20 21 11 -9 13 -11 12 -8 14 22 -15 -10 -2 -13 -20 25 24 -1 -12 -5 26 27 -4 -29 -30
right_child=1 -3 4 6 -6 -7 7 8 16 10 23 18 -14 15 -16 -17 -18 -19 19 -21 -22 -23 -24 -25 -26 -27 -28 28 29 -31
leaf_value=-0.0017231373130906929 -0.00031458660429062887 -0.050080742129239478 0.023004449336515673 -0.013905905783976241 -0.048393026181221287 -0.038882069184575402 -0.019988045924714624 -0.034383291505977423 -0.010405030110918078 -0.013092089989362472 -0.020978623410188163 0.0010252866661495878 0.023762972045192621 0.019342699923732883 -0.03205279202928768 -0.017485988590335295 0.02618180807826679 -0.026213408137602631 0.02757952057985032 0.040562306270528765 0.030547949712331258 -0.017825900643631373 -0.019966194137695764 -0.037622799601475791 0.023106655813974145 -0.016299970580087586 0.021649663319235211 -0.048668375979031731 -0.027965297237988837 0.022300969391276508
leaf_weight=62.538955746218562 43.954197928309441 41.739139685407281 13.501764913089572 8.0856144893914497 11.472643885761498 10.602638367563486 13.068211242556572 10.95490914583206 11.625091545283793 75.276624828577042 54.203797720372677 9.6745645413175207 34.138374720700085 23.537805119529366 40.666547672823071 14.047917837277053 18.142937596887354 19.882572358474135 184.29233906418085 89.009675194509327 26.884744950570166 16.847017059102654 40.84060019440949 77.550386808812618 15.818499141372738 8.1160163637250644 56.476136605255306 7.3492799913510707 5.2240875791758308 5.9603832699358463
leaf_count=407 496 1901 448 223 360 356 454 225 246 359 255 648 1187 363 248 216 384 224 12445 6010 951 483 265 365 437 278 1901 243 200 228
internal_value=0.0003875 0.0125947 -0.011919 0.0181899 0.00546615 0.0103975 0.0223646 0.0249654 -0.000987871 -0.0184286 -0.0245733 0.0281597 0.011488 -0.0113283 -0.015722 0.00548129 0.01202 -0.00866091 0.0308906 0.0319402 0.0149061 -0.00133801 -0.00905238 -0.030985 0.0105314 0.0102857 0.0128784 -0.00277205 -0.0217665 -0.00154583
internal_weight=1051.48 517.233 534.25 475.494 145.588 134.115 411.657 370.906 40.7229 388.663 207.031 330.183 47.2066 181.632 144.046 37.5857 29.768 63.8368 282.977 273.302 123.512 40.7511 103.38 131.754 23.9041 96.6277 88.5117 32.0355 18.5338 11.1845
internal_count=30568 23560 7008 23312 4565 4504 22592 21424 837 2443 987 20587 1641 1456 877 579 630 720 18946 18455 4370 1168 672 620 660 3306 2980 1064 612 428
is_linear=0
shrinkage=0.05


Tree=109
num_leaves=31
num_cat=0
split_feature=20 4 3 15 9 7 12 1 1 20 1 13 1 6 7 2 6 2 0 3 4 3 3 8 20 8 8 10 3 1
split_gain=7.81199 7.13109 6.55231 6.45725 4.64035 9.62551 7.52709 6.52831 4.80051 7.58649 5.94022 4.74145 4.53636 4.46322 6.06283 4.44792 4.53073 4.43715 9.02155 3.85108 3.83642 8.0235 6.21592 5.42572 3.65466 4.12897 3.36139 3.05734 5.77703 3.54618
threshold=0.72921310767638003 80.123503430390556 21.351553160853154 7.7074941031069835e-08 0.17994652962642557 -0.013336981043895689 -126.10251266064104 157.85842124036802 262.36922452217453 13.215718082818503 969.28967126211012 22.219143187484082 87.009198604371662 0.20800599064800854 0.37966992493573332 4.953168841441955 -0.026879030453358144 4.2891135017140778 107.8889923222555 17.392888008478156 50.227449449861005 7.8915171356000853 12.9673699256382 0.25073433367272596 19.221667446093353 0.24101932339218671 0.25658420208275334 3.5000000000000004 36.460475758077756 490.26109771864054
decision_type=10 2 2 2 2 2 2 2 2 8 2 2 2 2 2 2 2 2 2 2 2 2 2 2 10 2 2 2 2 2
left_child=1 15 17 4 5 -4 -6 -7 9 12 11 26 -8 -11 -15 16 -1 18 -2 20 24 -22 23 -23 25 -19 -10 28 -9 -30
right_child=2 -3 3 -5 6 7 8 27 10 13 -12 -13 -14 14 -16 -17 -18 19 -20 -21 21 22 -24 -25 -26 -27 -28 -29 29 -31
leaf_value=0.053891219185342433 -0.027714543557307021 0.050311291896648881 -0.025373927782133755 0.071928223081952222 0.061551057833358562 -0.013793150770737075 0.017428909167957234 -0.022522189577059995 -0.010510859383845161 -0.0019208722436839206 0.035177341143595262 -0.024258003072366141 0.10298063515464231 0.011315729322165867 0.11644705736409706 -0.032796487601769252 -0.02898270919534407 -0.020020249745173746 0.10373119289408382 -0.034131092926519363 -0.021686567240573048 0.1266976886833672 0.00045558516824380208 0.0099816194732115296 -0.025629618792011449 0.036291983418276774 0.054190655596451115 0.0754381185671434 0.076507328016743301 0.00028634003061026839
leaf_weight=2.5529443889390686 1.9039658089168372 2.6379764247685671 18.447373608825728 4.1192363034933805 9.2306837402284128 7.3488750469405248 3.0170492175966546 3.6884552089031777 3.4473558031022584 14.939071302767845 8.5190850263461471 17.746821248903871 3.7531966869719326 4.4662960707210013 1.1576142406556753 24.421532092383131 2.2067951785866233 5.2949662229511913 1.6791570044588298 10.295472098048775 5.848915653768926 2.2049761801026788 3.4566790626849979 1.7122062097769228 16.898476796690375 5.8707427599001676 3.0480821365490556 3.9894893385935575 3.5196788418106744 2.3152240267954767
leaf_count=562 226 629 2266 489 1123 903 207 483 358 2751 1058 2665 257 848 220 6146 486 483 200 1827 757 288 468 223 3306 535 316 483 327 215
internal_value=-0.000432642 -0.0168247 0.00985497 0.0167165 0.013986 0.000221481 0.0216766 0.0229801 0.0146446 0.0297173 0.0015615 -0.0111772 0.0720054 0.0131005 0.0472686 -0.0243597 0.0171068 -0.00421727 0.0430776 -0.00825933 -0.00115328 0.0201533 0.0519671 0.0880861 -0.0115401 0.0101372 0.0230304 0.0425513 0.0229151 0.0507305
internal_weight=199.738 31.8192 167.919 112.754 108.634 39.3091 69.3253 20.8617 60.0946 27.3332 32.7613 24.2423 6.77025 20.563 5.62391 29.1813 4.75974 55.1656 3.58312 51.5824 41.287 13.2228 7.37386 3.91718 28.0642 11.1657 6.49544 13.5128 9.52336 5.8349
internal_count=30568 7591 22977 13397 13260 4828 8432 2564 8321 4251 4070 3640 464 3787 1068 7344 1048 9580 426 9154 7202 1711 999 511 5491 1018 674 1635 1246 542
is_linear=0
shrinkage=0.05


Tree=110
num_leaves=31
num_cat=0
split_feature=12 20 16 16 3 21 15 7 7 7 11 9 21 19 5 0 21 8 1 1 7 5 5 1 12 20 21 21 8 6
split_gain=11.452 9.32359 4.57508 5.2936 7.68425 5.51345 4.89048 4.80298 5.80617 5.98203 8.2476 4.38299 4.20611 6.34603 3.81712 9.21636 7.41729 3.93008 9.25557 6.86453 3.50707 3.27943 3.56082 2.85879 4.41011 7.36813 3.00432 9.68011 6.10529 5.57099
threshold=-109.93124938226798 70.273120258160176 10.33180894093435 0.68521281997870187 31.682991526778753 0.29295452816024753 1.4001020978247121e-08 -0.36791964889889556 0.035678646320994829 0.35913805440926977 -115.31997788320749 0.48661597731674983 1.8015882695962901 3.5000000000000004 -4.2779348290472994 394.24305286178105 2.9076090975863504 0.26558974226127369 150.59415384717605 155.45559731470652 -0.40689150352274867 -46.835549813401649 -34.079796585647706 893.57775185249568 -101.26611649457799 6.749388424833306 1.6051854905372602 1.4438128200488503 0.061520488312124928 -0.034811397346700794
decision_type=2 8 2 2 2 8 2 2 2 2 2 2 8 2 2 2 8 2 2 2 2 2 2 2 2 8 8 8 2 2
left_child=2 11 3 5 -5 -1 7 -7 14 12 -11 20 13 -10 16 -16 -9 19 -19 -17 -2 -22 -23 26 -25 -26 27 -24 -28 -29
right_child=1 -3 -4 4 -6 6 -8 8 9 10 -12 -13 -14 -15 15 17 -18 18 -20 -21 21 22 23 24 25 -27 28 29 -30 -31
leaf_value=-0.024008796062118774 -0.034987867718946956 -0.027077690101207277 -0.025874604152610742 -0.0085478110835568218 0.080577056719832979 -0.01172394218769403 -0.015024708117690839 -0.019542902711825138 -0.011992812990902331 0.08100860527290564 -0.017880953228172593 0.061331992834392016 -0.024404339828545264 0.070543999099438245 -0.0030172565600248935 -0.016263062511582445 0.058664852877042366 0.18004641049685691 0.040031878532119286 0.083100628504492347 0.057134260563759282 -0.035091755683250528 -0.0019368184578181756 -0.007317452091719967 0.00074818139126481059 0.08027476742226336 0.043793644456457254 0.13512845605835488 -0.031669071475303227 0.00026329727321243923
leaf_weight=6.6687497920356691 4.8600976429879656 32.370833870023489 4.4832764172460884 3.2101281147915879 7.008536646142602 6.8411897227633736 7.5553680832963437 5.1271677620243334 5.1936411433853271 4.9659962179139265 2.784264869755134 2.2769524853210896 9.4751694893930107 2.9008085355162621 3.8079351230990151 2.4523634687066078 5.2881384857464573 2.1019896487705418 3.1362193077802658 3.2918972063343972 1.9281594224739809 4.6437328229658297 23.46405806182884 7.1865811073221311 5.7021011398173869 4.9943347098305813 2.4034192126709977 1.212761040311308 12.871901432285084 1.1769031106960017
leaf_count=603 699 7068 396 254 556 662 702 442 449 492 276 326 960 251 343 234 455 207 308 313 274 668 3530 331 239 209 599 255 3207 247
internal_value=8.10333e-05 -0.00518576 0.0192797 0.0220368 0.0543128 0.0167451 0.021232 0.0261827 0.0314432 0.0137117 0.0474992 0.00479427 -0.00294783 0.0220903 0.0480521 0.0639686 0.021826 0.0855079 0.116072 0.0445584 0.00213393 0.00536899 0.00294158 0.00646935 0.022576 0.0415689 -0.000903519 0.00939154 -0.0178345 0.0883805
internal_weight=191.385 105.092 86.2928 81.8096 10.2187 71.5909 64.9221 57.3668 50.5256 25.3199 7.75026 72.721 17.5696 8.09445 25.2057 14.7904 10.4153 10.9825 5.23821 5.74426 70.444 65.584 63.6558 59.0121 17.883 10.6964 41.129 25.8537 15.2753 2.38966
internal_count=30568 22945 7623 7288 810 6478 6030 5555 4778 2548 768 10400 1780 700 2230 1333 897 1062 515 547 10135 9325 9153 8519 824 448 7695 3889 3806 502
is_linear=0
shrinkage=0.05


Tree=111
num_leaves=30
num_cat=0
split_feature=10 20 21 19 3 13 12 5 7 13 9 13 11 1 3 13 1 7 20 13 1 13 13 20 9 11 0 15 1
split_gain=80.4245 98.3819 24.0333 14.8263 12.821 17.1617 12.4041 9.85485 9.5013 8.39272 7.79501 5.27436 4.45847 4.39196 4.58025 4.49956 3.75917 3.75068 2.77896 2.44827 1.72682 1.58993 0.789614 0.482527 0.478348 0.41534 0.328062 0.219024 0.211144
threshold=13.500000000000002 6.749388424833306 0.55454744940083767 2.5000000000000004 24.912660821972004 38.407267706311139 -111.932706011078 29.410483501777104 -0.020479781760078416 37.57938463651945 0.25084754271280657 24.414914944800099 -106.87303556629648 13.918898324500903 30.414008241318054 18.521643293666298 566.55219769531766 0.29758308891207724 32.836670301168105 20.716544073427261 101.97936721674651 21.899166846702915 23.687365547352595 8.8325497994908417 0.0036977990979862878 -101.81040297474648 95.187000333281119 3.7024271476843012e-09 2.0337582716943507
decision_type=2 8 8 2 2 2 2 2 2 2 2 2 2 2 2 2 2 2 10 2 2 2 2 8 2 2 2 2 2
left_child=1 3 4 6 5 8 -1 9 -3 10 -8 12 22 -14 17 -16 -11 27 -19 -6 -5 -17 -4 -13 -25 -7 -26 -15 -28
right_child=-2 2 11 20 19 25 7 -9 -10 16 -12 23 13 14 15 21 -18 18 -20 -21 -22 -23 -24 24 26 -27 28 -29 -30
leaf_value=-0.012662074074450958 0.050270753513464765 0.092803317744101499 -0.038186500303465314 -0.0023715355846431383 0.0042896365388477983 -0.0092770064289891714 0.0084081570659988152 0.040897681205349326 0.013896974150822868 -0.018668609451075551 0.036262123647464749 -0.01801846448518158 0.034814066846806643 -0.02109144019241517 0.037165365721173238 -0.034960094143968418 0.0086070351948529088 0.032077776463308637 -0.023139624974740515 -0.036101811153865966 -0.036644634017189828 0.0093304397455733906 -0.008948750596453588 -0.0083128853248432902 -0.012723877454492959 -0.035589441376358277 -0.016205289050965771 -0.041003184507020791 -0.041469821808828029
leaf_weight=30.894624942913651 60.124427706003189 8.2801536051556468 38.703782062511891 5.0395658826455501 4.8791833715513393 3.2566974647343185 48.83921679854393 47.022240462712944 7.175415281206373 19.138056450523436 52.472133424133062 4.6814892906695604 3.4138759179040781 5.3910738048143747 5.6094307643361381 4.2749074171297261 32.916292977519333 3.3202557647600779 3.8357145362533629 12.8267690599896 14.19032082054764 2.7289858520962298 3.2117812717333436 1.7146687167696644 2.1240761191584161 4.8366123912855947 2.5431856210343531 17.994091645348817 161.37112223403528
leaf_count=230 2999 233 2485 264 254 202 218 320 201 241 235 549 204 352 309 317 415 200 230 669 745 202 206 204 253 299 305 1174 19335
internal_value=-0.000512894 -0.0101678 -0.0293331 0.0129744 0.00600356 0.0296401 0.0165066 0.0210441 0.0592409 0.0147315 0.023048 -0.0349219 -0.0244857 -0.0133963 -0.0179122 0.00705366 -0.00158386 -0.0281197 0.00327215 -0.025337 -0.0282239 -0.0186932 -0.0362069 -0.0401051 -0.040611 -0.0271861 -0.0408928 -0.037466 -0.0411785
internal_weight=612.81 552.686 302.173 250.512 41.2548 23.5489 231.283 200.388 15.4556 153.366 101.311 260.918 88.4839 46.5683 43.1545 12.6133 52.0543 30.5411 7.15597 17.706 19.2299 7.00389 41.9156 172.435 167.753 8.09331 166.038 23.3852 163.914
internal_count=30568 30269 27536 2733 1858 935 1724 1362 434 1109 453 25678 5467 2776 2651 695 656 1956 430 923 1009 519 2691 20211 19970 501 19807 1526 19640
is_linear=0
shrinkage=0.05


Tree=112
num_leaves=9
num_cat=0
split_feature=20 21 13 3 21 3 20 15
split_gain=8.13495 4.66117 5.36795 4.77361 3.63458 4.9662 1.53514 0.940583
threshold=32.836670301168105 0.40009327630850056 20.613208446904313 10.405171446727502 0.67312341711971502 49.226449185745906 29.284946028563756 7.7744197074513973e-09
decision_type=8 8 2 2 10 2 8 2
left_child=1 7 -3 -4 -5 6 -6 -1
right_child=-2 2 3 4 5 -7 -8 -9
leaf_value=-0.031648531518499799 -0.036188547870608379 -0.027970310493500683 -0.024080807650798432 0.086698091929198001 -0.03054506506673715 0.081200729948970762 0.037715441373201056 0.018647569416520994
leaf_weight=2.8496657609794105 6.5908880749484533 1.852821310429136 1.2657319651043515 5.7085856233024961 2.668883048347201 0.9552943037415389 0.15471384595730242 0.49969549936940894
leaf_count=1138 8936 944 656 2731 3536 1051 205 200
internal_value=-0.000457559 0.0261658 0.0395062 0.0525232 0.0640647 0.0188863 -0.0179192 -0.0215826
internal_weight=22.5463 15.9554 12.606 10.7532 9.48748 3.77889 2.8236 3.34936
internal_count=30568 7763 6425 5569 4539 4156 3741 1338
is_linear=0
shrinkage=0.05


Tree=113
num_leaves=14
num_cat=0
split_feature=20 2 10 9 16 6 12 20 15 7 3 6 21
split_gain=29.2546 8.78309 4.2241 6.03103 4.54392 4.59018 4.02244 3.66897 3.52085 3.48181 3.16901 2.65274 2.40651
threshold=2.6549014716484653 4.4959952347279826 2.5000000000000004 0.19599747585288399 1.0000000180025095e-35 -0.096320189309841084 -111.10950231883292 4.3762599157402358 1.5384641434633003e-08 0.06596493191310239 9.7970106957273764 0.26785527612850851 1.7479236177818402
decision_type=8 2 2 2 2 2 2 8 2 2 2 2 10
left_child=2 8 4 -4 5 -1 -5 -3 10 -7 -2 12 -12
right_child=1 7 3 6 -6 9 -8 -9 -10 -11 11 -13 -14
leaf_value=0.0412254134917832 -0.022164147699255381 -0.0037833850914194399 0.051669488929599452 0.032274040945920825 -0.019402145101480875 0.018753807530055497 -0.008397694056485442 -0.040745383028527704 -0.02783862270179074 -0.025515783989556909 0.046614381332341984 0.094776893167605014 -0.023919781507166737
leaf_weight=11.128334897570314 1.1242573200725026 8.2501016380265355 17.890395029447973 11.469850516878072 10.503964345203713 9.8073601375799644 11.220938533078877 41.003098059096374 1.9612581380642948 6.5409622655715793 1.7306396844796859 1.5006696241907773 1.3361644432879982
leaf_count=359 237 4530 331 227 342 306 222 22516 393 204 393 300 303
internal_value=-8.05001e-05 -0.0270703 0.0196444 0.0306841 0.00736416 0.0179186 0.0126558 -0.0347526 0.0206741 0.000591734 0.0390527 0.0553954 0.0175584
internal_weight=135.468 56.9062 78.5618 40.5812 37.9806 27.4767 22.6908 49.2532 7.65299 16.3483 5.69173 4.56747 3.0668
internal_count=30568 28581 1987 750 1237 887 449 27046 1535 510 1201 912 696
is_linear=0
shrinkage=0.05


Tree=114
num_leaves=31
num_cat=0
split_feature=20 16 19 11 16 3 1 1 9 13 20 13 1 21 21 3 12 20 1 13 4 21 9 1 20 0 3 15 15 13
split_gain=55.7358 65.4152 20.6394 19.303 14.1118 10.9265 9.82266 11.786 7.62137 6.37661 6.95399 6.13117 6.95187 6.26694 11.5569 9.28215 4.70948 3.79066 3.34952 3.29858 3.22879 3.19137 3.02823 2.9874 2.86044 2.70682 2.69389 2.67011 2.86512 6.16083
threshold=28.912001791634253 18.321633832593225 2.5000000000000004 -120.15451297839599 20.251603400431655 57.782339245381259 13.918898324500903 927.70716135805162 0.28134269934958583 20.384762088416128 50.881774506966956 15.377609464385374 163.22326970967754 0.79489248989435202 0.37795565751663057 20.853940967587452 -109.01197656326347 0.72921310767638003 439.51223203378851 23.867688320385913 76.706497346011602 3.8840929418194055 0.13939425300801891 1035.3786562896451 29.783988796280955 160.20598052548203 22.416419959340505 9.7421710953461566e-09 5.3815428421101773e-09 25.486598583055223
decision_type=8 2 2 2 2 2 2 2 2 2 8 2 2 8 8 2 2 10 2 2 2 8 2 2 10 2 2 2 2 2
left_child=2 3 11 20 5 18 21 9 -9 10 -8 -1 -13 14 16 19 -14 -18 27 -15 -2 22 -5 -10 25 -11 -23 28 29 -4
right_child=1 -3 4 6 -6 -7 7 8 23 24 -12 12 13 15 -16 -17 17 -19 -20 -21 -22 26 -24 -25 -26 -27 -28 -29 -30 -31
leaf_value=-0.037464468841547201 -0.00012833001563019832 -0.049108369440531145 -0.022105379102771036 -0.013725160864712519 -0.04718485797827271 -0.035950782971631429 -0.019492973779677805 0.020635180160276018 -0.034877509851364258 -0.0049792505978189551 0.022533350759656859 0.0057508094021065008 -0.0027894938444533507 -0.0025307547937164394 -0.04396235174290844 -0.022864109727126287 -0.013637780451405485 -0.030445894150896071 0.029934977310347374 0.024523045852968963 -0.023790881642851765 -0.040146046038576966 0.022490116672811741 -0.00044934648311052401 0.027195137658621839 0.041506601892184414 -0.00082637985106139055 -0.008240002829759922 0.03583027475112139 0.016309369504836954
leaf_weight=33.202567454427481 44.055758677423 39.257606703788042 11.909773850813506 8.0959751810878551 10.863040573894976 10.978843400254846 13.131130342371762 24.305592468008399 12.007449179887775 3.0642003258690229 32.06804652698338 35.535597465932369 50.312785506248474 23.647338660433888 45.604372199624777 39.31780844181776 85.126327021047473 58.069492248818278 25.65647080540657 20.232597852125764 20.436341490596533 6.7138430820778057 15.350365589372812 12.272189239040015 187.58006227854639 70.202403855510056 10.106553840450941 16.500134064815938 11.274215118028222 55.091053295880556
leaf_count=207 492 1855 466 228 349 376 472 492 219 256 1154 229 246 239 233 393 399 272 931 205 228 203 432 223 13530 5860 305 576 427 2157
internal_value=0.000362774 0.0120627 -0.0111678 0.0173854 0.00511314 0.00976005 0.0215203 0.0241706 0.00126155 0.0277915 0.0101663 -0.0170891 -0.0150994 -0.0174089 -0.0215106 -0.00550513 -0.0160205 -0.0206178 0.0141889 0.0102119 -0.00787532 -0.00184121 0.00993514 -0.0181819 0.0307951 0.0395216 -0.0178929 0.00965826 0.0134875 0.00925627
internal_weight=1031.97 498.648 533.322 459.39 142.274 131.41 394.898 354.631 48.5852 306.046 45.1992 391.049 357.846 322.311 239.113 83.1977 193.509 143.196 120.432 43.8799 64.4921 40.2667 23.4463 24.2796 260.847 73.2666 16.8204 94.7752 78.275 67.0008
internal_count=30568 23560 7008 23312 4565 4504 22592 21424 983 20441 1626 2443 2308 2051 1220 831 946 671 4370 444 720 1168 660 442 18815 6116 508 3306 2962 2623
is_linear=0
shrinkage=0.05


Tree=115
num_leaves=31
num_cat=0
split_feature=20 12 3 15 8 6 21 21 3 3 1 1 0 0 5 7 15 1 7 4 1 7 6 9 3 8 8 20 21 3
split_gain=7.19632 6.88108 5.77922 5.40878 4.40425 4.70473 4.44444 5.84909 6.33037 4.16276 4.14665 4.82268 4.10155 4.50579 4.30733 7.5662 4.14793 6.09801 4.05879 3.93078 4.10595 5.03389 5.23428 3.40835 3.21375 2.84211 4.21873 8.88382 4.14337 8.35848
threshold=0.72921310767638003 -122.5516647299368 21.351553160853154 7.7074941031069835e-08 0.41131735072805148 -0.30054118111631428 2.8840625694602355 1.9381999968603101 29.078529232139303 1.6390673304473504 645.80607780058358 1112.2814108390551 278.64098504839359 321.24989480190305 17.929660733338103 0.12702107644852492 1.0042716093333131e-08 310.37130766131804 -0.34499873924971508 54.597825821985857 346.8777514372261 0.10507518557917096 0.15538813124028431 0.10654785738974583 17.392888008478156 0.051680802930726084 0.11821489909938611 66.314314943407467 2.5410405312216802 55.209815354330054
decision_type=10 2 2 2 2 2 8 8 2 2 2 2 2 2 2 2 2 2 2 2 2 2 2 2 2 2 2 8 8 2
left_child=1 -1 10 4 5 6 7 8 -4 -3 19 23 -7 14 15 -14 25 -18 -6 -2 21 22 -21 -12 -25 -15 27 -27 29 -28
right_child=2 9 3 -5 18 12 -8 -9 -10 -11 11 -13 13 16 -16 -17 17 -19 -20 20 -22 -23 -24 24 -26 26 28 -29 -30 -31
leaf_value=0.02609820314316387 -0.023606351902374784 0.037603707986483978 0.086274355970189842 0.065209289831668391 0.035217112497687518 -0.01283622599151564 -0.007217625055116971 0.12158816510744236 0.00028836624042881062 -0.033835551283753006 -0.0173601024298034 -0.025872919694291563 0.0099111699954239612 -0.020093635582044102 -0.0017847165486661318 0.12895930951077444 0.071502059585578884 -0.0053364253469740698 -0.019176241764743827 0.0093723945099658413 -0.031422741410617974 -0.01753261487976266 0.11340628998438528 0.051244575924504078 -0.012254749406745787 -0.0029407123105472379 0.0018907229678090946 0.093842300468610806 -0.026836093742589714 0.085998011915048522
leaf_weight=6.6816033367067602 25.631871217628941 1.4124576754402394 2.4294265399221322 4.425619050860405 3.3709287305828228 12.118390829302369 2.9685897123999903 1.9921642863191671 5.7130753209348768 22.817397744162008 2.6503807087428912 4.5991449172142893 2.6320375200593853 7.4819846565369508 2.4636230987962335 2.1479290251154453 5.4760828507132819 4.0775604501832277 15.392586935544385 2.7118810454849163 2.8246208978816867 2.7238442038651556 1.5172172407619653 9.5449413079768402 2.0400644133333117 5.1068651400273666 22.43613801361062 3.3332505328580728 7.707289900397881 2.4103755718097091
leaf_count=1641 5574 435 255 522 425 1477 330 222 598 7030 275 459 270 1009 247 221 410 305 1942 393 423 396 220 988 211 710 3024 463 1028 325
internal_value=-0.000412663 -0.0161284 0.00978441 0.0161476 0.0135869 0.0181266 0.0448815 0.0594198 0.0325739 -0.0283457 -0.00360246 0.0148669 0.013082 0.0180149 0.0528618 0.0764628 0.0128433 0.0413087 -0.00811681 -0.013565 0.0125064 0.0320597 0.0612453 0.0288634 0.0399774 0.00651179 0.0117305 0.0411736 0.00309733 0.0130616
internal_weight=198.839 30.9115 167.928 113.684 109.258 90.4948 13.1033 10.1347 8.1425 24.2299 54.244 18.8345 77.3915 65.2731 7.24359 4.77997 58.0295 9.55364 18.7635 35.4094 9.77756 6.95294 4.2291 14.2354 11.585 48.4759 40.9939 8.44012 32.5538 24.8465
internal_count=30568 7591 22977 13397 13260 10893 1458 1131 853 7465 9580 1880 9435 7981 727 491 7254 715 2367 7700 1465 1012 613 1479 1199 6539 5516 1173 4343 3349
is_linear=0
shrinkage=0.05


Tree=116
num_leaves=31
num_cat=0
split_feature=12 20 16 16 3 21 15 7 7 7 11 21 19 9 15 2 5 21 20 2 7 5 5 8 20 21 21 20 5 2
split_gain=10.2082 8.62969 4.18603 4.44947 6.36107 5.20192 4.55367 4.37829 5.0139 5.29364 6.97872 3.96563 5.74445 3.91161 3.38427 5.94819 4.4132 6.36574 6.10423 4.47779 3.38085 2.95731 3.43858 2.7815 3.21934 3.45501 4.14607 7.5958 9.49292 6.57503
threshold=-109.93124938226798 70.273120258160176 10.33180894093435 0.68521281997870187 31.682991526778753 0.29295452816024753 1.4001020978247121e-08 -0.36791964889889556 0.035678646320994829 0.35913805440926977 -115.31997788320749 1.8015882695962901 3.5000000000000004 0.48661597731674983 3.2111384901839979e-09 5.4280658876407317 -1.0000000180025095e-35 3.0062878315247255 37.294940750711305 5.1684693838847577 -0.40689150352274867 -46.835549813401649 -34.079796585647706 0.47881196328462833 1.2609318915600054 2.0333449165727253 1.2909926551894901 10.465543835848552 5.0736790377263512 5.1638004126106098
decision_type=2 8 2 2 2 8 2 2 2 2 2 8 2 2 2 2 2 8 8 2 2 2 2 2 10 8 8 10 2 2
left_child=2 13 3 5 -5 -1 7 -7 14 11 -11 12 -10 20 16 -16 19 18 -18 -9 -2 -22 -23 24 -24 26 27 28 -26 -28
right_child=1 -3 -4 4 -6 6 -8 8 9 10 -12 -13 -14 -15 15 -17 17 -19 -20 -21 21 22 23 -25 25 -27 29 -29 -30 -31
leaf_value=-0.023743028963740087 -0.034762720451153438 -0.02634125367652905 -0.025371348916237879 -0.0081755538250668103 0.072440523608267221 -0.011350627480114756 -0.014754035678327428 0.046355394228354455 -0.011660566750926728 0.07348001117672287 -0.01728376820707429 -0.023886758550226612 0.066152565035185101 0.057171076224120924 0.10920909083426647 0.015421716925889811 0.012069275927594358 0.0025767509286954214 0.11383332184946877 -0.021608204484548654 0.053696064229465636 -0.034878804511976259 -0.020569273221632885 0.048035047528368693 0.066442701617081726 -0.015547325612465891 0.076258834823582533 -0.023542565477588595 -0.019409307615744827 0.0054255061655915735
leaf_weight=6.5633259678725153 4.6886604052269822 30.789578924770467 4.3258837999310344 3.1639778220560411 7.5590075044892728 6.7463900158181778 7.4739703072700649 2.8171977642923673 5.1284576212056079 5.3414865587838003 2.6940933351870608 9.1947668509092182 3.0546855553984642 2.408524937229231 3.8472253498621294 3.1782934439834207 2.5228873374871927 4.2891378628555676 3.7208638899028292 5.6560344176832587 2.030404220102354 4.4916951747145495 10.185809285379944 2.7802680949680507 6.6261629875516563 10.045640385709701 5.2374070872319853 11.869996438152155 4.9476597476750612 7.2519994745962322
leaf_count=589 677 6835 378 239 571 644 686 248 439 511 257 942 261 345 287 238 222 390 328 499 289 648 1479 402 278 1592 864 1360 207 1197
internal_value=9.94798e-05 -0.00460563 0.0185115 0.0210749 0.0499852 0.016159 0.0204435 0.0251371 0.0300472 0.0134542 0.0445046 -0.002544 0.0214269 0.00484968 0.0451493 0.0739887 0.0313235 0.0514649 0.0800566 0.00349646 0.0022752 0.00541091 0.00305612 0.00648045 0.0036191 0.00930139 0.0164811 0.00361115 0.0311173 0.0385805
internal_weight=190.631 103.354 87.2777 82.9518 10.723 72.2288 65.6655 58.1915 51.4451 25.4135 8.03558 17.3779 8.18314 72.5642 26.0316 7.02552 19.0061 10.5329 6.24375 8.47323 70.1557 65.467 63.4366 58.9449 56.1647 45.9789 35.9332 23.4438 11.5738 12.4894
internal_count=30568 22945 7623 7288 810 6478 6030 5555 4778 2548 768 1780 700 10400 2230 525 1705 958 550 747 10135 9325 9153 8519 8156 7288 4748 2687 485 2061
is_linear=0
shrinkage=0.05


Tree=117
num_leaves=31
num_cat=0
split_feature=16 20 21 19 13 12 13 4 13 9 13 11 20 1 3 12 3 13 17 21 11 5 20 8 21 9 21 1 16 17
split_gain=72.9812 86.446 24.5028 17.5677 13.7786 10.2184 8.97698 8.8068 8.0383 6.97105 3.95619 4.83747 5.00003 5.88708 3.76551 3.1213 3.08739 3.25166 3.01698 2.35373 2.5658 0.915028 0.869977 1.64695 0.852749 0.575815 0.40493 0.223075 0.126339 0.075125
threshold=20.251603400431655 10.465543835848552 0.20662457464586353 2.5000000000000004 25.269338078267918 -111.932706011078 1.0000000180025095e-35 64.440886968185069 37.57938463651945 0.25084754271280657 24.261735235895426 -108.36711892171749 27.597972824803254 659.21031187503263 15.076166370596702 -98.737107799680857 46.990797883333357 22.712426227370731 0.11238654763139126 1.4860628933339901 -105.23534060391999 -8.1982725744924494 16.356609021194803 0.36607553184061464 0.48887558116160207 0.0036977990979862878 0.29295452816024753 2.0337582716943507 8.7613503593858741 3.7501814549589416
decision_type=2 8 8 2 2 2 2 2 2 2 2 2 10 2 2 2 2 2 2 8 2 2 8 2 8 2 8 2 2 2
left_child=1 3 4 5 -3 -1 -4 8 9 -7 11 29 13 15 -10 -13 17 24 -19 20 -5 -16 23 -12 -14 -24 -27 -28 -26 -8
right_child=-2 2 6 19 -6 7 10 -9 14 -11 22 12 16 -15 21 -17 -18 18 -20 -21 -22 -23 25 -25 28 26 27 -29 -30 -31
leaf_value=-0.011990751777161801 0.050596890790785803 0.058421185095566014 0.051894041723212658 -0.029040255285710359 -0.020655778763852117 0.0079518779160172599 -0.041234302647007171 0.038854606677645565 0.010964886116784308 0.032485687121512064 -0.032618036388970165 -0.036211084235831491 -0.0092552336319811062 0.049745845742514588 -0.023059232439088112 0.018232927938332418 0.019875323115869818 -0.023933699203827374 0.035133262542175983 -0.039978076258162756 0.016427437977194276 -0.0054807725419735156 -0.0059554057366026647 0.0086581350704173308 -0.042303012739520113 -0.010906139687209783 -0.016099566884744006 -0.041685817315607984 -0.018148963670485605 -0.018948170770239608
leaf_weight=31.707702193409204 54.203732018359005 10.829215770587329 2.1645194534212342 5.8133634170517334 9.573756314814089 57.251465629320592 31.004855261649936 40.647856046445668 27.942898645997047 59.403839077800512 8.4457305772230029 5.2230178723111758 3.2233453853987193 4.767030487768352 13.960867968387904 3.7444321047514659 2.8624726454727352 4.0553151336498567 2.7787919552065432 15.606392407789826 4.8148597246035951 16.304037633351982 1.549802045803516 2.7665317277424037 20.018340409267697 1.9524066839367151 2.5302666435018173 147.01396049140021 2.7819614941254258 2.9246651120483875
leaf_count=238 2771 298 228 300 263 262 2127 280 354 272 612 282 222 205 202 203 209 373 256 913 249 236 202 201 1461 255 332 19296 203 201
internal_value=-0.000489969 -0.00973896 -0.0297454 0.0100665 0.0220842 0.0142174 -0.0340497 0.0181109 0.0130954 0.020615 -0.0350066 -0.0255302 -0.0150686 0.0100478 -0.00206848 -0.0139291 -0.0247365 -0.0290952 0.00150226 -0.0281344 -0.00880088 -0.0140677 -0.0396336 -0.0225585 -0.0368886 -0.0407299 -0.0410443 -0.0413627 -0.0402423 -0.0399107
internal_weight=597.867 543.664 270.21 273.453 20.403 247.219 249.807 215.511 174.863 116.655 247.643 83.3842 49.4547 13.7345 58.2078 8.96745 35.7202 32.8578 6.83411 26.2346 10.6282 30.2649 164.259 11.2123 26.0236 153.046 151.497 149.544 22.8003 33.9295
internal_count=30568 30268 26877 3391 561 1856 26316 1486 1271 534 26308 5522 3194 592 737 485 2602 2421 629 1535 549 438 20786 813 1792 19973 19812 19628 1664 2328
is_linear=0
shrinkage=0.05


Tree=118
num_leaves=14
num_cat=0
split_feature=20 20 3 7 8 8 0 4 19 8 7 4 1
split_gain=7.40669 4.32568 3.7984 3.42642 3.10231 5.02519 3.21563 2.0898 1.84124 1.6229 1.26182 0.718978 0.568496
threshold=32.836670301168105 3.4967253736869552 10.405171446727502 0.10507518557917096 0.040659871405630106 0.24707018921797544 527.81541160710765 27.876614205772103 3.5000000000000004 0.17966970372321714 -0.039993897219605952 11.929102108683351 81.396213145116619
decision_type=8 10 2 2 2 2 2 2 2 2 2 2 2
left_child=1 -1 -3 4 -4 8 10 9 -6 -5 -7 -11 -10
right_child=-2 2 3 7 5 6 -8 -9 12 11 -12 -13 -14
leaf_value=-0.029339649137865881 -0.035901692990014063 -0.026268233754799371 -0.018753949317577824 -0.017517267481683078 0.12602430160697273 -0.028139178694476415 0.066644268157474471 -0.027828832525861616 0.034501429633628414 0.0059540156899623954 0.023404819171902354 0.070952632310353717 -0.013483762070715104
leaf_weight=2.370313597362844 6.2145995406899592 1.5601653724879749 0.70864290914323547 0.6807422190322564 2.4494973054097522 1.8092426966322888 1.6013944164878919 1.8178724890749434 0.20267414320551425 0.84031802546815093 1.1088227684667751 0.67039073538035154 0.47457639295316767
leaf_count=1129 8440 626 235 241 868 668 502 781 200 267 410 213 467
internal_value=-0.000428564 0.0244841 0.0349984 0.0441163 0.0607132 0.0693953 0.0260306 0.00431511 0.110579 0.0313443 -0.00757853 0.0515695 0.0128849
internal_weight=22.5093 16.2947 13.9243 12.3642 8.35485 7.64621 4.51946 4.00932 3.12675 2.19145 2.91807 1.51071 0.677251
internal_count=30568 7763 5585 4499 2776 2524 1416 1723 1108 777 1078 480 667
is_linear=0
shrinkage=0.05


Tree=119
num_leaves=14
num_cat=0
split_feature=20 0 8 8 2 7 9 1 9 8 8 9 2
split_gain=26.2556 10.6124 4.81709 4.61307 4.19695 3.93164 3.38281 6.13282 3.36784 6.04155 8.47868 2.39901 1.36564
threshold=4.3762599157402358 179.31470959597854 0.44165800079303136 0.18737756200169733 5.3350114935374329 -0.075913039610038244 0.4527027902333452 36.793730881094852 0.12352049028934876 0.24101932339218671 0.33836643353502188 0.067529127744794706 5.1207773483784793
decision_type=8 2 2 2 2 2 2 2 2 2 2 2 2
left_child=2 6 3 4 12 -6 7 -2 -5 -10 -11 -9 -1
right_child=1 -3 -4 8 5 -7 -8 11 9 10 -12 -13 -14
leaf_value=0.00043531507638222767 0.080588110553789324 -0.040682570361640295 -0.018895289052367099 0.047613457447520054 0.040301547422762346 -0.0042093384158181776 0.078857693317913424 0.032357972277932683 0.053550074011050365 -0.026452586331213085 0.029499271153740514 -0.034413964044028925 -0.032248461037109016
leaf_weight=5.5912186513887745 0.9739816148066901 38.61580593069084 8.2409642072161642 15.70125607633963 9.0933671642560547 9.4206702476367337 1.0018786634318528 0.91016415064223188 8.3571176349651051 10.647273423383014 15.243001377210021 4.5886780908331275 6.379720269003883
leaf_count=202 206 23626 220 387 218 225 204 204 222 289 413 1026 230
internal_value=-5.7675e-05 -0.0302662 0.0158409 0.0195881 0.00405904 0.0185976 0.0219976 0.00382184 0.0288003 0.0190689 0.00636127 -0.0200835 -0.0181263
internal_weight=134.765 46.0905 88.6746 80.4336 30.485 18.514 7.4747 6.47282 49.9486 34.2474 25.8903 5.49884 11.9709
internal_count=30568 28199 2369 2105 875 443 1520 1371 1230 911 702 1230 432
is_linear=0
shrinkage=0.05


Tree=120
num_leaves=31
num_cat=0
split_feature=20 16 19 11 16 3 1 1 9 13 20 20 21 3 2 21 13 6 5 1 4 20 3 9 0 0 20 7 1 9
split_gain=48.9056 58.4415 17.5212 17.3363 12.5783 9.76286 9.49537 11.3033 7.08595 6.19588 6.42863 5.45363 7.48771 12.372 7.28107 6.70183 5.17924 4.95297 3.85589 3.26889 3.06741 2.93854 2.93525 5.15348 2.93132 2.73632 2.67789 4.24306 5.68912 2.81959
threshold=28.912001791634253 18.321633832593225 2.5000000000000004 -120.15451297839599 20.251603400431655 57.782339245381259 13.918898324500903 927.70716135805162 0.28134269934958583 20.384762088416128 50.881774506966956 1.1122275723568953 0.67312341711971502 23.122229409609854 5.4860512875735816 0.026383096162793704 21.19320390779615 -0.030319086063219588 -2.5706577949835991 439.51223203378851 66.992301630877066 29.783988796280955 23.867012007050253 0.16219267325081857 390.45630990580906 160.20598052548203 25.584172507254355 -0.15012422928880517 126.56990304250901 0.26479493960295747
decision_type=8 2 2 2 2 2 2 2 2 2 8 10 8 2 2 8 2 2 2 2 2 10 2 2 2 2 10 2 2 2
left_child=2 3 11 24 5 19 20 9 -9 10 -8 14 15 18 16 -13 -1 -18 -14 26 22 25 23 -5 -2 -11 27 28 -4 -30
right_child=1 -3 4 6 -6 -7 7 8 -10 21 -12 12 13 -15 -16 -17 17 -19 -20 -21 -22 -23 -24 -25 -26 -27 -28 -29 29 -31
leaf_value=-0.027059888715155092 0.0024389422599308702 -0.04816585336037163 0.021795913602237947 -0.04348842095790912 -0.045921765126332247 -0.03335901950393623 -0.018623149107613514 0.019975812165097626 -0.017642460146415778 -0.0055810063637099921 0.021824107091895025 -0.016643145582130054 -0.0094588830639308757 -0.032015692226290193 0.0088867021341993459 -0.040988869375756347 0.0041327958382502599 -0.01817233929820903 0.018659484193248057 0.029376262567815788 -0.03043192500135752 0.026449086465077237 0.017349646458335404 0.012739623559418836 -0.018635183219040192 0.041431129930782906 -0.015608459894664735 0.020260612292347793 -0.04307344944768713 -0.0037612900830054129
leaf_weight=54.036586466245353 35.84193661250174 36.857910469174385 12.682201173156502 6.1528987046331176 10.278689406812189 11.320236070081592 13.277242162264884 23.632168613374233 24.456163292750716 3.0137484213337293 31.064001589082181 55.514745391905308 20.61273318529129 35.215506760403514 40.647978577762842 61.790683478116989 46.12133764103055 52.293537721037865 27.258297121152282 24.622070342302322 6.8945953072980046 178.90850983187556 17.985492535866797 8.6984419999644143 29.262497188523412 65.135656234808266 9.0725477524101734 53.080577724613249 7.0147279603406831 11.082311784848569
leaf_count=282 396 1805 429 207 337 396 487 483 500 270 1139 241 211 346 235 269 284 323 280 915 203 13625 576 293 324 5846 323 1853 232 367
internal_value=0.000338104 0.0115247 -0.0104452 0.0165732 0.00477898 0.00914518 0.0206579 0.0233574 0.000874714 0.027052 0.00956923 -0.0158275 -0.0216042 -0.00994941 -0.0097522 -0.0297053 -0.0147474 -0.00778279 0.00660622 0.0134851 -0.00241509 0.0301385 0.004193 -0.0118295 -0.00717186 0.0393015 0.00900688 0.0118225 -0.00290916 -0.0204569
internal_weight=1013.83 481.181 532.645 444.323 139.153 128.875 379.219 339.487 48.0883 291.399 44.3412 393.491 200.392 83.0865 193.099 117.305 152.451 98.4149 47.871 117.554 39.7314 247.058 32.8368 14.8513 65.1044 68.1494 92.9324 83.8598 30.7792 18.097
internal_count=30568 23560 7008 23312 4565 4504 22592 21424 983 20441 1626 2443 1326 816 1117 510 795 607 491 4370 1168 18815 1051 500 720 6116 3306 2927 1040 599
is_linear=0
shrinkage=0.05


Tree=121
num_leaves=31
num_cat=0
split_feature=20 5 3 15 2 6 0 0 8 8 8 1 15 2 16 13 6 13 20 12 7 8 21 6 5 3 15 9 8 15
split_gain=6.61617 6.3355 5.13572 4.50491 4.38835 4.20467 4.11454 7.96286 4.06362 4.5227 10.3307 5.02434 4.36739 5.7238 5.83511 6.64022 5.5115 5.88579 5.15112 4.15163 4.02152 3.97862 3.81748 4.02016 3.95036 3.76729 3.71151 6.2578 5.20951 3.52359
threshold=0.72921310767638003 50.084381631299557 21.351553160853154 7.7074941031069835e-08 4.953168841441955 -0.026879030453358144 145.80362580806454 107.8889923222555 0.41131735072805148 0.36823655882944334 0.38002569992511509 41.658698094028502 5.5083812214077175e-09 5.4009014686775751 1.0000000180025095e-35 24.154320967179832 0.12793981288352543 15.188751314277313 2.2761312847482005 -106.64133133947102 0.10507518557917096 0.4710726995307653 1.3012179441188103 0.22014627753649221 -49.911782704606992 17.392888008478156 1.0000000180025095e-35 0.2485007821479375 0.16075699302805282 3.409152253279759e-09
decision_type=10 2 2 2 2 2 2 2 2 2 2 2 2 2 2 2 2 2 10 2 2 2 10 2 2 2 2 2 2 2
left_child=1 4 6 8 5 -1 7 -2 9 11 -11 20 13 14 22 -16 17 -14 -15 -19 -4 -10 -13 24 -24 -8 27 -17 -28 -12
right_child=2 -3 3 -5 -6 -7 25 -9 21 10 29 12 16 18 15 26 -18 19 -20 -21 -22 -23 23 -25 -26 -27 28 -29 -30 -31
leaf_value=0.05240581430452345 -0.027190604601663462 0.046154209940411382 -0.037784824773521415 0.059151144704776462 -0.032093322106254325 -0.028347584912742044 -0.00013795024838450035 0.095996829021930782 -0.024284495043955263 0.10980646140708944 0.032842203625171519 -0.023489857665233111 -0.0013867643087372978 0.039874468176081812 -0.026879440557798274 -0.029114279776580501 9.2228614048128342e-05 0.08865869910594075 -0.022686745351484849 0.011371227703282147 0.017846718942120407 0.021417550085407949 -0.026420805350398299 -0.029725660643097514 0.048071425622162517 -0.033613456928905092 0.021339830656555023 0.070266443578279131 0.13698354822205391 -0.030774101283988581
leaf_weight=2.6058372559491554 1.8054111946839841 2.7917757846880704 7.0941442820476359 4.73337546386756 22.595651781768538 2.0572420961689266 40.216037094709463 1.826380614656955 11.966152903507465 3.19092941726558 4.826007243245841 6.3856593878008541 3.5683230650611266 3.1162763260072124 1.7244651117362089 2.1380189503543079 6.9119319340679795 7.6632063498254901 16.171326189767569 2.57984505500644 4.6464890004135668 6.5954724145121872 1.5240345323691222 2.2506395353702828 8.2413826017873273 9.6278190047014487 1.9986429251730449 2.4683129454497248 2.2951019681058824 2.5303205030504614
leaf_count=586 212 705 729 553 6088 462 7386 214 1526 349 561 821 321 497 202 273 616 792 2579 267 477 841 213 322 1150 1768 215 315 246 294
internal_value=-0.000393404 -0.0154572 0.00967821 0.0156065 -0.0231773 0.0180646 -0.00308176 0.0421096 0.0132143 0.0175195 0.0470144 0.0131405 0.0182712 0.00966249 0.0233769 0.0511399 0.0369727 0.0541773 -0.0111116 0.0719356 -0.0160953 -0.00778054 0.00553786 0.0215835 0.0350715 -0.007138 0.0674449 0.0271737 0.0973536 0.00989627
internal_weight=198.146 30.0505 168.096 114.62 27.2587 4.66308 53.4756 3.63179 109.887 91.3251 10.5473 80.7778 69.0372 48.3139 29.0263 10.6245 20.7233 13.8114 19.2876 10.2431 11.7406 18.5616 18.4017 12.0161 9.76542 49.8439 8.90008 4.60633 4.29374 7.35633
internal_count=30568 7591 22977 13397 7344 1048 9580 426 13260 10893 1154 9739 8533 6687 3611 1246 1846 1243 3076 1059 1206 2367 2365 1718 1363 9154 1049 588 461 855
is_linear=0
shrinkage=0.05


Tree=122
num_leaves=31
num_cat=0
split_feature=12 20 17 13 9 1 9 21 4 11 2 0 21 5 6 3 20 13 6 21 9 9 13 8 12 1 17 8 11 20
split_gain=9.14264 7.9225 3.92368 3.80033 4.30843 3.55886 8.99694 4.75798 6.5467 7.76897 5.57701 6.07242 5.24956 5.0147 4.83202 8.10765 5.6679 11.3879 4.67595 4.55856 4.0415 3.54904 3.5437 4.31999 4.33235 2.96952 4.36057 3.19439 3.36183 3.47806
threshold=-109.93124938226798 70.273120258160176 4.7670552534749762 21.84451825993872 0.48661597731674983 30.736342789443853 0.20443696525121882 3.7252410563412002 -5.9431718820561192 -125.14559643286049 5.0790721281431566 575.95291206508671 0.20662457464586353 -30.519750649213545 -0.038248842752062633 52.636178372244807 69.006614809500675 28.285925072831017 -0.27367844845973538 1.5953737819904001 0.22522183878676352 0.41974982997896509 33.732848363396123 0.33643602221007424 -114.58157874502197 945.34694372449962 1.4323038733754729 0.48470785117411458 -99.16062215573713 50.188813199542508
decision_type=2 8 2 2 2 2 2 8 2 2 2 2 8 2 2 2 10 2 2 8 2 2 2 2 2 2 2 2 2 8
left_child=2 3 5 -2 21 6 -1 10 9 -9 -7 12 -12 19 15 18 17 -16 20 -14 -15 25 -13 24 -24 26 27 28 29 -5
right_child=1 -3 -4 4 -6 7 -8 8 -10 -11 11 22 13 14 16 -17 -18 -19 -20 -21 -22 -23 23 -25 -26 -27 -28 -29 -30 -31
leaf_value=0.078174405366605235 -0.016339597928501509 -0.025592250086357599 -0.03170816351719085 -0.00058940601806423869 0.068687841938791017 -0.026633723948778068 0.0022962355774849572 0.068156436760146002 -0.030883979137792995 -0.03047409452502008 -0.013802934672316209 -0.024649279371637002 -0.032865635795096937 0.064867487741108926 0.080036835032676112 0.090179191002694101 0.11714202216861731 -0.031577993919611351 -0.034184571065220576 0.038552219457775268 -0.014708999420974476 -0.02413553427651309 0.079950318809089704 -0.028501589777244971 -0.0097477185441161227 0.031925570888742275 0.07490126409869724 0.054824480686777567 -0.023801387629839112 0.053260951732515049
leaf_weight=7.1358426217921069 15.663736310787497 29.326142229954712 2.9835919635370374 17.961691124248318 2.0592194746714085 4.5668585965177035 7.6353039457462728 3.8245317824184903 10.64669785927981 2.6375570362433836 3.9472818979993463 6.977897754404693 3.1935582763981083 2.6333315505180526 5.4373518652282717 2.6721033037174493 4.5361764435656369 2.864401264465414 3.9800595088163391 3.8109400188550344 2.302007811376825 6.797290375456214 2.5921975031960773 2.0139024020172656 1.8391940903384238 12.854131758445872 1.06982486450579 1.4875742006115613 12.075002840370875 2.5942567029269403
leaf_count=339 2245 6604 258 3687 322 419 362 313 1083 216 342 813 300 247 463 232 404 244 405 358 216 1074 288 230 205 2005 210 291 2395 532
internal_value=0.00011965 -0.0041179 0.0177698 0.00479086 0.0107896 0.019849 0.041585 0.0147753 -0.0078263 0.0292105 0.0220317 0.0270293 0.0376361 0.0443228 0.0546593 0.0276482 0.0752796 0.0422711 0.00170186 0.00595271 0.0315257 0.00742438 -0.00159665 0.0233195 0.0477818 0.0122907 0.00443421 0.000154737 -0.00389361 0.0083623
internal_weight=190.12 101.889 88.2308 72.5627 56.899 85.2472 14.7711 70.476 17.1088 6.46209 53.3673 48.8004 35.3772 31.4299 24.4254 11.5875 12.8379 8.30175 8.9154 7.0045 4.93534 54.8398 13.4232 6.44529 4.43139 48.0425 35.1883 34.1185 32.631 20.5559
internal_count=30568 22945 7623 10400 8894 7338 701 6637 1741 529 4896 4633 3069 2805 2147 1004 1143 707 907 658 463 8664 1564 736 493 7494 6909 6675 6472 4219
is_linear=0
shrinkage=0.05


Tree=123
num_leaves=31
num_cat=0
split_feature=16 20 21 19 13 12 13 5 13 9 0 13 11 20 1 9 3 13 11 17 21 11 20 8 21 9 21 1 16 17
split_gain=66.2877 79.1238 23.6371 14.4886 12.2345 9.18169 8.61734 7.8865 7.2849 6.68611 4.0953 3.96749 4.79678 4.32755 5.45033 3.85945 3.27035 3.26126 3.10823 2.82847 1.95147 2.47189 0.908604 1.69191 0.864156 0.594664 0.427297 0.229796 0.155812 0.101096
threshold=30.881699610339378 10.465543835848552 0.20662457464586353 2.5000000000000004 25.269338078267918 -111.932706011078 -1.0000000180025095e-35 29.410483501777104 37.57938463651945 0.25084754271280657 452.6032987299721 24.261735235895426 -108.36711892171749 27.597972824803254 659.21031187503263 0.25308718865216046 47.365379071106958 22.712426227370731 -98.765353083634992 0.11238654763139126 1.4860628933339901 -105.23534060391999 16.356609021194803 0.37207138917150312 0.48887558116160207 0.0036977990979862878 0.29295452816024753 2.0337582716943507 8.98945626835045 3.8180435881161552
decision_type=2 8 8 2 2 2 2 2 2 2 2 2 2 10 2 2 2 2 2 2 8 2 8 2 10 2 8 2 2 2
left_child=1 3 4 5 -3 -1 -4 8 9 -7 15 12 29 14 18 -10 17 24 -14 -19 21 -5 23 -13 -15 -24 -27 -28 -26 -8
right_child=-2 2 6 20 -6 7 11 -9 10 -11 -12 22 13 16 -16 -17 -18 19 -20 -21 -22 -23 25 -25 28 26 27 -29 -30 -31
leaf_value=-0.01194059960064757 0.050047254306973904 0.054450324865381074 0.050907660543434291 -0.028547932467952859 -0.020018968558403166 0.0055457936531794205 -0.041154025930840804 0.033510397002747223 0.0042736094879356973 0.030203301280974544 0.016545562163595342 -0.032325084224002237 -0.036617884723118298 -0.0087501025942907529 0.045360643427312358 -0.026739680047817245 0.022728638331287306 -0.023290450659686407 0.017289365127210406 0.034120348240880588 -0.036871409684824975 0.016392826532389614 -0.0053557004747929104 0.0098629497620295117 -0.042155459301929626 -0.010237703407780128 -0.015872841365938445 -0.041651349048190671 -0.017159682343335893 -0.018122666923398301
leaf_weight=31.621082828380167 50.367362648248672 11.254260993096981 2.1385964453220359 5.5892313672229657 9.293371723033486 52.905760111752898 29.777482099365443 51.667002080008388 18.310352488420904 57.493690304458141 16.666726301424205 8.1877117776311934 5.3724303771741697 3.1633842792362037 5.0346987089142203 20.56298571638763 2.6922061345539987 3.8868837342597553 3.8131722775287908 2.8283064928837121 15.175778828561306 4.8180878059938568 1.5083180675283063 2.6782245659269392 19.312601795420054 1.8912268169224262 2.5002513201907268 137.79054088657722 2.6328483456745744 2.7887643170543015
leaf_count=235 2638 307 237 295 254 242 2133 353 207 263 211 613 285 228 211 232 203 365 203 266 912 254 210 200 1477 264 350 19278 201 200
internal_value=-0.000467807 -0.00942264 -0.0292248 0.00924589 0.0214031 0.0129453 -0.033667 0.0165996 0.0111651 0.0185428 -0.00356838 -0.0346456 -0.0251025 -0.0146919 0.00812136 -0.0123908 -0.0240547 -0.0285843 -0.0147393 0.00217823 -0.0259247 -0.00812934 -0.039472 -0.0219718 -0.0365798 -0.0406344 -0.0409686 -0.0413075 -0.0400352 -0.0397804
internal_weight=583.723 533.356 258.545 274.811 20.5476 249.228 237.998 217.607 165.94 110.399 55.5401 235.859 81.3028 48.7365 14.2203 38.8733 34.5162 31.824 9.1856 6.71519 25.5831 10.4073 154.556 10.8659 25.1088 143.69 142.182 140.291 21.9455 32.5662
internal_count=30568 30283 26889 3394 561 1856 26328 1486 1208 505 703 26320 5534 3201 595 439 2606 2438 488 631 1538 549 20786 813 1807 19973 19812 19628 1678 2333
is_linear=0
shrinkage=0.05


Tree=124
num_leaves=14
num_cat=0
split_feature=20 20 3 6 12 7 15 21 2 3 2 9 21
split_gain=6.76233 3.97762 3.45009 3.2472 4.44387 3.86508 3.52248 6.59887 5.2177 1.22903 0.847966 0.716043 0.36452
threshold=32.836670301168105 3.4967253736869552 10.405171446727502 -0.038248842752062633 -107.7347138599 -0.087788681761815632 3.1763735522036267e-22 0.50468699732245115 5.7675799121427298 32.398309160047553 5.7627307898076747 0.38869944226725478 1.5759632544831301
decision_type=8 10 2 2 2 2 2 8 2 2 2 2 8
left_child=1 -1 -3 6 5 -5 7 -4 11 -9 -6 -8 -11
right_child=-2 2 3 4 10 -7 8 9 -10 12 -12 -13 -14
leaf_value=-0.029132747112794163 -0.035606481410525345 -0.026036168298219243 -0.019211132443816403 0.083637064690230176 -0.032528190097883949 -0.01987438696295693 -0.029837626777186984 0.13817956970386433 0.085409695782294015 -0.0098992319822105226 0.015663409150689867 0.01470854395004686 0.031322004337865403
leaf_weight=2.3150543487136082 5.8643570045678635 1.5226730198191969 0.73617573434604155 1.6470973328687262 2.939199026019188 0.88103734396282141 2.1105762126098879 1.9405252427241069 0.83862425833649468 0.30290114888339503 0.53301710219238885 0.57161884519155137 0.25567947349918441
leaf_count=1083 7982 596 258 605 1240 323 737 829 232 239 225 200 202
internal_value=-0.000401935 0.0229832 0.0327864 0.04119 0.011412 0.0521553 0.0627557 0.0943029 0.0193196 0.123675 -0.0232821 -0.0189278 0.0169595
internal_weight=22.4585 16.5942 14.2791 12.7565 6.00035 2.52813 6.7561 3.23528 3.52082 2.49911 3.47222 2.6822 0.558581
internal_count=30568 7763 5585 4499 2393 928 2106 1134 972 1067 1465 937 441
is_linear=0
shrinkage=0.05


Tree=125
num_leaves=16
num_cat=0
split_feature=20 2 21 4 20 21 7 1 20 8 15 9 13 9 1
split_gain=23.6986 8.45057 3.87313 6.18478 4.21039 4.27322 3.54759 6.32637 3.40842 2.84888 2.98009 2.73464 2.42103 2.37447 0.472838
threshold=2.6549014716484653 4.4959952347279826 0.012056408467791503 -4.3794635446220243 0.5678624348821576 0.023054952780793454 0.43912428576795121 33.682017220425159 4.3762599157402358 0.34851460448447974 2.3263215420469706e-09 0.27098813113110082 21.135872010956557 0.06374207420075885 485.61750253035956
decision_type=8 2 8 2 10 10 2 2 8 2 2 2 2 2 2
left_child=2 6 11 -4 12 -6 7 -2 -3 10 -7 -1 -5 -9 -14
right_child=1 8 3 4 5 9 -8 13 -10 -11 -12 -13 14 -15 -16
leaf_value=-0.019355296132779091 0.081311265303828276 -0.0047936642081279198 0.05880986432105792 0.019112425579721565 0.044923267304734282 -0.02016200186403375 0.078990669185240184 0.031318250576782801 -0.040616872355897414 0.032681248704458148 0.017471233284087711 0.016301222772299079 -0.0072778719639080627 -0.034652990664208565 -0.035073864742312111
leaf_weight=10.298997762147341 0.96212999708950597 8.4267101638251916 9.18850927823223 3.6735064256936303 13.571838635019956 8.9672468123026299 0.99871965614147484 0.93678650341462422 36.383541366667487 8.9325771513394994 10.140177704859523 9.2770595573820156 3.0108817728469157 4.7732103934977204 4.4930901821935549
leaf_count=223 205 5086 232 206 257 229 200 212 21960 220 260 201 200 1082 299
internal_value=-3.46027e-05 -0.0259077 0.0168179 0.022858 0.0156233 0.0228316 0.020531 0.00262522 -0.0341319 0.0109601 -0.00031466 -0.00248672 -0.0108834 -0.0207753 -0.0260883
internal_weight=134.035 52.4811 81.5539 61.9778 52.7893 41.6118 7.67085 6.67213 44.8103 28.04 19.1074 19.5761 11.1775 5.71 7.50397
internal_count=30568 28581 1987 1563 1416 788 1535 1424 27046 690 489 424 628 1294 499
is_linear=0
shrinkage=0.05


Tree=126
num_leaves=31
num_cat=0
split_feature=20 16 11 19 16 1 1 3 7 21 13 1 21 20 3 15 21 11 19 1 9 4 13 6 20 2 1 21 2 9
split_gain=42.9967 52.2408 15.6287 14.8978 11.2675 9.06377 10.8571 8.74325 6.13018 5.66334 5.28894 6.26832 5.46264 8.77044 8.73943 4.2167 4.27402 4.12377 6.1184 5.56834 4.2895 9.356 4.04643 3.83346 3.2062 3.95998 3.18275 3.10943 2.69637 3.15916
threshold=28.912001791634253 18.321633832593225 -120.15451297839599 2.5000000000000004 20.251603400431655 13.918898324500903 969.28967126211012 57.782339245381259 -0.27829657361253174 7.3260724770237404 15.377609464385374 163.22326970967754 0.83302552714276512 1.7821107921224553 20.853940967587452 5.0705804012632856e-08 0.20662457464586353 -107.11822228035598 4.5000000000000009 54.445508826713358 0.20642115574671396 46.888002788326659 21.19320390779615 -0.15186712305353953 39.820579571058055 5.3807572382231266 439.51223203378851 3.8840929418194055 5.6598762843915171 0.1088766193050912
decision_type=8 2 2 2 2 2 2 2 2 8 2 2 8 10 2 2 10 2 2 2 2 2 2 2 10 2 2 8 2 2
left_child=3 2 -2 10 7 27 9 26 -8 15 -1 -12 13 22 -14 16 -7 18 24 -20 21 -21 -13 -10 25 -18 28 -4 29 -5
right_child=1 -3 5 4 -6 6 8 -9 23 -11 11 12 14 -15 -16 -17 17 -19 19 20 -22 -23 -24 -25 -26 -27 -28 -29 -30 -31
leaf_value=-0.03358387606388178 -0.0066068394574323348 -0.047296998179541076 0.0090806883022931158 0.022788438183255835 -0.044889469263284507 -0.0038549106824974817 -0.031373256290482703 -0.031075306768413566 -0.011300507660635352 0.03913451046417131 0.0068557574465873631 -0.026381435063758903 0.012673044046520657 -0.034338147809962589 -0.020005609828137878 -0.012752570393178326 -0.0322157455284258 0.031416970774164971 -0.055588093294424705 0.026207189912725484 0.025940742779438797 -0.068623809787509829 -0.0087069020431088384 0.025038970277047209 0.02943983078709151 0.023614179464555549 0.028811114988910043 -0.018667341869703567 0.030711889416836925 -0.00042399003213969841
leaf_weight=33.271357696503401 65.562077756971121 34.555767776444554 22.762800802476704 18.157219296321273 9.6983865983784181 13.328609676100312 11.37170711904764 11.635913781821728 11.38403647392988 64.061456674709916 35.727985398843884 42.017618687823415 40.160768136382103 65.272908424958587 39.72810341976583 7.8294994942843914 4.5315031120553604 113.75340259913355 3.5021384162828353 4.7432515826076314 10.751815958879886 3.8786533921957016 139.15572245232761 17.01685439422727 52.986167070455849 6.4590937029570341 23.647413569502532 16.584479179233313 10.82818933483213 62.259964887052774
leaf_count=206 3550 1751 676 643 325 891 239 414 253 4614 228 217 403 331 398 511 201 7897 203 268 647 219 717 377 3442 287 899 492 392 2207
internal_value=0.000313544 0.0110076 0.0157863 -0.00978851 0.00444677 0.0198163 0.022548 0.00855072 -0.00188762 0.025943 -0.0146926 -0.0128689 -0.0150428 -0.0187147 -0.00362421 0.0219737 0.0232981 0.0251123 0.0165913 -0.00543192 0.00591809 -0.0191519 -0.0129283 0.010584 0.0244285 -0.000171895 0.0127974 -0.00278762 0.00837991 0.00503262
internal_weight=996.625 465.063 430.508 531.562 136.227 364.945 325.598 126.529 39.7726 285.826 395.334 362.063 326.335 246.446 79.8889 221.764 213.935 200.606 86.8526 22.8759 19.3737 8.6219 181.173 28.4009 63.9768 10.9906 114.893 39.3473 91.2454 80.4172
internal_count=30568 23560 23312 7008 4565 22592 21424 4504 837 20587 2443 2308 2051 1250 801 14486 14309 13926 5481 1325 1166 487 934 630 4156 488 4370 1168 3306 2850
is_linear=0
shrinkage=0.05


Tree=127
num_leaves=31
num_cat=0
split_feature=20 12 9 7 12 20 9 8 0 2 8 6 20 9 9 15 9 16 12 8 19 9 3 21 16 1 1 15 4 7
split_gain=5.96738 6.16893 4.74776 6.58361 6.49928 5.14567 8.02176 6.67654 5.24997 4.92662 4.89594 11.9772 4.88078 5.32468 10.5905 5.31683 4.39609 7.25848 4.2838 5.91613 5.00144 4.52152 4.0908 3.98482 3.2161 4.7623 3.68139 2.61194 2.36468 2.26613
threshold=0.72921310767638003 -122.5516647299368 0.17994652962642557 -0.013336981043895689 -126.10251266064104 61.973287375642208 0.23644262945092989 0.132709811436901 665.71619822367165 5.5656131858971891 0.063820723687838324 -0.018738084582262001 57.064438286372109 0.46426092124955881 0.40444531485918672 8.0500763440289782e-09 0.42136307213700613 1.0000000180025095e-35 -113.46468915061006 0.27586029572733478 2.5000000000000004 0.11547200628118405 1.6390673304473504 0.80920589424631306 0.25364870036318149 99.689481932163957 969.28967126211012 1.5881867761018134e-22 55.02092949717521 -0.25776845816019106
decision_type=10 2 2 2 2 10 2 2 2 2 2 2 8 2 2 2 2 2 2 2 2 2 2 8 2 2 2 2 2 2
left_child=1 -1 3 -2 -4 6 7 -6 10 27 11 -7 13 14 15 29 -16 -18 19 -5 21 23 -3 -20 26 -26 -12 -9 -17 -8
right_child=2 22 4 18 5 8 12 9 -10 -11 24 -13 -14 -15 16 28 17 -19 20 -21 -22 -23 -24 -25 25 -27 -28 -29 -30 -31
leaf_value=0.024356494495205872 -0.019830028701728678 0.037972461238314242 0.050764743943166983 0.065468083033682747 -0.0022447525088530856 0.11454029745519244 0.0004065877196338836 0.031387209300556267 0.060233888532266147 0.0043320160362116727 -0.036976921759181887 -0.030429167140609115 0.072833616379669716 -0.031164633312957647 0.084042079081722398 -0.0028421659434866853 -0.013683858328056537 0.065473123937146924 0.0039241470066948489 -0.0041780302607047817 -0.022203928191725231 -0.020034120912360179 -0.033125377480015074 0.080747911346694012 0.065053239148452735 -0.020396805860172073 0.011927590260828317 0.11560204844860121 0.046707388992681731 -0.031054103861831495
leaf_weight=6.8578033894300487 26.861009262618609 1.4009803257649789 10.812364108860491 6.260968632996085 3.7339335561264315 1.5006787317106507 10.452231869916432 2.2869409110862762 1.8472316617844624 2.0212335948599502 17.126132590230561 2.5849627275019911 1.9697715691290785 7.0002829587319866 4.4484857757342988 3.8315396605757988 5.5761939544463521 4.455788062652573 3.1112597988685655 5.0612359696533531 11.283653857652096 3.0859368725214154 20.896953087765723 2.9910282264463595 1.722883120528423 3.2375192840117961 4.3639236125163734 4.316820913227275 5.0202640814241022 11.584854999557146
leaf_count=1786 3774 469 1450 353 406 338 1470 248 406 226 3998 583 223 770 409 240 525 419 225 285 2071 233 6996 217 316 594 1019 467 315 1629
internal_value=-0.000373591 -0.0146833 0.0094836 -0.00198893 0.0155697 0.0112602 0.0191092 0.0539164 -0.00499436 0.0759368 -0.0107251 0.0348709 0.0103615 0.00669106 0.0130782 -0.00372218 0.0468411 0.0242223 0.013229 0.0365225 -0.000754621 0.0251803 -0.0272202 0.0476467 -0.0187818 0.0152172 -0.0269572 0.0944011 0.0271482 -0.0167623
internal_weight=197.705 29.1557 168.549 58.6551 109.894 99.0817 66.6983 12.3589 32.3833 8.625 30.5361 4.08564 54.3394 52.3696 45.3694 30.8889 14.4805 10.032 31.7941 11.3222 20.4719 9.18822 22.2979 6.10229 26.4505 4.9604 21.4901 6.60376 8.8518 22.0371
internal_count=30568 7591 22977 8242 14735 14619 7497 1343 7122 963 6848 921 6154 5758 4986 3654 1332 944 4396 638 3758 694 7465 442 5927 910 5017 715 555 3099
is_linear=0
shrinkage=0.05


Tree=128
num_leaves=31
num_cat=0
split_feature=12 20 16 16 3 21 15 7 7 12 20 20 8 5 4 20 13 9 9 20 1 2 1 20 6 9 5 9 1 15
split_gain=8.13595 7.26151 3.61274 3.67528 5.16948 4.66735 4.19939 3.81553 4.43042 4.40921 5.0722 3.85836 7.00676 6.03623 5.79137 10.1217 3.55332 3.83962 3.33621 3.02213 2.913 2.7351 2.58653 2.595 3.17846 2.52935 15.3476 6.58258 6.16143 3.7019
threshold=-109.93124938226798 70.273120258160176 10.33180894093435 0.68521281997870187 31.682991526778753 0.29295452816024753 1.4001020978247121e-08 -0.36791964889889556 -0.13518386906083354 -111.21494474716148 90.773060635394515 22.633990168594455 0.3546445345234846 -48.804548559843141 55.989601977123108 69.006614809500675 21.84451825993872 0.48661597731674983 0.41974982997896509 7.1607661762869856 768.65045180427114 4.2891135017140778 3.0741393647482753 113.40843381944451 0.3701105030328789 0.31127953089109212 -8.5441532471931989 0.20801590084310376 258.84427406755805 5.599938086258716e-10
decision_type=2 8 2 2 2 8 2 2 2 2 8 8 2 2 2 10 2 2 2 8 2 2 2 10 2 2 2 2 2 2
left_child=2 16 3 5 -5 -1 7 -7 9 10 -9 19 13 -13 20 -16 21 18 25 -10 -15 -2 -3 -24 -25 27 28 29 -27 -18
right_child=1 22 -4 4 -6 6 -8 8 11 -11 -12 12 -14 14 15 -17 17 -19 -20 -21 -22 -23 23 24 -26 26 -28 -29 -30 -31
leaf_value=-0.023385323893146435 0.025115953863511432 0.022138339924709413 -0.024675687122659523 -0.0080942689219009878 0.063749453716278409 -0.011110695182401478 -0.014947486751828035 0.0040792196662867257 0.0082198962965652454 0.10350133862448357 0.065877845540462415 0.066401152163552121 -0.03168015623022799 -0.032179599310585248 -0.023140367642007532 0.078180258636824498 0.031188660219911204 0.063967950774840576 -0.023738299054589559 0.068398746618928349 0.028887978174948523 -0.025129387694386596 -0.039514382430673047 -0.018638843551503949 0.050702333183793726 -0.003903395483125949 -0.018573142624402753 -0.026194381007599424 0.11114030487030596 -0.0091704870324565788
leaf_weight=6.4240248781861737 2.5118384399684155 1.9875664950814123 4.1055493375752121 3.1521286924835321 8.2288252706639451 6.6741886734962454 7.515625856933184 7.2850244592409599 3.7517733864951879 2.3669372990261746 5.3277131461072704 4.8191960001131546 7.1816357757197693 7.5391434313496655 3.7448504803469396 4.6264507325831801 17.160426749615002 2.1898398492485285 6.6301263123750687 4.7624053766485295 1.6865933571243656 12.882818346261045 17.616298091248616 7.2752969674766055 1.0731300535844637 1.4193496801890448 7.0455790575360862 10.876797394128515 4.1354194130981341 7.7185608509462327
leaf_count=565 246 892 351 224 586 620 674 574 236 205 419 455 715 932 336 414 2530 341 1045 300 209 1260 8397 2975 439 209 1103 1680 610 1138
internal_value=0.0001403 -0.00363589 0.0170195 0.0192946 0.0448046 0.0148085 0.0187443 0.0231574 0.027591 0.0500095 0.0331052 0.0177263 0.00850091 0.0221771 0.00714651 0.0352224 0.00475019 0.0104878 0.00725341 0.0455321 -0.0192823 -0.0158993 -0.0248202 -0.0291025 -0.00525537 0.0118976 0.0302843 0.00477042 0.0856336 0.0187969
internal_weight=189.715 100.523 89.1921 85.0865 11.381 73.7056 67.2815 59.7659 53.0917 14.9797 12.6127 38.112 29.5979 22.4162 17.597 8.3713 72.5708 57.1761 54.9863 8.51418 9.22574 15.3947 27.9523 25.9647 8.34843 48.3561 12.6003 35.7558 5.55477 24.879
internal_count=30568 22945 7623 7288 810 6478 6030 5555 4778 1296 993 3482 2946 2118 1891 750 10400 8894 8664 536 1141 1506 12545 12377 3414 7494 1972 5522 819 3668
is_linear=0
shrinkage=0.05


Tree=129
num_leaves=31
num_cat=0
split_feature=16 20 21 19 13 12 13 5 13 12 13 11 20 1 2 3 13 11 17 2 21 11 20 8 21 9 21 1 16 17
split_gain=60.255 72.0452 22.6411 12.8552 10.8557 8.3443 8.2501 7.00933 6.80069 5.95253 4.04168 4.81855 4.00898 4.82851 3.62959 3.33345 3.24952 2.96521 2.67502 2.38962 1.96632 2.38141 0.941946 1.74206 0.870899 0.61243 0.447538 0.237115 0.187394 0.113016
threshold=30.881699610339378 10.465543835848552 0.20662457464586353 2.5000000000000004 25.269338078267918 -111.932706011078 1.0000000180025095e-35 34.368371968372209 24.688330510399044 -99.40163590034048 24.261735235895426 -108.36711892171749 27.597972824803254 659.21031187503263 5.0790721281431566 47.752000279082857 22.712426227370731 -98.765353083634992 0.11238654763139126 5.4045886114972621 1.4860628933339901 -105.23534060391999 16.356609021194803 0.37641271370141688 0.48887558116160207 0.0036977990979862878 0.29295452816024753 2.0337582716943507 9.1418474470538982 3.8180435881161552
decision_type=2 8 8 2 2 2 2 2 2 2 2 2 10 2 2 2 2 2 2 2 8 2 8 2 8 2 8 2 2 2
left_child=1 3 4 5 -3 -1 -4 8 -7 19 11 29 13 17 -11 16 24 -13 -18 -10 21 -5 23 -12 -14 -24 -27 -28 -26 -8
right_child=-2 2 6 20 -6 7 10 -9 9 14 22 12 15 -15 -16 -17 18 -19 -20 -21 -22 -23 25 -25 28 26 27 -29 -30 -31
leaf_value=-0.011897033241036916 0.049178659372592526 0.050616908126155602 0.049910790914222743 -0.028027682747889866 -0.019454988904424663 0.01998704181175829 -0.041060093237955085 0.033565527677874296 -0.029323871997507731 -0.001676880747511583 -0.032068357562465184 -0.036373735805503467 -0.008290909925468706 0.041705949446034223 0.025416418593437025 0.024310687262324902 -0.022731646722402632 0.016475111606294984 0.033300083015036279 -0.0032495164542879688 -0.03660266617557436 0.016418955545286905 -0.0047840619843170749 0.011086991679552762 -0.042006276160100789 -0.0096239009776797283 -0.015630458562773876 -0.041617271425612778 -0.016122790491503537 -0.017688777268808433
leaf_weight=31.563686964102089 47.390819996595383 11.686658260412518 2.10949020134285 5.3664107862859973 9.0552949411794526 94.224328153766692 28.402011980768297 41.680955361574888 15.152719984762369 24.821603926829994 7.9725902476347992 5.1625262652523825 3.1088685924187374 5.2754859053529799 23.398548025637865 2.6022005537524819 3.7495495942421266 3.8725501769222301 2.8692130879499018 19.894432284869254 14.502699757460505 4.8154786187224108 1.4700584542006243 2.5928571396507323 18.540241711307321 1.8371068611741066 2.4687863970175377 129.2820541090332 2.4915756555274129 2.7243032441474497
leaf_count=234 2541 316 245 289 245 675 2129 283 207 213 613 279 234 219 201 203 359 209 275 272 904 260 217 200 1487 272 368 19260 200 204
internal_value=-0.00044622 -0.00913925 -0.028676 0.00844121 0.0205379 0.0118526 -0.0332527 0.0153113 0.0108606 0.000418512 -0.0342523 -0.0245368 -0.0140712 0.00769709 0.0117193 -0.023361 -0.0280324 -0.0143375 0.00274061 -0.0150236 -0.0253223 -0.00741839 -0.0393063 -0.0214347 -0.036243 -0.0405366 -0.0408915 -0.0412517 -0.0398109 -0.0396288
internal_weight=570.085 522.694 247.273 275.421 20.742 250.736 226.531 219.173 177.492 83.2673 224.422 78.7985 47.6722 14.3106 48.2202 33.3616 30.7594 9.03508 6.61876 35.0472 24.6846 10.1819 145.623 10.5654 24.1407 135.058 133.588 131.751 21.0318 31.1263
internal_count=30568 30283 26889 3394 561 1856 26328 1486 1271 893 26320 5534 3201 595 414 2606 2450 488 634 479 1538 549 20786 813 1816 19973 19812 19628 1687 2333
is_linear=0
shrinkage=0.05


Tree=130
num_leaves=16
num_cat=0
split_feature=20 21 5 12 7 8 6 11 6 7 4 13 20 21 15
split_gain=6.19198 3.69192 4.28736 3.19669 2.88008 3.01479 2.28426 2.10039 2.07964 2.45566 1.31469 2.55683 1.39336 0.996454 0.922977
threshold=32.836670301168105 0.40009327630850056 11.831597877111951 -93.309711255601954 0.43218581436447329 0.040659871405630106 -0.37678652989406153 -100.67927542447599 0.23199754014320731 -0.20529980568541892 27.876614205772103 24.985661186718172 9.4373691190691833 0.61501020066581968 8.6212365735523153e-09
decision_type=8 8 2 2 2 2 2 2 2 2 2 2 10 10 2
left_child=1 14 3 4 5 -3 -7 -4 10 -10 11 -8 -12 -9 -1
right_child=-2 2 7 -5 -6 6 8 13 9 -11 12 -13 -14 -15 -16
leaf_value=-0.031495856664114634 -0.035303792872722325 -0.017697724387735422 -0.031471417771439109 -0.021082069188246531 -0.018803766669168914 0.0015447310799127888 0.0096013897367027527 0.056227049411086284 0.059554885852044027 -0.022467686063546346 0.052856164243772985 0.12774803046016864 -0.017358238041323953 -0.011897494383369454 0.018578290744352438
leaf_weight=2.7748321247199867 5.5388253506389438 0.63600947349914605 2.7435672524006818 0.98000825844064465 0.71394118982425425 1.0263069993088754 0.71266844612546298 0.42016908588993929 0.82894257252337511 1.0449814678431719 0.46461249869025878 2.9446007896331139 0.66191996053385083 0.39873216261912603 0.48952126059157308
leaf_count=1137 7565 244 1758 405 273 390 235 262 371 467 203 972 289 248 201
internal_value=-0.000377185 0.0216516 0.0327584 0.0483119 0.0571906 0.0650295 0.0731263 -0.0119683 0.0825181 0.0219131 0.0983652 0.11173 0.022838 0.034752 -0.021391
internal_weight=22.3796 16.8408 13.5765 10.014 9.03398 8.32004 7.68403 3.56247 6.65773 1.87392 4.7838 3.65727 1.12653 0.818901 3.26435
internal_count=30568 7763 6425 4142 3460 3195 2920 2283 2537 838 1699 1207 492 510 1338
is_linear=0
shrinkage=0.05


Tree=131
num_leaves=14
num_cat=0
split_feature=20 0 10 9 16 6 20 15 12 6 7 3 4
split_gain=21.2996 8.35448 3.60981 4.70926 3.95261 4.03707 3.28983 3.276 3.03945 2.93842 2.62495 2.5043 1.4796
threshold=2.6549014716484653 179.31470959597854 2.5000000000000004 0.19599747585288399 1.0000000180025095e-35 -0.096320189309841084 4.3762599157402358 1.5384641434633003e-08 -111.10950231883292 -0.23263460114014831 0.035678646320994829 14.720113009197052 17.216500762918603
decision_type=8 2 2 2 2 2 8 2 2 2 2 2 2
left_child=2 7 4 -4 5 -1 -3 9 -5 -2 -7 -11 -13
right_child=1 6 3 8 -6 10 -8 -9 -10 11 -12 12 -14
leaf_value=0.03505497209707787 -0.021798309459668815 -0.0052155668783360042 0.043096157348532692 0.026054455876158747 -0.020186839695831529 0.014959784561039908 -0.040549009879323465 -0.02732067428151308 -0.0086761589053327391 -0.0032181424586818193 -0.022293542941622252 0.10119511655608199 0.023621383782886779
leaf_weight=11.99534922395833 1.0866961756255493 8.4954601803328842 19.422067052219063 12.255490237846974 10.752196831861511 9.5743856833432819 34.314988257596269 1.8558897568145765 11.281666265334932 1.3751564549747852 7.5607183126267046 1.3878029475454254 1.9257728056982157
leaf_count=365 226 5367 339 234 333 285 21679 373 215 261 225 240 334
internal_value=-1.24712e-05 -0.0253087 0.0155599 0.0254536 0.00454114 0.0140354 -0.0338164 0.0208068 0.00973246 0.0380219 -0.00180083 0.053281 0.0720388
internal_weight=133.284 50.4418 82.8419 42.9592 39.8827 29.1305 42.8104 7.63132 23.5372 5.77543 17.1351 4.68873 3.31358
internal_count=30568 28581 1987 750 1237 887 27046 1535 449 1201 510 891 574
is_linear=0
shrinkage=0.05


Tree=132
num_leaves=31
num_cat=0
split_feature=10 20 19 12 1 1 3 9 13 20 20 2 21 3 10 3 13 6 5 17 6 2 1 20 7 1 20 4 4 2
split_gain=37.7943 51.3835 17.7752 14.1498 8.2951 9.56678 7.74191 6.28897 5.23599 5.47881 4.76609 6.41114 6.16994 10.4001 6.5256 4.91645 4.14942 6.3986 3.60029 3.42909 4.51802 4.63054 3.37834 3.50727 5.20531 9.13104 4.60031 3.18479 3.17843 2.83232
threshold=13.500000000000002 28.912001791634253 2.5000000000000004 -119.34874597068448 927.70716135805162 13.918898324500903 57.782339245381259 0.28134269934958583 20.384762088416128 50.881774506966956 1.1122275723568953 5.4111830725204602 0.67312341711971502 23.122229409609854 2.5000000000000004 24.030217110329001 21.08054879736429 -0.030319086063219588 -2.5706577949835991 1.0000000180025095e-35 -0.14744415695983279 5.2741688998850842 339.77185924460605 25.584172507254355 -0.15012422928880517 226.93248218790453 8.3400033428946667 76.706497346011602 -13.054013480083048 5.5483709692370207
decision_type=2 8 2 2 2 2 2 2 2 8 10 2 8 2 2 2 2 2 2 2 2 2 2 10 2 2 8 2 2 2
left_child=1 2 10 27 5 19 22 -6 9 -7 11 16 14 18 -12 -13 -1 -18 -14 20 -5 -22 23 24 25 26 -4 -3 -10 -11
right_child=-2 3 6 4 7 8 -8 -9 28 29 12 15 13 -15 -16 -17 17 -19 -20 -21 21 -23 -24 -25 -26 -27 -28 -29 -30 -31
leaf_value=-0.025192531159679423 -0.045253582541532354 0.0021878155242372331 -0.018917123257000065 0.038364919888833116 0.018531180945432917 -0.017471162868780924 -0.02876524221224095 -0.017439723749957031 0.0049630347868860813 0.028255169687875351 -0.015603564915579196 -0.0088186441870694351 -0.0085088279105886688 -0.028140553393025403 -0.039514367811811647 0.020174363576949468 0.0074072548361697136 -0.019442072468779558 0.018671851371846394 -0.020163843474136682 0.021301100053088884 -0.029073360857717823 0.024846239356168219 -0.023681734447743907 0.020099385002609032 -0.054225284448804145 0.028314018385400225 -0.020115444775863574 0.030352788673965753 -0.013807408504279001
leaf_weight=49.566180884838104 43.341875806450844 48.60067427996546 7.6603857679292631 8.1287442082539183 22.23640114814043 12.658076898194849 11.97167271375656 24.470904449000955 13.566661989316342 22.385030954144899 67.042494960129261 27.657660391181707 20.811186151579022 36.663466626778245 51.805151097476482 29.037945464253426 40.488654270768166 47.02325477078557 26.924406740814447 13.71711465436965 7.756706097163268 8.5688153114169818 34.68535147793591 7.8430859176442027 44.115812172181904 6.6226631524041295 11.997033653780816 22.74473668076098 205.85081049613655 4.1952744545415044
leaf_count=251 1352 597 262 277 464 519 432 510 1156 1087 288 206 214 354 222 217 241 279 277 417 258 285 1343 288 1592 226 411 279 17545 204
internal_value=0.00029112 0.00198624 -0.00844795 0.0151011 0.0192996 0.022372 0.00795674 -0.000285231 0.025808 0.00870791 -0.0136156 -0.0079424 -0.0189591 -0.00847852 -0.0262689 0.00612308 -0.0137621 -0.0070765 0.0068905 -0.000975207 0.0101576 -0.00529105 0.0120681 0.00616121 0.00977126 -0.00766759 0.00988355 -0.00510217 0.0288126 0.0213564
internal_weight=980.138 936.796 521.916 414.88 343.535 296.827 124.896 46.7073 258.656 39.2384 397.02 193.774 203.247 84.3991 118.848 56.6956 137.078 87.5119 47.7356 38.1714 24.4543 16.3255 112.924 78.239 70.3959 26.2801 19.6574 71.3454 219.417 26.5803
internal_count=30568 30269 6950 23319 22443 21469 4507 974 20309 1608 2443 1117 1326 816 510 423 694 520 491 1160 833 543 4373 2869 2541 896 673 876 18701 1291
is_linear=0
shrinkage=0.05


Tree=133
num_leaves=31
num_cat=0
split_feature=20 4 0 9 7 12 20 9 8 2 8 6 20 9 9 6 20 2 6 19 10 12 8 19 9 21 15 3 16 16
split_gain=5.47599 5.69015 4.32794 4.32773 6.17271 5.34871 4.41834 6.98634 5.65952 4.75581 4.66242 10.8215 4.43657 5.0019 9.40184 4.35699 7.6661 4.30794 3.90947 3.90376 3.68122 3.65781 5.10873 4.56436 4.08142 3.41458 3.37533 3.17283 4.95508 5.56207
threshold=0.72921310767638003 80.123503430390556 283.24606925466554 0.17994652962642557 -0.013336981043895689 -126.10251266064104 61.973287375642208 0.23644262945092989 0.090688238858979822 5.807716267342955 0.063820723687838324 -0.038248842752062633 57.064438286372109 0.46426092124955881 0.38669220148687172 -0.17081274231877683 2.2761312847482005 5.5656131858971891 -0.026879030453358144 3.5000000000000004 2.5000000000000004 -113.46468915061006 0.27586029572733478 2.5000000000000004 0.11547200628118405 0.80920589424631306 1.5881867761018134e-22 29.222776327646255 0.25364870036318149 9.4770316062671789
decision_type=10 2 2 2 2 2 8 2 2 2 2 2 10 2 2 2 10 2 2 2 2 2 2 2 2 8 2 2 2 2
left_child=1 2 18 4 -2 -5 7 8 -7 10 11 -8 13 14 -9 -16 -17 26 -1 -18 -21 22 -6 24 25 -23 -10 28 -12 -30
right_child=3 -3 -4 5 21 6 9 12 17 -11 27 -13 -14 -15 15 16 19 -19 -20 20 -22 23 -24 -25 -26 -27 -28 -29 29 -31
leaf_value=0.051200117988936894 -0.019264422630948741 0.043094157135151592 -0.031344405041907109 0.046321021057097157 0.059740657421819887 -0.015029415930537247 0.12375590168123263 -0.0060627564789158071 0.02256858445359099 0.056629247103509223 -0.016851704922318262 -0.019479951038204983 0.068387210012669106 -0.030823062081909599 0.0016184364972659585 -0.0098992096719819223 0.097264259261282751 0.0013824362140235711 -0.02768173693001217 0.058519531832434635 -0.025765218917006113 0.0037371405416600149 -0.0042243372827390204 -0.021469945013007821 -0.019665750742728555 0.073943896790375482 0.099604376043149409 -0.035345844068600155 0.092797520223800514 -0.023027846128456417
leaf_weight=2.6491234835702935 26.197655140305869 2.9121301828417927 20.926837959326804 11.343922883272169 6.6516200692858574 2.3561261468566963 1.0586915905587382 27.448548293672502 2.7303102900041258 1.9493347471579907 10.584591443301182 3.0645557645475554 2.0874386152718216 6.7821504444582388 5.5575369865400761 3.2520365372765818 6.0578239959431803 2.2219435154693201 1.9144523610593811 1.9013738614739863 1.5534003385109825 3.1269229718018385 5.0625842185690999 10.845085782930253 3.0219543451676145 3.2210289435461155 5.6008176764007658 12.259150810190475 1.5363584158476455 1.2053339026169849
leaf_count=608 3715 778 6029 1512 362 245 236 2990 262 439 2860 685 235 743 518 293 674 227 440 345 281 218 276 2016 224 224 537 2840 321 251
internal_value=-0.000356638 -0.0140306 -0.0219372 0.00937219 -0.00166271 0.0151371 0.0111447 0.0182855 0.0500152 -0.00418506 -0.00988953 0.0342747 0.0100249 0.00647299 0.0125403 0.039281 0.0543698 0.0645813 0.019081 0.0751928 0.0233453 0.0129258 0.0339386 -0.000276497 0.0239585 0.044576 0.0794822 -0.0180284 -0.000742442 0.0493316
internal_weight=197.081 28.4025 25.4904 168.678 58.1269 110.551 99.2075 67.5495 12.9092 31.658 29.7087 4.12325 54.6403 52.5529 45.7707 18.3222 12.7646 10.5531 4.56358 9.5126 3.45477 31.9292 11.7142 20.215 9.36991 6.34795 8.33113 25.5854 13.3263 2.74169
internal_count=30568 7591 7344 22977 8242 14735 14619 7497 1343 7122 6848 921 6154 5758 4986 1707 1152 1077 1048 1059 626 4396 638 3758 694 442 799 5927 3601 572
is_linear=0
shrinkage=0.05


Tree=134
num_leaves=31
num_cat=0
split_feature=12 20 8 20 8 8 8 19 3 8 8 9 1 17 1 21 0 8 2 21 15 13 1 1 8 12 12 21 5 11
split_gain=7.15309 6.6225 3.42824 4.14595 4.16758 5.5888 4.78086 5.55883 4.49877 5.42878 5.07806 4.1507 3.87958 3.35929 3.13955 3.5306 4.47878 7.72754 5.21799 5.59349 4.67716 4.74559 5.48346 5.09882 4.22336 4.28827 15.802 3.62043 3.53343 3.36622
threshold=-109.93124938226798 70.273120258160176 0.48973282022883385 1.7821107921224553 0.14521230187673864 0.12860392017739966 0.3546445345234846 2.5000000000000004 16.773610806074704 0.10249394704147098 0.034667439954874986 0.25698933207409885 993.70085261680754 4.7670552534749762 7.3673002632836306 0.20662457464586353 392.25716912822804 0.026672943076904158 5.6535275194985593 4.1791934295734103 1.232953220879676e-08 31.189273371897247 604.89992134286365 104.34060753740401 0.21957341852096726 -122.5516647299368 -119.74682283524866 1.7770433347605752 20.490967356386754 -112.63161308584698
decision_type=2 8 2 10 2 2 2 2 2 2 2 2 2 2 2 10 2 2 2 10 2 2 2 2 2 2 2 10 2 2
left_child=13 2 3 12 5 8 -6 -8 -5 10 -10 -12 -2 14 -1 28 24 -18 19 20 21 29 23 -23 -17 -26 -27 -25 -16 -19
right_child=1 -3 -4 4 6 -7 7 -9 9 -11 11 -13 -14 -15 15 16 17 18 -20 -21 -22 22 -24 27 25 26 -28 -29 -30 -31
leaf_value=0.04573536545837744 -0.038122927669825668 -0.024006124306635322 0.057907444338508432 -0.020461955508278659 -0.016852552670480244 0.085864231000772742 0.044204756456246691 -0.012556551936098607 -0.0058429163766844554 -0.029377140633370109 0.019001815597304381 0.105769215974509 0.0098525409458490552 -0.031035703576236653 0.012804180055571261 -0.021863525314180527 0.096889997935194108 0.040436512915291961 -0.0069329060168711841 -0.022748234566552616 8.0729609307763795e-05 -0.015059682138437551 -0.030868335491173272 0.094571863730627467 -0.0096944870027986744 0.13160484324182339 -0.014602644660672343 0.016500284869127163 -0.035937258506036789 0.11287047815887999
leaf_weight=8.3896666569635254 9.4742211294360441 26.625909241149202 1.9112981043290345 5.4280891050584694 20.148980234167539 2.4391111169243231 8.510615670704281 7.2508489172905684 2.8341978327371171 2.1669382033869624 2.9263463376555601 2.9749678245279938 6.4841539729386568 2.748979820869863 7.8399976132204747 10.079096475848932 2.8581696279579765 5.4574007333721974 11.35226911306381 3.4139057594584301 5.7312481750268489 2.3348254722077408 2.5147085322532803 3.2919674695003787 6.0487358504906323 2.1034804573282635 4.1401233908254591 3.0495764062507078 5.5007591219618917 3.4390892761293888
leaf_count=703 756 6160 274 779 3529 343 1354 1153 371 281 370 377 517 232 911 598 281 471 1128 294 517 252 253 345 375 217 426 319 640 297
internal_value=0.000157033 -0.00315859 0.00471487 0.00248737 0.00904743 0.0274847 -0.00107292 0.0189012 0.0143139 0.0318925 0.0485474 0.0717308 -0.0191982 0.0162108 0.0180281 0.0145575 0.0192666 0.0284515 0.0214178 0.0322927 0.0401473 0.051033 0.0257569 0.0436628 0.00097605 0.0199393 0.0460232 0.0643895 -0.00839778 0.0770128
internal_weight=189.47 99.1757 72.5498 70.6385 54.6801 18.7697 35.9104 15.7615 16.3305 10.9025 8.73551 5.90131 15.9584 90.294 87.545 79.1554 65.8146 43.4432 40.585 29.2327 25.8188 20.0876 11.1911 8.67637 22.3714 12.2923 6.2436 6.34154 13.3408 8.89649
internal_count=30568 22945 10400 10204 8931 2641 6290 2507 2344 1416 1142 747 1273 7623 7338 7147 5596 4269 4031 2521 2327 1892 1124 936 1327 763 643 664 1551 768
is_linear=0
shrinkage=0.05


Tree=135
num_leaves=31
num_cat=0
split_feature=16 20 21 3 13 11 4 13 5 1 13 12 4 13 11 3 20 20 1 0 7 21 13 8 13 9 21 20 9 11
split_gain=54.911 65.6832 20.9639 11.6019 13.3482 10.4638 8.93355 7.82865 6.59926 9.62719 7.64574 6.45838 6.15273 4.96882 3.7711 4.29628 4.15781 3.49046 3.12282 3.03481 2.77437 2.67265 2.28681 2.13719 1.94825 1.29336 0.980402 0.524539 0.541545 0.507326
threshold=30.881699610339378 6.749388424833306 0.55454744940083767 24.912660821972004 38.407267706311139 -109.96507533342698 64.055934272199025 -1.0000000180025095e-35 29.410483501777104 297.13972292689658 24.356177134320237 -96.812189744743151 25.303544638065404 24.414914944800099 -108.36711892171749 24.386675083683006 45.867548252154904 1.9788344174564303 29.341560547473954 444.84939745730856 0.32847409406021993 0.026383096162793704 17.133999588342295 0.24101932339218671 20.716544073427261 0.25308718865216046 0.76851982376916916 8.8325497994908417 0.0036977990979862878 -101.91220453176898
decision_type=2 8 8 2 2 2 2 2 2 2 2 2 2 2 2 2 8 10 2 2 2 8 2 2 2 2 8 8 2 2
left_child=1 5 3 4 12 6 17 -4 9 21 -11 19 -3 14 26 18 23 -1 -16 -12 -20 -7 -18 -17 -5 -23 -9 -15 -29 -6
right_child=-2 2 7 24 29 8 -8 13 -10 10 11 -13 -14 27 15 16 22 -19 20 -21 -22 25 -24 -25 -26 -27 -28 28 -30 -31
leaf_value=-0.04210943775606632 0.048402740116315734 0.079179323895728349 0.048747998719304145 0.00096240396886703773 -0.0062353233886217607 0.0019609254672882325 0.014101629048877865 -0.0059433308786696719 0.031523461572225929 0.027067039172899279 -0.026762600771574191 0.018833000235573702 0.016287132644447238 -0.016574646863002702 0.017726259250329425 0.04118120000541492 0.016408719754855066 -0.006510328796414791 -0.038923900477837774 0.002714658765211854 0.001646401499952593 -0.042687024328548186 -0.036182210002603472 -0.00045463909315699298 -0.035386438060870037 -0.014058835902587883 -0.039546905345705645 -0.0061738237008379451 -0.040535655790954327 -0.03494560608765112
leaf_weight=17.568227453157309 44.569096907973289 8.7595577258616739 2.0819800943136206 5.1702412394806787 2.890262331347917 12.840454267803581 19.769756535068154 2.7662609703838861 42.246278000529855 66.671870405320078 16.462418616749346 32.034989507403225 7.5347217759117484 4.3473989646881819 3.0205876724794534 5.8819235442206308 2.2447662451304486 11.614604637026787 21.473694059997801 17.130470567848533 5.0890969838947058 7.323300427757208 6.0356700485572219 5.542933311779052 11.410774403717367 10.457281677052377 28.059112454764545 1.5524338074028481 130.31068599456921 4.3224399141035938
leaf_count=331 2445 233 245 288 201 258 288 209 416 562 257 397 201 645 202 219 201 218 1475 267 349 214 539 206 635 306 2117 235 19735 300
internal_value=-0.000426022 -0.00887042 -0.0265693 0.00652924 0.0286248 0.00916671 -0.0114336 -0.0326465 0.0141135 0.00943426 0.0152716 0.00306218 0.0527204 -0.0336506 -0.0232505 -0.0142052 0.00382064 -0.0286263 -0.0259444 -0.0120869 -0.0313734 -0.0154718 -0.0216933 0.0225702 -0.0246422 -0.027495 -0.0368128 -0.0395535 -0.0401806 -0.0256009
internal_weight=557.183 512.614 258.495 40.088 23.507 254.12 48.9526 218.407 205.167 162.921 132.3 65.6279 16.2943 216.325 80.114 49.2887 19.7053 29.1828 29.5834 33.5929 26.5628 30.621 8.28044 11.4249 16.581 17.7806 30.8254 136.211 131.863 7.2127
internal_count=30568 30283 27550 1858 935 2733 712 25692 2021 1732 1116 813 434 25684 5473 3147 1165 549 1982 524 1824 616 740 425 923 520 2326 20211 19970 501
is_linear=0
shrinkage=0.05


Tree=136
num_leaves=13
num_cat=0
split_feature=20 20 3 6 12 7 12 15 11 2 4 20
split_gain=5.67655 3.48986 2.99097 2.71823 3.92892 3.22088 2.99701 3.43198 2.93871 0.772695 0.470714 1.50069
threshold=32.836670301168105 3.4967253736869552 10.405171446727502 -0.038248842752062633 -107.7347138599 -0.087788681761815632 -112.84498080356298 3.1763735522036267e-22 -108.06063626262947 5.7627307898076747 26.369528793803102 10.465543835848552
decision_type=8 10 2 2 2 2 2 2 2 2 2 10
left_child=1 -1 -3 6 5 -5 -4 10 -9 -6 -8 -12
right_child=-2 2 3 4 9 -7 7 8 -10 -11 11 -13
leaf_value=-0.028884722806478153 -0.034990415698477259 -0.025810819279899241 -0.0060505772973858734 0.073702563870473789 -0.032328949102026432 -0.019587059474663882 0.12084628107880023 0.054713893251944992 -0.025438196685190248 0.01380739947612851 0.058798085203968092 -0.01530413141882208
leaf_weight=2.2508939751714996 5.2327664534095666 1.481678339056091 1.4308127823023831 1.8419458337593835 2.8651254917785911 0.85730353949475591 1.6259983853233346 1.3758138717967099 1.3689037135918622 0.56833554885815829 0.8478005623037469 0.55325351140345447
leaf_count=1024 7173 558 418 633 1223 295 525 403 400 242 344 225
internal_value=-0.000354629 0.0204265 0.0292701 0.0367637 0.00978292 0.0467878 0.0557434 0.0696934 0.0186207 -0.0233003 0.099879 0.0353494
internal_weight=22.3006 17.0679 14.817 13.3353 6.13271 2.69925 7.20258 5.77177 2.74472 3.43346 3.02705 1.40105
internal_count=30568 7763 5585 4499 2393 928 2106 1780 803 1465 977 569
is_linear=0
shrinkage=0.05


Tree=137
num_leaves=16
num_cat=0
split_feature=20 0 21 4 20 21 20 7 1 8 15 9 9 13 11
split_gain=19.1445 8.2126 3.39234 5.28319 3.57081 3.70388 3.19956 3.11716 5.72836 2.71783 3.10769 2.56361 2.46893 2.22771 0.470655
threshold=2.6549014716484653 179.31470959597854 0.012056408467791503 -4.3794635446220243 0.5678624348821576 0.023054952780793454 4.3762599157402358 0.43912428576795121 33.682017220425159 0.36203340145571677 2.3263215420469706e-09 0.27098813113110082 0.059484823117283099 21.135872010956557 -96.50087175245163
decision_type=8 2 8 2 10 10 8 2 2 2 2 2 2 2 2
left_child=2 7 11 -4 13 -6 -3 8 -2 10 -7 -1 -10 -5 -15
right_child=1 6 3 4 5 9 -8 -9 12 -11 -12 -13 -14 14 -16
leaf_value=-0.019743809184148531 0.075810913094352839 -0.0054695356184681953 0.052106569325595653 0.017161915337231194 0.039777131235360308 -0.021333037386338259 -0.040478271434201227 0.074259141874857729 0.03365422838910178 0.031037737621735541 0.016020136974454004 0.014484705794446351 -0.034438892330440056 -0.034969083428542276 -0.0071796748358343657
leaf_weight=10.416837574332025 1.0533169662230655 8.539942228293512 9.7914143207017315 3.8152602391783139 14.247961923712863 9.3722259995993333 32.381879081949592 1.0792714555282144 0.87675771920476187 8.4512500555720163 11.028317955788223 9.5389416874386352 4.6099968260386959 4.4143626431468892 3.0009250317234537
leaf_count=221 229 5644 239 213 260 231 21402 217 207 202 271 203 1087 297 202
internal_value=8.72127e-06 -0.0246945 0.0144035 0.0199345 0.0132996 0.0197572 -0.0334771 0.0208865 0.00339819 0.00886947 -0.00133528 -0.003472 -0.0200472 -0.0110724 -0.0259124
internal_weight=132.619 48.5412 84.0775 64.1217 54.3303 43.0998 40.9218 7.61934 6.54007 28.8518 20.4005 19.9558 5.48675 11.2305 7.41529
internal_count=30568 28581 1987 1563 1416 788 27046 1535 1424 690 502 424 1294 628 499
is_linear=0
shrinkage=0.05


Tree=138
num_leaves=31
num_cat=0
split_feature=16 20 19 12 1 1 3 4 20 13 6 9 13 1 21 21 3 15 12 21 12 1 1 2 21 21 6 1 2 5
split_gain=34.1403 44.2906 15.3149 12.4324 7.44963 9.58513 6.87329 6.18746 5.52253 5.29404 5.62508 5.26858 4.45374 5.34768 4.70028 8.10549 7.56733 3.93849 3.91946 3.73859 3.46557 3.2437 3.12575 3.13652 2.91896 5.12531 3.85933 3.19316 2.8342 2.77693
threshold=30.881699610339378 28.912001791634253 2.5000000000000004 -119.34874597068448 969.28967126211012 43.30351679837316 57.782339245381259 66.992301630877066 40.313369608532703 24.205607354920151 0.058497850741188635 0.28134269934958583 15.377609464385374 163.22326970967754 0.83302552714276512 0.37795565751663057 20.853940967587452 3.3234586753707082e-08 -109.01197656326347 4.1245157390652265 -68.883354412626218 679.21512110028311 439.51223203378851 4.953168841441955 1.6141447833163454 0.97344179862471614 -0.0079845111457635936 4.0342158382659354 5.2649958262481169 46.661604967020658
decision_type=2 8 2 2 2 2 2 2 8 2 2 2 2 2 8 8 2 2 2 10 2 2 2 2 8 8 2 2 2 2
left_child=1 2 12 29 5 7 22 19 9 10 -7 -6 -1 -14 15 18 -16 20 -15 24 -10 -11 23 -4 25 -5 -27 -26 -20 -3
right_child=-2 3 6 4 11 8 -8 -9 17 21 -12 -13 13 14 16 -17 -18 -19 28 -21 -22 -23 -24 -25 27 26 -28 -29 -30 -31
leaf_value=-0.030057455323030186 -0.046508113452961623 0.00206573295803881 -0.017150153591919758 0.025914146620200879 0.017539014330900327 0.012717162910506178 -0.026721283361136178 -0.030115294711732129 0.030963791524853446 0.032972081732553261 -0.046848353959784532 -0.018378918078641084 0.007189977068620357 0.00025794343709778874 0.012812854043968855 -0.033882226208092177 -0.017458061264097501 -0.003441181422025276 -0.0098845624231864385 -0.027335833861058159 -0.018638934494437959 -0.021012697522494791 0.027819600869107338 0.01055024705385158 -0.002914321048401941 -0.056880646411382789 0.0061143553233443566 0.032094299867043451 -0.024246700262275583 -0.018659827046941475
leaf_weight=33.211299883201718 37.239221669733524 48.436385724693537 10.817210344597695 7.3710251208394766 17.540302187204361 7.6137543134391334 12.283699886873363 10.314880470745264 187.93413782864809 14.493611475452782 6.5823986046016216 21.741988034918904 35.599746596068144 50.900727603584528 39.855439024046063 51.855412989854813 40.765105640515685 8.9674319056794047 86.244924964383245 4.9487424306571484 2.9692868264392018 2.6711654998362064 22.093707337975502 78.198547095060349 8.5643190480768663 4.1828148746863016 4.2497310917824489 24.266362917609513 59.024319279938936 23.128861421719193
leaf_count=204 1181 593 402 348 373 233 449 488 16309 1087 201 462 226 245 396 261 405 757 398 253 258 200 870 2907 472 200 203 1337 273 283
internal_value=0.000271793 0.00169987 -0.00794416 0.0140618 0.0181 0.0208144 0.0073991 0.00360401 0.0255343 0.00581056 -0.0161673 -0.00230361 -0.0127142 -0.0110549 -0.013047 -0.0164451 -0.00251975 0.0285847 -0.0116873 0.0105279 0.0300992 0.0238767 0.011376 0.00703096 0.0148538 -0.00272413 -0.0278507 0.0231456 -0.0158459 -0.00479731
internal_weight=964.067 926.827 520.85 405.977 334.412 295.13 123.393 63.8979 231.232 31.3609 14.1962 39.2823 397.457 364.246 328.646 248.025 80.6205 199.871 196.17 53.583 190.903 17.1648 111.109 89.0158 48.6343 15.8036 8.43255 32.8307 145.269 71.5652
internal_count=30568 30283 6951 23332 22456 21621 4508 3021 18600 1721 434 835 2443 2308 2051 1250 801 16879 946 2741 16567 1287 4374 3309 2556 747 403 1809 671 876
is_linear=0
shrinkage=0.05


Tree=139
num_leaves=31
num_cat=0
split_feature=20 12 3 9 7 12 11 12 2 6 9 1 1 20 20 16 1 9 5 5 1 6 17 5 11 8 9 9 19 7
split_gain=4.99874 5.52472 4.01143 3.9177 5.82649 4.667 9.02615 6.96397 5.92936 5.15931 5.34638 4.64619 6.17151 7.12884 4.52213 4.2268 5.22494 4.20028 4.95729 10.8294 4.15684 4.10646 7.44666 4.80591 3.80311 4.90479 3.97056 3.64368 3.56684 3.11374
threshold=0.72921310767638003 -122.5516647299368 1.6390673304473504 0.17994652962642557 -0.0039946848287275563 -103.67080107978519 -104.7301951677605 -106.16310327831887 5.2351639256791715 0.410209617533635 0.25503235001823304 969.28967126211012 61.703471424878508 44.786802125586455 38.911303516979906 3.4642726063819986 297.13972292689658 0.21777526387771576 0.60638338265859926 7.8084145184889531 645.80607780058358 0.074280855615436195 0.38987581561835599 -43.28340274613884 -113.55009341781599 0.30653443706018202 0.11547200628118405 0.34325032336321165 2.5000000000000004 0.40446637860147133
decision_type=10 2 2 2 2 2 2 2 2 2 2 2 2 8 10 2 2 2 2 2 2 2 2 2 2 2 2 2 2 2
left_child=1 -1 -3 4 -2 6 7 9 -8 10 15 12 13 -12 17 16 -5 -7 29 -20 -10 23 27 -14 25 -6 28 -23 -26 -19
right_child=3 2 -4 5 24 14 8 -9 20 -11 11 -13 21 -15 -16 -17 -18 18 19 -21 -22 22 -24 -25 26 -27 -28 -29 -30 -31
leaf_value=0.022757055907095321 -0.018014493169521442 0.038215726995932488 -0.032419515311723546 0.086738487241446283 0.056986653193934839 0.062999559176807954 0.14726212927248655 -0.035337568846261193 -0.025199888018389807 -0.021690213288891022 -0.0060901424415779545 0.058100371270980868 0.038140899964607324 0.077689081406516369 -0.020467605541660255 -0.004939716358290186 0.018730387142905279 -0.032260558189326043 0.10332571260597685 -0.0077945673277898366 0.072367274249297411 0.033899724802227159 0.082976509266831464 -0.026099962453562293 0.039951299128844792 -0.0075335906653022453 -0.029924916655123431 -0.023632014411255939 -0.0099093055331770132 0.023571266077975807
leaf_weight=7.0237047635018852 26.839090732159093 1.3933577566640476 19.272888614446856 7.3530580606311551 7.3453553320141536 2.7152713581454035 1.3256067661568534 4.9954961086623371 1.4989957867655916 5.5956229858566076 4.0975644320715219 4.8475909165572375 2.5942104274872717 5.1413367543136692 14.873251023353076 2.7096588267013431 5.3001414586324245 7.9512445046566471 2.3627718596253535 5.9410918097710237 1.1035903311567379 3.4382671421626592 2.4961437995079905 16.032759222318422 6.1500933475326773 4.2257126935292035 6.4785265305545181 6.2513584297848865 6.5627951826900244 2.6401283255545422
leaf_count=1925 3840 503 6962 710 385 272 218 540 298 570 346 503 324 434 2618 251 512 890 201 505 219 405 280 2002 1124 221 1221 737 1200 296
internal_value=-0.000343352 -0.0133558 -0.0261131 0.00924096 -0.00133755 0.0146806 0.0217541 0.0169348 0.0876042 0.0213691 0.0256562 0.0162865 0.00993362 0.0435662 -1.17038e-05 0.0503708 0.0617098 0.0143495 0.00454321 0.0315308 0.0247757 -0.00120324 0.0204152 -0.0156656 0.0133215 0.0346992 -0.00064784 -0.00195593 0.0153661 -0.0175104
internal_weight=196.557 27.69 20.6662 168.867 57.6016 111.265 74.7814 70.8532 3.92819 65.8577 60.2621 44.8992 40.0516 9.2389 36.4838 15.3629 12.6532 21.6105 18.8952 8.30386 2.60259 30.8127 12.1858 18.627 30.7625 11.5711 19.1914 9.68963 12.7129 10.5914
internal_count=30568 7591 7465 22977 8242 14735 8313 7666 647 6704 6083 4662 4472 780 6422 1421 1222 2167 1892 706 517 3692 1366 2326 4223 606 3617 1142 2324 1186
is_linear=0
shrinkage=0.05


Tree=140
num_leaves=31
num_cat=0
split_feature=12 20 13 8 8 21 21 2 8 4 3 9 4 7 17 21 21 21 9 7 15 9 21 9 3 6 20 8 1 21
split_gain=6.37967 6.06941 3.32675 3.35872 3.75443 7.77308 5.35763 9.27751 4.30458 3.7942 3.53917 3.91047 7.34987 4.74434 3.08968 2.96024 3.1457 7.09425 5.46849 8.39667 8.24882 5.20019 5.22431 4.50286 4.16965 4.47954 4.13571 4.01864 3.25585 3.06478
threshold=-109.93124938226798 70.273120258160176 21.84451825993872 0.48973282022883385 0.14521230187673864 0.60063414537698467 0.65942640182703072 5.3840681636687693 0.034667439954874986 61.837678926010561 16.773610806074704 0.25698933207409885 18.890725808963055 0.0079070098312757926 4.7670552534749762 0.20662457464586353 1.8148218044357003 1.5857884538662903 0.20642115574671396 0.047520922129341343 2.8103991643664421e-09 0.17625547962054314 0.96031296783279263 0.21985986911552849 49.764991178807456 0.11969801329559131 62.516770806120711 0.27366944343415017 148.22783091105504 1.3753041249994451
decision_type=2 8 2 2 2 8 8 2 2 2 2 2 2 2 2 8 10 10 2 2 2 2 10 2 2 2 10 2 2 8
left_child=14 2 -2 4 5 -4 7 -6 -7 -8 -10 13 -13 -12 15 -1 17 21 19 20 28 26 23 -23 25 -25 -17 -19 -18 -24
right_child=1 -3 3 -5 6 8 9 -9 10 -11 11 12 -14 -15 -16 16 18 27 -20 -21 -22 22 29 24 -26 -27 -28 -29 -30 -31
leaf_value=-0.012487555494790709 -0.015500835070097722 -0.023224205633288298 -0.021601189589266868 0.064545251474761076 -0.012528529594579417 -0.0065630258898168141 -0.023861742893698547 0.064459336956264143 0.012487500391544136 0.03634881681786388 -0.026479719293784895 0.16512182196308212 0.022598267158467189 0.070760655568099379 -0.030602974810747183 -0.023893164946549948 -0.022952994594390114 0.029880263799861018 -0.0084958504880422846 -0.021007270211024692 0.086436998089780004 0.10381715391914326 -0.020709295343873113 -0.019331545479923343 0.066330750698050486 0.05090645816793396 0.034437862482830491 0.11090217968340128 0.038814830768431507 0.033247686598610209
leaf_weight=7.0191881386563182 15.103611073223872 25.466839384986088 5.6329455632949283 1.7284995752852408 8.5044252098305133 2.9636938144685709 20.376102096517574 5.8566523982444778 3.4079863051883867 2.0807341987965629 1.680139648495244 1.6103595817694454 1.9515357408672569 1.5732237475458533 2.6142332333838567 9.1255586299812403 3.4500180113827845 4.3123607791494587 20.303244938142598 5.4410184941953048 6.2038264365401119 2.3502566583920315 5.3951965216547269 5.0827568240929395 4.380079033318907 2.6498553877463564 3.3674195518251508 2.8370107767404988 3.1499084619572386 3.4745725943939751
leaf_count=582 2167 5966 777 268 651 489 4568 448 550 466 251 233 283 235 219 874 232 315 1551 369 363 229 498 648 438 338 322 207 212 320
internal_value=0.000173295 -0.00271667 0.00470796 0.010203 0.00740496 0.0249543 -0.00198824 0.0210206 0.0449619 -0.0169712 0.0591527 0.0779041 0.109105 0.0261237 0.0155879 0.0172783 0.0199614 0.029152 0.00923729 0.0283872 0.0493789 0.0189458 0.0324345 0.0499834 0.0324172 0.00781119 -0.00678331 0.0716948 0.00775491 0.00165446
internal_weight=189.093 97.9367 72.4699 57.3663 55.6378 18.8199 36.8179 14.3611 13.1869 22.4568 10.2232 6.81526 3.5619 3.25336 91.1565 88.5423 81.5231 42.9751 38.548 18.2448 12.8038 35.8257 23.3327 14.4629 12.1127 7.73261 12.493 7.14937 6.59993 8.86977
internal_count=30568 22945 10400 8894 8728 2595 6133 1099 2174 5034 1649 1002 516 486 7623 7338 6891 3946 2945 1236 749 3424 2228 1410 1210 986 1196 522 444 818
is_linear=0
shrinkage=0.05


Tree=141
num_leaves=31
num_cat=0
split_feature=16 20 21 19 13 13 12 4 13 9 13 11 1 1 20 2 11 21 11 3 2 20 8 3 1 15 9 21 17 8
split_gain=50.1101 59.8415 20.7738 10.5462 8.99699 7.30881 6.97697 5.74175 5.89404 5.38988 4.15142 4.87544 3.68989 5.12184 7.51325 3.42064 4.14197 2.03939 2.33778 1.79606 4.64573 1.03582 1.83193 0.855574 0.76628 0.691875 0.674902 0.513371 0.157538 0.00997265
threshold=30.881699610339378 10.465543835848552 0.20662457464586353 2.5000000000000004 25.269338078267918 1.0000000180025095e-35 -111.932706011078 64.918365375414808 37.57938463651945 0.25084754271280657 24.261735235895426 -108.36711892171749 12.422890885828702 659.21031187503263 35.308127856327552 5.417675242156089 -92.282292791305736 1.4860628933339901 -105.23534060391999 33.339071653407053 4.5558930971692488 16.356609021194803 0.3782017960127792 13.510655457207852 1.0149191075379551 3.7024271476843012e-09 0.0036977990979862878 0.29295452816024753 3.8531805716486347 0.13049422151969783
decision_type=2 8 8 2 2 2 2 2 2 2 2 2 2 2 8 2 2 8 2 2 2 8 2 2 2 2 2 8 2 2
left_child=1 3 4 6 -3 -4 -1 8 9 -8 11 28 -13 19 -15 16 -10 18 -5 25 -21 22 29 -16 -23 -14 -26 -28 -7 -12
right_child=-2 2 5 17 -6 10 7 -9 15 -11 21 12 13 14 23 -17 -18 -19 -20 20 -22 24 -24 -25 26 -27 27 -29 -30 -31
leaf_value=-0.011794229272382967 0.047690959375673268 0.045006944049678137 0.046978364504145484 -0.027232171212265007 -0.01872113567359103 -0.040889805146213133 0.0045736387356175596 0.029673675332156119 -0.02560826307122159 0.02582212458553625 -0.014958902158951582 0.02979368578687441 -0.013568822297350715 0.044559473722584439 -0.0038332245655841621 0.01402286909798583 0.0054245577968309137 -0.036252425873461412 0.017493675129859974 0.03864832496872006 -0.034738455956528448 -0.00034592244417785078 0.013689394442274006 -0.035343372878740252 -0.0033287272081398388 -0.041859040999731277 -0.0081338501972764814 -0.041556489061233472 -0.016257603778359605 -0.035387011292569909
leaf_weight=31.319003106094897 41.863422781229019 12.346497013699267 2.0308734495192757 5.0507729705423126 8.717183886561541 26.085726283025 58.595890742726624 41.675702875480056 22.380541705992073 60.946751572191715 2.3841809439472872 3.7155711203813544 3.914109082426882 6.1834551943466067 3.8742570891045025 18.15567010268569 19.366138549055904 13.665142584126443 4.7119567231275159 2.5417239894159147 4.566769361961633 1.2035287227481593 2.4249447933398187 4.7584145185537636 1.3778488188981999 16.014802603982389 1.7131585846655071 115.42143797315657 2.5218334747478366 5.0465017459355295
leaf_count=230 2350 329 260 284 232 2127 263 280 249 273 201 261 370 250 212 224 215 897 265 208 374 201 200 260 231 1516 289 19438 206 424
internal_value=-0.000409257 -0.00862793 -0.0275943 0.00701127 0.01898 -0.0324305 0.010013 0.0131409 0.00915806 0.0155312 -0.0334475 -0.0234356 -0.0128201 -0.0172102 0.00618894 -0.00360643 -0.0114221 -0.0244188 -0.00602566 -0.029796 -0.00696791 -0.0389558 -0.0200547 -0.0230679 -0.0403328 -0.0372166 -0.0407326 -0.0411407 -0.0393409 -0.0313843
internal_weight=544.574 502.71 226.843 275.868 21.0637 205.779 252.44 221.121 179.445 119.543 203.748 74.1767 45.5691 41.8535 14.8161 59.9024 41.7467 23.4279 9.76273 27.0374 7.10849 129.572 9.85563 8.63267 119.716 19.9289 118.512 117.135 28.6076 7.43068
internal_count=30568 30283 26889 3394 561 26328 1856 1486 1275 536 26320 5534 3201 3068 600 739 464 1538 549 2468 582 20786 813 472 19973 1886 19887 19727 2333 625
is_linear=0
shrinkage=0.05


Tree=142
num_leaves=13
num_cat=0
split_feature=20 20 3 8 8 1 9 4 1 21 3 6
split_gain=5.24677 3.25063 2.76468 2.52745 2.76846 2.50336 2.3927 2.16091 2.40582 2.37089 0.795637 0.00684206
threshold=32.836670301168105 3.4967253736869552 10.405171446727502 0.45705963558168389 0.040659871405630106 59.994443264569256 0.43501449683688082 41.911590810120153 809.2176251833597 0.58427687026696018 53.315700641367407 0.23199754014320731
decision_type=8 10 2 2 2 2 2 2 2 10 2 2
left_child=1 -1 -3 4 -4 -6 7 8 10 -9 11 -7
right_child=-2 2 3 -5 5 6 -8 9 -10 -11 -12 -13
leaf_value=-0.028640391486471947 -0.034675166206388691 -0.025546323995298395 -0.022300298168510618 -0.023009072200541041 -0.018901946280909052 0.10624029112124958 -0.0053995410378220084 0.050447886347560082 0.017229942785276529 -0.024427581767255988 0.012770189362842492 0.02840592392560989
leaf_weight=2.1903358526615255 4.9524483347195192 1.4442499057331613 0.99201288011681832 1.0862660666898589 0.80953571712598282 3.4753186196467158 1.3157565891160627 1.0219451785524156 2.0049762765847845 1.3282794668048152 0.6327249095775187 0.92375772503146436
leaf_count=987 6826 536 326 360 261 1185 382 420 504 546 202 315
internal_value=-0.000336255 0.0194738 0.0278322 0.0348668 0.0412261 0.0480449 0.0542911 0.0623722 0.0749966 0.0134703 0.0913418 0.0981844
internal_weight=22.1776 17.2252 15.0348 13.5906 12.5043 11.5123 10.7028 9.387 7.03678 2.35022 5.0318 4.39908
internal_count=30568 7763 5585 4499 4114 3709 3111 2735 1769 966 1603 1500
is_linear=0
shrinkage=0.05


Tree=143
num_leaves=13
num_cat=0
split_feature=20 0 7 1 20 21 21 4 12 5 3 9
split_gain=17.1584 8.1479 3.3917 5.41676 3.11716 3.09118 4.12185 5.33864 2.9372 3.20884 3.90059 2.4155
threshold=2.6549014716484653 179.31470959597854 0.44780183406225321 33.682017220425159 4.3762599157402358 0.0079214145517441572 0.015471963994452402 57.165987473608205 -110.30133303542813 -14.480357384637799 21.722071834870704 0.059484823117283099
decision_type=8 2 2 2 8 8 10 2 2 2 2 2
left_child=5 2 3 -2 -3 -1 -7 8 -8 -10 -11 -5
right_child=1 4 -4 11 -6 6 7 -9 9 10 -12 -13
leaf_value=-0.0073990475640852973 0.072444034979625108 -0.005658407318167781 0.078181674323644645 0.032870154030244542 -0.040404807889458848 0.04129917804517818 0.037719476680107444 -0.016210481102857409 0.027891220799462713 0.019345166893536977 -0.025718366582217045 -0.034345493616119938
leaf_weight=14.383153179602232 1.1134100399212918 8.565636845654808 1.011543348431587 0.89619303739164102 30.582413248368539 13.735847960226236 13.913788915378968 12.859221609542145 12.99660488753579 8.3209709848743074 8.9384486173512396 4.5324174348497763
leaf_count=336 244 5918 206 216 21128 321 369 331 409 303 326 1090
internal_value=2.75847e-05 -0.0240563 0.0213577 0.00337025 -0.0331326 0.0133228 0.017579 0.0112525 0.0194297 0.0100812 -0.00412307 -0.0198621
internal_weight=131.85 46.7016 7.55356 6.54202 39.1481 85.148 70.7649 57.029 44.1698 30.256 17.2594 5.42861
internal_count=30568 28581 1535 1436 27046 1987 1656 1470 1172 952 629 1306
is_linear=0
shrinkage=0.05


Tree=144
num_leaves=31
num_cat=0
split_feature=13 20 19 12 1 1 3 13 9 20 20 11 2 10 0 3 3 13 6 1 9 9 5 15 20 4 20 17 6 2
split_gain=30.9806 38.8124 12.7516 11.8088 7.0095 8.61002 6.1266 5.71859 5.32231 4.45167 4.3868 5.90844 5.56828 4.41735 4.58995 4.40737 4.27235 3.48004 5.77104 3.35609 3.33149 6.24223 6.6671 5.33697 3.52907 3.30024 3.06599 2.98678 4.44908 4.41958
threshold=-1.0000000180025095e-35 28.912001791634253 2.5000000000000004 -119.34874597068448 927.70716135805162 13.918898324500903 59.729656975160502 20.384762088416128 0.28134269934958583 50.881774506966956 1.1122275723568953 -91.673034987835976 5.4111830725204602 2.5000000000000004 487.55065907596656 22.791349539572206 24.030217110329001 21.08054879736429 -0.030319086063219588 339.77185924460605 0.1088766193050912 0.22522183878676352 20.822599880172753 2.6320777027978561e-09 23.577126273874651 -13.054013480083048 29.783988796280955 1.0000000180025095e-35 -0.14744415695983279 5.2741688998850842
decision_type=2 8 2 2 2 2 2 2 2 8 10 2 2 2 2 2 2 2 2 2 2 2 2 2 8 2 10 2 2 2
left_child=-1 2 10 -3 5 27 19 9 -6 -7 12 13 17 14 -12 -15 -14 -2 -19 20 -4 22 23 -22 -23 -9 -27 28 -5 -30
right_child=1 3 6 4 8 7 -8 25 -10 -11 11 -13 16 15 -16 -17 -18 18 -20 -21 21 24 -24 -25 -26 26 -28 -29 29 -31
leaf_value=-0.046920718298905151 -0.022347114867023468 -0.0048398427673158675 0.023609016382375048 0.038029642060865482 0.017332406736543151 -0.017114555887190564 -0.028057918804971761 0.0024364121355705849 -0.016019016179868943 0.017568626226060213 -0.002878198024643007 0.00094408480196539165 -0.0070631875477964318 -0.015492434843288501 -0.026749427550147909 -0.039121432052333822 0.019955262356784992 0.0080024168934914163 -0.017387703130628408 0.023199458972749942 0.025698418015788583 0.016197661436818042 -0.058784446079601732 -0.035460977082903834 -0.021058043658953637 0.040123291425633437 0.024843877571937095 -0.01931924293895558 0.020478629961287183 -0.029302540546514627
leaf_weight=33.305346682667732 48.992730471305549 72.970536342822015 16.508456744253635 7.5959755992516884 21.192323226481676 12.693175666965544 10.613953882828353 12.647632492706178 24.951610222458839 27.858882483094931 50.363535607233644 37.807020213454962 28.034560941159725 37.125844702124596 32.86393959634006 46.862767558544874 28.743000574409962 40.635056404396892 47.630123784765601 33.280895575881004 7.2848074072971967 35.148720102384686 7.1651128968223929 5.2643908383324742 6.8124367361888281 48.487098003737628 136.97276581078768 14.049924164079128 7.4328580638393804 8.5281255142763239
leaf_count=1072 248 4309 613 269 447 509 392 1194 527 1117 364 245 209 200 238 252 214 239 281 1318 293 1324 246 211 257 4616 13038 434 253 290
internal_value=0.000254414 0.00147478 -0.00748213 0.0132697 0.0173706 0.0203736 0.00661841 0.0238642 -0.000659107 0.00656185 -0.0118015 -0.0168921 -0.00636359 -0.0209064 -0.0125099 -0.0289818 0.00672325 -0.0117865 -0.00574003 0.0101405 0.00435885 -0.00108825 -0.0236173 -0.000681588 0.00979978 0.0273551 0.0290323 -0.00182237 0.00897493 -0.00627941
internal_weight=949.824 916.518 521.137 395.381 322.41 276.266 122.079 238.66 46.1439 40.5521 399.059 205.023 194.035 167.216 83.2275 83.9886 56.7776 137.258 88.2652 111.465 78.1839 61.6755 19.7143 12.5492 41.9612 198.107 185.46 37.6069 23.557 15.961
internal_count=30568 30303 6957 23346 22462 21488 4514 20327 974 1626 2443 1326 1117 1054 602 452 423 694 520 4414 2903 2258 677 504 1581 18701 17654 1161 833 543
is_linear=0
shrinkage=0.05


Tree=145
num_leaves=31
num_cat=0
split_feature=20 5 5 1 2 2 4 16 20 1 8 17 6 12 9 9 1 6 0 21 20 9 3 5 19 5 3 13 1 9
split_gain=4.62547 4.79364 3.70552 3.86185 3.6334 4.11751 5.87183 4.48196 6.16235 6.12959 5.66406 5.45513 5.90742 7.58026 5.00249 5.55083 5.71421 4.89851 4.7333 6.03582 5.12867 4.52092 6.47197 5.956 7.86088 6.41289 4.49097 3.6246 3.25161 2.95
threshold=0.85725221291328058 50.084381631299557 -54.408093026221096 4.0342158382659354 5.8686132747640505 5.6598762843915171 -4.9420937237634286 1.0000000180025095e-35 1.6042356715084252 13.918898324500903 0.34851460448447974 4.3170669986388273 0.20800599064800854 -107.08568020908579 0.20801590084310376 0.42527144176964976 993.70085261680754 -0.45799199610299896 373.78550839714705 1.8277542308877452 10.890772882286251 0.40444531485918672 27.261143602789154 1.6387359493921017 2.5000000000000004 35.328206664902957 36.225466055975907 24.041422791307067 63.690053250015303 0.045613327045646919
decision_type=10 2 2 2 2 2 2 2 10 2 2 2 2 2 2 2 2 2 2 10 8 2 2 2 2 2 2 2 2 2
left_child=1 2 -1 -4 5 7 -7 14 -9 -10 11 12 18 -14 29 21 -17 -12 19 20 -11 22 -16 27 -25 -26 -23 -24 -21 -2
right_child=4 -3 3 -5 -6 6 -8 8 9 10 17 -13 13 -15 15 16 -18 -19 -20 28 -22 26 23 24 25 -27 -28 -29 -30 -31
leaf_value=0.045554345263664114 0.013342067976054495 0.039421510124221931 0.040505728935607048 -0.028732657059681047 0.061578489039531004 0.066192496890577643 -0.020645558830034071 0.06891882612465032 0.063641933510751411 0.0070338968815793351 0.037861344016836031 -0.033187270282154291 0.10087284006346253 0.0026532524807778889 -0.014248124771264387 -0.02777847087900804 0.047103489079866286 -0.028412305935161936 -0.0063237186802105666 0.040797082370170483 0.094672480800423175 0.094999435863586959 0.050962537251670117 -0.0090173136182682394 0.11460391741344189 0.016686757953778102 0.0027575292698219672 -0.01770861844079381 -0.019841245139563264 -0.02081024270376898
leaf_weight=1.1707018564920932 7.7451858660206225 3.0669063462410122 1.325069405138495 23.933349544997327 2.2828322757268324 1.1834145762259165 18.822388945147395 5.1418351121246806 5.0223076307447618 2.7567298654466912 2.5992366538848737 3.5039653774583712 4.1406714060576642 3.2688807077938691 11.216236690408552 11.47825810650829 2.2470044787041843 12.426567870308643 13.89657999528572 2.4225351058412352 4.0263563500484443 2.926126223639586 1.577043522265744 3.1449248405406243 4.3092559536453345 3.012895148480311 2.0799977740971372 6.5546639766544104 5.2504522270755842 23.529099273378961
leaf_count=329 1159 799 383 6925 314 204 3253 622 647 258 374 454 520 411 1679 1467 287 1788 1876 306 378 300 200 316 507 354 213 829 662 3519
internal_value=-0.000329505 -0.0119037 -0.0190796 -0.0236961 0.00930047 0.00820585 -0.0126022 0.011158 0.0208606 0.0156209 0.010108 0.0199696 0.025939 0.0630094 0.00316197 0.0131055 -0.013153 -0.0153008 0.0144346 0.0335075 0.0645351 0.0235339 0.0149777 0.0324305 0.0556417 0.0811598 0.063514 -0.000268294 0.00180015 -0.012201
internal_weight=196.061 29.496 26.4291 25.2584 166.565 164.283 20.0058 144.277 64.4561 59.3143 54.292 39.2662 35.7622 7.40955 79.8207 48.5464 13.7253 15.0258 28.3527 14.4561 6.78309 34.8211 29.815 18.5988 10.4671 7.32215 5.00612 8.13171 7.67299 31.2743
internal_count=30568 7686 7438 7308 22882 22659 3457 19202 7795 7640 7249 5087 4759 931 11407 6729 1754 2162 3828 1604 636 4975 4462 2082 1053 861 513 1029 968 4678
is_linear=0
shrinkage=0.05


Tree=146
num_leaves=31
num_cat=0
split_feature=12 20 13 9 9 16 1 9 15 8 8 15 6 6 17 20 12 21 9 6 20 3 1 21 21 21 17 15 7 3
split_gain=5.72027 5.55851 3.13288 3.25116 3.18257 2.87829 3.00342 8.11727 10.3307 4.71838 5.28707 4.56049 7.45032 4.06394 3.63459 3.2669 2.93969 5.47635 5.97119 5.29802 5.14403 4.83566 3.36942 3.13691 2.77162 3.41227 2.56688 2.67726 4.12336 5.18262
threshold=-109.93124938226798 70.273120258160176 21.84451825993872 0.48661597731674983 0.41974982997896509 10.33180894093435 49.587467586779006 0.20443696525121882 2.4145204896910559e-09 0.01490414806830387 0.15449890293247773 1.232953220879676e-08 0.39054749547744327 0.25471223600240495 0.48952624946358464 22.633990168594455 -126.10251266064104 2.1038354322028305 0.21777526387771576 -0.28219756733617157 4.3762599157402358 37.836053019728958 362.82043485967705 0.90983589122506459 1.2909926551894901 2.0333449165727253 1.2477891681568867 1.4799308938237331e-09 -0.036093993007961338 26.042438297962054
decision_type=2 8 2 2 2 2 2 2 2 2 2 2 2 2 2 10 2 8 2 2 10 2 2 8 8 8 2 2 2 2
left_child=5 2 24 4 26 6 7 8 -1 -8 -11 12 14 -13 16 -9 -12 18 19 -18 -20 23 -19 -22 -2 -26 27 28 -4 -30
right_child=1 -3 3 -5 -6 -7 9 15 -10 10 11 13 -14 -15 -16 -17 17 22 20 -21 21 -23 -24 -25 25 -27 -28 -29 29 -31
leaf_value=0.010702216462635967 -0.033106106664141162 -0.022432400332604602 -0.0042712689563233625 0.057815139405425431 -0.023548923404909921 -0.02349086608289171 0.068432818878184129 0.035680583432400152 0.10943863666090253 -0.013504108087280279 0.057316157357702249 -0.03688884986256788 -0.022985898073672812 0.026555303990195119 0.085012800991980456 -0.018466994050528995 0.042689180115494246 -0.035502624445778515 -0.0016587421936546749 -0.034295348779856509 0.058240400949852056 0.11525736857192828 0.026240356794205895 -0.024448232665315105 0.033419204094049561 -0.030382967357918469 0.063394080771863884 -0.012748478584148709 0.047972226351653102 -0.0016707636383789194
leaf_weight=5.3351964229950726 8.1415736109483969 24.387252850923687 15.782262754859397 2.3707582412753254 6.5295951520092785 3.7769479188136756 2.4895112330559632 3.3413501038448876 4.7818047729087994 18.724919649306685 5.7383247446268824 5.67816555162426 6.0961461648112163 3.169469848042354 2.4514876889297739 6.7757528007496148 3.0023210096405828 5.2761966784019041 2.453758737887255 4.0607101265341123 1.3984744809567957 3.3682670593261719 2.5341585198184475 1.4000360193895167 4.1469359660986838 2.5766934111015862 1.2950743524124844 10.447200705879368 12.668065814417794 8.4375262588728202
leaf_count=244 825 5782 2330 367 1026 313 228 202 218 1723 590 365 606 204 249 411 281 949 246 379 237 400 456 237 554 345 200 1593 1750 1166
internal_value=0.000177684 -0.00228504 0.00471498 0.010001 0.0069531 0.0150662 0.0169648 0.0335244 0.0630164 0.0116106 0.0084473 0.0173611 0.0248194 -0.0137727 0.0344393 0.00101709 0.0275264 0.0182074 0.0345283 -0.000335236 0.0601586 0.081555 -0.0147649 0.0213272 -0.0150837 0.00820028 0.0114406 0.00873701 0.0149979 0.0289483
internal_weight=188.636 96.7829 72.3957 57.5305 55.1597 91.853 88.0761 20.2341 10.117 67.8419 65.3524 46.6275 37.7799 8.84764 31.6837 10.1171 29.2322 23.4939 15.6836 7.06303 8.62054 6.16678 7.81036 2.79851 14.8652 6.72363 48.6301 47.3351 36.8879 21.1056
internal_count=30568 22945 10400 8894 8664 7623 7288 1075 462 6213 6013 4327 3758 569 3219 613 3006 2930 1525 660 865 732 1405 474 1506 899 7494 7219 5446 2916
is_linear=0
shrinkage=0.05


Tree=147
num_leaves=31
num_cat=0
split_feature=16 20 21 19 13 13 12 5 13 9 13 11 2 9 1 1 20 21 2 3 2 20 8 3 1 15 9 21 17 7
split_gain=45.7362 54.3983 19.9764 9.41875 8.05532 6.9778 6.28996 5.24243 5.25835 5.40722 4.18516 4.85711 3.71177 3.88182 3.41185 4.83418 6.72116 2.03485 2.30642 1.77251 4.77713 1.06086 1.83199 0.84055 0.75451 0.714083 0.688855 0.53678 0.198736 0.0258035
threshold=30.881699610339378 10.465543835848552 0.20662457464586353 2.5000000000000004 25.269338078267918 1.0000000180025095e-35 -111.932706011078 29.410483501777104 37.57938463651945 0.25084754271280657 24.261735235895426 -108.36711892171749 5.4350516360389269 0.25308718865216046 12.422890885828702 659.21031187503263 35.308127856327552 1.4860628933339901 5.4218688397664208 33.339071653407053 4.5303279441853288 16.356609021194803 0.38194505853523181 13.510655457207852 1.0149191075379551 3.7024271476843012e-09 0.0036977990979862878 0.29295452816024753 3.8819855724267298 0.2058926546272373
decision_type=2 8 8 2 2 2 2 2 2 2 2 2 2 2 2 2 8 8 2 2 2 8 2 2 2 2 2 8 2 2
left_child=1 3 4 6 -3 -4 -1 8 9 -8 11 28 13 -10 -13 19 -17 18 -5 25 -21 22 29 -18 -23 -16 -26 -28 -7 -12
right_child=-2 2 5 17 -6 10 7 -9 12 -11 21 14 -14 -15 15 16 23 -19 -20 20 -22 24 -24 -25 26 -27 27 -29 -30 -31
leaf_value=-0.011650020905180788 0.047030033532426629 0.042386855822243594 0.046116236325084888 0.017871609836166407 -0.018080344770799877 -0.040804260151817963 0.0023137589519003515 0.025606864509003971 0.0033177362752454622 0.024229909174375199 -0.035201312652899323 0.028128755159171615 0.014911180564283467 -0.027170298836424703 -0.012879140148623411 0.04099385451735061 -0.0036090349704777074 -0.035982720009317806 -0.026822288407358136 0.040312185349751894 -0.034691240523336074 -0.00055966099354608711 0.014183152347847365 -0.035060862919568274 -0.0028736067345334899 -0.041713943969054951 -0.007453628288941392 -0.041521717240178946 -0.015015308886926156 -0.014278372433221224
leaf_weight=31.163974954746664 39.251638397574425 12.676087243948135 1.9922998594120134 4.6651501874439445 8.4739664071239513 25.027864446863536 53.615679678507149 53.309907791204751 19.550254799425602 58.78619746863842 4.943912098649891 3.8231640704907468 16.241187713108957 20.936726712621748 3.8016782407648941 6.4629869465716183 3.8448559334501615 13.110026713460684 4.9427448478527367 2.4621691470965752 4.5340559957548976 1.2146062171086658 2.3933301400393248 4.5695674614980817 1.3503174129873503 15.235621763393281 1.6603598105721176 108.46964311040938 2.3621140797622502 2.2927446672692895
leaf_count=228 2250 336 267 267 225 2132 241 356 220 264 430 274 201 235 377 261 216 888 282 205 377 215 202 256 241 1509 297 19430 201 200
internal_value=-0.000391781 -0.00839697 -0.0270373 0.00632603 0.0184376 -0.032002 0.00911304 0.0120611 0.00766602 0.0138885 -0.0330342 -0.0229089 -0.00469027 -0.0127232 -0.0123029 -0.0166623 0.00586856 -0.0238583 -0.00548202 -0.0292788 -0.00655505 -0.03877 -0.0195786 -0.0225993 -0.0402233 -0.0368859 -0.0406467 -0.0410798 -0.0391875 -0.0311107
internal_weight=533.165 493.913 217.591 276.322 21.1501 196.441 253.604 222.44 169.13 112.402 194.449 72.1241 56.7282 40.487 44.7341 40.9109 14.8774 22.7179 9.6079 26.0335 6.99623 122.325 9.62999 8.41442 112.695 19.0373 111.48 110.13 27.39 7.23666
internal_count=30568 30283 26889 3394 561 26328 1856 1486 1208 505 26320 5534 703 455 3201 3068 600 1538 549 2468 582 20786 813 472 19973 1886 19887 19727 2333 630
is_linear=0
shrinkage=0.05


Tree=148
num_leaves=13
num_cat=0
split_feature=20 21 13 3 8 7 21 11 6 8 2 13
split_gain=4.78506 3.00578 3.46099 2.78081 2.25991 2.22376 2.3869 1.77745 1.56552 1.19048 1.00169 0.92164
threshold=32.836670301168105 0.40009327630850056 20.613208446904313 10.405171446727502 0.040659871405630106 0.21762049689983812 0.98836646799579109 -110.64709572734849 -0.31589779731809181 0.19117861151223806 5.4218688397664208 18.640940358395145
decision_type=8 8 2 2 2 2 10 2 2 2 2 2
left_child=1 11 -3 -4 -5 6 10 9 -7 -8 -6 -1
right_child=-2 2 3 4 5 8 7 -9 -10 -11 -12 -13
leaf_value=0.018908937590225688 -0.03434891144124512 -0.027329457497354093 -0.023021556878529515 -0.019607711720122958 0.0273315565687994 0.037956237800600222 0.069228834065624453 -0.023584398498294242 -0.024979156383607599 -0.011003673372833523 0.086676177246528568 -0.0313356774336132
leaf_weight=0.4749705322319725 4.6876909421989685 1.740247974041268 1.1354675034672261 0.77098596784344486 2.2715905704098986 0.70431311852007783 0.27447193507396817 1.2915050862356972 1.3553449862083651 0.35602249644580297 4.4041627826954937 2.7062585424282588
leaf_count=200 6463 782 503 306 219 385 225 1589 741 291 426 1138
internal_value=-0.0003168 0.0181725 0.0277163 0.0367936 0.0441107 0.0500068 0.0601281 0.00659316 0.00191354 0.0449612 0.0726743 -0.0211058
internal_weight=22.173 17.4853 14.3041 12.5639 11.4284 10.6574 8.59775 1.922 2.05966 0.630494 6.67575 3.18123
internal_count=30568 7763 6425 5569 4539 4135 3009 2364 1126 516 645 1338
is_linear=0
shrinkage=0.05


Tree=149
num_leaves=13
num_cat=0
split_feature=20 0 7 1 20 10 9 16 6 9 7 11
split_gain=15.4409 7.97167 3.51311 4.78546 3.08268 3.0709 4.10131 3.50411 3.59759 2.33976 2.3197 2.29529
threshold=2.6549014716484653 179.31470959597854 0.45466797377976592 33.682017220425159 4.3762599157402358 2.5000000000000004 0.19599747585288399 1.0000000180025095e-35 -0.096320189309841084 0.059484823117283099 0.035678646320994829 -111.15210503037748
decision_type=8 2 2 2 8 2 2 2 2 2 2 2
left_child=5 2 3 -2 -3 7 -7 8 -1 -5 -10 -8
right_child=1 4 -4 9 -6 6 11 -9 10 -11 -12 -13
leaf_value=0.030399977475358688 0.065489537602646877 -0.0055437838056348818 0.079644028050392487 0.031879653516183604 -0.040327341361630908 0.037271450841454189 0.020638919342436605 -0.020699642223647716 0.011844392344176854 -0.03414724209927638 -0.022740820712361338 -0.0090618631271149348
leaf_weight=12.72315640258603 1.2495563838747337 8.5431723809451796 0.98678100993856788 0.92139188351575363 28.880548180488404 20.52433961792849 12.957059469539676 10.899426823365502 10.059910733427389 4.3948977959807962 7.6639252076856792 11.368983371416105
leaf_count=371 276 6174 201 228 20872 343 239 326 289 1085 221 210
internal_value=4.50324e-05 -0.0233885 0.021349 0.00321905 -0.0327378 0.0124209 0.021335 0.00247584 0.0111666 -0.0194683 -0.00352635 0.00694829
internal_weight=131.173 44.9763 7.55263 6.56585 37.4237 86.1968 44.8504 41.3464 30.447 5.31629 17.7238 24.326
internal_count=30568 28581 1535 1449 27046 1987 750 1237 887 1313 510 449
is_linear=0
shrinkage=0.05


Tree=150
num_leaves=31
num_cat=0
split_feature=16 20 19 12 1 1 15 3 21 9 20 11 2 10 2 21 3 4 21 11 19 4 21 4 21 6 8 1 13 6
split_gain=28.1488 33.8071 11.1949 9.91853 6.40521 9.25046 5.78838 5.57996 4.90484 4.87743 4.01178 5.38588 5.10213 3.94786 4.1341 4.06967 3.91348 3.7707 4.29807 3.92538 7.56572 3.30065 6.07749 3.57692 3.89468 4.38613 3.30057 4.87238 3.07978 5.30652
threshold=30.881699610339378 28.912001791634253 2.5000000000000004 -119.34874597068448 927.70716135805162 59.994443264569256 4.2563769539080189e-08 57.782339245381259 0.20662457464586353 0.28134269934958583 1.1122275723568953 -91.673034987835976 5.4111830725204602 2.5000000000000004 5.4962470190897958 0.58427687026696018 24.030217110329001 66.992301630877066 4.1245157390652265 -107.20751314090499 4.5000000000000009 -3.8817580667523246 1.3012179441188103 46.207303278157958 3.2893218192379403 0.41739076888698273 0.17966970372321714 378.22240330806409 21.08054879736429 -0.030319086063219588
decision_type=2 8 2 2 2 2 2 2 8 2 10 2 2 2 2 8 2 2 10 2 2 2 8 2 8 2 2 2 2 2
left_child=1 2 10 -3 5 6 17 -4 -7 -6 12 13 28 14 -12 -15 -14 18 19 20 -5 22 -10 -23 25 -25 27 -24 -1 -30
right_child=-2 3 7 4 9 8 -8 -9 21 -11 11 -13 16 15 -16 -17 -18 -19 -20 -21 -22 23 26 24 -26 -27 -28 -29 29 -31
leaf_value=-0.020940467669540164 -0.045367872099515608 -0.0040874797768148162 0.01017955713445708 0.016772915994873561 0.016738745937616324 -0.007686998382796963 -0.048735754053495797 -0.023710400194429319 -0.044364981146103107 -0.015307103674825549 -0.0025787180881021478 0.0011868342451108055 -0.0063384696736750431 -0.037736719345199857 -0.02513212366267191 -0.015241957143444699 0.019554868250451867 -0.0183744452858433 -0.026649484135590668 0.028507951519081379 -0.047837690775650109 0.035433103897216205 0.02357174731168904 0.014943083893700002 0.035968873010527279 -0.039305978829362577 0.035021659963235745 -0.055759409326730139 0.0079216324305342381 -0.016404393255548953
leaf_weight=48.682645463384688 32.444024607539177 72.165108883753419 106.94575796090066 17.777421173173934 20.708427754230797 10.367349721956998 3.8472085790708661 12.73080583848059 3.5311796828173136 25.212331093847752 50.467561215162277 37.875216955319047 28.20981390029192 43.942845812067389 33.309970997273922 40.432790217921138 28.429618183523417 10.693026301451026 5.3526663985103369 30.698938707821075 4.9724581986665726 99.021707931067795 3.9797268291004055 36.841678908094764 22.041004195809364 3.1720281206071377 11.608056695666162 2.1928484980016947 40.531267968937755 47.936471024528146
leaf_count=246 1059 4383 4028 879 439 943 207 480 327 535 363 244 211 235 239 217 212 601 322 1901 246 9363 376 2608 1817 225 1099 207 238 282
internal_value=0.00023457 0.0013436 -0.00696819 0.0125718 0.0164256 0.0193913 0.00420403 0.00640785 0.0251184 -0.000806957 -0.010978 -0.0158257 -0.00576934 -0.0196421 -0.0117366 -0.027262 0.00677222 0.00778454 0.0127692 0.0171338 0.00123131 0.0270148 0.00806205 0.0294572 0.0195107 0.00978906 0.0202818 -0.00845589 -0.0109602 -0.00529551
internal_weight=936.122 903.678 519.495 384.183 312.018 266.097 73.3417 119.677 192.756 45.9208 399.818 206.028 193.79 168.153 83.7775 84.3756 56.6394 69.4945 58.8015 53.4488 22.7499 182.388 21.3118 161.076 62.0547 40.0137 17.7806 6.17258 137.15 88.4677
internal_count=30568 30283 6951 23332 22456 21482 3943 4508 17539 974 2443 1326 1117 1054 602 452 423 3904 3539 3309 1125 17203 1973 15230 5117 2833 1684 583 694 520
is_linear=0
shrinkage=0.05


Tree=151
num_leaves=31
num_cat=0
split_feature=20 12 3 16 8 1 20 3 3 11 6 12 11 13 12 17 16 21 11 9 9 1 15 13 1 8 6 9 6 6
split_gain=4.14652 4.92871 3.94296 3.35228 4.81855 6.25124 4.36398 4.07815 6.52712 4.80635 5.48065 3.89775 9.24048 6.19792 4.85509 6.55992 15.59 6.19281 4.6355 5.55704 5.65503 3.82326 3.86929 8.12182 5.92703 9.79053 5.47652 3.49343 3.30519 2.75485
threshold=0.72921310767638003 -122.5516647299368 1.6390673304473504 1.0000000180025095e-35 0.34851460448447974 12.422890885828702 1.2609318915600054 25.842395919771004 29.222776327646255 -106.18943156115299 -0.060454756581021611 -106.84606841356798 -108.63490305420298 24.639995954831694 -111.3193869505707 1.0000000180025095e-35 0.55262458216693122 1.2909926551894901 -94.746749249561489 0.39258950817151855 0.11547200628118405 41.658698094028502 4.3175823463966427e-09 15.188751314277313 89.220274400894326 0.3406246646767373 0.10845839909959866 0.2793762946232366 -0.45799199610299896 -0.11457562067395387
decision_type=10 2 2 2 2 2 10 2 2 2 2 2 2 2 2 2 2 10 2 2 2 2 2 2 2 2 2 2 2 2
left_child=1 -1 -3 7 6 -6 -5 -2 9 10 -9 12 14 -14 15 -8 -17 -18 -13 20 -20 -10 24 -24 25 -23 27 -25 -7 -11
right_child=3 2 -4 4 5 28 11 8 21 29 -12 18 13 -15 -16 16 17 -19 19 -21 -22 22 23 26 -26 -27 -28 -29 -30 -31
leaf_value=0.021337380138479318 -0.011027028647479604 0.038668103749198178 -0.03167059231664382 0.074764454435605143 0.069335857474994586 0.028279193852216496 -0.0026192924193519174 0.00012707032604950872 -0.026675687567496734 0.047590642686242683 0.1283182262044423 -0.016323792944358605 0.020404535693994676 0.14936799239064047 -0.020447881633684082 0.12585156124650057 0.059550240439150505 -0.016724146883238256 0.063274167296060752 0.084640023962609889 -0.033167512607836173 -0.017012133409659458 -0.033154989863454019 0.032218662317022015 -0.0078895369857260363 0.11384026217819075 -0.00061903680797181608 0.11090879962784039 -0.022396529624147274 -0.027673388849266546
leaf_weight=7.1764966547489193 33.80680876004044 1.3796828009653861 17.790689141023904 3.1516317034838712 1.6033839441370243 3.0800619539804837 9.6043382630450758 1.1759959527989872 7.4493132607312864 1.1304042093688635 1.8820210058474911 12.148596412618646 2.0442104323301482 1.568701534066349 5.4982041468610987 3.6504231116268793 3.2637535581598049 6.259034649701789 1.2831185082905019 2.077677317080088 3.5486144261667505 2.4586421716958284 3.0201828555436796 4.1393568950006756 29.639405690366402 1.8084410047158597 3.5090144751593471 2.8451440613716841 15.760589066194365 1.8561858772300173
leaf_count=2068 4940 537 6928 371 216 430 612 229 778 201 367 2215 294 225 445 239 209 401 213 318 589 317 215 316 3543 234 284 217 2200 329
internal_value=-0.000314286 -0.0120171 -0.0249422 0.00899558 0.0168551 -0.00370687 0.0245519 0.00269888 0.0103717 0.0557078 0.0912003 0.0200662 0.0304943 0.0966412 0.01903 0.0290187 0.0506427 0.0125923 0.00196709 0.0321251 -0.0010981 0.00446963 0.00981217 0.0314161 0.000548438 0.0495293 0.0512682 0.0741491 -0.0131043 0.00560553
internal_weight=195.61 26.3469 19.1704 169.263 74.5423 20.444 54.0983 94.7209 60.9141 6.04461 3.05802 50.9467 31.8887 3.61291 28.2758 22.7775 13.1732 9.52279 19.058 6.90941 4.83173 54.8695 47.4202 13.5137 33.9065 4.26708 10.4935 6.9845 18.8407 2.98659
internal_count=30568 7591 7465 22977 9135 2760 6375 13842 6856 1126 596 6284 2810 519 2291 1452 862 610 3474 1057 802 5730 5015 962 4053 551 850 533 2630 530
is_linear=0
shrinkage=0.05


Tree=152
num_leaves=31
num_cat=0
split_feature=12 20 5 8 20 3 7 6 19 11 12 1 5 20 8 4 5 12 11 7 20 7 9 12 15 1 20 6 21 19
split_gain=5.06448 5.05417 3.04508 3.31586 3.86004 2.98027 3.09091 3.51678 3.94524 3.76669 5.20929 3.85461 4.12541 3.47528 3.43942 3.78226 3.40459 2.92607 3.62309 2.76763 3.0453 3.26167 4.82409 4.38976 5.44782 4.28094 3.48881 6.48066 4.09261 3.95217
threshold=-109.93124938226798 70.273120258160176 -46.835549813401649 0.48973282022883385 1.7821107921224553 7.247548167561046 0.14286419423601873 0.40179413194879837 2.5000000000000004 -105.63920561765948 -103.82924094716834 150.59415384717605 16.072905857115703 34.320455127885758 0.16947922382032668 41.578287094906557 -23.221361392062725 -100.55688391079981 -83.798850212472743 -0.36791964889889556 2.2761312847482005 -0.15774659303655267 0.20642115574671396 -111.56318132166332 7.9409338805090669e-23 4.0342158382659354 18.763063956732605 -0.30413977012147425 3.7252410563412002 4.5000000000000009
decision_type=2 8 2 2 10 2 2 2 2 2 2 2 2 10 2 2 2 2 2 2 8 2 2 2 2 2 8 2 10 2
left_child=19 2 -2 4 -4 -6 7 9 -9 11 -11 12 -7 17 15 16 -8 -12 -19 -1 -21 22 -22 24 -24 -23 -27 -28 29 -29
right_child=1 -3 3 -5 5 6 14 8 -10 10 13 -13 -14 -15 -16 -17 -18 18 -20 20 21 25 23 -25 -26 26 27 28 -30 -31
leaf_value=-0.010254267470527739 0.048797722948678401 -0.021611534394312047 -0.021314022169463705 0.053315300923374512 -0.023235683442848713 -0.023550534387447503 -0.012301961794883165 0.10787805389560859 -0.0013397618702752055 0.075671766041444044 -0.012479907190169314 -0.035829497733871778 0.078292853897696316 -0.031090414272161283 -0.024751599723634568 -0.029462515503058978 0.060854539649069228 0.053763941219277703 -0.0138990337004749 -0.01266920125028741 0.072727480461365596 -0.033906706696208683 0.036188889120925889 0.066772681194319547 -0.029098622697651427 0.042959185003369427 -0.03102311114415443 0.015914738620916285 -0.013704115708405752 0.058376743054542782
leaf_weight=9.5161935944342968 2.7152611839119336 23.357508044922724 15.285266822320407 2.0469229444861412 6.3838312140433109 1.2793155985418756 1.9586002057185412 1.2581896226620315 1.2662692759186027 3.1513235404854703 3.6401562662795248 5.348461530986242 1.008689999929629 2.8946638273773715 9.4047362720593792 2.2020705428440124 3.7297327391570478 6.6494007642613795 2.195147432154033 7.0554540526354685 5.7597279470646781 3.460081706987693 5.1713969864649725 2.5716242423513878 5.6318254943471402 9.9052305364748445 6.7961371382698408 23.065003034193072 6.997678485698998 6.7732795658521354
leaf_count=783 390 5596 2260 299 1067 268 243 226 228 505 381 976 211 458 1485 272 463 683 226 561 449 286 401 218 436 856 641 2225 622 654
internal_value=0.000187306 -0.00189185 0.00467621 0.00229159 -6.20563e-06 0.00649568 0.0110296 0.0208373 0.0682581 0.0139183 0.0257029 -0.0143433 0.0315045 0.0114691 -0.0054903 0.0176694 0.0375922 0.0229107 0.0372645 0.0144405 0.0173537 0.0202643 0.0377691 0.0187025 0.0025721 0.0138378 0.0174887 0.0108735 0.0192189 0.027134
internal_weight=188.479 95.7755 72.418 69.7028 67.6559 52.3706 45.9868 28.6916 2.52446 26.1672 18.5307 7.63647 2.28801 15.3794 17.2951 7.8904 5.68833 12.4847 8.84455 92.7036 83.1874 76.132 19.1346 13.3748 10.8032 56.9974 53.5373 43.6321 36.836 29.8383
internal_count=30568 22945 10400 10197 10004 8752 7548 4818 454 4364 2971 1393 479 2433 2730 975 706 1306 909 7623 6609 6197 1490 1135 837 4707 4628 4116 3276 2879
is_linear=0
shrinkage=0.05


Tree=153
num_leaves=31
num_cat=0
split_feature=16 20 21 3 13 11 4 13 1 13 11 4 12 4 4 20 1 3 7 20 1 20 21 20 15 21 20 9 1 13
split_gain=41.8502 49.8528 19.4473 10.612 10.9142 8.55951 7.69514 6.6102 5.28613 4.88773 4.79634 4.58887 3.89667 4.7109 3.86003 3.38178 3.30657 3.46194 4.43408 3.86773 3.26676 3.10914 2.99652 1.74686 1.19493 1.16461 0.968538 0.875855 0.713591 0.689101
threshold=30.881699610339378 6.749388424833306 0.55454744940083767 24.912660821972004 38.407267706311139 -109.96507533342698 64.055934272199025 24.414914944800099 297.13972292689658 24.356177134320237 -108.36711892171749 25.003401586932601 -96.812189744743151 43.678629052747759 51.364081043269103 1.9788344174564303 12.422890885828702 30.414008241318054 0.2787109044085106 23.124492602560455 809.2176251833597 38.41803860816146 0.026383096162793704 26.584941857349104 4.6022787022117793e-08 0.75625162307237259 119.45418280521851 0.25308718865216046 1.0149191075379551 19.46645661488591
decision_type=2 8 8 2 2 2 2 2 2 2 2 2 2 2 2 10 2 2 2 8 2 8 8 10 2 8 10 2 2 2
left_child=1 5 3 4 11 6 15 10 14 -10 25 -3 13 20 22 -1 -12 18 24 -20 -11 -19 -7 -5 -18 -4 -23 -24 -9 -25
right_child=-2 2 7 23 -6 8 -8 28 9 12 16 -13 -14 -15 -16 -17 17 21 19 -21 -22 26 27 29 -26 -27 -28 -29 -30 -31
leaf_value=-0.041838592604058547 0.046434894968964802 0.071645901233878359 -0.0016491037642947606 0.0060753814244591756 -0.024179351466626996 0.0036683177187643874 0.011766036126627589 -0.00050102494660055812 0.023263845676204015 -0.033189096602745854 0.028612131321153273 0.01767281300685989 0.017821906660868907 0.017152560756568569 0.018495623985115884 -0.0064305711488782591 -0.037805214653283785 0.025665322788014325 0.044901881937159722 -0.018508038852485316 0.00080864912532502297 -0.032890873989738494 -0.042541739541245877 -0.0079517394895887803 -0.0040488051979954351 -0.03914479400789362 0.0067610984299487312 -0.015929108387478921 -0.039492796616918402 -0.038629359428741052
leaf_weight=16.74058192642406 36.830902092158794 8.8358700149692666 2.3480385551229155 3.4610163387842485 6.5767388241365552 11.626258027274163 19.889927992597222 1.2116244914941479 88.983210891019553 13.342010037507865 4.113850282970815 8.0024235467426461 36.985219559632242 15.570534988772122 11.078300436027346 11.555384428240359 20.210438388865448 7.9182501649484038 3.12590896850452 4.8598369681276372 13.835462652146814 3.5152129046618938 6.5496545559726682 2.9766037221997985 3.2847963287495077 25.002107284031808 1.8920125560835002 8.6450440278276783 113.98316649487242 9.1985236285254341
leaf_count=325 2156 228 200 204 263 244 294 213 697 208 265 206 434 224 204 224 1461 475 205 319 216 372 206 201 237 2126 200 272 19998 622
internal_value=-0.00037283 -0.00816597 -0.0249638 0.0070439 0.0278762 0.00706901 -0.0117348 -0.0314947 0.0114897 0.015264 -0.019665 0.0484238 0.00615849 -0.00410932 -0.00527258 -0.0280919 -0.00993894 -0.0140258 -0.0228567 0.00854765 -0.0164671 0.00697594 -0.0154019 -0.0239527 -0.0334438 -0.0360975 -0.0201267 -0.029319 -0.0390905 -0.032302
internal_weight=522.149 485.318 230.516 39.0512 23.415 254.802 48.1859 191.465 206.616 168.716 76.2705 16.8383 79.7332 42.748 37.8993 28.296 48.9203 44.8065 31.481 7.98575 27.1775 13.3255 26.821 15.6361 23.4952 27.3501 5.40723 15.1947 115.195 12.1751
internal_count=30568 30283 27550 1858 935 2733 712 25692 2021 1322 5481 434 935 615 699 549 3155 3021 2222 524 424 799 563 923 1698 2326 572 478 20211 823
is_linear=0
shrinkage=0.05


Tree=154
num_leaves=14
num_cat=0
split_feature=20 20 3 8 8 1 9 6 7 5 20 1 15
split_gain=4.41323 2.83836 2.34327 2.22235 2.36279 2.12468 1.99324 1.96599 2.44669 1.10971 3.24978 1.19685 0.120195
threshold=32.836670301168105 3.4967253736869552 10.405171446727502 0.45705963558168389 0.040659871405630106 59.994443264569256 0.43501449683688082 0.23199754014320731 -0.20529980568541892 -0.7971789281889502 10.465543835848552 809.2176251833597 2.0187282759581576e-09
decision_type=8 10 2 2 2 2 2 2 2 2 10 2 2
left_child=1 -1 -3 4 -4 -6 7 9 -9 11 -11 12 -7
right_child=-2 2 3 -5 5 6 -8 8 -10 10 -12 -13 -14
leaf_value=-0.028314189240037126 -0.034022166097343452 -0.025040881693991535 -0.02200878880731626 -0.022999137706396552 -0.018697353024929902 0.10548708139327639 -0.0058023133412272131 0.049374250759601161 -0.026026894051864688 0.060306498142886356 -0.024017891390240131 0.018174040113703084 0.026716934178542102
leaf_weight=2.1127030574134613 4.4451054583332725 1.376456396435972 0.96718813775805834 1.078214509761892 0.79427562477940306 2.4932926991896323 1.3204237935715353 0.98633989917289144 1.4173828122438861 1.7457668668794164 1.2332082722132325 1.1976472009555434 0.91769611541531049
leaf_count=930 6152 495 304 343 243 632 363 295 425 621 439 248 233
internal_value=-0.000298039 0.0172223 0.0247561 0.0309327 0.036699 0.0427107 0.048191 0.0552053 0.010329 0.0665637 0.0281355 0.081958 0.095156
internal_weight=22.0857 17.6406 15.5279 14.1514 13.0732 12.106 11.3118 9.99133 2.40372 7.58761 2.97898 4.60864 3.41099
internal_count=30568 7763 5585 4499 4114 3709 3111 2735 720 2015 1060 955 865
is_linear=0
shrinkage=0.05


Tree=155
num_leaves=16
num_cat=0
split_feature=20 2 15 20 21 4 20 8 15 6 20 8 9 13 11
split_gain=13.9021 7.90722 3.14725 2.99065 2.84959 4.20801 2.99213 3.23227 4.37442 2.75009 2.37344 3.96222 2.36342 2.06804 0.473376
threshold=2.6549014716484653 4.4959952347279826 1.5384641434633003e-08 4.3762599157402358 0.012056408467791503 -4.3794635446220243 0.5678624348821576 0.38542317302930235 1.4799308938237331e-09 -0.23263460114014831 48.579133386111558 0.17736202774738799 0.27098813113110082 21.135872010956557 -96.348086184134587
decision_type=8 2 2 8 8 2 10 2 2 2 8 2 2 2 2
left_child=4 2 9 -3 12 -6 13 8 -8 -2 -11 -12 -1 -7 -15
right_child=1 3 -4 -5 5 6 7 -9 -10 10 11 -13 -14 14 -16
leaf_value=-0.020192811526494023 -0.021167815642924109 -0.005791779614917128 -0.02678223785231847 -0.040248586659810917 0.044083191975674021 0.015236678813578165 -0.012958516519300207 0.038309977111210598 0.022785152276310131 -0.0030119847755604497 -0.001714698134134388 0.10146312793501544 0.012367147443044587 -0.035005048148185731 -0.0071505599266584747
leaf_weight=10.544726904365238 1.0220981112215684 8.578771632979624 1.7492834592703728 27.321765307569876 10.586368970340116 3.9615336946444577 13.832449438050388 11.360901971580459 19.515789573546499 1.3517532690893865 1.2862394604599106 2.080461336299777 9.8473997386172396 4.4222256402717921 2.9959771282738066
leaf_count=219 214 6463 359 20583 248 219 253 200 357 255 273 441 205 297 202
internal_value=6.3948e-05 -0.0227589 0.0218042 -0.0323949 0.0115572 0.016502 0.0106153 0.0163817 0.00801348 0.0383865 0.0527327 0.0706788 -0.00462643 -0.0115335 -0.0259413
internal_weight=130.458 43.3904 7.48984 35.9005 87.0674 66.6752 56.0889 44.7091 33.3482 5.74055 4.71845 3.3667 20.3921 11.3797 7.4182
internal_count=30568 28581 1535 27046 1987 1563 1416 788 610 1201 891 714 424 628 499
is_linear=0
shrinkage=0.05


Tree=156
num_leaves=31
num_cat=0
split_feature=13 20 12 19 1 1 1 20 1 17 12 17 3 20 2 4 11 15 10 21 21 16 2 3 9 0 21 4 6 4
split_gain=25.6985 29.6157 9.58534 9.58186 6.02203 7.61423 5.27307 5.24167 4.32848 4.25627 4.24723 5.30018 4.14501 3.70117 4.98118 4.46486 8.07275 4.43001 4.21278 4.15389 10.0866 3.14741 4.45363 4.27379 3.569 3.10298 3.0579 3.5156 7.36585 4.22412
threshold=1.0000000180025095e-35 28.912001791634253 -119.34874597068448 2.5000000000000004 969.28967126211012 24.694178025588204 325.17847434392957 29.284946028563756 1013.1202485432701 4.1378605872278147 -115.60046546217926 0.99805376413373448 13.328075406969253 1.1122275723568953 4.9681870829224914 64.918365375414808 -99.677187248785728 3.7857826636483694e-09 2.5000000000000004 0.37795565751663057 0.76851982376916916 1.0000000180025095e-35 5.3415985423022567 23.867012007050253 0.16219267325081857 160.20598052548203 0.11066393886341001 50.227449449861005 0.41739076888698273 -3.8817580667523246
decision_type=2 8 2 2 2 2 2 10 2 2 2 2 2 10 2 2 2 2 2 8 8 2 2 2 2 2 8 2 2 2
left_child=-1 3 -3 13 5 21 10 25 -6 26 -5 -12 -10 15 -15 16 17 -2 19 -16 -21 23 -23 24 -4 -7 -9 29 -29 -28
right_child=1 2 4 6 8 7 -8 9 12 -11 11 -13 -14 14 18 -17 -18 -19 -20 20 -22 22 -24 -25 -26 -27 27 28 -30 -31
leaf_value=-0.045870110072594859 0.019696759785256118 -0.0043524281642147574 -0.039591563120072532 -0.020118756236565088 -0.027352476123624334 -0.011988141557407029 0.022208953944085286 -0.0098719069496035292 -0.020754866348222451 -0.023436095267830331 0.011954954958460867 -0.025014023785607211 0.020184167912000811 2.2038594422810597e-05 -0.00045414430116774251 -0.02119866324555561 -0.013281853956151569 -0.0034260470793962827 -0.027353208893615685 -0.046895766572733533 0.0023007033304802971 -0.035920319577294496 0.0099945559638997955 0.028094393516604556 0.012051848539090079 0.040982848339543951 0.0037909804607984942 0.016209786300640693 -0.044764777721219305 0.030291614700929156
leaf_weight=29.035520922858268 44.412157250568271 73.198902954347432 4.9391613448970064 20.544365733861923 11.263611492700873 2.5319003202021113 33.866806217469275 7.7973226327449083 7.892000904306772 5.1219656281173229 53.720173571258783 10.814730341546236 19.713565959595144 43.876586571335793 44.556253228336573 34.895961429923773 76.213142499793321 37.61626460775733 77.485478609800339 19.923714183270931 20.574739754199982 10.315890639089051 9.2566179516725224 14.87508620508015 6.882067431230098 41.579724204260856 18.261558528523892 43.701893696095794 4.6009583161212504 93.244192244485021
leaf_count=962 309 4555 243 708 242 333 1285 638 200 413 2218 447 500 282 320 202 458 262 490 201 207 365 327 678 338 5474 1671 3004 316 8531
internal_value=0.000217303 0.00114929 0.0118326 -0.0065888 0.0157572 0.018462 0.00583223 0.0223747 -0.00255602 0.0182549 -0.000868996 0.00547255 0.00816393 -0.0102918 -0.0149367 -0.0052762 -0.00165386 0.00917964 -0.0189502 -0.011066 -0.0224489 4.00614e-05 -0.0147751 0.0110431 -0.0109309 0.0377441 0.0196604 0.0211538 0.00961166 0.0260238
internal_weight=922.712 893.677 375.176 518.5 301.978 263.108 118.946 216.84 38.8692 172.728 85.0793 64.5349 27.6056 399.554 206.417 193.138 158.242 82.0284 162.54 85.0547 40.4985 46.2688 19.5725 26.6963 11.8212 44.1116 167.606 159.809 48.3029 111.506
internal_count=30568 30303 23346 6957 22462 21627 4514 19719 835 13912 2930 2665 700 2443 1326 1117 950 571 1028 610 408 1908 692 1216 581 5807 13712 13522 3320 10202
is_linear=0
shrinkage=0.05


Tree=157
num_leaves=31
num_cat=0
split_feature=20 5 5 1 2 0 5 16 17 12 0 11 13 6 12 3 20 9 9 1 6 3 2 7 6 12 6 3 20 3
split_gain=3.79246 4.3029 3.40474 3.75699 3.13406 3.89262 5.53429 3.82167 4.82086 4.63312 9.44307 7.48836 7.57874 7.20724 6.65926 7.06474 4.85289 4.51388 5.1501 5.21512 4.3658 5.56099 4.22876 4.0559 4.96282 5.06595 4.86813 5.01569 4.75897 4.17873
threshold=0.85725221291328058 50.084381631299557 -54.408093026221096 4.0342158382659354 5.8686132747640505 574.22623996948516 -35.589194856167275 1.0000000180025095e-35 5.9354717726654167 -106.77765167230437 375.51976509972002 -108.53595670629949 23.687365547352595 0.32866519701589514 -111.3193869505707 34.370845274304052 28.476444016397604 0.20801590084310376 0.42527144176964976 993.70085261680754 -0.32810908207244532 41.107950677422302 4.7268532526601534 0.21762049689983812 -0.24883540953763725 -104.08928275831339 0.21152224146640822 27.394400791128604 17.770245950740804 40.515359090327756
decision_type=10 2 2 2 2 2 2 2 2 2 2 2 2 2 2 2 10 2 2 2 2 2 2 2 2 2 2 2 8 2
left_child=1 2 -1 -4 5 7 -7 17 9 11 20 13 -13 14 15 -9 -17 -2 22 -20 -11 -22 -19 26 25 -25 27 -24 -28 -29
right_child=4 -3 3 -5 -6 6 -8 8 -10 10 -12 12 -14 -15 -16 16 -18 18 19 -21 21 -23 23 24 -26 -27 28 29 -30 -31
leaf_value=0.043126536701496354 -0.011436561677757813 0.037289433214543928 0.040515548268628077 -0.027844411113724585 0.056467222424570418 0.06323596720324258 -0.020341029375873069 0.092819164636757046 -0.032534498038843486 -0.020543039575140302 -0.032951676862722233 0.01383491405461012 0.13769147474583762 -0.027645226098198718 -0.012932225501437081 0.057573932311988298 0.0027761954955416658 -0.023090293302580382 -0.027370066552783012 0.043168559093694471 0.051368127965444904 -0.028034090490396166 -0.016530100176068083 -0.0080743090176320365 -0.0097206995180288761 0.10190274838656105 0.0072665486008542911 0.079941638756035174 0.10719516032360075 0.0090569781648588889
leaf_weight=1.228924069320789 30.482460728147998 3.1591965779662132 1.3246163220610494 22.380316909169778 2.4473478815052658 1.230327666853557 18.510329559096135 5.1920156480046105 3.3079908373765647 3.1686223993310785 8.9073362738126889 2.3767218585126111 2.2874396966071799 4.9051933895098045 5.4960144753567874 6.2098323004320273 9.4354560269275662 3.7398812477476886 11.137781251920385 2.3918689088895917 12.175708407303317 1.9838704225840045 4.5349022484151744 1.6349743215832873 10.64015401934739 1.3669546900782741 1.8174282790860177 3.4198392218677336 3.5874740694416678 4.4774282479193062
leaf_count=367 4389 864 408 6900 336 215 3242 297 394 448 1548 291 280 364 399 285 433 528 1444 310 1748 285 631 264 1556 220 226 335 447 439
internal_value=-0.000301214 -0.0105045 -0.0177645 -0.0225391 0.00908955 0.00804724 -0.0123344 0.0108938 0.0197426 0.0229968 0.006648 0.0344397 0.0881629 0.0239325 0.0342 0.0466544 0.0266784 0.0034296 0.0127684 -0.0127869 0.0276909 0.0391278 0.0226677 0.0286475 0.00729221 0.0549544 0.0437262 0.0231865 0.0799744 0.0452879
internal_weight=194.958 28.0931 24.9339 23.7049 166.865 164.418 19.7407 144.677 65.4462 62.1382 26.2355 35.9027 4.66416 31.2385 26.3333 20.8373 15.6453 79.2311 48.7487 13.5297 17.3282 14.1596 35.219 31.4792 13.6421 3.00193 17.8371 12.4322 5.4049 7.89727
internal_count=30568 7686 7438 7308 22882 22659 3457 19202 7795 7448 4558 2890 571 2319 1912 1193 718 11407 6729 1754 2450 2033 4975 4397 1995 484 2402 1729 673 774
is_linear=0
shrinkage=0.05


Tree=158
num_leaves=31
num_cat=0
split_feature=4 1 20 8 5 7 6 8 20 5 3 8 15 16 16 21 7 1 2 5 17 1 7 5 21 9 9 9 7 9
split_gain=4.58943 4.67512 6.33925 4.20849 5.3015 4.14028 4.08388 3.84317 4.67187 3.41199 3.35936 5.70263 5.68751 5.02063 7.01479 8.75519 4.88896 4.88335 4.95676 4.81772 5.38574 4.38127 4.2722 6.36054 5.3534 5.23891 3.79176 5.97503 4.20679 3.76943
threshold=88.614436198824066 7.3673002632836306 0.85725221291328058 0.48973282022883385 -8.5441532471931989 0.39184606869699407 -0.0079845111457635936 0.3639891628314072 57.064438286372109 54.598637422540008 27.394400791128604 0.42680319690751661 2.8455875555550951e-09 0.68521281997870187 6.4782576002199566 2.3150975044298252 0.026863694846529288 893.57775185249568 5.2787704876946195 1.0000000180025095e-35 1.0000000180025095e-35 1013.1202485432701 0.0031291644861271548 -47.857318078714393 0.88409522062708312 0.16422237823545818 0.36853420016226718 0.15648148774448692 0.20951000827540159 0.32914194335606256
decision_type=2 2 10 2 2 2 2 2 10 2 2 2 2 2 2 10 2 2 2 2 2 2 2 2 10 2 2 2 2 2
left_child=1 7 5 9 -5 -3 -7 8 -1 10 11 12 22 17 15 -15 -13 18 -12 -20 26 -19 29 -24 25 -25 27 -21 -29 -4
right_child=-2 2 3 4 -6 6 -8 -9 -10 -11 13 16 -14 14 -16 -17 -18 21 19 20 -22 -23 23 24 -26 -27 -28 28 -30 -31
leaf_value=0.066735113025535558 0.061754360951361421 -0.026444248756207534 -0.033281811951052703 0.097023409812900696 -0.0090241497010324547 -0.025015387586782525 0.067433102387244578 -0.011337759318960033 -0.0013389027997397485 -0.03030323104303749 -0.016382553337167115 0.062737998334480169 -0.0317565152276904 0.10376548374363073 -0.007376555440350545 -0.0046168221494482476 -0.010467268186309183 0.057485645927891786 -0.0070970332100347413 0.011432129447346855 -0.021568289656161699 0.0022064930443686319 0.10625850801784814 0.086524580469217252 -0.016197860139911084 -0.00043279260622039022 -0.0064854087526711891 0.10888874863146514 0.017001858622406298 0.018435728500703252
leaf_weight=7.0568562210537484 2.6462322664447129 23.689287715242248 9.0687748473137653 1.804595211753623 1.763932788162492 1.4439525520429028 1.65405095834285 3.5211944520706311 3.6114075400400907 5.4797905075829476 22.941845321329311 4.5836521140299729 17.047696458757855 4.7313742727274075 4.4059106457279995 2.6390944157028571 3.4341644825180992 7.2950780712999412 15.389417749596758 5.204722085385586 3.4168641656870022 6.4577336807269603 0.95787578437011767 2.3833774332888442 8.3020650567486864 3.52861460915301 2.8983176299370825 4.2036614509997898 2.1967990441480651 4.6276646362384781
leaf_count=394 429 6557 2276 218 213 375 429 209 201 845 3162 899 3832 446 451 249 674 352 2108 553 413 311 205 279 1830 412 332 447 233 1162
internal_value=0.000196658 0.00502149 0.00265123 0.00680917 0.0541026 -0.0192554 0.0287541 0.0316167 0.045551 0.00524181 0.00688818 -0.00277502 -0.00972665 0.0132175 0.0421121 0.0690425 0.0336992 0.00783215 0.00109715 0.0132628 0.0301981 0.0334379 0.00391035 0.0215282 0.00920937 0.0420697 0.0429982 0.0548905 0.0839099 -0.0157424
internal_weight=188.386 185.74 171.55 144.763 3.56853 26.7873 3.098 14.1895 10.6683 141.194 135.715 53.9339 45.9161 81.7808 11.7764 7.37047 8.01782 70.0044 56.2516 33.3098 17.9204 13.7528 28.8684 15.1719 14.2141 5.91199 14.5035 11.6052 6.40046 13.6964
internal_count=30568 30451 29609 22195 431 7414 804 842 595 21764 21516 11894 10321 9622 1205 695 1573 8417 7754 4562 2168 663 6684 3246 3133 691 1662 1233 680 3438
is_linear=0
shrinkage=0.05


Tree=159
num_leaves=31
num_cat=0
split_feature=16 20 21 21 13 13 12 9 1 13 11 12 7 20 1 12 13 21 1 15 20 8 4 15 1 9 16 15 8 5
split_gain=38.2538 45.4954 18.2586 8.43044 6.75386 6.33177 6.16513 5.16282 5.9236 4.21845 4.8378 3.6243 3.836 3.03853 4.77485 3.19801 2.636 2.53038 2.52949 1.96893 1.1452 1.88543 1.03053 0.776673 0.762245 0.803502 1.61068 0.748441 2.17233 0.240116
threshold=30.881699610339378 10.465543835848552 0.20662457464586353 1.7134591268419401 25.269338078267918 -1.0000000180025095e-35 -111.932706011078 0.38039831606126034 297.13972292689658 24.261735235895426 -108.36711892171749 -105.54342497278655 0.023483619225163292 38.41803860816146 659.21031187503263 -99.262214028654952 24.754191784329851 0.026383096162793704 12.422890885828702 1.9138205166642119e-09 16.356609021194803 0.38380128802011809 64.918365375414808 6.6966344864612608e-09 1.0149191075379551 0.017950959996651198 1.0000000180025095e-35 4.4095108602105618e-09 0.16434264550980074 13.200183664965701
decision_type=2 8 8 8 2 2 2 2 2 2 2 2 2 10 2 2 2 8 2 2 8 2 2 2 2 2 2 2 2 2
left_child=1 3 4 6 -3 -4 17 8 19 10 -7 -10 -13 14 15 -12 -9 -1 -15 -8 21 -11 27 29 -22 26 -26 28 -20 -5
right_child=-2 2 5 23 -6 9 7 16 11 20 13 12 -14 18 -16 -17 -18 -19 22 -21 24 -23 -24 -25 25 -27 -28 -29 -30 -31
leaf_value=-0.027091122503868411 0.045873678804683946 0.038101811946278638 0.044128855010250351 -0.040305480656062494 -0.017368252848334442 -0.038896619248140619 -0.026242023812498967 0.033023175996719147 -0.0037541271082850223 -0.030428125030450892 -0.037381714607752067 0.0052932380269152569 0.024351527524221112 0.015659250315319225 0.03346319425231304 0.012373122238304913 0.010728181996029807 0.000544736699835311 0.020712689693059446 -0.00070316354487864278 -0.00014488840915688822 0.016234190457107885 -0.0027615124410814993 -0.010940963632409184 -0.031240915591507219 -0.041450233223293553 0.02355959938129119 -0.040343039110779084 -0.033837163718946094 -0.016859424622155259
leaf_weight=14.784679761156438 34.485627092421055 13.218888402916495 1.9299600869417179 7.6238765870220986 8.179213064722715 25.311190281063318 14.770096925087277 31.370801631361246 33.933193045202643 6.7767063356004664 6.2729311157017973 53.343986271414906 52.694454725366086 3.1391123151406672 7.1567467809654772 5.1194451679475605 24.78863442176953 17.346807309892029 2.0430456208996564 14.581540131475775 1.1929329626727838 2.2739832219667733 3.511883347760886 6.6705477214418352 2.9208849798887968 95.080753193469718 1.1671403571963308 11.930769751314072 4.0016604266129434 3.8198942285962403
leaf_count=208 2061 347 283 512 214 2045 239 266 256 609 399 371 367 297 337 325 211 244 202 235 237 204 363 345 504 19067 202 1302 397 256
internal_value=-0.000356526 -0.00793757 -0.0259526 0.00525608 0.0170701 -0.031138 0.00760701 0.0105302 0.00610168 -0.0321966 -0.0219056 0.0103855 0.014903 -0.0112897 0.0039282 -0.0158289 0.0235421 -0.0126052 -0.0224581 -0.0139958 -0.0383816 -0.0182555 -0.0284755 -0.0268267 -0.0399986 -0.0404717 -0.0140398 -0.033089 -0.0150769 -0.034463
internal_weight=511.441 476.956 201.227 275.729 21.3981 179.829 257.614 225.483 169.323 177.899 68.4868 139.972 106.038 43.1756 18.5491 11.3924 56.1594 32.1315 24.6265 29.3516 109.412 9.05069 21.4874 18.1143 100.362 99.1688 4.08803 17.9755 6.04471 11.4438
internal_count=30568 30283 26889 3394 561 26328 2458 2006 1529 26320 5534 1055 738 3201 874 724 477 452 2327 474 20786 813 2224 936 19973 19887 706 1962 599 768
is_linear=0
shrinkage=0.05


Tree=160
num_leaves=17
num_cat=0
split_feature=20 21 13 3 8 7 8 6 6 17 10 3 16 9 6 13
split_gain=4.06582 2.64858 3.06181 2.37865 1.93531 1.91447 1.98819 1.62261 2.28672 1.46785 3.89702 1.0622 1.95739 1.03376 1.20731 0.905232
threshold=32.836670301168105 0.40009327630850056 20.613208446904313 10.405171446727502 0.040659871405630106 0.43218581436447329 0.45705963558168389 0.23199754014320731 0.41739076888698273 1.0000000180025095e-35 4.5000000000000009 32.398309160047553 1.0000000180025095e-35 0.17625547962054314 -0.13121871680056693 18.294149754992457
decision_type=8 8 2 2 2 2 2 2 2 2 2 2 2 2 2 2
left_child=1 15 -3 -4 -5 6 7 9 -9 11 -11 13 -13 -6 -15 -1
right_child=-2 2 3 4 5 -7 -8 8 -10 10 -12 12 -14 14 -16 -17
leaf_value=0.018785104875204961 -0.033685558315897556 -0.027089201625400253 -0.022570317438523519 -0.01925454186451549 0.11192846512125831 -0.017825052136232908 -0.016718525902142952 -0.025028621672388757 0.048851169952470214 -0.026122981933951284 0.06887893705485458 -0.020142507715951979 0.06006738540695198 -0.015211174372042897 0.049757144225315297 -0.031171345614496821
leaf_weight=0.47003343768302253 4.2159021472907616 1.6987884268310161 1.0890651691297542 0.74883406399749297 2.2772774488257737 0.65093690280627925 0.60865644783189055 1.3097103040636295 0.98376103139889892 1.4641910280479362 1.0567203996906755 0.90297268451831847 0.38736445351969451 0.54212641141203655 0.96350259314930653 2.6466586780006764
leaf_count=202 5853 743 467 286 588 241 223 526 395 473 342 540 232 210 372 1136
internal_value=-0.000281128 0.016284 0.0250068 0.033272 0.039738 0.0449598 0.0500653 0.0553343 0.011872 0.0655514 0.0219525 0.080034 0.0196498 0.0922162 0.0296296 -0.0209043
internal_weight=22.0165 17.8006 14.6839 12.9851 11.8961 11.1472 10.4963 9.88763 2.29347 7.59416 2.52091 5.07324 1.29034 3.78291 1.50563 3.11669
internal_count=30568 7763 6425 5569 4539 4135 3841 3484 921 2563 815 1748 772 976 582 1338
is_linear=0
shrinkage=0.05


Tree=161
num_leaves=13
num_cat=0
split_feature=20 2 7 1 20 20 3 10 9 1 5 9
split_gain=12.557 7.66231 3.0965 4.30931 2.90965 2.62794 2.67591 2.37864 4.5972 3.58162 2.90445 2.26978
threshold=2.6549014716484653 4.4959952347279826 0.45466797377976592 33.682017220425159 4.3762599157402358 0.25757153112339404 14.160295984358601 2.5000000000000004 0.33907522096986503 768.65045180427114 -15.118927904808247 0.059484823117283099
decision_type=8 2 2 2 8 10 2 2 2 2 2 2
left_child=5 2 3 -2 -3 6 -1 8 10 -9 -7 -5
right_child=1 4 -4 11 -6 7 -8 9 -10 -11 -12 -13
leaf_value=0.014596951573765582 0.060927210243524925 -0.0059649495757652625 0.074625127025321716 0.031252854452580213 -0.040165890133728809 0.012444305208924304 -0.035446593555855818 0.0076742516641937529 0.028023192149775108 0.037193594472317189 -0.021236650373944645 -0.033834667837954975
leaf_weight=4.0670485720620482 1.3482993907528005 8.6010718770558015 1.0714714855421332 0.93769464112119827 25.848779526888393 9.7548026670701802 4.9634419193025678 22.433137622196227 12.405319306300951 19.060250784270465 15.152594508137556 4.1911371524911374
leaf_count=295 302 6753 218 240 20293 215 360 277 272 236 334 1073
internal_value=7.81522e-05 -0.0221659 0.0213576 0.00374387 -0.0320361 0.01075 -0.0137003 0.0136883 0.004345 0.0217903 -0.00807456 -0.0187771
internal_weight=129.835 41.9985 7.5486 6.47713 34.4499 87.8366 9.03049 78.8061 37.3127 41.4934 24.9074 5.12883
internal_count=30568 28581 1535 1449 27046 1987 655 1332 819 513 549 1313
is_linear=0
shrinkage=0.05


Tree=162
num_leaves=31
num_cat=0
split_feature=13 20 11 19 21 0 2 2 0 21 11 1 1 13 21 3 11 0 1 9 20 13 1 15 10 20 21 20 12 1
split_gain=23.3673 25.8136 9.03962 8.31004 8.00815 6.90936 6.49374 6.13998 5.68494 5.10829 7.93453 4.97059 4.95297 4.2399 4.33814 3.93098 3.90023 3.82343 3.71119 5.6245 4.06548 3.5034 4.35944 4.15691 4.24832 5.55193 4.43187 4.89307 3.48543 3.36296
threshold=-1.0000000180025095e-35 28.912001791634253 -107.11822228035598 2.5000000000000004 0.17026934201717853 570.5921608102841 4.1720655249150651 5.8686132747640505 95.187000333281119 1.8277542308877452 -108.36711892171749 325.17847434392957 4.0342158382659354 13.107349162893671 1.2237209057566252 54.503546375832606 -111.04685159220149 527.81541160710765 61.703471424878508 0.069872231399889642 63.141844594313959 15.377609464385374 163.22326970967754 7.6133147534756908e-09 2.5000000000000004 0.47749307122403956 0.76851982376916916 1.7821107921224553 -119.74682283524866 226.93248218790453
decision_type=2 8 2 2 8 2 2 2 2 8 2 2 2 2 8 2 2 2 2 2 10 2 2 2 2 10 8 10 2 2
left_child=-1 3 5 21 -4 9 8 -7 -6 10 13 15 -8 -3 17 29 -16 -15 20 28 -11 -2 -23 24 26 -26 27 -24 -20 -5
right_child=1 2 4 11 6 7 12 -9 -10 18 -12 -13 -14 14 16 -17 -18 -19 19 -21 -22 22 23 -25 25 -27 -28 -29 -30 -31
leaf_value=-0.045351720081486524 -0.025067822415658261 -0.040513009850703219 -0.014783139106515561 0.0098016127517182861 0.020348873598056382 0.030421614945693749 -0.011003207013916994 -0.02294292524730172 -0.041338427590088794 -0.023029003847862169 -0.060014639088159828 0.021635067992464979 0.028177599302017922 0.024490218575043746 -0.0023196623515897314 -0.023510149846939998 -0.051895499426424331 -0.021584497266544992 -0.048318132882413302 0.0185319031260851 0.010246380467008839 0.00830487391170605 -0.0049171097817898623 0.0041387126868096726 -0.0048019265454462097 -0.027489437301698918 0.0091990237882793122 -0.025851857238852562 0.0080884182470522658 -0.016204865836816941
leaf_weight=27.053735353052616 32.84953625779599 6.3338711257092646 14.867987646721303 54.725829428993165 6.7516225972212842 33.301857381593436 8.0668370588682574 5.6366341570392251 6.3044107779860497 18.350550027098507 6.7762676379643381 32.92855205014348 135.02274485025555 18.910899245645854 13.344194836914541 14.841347021050749 4.7073781648650765 4.9764076801948249 4.6428583310917029 56.767933359369636 16.636221125721931 35.499542880803347 97.320323437452316 44.765693997964263 42.452480062842369 75.351600717753172 33.073685580864549 38.512944115325809 4.8453148794360441 15.039435505867004
leaf_count=908 201 237 1250 2156 296 2180 764 369 276 487 269 1265 12781 762 568 514 201 200 219 2832 441 223 550 277 204 362 249 218 229 593
internal_value=0.000200559 0.000999315 0.01114 -0.00618702 0.0194998 0.00375513 0.0228375 0.0223157 -0.0102601 -0.000981508 -0.0131072 0.00546589 0.0259077 -0.00543817 0.000679188 -0.0010063 -0.0172931 0.0144099 0.00567531 0.0125665 -0.0073615 -0.00961766 -0.00817029 -0.00995437 -0.0121615 -0.0194229 -0.0070126 -0.0109983 -0.0214883 0.00404557
internal_weight=910.659 883.605 366.244 517.361 171.014 195.23 156.146 38.9385 13.056 156.292 55.049 117.535 143.09 48.2728 41.9389 84.6066 18.0516 23.8873 101.243 66.2561 34.9868 399.826 366.976 331.477 286.711 117.804 168.907 135.833 9.48817 69.7653
internal_count=30568 30303 23346 6957 14376 8970 14117 2549 572 6421 2188 4514 13545 1803 1731 2930 769 962 4233 3305 928 2443 2308 2051 1836 566 1270 768 448 2749
is_linear=0
shrinkage=0.05


Tree=163
num_leaves=31
num_cat=0
split_feature=20 12 3 8 8 17 15 8 16 15 1 6 8 7 15 15 1 13 21 19 17 21 15 21 21 13 17 3 7 7
split_gain=3.39955 4.34884 3.86331 3.12276 4.80376 3.896 4.36549 3.65816 5.18328 4.97241 5.19093 4.63468 4.09554 4.06927 3.812 4.75194 5.63676 4.59902 4.99003 6.19895 3.65658 3.57186 3.32932 11.8852 4.00405 3.38348 4.78186 4.63932 4.02831 4.10048
threshold=0.72921310767638003 -122.5516647299368 1.6390673304473504 0.41131735072805148 0.4710726995307653 2.1316282072803012e-14 1.5881867761018134e-22 0.36823655882944334 1.0000000180025095e-35 1.5174051380057222e-09 219.06301168736005 -0.3804964075429797 0.34851460448447974 0.11438433957800155 4.3175823463966427e-09 1.5881867761018134e-22 993.70085261680754 19.110709354247053 0.75625162307237259 3.5000000000000004 5.9354717726654167 1.9381999968603101 1.6197546751902976e-08 1.6345074166775202 3.3510545674923855 23.687365547352595 2.1316282072803012e-14 24.567782624150805 0.43218581436447329 0.11921820548435492
decision_type=10 2 2 2 2 2 2 2 2 2 2 2 2 2 2 2 2 2 8 2 2 8 2 10 8 2 2 2 2 2
left_child=1 -1 -3 7 -5 6 -6 8 14 10 11 -9 20 -12 15 16 -2 -16 -19 -20 22 -11 25 -24 -25 -10 28 -28 29 -27
right_child=3 2 -4 4 5 -7 -8 9 12 21 13 -13 -14 -15 17 -17 -18 18 19 -21 -22 -23 23 24 -26 26 27 -29 -30 -31
leaf_value=0.019956617125722349 -0.0061146731312518377 0.039080147783193714 -0.030850152813923649 -0.020676483115429866 -0.0027263838507332158 -0.029670432570867364 0.068354756760186083 0.013571160175694201 -0.002610265300163974 -0.025289213448709866 -0.01931272712733402 0.13120727077714692 -0.031649975775809622 0.056651273126552174 -0.0087654736938888554 -0.030762356125687881 0.049813084395165158 -0.027299862975651224 0.082681799192709973 -0.00015998585048638777 -0.029765073442888271 0.039600281462375882 0.091178418558886115 -0.033676258184254897 0.03366582048334673 0.020321209189835158 0.00023784118754403583 0.083941747406487896 0.072343593631157152 -0.028298221139557558
leaf_weight=7.3302582623437074 28.579129737569019 1.3673463074956114 16.397746186470613 18.680802993359983 3.7705239555798471 2.1183494699653238 3.835667927050963 1.4946651494828995 13.616315395687705 4.2768335950095224 2.8919957419857392 2.1081250780262062 2.8385800465475768 2.401427170727402 8.8605398708023149 14.87709844042547 4.3173427253495902 1.7569579933770016 5.2707528527826062 3.523010678589344 2.351559875998646 2.5462161964969701 6.2926226416602722 3.4762308069039154 3.3549558522645375 12.264207537635238 2.3219057084061214 4.8165980495978147 1.5356225233990697 5.462240707827732
leaf_count=2217 5242 575 6890 2717 535 290 544 214 1858 522 353 302 328 293 832 2580 792 215 661 442 270 310 323 207 200 1874 306 635 230 834
internal_value=-0.000288881 -0.0106518 -0.023672 0.00876968 -0.00618656 0.020981 0.0368961 0.0118 0.00879101 0.0338638 0.0565059 0.0959557 0.0195607 0.0186751 -0.000709158 -0.00829159 0.00247833 0.0174441 0.0383083 0.0528656 0.0226942 0.000892771 0.0255225 0.0467863 -0.00052732 0.0175782 0.0277059 0.0600903 0.0133309 0.00462847
internal_weight=194.736 25.0954 17.7651 169.64 28.4053 9.72454 7.60619 141.235 125.516 15.7193 8.89621 3.60279 58.3308 5.29342 67.1848 47.7736 32.8965 19.4113 10.5507 8.79376 55.4923 6.82305 53.1407 13.1238 6.83119 40.0169 26.4006 7.1385 19.2621 17.7264
internal_count=30568 7591 7465 22977 4132 1329 1079 18845 16851 1994 1162 516 6744 646 10107 8285 6034 1822 1289 1103 6375 832 6134 674 407 5460 3828 941 2887 2708
is_linear=0
shrinkage=0.05


Tree=164
num_leaves=31
num_cat=0
split_feature=4 1 20 5 8 5 21 9 5 1 3 8 15 16 16 13 1 0 5 17 7 7 5 21 9 1 9 9 11 7
split_gain=4.07534 4.1508 5.80399 4.00874 3.8082 4.59756 3.59266 5.96808 3.2654 3.18891 2.96391 5.16072 5.51346 4.35358 5.98216 7.27965 4.30114 4.64277 4.37463 4.84831 4.24646 4.03649 5.69946 4.83368 4.50277 3.64626 3.61839 5.27313 3.52975 4.37443
threshold=88.614436198824066 7.3673002632836306 0.85725221291328058 -46.835549813401649 0.48973282022883385 -8.5441532471931989 4.9381165635969611 0.23644262945092989 54.598637422540008 993.70085261680754 27.394400791128604 0.42680319690751661 2.8455875555550951e-09 0.68521281997870187 6.4782576002199566 25.209931242672521 893.57775185249568 392.25716912822804 1.0000000180025095e-35 1.0000000180025095e-35 0.026863694846529288 0.0031291644861271548 -47.857318078714393 0.88409522062708312 0.16422237823545818 1013.1202485432701 0.32914194335606256 0.3586186495125418 -99.417625910982892 -0.20529980568541892
decision_type=2 2 10 2 2 2 8 2 2 2 2 2 2 2 2 2 2 2 2 2 2 2 2 10 2 2 2 2 2 2
left_child=1 6 3 -3 8 -6 7 -1 10 -5 11 12 21 16 15 -15 17 -12 -19 -20 28 26 -23 24 -24 -18 -4 -28 29 -13
right_child=-2 2 4 9 5 -7 -8 -9 -10 -11 13 20 -14 14 -16 -17 25 18 19 -21 -22 22 23 -25 -26 -27 27 -29 -30 -31
leaf_value=0.039566737564035254 0.057568050134120308 0.028731868017662296 -0.032969465467478781 -0.034819217390425587 0.088974713486214024 -0.0087826742387382747 0.059474184658272478 -0.033980096045350613 -0.029946321426651441 0.0097176282484282058 -0.015949095558878836 0.010249423016393457 -0.031370777353236567 0.092687373095103678 -0.0072100052022926013 -0.0043331859643187419 0.052277633981368254 -0.0067821810414650067 0.040410349630958971 -0.021145197686847177 -0.010097286883672082 0.099286693629206002 0.079177533848081127 -0.015591190150284715 -0.00037603956309615011 0.0023065187265064089 0.087244859955567355 -0.01276890154334996 -0.0055061561668424668 0.12004856363191772
leaf_weight=5.5303741978714234 2.7831866941414773 3.0705289741745245 8.7365675964392757 18.285515019088056 1.9728611895116059 1.744234991725534 5.1966828145086774 3.8178303064778447 5.3517057504504919 4.6037361063063145 22.563485926482826 1.6735514043830362 16.425294461543672 5.1675312697188929 4.380459189414978 2.6907777208834887 7.7294693459989512 15.240937009919433 14.963121871929618 3.3289290954126045 3.3839893870754167 1.051690676831641 2.5755414779996517 8.0903091080253926 3.5206899716285989 6.4396703643724322 0.86642827652394849 3.8141853630077094 1.4796005210373531 1.6993593353545295
leaf_count=334 452 877 2239 5654 229 202 301 231 825 1424 3119 261 3760 457 431 238 362 2073 1773 395 646 224 292 1787 399 301 225 992 246 266
internal_value=0.000204205 0.00505325 0.00278546 -0.0185498 0.00670901 0.0509652 0.0297987 0.00914896 0.00519347 -0.0258297 0.00678681 -0.00238181 -0.00917761 0.0126695 0.0390419 0.0627275 0.00759258 0.00118351 0.0128396 0.0286926 0.0317801 0.00417241 0.0211464 0.00919721 0.0396552 0.0312157 -0.0152349 0.0178439 0.0577194 0.0803713
internal_weight=188.178 185.395 170.85 25.9598 144.89 3.7171 14.5449 9.3482 141.173 22.8893 135.822 53.3172 45.0807 82.5044 12.2388 7.85831 70.2656 56.0965 33.533 18.2921 8.2365 28.6554 15.2382 14.1865 6.09623 14.1691 13.4172 4.68061 4.85251 3.37291
internal_count=30568 30451 29609 7414 22195 431 842 565 21764 7078 21516 11894 10321 9622 1205 695 8417 7754 4562 2168 1573 6684 3246 3133 691 663 3438 1217 806 527
is_linear=0
shrinkage=0.05


Tree=165
num_leaves=31
num_cat=0
split_feature=16 20 21 3 15 11 4 13 1 11 4 1 13 12 0 20 21 1 3 7 20 8 9 20 9 21 10 13 1 9
split_gain=34.9784 41.7611 17.9877 9.70928 9.27436 7.37118 6.99301 6.5122 5.16264 4.60205 4.57729 6.16411 6.78698 5.15086 3.5251 3.23389 2.92463 2.90752 3.40787 4.26104 3.31196 3.04178 2.06389 1.7244 1.41655 1.17771 1.15234 0.733403 0.711632 0.631767
threshold=30.881699610339378 6.749388424833306 0.55454744940083767 24.912660821972004 6.5424870798220605e-10 -109.96507533342698 64.055934272199025 24.414914944800099 659.21031187503263 -108.36711892171749 64.440886968185069 297.13972292689658 24.356177134320237 -96.812189744743151 444.84939745730856 1.9788344174564303 0.026383096162793704 12.422890885828702 30.414008241318054 0.2787109044085106 23.124492602560455 0.22961460057528929 0.24624794042080991 25.148970056222552 0.25308718865216046 0.75625162307237259 9.0000000000000018 19.211419819553331 1.0149191075379551 0.0036977990979862878
decision_type=2 8 8 2 2 2 2 2 2 2 2 2 2 2 2 10 8 2 2 2 8 2 2 10 2 8 2 2 2 2
left_child=1 5 3 4 -3 6 15 9 -6 25 11 16 -13 14 -14 -1 -7 -11 19 26 -21 -20 -23 -5 -18 -4 -19 -25 -9 -30
right_child=-2 2 7 23 8 10 -8 28 -10 17 -12 12 13 -15 -16 -17 24 18 21 20 -22 22 -24 27 -26 -27 -28 -29 29 -31
leaf_value=-0.041487642563363604 0.045350083639472953 -0.023305375331789255 -0.00083992341498213038 0.0065474598067934292 0.012136648777896919 0.0041875352936829964 0.010621632895815952 -0.00023118998714818817 0.067522996152765885 0.026353233529967775 0.02685378738360919 0.021757200473706342 -0.028381579423065618 0.013533808160457761 0.002488130246736229 -0.0065363471095289689 -0.042372258026928913 -0.037094893657380244 0.030735685697630251 0.041034800085167397 -0.017730916592201103 0.013178109035466835 -0.035955313580344622 -0.0068780908114092244 -0.012597357232099107 -0.038845577342291375 -0.0013836402682580106 -0.038541338334465616 -0.0027693349234576953 -0.039642603839663275
leaf_weight=15.967919406015428 32.258562698960304 6.2346386723220375 2.2757420670241153 3.3641594303771862 7.8851204472594008 13.620983229484411 19.974671070463955 1.1974869368132193 9.5284945042803866 4.2427481918130061 33.040097132790834 72.434881611261517 17.643434376455843 34.784757843706757 18.056962514296174 11.563211121596396 6.9635071884840771 19.586384287569679 6.193731074454262 3.2619654205627757 4.5821564570069304 3.1911398586817095 3.690832523163408 2.8553600572049627 10.594883885234593 23.082841627765447 2.6264191102236509 8.9172545466572029 1.3328317431733001 100.80273512960412
leaf_count=318 1965 247 209 205 200 278 299 234 242 283 322 593 271 418 278 231 213 1497 378 218 306 200 232 201 324 2117 201 626 263 19861
internal_value=-0.000339784 -0.00771317 -0.0238955 0.00678591 0.0263769 0.00598044 -0.0116129 -0.0306543 0.0444644 -0.0187862 0.0100517 0.00672793 0.0111196 3.62332e-05 -0.0131256 -0.0275515 -0.0131224 -0.00923852 -0.0132573 -0.022306 0.00858334 0.00764972 -0.0143909 -0.0235591 -0.0260527 -0.0355961 -0.0331139 -0.0320014 -0.038748 -0.0391929
internal_weight=501.756 469.497 214.852 38.785 23.6483 254.645 47.5058 176.067 17.4136 72.734 207.14 174.099 142.92 70.4852 35.7004 27.5311 31.1794 47.3754 43.1326 30.0569 7.84412 13.0757 6.88197 15.1368 17.5584 25.3586 22.2128 11.7726 103.333 102.136
internal_count=30568 30283 27550 1858 935 2733 712 25692 442 5481 2021 1806 1170 847 549 549 636 3155 3021 2222 524 799 432 923 537 2326 1698 827 20211 20124
is_linear=0
shrinkage=0.05


Tree=166
num_leaves=15
num_cat=0
split_feature=20 20 3 6 12 7 10 21 2 1 9 3 9 21
split_gain=3.74525 2.49099 2.034 1.92804 3.14457 2.3395 2.29831 4.23647 3.91248 0.89712 0.62796 0.595041 0.575931 0.385091
threshold=32.836670301168105 3.4967253736869552 10.405171446727502 -0.038248842752062633 -107.7347138599 -0.087788681761815632 1.5000000000000002 0.50468699732245115 5.7675799121427298 1190.7517248128854 0.40021298435891067 32.398309160047553 0.17625547962054314 1.5454880986831152
decision_type=8 10 2 2 2 2 2 8 2 2 2 2 2 8
left_child=1 -1 -3 6 5 -5 7 -4 10 -6 -8 12 -9 -13
right_child=-2 2 3 4 9 -7 8 11 -10 -11 -12 13 -14 -15
leaf_value=-0.027922704897861514 -0.033346212662254827 -0.024617667186500842 -0.020255754333171342 0.058387229639706974 -0.033012137654123357 -0.019212719262236215 -0.030712188915551237 0.11032427091217789 0.064189636418897009 0.017130903062942984 0.011571309613951957 -0.011229089738174599 0.024730823291778139 0.029124149116238254
leaf_weight=2.0244752277067226 4.003562123514711 1.3217511154944102 0.79408761933155514 2.1601607489719767 2.9712689127918495 0.82701819158683465 2.2436983438819911 1.7108306815353005 1.1027292309299808 0.47565624676644802 0.60708429836085998 0.35560379501839834 0.99104511461337097 0.29452882167242833
leaf_count=879 5592 466 217 671 1263 257 737 396 271 202 200 241 230 200
internal_value=-0.000265662 0.0153804 0.022238 0.0278097 0.00586356 0.0374729 0.042683 0.064991 0.0108909 -0.0237964 -0.0210412 0.0851998 0.0940903 0.0136231
internal_weight=21.8835 17.8799 15.8555 14.5337 6.4341 2.98718 8.09961 4.1461 3.95351 3.44693 2.85078 3.35201 2.70188 0.650133
internal_count=30568 7763 5585 4499 2393 928 2106 1134 972 1465 937 1067 626 441
is_linear=0
shrinkage=0.05


Tree=167
num_leaves=17
num_cat=0
split_feature=20 0 15 20 21 4 6 20 21 8 0 8 15 9 13 11
split_gain=11.3703 7.47979 2.91871 2.85116 2.53031 3.66018 2.51003 2.49567 2.9368 2.74808 2.35855 3.95217 2.18245 2.11352 1.93031 0.493683
threshold=2.6549014716484653 179.31470959597854 1.5384641434633003e-08 4.3762599157402358 0.012056408467791503 -4.3794635446220243 -0.23263460114014831 0.5678624348821576 0.023054952780793454 0.36607553184061464 107.8889923222555 0.17736202774738799 2.3263215420469706e-09 0.27098813113110082 21.135872010956557 -95.958556561711092
decision_type=8 2 2 8 8 2 2 10 8 2 2 2 2 2 2 2
left_child=4 2 6 -3 13 -6 -2 14 -9 12 -8 -12 -10 -1 -7 -16
right_child=1 3 -4 -5 5 7 10 8 9 -11 11 -13 -14 -15 15 -17
leaf_value=-0.020004820932508369 -0.020829218673077438 -0.0059917662155944745 -0.026411267862928852 -0.04008000166892977 0.03986548740361881 0.0143262652447533 -0.0038712688762163276 0.031481233115807881 -0.021705379406338925 0.026908299821269927 -0.0025599692219954273 0.098313173294265588 0.0090100863194183135 0.010708510908091178 -0.034778035067682421 -0.0063848758359710683
leaf_weight=10.42454651591834 0.9892704822705144 8.5992675343877636 1.6822935866657642 24.46939895657124 11.034238723106681 4.0338176348013794 1.4067343072965739 15.33559368411079 9.4360165782272922 8.8403098727576417 1.3322376887081202 2.1485644249478355 12.090753441909326 10.091284549329428 4.2888625793857518 2.9114211621927089
leaf_count=215 202 7033 342 20013 254 225 256 264 222 201 257 415 285 209 297 202
internal_value=9.20712e-05 -0.0215325 0.0212616 -0.0316517 0.0100983 0.0146937 0.0367646 0.00921155 0.0143564 0.00498029 0.0499798 0.0677501 -0.00481955 -0.00510205 -0.0111814 -0.025476
internal_weight=129.115 40.6278 7.5591 33.0687 88.4868 67.971 5.87681 56.9368 45.7027 30.3671 4.88754 3.4808 21.5268 20.5158 11.2341 7.20028
internal_count=30568 28581 1535 27046 1987 1563 1201 1416 788 690 891 672 507 424 628 499
is_linear=0
shrinkage=0.05


Tree=168
num_leaves=31
num_cat=0
split_feature=13 20 11 21 21 2 0 2 20 3 20 5 0 2 1 7 13 1 13 21 11 11 13 21 2 11 1 9 7 5
split_gain=21.3562 22.7227 8.43541 7.23827 7.20206 6.50401 6.24963 5.77463 5.69659 5.53599 5.4309 5.23445 5.1064 5.06507 6.20074 4.95459 4.89931 4.71454 4.67989 4.675 6.95616 4.29506 3.70388 4.07108 3.8127 3.47393 3.32333 5.28594 3.96508 3.23674
threshold=-1.0000000180025095e-35 28.912001791634253 -107.11822228035598 0.20662457464586353 0.76851982376916916 5.6535275194985593 129.69853148782951 5.8686132747640505 3.4967253736869552 26.383277618050403 14.253157941447553 -20.946841840185577 95.187000333281119 5.0062552669599407 306.48608039216259 0.34748155296172872 22.263788537167056 4.0342158382659354 19.642500619967404 1.8277542308877452 -108.36711892171749 -109.03623124290998 13.107349162893671 1.2237209057566252 5.5782502208334703 -111.04685159220149 61.703471424878508 0.069872231399889642 -0.16127023021378981 -17.375310790898347
decision_type=2 8 2 8 8 2 2 2 10 2 10 2 2 2 2 2 2 2 2 8 2 2 2 8 2 2 2 2 2 2
left_child=-1 4 5 -4 8 19 12 -7 21 11 -10 -6 -5 14 -11 16 -13 -8 -15 20 22 -2 -3 24 -24 -25 28 -28 -21 -23
right_child=1 2 3 6 9 7 17 -9 10 13 -12 15 -14 18 -16 -17 -18 -19 -20 26 -22 29 23 25 -26 -27 27 -29 -30 -31
leaf_value=-0.044925158567817924 0.0023841708214385267 -0.037762149444573317 -0.012173045881375544 0.01964028464036139 -0.012867054818463432 0.029916526043043758 -0.010358417910321773 -0.021594580922107066 -0.036515091219247869 -0.048849590443798663 -0.0007749539791264198 0.0061594717008848707 -0.038852643528510922 -0.024233222010301481 -0.0019887957096495347 -0.011916317084655507 0.032389740189362741 0.027743987194991462 0.0061858753134579024 -0.029038795976418404 -0.055610723813106 -9.0145730044304074e-05 0.024103446762791185 -0.002485768052630725 -0.022153017797931159 -0.048819393965833041 -0.020955365195426082 0.01784558175856962 0.0052540049741168918 -0.015573621640551814
leaf_weight=25.225698627531528 75.26321018114686 6.490472722798585 16.386721116025001 6.5454639662057152 20.655205492861569 32.021183707285672 8.1689211120828968 5.7637784224934876 35.074889772571623 12.865799103863541 15.131608279421924 34.562386605888605 6.4926076866686344 14.952950546517966 14.561677912250159 13.929056321270762 37.017919673584402 127.77545708417892 59.95792652387172 12.059617001097648 7.1058239573612809 44.711131504736841 18.577000158838931 13.293076179921629 4.9137473651207983 4.8898254935629666 9.529099768958984 55.310376770794392 23.097821536008269 136.86376831121743
leaf_count=858 379 243 1425 287 534 2160 811 389 467 205 202 877 285 361 231 347 940 12681 1450 318 281 217 761 562 201 207 486 2819 610 665
internal_value=0.000187161 0.000866095 0.0105192 0.0187728 -0.00585235 0.00338886 0.022235 0.0217048 -0.0107099 0.00131787 -0.025969 0.0092745 -0.0101804 -0.00694612 -0.0249156 0.0147098 0.0199839 0.0253955 -0.000125321 -0.00117877 -0.0127213 -0.00763787 -0.00539128 0.000417092 0.0139181 -0.0168414 0.00526377 0.0119116 -0.00698682 -0.0117823
internal_weight=899.194 873.969 358.421 165.369 515.548 193.052 148.982 37.785 307.045 208.503 50.2065 106.165 13.0381 102.338 27.4275 85.5094 71.5803 135.944 74.9109 155.267 55.2699 256.838 48.1641 41.6736 23.4907 18.1829 99.9969 64.8395 35.1574 181.575
internal_count=30568 30303 23346 14376 6957 8970 14064 2549 1963 4994 669 2747 572 2247 436 2133 1817 13492 1811 6421 2188 1294 1803 1731 962 769 4233 3305 928 882
is_linear=0
shrinkage=0.05


Tree=169
num_leaves=31
num_cat=0
split_feature=1 4 11 0 0 6 6 21 1 15 15 9 21 3 5 5 20 5 20 9 9 15 15 3 1 8 5 6 7 9
split_gain=3.24164 3.56502 8.92192 7.03619 6.14229 5.2734 7.30262 4.46222 8.80606 6.14308 6.06638 5.25711 6.18918 7.41681 5.59574 5.22311 4.72885 4.11439 4.50302 5.43431 8.64173 7.67354 5.37561 4.19127 3.83529 3.80039 6.43713 3.63712 3.56103 3.54141
threshold=1136.1833025708454 29.648616707131854 -73.073572644552939 665.71619822367165 583.47136757287819 -0.3804964075429797 -0.36864478272121065 0.6973271657053467 300.0154973696321 1.7168531303559955e-08 5.7741062972397058e-09 0.069872231399889642 3.1207683019985653 39.314991504866008 40.109599695839407 7.8084145184889531 29.783988796280955 -20.946841840185577 59.455249826105906 0.28900654519352115 0.13224993177421676 8.2788388604775181e-10 1.0000000180025095e-35 52.026497400078803 645.80607780058358 0.15449890293247773 -40.493296697251843 0.014463420675312479 -0.1971654297411973 0.22709164351080705
decision_type=2 2 2 2 2 2 2 8 2 2 2 2 10 2 2 2 10 2 8 2 2 2 2 2 2 2 2 2 2 2
left_child=1 2 17 4 5 -3 -7 9 11 10 24 14 15 -14 16 29 -9 18 19 20 -1 28 -21 -19 -8 26 -20 -25 -22 -13
right_child=-2 3 -4 -5 -6 6 7 8 -10 -11 -12 12 13 -15 -16 -17 -18 23 25 22 21 -23 -24 27 -26 -27 -28 -29 -30 -31
leaf_value=-0.0061975914442551801 -0.022323131989958306 -0.017573240132856202 0.09189274230279959 0.078640210138674921 -0.027922208214253105 0.1000758270698191 0.0060617078752892737 0.015086042174090706 -0.016327184970736704 0.08601246234240989 -0.033368708670330101 -0.019971358423384638 0.09195102015769524 0.013128942066035357 2.5692400165684759e-05 -0.010991634052192417 0.13825316004583843 -0.024621829306078973 0.051080401533810993 0.026756920663841006 0.05473264733183289 0.10512518580927768 -0.036918835825700436 -0.017378371174638762 0.062576592881559312 -0.028103295353373411 -0.032602433744407015 0.056682042520951825 -0.018962704638181869 0.074689669910917966
leaf_weight=6.8715104422299307 8.5239143944345397 10.432262048590927 1.5448880487820131 3.0360323975328356 8.3535020450362918 1.7196045817108814 5.9945891671814051 1.4757933836663155 21.302181044127792 3.8974162505473942 3.3389809966320172 0.90372137632221372 3.767619227641263 9.1013168169883993 2.1977151008322835 20.244510788121261 1.7197585502872241 26.77661009517033 4.1913693209644416 5.2947430019266895 1.9667489404091707 4.6264911929611117 6.0576749587198719 2.5278574967524046 5.5338746254565194 12.244124258868395 3.2189008722780317 2.4141349054407328 2.8533579864306278 2.3352515244623646
leaf_count=678 1340 1442 283 435 1205 235 529 309 3355 281 274 210 282 681 346 3496 361 6097 764 569 217 430 650 214 489 2761 587 204 316 544
internal_value=-0.000278114 0.00765245 -0.000276252 0.0136629 0.0109924 0.0147095 0.0189015 0.0160074 0.0093352 0.0368188 0.0193151 0.0225059 0.0146867 0.0411717 0.0646692 -0.00091584 0.0985246 -0.0032032 0.00611079 0.0188304 0.0364941 0.065169 -0.00745872 -0.0168619 0.0360193 -0.0118412 0.0151756 0.0222504 0.0153447 0.0497972
internal_weight=194.466 185.943 80.5884 105.354 102.318 93.9646 83.5323 81.8127 63.0479 18.7649 14.8674 41.7457 36.3524 12.8689 5.39327 23.4835 3.19555 79.0435 47.3249 27.6705 16.3181 9.4466 11.3524 31.7186 11.5285 19.6544 7.41027 4.94199 4.82011 3.23897
internal_count=30568 29855 14744 15111 14757 12987 11435 11282 9929 1353 1220 5866 5018 963 848 4055 670 14482 7260 2828 1609 878 1219 7222 1018 4432 1351 418 533 754
is_linear=0
shrinkage=0.05


Tree=170
num_leaves=31
num_cat=0
split_feature=4 1 20 20 1 21 11 5 0 5 13 13 19 5 16 16 8 9 3 1 8 4 0 20 20 21 4 20 15 9
split_gain=3.62308 3.63355 5.49645 4.58174 4.18297 4.14755 4.87384 4.04429 5.43692 4.90486 5.78572 5.34375 6.73328 6.366 3.86344 4.79102 3.85792 4.5001 5.64179 4.88424 5.45695 3.34212 3.6443 4.56567 3.94564 5.97297 7.1298 3.33306 3.99443 3.28081
threshold=88.614436198824066 7.3673002632836306 1.9788344174564303 28.476444016397604 993.70085261680754 1.4438128200488503 -125.14559643286049 21.270579280372402 347.89738755899958 53.329388010298203 13.67999334030659 59.970896225415707 3.5000000000000004 33.490511624940702 7.2031665632208046 1.4559914587668714 0.0041638462930174433 0.17792490788111073 34.754590528373861 120.76112627145751 0.14319765588399938 55.02092949717521 454.01536339072157 18.275665644213454 3.9250354428408305 0.82080233039348915 39.240184508793611 22.119732930155056 2.1083838822855752e-10 0.25698933207409885
decision_type=2 2 10 10 2 10 2 2 2 2 2 2 2 2 2 2 2 2 2 2 2 2 2 10 10 10 2 8 2 2
left_child=1 -1 4 14 5 6 -3 16 -9 10 -10 -12 -13 -14 15 21 -5 -18 -19 -20 -21 22 27 24 -24 -26 -27 28 -4 -23
right_child=-2 2 3 7 -6 -7 -8 8 9 -11 11 12 13 -15 -16 -17 17 18 19 20 -22 29 23 -25 25 26 -28 -29 -30 -31
leaf_value=0.02797604758188027 0.053849989103326792 0.020483181445978885 -0.024146702506141163 0.06144634941280655 0.015580796246816922 0.03210686652258276 -0.038055210677842635 -0.02387542775140904 0.086050441717823334 -0.023962064856671864 -0.015279035677086189 -0.00023005897432295318 0.13305375116000659 0.0080142217317810405 -0.031766188795257909 0.065449625932159403 -0.033948984112275024 -0.024230685444299262 -0.024114482458900497 -0.018828027878000652 0.055265998033280334 0.013142608079217992 0.012405808136698494 -0.0059060984506891338 0.1010715907609975 -0.030514298510268534 0.082717824884272956 0.039691816667563301 0.019490644453218547 -0.035394408706818897
leaf_weight=14.91610157350078 2.9109264086000621 3.5599997499957707 9.1394483080366733 0.82343614264391263 8.3008197322487813 2.2414485746994615 21.722844890900891 6.4958537461934638 3.5127968400484013 3.4205637086415663 6.0803579095518225 4.4840845996513972 1.8061997209442793 1.8113865844206882 2.9187718174653128 4.4434286454925314 15.373792363214305 12.75165523332544 3.9238024204969415 2.8505514238495389 8.0608704452170041 7.7482249940512693 5.0172731087077453 4.2745734717464074 5.0843558193882918 2.593844010960312 1.3155610949033871 5.5234251280780837 9.8680128034902719 4.8327300220262259
leaf_count=2457 474 1040 675 236 1869 625 6345 949 491 416 1011 747 370 371 232 347 4449 3740 593 412 1165 536 344 375 435 395 201 411 728 335
internal_value=0.000210359 0.00512048 0.00296296 0.00761304 -0.0141841 -0.0233922 -0.0293469 -0.00107214 0.0136275 0.0257226 0.0360951 0.0188686 0.0433596 0.0857388 0.0173552 0.0202338 -0.0104394 -0.0131836 -0.000828605 0.0195466 0.0359537 0.0155109 0.0220521 0.0383875 0.0513941 0.0697265 0.0166771 0.00884877 -0.00164987 -0.00673528
internal_weight=187.807 184.896 169.98 134.155 35.8251 27.5243 25.2828 71.3954 27.6112 21.1154 17.6948 14.182 8.10167 3.61759 62.7596 59.8409 43.7841 42.9607 27.5869 14.8352 10.9114 55.3974 42.8165 18.2856 14.011 8.99376 3.90941 24.5309 19.0075 12.581
internal_count=30568 30451 29609 21542 8067 7673 7385 16560 4032 2567 2472 2359 1349 741 4982 4673 12528 12433 8092 2241 1577 4303 3432 1605 961 769 596 1827 1403 871
is_linear=0
shrinkage=0.05


Tree=171
num_leaves=31
num_cat=0
split_feature=16 21 19 13 12 12 4 12 13 21 13 4 5 20 20 13 20 2 1 12 21 11 9 7 16 21 8 3 9 1
split_gain=32.075 38.7166 14.5298 11.9987 7.96489 6.14227 6.85006 5.61171 5.75403 6.0095 4.48869 7.25168 5.44471 4.09098 9.75646 3.98462 3.93719 3.80059 3.45426 3.19771 2.7084 2.22602 1.91205 1.54099 1.48063 1.35835 1.14433 1.04224 0.777735 0.769967
threshold=30.881699610339378 1.1545593517353503 2.5000000000000004 23.995424848628939 -109.51224553260265 -109.01197656326347 61.436450451058107 -85.097282886785294 16.46459604968376 1.8277542308877452 35.745680635073541 57.574330435046811 -2.27192486736485 3.4967253736869552 12.377375456216702 19.556921801623613 0.97664109531747711 5.4665696708596831 297.13972292689658 -96.812189744743151 1.0948092231808102 -101.91220453176898 0.47449869194191946 -0.039993897219605952 7.6335252789246288 1.9514686527358853 0.011253446977034011 34.991635315002156 0.0036977990979862878 1.0149191075379551
decision_type=2 8 2 2 2 2 2 2 2 10 2 2 2 10 10 2 10 2 2 2 8 2 2 2 2 10 2 2 2 2
left_child=1 2 5 4 -3 6 13 8 -6 18 12 17 16 -1 -15 -14 -7 19 23 -12 22 -20 -4 -10 -11 -9 27 -5 -28 -30
right_child=-2 3 20 26 7 10 -8 25 9 24 11 -13 15 14 -16 -17 -18 -19 21 -21 -22 -23 -24 -25 -26 -27 28 -29 29 -31
leaf_value=-0.036817763656896339 0.044871845073271022 -0.036376122262665643 -0.035379488805231354 -0.024999860226282714 0.036360641085510091 0.015213937337742414 0.01122363892145182 -0.043724712951261832 -0.038392475673538484 -0.038667733042748988 -0.031058335761263513 0.031230861641681019 0.017625046522385137 0.058983361224964163 -0.036034900762992837 -0.0065485690672414847 0.040288149177431135 0.01556244009267811 0.043109622122104313 -0.003310183465768177 0.01927824845541215 0.0043500331270849837 0.014922745648630857 0.00780836596098285 0.0060740349399577486 -0.0087930456476432682 0.0016272176976137574 0.022673734521407994 0.00099237153431201252 -0.039583179826329203
leaf_weight=18.852342437254272 30.19615313410759 21.137978566344827 27.089470467763029 1.4788716242183004 11.520377101609482 35.760692281648517 25.330136036267504 6.5210880185477427 2.9343647111672917 9.4495883595664036 15.941488972632209 14.994176523294298 36.792143307859078 3.582291040569543 5.5885764618869871 30.311976097291335 29.955026189330965 13.540102195460348 7.2227638380136376 27.533675145823512 2.1318798623979083 7.1955297770909921 1.4919731251429764 2.8139522557612624 1.9454761180095372 5.4029809786006808 1.1085262680426229 1.148845595307648 1.1351045435294498 92.314782311208546
leaf_count=546 1874 1223 3656 257 643 280 499 242 222 1050 267 254 247 200 313 203 235 252 219 461 292 218 201 212 216 200 211 200 217 17615
internal_value=-0.000327046 -0.00751269 0.00370421 -0.0261223 -0.0110509 0.00760106 -0.00740596 -0.00084311 0.00766615 -0.00360268 0.011527 0.00144043 0.0169439 -0.0240517 0.00323082 0.00676963 0.027076 -0.00679729 0.0127022 -0.0139544 -0.0282603 0.0253031 -0.032338 -0.0179703 -0.0311552 -0.0298017 -0.0376977 -0.00365218 -0.0385957 -0.039085
internal_weight=492.422 462.226 288.896 173.33 76.1441 258.183 53.3533 55.0061 43.0821 31.5617 204.829 72.0094 132.82 28.0232 9.17087 67.1041 65.7157 57.0153 20.1666 43.4752 30.7133 14.4183 28.5814 5.74832 11.3951 11.9241 97.1861 2.62772 94.5584 93.4499
internal_count=30568 30283 7442 22841 4406 3236 1052 2846 2404 2137 2184 1219 965 811 513 450 515 1062 871 728 4206 437 3857 434 1266 442 18435 457 17978 17832
is_linear=0
shrinkage=0.05


Tree=172
num_leaves=15
num_cat=0
split_feature=20 20 3 8 8 1 9 6 7 5 20 1 7 15
split_gain=3.48863 2.34345 1.91414 1.85196 1.95588 1.75667 1.61854 1.53599 2.12332 0.831601 2.89701 0.999732 0.12921 0.039961
threshold=32.836670301168105 3.4967253736869552 10.405171446727502 0.45705963558168389 0.040659871405630106 59.994443264569256 0.43501449683688082 0.23199754014320731 -0.20529980568541892 -0.7971789281889502 10.465543835848552 809.2176251833597 -0.1152177917049224 3.1763735522036267e-22
decision_type=8 10 2 2 2 2 2 2 2 2 10 2 2 2
left_child=1 -1 -3 4 -4 -6 7 9 -9 11 -11 12 -7 -14
right_child=-2 2 3 -5 5 6 -8 8 -10 10 -12 -13 13 -15
leaf_value=-0.027669490183743331 -0.033010341661467227 -0.024392224180388854 -0.021643142267768336 -0.022620854407822973 -0.01846884222398534 0.023795064863841864 -0.0063012777067781084 0.043913334327856386 -0.025727503535258458 0.054165465515640554 -0.024213401392623193 0.015254697389749156 0.10783707461756585 0.033310194427371174
leaf_weight=1.9700864731930838 3.8097680386999846 1.293901691315116 0.93755353671440467 1.0441582802304763 0.77736232525785531 0.9982383250026049 1.3236263174039775 1.0699709937471211 1.3769480272603685 1.8816466136922778 1.2364460939570561 1.2572392828442387 1.4308274823706668 1.3113173074234508
leaf_count=854 5362 453 284 321 228 231 346 315 405 640 420 240 274 251
internal_value=-0.000253756 0.0147551 0.0213226 0.0266624 0.031736 0.0369827 0.0417611 0.0478079 0.00862985 0.0573778 0.0247527 0.0702121 0.0815698 0.0906228
internal_weight=21.7191 17.9093 15.9392 14.6453 13.6012 12.6636 11.8863 10.5626 2.44692 8.11572 3.11809 4.99762 3.74038 2.74214
internal_count=30568 7763 5585 4499 4114 3709 3111 2735 720 2015 1060 955 865 525
is_linear=0
shrinkage=0.05


Tree=173
num_leaves=19
num_cat=0
split_feature=20 2 5 20 21 21 4 7 2 10 13 4 9 19 7 12 9 2
split_gain=10.3048 7.1912 3.39409 3.46998 2.57256 2.28913 3.22423 2.41552 3.13583 4.012 2.72675 3.69358 1.97564 1.59167 1.29817 0.975394 0.672363 0.452572
threshold=2.6549014716484653 4.3833131844255773 -4.5518163066135982 54.285083078014104 0.040355889517861107 0.012056408467791503 -4.3794635446220243 0.035678646320994829 5.2649958262481169 2.5000000000000004 21.39957277292255 17.216500762918603 0.27098813113110082 3.5000000000000004 0.48108562761854495 -81.74726855953169 0.12989535469558791 5.4800066342909775
decision_type=8 2 2 10 8 8 2 2 2 2 2 2 2 2 2 2 2 2
left_child=5 2 3 -2 -3 12 -7 8 -8 -10 -9 -12 -1 -4 15 -6 -17 -16
right_child=1 4 13 -5 14 6 7 10 9 -11 11 -13 -14 -15 17 16 -18 -19
leaf_value=-0.01964792981319291 0.091165485004757463 -0.0011567649351616497 -0.029346476567962122 -0.003856343277149385 -0.040254797101463624 0.037002945559990862 -0.0047456506488098536 0.019184081355680102 0.0028711272327871726 0.044794925177695198 0.014645553889735919 -0.032618549617755566 0.010068054924718628 0.02724333401575579 -0.010935513510760848 0.032335235996249108 -0.016703494853130496 0.034377742752699302
leaf_weight=10.285029513528574 1.5649390572798461 6.2910706226830371 2.3068912754533821 1.4115310481865888 25.381350371870219 11.363872859627007 10.961250287597066 7.7498270036885542 10.025653137126939 12.708289818139747 5.8875851921038729 9.9749278648523596 10.19980159960687 1.0494552387390284 0.35399354679975759 0.23787724174326474 0.66592877294169739 0.20466275548096746
leaf_count=213 274 5201 459 248 25845 259 238 224 200 253 200 339 211 209 345 200 558 200
internal_value=0.000102609 -0.0209619 0.0250003 0.0564657 -0.0302214 0.00940845 0.0137387 0.00857004 0.0169751 0.0272065 -0.00362649 -0.0152477 -0.00507182 -0.00946013 -0.0367467 -0.0384742 0.00640833 0.0170705
internal_weight=128.624 39.4677 6.33282 2.97647 33.1349 89.1562 68.6714 57.3075 33.6952 22.7339 23.6123 15.8625 20.4848 3.35635 26.8438 26.2852 0.903806 0.558656
internal_count=30568 28581 1190 522 27391 1987 1563 1416 732 453 684 539 424 668 27310 26765 758 545
is_linear=0
shrinkage=0.05


Tree=174
num_leaves=31
num_cat=0
split_feature=13 20 19 12 1 1 3 20 1 15 1 21 17 5 16 1 7 1 11 15 3 7 8 9 7 4 3 11 2 13
split_gain=19.4575 20.0065 10.5524 9.58299 7.3798 5.9523 5.17819 5.08831 4.91478 4.80367 4.66502 5.89365 4.18496 4.03976 3.87729 3.6846 3.67176 3.47176 3.43076 3.237 3.23245 3.88534 3.17681 3.5438 3.08278 4.00262 3.00338 4.00314 2.91598 2.89486
threshold=1.0000000180025095e-35 39.820579571058055 2.5000000000000004 -116.97685468958069 36.793730881094852 124.69187192076402 49.226449185745906 1.1122275723568953 969.28967126211012 5.0705804012632856e-08 414.30359197127706 0.58427687026696018 0.11238654763139126 6.1358205779467498 1.0000000180025095e-35 1062.5505297263701 -0.2973160963457086 739.09065577657464 -109.03623124290998 9.3956010728181292e-09 26.042438297962054 -0.028789925885591275 0.17311315426184962 0.21985986911552849 -0.11137666487453578 -6.9835618953800447 44.105978637794713 -126.55295763679349 5.3282520170644228 25.486598583055223
decision_type=2 8 2 2 2 2 2 10 2 2 2 8 2 2 2 2 2 2 2 2 2 2 2 2 2 2 2 2 2 2
left_child=-1 2 5 26 12 -2 19 18 9 -6 -9 -12 13 -5 -8 17 -10 -13 -7 24 21 -15 -21 -24 25 -4 -3 -28 -18 -27
right_child=1 3 6 4 8 7 14 10 16 -11 11 15 -14 20 -16 -17 28 -19 -20 22 -22 -23 23 -25 -26 29 27 -29 -30 -31
leaf_value=-0.044488920305609608 0.012015451042362901 -0.024945184262875626 -0.038436151360752402 0.021961968193270842 0.025733346878897136 0.0091823994527561684 0.0040063552802096416 -0.030770298698863358 -0.02307224727890372 -0.019300904336101571 -0.021516090484538297 0.0059482186145280412 -0.032140449255082582 0.0068025584771104347 -0.031359423957520297 0.014655525345092946 0.029186692160744421 -0.018795400339460509 -0.0079776056399768203 -0.025859685582821992 0.0094550042163135881 -0.052721556674227288 -0.013323158025048474 0.032447333474208473 0.023086884117174005 -0.011628494906892047 -0.013477662563007734 0.011799658613631322 -0.0057516847319332648 0.019781142228600567
leaf_weight=23.4801065758802 30.33598009031266 13.618607067968695 3.8345885449089101 18.002287251409143 148.88296851376072 35.586070077493787 17.179842555895455 42.341999313794076 9.0500739086419362 5.4720755275338888 80.737406990490854 22.934725245460868 8.2133795269764942 4.300935240462425 12.830673984251915 21.946651760488749 11.80035349633545 34.562436998821795 143.55258176662028 9.477034972980622 10.370559816248713 5.6818386386148649 7.7537259543314567 7.3368808319792151 54.772527364548296 9.8208225304260832 27.792167246341705 33.350036440417171 10.674969127401708 22.806226659566164
leaf_count=808 203 234 206 1003 16300 203 303 313 209 599 597 231 419 200 226 227 296 348 820 249 467 264 215 203 3052 534 397 477 267 1240
internal_value=0.000173069 0.000713496 -0.00492805 0.0109398 0.0159313 -0.00901405 0.00659984 -0.0107126 0.0203694 0.0240229 -0.0161262 -0.0120884 -0.00183949 0.00530088 -0.0116376 -0.00235874 0.00229271 -0.00899259 -0.0045367 0.0113853 -0.00977404 -0.0287921 -0.00457807 0.00956349 0.015687 0.00425132 -0.00458543 0.000277872 0.0130541 0.0102621
internal_weight=888.501 865.02 557.81 307.21 232.449 411.998 145.812 381.662 185.88 154.355 202.523 160.181 46.569 38.3556 30.0105 79.4438 31.5254 57.4972 179.139 115.802 20.3533 9.98277 24.5676 15.0906 91.2342 36.4616 74.7608 61.1422 22.4753 32.627
internal_count=30568 30303 9020 21283 20000 2762 6258 2521 17626 16899 1498 1185 2374 2136 529 823 727 579 1023 5729 916 464 645 418 5084 1961 1283 874 563 1774
is_linear=0
shrinkage=0.05


Tree=175
num_leaves=31
num_cat=0
split_feature=1 4 11 2 9 20 0 4 21 8 1 9 19 2 5 20 8 9 20 3 10 7 7 8 20 4 8 5 17 13
split_gain=3.06638 3.19957 7.96454 6.50704 4.96296 4.00674 4.21382 6.50131 6.82244 5.38597 4.05395 4.65363 4.48256 3.9694 3.82936 4.02748 5.0896 6.00756 4.24393 3.93184 3.72093 3.68373 4.82862 4.66903 4.8336 3.66108 3.60862 5.86733 3.45796 4.9865
threshold=1136.1833025708454 29.648616707131854 -73.073572644552939 5.8686132747640505 0.46426092124955881 147.15852820929751 443.21219428876805 33.859535618927509 1.9122024908450852 0.47311705311372571 101.97936721674651 0.29269383129665277 3.5000000000000004 5.1543140419406539 -20.946841840185577 59.455249826105906 0.29890276959528511 0.22709164351080705 6.749388424833306 52.026497400078803 3.5000000000000004 0.15781890850783678 0.035678646320994829 0.32350282638463185 18.275665644213454 2.8103812133244404 0.15449890293247773 -40.493296697251843 1.8185766183079997 17.910922759681416
decision_type=2 2 2 2 2 10 2 2 8 2 2 2 2 2 2 8 2 2 8 2 2 2 2 2 8 2 2 2 2 2
left_child=1 2 14 4 5 6 7 8 -3 28 11 20 21 -13 15 16 25 18 -18 -16 -9 22 23 24 -12 -1 27 -17 -8 -30
right_child=-2 3 -4 -5 -6 -7 9 10 -10 -11 12 13 -14 -15 19 26 17 -19 -20 -21 -22 -23 -24 -25 -26 -27 -28 -29 29 -31
leaf_value=-0.012478930248500645 -0.0218331399902368 0.115137922424215 0.084754595659051746 0.093202662031223876 -0.026165010665438096 -0.022558924576302583 -0.011166198773182175 0.030470678273206105 -0.0063641104660265655 0.072657231486602802 0.06010972330226462 0.017664921309459104 -0.017332959099739424 0.099943520393839413 -0.024012431618647318 0.047897604972627746 0.011668878687731579 0.0017532136098812577 0.098484794485672697 0.021239424088589812 -0.030956650182532849 -0.0085896549990343175 0.074643808012103255 -0.025082480381205519 -0.0067251125221529859 0.041305588186604292 -0.027525059312547125 -0.032219427508108751 0.064791351955552509 -0.017748222596985785
leaf_weight=13.214328569360086 8.3042846641037595 2.731504623137881 1.6857113805017432 1.5083669694140551 7.2892597286263481 6.0328986155800521 25.429774217307571 9.4651162111549656 1.5284226349322114 1.5323461311054414 5.6352751714875993 2.9576670337119149 10.449490257073192 3.4453701583552174 25.865483246627267 4.3652577896136799 2.4015384027734408 5.4791550179943442 3.868880567373707 5.0300165985827334 2.3449291886063293 7.4245714780408889 3.9942635963088833 4.1220478226314299 4.2582463189028195 3.070072730188258 11.764699079445561 3.075421209330675 3.0379983767634267 2.722219749353826
leaf_count=1381 1308 381 311 215 1047 868 4598 847 213 279 558 279 1340 324 6046 793 201 525 325 1176 210 808 413 437 421 321 2715 558 291 261
internal_value=-0.000266774 0.00765253 7.69651e-05 0.0133078 0.0112802 0.0143289 0.0169907 0.0249349 0.0786221 0.00250391 0.019357 0.0379704 0.00913628 0.0694577 -0.00279783 0.00612831 0.0179548 0.0416141 0.0714131 -0.0162102 0.0168096 0.0202552 0.0319729 0.015651 0.0333668 -0.000535909 -0.011169 0.0148892 -0.00309275 0.0289287
internal_weight=194.035 185.73 79.8206 105.91 104.401 97.1121 91.0792 58.3569 4.25993 32.7223 54.097 18.2131 35.8839 6.40304 78.1349 47.2394 28.034 11.7496 6.27042 30.8955 11.81 25.4344 18.0098 14.0156 9.89352 16.2844 19.2054 7.44068 31.19 5.76022
internal_count=30568 29855 14744 15111 14997 13971 12822 6857 594 5965 6263 1660 4603 603 14482 7260 2828 1126 526 7222 1057 2769 1863 1487 979 1702 4432 1351 5639 552
is_linear=0
shrinkage=0.05


Tree=176
num_leaves=31
num_cat=0
split_feature=12 21 1 6 6 6 13 20 3 21 20 2 3 13 2 20 9 1 11 8 1 6 21 21 21 5 6 9 3 9
split_gain=3.33673 4.20097 4.12095 3.75882 5.26703 3.53043 4.4126 3.42358 4.36512 3.41106 6.10107 8.20636 5.88456 4.73629 5.87551 4.83554 4.01342 5.16993 3.23889 2.84675 7.26471 2.70758 2.52794 2.80213 5.55988 4.40832 4.88926 4.22605 4.4615 3.98546
threshold=-109.93124938226798 3.7252410563412002 3.0741393647482753 0.34789095023790134 0.17845825553925024 0.16342394897881721 21.84451825993872 70.273120258160176 6.7481473627673365 1.3850245703844453 24.008749171269205 5.0062552669599407 9.6066179748763663 23.739593149396828 5.4800066342909775 10.465543835848552 0.3311450048902716 350.49452701445404 -99.16062215573713 0.3782017960127792 598.2962556315166 0.42952889760308138 0.20662457464586353 1.8148218044357003 1.7001194179105952 46.661604967020658 0.36203611341174363 0.18183136949347792 33.741999791553702 0.20642115574671396
decision_type=2 8 2 2 2 2 2 10 2 10 10 2 2 2 2 10 2 2 2 2 2 2 8 10 10 2 2 2 2 2
left_child=22 3 -3 4 5 6 -2 8 -8 12 18 -12 -10 -14 -15 -16 -13 -18 -11 20 -5 -21 -1 24 25 26 27 -24 -29 -25
right_child=1 2 -4 19 -6 -7 7 -9 9 10 11 16 13 14 15 -17 17 -19 -20 21 -22 -23 23 29 -26 -27 -28 28 -30 -31
leaf_value=-0.014040133697420557 -0.023627062870803267 0.035221325081452669 -0.038143237078250555 -0.020833962886105749 -0.030853487857215395 0.067235086038590769 -0.02608791601981816 -0.022133805643499673 0.076400844691684885 0.032904641732756215 0.14656648328860977 -0.015534267488801122 0.059815249236083612 -0.028471092153842577 0.064694404083265628 -0.017159184225395932 -0.018443336495728668 0.11569265696978548 -0.030738090788761292 -0.015373862278436724 0.127685416470846 0.032924563259363576 -0.0074713443994676512 0.020660870235433535 0.073701810544032006 0.051727185047906854 -0.034987462647266869 -0.0039178338805976138 0.045265298233431568 -0.0097071233469566958
leaf_weight=7.3896513397339731 11.531947833835146 1.4806430106982595 10.497278641094452 0.98974615079350936 11.293008147273211 1.206750376150012 4.6196732169482848 6.2058052096981555 1.8528694896958793 3.5521333094220617 1.5872226388892166 2.4694505728548402 1.8373347226297507 12.138936979579741 2.9989885920658717 2.6774213323369622 0.78849743772298175 0.83983353106305003 2.5857224834617218 4.1122211061883709 0.99896051501855254 6.1316835778998211 11.374972672900187 20.339458378846757 4.0062603651313111 6.6010535615496337 4.4194276296766475 6.5383746583247602 13.514300966286099 21.009029799257405
leaf_count=592 2192 879 6233 236 2230 230 668 1258 203 538 419 755 205 1358 439 391 219 234 392 759 239 1132 1096 1540 348 588 429 630 1303 1590
internal_value=0.000221488 -0.000645919 -0.0270592 0.00357224 -0.00114404 0.00518427 0.00267721 0.00991837 0.0155937 0.0219629 0.0424821 0.0755683 0.00929585 -0.000423837 -0.0094853 0.0292988 0.0247115 0.0684348 0.00554341 0.027961 0.0715305 0.0138931 0.0126517 0.0150309 0.0233391 0.0169989 0.00937362 0.0164983 0.0298043 0.00536613
internal_weight=187.589 92.3961 11.9779 80.4182 68.1856 56.8926 55.6858 44.1539 37.9481 33.3284 11.8229 5.685 21.5056 19.6527 17.8153 5.67641 4.09778 1.62833 6.13786 12.2326 1.98871 10.2439 95.1925 87.8029 46.4544 42.4481 35.8471 31.4276 20.0527 41.3485
internal_count=30568 22945 7112 15833 13467 10838 10583 8948 5490 4788 2429 1499 2359 2191 1993 830 1253 453 930 2366 475 1891 7623 7169 4039 3782 3476 3027 1933 3130
is_linear=0
shrinkage=0.05


Tree=177
num_leaves=31
num_cat=0
split_feature=16 20 21 3 15 13 11 4 12 5 1 13 12 7 1 20 3 6 7 21 20 21 20 13 3 1 6 12 13 1
split_gain=29.4798 35.8868 16.3542 8.64607 7.99364 6.34656 6.13766 6.21542 4.45907 3.82558 6.31089 4.57999 4.49995 3.77608 3.35089 3.17708 2.77114 3.874 3.28531 2.58869 2.03729 2.03161 1.60095 1.25913 1.1171 1.02193 1.26122 1.53713 0.747971 0.691201
threshold=30.881699610339378 6.749388424833306 0.55454744940083767 24.912660821972004 6.5424870798220605e-10 24.414914944800099 -109.96507533342698 64.055934272199025 -106.84606841356798 29.410483501777104 297.13972292689658 24.356177134320237 -96.812189744743151 -0.039993897219605952 12.422890885828702 1.9788344174564303 30.414008241318054 -0.060454756581021611 0.2787109044085106 0.026383096162793704 23.124492602560455 0.026383096162793704 25.148970056222552 23.739593149396828 15.800916067383202 350.49452701445404 0.018255164434761943 -97.150891022548777 18.724764327651844 1.0149191075379551
decision_type=2 8 8 2 2 2 2 2 2 2 2 2 2 2 2 10 2 2 2 8 8 8 10 2 2 2 2 2 2 2
left_child=1 6 3 4 -3 8 7 15 23 10 21 -12 19 -6 -10 -1 18 -18 25 -13 -20 -8 -5 -4 -23 26 27 -16 -24 -7
right_child=-2 2 5 22 13 29 9 -9 14 -11 11 12 -14 -15 16 -17 17 -19 20 -21 -22 24 28 -25 -26 -27 -28 -29 -30 -31
leaf_value=-0.040946258094093108 0.044434704095593691 -0.022875342921445902 -0.036070081262529329 0.0056964288268002879 0.060158772206916344 -0.00045923526878730242 -0.00045002835758775291 0.0096639777633870071 0.032335870399878876 0.021926407085581214 0.019051428161395018 -0.02581532423454292 0.013265572300194987 0.013265400614323759 -0.022230385771508175 -0.0057778497514373028 0.033729242212930818 -0.01878790243364592 0.033347506922351687 0.0015785166866681178 -0.014935226146483445 -0.039598832398183209 -0.006248475498303362 0.0029425929937545604 -0.012004859047704696 -0.041025474495448661 -0.033511073406175172 0.026909864841598703 -0.038387099952069847 -0.038888635977408222
leaf_weight=15.038890078198166 28.295316159725189 6.0606379183009293 25.902072953293104 3.3889327847864488 9.694756012409929 1.2092905507888634 13.069621809059756 20.085627325810492 3.7952759987674645 43.441153523977846 67.139042895752937 16.341903410386294 33.937988077756017 8.3677700494881702 2.1182450673077309 11.337851816322654 5.8604729722719648 6.2677558816503716 3.0079500724095869 16.939762928988785 3.9109683085698626 7.6950778858736202 2.7802588266786197 2.0839367371518165 8.5349916093982738 11.053574153687803 3.5054750894196332 2.2674891061615243 8.5285888945218158 92.33447977504693
leaf_count=313 1787 235 2487 213 237 261 275 308 254 424 558 257 410 205 208 236 337 360 203 267 263 247 203 200 273 882 358 223 624 19950
internal_value=-0.000315006 -0.00731234 -0.0229739 0.00607071 0.0241266 -0.0298728 0.00521415 -0.0110455 -0.0180569 0.00889753 0.00532701 0.00991624 0.000646496 0.0402701 -0.00740077 -0.0265926 -0.0120978 0.00722509 -0.0210906 -0.012233 0.00761578 -0.0153504 -0.0232131 -0.0331638 -0.0266268 -0.0314307 -0.0148883 0.00345503 -0.0316354 -0.038402
internal_weight=483.995 455.7 202.138 38.8209 24.1232 163.317 253.562 46.4624 69.7732 207.1 163.658 134.359 67.2197 18.0625 41.7872 26.3767 37.9919 12.1282 25.8637 33.2817 6.91892 29.2997 14.6978 27.986 16.2301 18.9448 7.89121 4.38573 11.3088 93.5438
internal_count=30568 30283 27550 1858 935 25692 2733 712 5481 2021 1732 1116 813 442 2794 549 2674 697 1977 524 466 616 923 2687 520 1511 807 431 827 20211
is_linear=0
shrinkage=0.05


Tree=178
num_leaves=17
num_cat=0
split_feature=20 21 13 3 8 7 8 6 6 17 10 15 3 16 9 6
split_gain=3.21875 2.22002 2.57682 1.93861 1.60223 1.6256 1.62976 1.28014 2.03211 1.1293 3.49138 0.895451 0.689092 1.83905 0.705347 1.09408
threshold=32.836670301168105 0.40009327630850056 20.613208446904313 10.405171446727502 0.040659871405630106 0.43218581436447329 0.45705963558168389 0.23199754014320731 0.41739076888698273 1.0000000180025095e-35 4.5000000000000009 1.0369124711509843e-08 32.398309160047553 1.0000000180025095e-35 0.17625547962054314 -0.13121871680056693
decision_type=8 8 2 2 2 2 2 2 2 2 2 2 2 2 2 2
left_child=1 11 -3 -4 -5 6 7 9 -9 12 -11 -1 14 -14 -6 -16
right_child=-2 2 3 4 5 -7 -8 8 -10 10 -12 -13 13 -15 15 -17
leaf_value=-0.030933730054095134 -0.032672159809506919 -0.026642730192539345 -0.021974939559925619 -0.01890660821610856 0.09475738788200605 -0.017801300815067766 -0.016381133907356047 -0.024835889426460353 0.044252426668244596 -0.026143039844981987 0.062611838207165718 0.019057303248630995 -0.020177872350711591 0.056733429440497245 -0.015368023598670422 0.045341261147565926
leaf_weight=2.5678088499844391 3.6292215669818679 1.6310133383958607 1.0298234033398337 0.72660211971378963 2.5377689434681097 0.64900888153351843 0.59208018249773886 1.2868494561262207 1.0500565032125451 1.4630986390984628 1.140000553758 0.45100478027598001 0.90273084660293612 0.43213047168683261 0.54998092963069933 1.0294709159643325
leaf_count=1138 5120 698 428 267 602 231 207 507 414 458 357 200 522 250 203 379
internal_value=-0.000241356 0.0138823 0.0216611 0.0289877 0.034561 0.0391327 0.0437014 0.0482621 0.0101663 0.0569709 0.0193157 -0.0205815 0.0691691 0.0183551 0.0788374 0.0264392
internal_weight=21.6687 18.0394 15.0206 13.3896 12.3598 11.6332 10.9842 10.3921 2.33691 8.05518 2.6031 3.01881 5.45208 1.33486 4.11722 1.57945
internal_count=30568 7763 6425 5569 4539 4135 3841 3484 921 2563 815 1338 1748 772 976 582
is_linear=0
shrinkage=0.05


Tree=179
num_leaves=15
num_cat=0
split_feature=20 2 20 7 20 9 12 21 21 4 6 13 12 3
split_gain=9.42645 6.93085 2.7793 2.70024 3.88147 5.3567 3.0705 2.1362 3.64613 4.40873 2.63159 3.47779 3.24737 3.17627
threshold=2.6549014716484653 4.4959952347279826 4.3762599157402358 0.45466797377976592 53.23509393034616 0.24462655272882031 -79.503433889309505 0.0079214145517441572 0.015471963994452402 57.165987473608205 0.037619257364921672 39.844640019090342 -110.30133303542813 24.737758953778101
decision_type=8 2 8 2 10 2 2 8 8 2 2 2 2 2
left_child=7 3 -3 4 -2 6 -6 -1 -9 10 12 -12 -10 -14
right_child=1 2 -4 -5 5 -7 -8 8 9 -11 11 -13 13 -15
leaf_value=-0.0081434938792998065 -0.03185036031963339 -0.0057269109245494491 -0.039905493884481363 0.068144121256535795 0.11645071094627313 -0.025497880387027091 0.0038102497859957029 0.033900719872713481 0.047550789132826426 -0.017977272728489816 -0.01663716649463098 0.021762544826233462 0.027199049379056629 -0.014938299771115849
leaf_weight=14.531633715785574 3.1251444877125332 8.5208535195561161 22.056745117413811 1.1918273640330879 0.84247668110765639 1.5536051629460415 1.0050875344895769 14.668959785718471 8.7085069308523071 13.206324496190062 11.955126454820858 9.8235696817282587 9.9376733767567256 6.7290798370959237
leaf_count=322 694 7537 19509 237 202 414 241 324 223 322 286 235 316 214
internal_value=0.000113015 -0.0203472 -0.0308642 0.0200798 0.00341452 0.0356919 0.0780308 0.0089775 0.012357 0.00665419 0.0137828 0.000878532 0.0244048 0.0103038
internal_weight=127.857 38.2957 30.5776 7.71814 6.52631 3.40117 1.84756 89.5609 75.0292 60.3603 47.154 21.7787 25.3753 16.6668
internal_count=30568 28581 27046 1535 1449 907 443 1987 1656 1470 1172 521 651 530
is_linear=0
shrinkage=0.05


Tree=180
num_leaves=31
num_cat=0
split_feature=13 20 19 11 1 1 1 12 1 19 17 20 3 1 20 5 0 10 1 8 1 20 16 5 6 2 9 9 15 8
split_gain=17.8005 17.5121 9.18577 8.72464 5.33375 5.15535 4.85546 6.15913 6.59269 5.82694 4.81661 4.80549 4.65141 4.50946 4.38468 4.27229 4.21505 4.49398 6.66541 3.57817 3.56331 3.53666 3.46473 3.23661 6.72048 3.20228 3.20087 6.34114 4.32491 5.16404
threshold=1.0000000180025095e-35 39.820579571058055 2.5000000000000004 -107.11822228035598 124.69187192076402 13.918898324500903 67.204435015407668 -124.70753826087959 969.28967126211012 4.5000000000000009 1.0000000180025095e-35 1.1122275723568953 49.226449185745906 598.2962556315166 143.53666256463802 21.270579280372402 287.53203029219304 3.5000000000000004 611.27507723188967 0.20974925987082041 7.3673002632836306 44.786802125586455 1.0000000180025095e-35 -4.5518163066135982 -0.15552661545446786 5.6598762843915171 0.1110393030781376 0.21360111078860691 7.7039149108926221e-09 0.19338851313459052
decision_type=2 8 2 2 2 2 2 2 2 2 2 10 2 2 8 2 2 2 2 2 2 8 2 2 2 2 2 2 2 2
left_child=-1 2 4 6 -2 10 14 -8 9 21 -5 -6 25 -7 -3 -11 -13 18 -18 -20 -16 -9 -14 24 -15 26 -4 28 29 -28
right_child=1 3 12 5 11 13 7 8 -10 15 -12 16 22 23 20 -17 17 -19 19 -21 -22 -23 -24 -25 -26 -27 27 -29 -30 -31
leaf_value=-0.044094003124595355 0.011527709523722299 -0.021435058546071226 0.023874052328591994 0.01420184026110909 -0.004048539934536092 0.030054246905779843 -0.011183465788117686 -0.021303206143601421 -0.016412739516550961 0.018750872881427717 -0.037421543379878124 -0.0014145520036390265 0.0039459567932528033 -0.035530594174392131 -0.020101520900075619 -0.03156975430670917 -0.027980474478820318 -0.030289589456307976 0.011062168209879269 -0.012732941934746667 0.025437125980058053 0.030659150577569329 -0.029283238210897185 0.024364768785358367 0.01906028791997481 0.032790870778574406 0.02966119534089123 0.01182456995471989 -0.049290684075866377 -0.025165404149626994
leaf_weight=21.876576103270054 30.130051195155829 31.464377783238888 22.146123643498868 10.983094471041115 179.11901855748147 80.024068872909993 30.030542146414518 2.7975884680636227 13.476965822279452 7.4902671105228373 6.2823201389983296 43.253419597633183 17.12632213765756 8.7769062379375136 5.771455723792319 7.4495747112669051 41.035781603306532 56.661149839870632 27.544324433431029 34.422794851474464 11.067863774951546 55.034004542976618 13.16125687304884 17.284530700184405 12.347896380815653 13.577836852520702 6.0938855945132753 54.986347259487957 6.8819429483264685 9.9136623330414277
leaf_count=761 202 1048 1086 452 1182 8421 1679 243 986 513 258 319 299 461 231 510 330 419 218 272 443 4789 230 1008 648 685 324 2670 302 528
internal_value=0.000162219 0.000595964 -0.00465704 0.0103065 -0.00844925 0.019644 0.00253557 0.00805658 0.0148071 0.020733 -0.00560259 -0.0100508 0.00618911 0.0233406 -0.0106487 -0.00674731 -0.0153032 -0.0190334 -0.0126098 -0.00214833 0.00957745 0.0278261 -0.010968 0.00894544 -0.00420182 0.0108193 0.00754159 0.00265321 -0.0189514 -0.00377677
internal_weight=878.212 856.335 556.054 300.281 412.167 135.699 164.583 116.279 86.2484 72.7714 17.2654 382.036 143.887 118.433 48.3037 14.9398 202.917 159.664 103.003 61.9671 16.8393 57.8316 30.2876 38.4093 21.1248 113.6 100.022 77.8758 22.8895 16.0075
internal_count=30568 30303 9020 21283 2762 13173 8110 6501 6309 6055 710 2521 6258 12463 1609 1023 1498 1182 828 490 674 5032 529 2239 1109 5729 4905 3782 1005 852
is_linear=0
shrinkage=0.05


Tree=181
num_leaves=31
num_cat=0
split_feature=20 5 0 6 9 7 0 2 12 3 3 8 11 19 11 11 9 21 5 11 12 15 20 8 6 1 1 6 3 3
split_gain=2.94147 3.90131 4.473 3.67601 3.09657 5.19577 3.46805 4.30658 5.18479 4.63904 4.17371 3.94913 3.68812 3.84412 5.46915 7.16473 6.13224 4.33015 4.12892 3.37395 4.16534 5.67156 4.21219 3.19988 3.34293 3.87675 7.29719 4.57009 6.77344 5.73432
threshold=0.72921310767638003 50.084381631299557 283.24606925466554 -0.026879030453358144 0.17994652962642557 -0.0039946848287275563 254.20775404014452 5.0667678954078266 -126.10251266064104 41.94587017137416 21.351553160853154 0.055868532935496769 -97.348315179860535 4.5000000000000009 -104.01736103235599 -118.31782479403948 0.44066944816339776 1.0948092231808102 -26.031014000434361 -108.9545774500255 -106.92796076264298 3.4541459061481374e-09 12.802764440135951 0.090688238858979822 0.39424878955218562 1013.1202485432701 969.28967126211012 -0.19361166260820359 13.142635834553452 50.336040617135062
decision_type=10 2 2 2 2 2 2 2 2 2 2 2 2 2 2 2 2 8 2 2 2 2 10 2 2 2 2 2 2 2
left_child=1 2 3 -1 5 19 11 9 -9 10 -8 -6 13 18 15 -15 17 -17 -10 -2 -21 -22 -23 -20 25 26 27 -25 -29 -30
right_child=4 -3 -4 -5 6 -7 7 8 12 -11 -12 -13 -14 14 -16 16 -18 -19 23 20 21 22 -24 24 -26 -27 -28 28 29 -31
leaf_value=0.055148476852483141 -0.033725034694549356 0.03447859200106259 -0.029021165098890758 -0.025802361080821446 0.047624103575718918 0.012672772759005619 0.0205295375514804 0.044240436253806234 -0.022038849273188374 0.0014126869990315387 0.087119724136396334 -0.018789778758793379 -0.028675991866621248 -0.027574641913671295 -0.028025477498932562 0.011291978833299104 -0.02179461168975429 0.11100859328131947 -0.015883231628555778 0.053546394890949194 -0.036966349287592085 0.079927007578987172 -0.012390081834979031 -0.006622819857608514 -0.02306047223783542 -0.022402205564581799 0.087957195916024522 0.09617743301431142 -0.0012643327250204002 0.073886411271018956
leaf_weight=2.4921518944902354 13.343549075187187 3.2832595016807318 16.935615626513027 1.5731321973726213 1.6813648596871651 30.902465707156807 5.1610585598391472 9.8089890740811807 10.591977433767168 5.3222210480598733 5.0726147177629173 13.166130274767054 5.6800457467907162 1.733317889505998 2.0326524203410372 1.6648098158184463 1.0869582722662015 4.4828384458087376 8.0319625659030844 2.0469859943259552 6.8788057381752834 1.3769886913942184 2.1006924414541572 11.114757767587436 3.7437004829989746 3.540350689785555 3.46741688484326 2.5381992959883126 10.773763655975925 2.3077695365645923
leaf_count=642 2083 1026 5922 406 223 4496 586 1336 1393 521 575 1744 871 333 471 354 244 952 1068 452 1550 237 361 1676 493 452 469 365 1464 314
internal_value=-0.000263029 -0.00975463 -0.0179228 0.0249135 0.00856719 -0.000970899 0.0133153 0.0167057 0.0118661 0.0401343 0.0583539 -0.00873834 0.00696308 0.0103562 0.0360722 0.0519545 0.0720434 0.0893627 0.00477114 -0.0172081 0.0017512 -0.0122998 0.0338496 0.0113495 0.0174456 0.0224741 0.028284 0.0176522 0.034285 0.0162989
internal_weight=193.937 24.2842 21.0009 4.06528 169.652 56.6495 113.003 98.1554 82.5995 15.5559 10.2337 14.8475 72.7905 67.1105 11.0006 8.96792 7.23461 6.14765 56.1099 25.747 12.4035 10.3565 3.47768 45.5179 37.486 33.7423 30.2019 26.7345 15.6197 13.0815
internal_count=30568 7591 7344 1048 22977 8242 14735 12768 11246 1522 1161 1967 11159 9927 2549 1725 1622 1306 7378 4019 2737 2333 598 6051 4933 4306 4088 4032 2245 1778
is_linear=0
shrinkage=0.05


Tree=182
num_leaves=31
num_cat=0
split_feature=20 3 15 4 20 1 3 1 19 21 13 16 3 1 1 7 1 3 15 20 0 17 8 9 9 7 20 1 1 9
split_gain=3.16865 4.84876 4.72029 3.11391 3.10822 5.42931 4.23847 5.58088 5.00368 5.24669 4.80437 3.70949 3.61045 3.68845 6.90747 5.20716 3.754 3.56344 4.49113 3.49094 3.46804 5.13279 4.9462 3.9903 6.09567 4.00479 3.0483 2.88216 2.88309 2.29577
threshold=1.9788344174564303 20.314263079117001 3.5371288902494131e-11 88.614436198824066 28.476444016397604 7.3673002632836306 33.741999791553702 969.28967126211012 4.5000000000000009 2.5827006227205405 36.547835713150945 7.2031665632208046 55.209815354330054 118.79620993403252 300.0154973696321 0.15008218619714861 555.65214490116057 15.250386624628602 1.5881867761018134e-22 57.064438286372109 321.24989480190305 0.31469757095204803 0.026672943076904158 0.15648148774448692 0.19171554983468567 0.46613805230819688 5.5459508458753612 163.22326970967754 258.84427406755805 0.10019138094417325
decision_type=8 2 2 2 8 2 2 2 2 8 2 2 2 2 2 2 2 2 2 10 2 2 2 2 2 2 10 2 2 2
left_child=1 2 -1 4 11 19 8 20 -7 29 -11 12 13 26 15 27 -16 -18 -19 -6 -8 22 -22 -24 -25 -26 -2 -15 -29 -10
right_child=3 -3 -4 -5 5 6 7 -9 9 10 -12 -13 -14 14 16 -17 17 18 -20 -21 21 -23 23 24 25 -27 -28 28 -30 -31
leaf_value=0.038765155418532052 0.030425881762739044 -0.031675298224766793 -0.020325917372920815 0.052762752722003717 0.04897543834538582 -0.028179051365212295 -0.023221907434883726 0.052477930326431665 0.033050071216690402 -0.016239481041562927 0.12300319533012223 -0.031936324803201632 0.05222848710106992 0.11532402561758644 -0.016421708204253645 -0.0049593967768678778 -0.011979036688148851 -0.0024674868357919431 0.046525579567235215 -0.0026504551783715137 0.057051961100923754 0.051382918731630346 -0.033963510853986981 0.064738472009245651 -0.015753933129446878 0.052127943937052959 -0.026506810907799518 0.0086627661182743666 0.075786263923305369 -0.024754947741528865
leaf_weight=6.2755253693903841 2.2651261717546722 12.076140081277115 5.4432137639960274 2.9256850361125544 8.0179597593960334 24.037368938094009 11.091074039810335 4.675596353947185 1.5511192255653465 0.63444769522175182 0.76998459442984313 2.9826891645789146 6.175891250371933 2.11810979747679 9.9400696605443937 2.8072614384582266 6.5656389042269465 7.1575291845947548 11.99453755666036 4.9870934148784727 2.343529156525622 4.6718412421178073 8.3892304592300224 2.5923676470993113 14.959039836481681 1.5280782560585064 7.9755047619109973 3.7079515067162001 2.2780715881381184 4.3813893339829519
leaf_count=442 273 911 384 515 432 12209 1634 644 659 277 337 231 469 201 604 306 276 263 440 269 341 642 1249 376 2262 231 963 334 206 1860
internal_value=0.000223449 -0.0106118 0.011878 0.0086071 0.00748117 0.00162947 -0.00326734 0.00572275 -0.0173983 0.017065 0.0795078 0.0157256 0.0184465 0.0139341 0.0198468 0.0528845 0.00857024 0.0184829 0.029002 0.0304026 -9.7651e-05 0.00778461 -0.000493507 -0.00723464 0.00562416 -0.00684127 -0.0123274 0.0712654 0.0413993 -0.00705392
internal_weight=187.319 23.7949 11.7187 163.524 160.599 94.6301 81.6251 50.2508 31.3743 7.33694 1.40443 65.9684 62.9857 56.8098 46.5692 10.9114 35.6578 25.7177 19.1521 13.0051 45.5752 34.4841 29.8122 27.4687 19.0795 16.4871 10.2406 8.10413 5.98602 5.93251
internal_count=30568 1795 826 28773 28664 23560 22859 6923 15936 3133 614 5104 4785 4591 3355 1188 2167 1081 703 701 6715 4740 4333 4091 2770 2493 1236 770 540 2519
is_linear=0
shrinkage=0.05


Tree=183
num_leaves=31
num_cat=0
split_feature=16 21 19 13 12 12 12 13 21 13 4 21 10 4 3 13 20 9 1 21 11 9 1 16 21 8 20 1 9 1
split_gain=27.0423 33.5451 12.3437 11.3992 7.44748 5.29372 5.22204 5.0437 5.52596 3.73295 8.43784 6.03797 9.56817 5.07736 5.00059 3.74866 3.56847 3.44651 3.10783 2.74032 2.01599 1.91721 1.49617 1.48361 1.39211 1.35983 1.20488 1.83511 0.898902 0.850905
threshold=30.881699610339378 1.1545593517353503 2.5000000000000004 23.995424848628939 -109.51224553260265 -85.097282886785294 -115.85543855947206 16.46459604968376 1.8277542308877452 32.876280780859382 65.389073845052323 0.040355889517861107 4.5000000000000009 23.507903451117354 6.0607090674657558 18.922648889239188 0.47749307122403956 0.23834352292091773 297.13972292689658 1.0948092231808102 -101.91220453176898 0.47449869194191946 84.876046843353564 7.6335252789246288 2.0189617820725005 0.39596336150960038 6.2446309113009404 748.8436091664031 0.0036977990979862878 1.0149191075379551
decision_type=2 8 2 2 2 2 2 2 10 2 2 8 2 2 2 2 10 2 2 8 2 2 2 2 8 2 8 2 2 2
left_child=1 2 6 4 -3 7 -1 -6 18 11 14 17 13 -13 -11 -15 -16 -8 22 21 -20 -4 -9 -10 -7 -18 27 -5 -28 -30
right_child=-2 3 19 26 5 24 9 8 23 10 -12 12 -14 15 16 -17 25 -19 20 -21 -22 -23 -24 -25 -26 -27 28 -29 29 -31
leaf_value=-0.019428662652379389 0.044010019021164436 -0.035833323215229314 -0.03489576786543272 -0.033757584017271691 0.034304013254897271 -0.043455943129713237 -0.0047060390133514488 0.0092152112174679803 -0.038419877079451048 0.018747892205276739 0.035234405713186499 0.056764802680558238 -0.010538897607014177 0.038026975511969541 0.001218439988533927 0.0050506878930471552 -0.030130998842337421 0.014204971591356523 0.04084014916911962 0.020793138209712944 0.0040205831047862651 0.015750793806109147 -0.036672995398242605 0.0066833001279557316 -0.0078563880273796165 -0.0050477997050105841 0.003397349987643824 0.0023596702733148737 0.0014965729922181551 -0.041302278477802101
leaf_weight=16.93617852171883 26.462972439825535 19.922921147430316 25.234906379831962 9.2147463976871204 11.573216671822591 6.3325931495055556 47.318297529825941 2.6007533434312915 8.8610727461054903 13.668656543130053 12.982496648095546 16.717840620316565 14.659418873488903 17.498652900801972 22.322803719900548 16.794778619660065 24.505102016497407 47.308406215161085 7.3143205654341763 2.0561879037413737 7.1621892149560109 1.4560672091320155 3.0184967403765768 1.9081301193218676 5.2402219837531439 7.4347457985859364 1.0267836397979397 5.1749615101143718 1.1103742001578201 71.781477737473324
leaf_count=212 1701 1187 3647 482 656 242 204 201 1042 286 249 235 202 218 517 210 770 204 221 301 216 210 233 224 200 234 246 270 267 17270
internal_value=-0.000303217 -0.00710323 0.00318227 -0.0251993 -0.0105071 -0.000683456 0.00667348 0.00759868 -0.00317713 0.00857883 -0.000182903 0.0129752 0.0245091 0.0345901 -0.00736454 0.0224779 -0.0141624 0.00479815 0.0122388 -0.0273389 0.0240606 -0.0316638 -0.017251 -0.0305395 -0.0292433 -0.0246228 -0.0372446 -0.0214594 -0.03999 -0.0406389
internal_weight=475.6 449.137 286.895 162.242 73.9339 54.011 258.147 42.4382 30.865 241.211 80.9138 160.297 65.6707 51.0113 67.9313 34.2934 54.2627 94.6267 20.0958 28.7472 14.4765 26.691 5.61925 10.7692 11.5728 31.9398 88.3083 14.3897 73.9186 72.8919
internal_count=30568 30283 7442 22841 4406 2846 3236 2404 2137 2866 1552 1314 906 716 1421 428 1256 408 871 4206 437 3857 434 1266 442 1004 18435 752 17683 17537
is_linear=0
shrinkage=0.05


Tree=184
num_leaves=12
num_cat=0
split_feature=20 20 3 19 2 4 12 2 0 20 1
split_gain=3.00631 2.08887 1.69227 2.41472 1.77967 1.47772 3.04191 2.91995 1.53113 1.14105 0.376311
threshold=32.836670301168105 3.4967253736869552 17.206750630484603 4.5000000000000009 5.5878384213907255 18.557603073414501 -113.46468915061006 5.5755994427926501 294.44637594514705 9.4373691190691833 788.79330281546913
decision_type=8 10 2 2 2 2 2 2 2 10 2
left_child=1 -1 4 5 -3 6 -4 8 -7 -6 -8
right_child=-2 2 3 -5 9 7 10 -9 -10 -11 -12
leaf_value=-0.027269333545615084 -0.032325167039789424 -0.030283779162044663 -0.0055025303260997664 -0.023294001767392231 0.046150803263475572 0.024403417286493874 0.090419233402583593 0.04965041274220354 -0.031116927772993738 -0.0084729062864359501 0.020004106764419872
leaf_weight=1.8879729366308371 3.4575082448427557 2.3398235624481512 1.2969304059370195 1.2503108161035925 0.98313028167467709 1.0515583763917695 2.0463643879629676 2.4193068105960265 2.4341717668576166 1.3484715359081745 0.94939744839211926
leaf_count=814 4924 972 266 398 202 370 488 659 858 278 227
internal_value=-0.000231234 0.013368 0.0194425 0.02911 -0.00520465 0.0370415 0.0570233 0.0163611 -0.0126614 0.0214986 0.0786949
internal_weight=21.4649 18.0074 16.1195 11.448 4.67143 10.1977 4.29269 5.90504 3.48573 2.3316 2.99576
internal_count=30568 7763 5585 3645 1940 2488 879 1609 1228 480 715
is_linear=0
shrinkage=0.05


Tree=185
num_leaves=16
num_cat=0
split_feature=20 0 20 15 13 1 21 4 7 3 5 21 8 12 12
split_gain=8.43311 6.82824 2.72485 2.67812 2.18827 5.29284 3.11522 4.53777 3.26391 2.64321 2.24761 2.03068 3.14568 3.67916 1.80995
threshold=2.6549014716484653 179.31470959597854 4.3762599157402358 1.5384641434633003e-08 21.515127705528382 748.8436091664031 0.012056408467791503 -4.3794635446220243 0.06596493191310239 36.006887106920054 -12.571963290372947 4.7836872354466111 0.30653443706018202 -73.03301509045086 -103.41182938535614
decision_type=8 2 8 2 2 2 8 2 2 2 2 10 2 2 2
left_child=4 3 -3 11 5 -1 -6 -8 9 14 -10 12 13 -2 -9
right_child=1 2 -4 -5 6 -7 7 8 10 -11 -12 -13 -14 -15 -16
leaf_value=-0.0024558906395749586 0.07054267606949588 -0.0057250124480869051 -0.039810457379405619 -0.026060617002502257 -0.015782824407591288 0.042822743338640216 0.036549822446882367 0.039492086132254793 0.0066992662882619652 -0.0097903507883926894 -0.031251291513009587 0.078292599426452281 -0.027638624254522605 -0.021868149832368313 0.0062962119600907564
leaf_weight=12.457028840668503 2.0354683981277084 8.5177505397878157 20.923544165794738 1.6216796322842126 15.181730101234278 12.168751946184782 10.840622056275604 7.7724793647648811 5.932101699290798 8.4352193956729007 8.9295156701700744 1.0098517248989081 1.925593704159837 1.0821876538393551 8.5740795196034068
leaf_count=204 412 7825 19221 324 366 200 268 210 200 207 302 200 393 219 231
internal_value=0.00012676 -0.01969 -0.0304611 0.0203776 0.00831109 0.0207164 0.00341793 0.00938645 0.00124201 0.0121927 -0.0166358 0.0347498 0.0145182 0.0409448 0.023447
internal_weight=127.408 37.1161 29.4413 7.67478 90.2915 24.6258 65.6657 50.484 39.6434 24.7818 14.8616 6.0531 5.04325 3.11766 16.3466
internal_count=30568 28581 27046 1535 1987 404 1583 1246 1110 608 502 1201 1029 631 441
is_linear=0
shrinkage=0.05


Tree=186
num_leaves=31
num_cat=0
split_feature=13 20 19 12 1 20 2 1 12 9 9 8 13 8 2 7 10 1 21 3 21 21 3 2 4 13 8 11 1 20
split_gain=16.272 15.5004 9.29875 8.27538 7.53765 5.89619 5.43774 5.38833 4.79096 6.14632 6.36452 5.54722 4.08929 4.61799 4.07294 3.9254 3.90534 5.26533 4.6915 4.71678 4.6857 7.78649 5.14653 3.87824 3.85097 3.67539 3.62057 3.59408 3.56851 3.45311
threshold=-1.0000000180025095e-35 70.273120258160176 2.5000000000000004 -126.10251266064104 12.422890885828702 79.033285515399072 5.6473150324073069 99.689481932163957 -108.76233602860322 0.26267885611122926 0.14146604251959452 0.25263348363819654 23.521415174609725 0.14687905431566398 4.3833131844255773 0.34748155296172872 2.5000000000000004 464.74996120263353 0.80920589424631306 34.991635315002156 0.026383096162793704 0.67312341711971502 22.595058147153154 5.3023580623155953 33.252990352360754 50.567346999414262 0.14878207068108038 -125.14559643286049 186.06729104009403 1.2609318915600054
decision_type=2 8 2 2 2 10 2 2 2 2 2 2 2 2 2 2 2 2 8 2 8 8 2 2 2 2 2 2 2 10
left_child=-1 2 7 -3 12 14 8 -2 9 10 11 -4 -5 -14 -6 -10 17 29 -19 -20 -18 -22 -23 24 -17 -12 -11 -16 -28 -9
right_child=1 3 6 4 5 -7 -8 16 15 26 25 -13 13 -15 27 23 20 18 19 -21 21 22 -24 -25 -26 -27 28 -29 -30 -31
leaf_value=-0.043702074023182026 0.014541120883735116 -0.014536631490491673 -0.023952047308770676 -0.036288807446902195 -0.018782894437700783 0.012846934043485726 0.029100529729438843 -0.0031506537840748266 0.015159927101867832 0.031848213762510277 -0.049131951548723393 0.021296382781616337 -0.025756707920458644 0.023372230401943497 -0.023391808026030012 -0.062180848536223236 -0.0027912359228550402 -0.0035262682613263876 0.031292520109593415 -0.010030971791854705 -0.032018273592538095 0.00339002890816809 -0.020926598421631123 0.015583263775227131 0.00320374049188356 -0.0072150301732747035 -0.015569335161781836 0.039240184025616652 0.019847215117021658 -0.029598804489959288
leaf_weight=20.351885244250298 25.220822128001601 24.931714616715908 11.628091038670394 8.0954116620123404 2.9548376454040399 109.33735992573202 20.808883369434625 22.876167269889265 75.844707219861448 11.144668892957268 15.383837724570187 13.610047761350868 6.8214438366703734 11.368045250419526 1.7729828506708134 4.1791205769404769 70.061706300824881 115.20906159607694 20.641278484836228 9.5571910259313864 61.23306975979358 43.643037582747638 41.926259025000036 6.1837377934716642 3.8192643458023667 8.2551226476207376 16.17331669386477 48.458967067301273 11.142253195866941 26.489452015142888
leaf_count=716 204 1907 333 251 405 10355 1095 240 5313 354 400 389 266 443 250 262 452 1101 432 200 466 406 390 442 240 215 508 6844 350 277
internal_value=0.000149202 0.000491922 -0.00343018 0.0121063 0.0156825 0.0196859 0.00553428 -0.0075001 0.00262177 -0.0056904 -0.017304 0.000330532 -0.00888577 0.00456574 0.0332485 0.0106595 -0.00888252 -0.00371529 0.00110327 0.0183122 -0.013485 -0.0185353 -0.00862846 -0.0128214 -0.0340731 -0.0353808 0.00913321 0.0366161 -0.000931898 -0.0176486
internal_weight=869.124 848.772 635.031 213.741 188.809 162.524 198.173 436.858 177.364 87.3373 48.8771 25.2381 26.2849 18.1895 53.1868 90.0268 411.637 194.773 145.408 30.1985 216.864 146.802 85.5693 14.1821 7.99838 23.639 38.4602 50.2319 27.3156 49.3656
internal_count=30568 30303 13957 16346 16208 15392 10426 3531 8866 2559 1337 722 816 709 7294 6307 3306 1907 1390 632 1399 1117 796 1013 502 615 1222 7094 858 517
is_linear=0
shrinkage=0.05


Tree=187
num_leaves=31
num_cat=0
split_feature=1 4 11 5 9 9 1 21 1 2 13 11 20 5 4 6 5 21 20 9 9 15 15 8 5 20 7 5 7 3
split_gain=2.84581 2.72918 7.19569 5.85497 6.61599 4.3169 3.52725 4.9418 4.91283 4.78241 4.39485 4.15035 4.14136 3.72916 7.57856 5.25269 3.49081 3.64089 3.46665 4.47979 7.01476 5.70741 5.03622 3.3844 5.24858 3.27062 5.10497 3.19506 3.14305 3.13287
threshold=1136.1833025708454 29.648616707131854 -73.073572644552939 2.5858430141831978 0.21360111078860691 0.46426092124955881 157.85842124036802 2.3484679418340955 863.09798016232264 4.6282172982732597 14.200582615044683 -116.06329735048199 2.6549014716484653 32.140682022271058 57.969427867247205 0.092527174204215981 -20.946841840185577 3.4712391743822457 59.455249826105906 0.28900654519352115 0.13224993177421676 8.2788388604775181e-10 1.0000000180025095e-35 0.15449890293247773 -40.493296697251843 24.590731963431402 -0.25776845816019106 -39.132870938884729 -0.1971654297411973 55.209815354330054
decision_type=2 2 2 2 2 2 2 8 2 2 2 2 8 2 2 2 2 10 8 2 2 2 2 2 2 8 2 2 2 2
left_child=1 2 16 4 -3 6 7 11 13 -9 -11 -5 -10 14 25 -16 18 29 19 20 -1 28 27 24 -20 26 -8 -21 -22 -18
right_child=-2 3 -4 5 -6 -7 8 9 12 10 -12 -13 -14 -15 15 -17 17 -19 23 22 21 -23 -24 -25 -26 -27 -28 -29 -30 -31
leaf_value=-0.006609710558725332 -0.021320188860871718 -0.012578416467725865 0.078962189908903815 0.037165562897057268 0.089302314005348979 -0.025858902249939166 0.060895561370678676 -0.027570338712180332 0.061097764896704237 -0.0072277326293904978 0.057744642221824155 -0.013845701073779774 0.006647562971676145 -0.018871225575836256 0.091555686322211408 -0.0090775537650304699 -0.026999460432284551 0.030524502079746493 0.044390781763690552 0.052422502154930085 0.04904147525114979 0.088200269436208359 -0.036752579802412852 -0.026871191440760667 -0.031782724563688157 -0.026912883228735585 -0.0094011606112938823 -0.015532619230111261 -0.019004358386666566 0.02447870245241917
leaf_weight=6.9410898872884106 8.0800132295116764 2.0418579702381976 1.8102451504673807 4.9736106584314301 3.8527195503702387 7.0873649216955528 2.7542424062266955 1.7120370980701434 5.1038456317037362 2.8449501108261783 15.474358192877844 11.027550204191355 8.822722214041276 20.539185195288155 3.0065188484732071 1.6705015663173979 24.527061756292831 2.9428614128846675 4.562908787280322 3.0664783234242359 2.1387696878519007 5.3169925982365385 5.8610145651036873 11.21548104775138 2.9034191649407193 8.4192513672169298 7.607290985703008 2.3810651879757634 2.8569682436063788 2.5583399430615827
leaf_count=647 1272 426 337 671 803 974 243 213 251 347 1887 1488 433 3541 442 245 6175 708 826 323 228 453 632 2661 525 2087 670 251 305 644
internal_value=-0.000252678 0.00741794 0.00035689 0.012588 0.0573055 0.00944334 0.0123506 0.0244171 0.00455734 0.0403561 0.0478027 0.00326347 0.029359 -0.00377123 0.00968104 0.0603447 -0.00246987 -0.0155265 0.00597869 0.0167037 0.0320647 0.0563782 -0.007434 -0.0104342 0.014514 -0.00534868 0.0129998 0.0249177 0.013448 -0.0214387
internal_weight=194.101 186.021 79.0827 106.938 5.89458 101.043 93.9561 36.0325 57.9236 20.0313 18.3193 16.0012 13.9266 43.997 23.4578 4.67702 77.2725 30.0283 47.2442 28.5624 17.2538 10.3127 11.3086 18.6818 7.46633 18.7808 10.3615 5.44754 4.99574 27.0854
internal_count=30568 29855 14744 15111 1229 13882 12920 4650 8270 2491 2234 2159 684 7586 5343 687 14482 7222 7260 2828 1609 878 1219 4432 1351 4656 913 574 533 6819
is_linear=0
shrinkage=0.05


Tree=188
num_leaves=31
num_cat=0
split_feature=20 3 1 16 16 3 21 15 17 20 1 20 15 5 21 5 21 5 1 21 3 19 20 20 6 1 9 11 1 7
split_gain=3.00912 4.61881 4.35748 2.95117 3.65815 7.03698 5.20625 4.42503 3.64428 3.2933 4.23777 4.71716 5.95842 4.97127 4.61234 4.54056 4.48735 5.58902 6.8206 7.06785 4.34239 4.94936 4.14328 4.0293 3.89977 3.50711 3.18903 3.16373 3.02988 2.71332
threshold=1.9788344174564303 20.314263079117001 993.70085261680754 8.2757424458935755 0.68521281997870187 32.19781969340486 1.7134591268419401 3.3234586753707082e-08 1.6506702396282866 26.584941857349104 7.3673002632836306 190.89888803811405 1.0000000180025095e-35 58.569487663662954 2.3325908377546907 -45.093937455545792 1.8671097762803404 21.270579280372402 175.38799375386552 1.4210081006081701 55.209815354330054 4.5000000000000009 57.064438286372109 25.148970056222552 -0.40345925732131777 893.57775185249568 0.15864937003349414 -119.26077996308699 1035.3786562896451 -0.16127023021378981
decision_type=8 2 2 2 2 2 10 2 2 8 2 10 2 2 8 2 8 2 2 8 2 2 10 10 2 2 2 2 2 2
left_child=1 2 -1 4 9 7 -7 -6 -5 23 22 13 14 15 -13 20 17 25 19 -19 21 -12 -11 24 -2 -17 -20 -26 -27 -18
right_child=3 -3 -4 8 5 6 -8 -9 -10 10 11 12 -14 -15 -16 16 29 18 26 -21 -22 -23 -24 -25 27 28 -28 -29 -30 -31
leaf_value=-0.016065678383296957 0.044297310821009031 -0.031373011784189782 0.040429848651563786 0.03560462874180808 -0.027782921637774096 0.094513254581316944 0.02009872088780594 0.059961399477153655 -0.036746096109575827 0.04760265978166512 -0.02872763062649096 0.011147164868112102 -0.015615011878997696 0.05915784366212079 0.13266584503675236 -0.034383990844461663 -0.007427574550128449 0.0027623511232176493 0.032208876628151126 0.12823298145209883 0.054213724523456422 0.054562054127445782 -0.0093626217344031284 0.065123995997996759 0.036769440597109106 0.038900893184232191 -0.027136007048118888 0.00084043454159119153 -0.027906169906206771 -0.04031938375513696
leaf_weight=6.3422007503104441 7.2502778578782445 11.742520146770401 5.5087149324826896 1.4334521273849539 5.380443474161444 3.9939865455962709 5.785812322748825 0.86988468014169484 6.0895957855973393 7.6436079019331364 5.4343044164124876 1.6400586098898231 2.4504139501368627 1.7263991526560858 0.95241265580989343 10.954956447647428 10.104115701164117 2.0769297404913245 2.7597258556634197 1.5632414370775212 3.9712819207925349 1.4773681908845901 4.6104366906220093 3.0462914744857699 6.3099716394208363 3.1769473444437617 4.7153078727424145 38.171881819842383 1.9531820012489332 18.186080758052416
leaf_count=442 534 893 384 200 1247 278 403 202 848 403 824 344 560 501 200 3711 4138 292 365 219 416 224 243 225 490 331 623 2962 203 7447
internal_value=0.000225417 -0.0103516 0.0112979 0.00844323 0.0099533 0.0318986 0.0564374 -0.00898531 -0.0204003 0.00723551 0.00105089 -0.0036165 0.0388174 -0.00727508 0.0802923 -0.00985543 -0.0156457 -0.000985329 0.0250262 0.0726679 0.0185004 -0.00627832 0.0270808 0.0166853 0.0126521 -0.0193727 -0.00401109 0.00663352 0.0130625 -0.0292264
internal_weight=187.322 23.5934 11.8509 163.728 156.205 16.0301 9.7798 6.25033 7.52305 140.175 85.3968 73.1427 5.04289 68.0998 2.59247 66.3734 55.4905 27.2003 11.1152 3.64017 10.883 6.91167 12.254 54.7784 51.7321 16.0851 7.47503 44.4819 5.13013 28.2902
internal_count=30568 1795 826 28773 27725 2130 681 1449 1048 25595 21547 20901 1153 19748 544 19673 18533 6948 1499 511 1140 1048 646 4048 3812 5449 988 3452 534 11585
is_linear=0
shrinkage=0.05


Tree=189
num_leaves=31
num_cat=0
split_feature=16 21 19 13 12 11 12 13 21 13 5 21 10 21 3 3 20 7 1 21 9 11 8 1 3 16 21 3 8 20
split_gain=24.8496 31.2894 11.1875 11.0685 7.14231 4.94568 4.81678 4.58008 5.13581 3.41896 7.7543 5.62085 8.79811 5.40501 5.79218 4.09677 3.89245 3.68575 2.83005 2.66342 2.02408 1.81549 1.61013 1.4993 1.49747 1.46841 1.38977 1.34337 1.25758 1.09298
threshold=30.881699610339378 1.1545593517353503 2.5000000000000004 23.995424848628939 -109.51224553260265 -85.145440926240582 -115.85543855947206 16.46459604968376 1.8277542308877452 38.407267706311139 35.328206664902957 0.040355889517861107 4.5000000000000009 0.7808619957522146 19.399709398005403 6.0607090674657558 0.47749307122403956 0.039594255205845037 297.13972292689658 1.0948092231808102 0.47653362726780385 -101.91220453176898 0.14319765588399938 79.482124923599471 17.781436707265403 7.6335252789246288 1.9801720490191601 32.019949598070461 0.011253446977034011 49.169633043483806
decision_type=2 8 2 2 2 2 2 2 10 2 2 8 2 8 2 2 10 2 2 8 2 2 2 2 2 2 10 2 2 8
left_child=1 2 6 4 -3 7 -1 -6 18 11 15 17 13 14 -13 -11 -17 -8 23 20 -4 -20 -18 -9 -24 -10 -7 -26 29 -5
right_child=-2 3 19 28 5 26 9 8 25 10 -12 12 -14 -15 -16 16 22 -19 21 -21 -22 -23 24 -25 27 -27 -28 -29 -30 -31
leaf_value=-0.018999469354289044 0.043623219201592817 -0.035509603034741086 -0.03456293014097777 0.026203653309415514 0.03258291545887454 -0.042977084313707524 -0.0050096131963569233 0.0097035392956644328 -0.038219298268988233 0.01615664686210937 0.032932342836891108 0.061477095221597958 -0.010482453611759233 0.0094913495061257555 0.018853430957056241 0.0022112175355831817 -0.041454537282192311 0.014441446127431187 0.038449334102717073 0.020498193192578229 0.018192049277269855 0.0036900758788150148 0.0025626685539959946 -0.036403502524451167 -0.039476769694534515 0.0068200422610412304 -0.0071635363333083643 -0.0078602026567444732 -0.038034443225862802 -0.023938458281211088
leaf_weight=16.706800146494061 24.795880258083344 19.29721812508069 24.161061943275861 1.0346362413838517 11.676498200045897 6.1689277077093712 50.071119986474514 2.5653400400187945 8.4737986261025053 13.478165051434187 13.318250701529903 19.479779459070414 14.665850800462067 17.73439256194979 15.068739815149454 21.848661677446216 9.6849242078606057 45.735204268246889 7.4481303561478889 2.0703379593323907 1.3565982379950581 7.1868309406563595 7.0645501567050859 2.9710294967517257 6.8129247466567895 1.8996519695501772 5.1163239169400185 6.9861575574614108 81.701559283072129 1.3337029025424263
leaf_count=209 1620 1168 3652 200 665 242 221 201 1034 281 253 268 206 253 208 506 308 201 222 316 205 215 231 233 248 232 200 255 17916 257
internal_value=-0.000289828 -0.00686306 0.00298323 -0.0247344 -0.010255 -0.000662508 0.00624191 0.00730666 -0.00308242 0.00805588 -0.000467595 0.0121808 0.0231879 0.0326522 0.0439396 -0.00761165 -0.0139137 0.00432903 0.0115757 -0.0267186 -0.031178 0.0227078 -0.0251509 -0.0168232 -0.0160328 -0.030097 -0.0286453 -0.0250828 -0.0370055 -0.000757153
internal_weight=467.913 443.117 286.244 156.874 72.8037 53.5065 258.656 42.2213 30.5448 241.949 79.1936 162.755 66.9488 52.2829 34.5485 65.8754 52.3972 95.8063 20.1713 27.588 25.5177 14.635 30.5486 5.53637 20.8636 10.3735 11.2853 13.7991 84.0699 2.36834
internal_count=30568 30283 7442 22841 4406 2846 3236 2404 2137 2866 1504 1362 940 745 476 1373 1213 422 871 4206 3857 437 970 434 682 1266 442 503 18435 457
is_linear=0
shrinkage=0.05


Tree=190
num_leaves=17
num_cat=0
split_feature=20 21 13 3 8 7 12 6 7 17 10 7 12 20 13 6
split_gain=2.80035 1.98722 2.31839 1.74437 1.47046 1.50009 1.46785 1.47174 1.87243 0.985037 3.04647 1.21017 1.42883 1.34495 0.888202 0.00207633
threshold=32.836670301168105 0.40009327630850056 20.613208446904313 10.405171446727502 0.040659871405630106 0.43218581436447329 -90.969335063447076 0.23199754014320731 -0.20529980568541892 1.0000000180025095e-35 4.5000000000000009 -0.1775583649023604 -110.7092314513435 9.9612251709531154 17.43029122529779 -0.018738084582262001
decision_type=8 10 2 2 2 2 2 2 2 2 2 2 2 10 2 2
left_child=1 14 -3 -4 -5 6 7 9 -9 11 -11 13 -13 -6 -1 -14
right_child=-2 2 3 4 5 -7 -8 8 -10 10 -12 12 15 -15 -16 -17
leaf_value=0.019311838515543325 -0.031968443644288712 -0.026248689744133004 -0.021690862673432072 -0.018834135049174052 0.042129281855329298 -0.01782400798255894 -0.016106656282813225 0.039732274148945562 -0.025340566566411517 -0.025442331727748315 0.057569731931812543 0.0059330953677146116 0.10247783967504714 -0.019188002747277909 -0.030680029581191148 0.025199862374004251
leaf_weight=0.43791044592217998 3.2937649429004514 1.5738612713175832 0.99919844423129767 0.72161953657632771 1.1206964914745263 0.64665561077708844 0.58292382002400034 1.1382821651786812 1.3327127561642553 1.3741312515485344 1.2105178060010076 0.70321201322077165 2.0957818657334522 0.77526613061490934 2.4935493836237583 0.82221594621658711
leaf_count=200 4722 670 411 262 349 227 201 456 533 423 373 212 593 242 1138 232
internal_value=-0.000220129 0.0128043 0.0200695 0.0268963 0.0320899 0.0364315 0.040784 0.0450414 0.00744644 0.0544297 0.0186505 0.0657576 0.0807741 0.0190885 -0.0201995 0.0926924
internal_weight=21.3223 18.0285 15.0971 13.5232 12.524 11.8024 11.1557 10.5728 2.47099 8.10182 2.58465 5.51717 3.62121 1.89596 2.93146 2.918
internal_count=30568 7763 6425 5569 4539 4135 3841 3470 989 2481 796 1685 1094 591 1338 825
is_linear=0
shrinkage=0.05


Tree=191
num_leaves=15
num_cat=0
split_feature=20 2 20 15 6 21 13 1 21 4 8 9 8 6
split_gain=7.5395 6.67061 2.68411 2.54242 2.14005 2.16141 1.99911 5.10336 2.87797 4.07303 3.10568 3.26419 1.9934 1.80831
threshold=2.6549014716484653 4.4959952347279826 4.3762599157402358 1.5384641434633003e-08 0.26785527612850851 1.7479236177818402 21.515127705528382 757.68454940083018 0.012056408467791503 -4.3794635446220243 0.38542317302930235 0.087278655090523585 0.23149765429262106 0.010633573460739678
decision_type=8 2 8 2 2 10 2 2 8 2 2 2 2 2
left_child=6 3 -3 4 5 -2 7 -1 -8 -10 11 -11 13 -13
right_child=1 2 -4 -5 -6 -7 8 -9 9 10 -12 12 -14 -15
leaf_value=-0.0031063612691829452 0.034292330903171207 -0.0056233860118947683 -0.03971207703077731 -0.025667320299881322 0.064605244813580792 -0.026606814757421896 -0.015542130857494233 0.041011358560358646 0.034068078260661487 0.020734111219189888 0.022914834113198865 0.012751028152276522 -0.033849689029019872 -0.02148107400704494
leaf_weight=12.624753025505928 2.1657904489256934 8.4959663198387751 19.860233190091094 1.5600688263657501 2.2032420069444925 1.7401502706343306 15.06295255909208 12.346275009214876 11.120355528313665 6.8293197200400781 10.588036634260787 7.0694488693261563 8.8361352559877542 6.4368252005660906
leaf_count=204 506 8103 18943 312 433 407 362 200 272 200 296 225 276 204
internal_value=0.000139445 -0.0190385 -0.030038 0.0204045 0.0341251 0.00726785 0.00768494 0.0194457 0.00300747 0.00869277 0.000933876 -0.00753929 -0.0166995 -0.00391949
internal_weight=126.94 36.0255 28.3562 7.66925 6.10918 3.90594 90.9141 24.971 65.9431 50.8801 39.7598 29.1717 22.3424 13.5063
internal_count=30568 28581 27046 1535 1201 913 1987 404 1583 1246 1110 853 697 429
is_linear=0
shrinkage=0.05


Tree=192
num_leaves=31
num_cat=0
split_feature=13 20 19 12 1 20 0 1 5 12 9 9 8 9 7 6 8 13 8 12 2 11 15 21 20 7 20 3 8 4
split_gain=14.8881 13.7244 8.04182 7.45139 6.94025 5.7813 5.12288 4.94101 4.16732 4.14358 5.50441 5.57377 5.05456 3.90331 3.7483 3.65079 3.64219 3.63835 4.24909 3.62901 4.30815 3.52192 6.6975 4.26936 5.49406 5.0723 4.41633 5.98562 3.4904 3.38975
threshold=-1.0000000180025095e-35 70.273120258160176 2.5000000000000004 -126.10251266064104 12.422890885828702 79.033285515399072 567.05835268502972 99.689481932163957 -46.835549813401649 -108.76233602860322 0.26267885611122926 0.14146604251959452 0.25263348363819654 0.37446179100832838 0.34748155296172872 -0.14744415695983279 0.34664385948903959 23.521415174609725 0.14687905431566398 -98.15163703317468 5.3097638124921041 -109.03623124290998 3.8356883140984013e-09 0.61501020066581968 1.4353284405650453 0.0031291644861271548 0.25757153112339404 19.584260210447404 0.14878207068108038 50.227449449861005
decision_type=2 8 2 2 2 10 2 2 2 2 2 2 2 2 2 2 2 2 2 2 2 2 2 8 10 2 10 2 2 2
left_child=-1 2 7 -3 17 8 9 -2 -6 10 11 12 -4 21 -11 -16 -15 -5 -19 20 -17 -9 23 26 -25 -26 -23 -28 -12 -7
right_child=1 3 6 4 5 29 -8 13 -10 14 28 -13 -14 16 15 19 -18 18 -20 -21 -22 22 -24 24 25 -27 27 -29 -30 -31
leaf_value=-0.043327653871095682 0.014140647519065823 -0.01363767818565309 -0.022320586678113631 -0.033873144992157968 -0.011766461566795157 0.018451374574260937 0.02851650760956578 0.0029920682911610628 0.037130038497495875 0.014436862445348515 0.031505404706066456 -0.032763061944039502 0.020833614944790146 -0.010171464964473624 0.018868922136486117 -0.087618544082918123 -0.030140048346442051 -0.024135490324416004 0.022888661272993615 0.0095428358069679746 -0.005501001711210581 0.0054464660027318326 -0.021910264865234903 0.035036923086301762 0.019756540127449422 -0.020294854685507138 -0.030200260325406791 -0.00078422549173372443 -0.0009898516356054972 -0.00031955530932726678
leaf_weight=18.9322404935956 25.022257590200752 25.170358508825302 11.879505060613159 8.3311113715171832 4.3423065142706028 70.695457700174302 19.931130081880838 87.741847744677216 46.119554337114096 73.87834972795099 10.832023108378051 24.314309074077755 13.341073127463458 75.095173204317689 5.0303812455385932 2.7593526830896762 33.023430726490915 6.9989094734191939 11.078462989535181 3.3174563376232955 3.0261655393987894 37.131529350299388 66.608721517957747 13.770498797763137 13.489692038856449 16.409543271176517 34.368040435947478 33.946509035304189 27.20986856892705 36.141731210518628
leaf_count=673 202 1970 340 257 628 5359 1063 712 6666 5294 348 656 382 586 361 200 258 274 435 233 220 211 526 233 267 324 203 201 874 2739
internal_value=0.000137654 0.000393762 -0.00327988 0.0114739 0.0149698 0.018937 0.00512984 -0.007049 0.0327756 0.00232876 -0.00534256 -0.0161883 0.000430894 -0.00836837 0.00993644 -0.0129878 -0.0164909 -0.00848904 0.00437179 -0.0307173 -0.0518069 -0.00542982 -0.00885326 -0.0029137 0.0100841 -0.00217021 -0.00834082 -0.0158052 0.0088328 0.0121573
internal_weight=859.937 841.005 632.127 208.878 183.708 157.299 195.52 436.607 50.4619 175.588 87.5768 49.5349 25.2206 411.585 88.0117 14.1334 108.119 26.4085 18.0774 9.10297 5.78552 303.466 215.725 149.116 43.6697 29.8992 105.446 68.3145 38.0419 106.837
internal_count=30568 30303 13957 16346 16208 15392 10426 3531 7294 8866 2559 1337 722 3306 6307 1013 844 816 709 639 420 2462 1703 1338 739 591 599 404 1222 8098
is_linear=0
shrinkage=0.05


Tree=193
num_leaves=31
num_cat=0
split_feature=1 1 11 1 8 8 4 8 16 3 8 20 2 20 15 4 1 1 2 8 1 20 21 21 12 12 20 16 2 9
split_gain=2.65534 2.68167 3.22097 4.49001 2.99414 5.27377 4.94146 3.70156 5.62254 4.55718 8.02281 4.26725 4.16886 5.59554 3.95617 4.26721 4.74343 10.3541 8.52658 5.1045 4.84901 3.94795 3.83798 3.50481 3.29486 4.75285 3.25904 3.98391 3.08702 5.92865
threshold=1136.1833025708454 969.28967126211012 -97.348315179860535 1013.1202485432701 0.41131735072805148 0.46129648681995811 80.123503430390556 0.36823655882944334 1.0000000180025095e-35 32.564712469243652 0.3782017960127792 61.973287375642208 5.0850543839036382 4.9635452817963612 1.6409211375541596e-07 81.345198124709825 221.54394685754201 325.17847434392957 5.5368986705898307 0.3046351920073348 632.57038842390511 12.802764440135951 3.6264071428742652 2.0904945658093954 -107.17750001579499 -104.34860243366728 113.40843381944451 2.0294082532281332 5.0212806378138017 0.065370370218871279
decision_type=2 2 2 2 2 2 2 2 2 2 2 8 2 8 2 2 2 2 2 2 2 8 10 10 2 2 10 2 2 2
left_child=1 4 3 -3 7 -6 -7 8 12 23 -11 -12 13 -1 15 16 22 18 21 24 -21 -18 26 -9 -19 -26 -10 -28 29 -15
right_child=-2 2 -4 -5 5 6 -8 9 14 10 11 -13 -14 28 -16 -17 17 19 -20 20 -22 -23 -24 -25 25 -27 27 -29 -30 -31
leaf_value=0.066884999235917564 -0.020803131948845671 0.058173474214059953 -0.0073886739342069315 0.004740750982292442 -0.030156609441892374 -0.0025487885826321575 0.070093052344501916 -0.025648460894178757 -0.022071175298311291 0.11389937248047831 0.041666635619216609 -0.030582312792034189 -0.012941374391449085 0.051680667941029768 -0.033085626207079839 0.059713147277586393 0.070496322417044108 -0.023595382167034596 0.15107574603624965 -0.00021130579004653748 0.098654858417557001 -0.014523990757179328 0.03098654792330548 0.042558953826231448 0.078759208276083972 -0.0049028322181877866 -0.022797130917336927 0.079268168044527257 0.03526486542391926 -0.026717136982416859
leaf_weight=3.0254839549888892 7.8696989461313933 8.1902317334897834 5.7551696598529816 7.207289592595771 14.072460459312428 10.975491688470354 1.953990147449076 4.5413559487205966 15.271261780813807 2.4072314671357153 4.7363939764327387 2.2981047378852955 46.684679648838937 2.0714802929433107 2.9003136910032481 5.0515549081610516 1.5681273966329228 8.5340340193943174 1.7835967475548384 2.2610633258009347 1.735517469642218 2.3291195004712781 5.5256806905381382 1.8564665854210032 1.406932940648409 5.4053897829726258 1.1844535808777448 0.98561198089737445 3.8634583150269464 10.639664347749202
leaf_count=471 1239 313 227 275 2733 1918 341 1197 2659 216 453 220 9433 388 407 727 280 1384 313 293 225 415 823 489 316 1212 251 208 669 1992
internal_value=-0.000250082 0.0072711 0.0236371 0.034977 0.00504419 -0.00992799 0.0126732 0.00802265 0.00495029 0.030029 0.0503972 0.0171949 -0.00488363 0.0140053 0.0164833 0.0197558 0.0144168 0.0290355 0.0828077 0.00994878 0.0538734 0.0270951 -0.00205787 -0.00277906 -0.00408627 0.0202454 -0.0136394 0.0339414 0.00109629 -0.0111035
internal_weight=194.091 186.222 21.1527 15.3975 165.069 27.0019 12.9295 138.067 122.227 15.8396 9.44173 7.0345 66.2848 19.6001 55.9427 53.0423 47.9908 25.0238 5.68084 19.3429 3.99658 3.89725 22.967 6.39782 15.3464 6.81232 17.4413 2.17007 16.5746 12.7111
internal_count=30568 29855 833 588 29022 5244 2259 23778 21246 2532 846 673 13393 3051 7853 7631 7424 4002 996 3006 518 695 3422 1686 2488 1528 3037 459 2872 2380
is_linear=0
shrinkage=0.05


Tree=194
num_leaves=31
num_cat=0
split_feature=20 3 15 16 17 16 3 4 21 9 9 3 10 9 21 21 15 0 9 21 9 20 3 20 15 1 3 11 13 2
split_gain=2.87234 4.42547 4.23259 2.73852 3.67649 3.21939 6.02117 4.3587 4.27792 2.9631 3.55625 4.09838 4.75099 3.96115 6.0659 4.90574 6.01364 5.05309 4.43489 5.52709 4.72122 6.36106 6.27825 4.96365 4.04605 4.00041 6.58231 8.00375 6.13521 9.26708
threshold=1.9788344174564303 20.314263079117001 3.5371288902494131e-11 8.2757424458935755 1.5976767487669952 0.68521281997870187 32.19781969340486 66.992301630877066 1.7134591268419401 0.49216953995425433 0.40242006794580304 52.636178372244807 4.5000000000000009 0.32914194335606256 3.2149716763849354 1.2798486249766954 2.4573177429038546e-09 429.51605133052959 0.20801590084310376 0.65942640182703072 0.17625547962054314 10.890772882286251 20.314263079117001 3.4967253736869552 9.0746226642303566e-10 153.32258469083203 32.019949598070461 -100.442836271395 27.77674056541203 5.6403677501569689
decision_type=8 2 2 2 2 2 2 2 10 2 2 2 2 2 10 8 2 2 2 8 2 8 2 10 2 2 2 2 2 2
left_child=1 2 -1 5 -5 9 7 -7 -8 10 13 12 -12 18 15 -15 17 -17 20 24 23 -22 -23 -2 -20 26 27 28 -25 -30
right_child=3 -3 -4 4 -6 6 8 -9 -10 -11 11 -13 -14 14 -16 16 -18 -19 19 -21 21 22 -24 25 -26 -27 -28 -29 29 -31
leaf_value=0.035494073877217175 -0.027328373590774627 -0.031077385374011154 -0.020091121627248909 0.036685299111546534 -0.036552010569416087 -0.027502085584404503 0.084916472271790167 0.05967483996546246 0.018826597992141928 0.052558309559357988 -0.03163246185850635 0.023697009934336589 0.038470214260885933 0.0064730009449082823 -0.031472862105540358 0.11530467415204909 -0.0033626194863414765 0.025237605851468593 0.062014035348670685 -0.019372517920733925 -0.028541809601460674 -0.023961480011622408 0.079524705541870633 0.0082373939787960173 -0.015221054403768645 0.0014803710707891869 0.0045534503619380747 -0.025007866019149089 0.16529984111078955 0.00034849867686966783
leaf_weight=6.5734083207207776 8.0673136620316637 11.429101827321572 5.3713581963675097 1.3962555356556556 5.9051732369116507 5.256322824803652 4.3538438625400877 0.87399770319461823 5.9042963605606928 2.5306278460193425 16.25084772147239 5.4941327349515632 1.944282264681533 6.7905093191657286 2.7022903983015567 3.9868821404525079 2.6013807317358442 3.2916907937615179 3.1756021142355211 26.208166347933002 1.8773781798081473 1.3292457695933988 6.5899508646689355 1.7772752920282116 2.3086672983481549 28.14884072879795 9.9428331173257885 1.4413743874756635 2.3298516398062947 1.1496942773810586
leaf_count=455 1372 878 371 200 848 1242 289 207 392 463 3841 1068 460 1327 519 1059 622 875 334 5169 310 253 1257 311 242 4104 1359 306 435 215
internal_value=0.00023088 -0.0100706 0.0108772 0.00836654 -0.0198147 0.00980035 0.0301569 -0.00844722 0.0519281 0.0072193 0.0060106 -0.0112813 -0.0225276 0.0096797 0.0297024 0.0408388 0.0616926 0.0825411 0.0052999 -0.0097425 0.0129424 0.0431295 0.0614154 0.00665057 0.0321678 0.0132338 0.0319043 0.0666386 0.091748 0.123042
internal_weight=187.003 23.3739 11.9448 163.629 7.30143 156.327 16.3885 6.13032 10.2581 139.939 137.408 23.6893 18.1951 113.719 19.3728 16.6705 9.87995 7.27857 94.3462 31.6924 62.6538 9.79657 7.9192 52.8572 5.48427 44.7899 16.641 6.6982 5.25682 3.47955
internal_count=30568 1795 826 28773 1048 27725 2130 1449 681 25595 25181 4605 4301 20576 3718 3258 2364 1934 16858 6251 10607 1618 1510 8989 576 6530 2275 1422 921 650
is_linear=0
shrinkage=0.05


Tree=195
num_leaves=31
num_cat=0
split_feature=16 21 19 12 4 13 10 13 21 10 4 13 8 20 2 20 20 17 20 13 12 13 7 9 1 1 11 2 21 3
split_gain=22.8381 29.3278 14.023 6.40391 7.59717 5.35684 7.2259 4.16651 6.27972 6.13715 4.00771 11.1787 3.88404 3.86179 3.9546 3.60406 8.99419 3.38311 2.97344 3.92349 3.27693 2.33623 1.86748 2.20652 1.55022 1.33154 1.14558 0.983069 0.66833 0.0622961
threshold=30.881699610339378 1.7134591268419401 2.5000000000000004 -109.01197656326347 61.436450451058107 23.47095345881095 2.5000000000000004 35.745680635073541 0.032608304341551854 4.5000000000000009 25.303544638065404 21.19320390779615 0.18348852424894926 24.008749171269205 5.5394694381175134 3.4967253736869552 10.465543835848552 0.10491256960854951 4.9635452817963612 22.652757823310726 -102.84401973205048 10.748706821565806 0.023483619225163292 0.22522183878676352 8.4966083763187168 779.84908504287807 -103.60369731566499 4.2891135017140778 1.7340717253745501 0.94895827094611662
decision_type=2 8 2 2 2 2 2 2 8 2 2 2 2 10 2 10 10 2 10 2 2 2 2 2 2 2 2 2 8 2
left_child=1 2 3 4 15 6 17 9 -9 10 12 -12 -5 14 18 -1 -17 -3 -4 -20 -21 -8 26 -24 -15 27 -10 -23 -7 -26
right_child=-2 5 13 7 -6 28 21 8 22 -11 11 -13 -14 24 -16 16 -18 -19 19 20 -22 25 23 -25 29 -27 -28 -29 -30 -31
leaf_value=-0.03782853014686488 0.043244557653379992 -0.0055962223793999512 -0.021904528662674866 0.043767649479933779 0.0088274869745207651 -0.0021301754670178851 0.0052829712393249817 0.0090275040954049725 -0.0079228400987319866 -0.0081456045361407037 0.023444013549625827 -0.016781709057432575 0.015929783232819718 -0.00029881881214951069 -0.035860491381503268 0.04456692428491732 -0.03715264301716234 0.065380587753339575 0.076319648000306786 0.035901593894800465 -0.030651093745741872 -0.005787733265936232 0.016797890379548625 -0.021998460435343557 -0.0096279246165659436 -0.010352592232475403 -0.040632234000984188 -0.041190122244178611 -0.041169007473607001 -0.040376580534589632
leaf_weight=21.265199017245322 23.190078929066658 2.8493886259384453 3.4610662139020887 21.421622494468465 28.339313642354682 1.2318101699929684 5.1475963268894693 50.02693552034907 4.2717506294138756 28.456081254640594 48.598464927636087 25.628830395871773 32.859559829114005 2.7646595016121891 5.727244172943756 4.7684891931712619 7.0972638500388712 2.6368063967674971 1.8841603095643229 2.7415830760728608 2.6667074388824372 2.6012030455749544 5.4209861843846729 7.6551706499885768 0.90176721662283199 7.3159140737261623 10.165407345863061 17.133724299026653 57.043246384477243 25.232299987226725
leaf_count=739 1539 287 317 200 683 318 376 1076 200 245 388 205 307 589 573 321 479 266 200 323 314 273 249 351 205 615 476 1801 14749 5734
internal_value=-0.000275686 -0.00666796 0.000224404 0.00421696 -0.0100371 -0.0309354 -0.0156432 0.0079801 -0.00149399 0.0126401 0.0172701 0.00951662 0.0275088 -0.0253454 -0.00554332 -0.0259592 -0.00340057 0.0333377 0.0122806 0.0291902 0.00342372 -0.0247417 -0.0202707 -0.00586392 -0.0360753 -0.0304399 -0.0320942 -0.037028 -0.0403937 -0.0397095
internal_weight=460.504 437.314 341.355 295.975 61.4703 95.9597 37.6846 234.505 77.5403 156.965 128.508 74.2273 54.2812 45.3795 16.4808 33.131 11.8658 5.4862 10.7535 7.29245 5.40829 32.1984 27.5133 13.0762 28.8987 27.0508 14.4372 19.7349 58.2751 26.1341
internal_count=30568 30283 12312 4501 1481 17971 2904 3020 1668 1352 1100 593 507 7811 1650 1151 800 553 984 774 637 2351 1276 600 6161 2274 676 2074 15067 5939
is_linear=0
shrinkage=0.05


Tree=196
num_leaves=15
num_cat=0
split_feature=20 20 3 7 8 2 4 6 3 8 15 6 1 13
split_gain=2.62001 1.9061 1.51041 1.529 1.80997 1.89391 1.26845 1.10453 1.93449 1.04472 1.03795 1.04071 0.889224 0.394552
threshold=32.836670301168105 3.4967253736869552 10.405171446727502 0.10507518557917096 0.19117861151223806 5.5755994427926501 27.876614205772103 -0.038248842752062633 40.307271305069207 0.17966970372321714 1.0000000180025095e-35 -0.24517042325637647 397.88034750807157 25.693586741981935
decision_type=8 10 2 2 2 2 2 2 2 2 2 2 2 2
left_child=1 -1 -3 4 7 10 9 -4 -9 -5 11 -6 -11 -7
right_child=-2 2 3 6 5 13 -8 8 -10 12 -12 -13 -14 -15
leaf_value=-0.026934236984655455 -0.031616553840943966 -0.023470170606252515 0.070472908827237793 -0.018366783521717306 0.034279858947692705 0.051888528294480811 -0.027688388676363362 -0.02320738237742009 0.052005247476567519 -0.0022645254103058634 -0.029457326016265058 -0.018934487952467785 0.05367732942509218 0.0089161503500156409
leaf_weight=1.8225303614308419 3.1436114286771035 1.1857691669938546 2.5857535888644643 0.72954604241386056 1.1101098623476 1.2932072811890989 1.720960304388427 1.0889334934545332 0.49463596717396285 1.0245672867749824 1.9510748040047472 0.7803664263992709 0.85786753499996848 1.3509931568551108
leaf_count=786 4546 409 649 217 378 200 684 440 200 261 670 266 219 209
internal_value=-0.00020854 0.0123344 0.01807 0.0226188 0.0320543 0.0122427 -0.00224351 0.0545427 0.0113216 0.0175456 -0.00997755 0.0133625 0.0330071 0.0384043
internal_weight=21.1399 17.9963 16.1738 14.988 10.6551 6.48575 4.33294 4.16932 1.58357 2.61198 3.84155 1.89048 1.88243 2.6442
internal_count=30568 7763 5585 4499 2776 1729 1723 1047 640 777 1320 644 480 409
is_linear=0
shrinkage=0.05


Tree=197
num_leaves=19
num_cat=0
split_feature=20 0 7 8 6 6 15 12 2 21 10 21 7 3 12 4 20 8
split_gain=6.82318 6.35231 3.13512 3.06517 2.73592 3.77049 3.49294 2.64662 2.55016 2.37362 2.32204 1.37199 1.34308 1.20334 1.04006 0.654757 0.43527 0.43388
threshold=2.6549014716484653 160.20598052548203 0.039594255205845037 0.43991913050801995 0.30770696481373788 -0.0079845111457635936 2.4946343260544036e-09 -108.67852957499797 3.9879552895191459 0.040355889517861107 3.5000000000000004 0.026383096162793704 0.48108562761854495 31.296422784348355 -81.74726855953169 36.211897032090057 40.313369608532703 0.36607553184061464
decision_type=8 2 2 2 2 2 2 2 2 8 2 8 2 2 2 2 8 2
left_child=3 2 17 4 5 6 7 -1 -4 -3 13 -9 14 -7 -11 -16 -14 -2
right_child=1 9 8 -5 -6 10 -8 11 -10 12 -12 -13 16 -15 15 -17 -18 -19
leaf_value=0.049175670168582555 -0.026446780210278936 -0.00095634843666193283 -0.0048109189435974744 -0.018811542538154483 0.028730687703498816 -0.0060776847151708668 -0.0022049466143437141 -0.0026695745817495852 0.070889523511571892 -0.039955007569072394 0.0086982461641821399 0.027930055904668707 0.035630758197158739 -0.032459264489333881 -0.015703345102387821 0.033683547619471434 -0.010151638716343572 0.0078008334970004079
leaf_weight=8.4253400503657758 1.7026856430165946 6.257069768995283 1.4613442767295066 9.2349575615953636 15.24881666561123 9.8708550036535652 15.199428398744201 6.8634787696646562 2.4663888784125447 21.048265195946453 12.545966109260917 6.4846819672966367 0.18498127901694006 7.5890693188412115 0.60195870636380111 0.21532462394679897 0.31965680097346094 0.84607893001521006
leaf_count=221 402 5987 219 201 326 270 349 224 369 25765 274 212 200 208 558 200 345 200
internal_value=0.000146738 -0.0184596 0.0236492 0.00717155 0.0102807 0.00571936 0.0162177 0.0286101 0.0474639 -0.0284628 -0.00732243 0.0131066 -0.0357863 -0.0186818 -0.0378368 0.00868348 0.0191575 -0.0160835
internal_weight=126.566 35.1038 6.4765 91.4626 82.2276 66.9788 36.9729 21.7735 3.92773 28.6273 30.0059 13.3482 22.3702 17.4599 21.8655 0.817283 0.504638 2.54876
internal_count=30568 28581 1190 1987 1757 1504 849 571 588 27391 655 436 27310 478 26765 758 545 602
is_linear=0
shrinkage=0.05


Tree=198
num_leaves=31
num_cat=0
split_feature=13 20 19 12 1 20 0 1 5 12 9 9 8 2 9 7 6 8 8 12 21 13 8 1 4 19 6 21 6 3
split_gain=13.6638 12.1789 6.84929 6.70526 6.4812 5.61345 4.81241 4.53452 4.08998 3.63549 4.94669 5.15248 5.12551 7.62926 3.58223 3.55442 3.3751 3.35311 3.30465 3.2511 4.31262 3.23448 3.9503 3.19492 3.17664 5.12163 4.24888 4.66872 4.18384 4.35642
threshold=-1.0000000180025095e-35 70.273120258160176 2.5000000000000004 -126.10251266064104 12.422890885828702 79.033285515399072 567.05835268502972 99.689481932163957 -46.835549813401649 -108.76233602860322 0.26267885611122926 0.20229662697170983 0.30268027795823094 5.1733955674977024 0.37446179100832838 0.34748155296172872 -0.14744415695983279 0.14878207068108038 0.34664385948903959 -98.15163703317468 1.9013329725185153 23.521415174609725 0.14687905431566398 186.06729104009403 50.227449449861005 2.5000000000000004 0.10845839909959866 1.3655588861954302 -0.28548291477967686 45.822481364470001
decision_type=2 8 2 2 2 10 2 2 2 2 2 2 2 2 2 2 2 2 2 2 10 2 2 2 2 2 2 8 2 2
left_child=-1 2 7 -3 21 8 9 -2 -6 10 11 12 13 -4 -9 -11 -17 -12 -16 20 -18 -5 -23 -19 25 26 27 -7 -26 -30
right_child=1 3 6 4 5 24 -8 14 -10 15 17 -13 -14 -15 18 16 19 23 -20 -21 -22 22 -24 -25 28 -27 -28 -29 29 -31
leaf_value=-0.042983498840145636 0.013777292310957229 -0.012789005532926473 -0.056936027992354234 -0.031857404497686752 -0.011719928225263682 0.0091977799758919086 0.027884398056117254 -0.0050365603537619041 0.036820339978801207 0.013730627161213907 0.031069175514317385 -0.042581994410241561 0.016462453534628486 0.0010904812867027244 -0.0095900639483844589 0.018240780391290953 -0.084236189904693004 -0.014721529710047563 -0.028544588246940263 0.0090268146922695639 -0.0037815467999734683 -0.023034818515275616 0.022337435564966396 0.019045184988774572 0.030036675202624871 0.029502793026033654 0.024560879502678757 -0.039481907653095581 -0.019830415692154289 0.024969595393416692
leaf_weight=17.632202874869108 24.836892971768975 25.394635777920485 7.9251995058730271 8.5382627425715345 4.3445974765345445 10.380615788046279 19.063805072102696 303.30547144589946 43.62029094202444 72.053563142661005 10.501918401569126 11.948904229328035 14.812766289338468 15.405539650004357 75.223961682524532 4.8785817138850698 2.8833179930225041 16.336395130958415 33.326675137504935 3.2518620067276034 3.089187191799283 7.1212045964784965 10.764971184078602 10.75823217211291 7.6568950242362908 38.884824275970459 11.605573249980806 7.8893392514437446 22.09192563593388 6.16829545609653
leaf_count=633 201 2030 205 264 661 454 1030 2435 6633 5275 341 319 397 399 585 350 203 517 259 225 217 282 427 341 457 3368 510 345 1321 369
internal_value=0.000124992 0.000309543 -0.00313546 0.0108814 0.0142907 0.0182333 0.00469444 -0.00659714 0.0322741 0.00200651 -0.00513338 -0.0152929 -0.00587476 -0.0201505 -0.00785621 0.00924891 -0.0130417 0.00844828 -0.0156168 -0.0297523 -0.0491329 -0.00831869 0.00400975 -0.0011134 0.0115551 0.0177755 0.00205057 -0.0127811 -0.000512193 -0.00953284
internal_weight=851.696 834.064 629.602 204.461 179.067 152.642 192.909 436.693 47.9649 173.845 87.689 50.0924 38.1435 23.3307 411.856 86.1565 14.1029 37.5965 108.551 9.22437 5.97251 26.4244 17.8862 27.0946 104.677 68.7604 29.8755 18.27 35.9171 28.2602
internal_count=30568 30303 13957 16346 16208 15392 10426 3531 7294 8866 2559 1337 1022 604 3306 6307 1013 1222 844 639 420 816 709 858 8098 5956 1313 799 2142 1690
is_linear=0
shrinkage=0.05


Tree=199
num_leaves=31
num_cat=0
split_feature=1 1 11 1 8 8 7 17 12 8 16 3 8 0 20 15 4 1 1 2 8 1 6 21 21 12 12 20 20 7
split_gain=2.52874 2.34705 2.87274 3.87421 2.78571 5.09851 3.71066 4.03507 3.57103 3.35717 5.24548 3.96395 6.87113 3.88634 4.92792 3.7031 3.5714 4.41351 9.1322 7.41729 4.6236 4.2211 3.89957 3.45262 3.28089 3.13376 4.26381 3.09439 3.85531 3.06615
threshold=1136.1833025708454 969.28967126211012 -97.348315179860535 1013.1202485432701 0.41131735072805148 0.47311705311372571 0.19318695706405456 2.1316282072803012e-14 -112.31357087385987 0.36823655882944334 1.0000000180025095e-35 32.564712469243652 0.38002569992511509 323.17745425255458 4.9635452817963612 1.6409211375541596e-07 81.345198124709825 221.54394685754201 325.17847434392957 5.2604762056155154 0.3046351920073348 632.57038842390511 0.074280855615436195 3.6264071428742652 2.0904945658093954 -107.17750001579499 -104.34860243366728 113.40843381944451 135.32248389350553 0.039594255205845037
decision_type=2 2 2 2 2 2 2 2 2 2 2 2 2 2 8 2 2 2 2 2 2 2 2 10 10 2 2 10 10 2
left_child=1 4 3 -3 9 -6 7 8 -7 10 13 24 -13 14 -1 16 17 23 19 -19 25 -22 -21 27 -11 -20 -27 -12 -29 -14
right_child=-2 2 -4 -5 5 6 -8 -9 -10 11 15 12 29 -15 -16 -17 -18 18 20 22 21 -23 -24 -25 -26 26 -28 28 -30 -31
leaf_value=0.061787083537760704 -0.020411820639875126 0.053678720962661242 -0.0071424554737883452 0.004541322623673359 -0.024732245465432175 0.086201738173202647 -0.029017997164999084 -0.026247258368638539 0.008108399739604007 -0.025187616609428615 -0.021560611005207325 0.098252085626953742 -0.020378346494795259 -0.012472563549646478 0.0011576026238427522 -0.032697661351635147 0.054939561422105189 0.0014025752994401655 -0.023116436082007506 0.029544446684235559 -0.00018415245906102848 0.091047656230213866 0.14849428893248462 0.028925341695011708 0.040612216003352651 0.073558880943879607 -0.0046185893312152724 0.076810973951940184 -0.022884615893438515 0.039910990092468665
leaf_weight=3.217446187860336 7.7165782393421978 8.5952677621971834 5.7096373406238854 7.2381343643646687 17.53469481860521 2.7183910883031808 2.1354847099282779 1.3968811394879592 2.7928044092841433 4.394135071546776 14.893852263165178 3.119187564472667 3.0106290962430657 45.952844313636888 16.517459549359046 2.7800698336213827 5.3138662020210177 2.2270733562763816 8.3312424731557311 1.6784110842854727 2.2570659304037699 1.8811695358017457 2.0669212329084985 5.6963691937271506 1.922597136464901 1.5126906338264294 5.3559859572560446 1.0250000106170787 1.1903438437730072 3.6513391969492659
leaf_count=497 1217 319 221 269 3460 460 373 219 472 1173 2644 270 287 9369 2554 388 759 371 1364 265 283 235 326 855 513 337 1191 212 247 348
internal_value=-0.000241496 0.00721749 0.0223817 0.0328201 0.00510928 -0.00946457 0.0196532 0.0364657 0.053951 0.00796413 0.00500842 0.0287437 0.0471775 -0.00456996 0.0135454 0.0160861 0.0191785 0.0141909 0.0281474 0.077316 0.00990719 0.0509365 0.112648 -0.00183022 -0.00234698 -0.00371792 0.0197587 -0.0131019 0.0327856 0.0135617
internal_weight=193.834 186.117 21.543 15.8334 164.574 26.5783 9.04356 6.90808 5.5112 137.996 121.898 16.0979 9.78116 65.6878 19.7349 56.2101 53.43 48.1161 25.3106 5.97241 19.3382 4.13824 3.74533 22.8056 6.31673 15.1999 6.86868 17.1092 2.21534 6.66197
internal_count=30568 29855 833 588 29022 5244 1581 1085 932 23778 21246 2532 846 13393 3051 7853 7631 7424 4002 996 3006 518 591 3422 1686 2488 1528 3037 459 635
is_linear=0
shrinkage=0.05


Tree=200
num_leaves=31
num_cat=0
split_feature=20 3 1 16 17 16 3 4 21 20 4 20 5 1 19 5 7 7 5 20 6 8 2 19 9 2 21 3 1 9
split_gain=2.71759 4.17525 3.90208 2.51673 3.71546 2.89587 5.1994 4.37391 3.59574 2.79207 3.5415 4.42479 4.3836 5.65066 4.69736 3.49203 6.49094 4.74989 3.94616 4.93815 6.50115 4.5568 4.84264 4.26784 3.74528 5.04025 4.19978 3.55725 4.43242 2.80425
threshold=1.9788344174564303 20.314263079117001 993.70085261680754 8.2757424458935755 1.4935070992143109 0.68521281997870187 32.19781969340486 67.607626709007363 2.3150975044298252 26.584941857349104 55.02092949717521 25.148970056222552 -11.256256794168548 294.01257236362454 2.5000000000000004 -52.22850809463629 0.031767815577545384 0.40446637860147133 21.270579280372402 49.694588094060755 0.41739076888698273 0.28534700561485865 5.1314413797884564 4.5000000000000009 0.17792490788111073 4.7919905569677042 1.9122024908450852 30.795500489417453 234.40216255945504 0.31703713496810743
decision_type=8 2 2 2 2 2 2 2 10 8 2 8 2 2 2 2 2 2 2 8 2 2 2 2 2 2 8 2 2 2
left_child=1 2 -1 5 -5 9 7 -7 -8 10 11 12 13 -2 -14 16 -11 18 24 -20 21 22 -21 -24 -17 26 -26 -27 -29 -15
right_child=3 -3 -4 4 -6 6 8 -9 -10 15 -12 -13 14 29 -16 17 -18 -19 19 20 -22 -23 23 -25 25 27 -28 28 -30 -31
leaf_value=-0.015970934863685393 0.03436190883540604 -0.030719954580998091 0.036936739495031595 0.037862422363977244 -0.036357087896859534 -0.027259117135860256 0.069405841720063324 0.060503260791065189 0.0093685598636679794 -0.019801831291754644 -0.0071362252802120944 0.075695771598755249 0.048591593324298299 -0.038210227217391389 -0.00066693139615208537 -0.025752026241192178 0.070166125852633598 -0.037790437516857685 -0.022231874712406771 -0.019884675790600593 0.099089843842686667 -0.014696745300562856 0.025584343809156897 0.098220408783533927 -0.02005588366242057 -0.027527826197504646 0.085713234063482677 -0.017298579894283059 0.036547966716967382 0.0067342028238338908
leaf_weight=6.3126085557160012 6.609181809821167 11.076002605026586 5.7856077295728028 1.357648643723224 5.7280174498446286 5.1573876855545731 6.3957581213908261 0.85713464790023863 4.296732590533793 2.8648709240369499 12.657951560919171 2.6677350683603427 13.738089888938708 7.1190323947230345 7.1664269100874662 16.008677130623255 3.7376914168708026 7.2275316959130578 5.9003780951025 3.0060556748649185 1.7554786920081822 7.3174771151971072 9.3648891048505885 2.1047199093736708 0.89265645277919736 8.8725510929944029 2.04578268789919 6.4314765650196923 7.0490902678575367 5.6095600915141404
leaf_count=431 481 858 395 201 847 1243 407 206 274 244 922 201 1070 398 558 5507 319 1945 951 470 293 1215 1213 273 272 3090 625 1256 1377 314
internal_value=0.000232359 -0.00980901 0.0102189 0.00818782 -0.0192124 0.00953945 0.0286581 -0.00790963 0.0481447 0.00707342 0.0156734 0.0224113 0.0171292 -0.000209165 0.0324454 0.00130617 0.0336589 -0.00182475 0.0023249 0.0160221 0.0261223 0.0161552 0.0316928 0.0457212 -0.00758977 0.00444854 0.0566481 -0.00454526 0.0114377 -0.0193552
internal_weight=187.114 23.1742 12.0982 163.94 7.08567 156.854 16.707 6.01452 10.6925 140.147 55.568 42.91 40.2423 19.3378 20.9045 84.5793 6.60256 77.9768 70.7492 29.449 23.5486 21.7931 14.4757 11.4696 41.3002 25.2916 2.93844 22.3531 13.4806 12.7286
internal_count=30568 1795 826 28773 1048 27725 2130 1449 681 25595 4048 3231 3035 1407 1628 21547 563 20984 18955 4747 3932 3619 2261 1486 14208 8683 897 7786 2633 712
is_linear=0
shrinkage=0.05


Tree=201
num_leaves=31
num_cat=0
split_feature=16 21 19 12 13 10 13 7 1 20 0 10 19 21 21 2 1 4 13 3 15 1 8 1 6 17 13 13 9 6
split_gain=21.0296 27.4489 12.6242 5.84084 5.40068 4.07414 6.07694 4.40401 4.21774 4.04147 4.24656 3.82109 3.27385 3.24229 5.20855 3.00095 2.88184 3.01224 4.47348 6.4269 2.94691 5.97493 2.62903 1.15223 1.05159 1.00435 0.96584 5.59601 0.36466 0.730794
threshold=30.881699610339378 1.8277542308877452 2.5000000000000004 -111.932706011078 13.97262497589327 4.5000000000000009 19.807234145527406 -0.37996858417820428 325.17847434392957 24.008749171269205 509.08582574394057 3.5000000000000004 4.5000000000000009 0.6973271657053467 0.026383096162793704 5.2951503221514011 459.88547816826156 29.648616707131854 25.769349465867354 15.076166370596702 1.7746133486995525e-09 1062.5505297263701 0.19117861151223806 8.4966083763187168 -0.026879030453358144 3.9622417181863869 23.47095345881095 23.035621486405109 0.39474307329617814 -0.10667111322726662
decision_type=2 8 2 2 2 2 2 2 2 10 2 2 2 8 8 2 2 2 2 2 2 2 2 2 2 2 2 2 2 2
left_child=1 2 3 13 -3 6 -5 -8 24 10 11 12 15 14 -1 -4 -10 18 -18 -20 21 -19 -21 -11 -9 -25 27 28 -6 -30
right_child=-2 4 9 5 26 -7 7 8 16 23 -12 -13 -14 -15 -16 -17 17 20 19 22 -22 -23 -24 25 -26 -27 -28 -29 29 -31
leaf_value=-0.025647172129145013 0.042880918349780348 0.0028840144298084799 -0.015903751409700226 0.022108547334051848 -0.037496968549698771 -0.0097446696610196722 0.023199115177042248 -0.030955511811247883 0.023335431805546439 -0.0046873091537738363 -0.035908044386404263 0.058609209599790359 -0.033609642682586469 -0.037536015535602839 0.017210202970878271 0.050415142396984851 0.023136309893953516 0.017703387777414838 0.018692670337295981 0.00051986907477256212 -0.023924726599758583 -0.027718147896934078 -0.036100676664974483 -0.039752427405708515 -0.0083281250641427523 0.007772930964099165 -0.041072331278507138 0.042680602767022471 0.0073735542739356676 -0.029256802613830481
leaf_weight=13.786593334050851 21.67759545892477 9.4847387440968287 2.4849131596274709 59.100841833278537 15.63076011720114 34.754243271891028 23.582148870686069 9.8566946801729536 15.545498584629966 3.1872848931234357 5.8116663112305105 2.3837097350042313 3.8902962724678218 10.254938825499265 12.672133797314018 2.6954695102758706 26.832150467904285 19.062067762017254 16.879552506608889 7.856673367088665 17.8687906449195 10.330605783732608 11.905340699478982 26.222111430717636 11.696761541534213 0.84774206555448472 51.196931789396331 1.8450636088382453 1.7899086778052158 2.2265970949083567
leaf_count=259 1462 1966 248 853 1698 481 405 251 249 710 609 224 385 291 238 269 424 387 351 210 294 210 318 6281 298 203 11774 203 200 249
internal_value=-0.000261726 -0.00652152 -0.000376976 0.00341611 -0.0323372 0.00601428 0.00842203 0.00360233 0.000341432 -0.0240537 -0.00436623 0.0132355 -0.00332417 -0.0150184 -0.00524183 0.0211774 0.00387043 0.000953461 0.00801664 -0.00337581 -0.00850218 0.0013524 -0.0222178 -0.0347892 -0.0195897 -0.0380402 -0.0369097 -0.0256088 -0.0337784 -0.0147171
internal_weight=453.36 431.682 349.508 301.985 82.174 265.271 230.517 171.416 147.834 47.5232 17.2661 11.4544 9.07068 36.7137 26.4587 5.18038 126.281 110.735 63.4737 36.6416 47.2615 29.3927 19.762 30.2571 21.5535 27.0699 72.6893 21.4923 19.6473 4.01651
internal_count=30568 30283 13253 4709 17030 3668 3327 2946 2571 8544 1808 1075 898 1041 497 517 2022 1781 1004 763 777 597 528 6736 549 6484 16717 2363 2134 449
is_linear=0
shrinkage=0.05


Tree=202
num_leaves=14
num_cat=0
split_feature=20 20 3 8 8 1 7 8 8 4 3 4 2
split_gain=2.47708 1.81863 1.44417 1.46399 1.52668 1.3818 1.33901 2.20872 2.66105 1.28536 0.688093 0.685797 0.226151
threshold=32.836670301168105 3.4967253736869552 10.405171446727502 0.45705963558168389 0.040659871405630106 59.994443264569256 0.10507518557917096 0.19117861151223806 0.4168644153368582 27.876614205772103 21.881501731642654 11.929102108683351 5.4312810233507713
decision_type=8 10 2 2 2 2 2 2 2 2 2 2 2
left_child=1 -1 -3 4 -4 -6 7 12 10 11 -9 -8 -7
right_child=-2 2 3 -5 5 6 9 8 -10 -11 -12 -13 -14
leaf_value=-0.026664128246884918 -0.031264933410738015 -0.023234475689015793 -0.020934438258396873 -0.021944103629798269 -0.018060135164800841 0.027120839765018879 -0.0033766518807997791 0.0096246605535704223 0.057884101950765043 -0.024341036085191364 -0.025268909215119702 0.042520882561135738 0.086888447625192627
leaf_weight=1.7720080756480516 3.0037033470944143 1.1605955274135382 0.88815784943290133 0.99386295513249934 0.74761130138358645 1.5437888173255492 1.1171493141664572 2.5160727660695583 1.6731125803635223 1.231507425298332 1.4210452715924473 1.0689249972638206 1.8233328277419785
leaf_count=766 4380 400 260 298 211 308 266 691 377 423 391 255 363
internal_value=-0.000198005 0.012093 0.0176409 0.0220513 0.0264203 0.0308745 0.0349539 0.0442702 0.0192723 0.00600021 -0.00553687 0.0253678 0.0719707
internal_weight=20.9609 17.9572 16.1852 15.0246 14.0307 13.1425 12.3949 8.97735 5.61023 3.41758 3.93712 2.18607 3.36712
internal_count=30568 7763 5585 4499 4114 3709 3111 1936 1265 1175 1082 521 671
is_linear=0
shrinkage=0.05


Tree=203
num_leaves=16
num_cat=0
split_feature=20 2 8 8 1 1 2 7 17 8 12 8 2 8 7
split_gain=6.14773 8.47427 3.71211 3.12131 3.75373 5.42619 2.67952 3.12453 2.3743 2.22456 2.13415 5.30309 1.30287 0.67621 0.312218
threshold=4.3762599157402358 4.4959952347279826 0.44165800079303136 0.18737756200169733 221.54394685754201 566.55219769531766 5.3350114935374329 -0.094373202201015957 1.0000000180025095e-35 0.35653161143699591 -73.03301509045086 0.37207138917150312 5.1088250813938467 0.17736202774738799 0.054757946322959057
decision_type=8 2 2 2 2 2 2 2 2 2 2 2 2 2 2
left_child=2 8 3 6 -5 -6 12 -8 10 -7 11 13 -1 -2 -10
right_child=1 -3 -4 4 5 9 7 -9 14 -11 -12 -13 -14 -15 -16
leaf_value=-0.0023218066612133346 0.024757655690482147 -0.03950765975334071 -0.022939664452738963 0.040600429848172706 -0.017503028318437513 0.0086672692916349055 0.027321191702236559 -0.009757356725655409 0.0045108916653694977 0.035244918431872732 -0.0070354204905496466 -0.022178779183470002 -0.033797806725104899 0.10841414367998442 -0.025135997308692867
leaf_weight=5.9140936210751525 1.1220873960992368 17.94640949103632 9.3143239871133101 11.139094203943385 12.972035208367741 20.581882955739275 9.6115878588752821 11.420534371864052 0.97500523558119456 12.752156689530239 1.6274689846613934 1.1115702993120065 6.8758589056087658 1.2725247607450001 1.4764065635390577
leaf_count=200 212 19821 219 239 256 346 202 241 200 215 323 206 232 241 302
internal_value=0.000157556 -0.0214188 0.00561058 0.00874133 0.0157421 0.00903048 -0.00325972 0.00765835 0.0209965 0.0195651 0.0380841 0.0559409 -0.0204671 0.0880548 -0.0154539
internal_weight=126.113 25.5315 100.582 91.2672 57.4452 46.3061 33.8221 21.0321 7.58506 33.334 5.13365 3.50618 12.79 2.39461 2.45141
internal_count=30568 28199 2369 2105 1230 913 875 443 1520 561 1018 650 432 453 502
is_linear=0
shrinkage=0.05


Tree=204
num_leaves=31
num_cat=0
split_feature=13 20 12 1 19 20 0 0 11 10 21 20 3 20 21 13 2 12 9 9 8 7 2 4 8 1 9 21 1 3
split_gain=12.5602 10.845 5.9737 6.15219 5.71093 5.40119 4.52186 4.06001 3.59227 3.30868 4.67352 5.34917 4.83418 4.20984 8.12946 4.95217 3.46301 3.18845 4.55224 4.60779 4.4036 3.36133 3.34758 3.3508 3.22365 3.21646 3.39777 3.17997 4.18646 3.17533
threshold=1.0000000180025095e-35 70.273120258160176 -126.10251266064104 12.422890885828702 2.5000000000000004 79.033285515399072 567.05835268502972 160.20598052548203 -125.14559643286049 2.5000000000000004 0.0025057415598664155 18.275665644213454 32.019949598070461 0.97664109531747711 0.58427687026696018 22.311904885193837 5.4665696708596831 -108.76233602860322 0.26267885611122926 0.14146604251959452 0.25263348363819654 0.34748155296172872 5.3023580623155953 33.252990352360754 0.14878207068108038 24.694178025588204 0.15443002798886599 0.026383096162793704 604.89992134286365 8.3820743771200572
decision_type=2 8 2 2 2 10 2 2 2 2 8 10 2 10 8 2 2 2 2 2 2 2 2 2 2 2 2 8 2 2
left_child=-1 4 -3 -4 9 7 17 -5 -9 10 -2 16 -13 -11 -15 -16 27 18 19 20 -6 25 23 -23 -20 26 -19 -12 -29 -27
right_child=1 2 3 5 6 -7 -8 8 -10 13 11 12 -14 14 15 -17 -18 21 24 -21 -22 22 -24 -25 -26 29 -28 28 -30 -31
leaf_value=-0.042654139892700921 0.019110264160731492 -0.011860026261900809 -0.0083809241535408169 -0.020504502216326364 -0.020111373297122023 0.011037644494269304 0.027221508278311747 -0.024346422339247401 0.038682174542346695 -0.0022732065053690195 -0.011933238210917912 0.034941178558595784 -0.0093440057157800488 -0.029395161311045831 0.0044291850087311707 -0.022954505103799698 -0.018511778646310137 -0.042050594103643257 0.030673750349233891 -0.02933716805109074 0.020165133194105546 -0.057442572816965035 0.01435815371252705 0.0030994851828886477 -0.0011838744726007774 -0.010013538787545729 0.012439658929765687 -0.011073472617634221 0.015202699332236695 0.021886372111379466
leaf_weight=16.426476822467521 23.239268341101706 25.636459600180387 26.329139749752358 2.8462521992623797 12.222176168579612 102.82394170202315 18.225638348143548 1.7406354546546925 41.040379643207416 96.725940519943833 49.565118311438709 14.267432465218011 9.7526704031042737 60.394227952230722 49.338565423619002 23.630529914982617 48.877123448532075 4.1952899466268709 10.207819319795815 25.249473215546459 12.943680699914692 4.4165722718462339 5.8745186417363584 3.7850750242359936 27.002460166346282 8.5510183386504632 5.6143806506879628 24.066910027060658 37.57296154089272 51.87873492995277
leaf_count=595 229 2091 2442 455 351 10661 999 289 6805 625 332 462 315 490 529 253 335 201 335 670 371 270 423 232 887 683 268 200 312 4142
internal_value=0.000113014 0.00023854 0.010335 0.0136395 -0.00299697 0.0175749 0.00422173 0.0317544 0.0356202 -0.00613767 -0.00154399 -0.00424033 0.0173056 -0.0102526 -0.0159799 -0.00462927 -0.00756064 0.00164046 -0.00501199 -0.0146809 0.000583205 0.00853179 -0.0131071 -0.0322019 0.0081296 0.0129914 -0.0125984 -0.00262529 0.00493033 0.0172829
internal_weight=844.441 828.014 200.417 174.78 627.598 148.451 190.167 45.6273 42.781 437.431 207.341 184.102 24.0201 230.089 133.363 72.9691 160.082 171.941 87.6256 50.4153 25.1659 84.3156 14.0762 8.20165 37.2103 70.2394 9.80967 111.205 61.6399 60.4298
internal_count=30568 30303 16346 16208 13957 15392 10426 7294 7094 3531 2045 1875 777 1486 1082 782 1098 8866 2559 1337 722 6307 1013 502 1222 5294 469 744 512 4825
is_linear=0
shrinkage=0.05


Tree=205
num_leaves=31
num_cat=0
split_feature=1 4 11 6 5 9 2 2 6 6 1 21 9 21 5 3 7 6 0 20 5 6 3 3 1 1 9 5 2 20
split_gain=2.41059 2.40367 2.27113 6.15867 3.59563 5.23094 5.42794 3.3797 3.92728 5.13118 4.21007 8.03929 5.83662 5.57963 6.78042 5.56805 5.44058 5.37043 3.49134 4.49541 3.24891 3.69671 5.86829 3.20893 3.13696 2.76919 2.71273 5.52233 7.38273 4.74183
threshold=1136.1833025708454 13.475785808463751 -73.073572644552939 -0.014902937746314791 -1.0971513576578997 0.46216600787525813 5.8686132747640505 5.6758481995227852 -0.3804964075429797 -0.36864478272121065 300.0154973696321 0.58427687026696018 0.069872231399889642 3.2521278693227456 7.8084145184889531 39.314991504866008 -0.22726795685783949 -0.060454756581021611 351.29157080827957 26.584941857349104 -20.946841840185577 0.13686619402674774 52.026497400078803 27.394400791128604 47.914682462796058 679.21512110028311 0.28900654519352115 -39.132870938884729 5.2877762830595794 59.455249826105906
decision_type=2 2 2 2 2 2 2 2 2 2 2 8 2 10 2 2 2 2 2 10 2 2 2 2 2 2 2 2 2 8
left_child=2 -2 4 -4 20 6 7 8 -6 -10 12 25 17 14 16 -15 -14 -11 -16 -20 24 -22 -23 -19 -1 -12 29 28 -28 -26
right_child=1 -3 3 -5 5 -7 -8 -9 9 10 11 -13 13 15 18 -17 -18 23 19 -21 21 22 -24 -25 26 -27 27 -29 -30 -31
leaf_value=-0.024087989069339438 0.019106461855325229 -0.035892612136727967 0.084163982792113179 -0.025792155745886888 -0.014096268331752232 -0.026388596487977561 0.086393267182118871 -0.014692620869301383 0.0842243610587598 0.10912184888234731 0.00034221917709047986 -0.016863714427520046 0.10839837564583342 0.087586885207836085 -0.032710983902038977 0.017395312893210235 0.0011700228968473236 0.061370607279406512 0.029422808565649841 -0.020288413225600908 -0.029290006947771775 -0.012530110975437676 0.066538423041821032 -0.016189888749339867 0.036196522406816332 0.048635458987253632 -0.013944043823008196 -0.032532977060585694 0.071773837010535385 -0.0098092214878068035
leaf_weight=6.5289170008618376 2.1232727398164579 5.4644062165170908 2.0763954608701187 1.5439814623678101 9.0136072105960903 7.3288290232303552 1.6302954548737032 9.176360583282074 2.0156235125032245 2.846516886143946 4.4404324119095699 19.71167891897494 1.5897265871171851 3.9012191705405721 7.1194322344381389 8.2600670821266231 2.2183477159123894 1.3251595678739252 8.9845320463646221 7.4166956641711295 17.089555892744109 8.7769028253969719 2.1004663885105401 2.3997308241087012 16.215080850292001 8.0417109637055528 5.5162763391272192 7.9252751238527708 3.2471521819243208 7.7716764411889008
leaf_count=1004 200 513 288 215 1210 1034 229 1300 265 399 218 2718 339 258 1034 545 474 207 1297 1070 4241 2065 494 374 2412 394 612 1258 361 1156
internal_value=-0.000234763 -0.0200694 0.00710083 0.0418379 0.00618793 0.0120159 0.0150612 0.0130234 0.0160031 0.0195148 0.0168064 0.00278165 0.0263414 0.0180852 0.00500921 0.0448561 0.0591687 0.0670145 -0.00581481 0.00706913 -0.00218871 -0.0153986 0.00705497 0.0185518 0.00579474 0.0327551 0.0110542 -0.00431884 0.0219156 0.0214947
internal_weight=193.799 7.58768 186.212 3.62038 182.591 107.42 100.091 98.4608 89.2845 80.2709 78.2553 32.1938 46.0614 39.49 27.3287 12.1613 3.80807 6.57141 23.5207 16.4012 75.1713 27.9669 10.8774 3.72489 47.2044 12.4821 40.6755 16.6887 8.76343 23.9868
internal_count=30568 713 29855 503 29352 15152 14067 13949 11989 10537 10392 4439 5953 5032 4229 803 813 921 3416 2367 14200 6940 2559 581 7260 612 6217 2649 973 3568
is_linear=0
shrinkage=0.05


Tree=206
num_leaves=31
num_cat=0
split_feature=20 3 15 21 4 9 8 9 9 8 3 7 19 8 8 7 4 4 11 21 17 11 20 11 20 9 8 1 20 20
split_gain=2.58808 3.96347 3.75201 2.39879 4.27516 3.04901 3.58333 3.09528 10.6053 11.4149 6.93091 3.52865 5.42712 4.10938 4.64068 4.6493 3.68335 3.60041 4.6357 4.0975 4.49026 3.61278 5.01247 3.5857 3.51564 3.57306 4.41098 3.70865 4.95601 3.18329
threshold=1.9788344174564303 20.314263079117001 3.5371288902494131e-11 3.7252410563412002 88.614436198824066 0.48661597731674983 0.14319765588399938 0.36853420016226718 0.3549110627720054 0.29682157605414533 36.225466055975907 0.31678719657747673 3.5000000000000004 0.25073433367272596 0.25658420208275334 0.035678646320994829 54.194774686576359 19.544403115113003 -117.24093066554748 0.42618502547248854 1.0000000180025095e-35 -109.96507533342698 27.597972824803254 -108.87171891120049 3.1058799554398253 0.21777526387771576 0.026672943076904158 278.03770012810406 70.273120258160176 133.71106859364104
decision_type=8 2 2 10 2 2 2 2 2 2 2 2 2 2 2 2 2 2 2 10 2 2 8 2 10 2 2 2 10 8
left_child=1 2 -1 4 5 7 -7 8 11 -10 -9 13 23 24 -15 17 -17 29 -19 -20 21 -21 -23 -13 -2 26 -26 28 -28 -16
right_child=3 -3 -4 -5 -6 6 -8 10 9 -11 -12 12 -14 14 15 16 -18 18 19 20 -22 22 -24 -25 25 -27 27 -29 -30 -31
leaf_value=0.031986166778061584 -0.033035676646787457 -0.030412382848006948 -0.019918586140476625 -0.007665876852519531 0.065637049463605365 0.088281529317634361 0.0050829190276741286 -0.028296360553404804 0.12788894203850318 -0.025395244555191807 0.019210733331864665 0.0068988643298611603 -0.025940403492825767 0.086002300621809302 -0.018624881271967875 -0.023888097099183332 0.020267921774151928 -0.012856019342445719 -0.0062752696305414263 0.1101702454240088 0.011788642001121431 0.065490808584088761 -0.025789730922786632 0.09769940501668814 0.054457950831930217 -0.019191910940518801 0.041482704546062101 -0.015598504502369681 -0.023050428492264921 0.043573428750454203
leaf_weight=6.9195141869713597 8.0477778771310096 10.78435285144951 5.3159901432227343 20.620225398626644 2.4308955619344488 1.5955403519910767 2.8433930048486218 15.952250749396629 2.7335989788407469 1.375619566242676 13.101709905546157 1.8228120893472817 1.5682334438897667 1.2580623935209576 6.8376066207420116 11.569741130573677 6.6373900775215589 3.5850975398789204 2.8171476443531001 3.8014643473434315 4.2710002132225782 3.4590662690461569 1.607614412670954 2.4581777941202749 3.9154856198583756 13.37722143373685 8.3027697755605949 12.834255006862803 3.60412740992615 1.7919327890267585
leaf_count=467 1404 841 359 3613 444 262 466 3374 482 243 2771 261 270 232 1408 2267 1300 594 545 584 697 740 344 353 568 2057 1300 1924 565 369
internal_value=0.000236649 -0.00961209 0.00963388 0.00799819 0.0102849 0.00887681 0.0457211 0.00735738 0.0112455 0.0816478 -0.00694693 0.00769803 0.042445 0.00520924 0.0155728 0.0118874 -0.00757391 0.0242939 0.0356838 0.0467048 0.0577047 0.0763828 0.0370513 0.0676646 -0.00476013 0.00129536 0.0111837 0.00248564 0.0216765 -0.0025256
internal_weight=187.24 23.0199 12.2355 164.22 143.6 141.169 4.43893 136.73 107.676 4.10922 29.054 103.567 5.84922 97.7178 47.6361 46.3781 18.2071 28.1709 19.5414 15.9563 13.1391 8.86815 5.06668 4.28099 50.0816 42.0339 28.6566 24.7412 11.9069 8.62954
internal_count=30568 1795 826 28773 26215 26144 728 25416 19271 725 6145 18546 1008 17538 8800 8584 3567 5017 3240 3089 2143 1362 1084 614 8738 6463 4155 3709 1865 1777
is_linear=0
shrinkage=0.05


Tree=207
num_leaves=31
num_cat=0
split_feature=16 21 20 0 13 9 2 2 13 2 1 9 11 2 15 6 15 20 9 3 8 8 4 8 12 8 0 6 15 13
split_gain=19.3536 25.7046 11.4802 8.01134 5.22252 5.21532 4.53398 7.70716 3.92165 4.89731 3.70412 3.71967 3.62575 3.53099 3.43429 3.99431 3.4311 4.12936 3.72683 3.05249 3.17084 4.82853 2.40795 2.13987 2.01037 2.36311 1.87768 1.5511 1.51906 1.00271
threshold=30.881699610339378 1.8277542308877452 57.064438286372109 513.63769841024657 13.97262497589327 0.38039831606126034 5.185707714163553 5.3139945951929617 23.035621486405109 5.4458344927680926 287.52391465680404 0.31902179843300266 -109.03623124290998 5.4636432949532132 4.0322430636353104e-09 0.10845839909959866 6.7734595086502865e-09 10.465543835848552 0.28134269934958583 13.510655457207852 0.17497288679246029 0.086189734744965399 67.607626709007363 0.23910882755053378 -96.960692134984271 0.21734682324534901 398.73518620716305 -0.44640700649919646 1.9138205166642119e-09 23.47095345881095
decision_type=2 8 10 2 2 2 2 2 2 2 2 2 2 2 2 2 2 10 2 2 2 2 2 2 2 2 2 2 2 2
left_child=1 2 3 5 -3 10 -7 -8 -9 -10 11 13 22 26 15 24 17 18 -5 20 21 -4 -12 -17 25 -14 28 -21 -1 -6
right_child=-2 4 19 16 29 6 7 8 9 -11 12 -13 14 -15 -16 23 -18 -19 -20 27 -22 -23 -24 -25 -26 -27 -28 -29 -30 -31
leaf_value=-0.018253327910303537 0.042534757112488178 0.0026320104023299603 -0.026560976449988255 0.016657091372282672 -0.025126456402104643 0.0051804446667566761 0.064162203405641799 0.035699287974880305 -0.034255581627305721 0.025271320211594419 -0.029661036224800031 -0.045682751413633614 -0.029332004496635658 0.029270017134554682 0.019808480714413566 0.029124158202803202 -0.038378874814495388 -0.03509514166230368 -0.018796988183632599 0.0068077353195329692 -0.022089624861023841 0.069724629729337725 0.0024088784673178508 0.0050955706454970289 0.0034554180154295847 0.00033171152763795698 -0.0331640713588192 -0.037389637743736596 0.0084719308340993268 -0.041018707940814247
leaf_weight=8.7276941672898936 20.270019367337227 9.474117912584914 1.5733180989045652 16.735322319669656 20.899322413606569 33.108188096666709 10.757664064411076 9.1190048861317372 6.2419851254671803 5.6449269386939704 10.136310369707648 5.7157231795135885 13.412512208567936 5.3380694780498743 44.246361966710538 15.163950531976296 11.489674551412461 9.2182204013224673 11.742494511418043 1.8382678432390118 6.4206229017581791 2.0050474235322326 12.047111648134885 22.965763310203329 28.319561391603202 12.527544585987924 6.6958866748027503 26.03132588439621 10.819493141490964 48.353063453221694
leaf_count=255 1386 2049 200 359 5045 592 254 243 241 217 202 239 249 216 557 208 577 521 252 303 842 255 241 316 425 233 252 4289 315 11672
internal_value=-0.0002482 -0.00633915 -0.000471596 0.00273001 -0.0319478 0.00622761 0.0184021 0.0316048 0.0127733 -0.00621967 0.00212755 -0.011853 0.00546435 -0.00451612 0.00851664 0.00295464 -0.0155831 -0.0078228 0.00189629 -0.0260908 -0.00206772 0.0308355 -0.0128922 0.0151517 -0.00573564 -0.0155256 -0.0122107 -0.0343396 -0.00376834 -0.0366486
internal_weight=447.039 426.769 348.042 310.173 78.7265 260.988 64.8718 31.7636 21.0059 11.8869 196.116 37.2969 158.819 31.5811 136.636 92.3893 49.1857 37.696 28.4778 37.8686 9.99899 3.57837 22.1834 38.1297 54.2596 25.9401 26.2431 27.8696 19.5472 69.2524
internal_count=30568 30283 13253 7350 17030 4878 1159 751 559 458 3719 1557 2162 1278 1719 1339 2472 2129 611 5903 1311 455 443 524 815 482 988 4592 570 16717
is_linear=0
shrinkage=0.05


Tree=208
num_leaves=16
num_cat=0
split_feature=20 21 13 3 8 12 12 1 5 15 19 21 9 3 0
split_gain=2.32731 1.73672 2.03335 1.47994 1.25429 1.367 1.37557 1.21255 1.92401 0.857833 0.856027 0.78175 0.735537 0.59014 0.2982
threshold=32.836670301168105 0.40009327630850056 20.613208446904313 10.405171446727502 0.040659871405630106 -118.02885205696182 -90.969335063447076 809.2176251833597 23.108365955978105 1.232953220879676e-08 4.5000000000000009 0.44719631333394655 0.079891584381441852 14.720113009197052 555.0953053887356
decision_type=8 8 2 2 2 2 2 2 2 2 2 8 2 2 2
left_child=1 9 -3 -4 -5 -6 7 8 10 -1 11 -7 -12 -13 -15
right_child=-2 2 3 4 5 6 -8 -9 -10 -11 12 13 -14 14 -16
leaf_value=-0.030248579912160407 -0.030907705979375616 -0.025681294237406789 -0.020920246546857167 -0.018189933785401124 -0.017651515540898943 0.011574133841135294 -0.016481029528967753 0.0098375863869622961 -0.015715229668162346 0.019273224516460321 0.033647070734636318 0.0082485272909229856 -0.017518539262516682 0.084039207026415541 0.020326375807604671
leaf_weight=2.3844698816319663 2.8709110213239901 1.4962964035730699 0.93339176380686772 0.6850998645313674 0.66663946330664359 1.0993765296298177 0.59951357427051966 2.9563891511934344 0.58461361614899943 0.41948620164475869 0.21307540456473462 0.61693511357589148 0.71376718518149573 3.5784359856115779 1.0086038746303527
leaf_count=1138 4214 634 381 244 229 311 208 974 243 200 200 209 672 1223 345
internal_value=-0.000187799 0.0117134 0.0183912 0.0246431 0.0292668 0.0331558 0.0373206 0.0414609 0.0509509 -0.0197209 0.0575959 0.0634273 0.00560177 0.0707503 0.0761755
internal_weight=20.827 17.9561 15.1521 13.6558 12.7224 12.0373 11.3707 10.7712 7.81481 2.80396 7.23019 6.30335 0.926843 5.20397 4.58704
internal_count=30568 7763 6425 5569 4539 4135 3940 3547 3251 1338 2657 1785 872 1763 1568
is_linear=0
shrinkage=0.05


Tree=209
num_leaves=27
num_cat=0
split_feature=19 2 20 8 6 7 4 8 9 2 9 8 9 8 13 7 15 9 13 1 12 3 8 0 3 21
split_gain=5.5902 5.58946 4.0676 3.86821 3.75859 3.58629 3.10647 3.90033 3.34113 2.8862 2.77677 4.43205 6.52621 4.70464 7.23758 2.36105 2.78833 1.889 2.0623 1.68306 0.92882 0.883177 0.816649 0.774496 0.371702 0.334116
threshold=2.5000000000000004 4.3833131844255773 0.15699422902307503 0.44165800079303136 0.31679835913504173 0.45466797377976592 -1.7024872750926698 0.17736202774738799 0.16422237823545818 5.69985243036004 0.038134794410527924 0.23149765429262106 0.27098813113110082 0.36607553184061464 18.426802962681126 0.11921820548435492 5.7741062972397058e-09 0.33907522096986503 25.427515535591905 4.0342158382659354 -108.60544179040549 61.055739339733407 0.079701925611220095 587.50589847524861 21.034334895359454 3.3821160331532605
decision_type=2 2 10 2 2 2 2 2 2 2 2 2 2 2 2 2 2 2 2 2 2 2 2 2 2 10
left_child=2 4 5 6 24 19 8 9 -4 15 -9 12 -12 14 -13 16 22 18 -15 -1 -5 -3 -8 -16 -2 -23
right_child=1 21 3 20 -6 -7 7 10 -10 -11 11 13 -14 17 23 -17 -18 -19 -20 -21 -22 25 -24 -25 -26 -27
leaf_value=0.029793440696061515 0.0089876961313581777 -0.039175928862721199 0.055455133321807938 -0.038448417288590928 0.080472818228403881 0.051552686643268064 -0.036095685139807474 0.046139342386834266 0.0092441379564270811 0.021618091067621328 -0.0062429265906235164 0.037205013361534499 0.071595555748718551 0.026593882228831439 -0.038637191454275986 -0.04016313661442119 0.024824400972109077 0.043362954336548194 -0.015005423330403453 -0.037904368151865819 -0.0063166714308060066 0.021089765843724122 -0.0056011798467838917 -0.0080208983261106613 -0.023188382917217101 -0.013244364814597849
leaf_weight=0.2815453909570359 0.80358738958603493 14.723060648568206 6.4472580993024176 3.6812961645773621 0.97242164274211973 0.51684792735613883 3.5098336680093842 5.1558760023035566 9.2819733807118592 4.9464805129100569 4.5509994722087859 4.0090769180387769 5.1083998862013686 5.1382435622508646 10.888689849729415 6.6837535437662154 4.2843906058405992 4.8847196454589721 4.8826028614712413 9.1443990346451738 5.2593567600415536 0.44871405468438852 5.1494812906894367 3.2468936674122233 1.229413498251233 0.46203187754144892
leaf_count=202 200 16912 205 229 202 369 237 247 295 312 210 231 236 212 691 434 252 201 202 6553 326 200 348 206 305 206
internal_value=0.000165283 -0.0245191 0.00448007 0.00766715 0.0307683 -0.0245036 0.0108978 0.00631416 0.0303682 -0.00962308 0.0145258 0.00974112 0.037777 0.000678436 -0.0160382 -0.0181628 -0.00473676 0.0207567 0.00680245 -0.0332186 -0.0220837 -0.0363583 -0.0204186 -0.0325993 -0.0117001 0.00585601
internal_weight=125.691 18.6392 107.052 97.1093 3.00542 9.94279 88.1687 72.4394 15.7292 24.5739 47.8655 42.7096 9.6594 33.0502 18.1447 19.6275 12.9437 14.9056 10.0208 9.42594 8.94065 15.6338 8.65931 14.1356 2.033 0.910746
internal_count=30568 18581 11987 4896 623 7091 4341 3841 500 1549 2292 2103 446 1657 1045 1275 760 612 414 6755 555 17958 585 897 505 406
is_linear=0
shrinkage=0.05


Tree=210
num_leaves=31
num_cat=0
split_feature=13 20 12 1 20 19 0 5 13 1 12 9 5 20 10 12 20 21 1 21 2 19 4 8 8 19 6 20 4 2
split_gain=11.539 9.35914 5.34671 5.77121 5.25921 4.93036 4.22067 4.08971 3.26625 3.22673 3.29218 4.27136 3.86047 6.36129 3.40147 4.75545 7.78048 4.16139 3.28192 4.68232 3.04333 7.65582 10.6989 5.01556 5.31589 4.6396 4.74839 3.90999 3.05186 2.89703
threshold=-1.0000000180025095e-35 70.273120258160176 -126.10251266064104 12.422890885828702 79.033285515399072 2.5000000000000004 567.05835268502972 -46.835549813401649 22.263788537167056 104.34060753740401 -109.01197656326347 0.10248076008060726 35.328206664902957 1.2609318915600054 2.5000000000000004 -94.238010324275862 0.72921310767638003 0.58427687026696018 464.74996120263353 0.76851982376916916 5.3734138049320723 4.5000000000000009 55.509786393893954 0.18158776292928372 0.15449890293247773 2.5000000000000004 -0.13121871680056693 93.214128088009872 71.920453372084168 5.1543140419406539
decision_type=2 8 2 2 10 2 2 2 2 2 2 2 2 10 2 2 10 8 2 8 2 2 2 2 2 2 2 10 2 2
left_child=-1 5 -3 -4 7 9 -7 -5 -8 -2 11 -11 13 -13 18 16 -16 -18 -12 -20 23 25 -23 24 27 26 -22 -6 -27 -21
right_child=1 2 3 4 20 6 8 -9 -10 10 14 12 -14 -15 15 -17 17 -19 19 29 21 22 -24 -25 -26 28 -28 -29 -30 -31
leaf_value=-0.042324453563166713 0.010786390666148246 -0.011225771573078311 -0.0084134414912037225 -0.013028260102059964 -0.036901524151134554 0.0014541494764106688 -0.015791925518090222 0.036176921348657631 0.036287738267600358 0.01843783497086721 -0.016906133311601509 0.023817304694040663 -0.021151476053758379 -0.0092102534775752032 -0.0042879150253446628 -0.0015034360768678152 -0.046640204917225786 -0.01907023015148963 -0.0054518697518231591 0.0006927265457829637 -0.033875216948958557 0.0012702281256439594 -0.1070751205382577 0.029349573211925009 -0.052569346011047159 0.036083042519872884 0.013793278551075842 0.020988330907165134 -0.02334789750609392 0.034201101960249627
leaf_weight=15.299555439501999 26.821308163460344 25.791788090020418 26.281878382666036 4.2163994777947655 2.664549439214178 170.77261930564418 3.1351695703342584 39.118080861167982 14.364394773263484 24.581018675584346 37.924384030979127 20.874455774668604 24.567233647219837 42.741599241737276 41.148083822336048 44.867926004808396 27.669599628075957 30.767277070786804 90.088530234526843 12.129150961525742 7.7701357700862035 6.1124341068789372 2.6110126795247197 34.892320385435596 3.1715512494556606 15.547790936660023 12.004036203725262 14.027417301200328 1.7881790031678972 12.880359594244508
leaf_count=559 217 2151 2503 710 207 9457 279 6584 1281 215 360 202 216 414 249 264 208 231 839 257 324 629 268 2653 241 1986 500 1089 228 273
internal_value=0.000100763 0.00016011 0.00966538 0.0128782 0.0167974 -0.00282979 0.00392039 0.0312034 0.026608 -0.00573987 -0.00684395 0.000430656 -0.00473929 0.00182802 -0.00959375 -0.0150747 -0.0211134 -0.0326896 -0.0043555 -0.000110116 0.0103452 0.000782758 -0.0388355 0.0181918 -0.00187518 0.0108705 -0.00566675 0.0101839 0.0290138 0.0186016
internal_weight=836.63 821.331 195.998 170.206 143.924 625.333 188.272 43.3345 17.4996 437.061 410.24 112.764 88.1833 63.6161 297.475 144.453 99.585 58.4369 153.022 115.098 100.589 45.8336 8.72345 54.7558 19.8635 37.1101 19.7742 16.692 17.336 25.0095
internal_count=30568 30303 16346 16208 15392 13957 10426 7294 1560 3531 3289 986 776 616 2303 850 602 439 1453 1072 8098 3935 897 4163 1508 3038 824 1296 2214 530
is_linear=0
shrinkage=0.05


Tree=211
num_leaves=31
num_cat=0
split_feature=20 9 13 4 8 3 20 9 7 0 8 2 11 3 8 20 12 2 12 1 1 1 10 1 20 20 4 19 1 13
split_gain=2.31958 3.49006 3.17697 2.9012 4.32029 3.61494 3.00338 2.74624 4.31012 3.79494 5.12223 4.05575 4.6489 4.00447 3.47944 3.60132 4.9526 6.69394 5.02507 4.79508 4.64394 6.32277 5.74907 6.42279 4.40579 4.23028 4.07644 3.66651 3.45892 4.33465
threshold=0.85725221291328058 0.3586186495125418 22.963211825375627 61.837678926010561 0.15449890293247773 23.680869147297503 0.72921310767638003 0.19834832649804038 -0.0039946848287275563 254.20775404014452 0.11418724398035908 5.0612827969747203 -100.9190042308975 41.94587017137416 0.050032571704528024 113.40843381944451 -104.70672890937122 5.2351639256791715 -108.25958357049198 153.32258469083203 339.77185924460605 234.40216255945504 2.5000000000000004 87.009198604371662 4.9635452817963612 147.15852820929751 55.989601977123108 2.5000000000000004 157.85842124036802 22.963211825375627
decision_type=10 2 2 2 2 2 8 2 2 2 2 2 2 2 2 8 2 2 2 2 2 2 2 2 10 10 2 2 2 2
left_child=1 2 -1 4 5 6 -4 8 -2 10 -9 13 14 -11 -13 16 18 -18 20 25 21 22 23 -16 -19 -17 -22 -21 29 -10
right_child=7 -3 3 -5 -6 -7 -8 9 28 11 -12 12 -14 -15 15 19 17 24 -20 27 26 -23 -24 -25 -26 -27 -28 -29 -30 -31
leaf_value=-0.033792057510339389 -0.014049364749150467 -0.036863440445238906 -0.012947851490413154 0.042704745275380006 -0.024392161610866825 -0.0042096144512980124 0.10691810116585526 0.035060270838569926 0.021710377594505045 0.058182702551952549 -0.029535504159784925 -0.01700521030218587 -0.019627903442733238 0.003076511654579576 0.068557133527461872 0.13021308806524978 0.10602859607669951 0.065754300678795272 -0.026336404657060004 0.042336899385958214 -0.025183216967021957 0.078870459266994875 -0.013746443383707223 -0.011785026567835479 -0.021025389441725106 0.013439055462898936 0.022468470085626756 -0.028925822441162159 0.022497305735172082 -0.036599205756920869
leaf_weight=3.5708747124299469 29.219561338075437 6.4873035614727996 0.44601035118103383 4.5736028744722717 6.9128640759154223 2.6133570717065595 0.95589112769812246 3.3623576594982305 4.9425117672071783 9.2413711553672311 9.7015560702420753 6.3418873256305224 9.5002882885164599 5.0337153479922563 5.8579165278933933 1.5414753019576897 2.2771129872417131 1.2298696454963653 7.8132169332820922 3.5630810226430194 9.3197442021337356 4.1933374130749144 8.6578903571353294 3.499051553895697 3.3454999110545032 1.4851387419039381 6.9707612977363169 2.1009103204123676 22.89382726198528 6.0201548961922526
leaf_count=1036 4173 1951 221 1549 2863 900 475 473 723 888 1364 783 1304 484 507 225 446 304 805 620 757 353 702 303 827 217 566 365 3105 881
internal_value=-0.000229867 -0.00791693 0.00327485 0.0133437 -0.00149439 0.0349307 0.0792695 0.00802449 -0.000233111 0.0129388 -0.0115992 0.0165114 0.0116989 0.0402245 0.0162836 0.0199128 0.0144708 0.0512864 0.00805452 0.0482758 0.0155241 0.0299022 0.0149555 0.040276 0.00991104 0.0904808 -0.00467271 0.0155298 0.0117519 -0.0106931
internal_weight=193.672 25.5599 19.0726 15.5017 10.9281 4.01526 1.4019 168.112 63.0761 105.036 13.0639 91.9723 77.6972 14.2751 68.1969 61.855 53.1644 6.85248 46.3119 8.69061 38.4987 22.2082 18.0149 9.35697 4.57537 3.02661 16.2905 5.66399 33.8565 10.9627
internal_count=30568 7686 5534 5251 4526 1383 696 22882 9009 13873 1837 12036 10664 1372 8419 7542 6115 1342 4773 1427 3190 1867 1461 810 1131 442 1323 985 4592 1604
is_linear=0
shrinkage=0.05


Tree=212
num_leaves=31
num_cat=0
split_feature=20 3 1 21 21 16 4 3 9 16 6 20 8 15 21 21 1 3 7 8 15 7 20 4 19 21 21 21 21 15
split_gain=2.46289 3.78026 3.51341 2.27156 3.87247 3.54484 3.04711 3.43077 2.55148 3.64792 5.95972 11.1332 7.28485 6.35257 4.81699 5.81865 5.16935 4.47681 5.7942 3.87983 4.35453 5.32551 3.73754 5.41005 6.03921 6.37265 7.8163 3.95396 7.76533 3.62592
threshold=1.9788344174564303 20.314263079117001 993.70085261680754 3.7252410563412002 3.5844891880829404 8.2757424458935755 -5.9431718820561192 56.841345616702057 0.48661597731674983 1.0000000180025095e-35 -0.15552661545446786 151.13317418255903 0.14521230187673864 2.5297672282690249e-08 3.0641770978318554 2.7865203150741755 271.65148432830409 36.225466055975907 0.07890427375738264 0.27586029572733478 7.6133147534756908e-09 0.026863694846529288 11.297970899761852 50.227449449861005 3.5000000000000004 1.8277542308877452 1.4210081006081701 0.46715053460143902 0.82080233039348915 3.2111384901839979e-09
decision_type=8 2 2 10 10 2 2 2 2 2 2 8 2 2 8 10 2 2 2 2 2 2 8 2 2 10 8 8 10 2
left_child=1 2 -1 4 5 8 7 -5 9 14 19 13 -13 17 15 22 -17 -12 29 -11 21 -21 27 -24 -25 26 -26 -2 -29 -19
right_child=3 -3 -4 6 -6 -7 -8 -9 -10 10 11 12 -14 -15 -16 16 -18 18 -20 20 -22 -23 23 24 25 -27 -28 28 -30 -31
leaf_value=-0.015890087413236872 -0.013368897338365042 -0.030090777938710806 0.033837685482187595 -0.013220252365069938 0.061060832184743924 -0.028170548737055535 -0.020608668661728859 0.050356760148745752 0.043756123678261781 -0.036007857723603785 -0.011539108767416489 0.008186794644272492 0.13492954243877314 0.075912965665741891 -0.023524580430914297 -0.0051129917499081294 0.10993205484486113 0.011972180341580031 -0.015280648452604396 0.057353804379949781 -0.032791047270730365 -0.014304846111963586 -0.016523183820211198 -0.010323687720552413 0.012634766580758705 -0.016399260851698672 0.12352785713176365 0.073845925955818945 0.0010965791005435692 0.08499686529175822
leaf_weight=6.2877999007469088 5.1029300666414237 10.494949369691311 6.0515649109147489 3.7566524558351428 2.6612772152293473 5.3024384210002609 13.641343243303707 3.0735313660698012 4.5502180633484386 5.2880067506339445 13.110729782492864 1.7962854189681818 2.8704814685625024 3.0643559667514637 13.859528330503961 1.4538173946202746 1.5241798565257338 3.3373413857771084 4.01817579602357 5.2659884469467206 3.104949249769561 3.8625616137869656 28.980911222985014 8.9878874117857812 3.3613028108375156 2.5091953325318173 2.5247309606056652 5.9934644226450464 7.7787576060509309 3.513692814274691
leaf_count=421 235 825 405 354 485 974 1705 290 839 884 2007 596 952 434 2709 293 308 233 317 918 486 673 5700 1124 443 360 332 328 426 245
internal_value=0.000247386 -0.00935991 0.0092062 0.0078783 0.0100932 0.0087096 -0.00742811 0.0181663 0.0103443 0.00886453 0.0194802 0.0320914 0.0961986 0.0179933 0.00233904 0.00785765 0.0666018 0.00784914 0.0302376 -0.00384435 0.0117289 0.0286142 0.00421114 -0.00349492 0.0179429 0.0460828 0.0712321 0.0223634 0.0356118 0.0554802
internal_weight=187.129 22.8343 12.3394 164.295 143.823 141.162 20.4715 6.83018 135.859 131.309 49.2326 31.7111 4.66677 27.0443 82.0767 68.2172 2.978 23.9799 10.8692 17.5215 12.2335 9.12855 65.2392 46.364 17.3831 8.39523 5.88603 18.8752 13.7722 6.85103
internal_count=30568 1795 826 28773 26215 25938 2558 644 25059 24352 8307 5377 1548 3829 16045 10588 601 3671 857 2930 1914 1591 9987 9119 2173 1204 775 868 754 478
is_linear=0
shrinkage=0.05


Tree=213
num_leaves=31
num_cat=0
split_feature=16 21 19 12 13 20 2 0 13 5 21 21 10 9 1 13 15 7 1 6 3 0 4 11 2 1 17 13 13 5
split_gain=17.8453 24.1215 10.6415 5.09912 5.07128 4.03804 4.00869 3.91623 3.85894 8.87207 4.86717 5.85013 3.35363 3.19754 3.18349 3.17616 3.70377 5.61905 3.14338 3.141 2.601 2.38681 2.18857 1.99622 1.81148 1.13561 1.05027 1.04848 5.83353 1.02882
threshold=30.881699610339378 1.8277542308877452 2.5000000000000004 -111.932706011078 13.97262497589327 24.008749171269205 5.5394694381175134 185.57797140809654 32.080100161411075 35.328206664902957 0.040355889517861107 0.7808619957522146 3.5000000000000004 0.34946358241528547 99.689481932163957 14.691056627412722 4.1532689080845222e-09 0.07890427375738264 757.68454940083018 -0.24064881082318554 14.720113009197052 506.40559070725106 15.341748569382752 -96.827842692274444 5.3487087343875492 8.4966083763187168 3.9918500876861152 23.47095345881095 23.061288578977706 -14.174530668582298
decision_type=2 8 2 2 2 10 2 2 2 2 8 8 2 2 2 2 2 2 2 2 2 2 2 2 2 2 2 2 2 2
left_child=1 2 3 15 -3 6 12 -5 10 19 -9 20 14 18 -4 -1 17 -17 -13 24 -12 22 -21 -24 -10 -7 -27 28 -6 -16
right_child=-2 4 5 7 27 25 -8 8 9 -11 11 13 -14 -15 29 16 -18 -19 -20 21 -22 -23 23 -25 -26 26 -28 -29 -30 -31
leaf_value=0.010600748389929554 0.042210134498631674 0.0025012854943882879 0.034594977417808641 -0.018746852534684302 -0.033213609726379455 -0.0043117809628168699 -0.035416891513067351 0.0026037216223189284 -0.0049790649832074556 0.035662965165940676 0.047037200128375679 -0.019919188299986401 0.054887145235985424 0.025756499255354521 0.0059814135618346722 -0.03373513924530943 -0.043036096603335433 0.022742073293006534 0.011517978418288876 -0.03366011165442518 0.019729563924241536 0.0082487977959294478 -0.025263882599159643 0.0022012735407184324 0.024393141097134117 -0.039567523422613486 0.0092887083036908083 -0.040965805361740902 0.04642497960041872 -0.034042306735756069
leaf_weight=8.8713867405895126 18.991687934845686 9.4442298900103179 2.8004898629151311 15.006703143124467 18.567306473851207 3.1292270564008531 5.3348561148159206 84.229497906751931 11.718374718213457 12.203909261384977 18.474179845303297 13.147194889141248 2.5112159859854728 14.143200214486567 1.9537468363996628 7.9188628997653767 11.564920315518973 7.743600859772414 17.183814836200327 17.00467114453204 20.390426485333592 8.311310531338675 11.042089119320732 14.358720559859654 8.1275058181490731 24.129175870912153 0.79322512121871114 45.788019632571377 1.7231797580607235 4.1272926470264766
leaf_count=256 1317 2130 283 207 2162 751 577 727 298 289 210 201 237 213 200 317 405 310 263 379 231 217 243 315 206 6278 206 11584 201 424
internal_value=-0.000235781 -0.00614221 -0.000525632 0.00287652 -0.031547 -0.0229905 -0.00321757 0.00528686 0.00679645 -0.00202276 0.0111387 0.0196317 0.0135015 0.00698585 -0.00257039 -0.0145054 -0.0227714 -0.00612343 -0.00230953 -0.00894783 0.0335645 -0.0154622 -0.0201924 -0.0102429 0.0076429 -0.0342648 -0.0377142 -0.0363781 -0.0245874 -0.0221546
internal_weight=440.734 421.742 346.22 301.44 75.5227 44.7792 16.7276 265.342 250.335 82.7666 167.568 83.3388 11.3927 44.4742 8.88153 36.0988 27.2274 15.6625 30.331 70.5627 38.8646 50.7168 42.4055 25.4008 19.8459 28.0516 24.9224 66.0785 20.2905 6.08104
internal_count=30568 30283 13253 4709 17030 8544 1808 3668 3410 1963 1447 1112 1075 671 898 1041 954 627 464 1828 441 1324 945 558 504 6736 6484 16717 2363 624
is_linear=0
shrinkage=0.05


Tree=214
num_leaves=15
num_cat=0
split_feature=20 20 6 12 15 2 21 2 7 4 21 1 7 7
split_gain=2.16243 1.66362 1.2846 2.63742 1.85647 3.23444 2.85987 1.73692 1.41479 0.994819 1.46668 0.804301 0.640092 0.585444
threshold=32.836670301168105 3.4967253736869552 -0.038248842752062633 -107.7347138599 3.1763735522036267e-22 5.7675799121427298 0.50468699732245115 5.4312810233507713 -0.20529980568541892 27.876614205772103 0.58427687026696018 1220.1064885980552 0.37149885823109746 -0.1152177917049224
decision_type=8 10 2 2 2 2 8 2 2 2 10 2 2 2
left_child=1 -1 4 7 6 12 -3 -4 -9 13 -11 -5 -6 -8
right_child=-2 2 3 11 5 -7 9 8 -10 10 -12 -13 -14 -15
leaf_value=-0.026356936009976368 -0.030553417685830964 -0.020532822060551938 -0.019307660952740877 -0.033638057592259941 -0.032111395638740374 0.050683099441083762 0.02391570337648425 0.065561997772712821 -0.0030764642407992214 0.046834456788773141 -0.02029475497202134 0.01424391656196136 0.011579315953900852 0.096202369101795152
leaf_weight=1.7165747611652538 2.747632609862193 0.82894093888172282 0.81728750502225711 3.2738970777136212 2.6522375895729078 1.2387867551587985 1.3279802220931756 1.4768221586273309 0.95381125577841763 0.5251538910451935 0.88633286805998068 0.50545948842773214 0.52942643672577105 1.2649264582287285
leaf_count=740 4049 237 263 1658 1007 349 294 341 221 269 454 256 201 280
internal_value=-0.000177896 0.0110764 0.0163199 -0.000128929 0.0276054 0.00256435 0.0461418 0.0285521 0.0455818 0.0612889 0.0137455 -0.0255938 -0.0238108 0.0761407
internal_weight=20.7453 17.9976 16.2811 7.02728 9.25379 4.42045 4.83333 3.24792 2.43063 4.00439 1.41149 3.77936 3.18166 2.59291
internal_count=30568 7763 5585 2961 2624 1244 1380 1047 562 1297 723 1914 1208 574
is_linear=0
shrinkage=0.05


Tree=215
num_leaves=15
num_cat=0
split_feature=20 0 20 3 20 0 6 17 21 21 6 6 9 21
split_gain=5.14544 5.84146 2.48782 2.29747 2.31506 4.19154 2.80981 1.88834 2.31199 3.88748 3.11628 3.0344 2.89395 1.55964
threshold=2.6549014716484653 179.31470959597854 4.3762599157402358 9.7970106957273764 48.579133386111558 107.8889923222555 0.26785527612850851 0.279957434153914 0.0079214145517441572 0.015471963994452402 0.037619257364921672 -0.24517042325637647 0.19599747585288399 1.7479236177818402
decision_type=8 2 8 2 8 2 2 2 10 10 2 2 2 10
left_child=7 3 -3 -2 -5 -6 13 8 -1 -10 11 -11 -12 -7
right_child=1 2 -4 4 5 6 -8 -9 9 10 12 -13 -14 -15
leaf_value=-0.015104780865311574 -0.025293320501654327 -0.0054452702760618057 -0.03931177847178835 -0.010710756973345252 -0.022105350144952698 0.04429498768955567 0.11281028697912635 0.025901737109149361 0.030200655502436953 -0.0048989551174712515 0.0066040957194911688 0.026019099841587585 -0.025933715325181461 -0.019759144841835111
leaf_weight=13.193286941765107 1.5178081697958985 8.4010484217724333 16.40847120602848 1.9202000992954724 1.1052335369749924 1.2222855939762696 1.2047842657193539 9.5447938207071257 13.415007088799028 14.309348616632628 11.859037176589485 16.09430454811082 14.133385838358661 0.89009311405243352
leaf_count=290 296 9158 17888 336 218 288 233 205 290 354 268 398 320 210
internal_value=0.000172928 -0.016847 -0.0284991 0.0189962 0.0315961 0.0485532 0.0717628 0.00594683 0.00337116 0.00702685 0.00108432 0.011775 -0.0113937 0.0196279
internal_weight=125.219 32.6699 24.8095 7.8604 6.3426 4.4224 3.31716 92.5492 83.0044 69.8111 56.3961 30.4037 25.9924 2.11238
internal_count=30568 28581 27046 1535 1111 872 642 1987 1825 1511 1340 752 588 498
is_linear=0
shrinkage=0.05


Tree=216
num_leaves=31
num_cat=0
split_feature=13 20 11 1 20 0 19 2 4 19 2 19 19 6 21 1 13 11 1 9 11 15 21 20 7 20 3 6 8 13
split_gain=10.6146 8.40164 4.79349 5.94257 5.94229 4.44705 4.23056 3.94911 3.51286 4.23154 6.53262 4.86705 4.09519 4.08729 3.71436 3.20291 3.17949 3.03318 2.94618 3.08795 3.47084 5.49758 3.50689 5.23264 4.4806 3.74344 4.72669 3.22166 2.9869 2.9061
threshold=1.0000000180025095e-35 70.273120258160176 -124.12575205840449 12.422890885828702 79.033285515399072 160.20598052548203 2.5000000000000004 5.6473150324073069 50.227449449861005 3.5000000000000004 5.3381061569776156 4.5000000000000009 2.5000000000000004 0.10845839909959866 1.3655588861954302 969.28967126211012 22.263788537167056 -101.91220453176898 104.34060753740401 0.37446179100832838 -109.03623124290998 3.8356883140984013e-09 0.61501020066581968 1.4353284405650453 0.0031291644861271548 0.25757153112339404 18.633493143405001 -0.2127371754873035 0.34664385948903959 23.521415174609725
decision_type=2 8 2 2 10 2 2 2 2 2 2 2 2 2 8 2 2 2 2 2 2 2 8 10 2 10 2 2 2 2
left_child=-1 6 -3 29 5 -5 18 -8 12 15 17 -12 13 14 -6 -10 -9 -11 -2 20 27 22 25 -24 -25 -22 -27 -20 -21 -4
right_child=1 2 3 4 8 -7 7 16 9 10 11 -13 -14 -15 -16 -17 -18 -19 19 28 21 -23 23 24 -26 26 -28 -29 -30 -31
leaf_value=-0.042011651355732246 0.010419508106880386 -0.0073821932867987857 -0.030715540477001636 -0.021465364660118124 0.008251289690819728 0.038142740460726444 0.0011946499664781986 -0.015574080360758797 0.025126825683484139 0.032476745607775803 -0.0051718691743890812 -0.088947063971673387 0.028660381734670455 0.026482546614133923 -0.035784098595146495 -0.021281832636519039 0.03596517226465256 -0.023436994998388954 0.020199657735932186 -0.0079278621118796886 0.0059479958762105435 -0.019112923117564976 0.034709917582764926 0.019256670524837864 -0.018604671390074445 -0.026437969820679176 -0.00036975053383187689 -0.0013079329528630922 -0.025863078910997067 0.0033196618493187948
leaf_weight=14.255305936327202 26.625871577300131 35.038974229246378 8.6203259292524326 2.7875460900831959 10.062504095723861 35.984500305727124 169.49306899402291 3.1488424967974469 12.887990558752799 4.465138995088644 3.0329070207662889 3.4998916909098625 33.136230370029807 10.247983239125459 7.6533868415281185 4.2195529686287045 13.640597053803502 3.4253515326417912 22.955950954463333 74.783458034042269 37.023067427333444 66.225453942548484 13.425487302243708 13.004701400175692 16.69090922549367 34.342139459680766 34.28825231641531 63.339280884247273 33.676509718876332 17.538584106601775
leaf_count=525 215 2974 269 522 451 6736 9486 293 742 375 214 248 3211 476 343 243 1267 287 201 578 209 522 229 258 330 202 201 553 261 546
internal_value=9.32803e-05 8.39032e-05 0.00918277 0.0128898 0.0172035 0.0334252 -0.00274075 0.00355408 0.0101291 -0.00336473 -0.0225203 -0.0559035 0.0170347 0.00274485 -0.0116678 0.013137 0.0259669 0.00829797 -0.00542987 -0.00648262 -0.00385427 -0.00724481 -0.0018695 0.0100011 -0.00193675 -0.00676266 -0.0136064 0.00457929 -0.0136821 -0.00861418
internal_weight=829.52 815.264 192.601 157.562 131.403 38.772 622.664 186.283 92.6309 31.5308 14.4233 6.5328 61.1001 27.9639 17.7159 17.1075 16.7894 7.89049 436.381 409.755 301.295 215 148.775 43.1211 29.6956 105.653 68.6304 86.2952 108.46 26.1589
internal_count=30568 30303 16346 16102 15287 7258 13957 10426 8029 2109 1124 462 5920 1299 794 985 1560 662 3531 3289 2450 1696 1333 736 588 597 403 754 839 815
is_linear=0
shrinkage=0.05


Tree=217
num_leaves=31
num_cat=0
split_feature=1 5 11 6 5 9 0 2 6 6 1 21 9 21 5 5 3 8 7 20 2 20 7 20 3 1 15 17 8 5
split_gain=2.23637 2.42587 2.13679 5.51532 3.17596 4.85653 4.92052 5.09557 3.5066 4.37222 3.73692 7.12248 5.28627 4.80956 6.19218 4.80544 4.75442 4.68645 4.18306 3.65571 3.28983 4.09569 3.28425 8.61482 5.58577 4.92585 5.82419 4.94315 5.00501 3.81209
threshold=1136.1833025708454 -18.241224368702394 -73.073572644552939 -0.014902937746314791 -1.0971513576578997 0.46216600787525813 665.71619822367165 5.6758481995227852 -0.3804964075429797 -0.36864478272121065 300.0154973696321 0.58427687026696018 0.069872231399889642 3.2521278693227456 7.8084145184889531 40.109599695839407 36.903074452216657 0.20974925987082041 -0.22370210052894454 29.783988796280955 5.1684693838847577 26.584941857349104 0.37966992493573332 35.308127856327552 24.567782624150805 126.56990304250901 4.4518458246697887e-09 2.1316282072803012e-14 0.28534700561485865 -15.902570026610897
decision_type=2 2 2 2 2 2 2 2 2 2 2 8 2 10 2 2 2 2 2 10 2 10 2 10 2 2 2 2 2 2
left_child=2 -2 4 -4 22 6 7 8 -6 -10 12 -12 15 14 17 19 -15 -14 -19 -11 -16 -22 25 -24 -25 -1 29 28 -28 -27
right_child=1 -3 3 -5 5 -7 -8 -9 9 10 11 -13 13 16 20 -17 -18 18 -20 -21 21 -23 23 24 -26 26 27 -29 -30 -31
leaf_value=-0.027757359911332869 0.019924856043203262 -0.035712861944218598 0.078591122423603277 -0.025362684262170355 -0.013588107490285634 -0.026021908378248932 0.065889823255326552 -0.026088579957588256 0.076493319555468717 0.022652717221728236 0.030080694036058481 -0.016354567568306073 0.00066253050310684355 0.082452341322467648 -0.032459074621669762 0.0061919228720295361 0.017544480812845067 0.14224502003450981 0.0056623888227476955 0.12490871895802245 0.027297466397160099 -0.020047941283462226 -0.015756378081004423 -0.020591961238535104 0.095614944811845307 0.0027008666068032978 0.0092469329878972269 -0.017563213104513919 0.091731312238103935 -0.033175343568355539
leaf_weight=17.801700481737498 2.079805098241196 5.3073367490433156 2.2113178891595471 1.48259661096381 8.8341143034049292 7.130496047262568 3.4782168447854929 7.2532775880536065 2.1870035164174615 1.9350913508096717 12.928267556475474 19.30336678790627 2.2101258220500357 3.6976004046737225 6.9225215930491713 2.7026912290602922 8.988558898214249 0.84584003774216654 0.92922634264686899 2.2261509327217937 9.2376336112502049 7.3051437722751871 5.9000937591772518 0.9579103030846462 3.2623871370451525 27.793132072431035 3.6294133874471299 2.7285692528821528 3.3339286819682457 9.0301187984296138
leaf_count=3451 201 512 301 202 1173 999 485 1020 283 341 1781 2658 451 234 1008 363 569 202 222 392 1322 1045 1010 205 700 5489 414 384 380 1783
internal_value=-0.00022747 -0.0195404 0.00692973 0.0403535 0.00603725 0.0114707 0.0143473 0.0118585 0.0151606 0.0184069 0.0158701 0.00261556 0.0247159 0.0168703 0.00461908 0.0626136 0.0411052 0.0552862 0.098551 0.0909591 -0.00589395 0.00643914 -0.00190201 0.0232465 0.0703467 -0.0061545 0.00252326 0.0350619 0.055299 -0.00674152
internal_weight=193.634 7.38714 186.246 3.69391 182.553 108.115 100.985 97.5066 90.2533 81.4192 79.2322 32.2316 47.0006 40.1367 27.4505 6.86393 12.6862 3.98519 1.77507 4.16124 23.4653 16.5428 74.4373 10.1204 4.2203 64.3169 46.5152 9.69191 6.96334 36.8233
internal_count=30568 713 29855 503 29352 15152 14067 13707 11989 10537 10392 4439 5953 5032 4229 921 803 813 424 733 3416 2367 14200 1732 905 12468 8637 1365 794 7272
is_linear=0
shrinkage=0.05


Tree=218
num_leaves=31
num_cat=0
split_feature=20 3 15 17 16 3 5 15 8 3 16 15 9 8 7 1 4 20 20 5 5 11 15 1 1 11 6 21 5 1
split_gain=2.3272 3.58237 3.3745 2.20278 2.12631 4.50557 4.80486 2.77143 4.23348 2.80559 2.7536 2.61862 2.94787 3.70783 2.88887 2.69591 4.51875 3.98647 4.38098 3.90496 3.59322 3.112 3.05401 3.41147 4.34958 3.43322 3.1592 2.98095 4.88275 4.61781
threshold=1.9788344174564303 20.314263079117001 3.5371288902494131e-11 3.4793247340525832 0.68521281997870187 31.682991526778753 40.657710523651303 1.4001020978247121e-08 0.41131735072805148 5.8179472220139807 5.2445867570826676 1.0369124711509843e-08 0.48661597731674983 0.14319765588399938 -0.40351633648630431 7.3673002632836306 88.614436198824066 190.89888803811405 28.052222636843151 -45.093937455545792 -1.0000000180025095e-35 -125.14559643286049 3.323734606853817e-09 297.13972292689658 234.40216255945504 -109.03623124290998 -0.25248958500635327 2.8368426359823302 21.270579280372402 993.70085261680754
decision_type=8 2 2 2 2 2 2 2 2 2 2 2 2 2 2 2 2 10 8 2 2 2 2 2 2 2 2 8 2 2
left_child=1 2 -1 4 7 6 -6 9 -9 -2 -7 12 14 -14 -11 -16 17 18 22 21 -19 -20 23 24 25 -17 -27 28 29 -21
right_child=3 -3 -4 -5 5 10 -8 8 -10 11 -12 -13 13 -15 15 16 -18 20 19 27 -22 -23 -24 -25 -26 26 -28 -29 -30 -31
leaf_value=0.029320778195990573 -0.019686893833444935 -0.029718721860946873 -0.019665086966359685 -0.02131084797052378 -0.028079371160025332 0.063383497345666326 0.064991342778304415 -0.033749312704688644 0.028270301729910886 -0.020725696409975666 0.014666206116568166 0.04460442707443963 0.08821870158269933 0.0042126631254773015 0.031314919863807085 0.044934214574011998 0.067980937771429703 -0.007392847025697858 0.038128260841400446 -0.03525461542513713 0.079700003205021686 -0.014170063873353816 -0.01246379317511763 0.0070042493751885822 0.086516991248783898 0.038743080164870734 -0.033118082398212907 -0.035572398106637475 0.020747040268026769 0.033083572743301676
leaf_weight=7.2039880063384816 7.2508669345406807 10.174209027900359 5.2436543983640149 5.3595071078743786 5.4982051794650086 5.8572410580818532 0.77689086477039382 8.2728879076894355 3.0404045084142126 7.7026345807244061 6.3967047524638474 4.4743795672548003 1.5995861561386853 2.8704955395660363 11.405650282627901 5.1478187836473781 1.8904036979656667 1.6347358638304297 6.0380801074206838 12.22708921507002 2.1891716201207601 4.0765147029887796 8.3584276430774462 20.878844338236377 2.7310087237274274 1.3595703506143744 3.476271844003354 12.004116257070562 9.6349992161849496 2.2075409820536152
leaf_count=478 1382 807 348 938 1415 377 200 705 259 1438 411 811 224 402 2090 590 377 343 538 4954 460 364 621 1580 290 234 597 4605 2947 895
internal_value=0.000242217 -0.00907287 0.00875732 0.00775072 0.00885738 0.0243808 -0.00920716 0.00665188 -0.0161395 0.00875689 0.0409778 0.0105951 0.00893361 0.0449056 0.0071286 0.00934276 0.00637062 0.00438653 0.00194178 -0.00859803 0.0486533 0.0176718 0.0134759 0.0201038 0.0395354 0.0199768 -0.00973784 -0.0162417 -0.00556667 -0.0233371
internal_weight=186.982 22.6219 12.4476 164.36 159.001 18.529 6.2751 140.471 11.3133 129.158 12.2539 121.907 117.433 4.47008 112.963 105.26 93.8546 91.9642 88.1403 46.1883 3.82391 10.1146 41.9519 33.5935 12.7147 9.98366 4.83584 36.0737 24.0696 14.4346
internal_count=30568 1795 826 28773 27982 2403 1615 25579 964 24615 788 22099 21708 626 21082 19285 18728 18659 17856 14740 803 902 3116 2542 1350 1145 831 13838 7362 5849
is_linear=0
shrinkage=0.05


Tree=219
num_leaves=31
num_cat=0
split_feature=16 21 20 0 13 9 11 7 15 20 9 3 8 8 4 13 9 21 8 9 9 20 11 15 6 1 6 10 6 6
split_gain=16.5089 22.5206 9.9525 7.0519 4.92997 4.6223 4.12321 3.52996 3.23346 4.19993 4.08373 3.05239 2.9863 3.43778 2.64647 2.58814 4.10321 2.27847 2.21306 2.36328 3.15346 2.68483 4.49173 2.63113 2.29583 3.66061 3.19482 3.06856 1.57254 1.54268
threshold=30.881699610339378 1.8277542308877452 57.064438286372109 513.63769841024657 13.97262497589327 0.38039831606126034 -88.570120715255285 -0.3361854867550011 4.74101562813827e-09 10.465543835848552 0.28134269934958583 13.510655457207852 0.17497288679246029 0.10425050910799484 -3.8817580667523246 31.418025032671519 0.43501449683688082 0.06836546854773641 0.46129648681995811 0.10434094259215244 0.17205046167951846 0.15699422902307503 -103.04026906690498 3.0496966807724258e-09 0.21517621500950537 317.36135863334908 -0.018738084582262001 3.5000000000000004 -0.014902937746314791 -0.44640700649919646
decision_type=2 8 10 2 2 2 2 2 2 10 2 2 2 2 2 2 2 8 2 2 2 10 2 2 2 2 2 2 2 2
left_child=1 2 3 5 -3 7 15 -1 9 10 -5 12 13 -4 28 17 -17 -7 19 21 23 -16 -23 -21 25 27 -27 -22 -9 -13
right_child=-2 4 11 8 -6 6 -8 14 -10 -11 -12 29 -14 -15 18 16 -18 -19 -20 20 24 22 -24 -25 -26 26 -28 -29 -30 -31
leaf_value=-0.024387754154602866 0.041897944581800864 0.0024210716621421852 -0.01280034393105552 0.021243326866154547 -0.036099916658699528 0.01604974967622513 -0.0096743672117622168 -0.029816668579449042 -0.032237922886760771 -0.036862837844750043 -0.018651794530583007 0.0072420736564719869 -0.021220876737076823 0.069382150640680207 0.018113281512785441 0.028378156917265349 -0.016643513309168072 0.042584372887759375 -0.015053920533486705 0.0082946634967300658 -0.033193517300833079 -0.030873385684450406 0.0047944705835950363 0.038124985949409218 -0.0092137261149192462 0.0058195105639317285 0.03202633438695237 0.01333161508320467 0.00066515543074158461 -0.037043923985971602
leaf_weight=11.218296943465246 17.804487589746714 9.4041199614293856 2.0065623293630783 14.41785386460834 63.062668612110429 17.359751193085685 11.419705111533402 8.006941519677639 16.703737875213847 6.967428955482319 10.0250636881683 1.8096389884594852 6.1051759533584118 1.5715100183151662 10.834671809221616 9.4961360355373508 8.8569223585072887 18.126653056126088 11.557778611546381 14.734070224687461 7.013725100317969 13.543567292392249 21.889423904707659 15.416604384779928 19.39760915399529 29.819298465037711 18.681977125350393 5.594997780630365 7.8993413171265257 24.321168314199895
leaf_count=213 1251 2210 255 321 14820 209 203 204 858 425 224 318 827 200 202 314 292 218 212 253 280 305 494 264 355 355 222 223 201 4274
internal_value=-0.000224023 -0.00600145 -0.000644055 0.00227685 -0.0311361 0.00553076 0.0169459 0.00165561 -0.0151188 -0.00530117 0.0047907 -0.0252212 -0.00101525 0.0305657 0.00336309 0.0226657 0.00691401 0.0303994 0.00522836 0.00680803 0.0107477 -0.00264244 -0.00931207 0.0242817 0.00544336 0.0101693 0.016357 -0.0130859 -0.0155349 -0.0338231
internal_weight=435.067 417.262 344.796 308.982 72.4668 260.867 65.2592 195.608 48.1141 31.4103 24.4429 35.8141 9.68325 3.57807 184.39 53.8395 18.3531 35.4864 168.484 156.926 110.658 46.2677 35.433 30.1507 80.5076 61.11 48.5013 12.6087 15.9063 26.1308
internal_count=30568 30283 13253 7350 17030 4878 1159 3719 2472 1914 545 5903 1311 455 3500 1033 606 427 3095 2854 1990 864 799 517 1473 1080 577 503 405 4592
is_linear=0
shrinkage=0.05


Tree=220
num_leaves=15
num_cat=0
split_feature=20 20 6 12 10 2 21 2 7 4 21 1 7 7
split_gain=2.06069 1.60251 1.24088 2.48637 1.72125 3.06636 2.68424 1.62671 1.28753 0.85796 1.41141 0.783962 0.626286 0.509583
threshold=32.836670301168105 3.4967253736869552 -0.038248842752062633 -107.7347138599 1.5000000000000002 5.7675799121427298 0.50468699732245115 5.4312810233507713 -0.20529980568541892 27.876614205772103 0.58427687026696018 1220.1064885980552 0.37149885823109746 -0.1152177917049224
decision_type=8 10 2 2 2 2 8 2 2 2 10 2 2 2
left_child=1 -1 4 7 6 12 -3 -4 -9 13 -11 -5 -6 -8
right_child=-2 2 3 11 5 -7 9 8 -10 10 -12 -13 -14 -15
leaf_value=-0.026088127327844286 -0.030194339334559828 -0.020209579180998485 -0.019100918036549237 -0.033375333614887003 -0.031793454883134925 0.049241729256487662 0.023203367092352978 0.062362817067093679 -0.0029866760313010548 0.045900835483182328 -0.020029700352977544 0.01396643788454628 0.011450502757931587 0.091714224079926299
leaf_weight=1.6699574564481796 2.630445677888928 0.8094516815181203 0.80170094927598956 3.1792495091794928 2.5732944075643922 1.2516471469862152 1.3350580423284568 1.5293741476780294 0.94872934065642645 0.53712438519869543 0.86554104338574689 0.5095302436966449 0.53268667071097298 1.3205555352324152
leaf_count=726 3923 229 256 1650 1001 357 289 347 215 277 446 264 207 285
internal_value=-0.00017022 0.0110209 0.0161424 -0.000112511 0.0272311 0.00276571 0.0449288 0.0274556 0.0436786 0.0593479 0.0138134 -0.025252 -0.0233945 0.0730409
internal_weight=20.4943 17.8639 16.1939 6.96858 9.22536 4.35763 4.86773 3.2798 2.4781 4.05828 1.40267 3.68878 3.10598 2.65561
internal_count=30568 7763 5585 2961 2624 1244 1380 1047 562 1297 723 1914 1208 574
is_linear=0
shrinkage=0.05


Tree=221
num_leaves=26
num_cat=0
split_feature=19 0 7 3 20 7 20 8 6 1 12 11 7 0 8 9 9 21 21 3 3 3 9 2 15
split_gain=4.77059 5.38015 3.71211 8.31021 5.26152 4.11319 3.94573 3.48098 3.40968 3.30036 3.55046 2.78137 2.97088 3.08747 3.25279 2.23457 1.67186 1.66993 1.65719 0.876496 0.715759 0.380087 0.334034 0.215282 0.212253
threshold=2.5000000000000004 160.20598052548203 0.45466797377976592 39.82943265633326 0.15699422902307503 0.13149638847518033 1.9788344174564303 0.44165800079303136 0.32075198462582583 210.65403409309152 -119.34874597068448 -116.06329735048199 -0.11137666487453578 460.06818623308055 0.20597202263023465 0.057633639102910202 0.4178582822405002 1.4073407471312851 0.026383096162793704 61.055739339733407 14.160295984358601 20.853940967587452 0.26479493960295747 5.0467305395896886 6.2611785627929889e-09
decision_type=2 2 2 2 10 2 10 2 2 2 2 2 2 2 2 2 2 10 8 2 2 2 2 2 2
left_child=2 8 4 23 17 7 -7 9 21 -6 -11 -12 13 16 -15 -14 20 -1 -17 -3 -13 -2 -21 -4 -8
right_child=1 19 3 -5 5 6 24 -9 -10 10 11 12 15 14 -16 18 -18 -19 -20 22 -22 -23 -24 -25 -26
leaf_value=-0.037668748510838464 0.00953883748746049 -0.038965606285413845 0.0018449322798152078 0.11262776036153668 0.040977945250070494 0.0021474190963746793 -0.041668179403906658 -0.023696638023370558 0.07593952779102553 0.044097783156500786 -0.028441836011954665 -0.0094806305322671369 0.0042904616328736213 0.041215416261772553 -0.0095319376291591613 0.014611408941746593 0.010239784762018068 0.029840003699874419 0.058463236528462151 -0.013182913067589492 -0.038796512320714557 -0.023012544450542405 0.021217455827492421 -0.024062297455563347 -0.010332582382619769
leaf_weight=8.6151166261115559 0.78422836976825028 13.575250224850604 1.0502505300100924 1.4126892675703855 9.722868425305931 19.210450650600258 6.5996299220423671 5.3210414596251212 1.0461791306734083 5.7451907652430227 4.5268922237155484 4.3292141561396393 8.3856138793344233 5.3426137886708593 5.6845650561735965 4.925822127581343 3.3421532117354218 0.28008906240575016 4.6523006827919735 0.45774612651439484 5.3989740952674765 1.2093946339446118 0.44516738795209676 1.2102466153446583 1.4464704434212761
leaf_count=6542 200 16838 201 208 431 1127 1067 244 214 261 217 275 371 247 262 213 200 213 202 206 344 309 200 232 234
internal_value=0.000179903 -0.0234867 0.00397729 0.0475767 0.00199004 0.00556297 -0.0105654 0.0121466 0.030091 0.015547 0.0101425 0.00511655 0.00930493 -0.00225611 0.0164375 0.0241147 -0.0180749 -0.0327423 0.0394244 -0.0359531 -0.0278502 -0.0112988 0.00601469 -0.0151514 -0.0377998
internal_weight=124.72 17.518 107.202 3.67319 103.529 94.6338 27.2566 67.3772 3.0398 62.0562 52.3333 46.5881 42.0613 24.0975 11.0272 17.9637 13.0703 8.89521 9.57812 14.4782 9.72819 1.99362 0.902914 2.2605 8.0461
internal_count=30568 18581 11987 542 11445 4690 1599 3091 623 2750 2376 2231 2085 1290 509 795 781 6755 415 17958 619 509 406 433 1301
is_linear=0
shrinkage=0.05


Tree=222
num_leaves=31
num_cat=0
split_feature=13 20 12 4 2 2 0 19 0 12 3 13 2 2 7 16 12 7 12 19 8 20 1 10 1 15 11 3 20 3
split_gain=9.7659 7.354 4.28672 4.61585 4.21389 3.74893 5.2304 4.09466 3.49748 3.18339 3.15457 3.13053 3.12773 5.94634 5.18454 5.20226 4.26259 3.12515 3.08976 5.62168 5.04264 3.49782 3.42901 3.02366 4.51276 4.24686 3.48976 4.4665 3.03758 4.01099
threshold=1.0000000180025095e-35 70.273120258160176 -106.31573070419073 62.703473796794007 4.1720655249150651 3.8626961798482564 145.80362580806454 2.5000000000000004 567.05835268502972 -96.327289283575439 12.784571299494202 22.263788537167056 4.7123499806836362 4.9837609274549228 -0.20146864399274469 1.0000000180025095e-35 -110.01190103261904 0.097108849827797897 -126.10251266064104 4.5000000000000009 0.28355424636066823 347.83002877997109 7.3673002632836306 2.5000000000000004 584.79187691393815 1.8825755426795026e-09 -109.03623124290998 18.448130605475804 18.275665644213454 32.019949598070461
decision_type=2 8 2 2 2 2 2 2 2 2 2 2 2 2 2 2 2 2 2 2 2 10 2 2 2 2 2 2 10 2
left_child=-1 5 10 4 -4 -2 -7 23 12 -5 17 -10 -9 14 -14 -16 -15 -3 -12 21 -21 22 -20 25 -25 28 -26 -28 -8 -30
right_child=1 2 3 9 -6 6 7 8 11 -11 18 -13 13 16 15 -17 -18 -19 19 20 -22 -23 -24 24 26 -27 27 -29 29 -31
leaf_value=-0.041688828274187448 0.026425511777006683 -0.048106543330774382 -0.0093402034551727485 0.011531824874085477 0.027726533547597416 -0.037130936166268246 -0.0055977078910303306 0.031558432121439821 -0.015766829643237192 -0.037717143970474168 -0.0098855758681220731 0.035640246315764255 0.01536145923041355 -0.0048229901870578823 -0.0060532881603281626 -0.062420496168610812 0.012720917461944573 0.011511887549649482 -0.0092730202756655979 -0.04383909199908842 0.014811476903016416 -0.026325641657280213 0.023386193233412168 -2.8698189573243285e-05 -0.0031806941892866349 0.020084323969412194 -0.0094791018859637123 -0.031780606570366264 0.032528272335579166 -0.010906309019553802
leaf_weight=13.281334515195338 9.9330586502328497 4.795423315372318 8.3558223485015315 6.6380900272633889 56.285370928701013 10.10709378775209 160.6994127924554 7.2425510422326616 3.1348879979923412 4.8880067470017803 26.10947834700346 12.963591014035044 5.6972344894893494 69.09157491568476 7.6328809005208358 8.4601690499111992 67.609746514353901 3.0208353735506535 8.8880964769050461 7.4757647775113591 5.7688522431999445 3.7871079863980412 52.973141952883452 82.122823797166348 43.869631747249514 20.772233321797103 47.539581214077771 43.729602866340429 11.651663179509345 8.4902973063290101
leaf_count=493 223 442 1118 538 7530 229 1616 383 304 396 1503 1256 242 3762 309 342 3682 279 718 440 339 296 4279 534 280 202 273 251 404 295
internal_value=8.34475e-05 2.09504e-05 0.0086303 0.017714 0.0228658 -0.00260982 -0.00312441 -0.00249148 0.00375992 -0.0106975 0.00239586 0.025293 0.00152916 -3.23435e-05 -0.0236893 -0.0376039 0.00388324 -0.0263729 0.00476597 0.00967791 -0.0190467 0.015672 0.0186209 -0.00520769 -0.00928586 -0.000788856 -0.0148698 -0.020393 -0.00328371 0.0145697
internal_weight=823.015 809.734 188.986 76.1673 64.6412 620.748 610.815 600.708 181.833 11.5261 112.819 16.0985 165.734 158.492 21.7903 16.093 136.701 7.81626 105.002 78.893 13.2446 65.6483 61.8612 418.875 217.262 201.614 135.139 91.2692 180.841 20.142
internal_count=30568 30303 16346 9582 8648 13957 13848 13700 10324 934 6764 1560 8764 8369 925 651 7444 721 6043 5905 779 5126 4997 3376 1412 1964 861 524 1818 699
is_linear=0
shrinkage=0.05


Tree=223
num_leaves=31
num_cat=0
split_feature=1 5 8 8 17 5 11 5 8 5 5 9 21 3 15 17 15 15 2 5 13 6 3 1 8 11 8 13 20 15
split_gain=2.13072 2.46139 1.96481 4.53559 3.49284 3.51343 2.85728 4.05752 3.12958 4.67099 5.85091 4.64887 4.89281 3.90126 3.65213 3.41404 5.29881 4.80769 6.92264 4.23299 5.12694 5.11906 5.74408 3.13698 3.05224 4.84798 5.01474 5.38394 3.49804 3.48377
threshold=1136.1833025708454 -19.292214739564695 0.40928539953241261 0.47311705311372571 2.1316282072803012e-14 -36.632167612972822 -73.073572644552939 -4.0295599991858984 0.36823655882944334 -1.0971513576578997 2.5858430141831978 0.19171554983468567 1.9381999968603101 12.267096681321352 1.4799308938237331e-09 0.38987581561835599 5.2391283665516568e-09 5.6172563295534475e-09 5.4488785586441351 -39.805837869258191 38.840408544617645 0.082924603721471715 39.82943265633326 993.70085261680754 0.065725438226678992 -108.21168279069799 0.026672943076904158 21.289820972285749 126.14420069634652 1.6197546751902976e-08
decision_type=2 2 2 2 2 2 2 2 2 2 2 2 10 2 2 2 2 2 2 2 2 2 2 2 2 2 2 2 10 2
left_child=2 -2 6 -4 5 -5 8 -8 9 13 -11 -10 14 -1 -13 17 -17 19 -19 20 -15 22 -22 24 25 -12 -27 -28 29 -26
right_child=1 -3 3 4 -6 -7 7 -9 11 10 23 12 -14 15 -16 16 -18 18 -20 -21 21 -23 -24 -25 28 26 27 -29 -30 -31
leaf_value=-0.03731360637505899 0.020750481123786978 -0.0355957842164824 -0.018057197228578268 -0.025257871033433018 -0.02923392270655728 0.048351474062957818 0.088968660969118471 -0.0077679002645776587 -0.0079309340242893888 0.057071042393294906 0.00091976803373878884 0.038027054271813465 0.08034103127571024 -0.034107731266653819 -0.029698854776977042 0.0767530581166989 -0.02533751671245358 -0.01991224737413641 0.075488011045258541 -0.023637851111892774 0.10814414791939238 -0.019602142425091579 0.012769372689666415 0.040549406937726483 -0.0038974406399616465 -0.0073880109505881104 -0.00035066896922070581 0.12877633791070947 -0.036156050774613084 0.023692859384700848
leaf_weight=7.4612636378151356 2.0380680374801168 5.2242903499864042 20.313425622356597 1.3665350201772533 1.9294347732211461 6.9429063575225864 1.5864266637945561 1.6118761013494802 5.8089256768580571 5.8635993277421212 7.6236741914763124 4.3294523839722387 4.518098569707945 3.4698078728979462 2.2728272370877676 2.2657837721635605 1.4445250179269349 2.9036100085359076 3.136496550636366 24.119953096669633 1.9221598406438714 2.9005886295344681 4.1234979518339969 6.0223342271056026 37.575192875519861 1.6286044773878519 1.1153454270097438 1.8717866548686288 4.904285722412169 15.315870039921718
leaf_count=1447 200 513 3661 229 307 1163 200 203 837 793 1104 681 615 350 357 346 221 323 349 4517 205 332 440 789 4998 343 225 377 675 2037
internal_value=-0.000221444 -0.0191855 0.00684 -0.00463427 0.0212333 0.0348332 0.00910537 0.0499778 0.00792891 0.00529069 0.0127447 0.0275969 0.0452786 -0.00609581 0.0138727 -0.000380898 0.0400655 -0.00474416 0.0333129 -0.0117556 0.0113687 0.0306627 0.0541381 0.00863112 0.00535424 0.0270094 0.0622636 0.0925669 0.000386926 0.00438338
internal_weight=193.611 7.26236 186.348 30.5523 10.2389 8.30944 155.796 3.1983 152.598 135.668 81.9207 16.9293 11.1204 53.7477 6.60228 46.2864 3.71031 42.5761 6.04011 36.536 12.4161 8.94625 6.04566 76.0571 70.0348 12.2394 4.61574 2.98713 57.7953 52.8911
internal_count=30568 713 29855 5506 1627 1392 24349 403 23946 21508 11085 2438 1513 10423 1038 8081 567 7514 672 6842 1252 1023 645 9970 9725 1772 971 602 7953 7035
is_linear=0
shrinkage=0.05


Tree=224
num_leaves=31
num_cat=0
split_feature=20 21 1 21 4 11 9 9 8 9 3 7 8 19 9 7 8 0 2 4 17 5 3 20 3 8 8 15 6 1
split_gain=2.20039 3.6177 4.38295 2.13865 3.3865 2.78296 3.79809 2.23987 2.83828 2.80518 7.58625 5.00616 3.88319 3.87182 3.95752 3.24946 3.35851 3.82783 5.47856 4.45135 4.10132 3.38143 3.19202 2.97661 2.97432 4.50314 5.70009 4.22606 3.73332 3.51344
threshold=1.9788344174564303 1.4438128200488503 993.70085261680754 3.7252410563412002 88.614436198824066 -116.29632481152599 0.20039641428311986 0.48661597731674983 0.14319765588399938 0.40242006794580304 52.636178372244807 0.31678719657747673 0.29682157605414533 3.5000000000000004 0.36622585171392258 0.26175048191520039 0.40316620287393518 398.73518620716305 5.6299342882689016 21.255118532143104 1.0000000180025095e-35 8.1492622346428494 15.800916067383202 22.633990168594455 25.842395919771004 0.040659871405630106 0.21130076362807151 6.7303566623067832e-11 -0.28548291477967686 945.34694372449962
decision_type=8 8 2 10 2 2 2 2 2 2 2 2 2 2 2 2 2 2 2 2 2 2 2 8 2 2 2 2 2 2
left_child=1 2 -1 4 7 6 -5 9 -9 11 -11 15 13 14 -13 16 24 21 19 -19 -21 23 -14 -18 -2 27 -27 -26 -28 -30
right_child=3 -3 -4 5 -6 -7 -8 8 -10 10 -12 12 22 -15 -16 -17 17 18 -20 20 -22 -23 -24 -25 25 26 28 -29 29 -31
leaf_value=-0.035030709447193713 -0.010200018885294348 0.037804326710568908 0.010931101508174484 0.030832056285367494 0.057592123884040385 -0.030772191871473856 -0.019008110755867783 0.074052410714737241 0.0032624174571700042 -0.025755232960236487 0.041036677102091801 0.10263548073826412 0.053020305120576122 0.0013113273573717795 0.0086678913334597187 -0.024719995394269615 -0.014040960348679569 -0.0011273881593826674 -0.010929819874646857 0.096970598105593178 0.012707044918133846 -0.033673329672157103 -0.022984300489315799 0.06015901564114004 0.073570719633461068 -0.01362845406282674 -0.01004945064226978 0.00033309224816622114 0.021190712465504399 0.083126796164333161
leaf_weight=11.671975964272868 24.679710145923309 2.6275272008497259 8.1409635348245484 6.6419148170389262 2.6332678673788905 6.9700911224936135 6.7064239128958434 1.8985890095937072 2.9582712146802805 16.103430574410599 4.691795964143239 3.6773045124136852 1.0127400848432451 2.2163696581264958 1.7338030591490678 6.845851072052028 2.0016419619787564 2.3963169801281756 3.4450180490966886 5.2084819530136892 2.3202359988354146 3.510431103524752 3.4056937536806799 1.8337008693488299 3.9735791868297383 21.969079195929226 6.3102845228277173 3.2764831516542472 14.032562230771875 2.0974359730025753
leaf_count=862 4511 210 601 221 479 878 224 285 443 3394 989 533 203 383 252 1241 382 335 553 580 258 614 681 349 378 2904 872 312 1856 277
internal_value=0.000245573 -0.00882454 -0.0165276 0.00758939 0.00972617 -0.00732351 0.00621197 0.00843839 0.0388538 0.00708385 -0.0094943 0.0101129 0.0393553 0.0588783 0.0785751 0.00637982 0.0088032 0.0261682 0.0411841 0.0586178 0.0755366 -0.00282233 0.00100662 0.0265393 0.00381352 0.0105749 0.00417388 0.044525 0.0214403 0.033627
internal_weight=186.991 22.4405 19.8129 164.551 144.232 20.3184 13.3483 141.599 4.85686 136.742 20.7952 115.947 12.0459 7.62748 5.41111 103.901 97.055 20.7158 13.3701 9.92503 7.52872 7.34577 4.41843 3.83534 76.3391 51.6594 44.4094 7.25006 22.4403 16.13
internal_count=30568 1795 1463 28773 26215 2558 445 26144 728 25416 4383 21033 2203 1319 785 18830 17385 3431 2147 1387 838 1284 884 731 13954 6561 5871 690 3101 2133
is_linear=0
shrinkage=0.05


Tree=225
num_leaves=31
num_cat=0
split_feature=16 21 20 0 13 9 2 2 13 2 7 15 20 9 3 8 8 4 2 15 5 12 8 6 9 15 20 2 5 1
split_gain=15.2773 21.0766 9.04521 6.43524 4.76126 4.06245 3.89497 5.83759 3.30555 4.41323 3.29964 3.15238 3.62198 3.21412 3.02808 2.83469 3.35297 2.48859 5.71207 4.62888 3.08743 4.00555 3.30047 2.90817 3.63967 3.06856 3.25643 2.7848 1.98694 1.58858
threshold=30.881699610339378 1.8277542308877452 57.064438286372109 513.63769841024657 13.97262497589327 0.38039831606126034 5.1684693838847577 5.3139945951929617 23.035621486405109 5.4458344927680926 -0.3361854867550011 6.7734595086502865e-09 10.465543835848552 0.28134269934958583 13.510655457207852 0.17497288679246029 0.10849429738648377 9.5195011472233606 4.8776685130743145 2.1887782291731893e-09 -2.5706577949835991 -91.274458904112421 0.17138706343855029 -0.37678652989406153 0.10434094259215244 5.7741062972397058e-09 0.25757153112339404 5.2351639256791715 21.270579280372402 945.34694372449962
decision_type=2 8 10 2 2 2 2 2 2 2 2 2 10 2 2 2 2 2 2 2 2 2 2 2 2 2 10 2 2 2
left_child=1 2 3 5 -3 10 -7 -8 -9 -10 -1 12 13 -5 15 16 -4 18 -12 29 22 23 -19 -22 27 26 -26 -25 -28 -20
right_child=-2 4 14 11 -6 6 7 8 9 -11 17 -13 -14 -15 -16 -17 -18 20 19 -21 21 -23 -24 24 25 -27 28 -29 -30 -31
leaf_value=-0.023863835650629713 0.041592052711896692 0.0021730857790105791 -0.012794435328420574 0.014879888082590756 -0.035817621480628066 0.0030793299506906135 0.053249221341331122 0.03137991548446005 -0.033976571323668985 0.022320254042612508 0.026020222021134798 -0.037390826668838993 -0.034440111045529402 -0.018171766679825795 -0.033431746732141998 -0.020632284601812143 0.06807442688349101 0.035184018835958335 -0.046900618472603878 0.0091731365439860369 0.028031989766615195 -0.019299452045358691 0.0064381791922329991 0.0027573830602117093 -0.02003250420523681 0.021931658475213472 -0.0076125215213279475 -0.032825199462313617 0.022132798082661886 -0.011526114937706392
leaf_weight=11.099493435351176 16.688276689499617 9.4021951470058394 2.0139624982839455 17.074492082814693 60.270704320981167 32.077104044263251 12.441149809397755 9.2608931739814615 6.1202230823691925 5.8639741668011993 7.6053387367865097 10.726375493453814 8.2840407209005189 11.408540930831803 25.064537382917479 5.9287718159612268 1.5956262438558042 14.86508944397792 10.509292412316432 7.9230130412615836 11.474122721352613 18.636676315101798 28.539543798891827 10.489306007744746 13.033158575883133 23.581432472448796 8.6141734507400578 10.235616104444489 13.215573976514859 5.5113838808611035
leaf_count=211 1188 2298 254 366 14732 565 286 244 234 224 209 558 480 245 4276 815 201 252 380 253 212 324 485 213 270 417 246 208 378 200
internal_value=-0.00021334 -0.00586783 -0.000745307 0.0020016 -0.0307327 0.00509132 0.01574 0.0273596 0.0104864 -0.00683255 0.00144428 -0.0147389 -0.00731542 0.00147411 -0.0246105 -0.000457621 0.0299666 0.00308961 -0.0094958 -0.0213678 0.00573499 0.00120603 0.0168536 0.00558664 0.00202451 0.00840172 -0.00110635 -0.0155182 0.0105758 -0.0361234
internal_weight=429.554 412.866 343.193 308.59 69.6729 261.097 65.7633 33.6862 21.2451 11.9842 195.333 47.4934 36.7671 28.483 34.6029 9.53836 3.60959 184.234 31.549 23.9437 152.685 109.28 43.4046 90.6434 79.1693 58.4443 34.8629 20.7249 21.8297 16.0207
internal_count=30568 30283 13253 7350 17030 4878 1159 774 559 458 3719 2472 2129 611 5903 1311 455 3500 866 764 2634 1897 737 1673 1454 1033 723 421 624 580
is_linear=0
shrinkage=0.05


Tree=226
num_leaves=13
num_cat=0
split_feature=20 20 3 19 1 4 2 12 2 1 12 7
split_gain=1.95972 1.54009 1.19611 1.80075 1.48688 1.14957 2.48992 1.74316 1.36288 1.1884 1.06856 0.0704098
threshold=32.836670301168105 3.4967253736869552 17.206750630484603 4.5000000000000009 67.204435015407668 12.4197719049788 5.5755994427926501 -110.7092314513435 4.9919497154351875 584.79187691393815 -108.03145471656097 -0.1152177917049224
decision_type=8 10 2 2 2 2 2 2 2 2 2 2
left_child=1 -1 4 5 -3 7 8 -4 -7 -8 -6 -9
right_child=-2 2 3 -5 10 6 9 11 -10 -11 -12 -13
leaf_value=-0.025818002448588326 -0.029830669612987727 0.036648579001624319 -0.0019073014151453349 -0.022409647077493704 0.014991628104602771 0.021184737799159296 0.0041117545061381561 0.02368669065791007 -0.030900801209072556 0.062584168127275672 -0.032327331881668357 0.078786822626443237
leaf_weight=1.6246926062740445 2.5189962718213783 0.63857794250362143 1.1932853970647568 1.1476199641474523 1.0531548466315164 1.1210402971264577 1.5599806874452056 1.3075788174901413 2.42751216464967 1.508474252594169 2.7182621091415049 1.4496527274313828
leaf_count=711 3799 281 214 357 455 427 218 231 924 210 1173 256
internal_value=-0.000162358 0.0109202 0.0159132 0.0237423 -0.0054288 0.0302583 0.0139868 0.0491819 -0.0134063 0.0411745 -0.018741 0.0659154
internal_weight=20.2688 17.7498 16.1251 11.7151 4.40999 10.5675 6.61701 3.95052 3.54855 3.06845 3.77142 2.75723
internal_count=30568 7763 5585 3645 1940 2488 1779 709 1351 428 1628 487
is_linear=0
shrinkage=0.05


Tree=227
num_leaves=24
num_cat=0
split_feature=19 2 8 20 20 7 1 5 21 20 15 7 0 10 1 11 15 1 3 2 7 1 6
split_gain=4.38095 5.22116 3.44711 3.25996 3.04528 3.45222 2.71294 6.07737 3.32796 2.77192 3.82316 3.93613 4.02249 3.49095 1.67251 1.19154 1.07715 0.908342 0.867968 0.334335 0.292392 0.257095 0.4271
threshold=2.5000000000000004 4.3833131844255773 0.44165800079303136 81.132377003920013 0.15699422902307503 0.45466797377976592 221.54394685754201 -3.1289752191986504 0.0025057415598664155 2.2761312847482005 1.0000000180025095e-35 0.061585050251596225 455.41681124200005 2.5000000000000004 4.0342158382659354 -88.136654723100733 7.8633271992240904e-09 969.28967126211012 61.055739339733407 4.9919497154351875 0.058180763738366011 1035.3786562896451 0.46385888790962265
decision_type=2 2 2 10 10 2 2 2 10 10 2 2 2 2 2 2 2 2 2 2 2 2 2
left_child=2 3 4 -2 5 14 7 -6 -8 13 11 12 -11 -10 -1 21 -12 -18 -3 -20 -5 22 -4
right_child=1 18 15 20 6 -7 8 -9 9 10 16 -13 -14 -15 -16 -17 17 -19 19 -21 -22 -23 -24
leaf_value=0.030954597899507792 0.073499258582182883 -0.038832401412978834 -0.039795718353205806 0.0067190480428058769 0.062617864826369204 0.052751898675348408 -0.027353511682044657 -0.00084678166269229601 -0.00043757377716264681 -0.013221216098539885 -0.04182449055848951 -0.031171481319214756 0.070817674928422947 0.024748124574403011 -0.037020564922572996 0.010845068124649379 -0.02257645487504813 0.025400244704493997 -0.013198669787676387 0.021207229890887334 -0.022106865537974089 -0.0056970670985179717 -0.0047510053097095904
leaf_weight=0.26103318511741225 1.0890458490757795 12.953264294133986 5.3318890406808368 0.88869426026940446 6.0626477101759528 0.49710376453003846 6.0852905571518923 8.0401763652043865 24.37905337443226 1.886338175681886 5.7914180376683371 2.1148712919093668 2.665010795899434 30.481364297680557 7.364019091182854 1.6144916269695366 1.0841059003432754 0.87343622610205784 0.45877910271519895 0.4449073976429645 1.1015573464683255 1.3812656250665893 1.3512943969108162
leaf_count=204 220 16787 883 200 270 383 300 357 295 287 1345 374 405 369 5763 231 248 200 206 200 247 207 224
internal_value=0.000187503 -0.0228964 0.00378301 0.0293616 0.00667369 -0.0210072 0.0093912 0.0287756 0.00543432 0.00866271 -0.0103289 0.0162129 0.0398798 0.0137485 -0.0313744 -0.0232575 -0.0324054 0.000180561 -0.0357038 0.00598236 -0.0112929 -0.030528 -0.0342505
internal_weight=124.201 16.9362 107.265 3.0793 97.5859 8.12216 89.4637 14.1028 75.3609 69.2756 14.4152 6.66622 4.55135 54.8604 7.62505 9.67894 7.74896 1.95754 13.857 0.903687 1.99025 8.06445 6.68318
internal_count=30568 18581 11987 623 10603 6262 4341 627 3714 3643 2979 1180 692 664 5967 1384 1799 448 17958 406 447 1208 1107
is_linear=0
shrinkage=0.05


Tree=228
num_leaves=31
num_cat=0
split_feature=13 20 12 4 0 0 2 19 0 13 0 2 7 16 12 5 3 3 3 8 8 11 7 13 12 15 12 19 2 8
split_gain=8.9913 6.40822 3.89776 4.43157 4.00225 3.49514 4.67452 3.50796 3.25703 3.06084 2.99455 5.43676 4.67042 4.47091 3.82082 2.96395 6.18576 2.91484 2.9045 2.97647 2.85085 3.75868 5.42742 7.28827 3.20107 2.80901 2.71341 5.24655 4.87213 4.95657
threshold=-1.0000000180025095e-35 70.273120258160176 -106.31573070419073 62.703473796794007 129.69853148782951 95.187000333281119 4.2891135017140778 2.5000000000000004 567.05835268502972 22.263788537167056 222.62687495781805 4.9837609274549228 -0.20146864399274469 1.0000000180025095e-35 -110.01190103261904 44.89652868748891 21.540958771180403 12.784571299494202 9.7970106957273764 0.17497288679246029 0.132709811436901 -116.29632481152599 -0.16549783616556499 18.922648889239188 -118.02885205696182 5.4354481389845004e-09 -126.10251266064104 4.5000000000000009 5.2916041045047182 0.23910882755053378
decision_type=2 8 2 2 2 2 2 2 2 2 2 2 2 2 2 2 2 2 2 2 2 2 2 2 2 2 2 2 2 2
left_child=-1 5 17 4 25 -2 -7 -8 10 -10 -9 12 -12 -14 20 16 -5 18 19 -3 24 -22 -23 -24 -13 -4 -19 -28 -29 -30
right_child=1 2 3 15 -6 6 7 8 9 -11 11 14 13 -15 -16 -17 -18 26 -20 -21 21 22 23 -25 -26 -27 27 28 29 -31
leaf_value=-0.0413699069139934 0.025783297481766033 -0.039741585800840112 -0.035172437230823313 -0.06392079409009474 0.027065706046654616 -0.034757352825170756 -0.0048758306389497493 0.031167105425521043 -0.015716077694634897 0.035312656104048802 0.014888842261408079 -0.011949088059990755 -0.0059973476266221093 -0.057898769833563929 0.012102532180866958 0.019344626492047837 0.020508949318224948 -0.0091835790782676709 -0.063593613317860703 0.023408262458717778 0.0018549452812315133 -0.054233773449383016 -0.05229760446459876 0.017540892289913287 0.030206320729824848 0.017166630298982355 0.01507596936667057 0.024774120837119287 -0.067678980238777373 0.001039532783751343
leaf_weight=12.376128382980822 9.7579272214788926 2.2037207973189661 4.0364904298912725 4.0503653313498944 53.943505805917084 10.360382811166344 418.67832551663741 6.9991757425013921 3.1378861828707167 12.346372170373796 5.5917862630449262 7.0218457956798419 7.6309881466440901 8.8166860216297191 66.231965433107689 4.2807442725170404 3.1395864153746516 26.280395537614822 2.1912155104801059 3.4825801709666848 28.948281270451844 8.5295478454791045 4.5529810399748394 10.471221630927174 9.73688000673428 4.3362479330971837 64.233027145266533 3.8558681574650135 4.774409631965681 4.7551321515347809
leaf_count=463 220 203 200 350 7486 236 9581 373 316 1244 235 208 302 349 3639 349 272 1529 201 322 795 362 202 465 289 214 4887 224 297 296
internal_value=7.69812e-05 -3.68285e-05 0.00808753 0.0169251 0.0221356 -0.0024822 -0.00297658 -0.00236957 0.0034542 0.0246456 0.00132301 -0.000191199 -0.0226565 -0.0355427 0.00360226 -0.0108872 -0.0290508 0.00215527 -0.0253824 -0.00334887 -0.00458286 -0.0102886 -0.0246812 -0.00556609 0.0128651 -0.00912649 0.00446521 0.00914451 -0.0183883 -0.036547
internal_weight=816.752 804.376 185.563 73.7869 62.3162 618.812 609.054 598.694 180.016 15.4843 164.531 157.532 22.0395 16.4477 135.493 11.4707 7.18995 111.776 7.87752 5.6863 69.2608 52.502 23.5538 15.0242 16.7587 8.37274 103.899 77.6184 13.3854 9.52954
internal_count=30568 30303 16346 9582 8648 13957 13848 13700 10324 1560 8764 8369 925 651 7444 934 622 6764 721 525 1938 1441 999 667 497 414 6043 5905 779 593
is_linear=0
shrinkage=0.05


Tree=229
num_leaves=31
num_cat=0
split_feature=1 5 8 8 17 5 12 1 11 4 4 3 7 20 1 9 5 9 7 9 17 8 1 15 12 0 1 21 1 5
split_gain=1.99947 2.47619 1.82216 4.33789 3.21182 3.1931 2.83205 4.2295 2.53787 4.02725 2.85136 5.3832 4.72242 6.20293 4.8759 3.78575 3.71001 6.30299 3.26927 2.89014 3.98668 4.41868 3.73145 3.43417 3.37394 3.31297 2.3392 4.36948 4.10372 3.74959
threshold=1136.1833025708454 -20.6150498766862 0.41131735072805148 0.47311705311372571 2.1316282072803012e-14 -36.632167612972822 -112.31357087385987 893.57775185249568 -73.073572644552939 24.098944279139854 26.992588603952754 12.267096681321352 0.37966992493573332 13.721344332421252 72.570948194024965 0.46216600787525813 2.5858430141831978 0.21360111078860691 -0.36043441324829478 0.32708636451015854 1.0000000180025095e-35 0.24101932339218671 427.05767561181005 6.0731204196985638e-09 -115.39609432528648 209.35056937888001 63.690053250015303 0.0079214145517441572 52.919442746225606 44.89652868748891
decision_type=2 2 2 2 2 2 2 2 2 2 2 2 2 10 2 2 2 2 2 2 2 2 2 2 2 2 2 10 2 2
left_child=2 -2 8 -4 5 -5 -7 -8 10 -10 11 -1 14 -14 -13 16 17 -12 -19 20 23 -22 -23 24 -16 -26 28 -28 -18 -29
right_child=1 -3 3 4 -6 6 7 -9 9 -11 15 12 13 -15 19 -17 26 18 -20 -21 21 22 -24 -25 25 -27 27 29 -30 -31
leaf_value=-0.037417866884861581 0.021387311585844712 -0.035436259098569942 -0.018610904175655349 -0.02498360985320168 -0.028910790018490715 0.075887264215070513 -0.019565829459536301 0.067377173684490518 0.085344151999581577 -0.0087883980870404384 -0.0092872495758737055 -0.033299644190081384 -0.018123874416014204 0.069602798843569944 0.015367246522068004 -0.023011355482308087 0.014592972227280837 -0.00020543229141175564 0.092001190339283001 -0.017298300634753076 0.0068277409732963763 0.11232498139902863 0.010364054091124918 0.049663211033438431 0.042079325791919059 -0.03756094080123501 -0.030892328208918941 0.018378314176954295 0.071451632469370072 -0.012174882156175532
leaf_weight=7.672813525365199 2.0062638444360354 5.1018461007624865 18.857104355469353 1.3346180510707206 1.8735925982473416 2.9851243259618077 3.0317071583704074 1.1871298768091947 1.6541784899309291 1.690956848207861 3.1641276085865675 8.4708902842248772 2.5958120554569186 4.6594928306294605 7.9110812822473315 5.9473995070438832 17.361631155887157 1.1793405304197238 4.0959645154071032 8.3719817274832149 4.8027503318153313 1.8485636639525196 1.6358070519636383 2.1272045468795113 0.68099466915010154 7.8963282190961763 5.9004584437934673 42.212309194088448 3.1373076845193282 12.314091624051796
leaf_count=1448 201 512 3471 218 293 523 800 313 200 205 656 1458 380 682 1423 811 1592 211 731 1427 763 285 253 361 211 2446 824 5078 288 1481
internal_value=-0.000218741 -0.0187381 0.00670348 -0.00462728 0.0201096 0.0327692 0.0452098 0.0131215 0.00882732 0.0466889 0.0077089 -0.000964238 0.00513411 0.0398225 -0.00138043 0.0130026 0.0156275 0.0455233 0.0746397 0.00699135 0.0148992 0.0416601 0.0774429 0.00146957 -0.00723225 -0.0275045 0.0119922 0.0068195 0.0262138 0.0113833
internal_weight=193.709 7.10811 186.601 29.2693 10.4122 8.53858 7.20396 4.21884 157.331 3.34514 153.986 58.6737 51.0009 7.2553 43.7456 95.3126 89.3652 8.43943 5.27531 35.2747 26.9027 8.28712 3.48437 18.6156 16.4884 8.57732 80.9258 60.4269 20.4989 54.5264
internal_count=30568 713 29855 5387 1627 1392 1261 1113 24468 405 24063 11072 8592 1062 7530 12991 12065 1749 942 6011 4476 1317 538 3159 2965 2657 10316 8436 1880 6559
is_linear=0
shrinkage=0.05


Tree=230
num_leaves=31
num_cat=0
split_feature=20 3 15 21 21 16 4 3 7 9 16 4 5 1 9 20 21 21 1 6 8 15 20 21 21 6 7 10 9 16
split_gain=2.08744 3.38177 3.06788 2.04298 3.26005 3.19508 2.70665 2.88147 2.61214 3.37838 2.16876 3.94419 4.03407 3.3549 2.46974 2.5159 4.47697 3.17169 2.58754 3.453 5.14904 3.80653 3.70906 3.55276 4.00327 3.44207 3.25798 4.99762 4.31736 3.25593
threshold=1.9788344174564303 20.314263079117001 3.5371288902494131e-11 3.7252410563412002 3.5844891880829404 8.2757424458935755 -5.9431718820561192 56.841345616702057 -0.1065552631030826 0.25698933207409885 4.0031988095476132 66.411101032253057 5.3830588383833495 128.69928869803653 0.48661597731674983 190.89888803811405 2.5827006227205405 2.2489851020822607 13.918898324500903 -0.24517042325637647 0.28355424636066823 9.0746226642303566e-10 16.356609021194803 1.4210081006081701 1.5670991652503952 0.087777231814556891 0.17299441918115124 3.5000000000000004 0.20801590084310376 1.0000000180025095e-35
decision_type=8 2 2 10 10 2 2 2 2 2 2 2 2 2 2 10 8 10 2 2 2 2 8 10 10 2 2 2 2 2
left_child=1 2 -1 4 5 10 7 -5 9 -8 14 12 13 -12 15 17 -17 18 29 20 21 -20 -22 -24 -25 26 -21 28 -28 -2
right_child=3 -3 -4 6 -6 -7 8 -9 -10 -11 11 -13 -14 -15 -16 16 -18 -19 19 25 22 -23 23 24 -26 -27 27 -29 -30 -31
leaf_value=0.027624830696053582 0.008177165409639758 -0.029216225580660407 -0.019160961397356714 -0.012866354647055054 0.055165128316045198 -0.027554349651873089 0.034531222203952397 0.044785607319979048 -0.038068076513298132 -0.031190606260173101 0.08494699505884068 0.07906390627335258 -0.023341377164633768 -0.0066935094884179444 0.040079430120493795 0.00042260769903384597 0.08718814738647146 -0.014341826306082425 0.10072757203100631 -0.024781785744978274 0.031805205107884281 -0.0018228745970914374 -0.030492455047602431 0.080087359580046563 -0.0087067506342449284 0.0094701963725502668 0.053534839763744152 0.054776701298852273 -0.030548982152293722 0.059824910815141276
leaf_weight=7.3943062516045801 8.3483831422054191 9.7657171810278651 5.1057114735012874 3.6864860783098319 2.8436408292036504 5.0409962702542543 3.2390442849136933 3.2925725395325571 7.3145687525975474 2.6453613119665533 1.2763756008935192 2.1338036158122122 3.6646455344744027 1.5392467796918934 4.7564981530886143 3.4650170982931758 1.6169866396812711 17.526452328718733 2.0694922569673553 19.587211964011665 9.0674867304624076 1.2335263617569578 6.703082873369568 0.95291191188152957 3.1521954777999781 35.139380023174454 0.97697794955456618 2.9433434864622541 6.2023547611897811 4.1883914270438254
leaf_count=489 589 787 337 340 516 923 407 304 1061 333 272 302 645 328 886 717 334 3282 400 3828 1745 238 2138 206 683 6975 219 548 1392 296
internal_value=0.000245162 -0.00858059 0.0085111 0.00745992 0.00953944 0.00824261 -0.00717223 0.0165367 -0.0199903 0.00474672 0.0097549 0.0327922 0.00902315 0.0462244 0.00796139 0.00640833 0.0378259 0.00475002 0.0081858 0.00499338 0.0211209 0.0709063 0.00984706 -0.00970805 0.0235551 -0.00100419 -0.0132977 0.00915391 -0.0139605 0.0285768
internal_weight=186.872 22.2657 12.5 164.606 144.428 141.585 20.178 6.97906 13.199 5.88441 136.544 8.61407 6.48027 2.81562 127.93 123.173 5.082 118.091 100.565 88.028 23.1787 3.30302 19.8757 10.8082 4.10511 64.8493 29.7099 10.1227 7.17933 12.5368
internal_count=30568 1795 826 28773 26215 25938 2558 644 1914 740 25059 1218 1140 600 23841 23164 1051 22113 18220 17335 4462 638 3824 3448 889 12873 5807 1886 1611 885
is_linear=0
shrinkage=0.05


Tree=231
num_leaves=31
num_cat=0
split_feature=13 21 13 19 10 11 20 12 4 13 1 20 20 13 3 0 5 12 11 1 12 3 20 2 0 3 9 6 5 20
split_gain=14.096 19.5372 9.13289 6.88999 5.2089 3.87357 3.71881 4.08828 4.71794 4.15493 3.58278 3.29077 3.94879 3.14207 4.34862 5.00238 3.6085 2.99704 4.58366 3.71676 3.09697 2.96431 2.38757 2.23559 5.02902 2.21766 2.11166 2.04007 1.9388 1.67994
threshold=1.0000000180025095e-35 1.1545593517353503 23.995424848628939 4.5000000000000009 2.5000000000000004 -102.50922861919348 69.006614809500675 -106.49475699863474 59.509045495918663 18.724764327651844 313.26919806161555 1.9788344174564303 10.465543835848552 25.564748564455567 18.829927214290002 336.56544284662158 -0.47484312891600128 -85.097282886785294 -109.53487950244899 297.13972292689658 -99.027293870766286 35.216522280633761 0.72921310767638003 5.5244740670248129 553.43681048233111 11.631196278912151 0.40857922219813686 0.096736725368558943 -11.256256794168548 13.721344332421252
decision_type=2 8 2 2 2 2 10 2 2 2 2 10 10 2 2 2 2 2 2 2 2 2 10 2 2 2 2 2 2 10
left_child=-1 3 4 6 5 27 7 8 9 -2 26 -11 -13 16 15 -15 -12 18 25 21 29 -20 -16 -8 -25 -6 28 -3 -9 -21
right_child=1 2 -4 -5 17 -7 23 10 -10 11 13 12 -14 14 22 -17 -18 -19 19 20 -22 -23 -24 24 -26 -27 -28 -29 -30 -31
leaf_value=0.042367291027515248 0.017769707477145579 -0.029756652978978355 -0.035293639799034993 -0.038054918008103032 0.0045182514287647173 0.063388891469601125 -0.03077843755599274 0.0044259299969334337 0.0082513054590993371 -0.039086482655407505 0.029149033440981045 0.012633033380317855 -0.036380760026463087 -0.003795343873911566 0.0047129956364163452 0.028966995034126065 0.0074575759584432607 -0.037926728265370212 -0.036955066239528905 0.03903159261376285 -0.0098024885742536462 0.01685506700389236 -0.024069104347546246 0.056657535290720956 -0.031617681942268411 -0.038203686353118799 0.01317382583234626 0.02870795660988143 -0.025138929366913615 0.0046909262620721892
leaf_weight=14.866888255579395 6.3780841947300351 2.3642171188257652 62.300813755602576 9.4575252830982208 3.6344605509657457 3.1024023261852554 11.207638452644458 8.337676314637072 33.902777885319665 16.622965886723257 40.198439709842205 9.5855954457074386 5.7663848215015605 21.383728780085221 12.765504673356194 24.067565125180408 37.577157699968666 9.5469866519561037 7.4189391910331315 8.9159380410565099 8.7616229900158924 2.9848971603205428 14.7566498266533 1.9016471949871636 2.6755637613823637 12.913876507314852 8.9193908511660975 1.6972016795771194 14.131142130470836 6.0333864892600104
leaf_count=1071 213 306 10982 252 292 349 1377 211 782 640 214 571 344 230 204 259 200 574 721 356 335 290 236 303 426 1036 201 220 358 241
internal_value=-0.000205199 -0.00567289 -0.0216338 0.00177937 -0.00867116 0.0290759 0.00330895 0.00479598 -0.00521676 -0.0170292 0.00877493 -0.024299 -0.00687611 0.0119631 0.00441789 0.0138032 0.0188965 -0.013564 -0.00832777 0.00228915 0.0131253 -0.0213925 -0.011022 -0.0195143 0.00864005 -0.029098 -0.00643371 -0.0044803 -0.0144469 0.0263352
internal_weight=424.177 409.31 129.675 279.635 67.3739 7.16382 270.178 254.393 72.2558 38.353 182.137 31.9749 15.352 150.749 72.9734 45.4513 77.7756 60.2101 50.6631 34.1148 23.7109 10.4038 27.5222 15.7848 4.57721 16.5483 31.3882 4.06142 22.4688 14.9493
internal_count=30568 30303 22859 7444 4424 805 5655 3715 1666 1281 2049 1231 915 1343 929 489 414 3619 3246 1918 907 1011 440 1940 729 1328 706 526 569 597
is_linear=0
shrinkage=0.05


Tree=232
num_leaves=14
num_cat=0
split_feature=20 20 6 12 15 2 21 2 7 2 1 7 7
split_gain=1.86023 1.47971 1.19567 2.26524 1.59391 2.8521 2.49147 1.46358 1.1713 0.756755 0.735931 0.570898 0.451846
threshold=32.836670301168105 3.4967253736869552 -0.038248842752062633 -107.7347138599 3.1763735522036267e-22 5.7675799121427298 0.50468699732245115 5.4312810233507713 -0.20529980568541892 5.590808194147157 1220.1064885980552 0.37149885823109746 -0.1775583649023604
decision_type=8 10 2 2 2 2 8 2 2 2 2 2 2
left_child=1 -1 4 7 6 11 -3 -4 -9 12 -5 -6 -8
right_child=-2 2 3 10 5 -7 9 8 -10 -11 -12 -13 -14
leaf_value=-0.025569847846170581 -0.029473768958687713 -0.019881624100103398 -0.018782430958110188 -0.03299675214952541 -0.031349942136548112 0.047030491068785256 0.016623638974837655 0.058198061370384413 -0.0034806080494117191 0.0035983916967298351 0.013121629848289837 0.010331249594395969 0.076108858231315399
leaf_weight=1.5844344193319617 2.4160798640514249 0.78847039920948081 0.7789064212993323 3.0512880906535367 2.468425347869927 1.2699715792114146 1.1147828490429712 1.5887281788891439 0.94275713023671293 0.70835910175082972 0.51783219986828044 0.54323381443828112 2.2866118177480503
leaf_count=697 3682 222 246 1636 990 369 334 353 209 224 278 218 686
internal_value=-0.000156328 0.0107537 0.0156262 -0.000416031 0.0265084 0.00264435 0.0433834 0.0256322 0.0407469 0.0570366 -0.0248982 -0.0231304 0.0648194
internal_weight=20.0599 17.6438 16.0594 6.87951 9.17985 4.28163 4.89822 3.31039 2.53149 4.10975 3.56912 3.01166 3.40139
internal_count=30568 7763 5585 2961 2624 1244 1380 1047 562 1297 1914 1208 1020
is_linear=0
shrinkage=0.05


Tree=233
num_leaves=27
num_cat=0
split_feature=19 2 7 3 20 7 20 8 6 5 16 5 20 21 21 11 9 21 8 3 20 15 1 3 9 8
split_gain=4.02514 4.97318 3.38212 7.46516 4.59161 3.69709 3.59896 3.03903 3.02739 2.91876 3.35302 2.81101 2.69188 3.53692 3.88659 1.94835 3.26638 1.71949 1.06108 0.855348 0.686469 0.392455 0.391063 0.381087 0.333035 0.219365
threshold=2.5000000000000004 4.3833131844255773 0.45466797377976592 39.82943265633326 0.15699422902307503 0.13149638847518033 1.9788344174564303 0.44165800079303136 0.32075198462582583 -36.632167612972822 1.0000000180025095e-35 8.890940911555953 1.1122275723568953 0.026383096162793704 1.0260525251488051 -112.37025750180199 0.11774196167933761 1.4438128200488503 0.18348852424894926 61.055739339733407 42.737119308581207 6.5389008287266646e-09 528.01598097834119 19.933789751412103 0.26906957317087526 0.30860516011772093
decision_type=2 2 2 2 10 2 10 2 2 2 2 2 10 8 10 2 2 10 2 2 10 2 2 2 2 2
left_child=2 8 4 25 17 7 -7 9 23 -6 12 18 -11 -14 15 -15 -17 -1 -12 -3 -16 -8 -22 -2 -21 -4
right_child=1 19 3 -5 5 6 21 -9 -10 10 11 -13 13 14 20 16 -18 -19 -20 24 22 -23 -24 -25 -26 -27
leaf_value=-0.037343150654981852 0.0095180231959037728 -0.038688838608875759 -0.024119647630442231 0.1043470683314731 0.043290415803531587 0.00141488205996992 -0.0415553538598393 -0.022930646866809873 0.069339727017457761 0.00040733162924665818 -0.0030730484247135392 0.011672081944550175 0.0080421914219243468 0.083001398366197854 -0.025454473200185315 0.061493188983037253 -0.0082247843987524171 0.031736869717062154 -0.036098472403104993 -0.013232530807773714 0.033588161389562297 -0.0053979700367200326 -0.0097675120742454925 -0.023069734163898951 0.021062355902008591 0.0019845410834633706
leaf_weight=7.9842131082259575 0.78456595342141411 12.338075394480255 1.2190937466803038 1.5219155579397918 6.6591849120159159 19.413561672379732 6.5109586396429231 5.1600005042855628 1.1646997635252772 12.8740243105276 4.0916616560716692 10.293347934959455 11.630203588807491 4.2914820845471704 1.4807505194039561 2.6223837677971469 2.7459309077530634 0.24711438236408867 5.8240747031813953 0.46036022217595118 0.21569619298679854 1.1975169935903975 0.3054885397432372 1.2162778195342978 0.44774642382981256 1.0416066677425986
leaf_count=6552 200 16727 233 218 291 1145 1099 234 229 599 201 438 731 275 567 247 258 203 286 206 200 202 283 309 200 200
internal_value=0.000193344 -0.0223361 0.00356424 0.044679 0.00164932 0.00486265 -0.0104935 0.0110335 0.027837 0.0141285 0.00998928 -0.0061374 0.0189233 0.0287195 0.0470772 0.0592078 0.0301402 -0.032056 -0.0240007 -0.0354387 -0.0116807 -0.0372031 0.0184604 -0.0113779 0.00585328 -0.0151722
internal_weight=123.742 16.4117 107.33 3.78262 103.548 95.3163 27.122 68.1942 3.16554 63.0342 56.375 20.2091 36.166 23.2919 11.6617 9.6598 5.36831 8.23133 9.91574 13.2462 2.00194 7.70848 0.521185 2.00084 0.908107 2.2607
internal_count=30568 18581 11987 542 11445 4690 1599 3091 623 2750 2544 860 1684 1463 1385 618 505 6755 487 17958 767 1301 483 509 406 433
is_linear=0
shrinkage=0.05


Tree=234
num_leaves=31
num_cat=0
split_feature=16 21 5 1 6 20 9 1 2 21 9 9 20 13 15 8 20 3 15 4 17 20 21 1 3 15 6 7 12 19
split_gain=8.27269 5.86041 4.67433 5.67918 5.55848 5.07 4.82509 4.72335 4.66741 4.19517 3.37892 4.09273 5.41508 3.28276 4.71641 3.60763 3.57179 6.94587 5.5171 5.68446 5.33701 5.3073 7.70963 4.19628 4.01052 3.80733 3.58957 3.14167 4.37095 3.09506
threshold=30.881699610339378 1.8277542308877452 -43.28340274613884 4.0342158382659354 0.46808288080952309 236.16746691888054 0.45089368684009395 226.93248218790453 5.4962470190897958 1.7675365628749302 0.4178582822405002 0.38869944226725478 33.259923889077356 14.691056627412722 1.3431272841590177e-08 0.35055514704323959 16.356609021194803 52.026497400078803 4.3623594137459278e-09 31.482324158578852 1.0000000180025095e-35 3.4967253736869552 0.87083519668870768 863.09798016232264 35.216522280633761 1.6400361965202057e-09 -0.079401886353814163 -0.15369792080568254 -103.82924094716834 2.5000000000000004
decision_type=2 8 2 2 2 10 2 2 2 8 2 2 8 2 2 2 10 2 2 2 2 10 8 2 2 2 2 2 2 2
left_child=1 9 6 -4 5 8 -3 -6 10 13 11 27 -13 -1 16 -16 21 18 -18 26 -21 23 -23 -15 -24 -25 -20 28 -5 -28
right_child=-2 2 3 4 7 -7 -8 -9 -10 -11 -12 12 -14 14 15 -17 17 -19 19 20 -22 22 24 25 -26 -27 29 -29 -30 -31
leaf_value=-0.016734974836564206 -0.040096916330511212 -0.0017349854343170245 -0.021321831836993196 -0.015704585164313119 0.0070736503071032845 -0.026593250023203535 -0.051232334612673347 -0.06879606948822542 0.03219193081711981 -0.033019905351545309 0.028741379477532032 -0.069726060458092279 0.0092645703135510703 0.0028794799533187663 0.0047641342104203762 0.037717813486137168 0.014317896909607811 -0.030523633405107522 -0.048480164411049506 -0.016569598892404169 0.035008388252841832 -0.031810780903045018 0.01233349145199355 -0.0011867725211152022 -0.025950788701955399 -0.019902969366551171 -0.027871782464781475 0.016018729850052496 0.019763013909087045 0.024458442471535391
leaf_weight=35.22500160522759 12.124858766794203 28.123238303232938 12.922709346981717 21.678649843903258 3.9917649496346721 6.6167472628876567 4.9884649373125285 2.8865200814325362 32.600402478594333 10.253853078465907 22.001469142269343 2.8746932139620203 4.4729613724630317 168.77563721593469 25.458496314939111 11.586256360169498 90.835328200366348 12.069847578182817 8.9094480972271448 8.646240358240906 9.6376706506125611 39.243746034335345 22.576943113002933 60.220765576697886 8.6388191794976574 48.717216230928898 5.3220871523953965 72.336903309216723 13.089184704003854 4.1344973407685757
leaf_count=804 457 1126 1038 1461 293 562 200 212 2819 238 1574 227 354 1051 495 226 6140 771 456 391 436 638 548 308 210 250 297 5106 882 230
internal_value=6.98882e-05 -7.61074e-05 0.00667091 0.00961391 0.0119081 0.0136853 -0.0104753 -0.0294566 0.0154089 -0.00278757 0.0111942 0.00760129 -0.0262903 -0.00217613 -0.00116891 0.0157913 -0.00248678 0.0042509 0.00775516 -0.00845856 0.0110234 -0.00519182 -0.017346 -0.00205699 0.00126184 -0.00966159 -0.0274211 0.010148 -0.00217274 -0.00484155
internal_weight=810.96 798.836 228.584 195.472 182.549 175.671 33.1117 6.87829 169.054 570.252 136.454 114.452 7.34765 559.998 524.773 37.0448 487.728 139.555 127.485 36.6499 18.2839 348.173 70.4595 277.714 31.2158 108.938 18.366 107.105 34.7678 9.45658
internal_count=30568 30283 17030 15704 15427 14922 1326 505 14617 13253 9765 8141 581 12785 12506 721 11785 8910 8618 1766 827 2875 1146 1729 758 558 939 7560 2343 527
is_linear=0
shrinkage=0.05


Tree=235
num_leaves=31
num_cat=0
split_feature=1 4 17 15 15 10 21 21 1 8 1 21 13 1 1 7 2 7 7 5 20 16 1 21 7 20 13 11 20 6
split_gain=1.87195 2.5156 1.73299 2.46379 1.98627 2.72653 2.5525 4.68795 6.66617 6.35304 4.61308 6.85116 4.98375 4.35722 4.61677 8.02998 3.7871 2.8942 3.89376 5.44315 3.03178 3.04636 5.05556 3.42992 2.60783 2.52885 2.4669 2.40706 2.40499 3.97195
threshold=1136.1833025708454 8.4642374318203313 5.9354717726654167 7.7074941031069835e-08 2.865866323418445e-08 5.5000000000000009 1.2566421264864351 1.4210081006081701 339.77185924460605 0.21734682324534901 739.09065577657464 2.2646888616362904 25.693586741981935 325.17847434392957 271.65148432830409 0.039594255205845037 5.2787704876946195 -0.41138465536731944 -0.24992485546007612 2.2817972204256489 4.9635452817963612 1.0000000180025095e-35 7.3673002632836306 1.8015882695962901 0.047520922129341343 28.052222636843151 18.521643293666298 -125.14559643286049 14.253157941447553 -0.30413977012147425
decision_type=2 2 2 2 2 2 10 10 2 2 2 8 2 2 2 2 2 2 2 2 10 2 2 10 2 8 2 2 8 2
left_child=2 -2 3 4 5 6 27 8 9 -8 13 12 -12 14 17 16 -16 -9 19 -19 -20 -22 -23 -24 -14 -25 -15 -1 29 -29
right_child=1 -3 -4 -5 -6 -7 7 10 -10 -11 11 -13 24 26 15 -17 -18 18 20 -21 21 22 23 25 -26 -27 -28 28 -30 -31
leaf_value=0.020033534416892804 0.022332569576810891 -0.035300961505858083 -0.029571132533285801 0.032086562566451635 -0.015792126388708898 0.046775348468530292 -0.0036813985377632964 -0.033782224692872377 -0.0027041118055201206 0.11982536857677294 -0.033220134461894056 0.089219386937602119 -0.0017950244441472659 0.024071138976461664 0.017214352712689944 -0.025902518079593817 0.14092332587357873 -0.0101370568205619 0.042208486093042327 0.067885458005240804 -0.017635625194079685 0.070921712565559625 0.049805521316125964 0.016304325815186992 0.064036584521247525 -0.030915725910823172 -0.028544022712963298 0.03216188453176777 -0.014184750323444224 -0.0046356436732609106
leaf_weight=11.24169618450105 1.9612077154451988 5.0025026557268575 2.304898513131775 8.4410140671534464 9.1731352671049535 3.2297417207155377 1.3838498753029864 3.511794962512794 3.7665129270753823 2.5952672143466771 3.3134980112081385 3.0617435781750837 2.4700795679818848 1.869578458659819 1.3198778918013008 1.5241723957005886 1.1346466568647882 3.3291579955839552 2.9230092664947724 4.6218405987019651 17.701693345094107 1.9835543468361709 1.6290136969182665 3.7693997982423753 2.6472645532921888 6.4774190158350384 12.714092778740449 8.6887109527015109 30.739697145472746 29.400484737649094
leaf_count=1973 201 512 368 1348 1523 556 253 556 634 475 257 252 206 523 249 328 214 475 464 659 2936 284 257 548 220 943 3560 429 6228 1452
internal_value=-0.000212186 -0.0183034 0.00652715 0.00713456 0.00576505 0.00703575 0.00597322 0.0120215 0.0467821 0.0847597 0.00791734 0.0357349 0.0089106 0.0024917 0.00953569 0.0553105 0.0986407 0.00447817 0.00834935 0.0377339 0.000701678 -0.00432068 0.012728 -0.00174502 0.0371615 -0.0136401 -0.0206871 -0.000423012 -0.00400319 0.00436646
internal_weight=193.931 6.96371 186.967 184.662 176.221 167.048 163.818 83.7475 7.74563 3.97912 76.0018 11.4926 8.43084 64.5093 49.9256 3.9787 2.45452 45.9469 42.4351 7.951 34.4841 31.5611 13.8594 11.8758 5.11734 10.2468 14.5837 80.0706 68.8289 38.0892
internal_count=30568 713 29855 29495 29262 28736 28522 14469 1304 728 13165 946 655 12219 8136 856 463 7280 6611 1134 5477 5234 1981 1871 426 1491 4083 14053 13945 1881
is_linear=0
shrinkage=0.05


Tree=236
num_leaves=31
num_cat=0
split_feature=17 20 1 21 21 9 5 15 20 1 21 20 6 20 6 8 15 7 9 5 11 9 21 12 3 21 21 5 9 20
split_gain=2.00613 2.08269 3.65608 3.76351 2.92869 2.58462 2.63205 1.84536 2.02018 4.6109 3.31737 2.65259 4.62327 3.84242 4.53933 3.83093 3.70701 4.20168 3.17598 3.76626 6.46553 4.98255 5.45445 5.03965 4.21249 4.05917 3.89548 5.1731 5.56638 3.80999
threshold=3.4793247340525832 3.1058799554398253 993.70085261680754 0.51928680426981411 0.026383096162793704 0.18400126808321862 8.1492622346428494 2.2285484969693384e-07 5.5459508458753612 297.13972292689658 0.040355889517861107 9.9612251709531154 -0.29696399377356458 10.890772882286251 -0.26478418819951471 0.35809869140671152 2.8455875555550951e-09 0.031767815577545384 0.49216953995425433 16.072905857115703 -104.01736103235599 0.36035643349476848 1.2909926551894901 -90.187832858576272 37.14855538961816 4.1791934295734103 1.7479236177818402 32.581505464094406 0.26063029764339879 60.651283096319958
decision_type=2 8 2 8 10 2 2 2 8 2 8 8 2 8 2 2 2 2 2 2 2 2 8 2 2 8 8 2 2 8
left_child=1 2 3 -1 -4 -5 -7 8 9 -3 -10 15 -13 -14 16 -12 17 -15 19 24 25 22 -22 -24 -16 26 -21 28 -28 -29
right_child=-2 7 4 5 -6 6 -8 -9 10 -11 11 12 13 14 18 -17 -18 -19 -20 20 21 -23 23 -25 -26 -27 27 29 -30 -31
leaf_value=-0.035350396514030977 -0.021923200461298184 0.0640496061964487 0.0394703637006917 -0.029203405311498926 -0.0083935931411755552 0.049810133829508212 -0.013430572714893297 0.043645713750112364 0.068339554426238319 -0.003681213806846518 -0.038284517905174065 -0.012528601359844641 0.062578513984251613 0.010934288741544078 -0.01642299463442717 0.017043103388225265 -0.0075193077739713777 0.12245429137628235 0.059357694307324661 -9.1323630409393666e-05 -0.017957340886098943 -0.020601038478196887 0.1386423137395886 0.0043770756023097787 0.010566868112181722 -0.021638014134263139 0.10610653004523507 -0.031322474011713619 -0.0052024837039800062 0.03345058014360968
leaf_weight=11.490499968407685 5.5133868602570146 3.9259245940484115 5.4820880363695315 2.1995780806755665 5.735949904890731 3.1753586031263703 2.1447295658290386 2.7534882370382547 1.1264415105688383 4.9206584593048319 6.8805459129507662 23.016305648547132 2.6401199554093182 1.6495841947034946 27.244409550563432 4.4327500038780272 1.5354650479857808 1.3674547806731423 1.8584096580743787 14.371669769752772 0.74077385512646599 0.96453040756750852 2.2710501995752601 0.9738830761052637 28.655682132579386 7.5823031718609846 2.9485596201848256 2.6843734044232423 1.4439985577482728 5.0621093084919258
leaf_count=980 902 204 204 228 214 301 204 505 220 256 452 4784 533 344 6778 291 277 285 385 1405 267 365 829 355 7129 874 440 209 215 395
internal_value=0.000246378 0.0064003 -0.0054416 -0.0184528 0.0163129 0.00848637 0.0262243 0.0087903 0.00785512 0.0298285 0.00625871 0.00526627 0.00736524 0.0118456 0.0099256 -0.0169826 0.0539957 0.0793809 0.00732212 0.00569552 0.0174046 0.0656133 0.0864243 0.10887 -0.00264481 0.00873458 0.0178922 0.0375697 0.0753359 0.00999
internal_weight=186.792 181.279 30.2282 19.0102 11.218 7.51967 5.32009 151.05 148.297 8.84658 139.45 138.324 127.011 103.994 101.354 11.3133 4.5525 3.01704 96.8018 94.9433 39.0433 4.95024 3.98571 3.24493 55.9001 34.093 26.5107 12.139 4.39256 7.74648
internal_count=30568 29743 2040 1622 418 781 505 27703 27642 460 27182 27145 26402 21001 20858 743 820 629 20038 19709 5802 1872 1435 1184 13907 3930 2592 1259 655 604
is_linear=0
shrinkage=0.05


Tree=237
num_leaves=31
num_cat=0
split_feature=16 21 19 0 1 20 12 2 2 13 17 21 9 21 5 13 4 3 20 13 3 20 12 7 13 1 20 16 15 1
split_gain=13.0671 18.8144 7.57532 4.86219 4.67643 4.0925 4.01124 4.14085 3.70161 3.60918 6.01498 4.01875 5.35476 3.72897 3.6734 6.72975 7.32136 3.4466 3.28558 4.71792 3.2272 3.09174 2.87846 2.77607 1.88219 1.61651 1.50042 1.384 1.76462 1.18538
threshold=30.881699610339378 1.8277542308877452 2.5000000000000004 160.20598052548203 128.69928869803653 24.008749171269205 -115.85543855947206 4.4959952347279826 5.5394694381175134 19.807234145527406 2.1316282072803012e-14 0.94702153773712217 0.43687310859017453 0.032608304341551854 35.328206664902957 38.407267706311139 26.097667974545804 32.564712469243652 4.9635452817963612 22.263788537167056 6.0607090674657558 0.47749307122403956 -102.84401973205048 0.015019154405699011 1.0000000180025095e-35 566.55219769531766 20.282410357836401 7.6335252789246288 1.5008466604676536e-08 8.4966083763187168
decision_type=2 8 2 2 2 10 2 2 2 2 2 8 2 8 2 2 2 2 10 2 2 10 2 2 2 2 8 2 2 2
left_child=1 2 6 4 -3 8 23 -8 18 13 11 14 17 -9 15 16 -11 -13 -4 -20 -17 -22 -21 -1 -5 -23 -6 -26 -29 -7
right_child=-2 3 5 24 26 29 7 9 -10 10 -12 12 -14 -15 -16 20 -18 -19 19 22 21 25 -24 -25 27 -27 -28 28 -30 -31
leaf_value=-0.04040247363892352 0.040995107338988097 0.044622503299781853 -0.021780488039488129 0.021745160359377333 0.0078838384467790484 -0.0022825058827675316 -0.022295581671341293 0.00071507708553927981 -0.034470321403456017 0.025255923345887266 -0.030587671456401785 -0.036724415727748289 0.031306409907226204 0.023036400229890626 0.02758444776259535 0.01289975872038243 -0.0074711735422297552 0.0090059100560793554 0.079974063640270321 0.032003896613592965 5.4449787783407958e-05 -0.041061705904342188 -0.03018504805055407 -0.0018708814267541518 -0.039357310456792916 -0.014793891226429177 -0.036576939720462068 0.021201301629857606 -0.031025849019746105 -0.037154624680535257
leaf_weight=8.0315446194727009 14.651448383927343 3.1663008182076728 3.4365687001263714 0.78650241473223914 2.5083347876789066 2.8837289755465489 13.854056136216967 31.690086740767583 4.5720503353513777 47.919094201293774 12.874355554813517 15.278862673090776 4.2601444213651121 44.915987618966028 17.42213328089565 13.250089791603385 25.685866151470691 5.0603987699141726 2.2035968692507604 2.9385581166716319 21.587973335874267 9.5018776513170469 2.5341096288757381 9.9017384890466911 49.625155793386512 17.788997147115879 4.21438622358255 2.0111377625726172 2.6015654739458114 21.604354804381728
leaf_count=236 1070 284 332 231 221 793 206 211 527 423 232 836 218 299 220 246 226 277 242 379 448 274 326 291 14766 512 371 202 261 5943
internal_value=-0.000198454 -0.00557551 -0.000823088 -0.0300194 0.00209786 -0.0209323 0.0019393 0.00342843 -0.000786604 0.00484017 0.00113339 0.00358913 -0.0147885 0.0139308 0.00661766 0.00374441 0.0138881 -0.0254579 0.0147733 0.0317621 -0.00830261 -0.0141935 0.00299288 -0.02035 -0.035726 -0.0250677 -0.0211152 -0.0369379 -0.00853449 -0.0332987
internal_weight=418.761 404.11 339.196 64.9134 9.88902 40.173 299.023 281.09 15.6849 267.236 190.63 177.755 24.5994 76.6061 153.156 135.734 73.605 20.3393 11.1128 7.67626 62.1289 48.8788 5.47267 17.9333 55.0244 27.2909 6.72272 54.2379 4.6127 24.4881
internal_count=30568 30283 13253 17030 886 8544 4709 4182 1808 3938 3428 3197 1259 510 1938 1804 649 1113 1075 844 1155 1015 705 527 16144 786 592 16139 463 6736
is_linear=0
shrinkage=0.05


Tree=238
num_leaves=16
num_cat=0
split_feature=20 20 7 8 2 4 4 7 11 6 20 4 15 9 11
split_gain=1.76655 1.41929 1.12743 1.30193 1.50135 1.00092 0.88827 0.864762 0.832049 0.764984 1.92204 0.361919 0.336326 0.134428 0.00632158
threshold=32.836670301168105 3.4967253736869552 0.10507518557917096 0.19117861151223806 5.5755994427926501 27.876614205772103 11.929102108683351 0.0079070098312757926 -96.827842692274444 -0.038248842752062633 7.1607661762869856 29.049138619020706 2.0187282759581576e-09 0.039994832027200854 -94.746749249561489
decision_type=8 10 2 2 2 2 2 2 2 2 10 2 2 2 2
left_child=1 -1 3 7 8 6 12 9 13 -3 -11 -6 -4 -5 -10
right_child=-2 2 5 4 11 -7 -8 -9 14 10 -12 -13 -14 -15 -16
leaf_value=-0.025321100948383662 -0.029129431517847155 0.062876461731168551 -0.021951364078905095 -0.0020016410282288712 0.0052469821397324989 -0.027535228537016329 0.033243507145624858 -0.0024664464807295306 0.0031357751774655353 0.052215978151659882 -0.023081923187616284 0.04182267243523783 0.01066647461444261 -0.029322881620677241 0.018534554105819622
leaf_weight=1.5452933323213134 2.3223340638214713 2.3629173844819911 1.0206064192316293 0.70923886148376292 1.39684815167857 1.7226148742338407 1.2558818532634175 0.87799093090870883 0.58457702062151029 0.47103965863789587 1.0895885221907518 1.4068644805738584 0.53265265107620507 2.0665279405147885 0.51294421912461474
leaf_count=683 3571 657 384 306 247 823 438 238 228 203 470 249 200 890 200
internal_value=-0.000150849 0.010556 0.0153038 0.023104 0.00689171 -0.00505833 0.0123352 0.0405748 -0.0123798 0.0487511 0.0111613 0.0297703 -0.0109691 -0.024721 0.0157379
internal_weight=19.8779 17.5556 16.0103 11.4785 6.677 4.53176 2.80914 4.80154 3.87329 3.92355 1.56063 2.80371 1.55326 2.77577 1.09752
internal_count=30568 7763 5585 3420 2120 2165 979 1300 1624 1091 673 496 584 1196 428
is_linear=0
shrinkage=0.05


Tree=239
num_leaves=26
num_cat=0
split_feature=19 2 7 3 20 7 20 20 8 1 12 1 7 21 5 4 8 7 20 9 3 15 9 1 2
split_gain=3.70928 4.74946 3.16752 6.80753 4.30534 3.43475 3.42933 2.84336 2.83357 2.61581 3.05737 2.34997 3.44725 1.71883 1.4772 2.19415 2.0561 3.04555 1.46188 1.38044 0.84749 0.409369 0.332413 0.288912 0.223048
threshold=2.5000000000000004 4.3833131844255773 0.45466797377976592 39.82943265633326 0.15699422902307503 0.13149638847518033 1.9788344174564303 81.132377003920013 0.44165800079303136 210.65403409309152 -120.8609658216124 1136.1833025708454 0.0031291644861271548 1.4630984038016204 27.049574118005303 1.5636946482662901 0.23149765429262106 -0.20529980568541892 1.6042356715084252 0.17205046167951846 61.055739339733407 7.2340739501216576e-09 0.27098813113110082 128.69928869803653 5.0394502353418957
decision_type=2 2 2 2 10 2 10 10 2 2 2 2 2 10 2 2 2 2 10 2 2 2 2 2 2
left_child=2 7 4 24 13 8 -7 -2 9 -6 -11 12 14 -1 15 -12 17 -17 -18 -20 -3 -8 -22 -9 -4
right_child=1 20 3 -5 5 6 21 23 -10 10 11 -13 -14 -15 -16 16 18 -19 19 -21 22 -23 -24 -25 -26
leaf_value=-0.037170806209273467 0.065897907089396995 -0.03854445515943232 0.0022355840407799212 0.098392621922369666 0.035448714216956854 0.0012395771618314362 -0.041196649708630607 -0.022204635672123385 -0.022533987893806617 0.04326708022420489 -0.025473957088618188 0.031632930057753451 0.024954461042411238 0.032000912892188767 -0.0279211759141587 0.044647987708503152 -0.025726644331234921 -0.0056839165017148674 0.0314478104003156 -0.01553968802701982 -0.013224839001684736 -0.0045683440706874847 0.021037268525988723 0.0064640789630280946 -0.024009987165960284
leaf_weight=7.6826227480778471 1.232507514563624 11.763492552010574 1.0317404863308215 1.6051190018479244 10.284819918015272 19.462848056224178 6.3469269186025494 1.1110968526336376 5.0758132634218782 4.7138486268231636 6.4777767687628538 5.8513018690282479 9.6145535207760986 0.24256891282857396 6.1360270547156688 5.1314417951798559 5.3378167633782132 5.5038007973053045 2.2844073249143557 2.1279633775120601 0.46002406781190175 1.1519809918245298 0.44817133378819562 0.89837599132442847 1.2058135975094044
leaf_count=6548 237 16671 200 226 446 1154 1101 247 229 211 302 274 429 207 283 264 269 283 219 204 206 200 200 200 233
internal_value=0.000199705 -0.0217748 0.00340287 0.0429319 0.00153717 0.00459577 -0.0102688 0.0265236 0.0105067 0.0134579 0.00862905 0.00445346 8.17217e-05 -0.0317054 -0.00768595 -0.00222767 0.00600496 0.0203511 -0.0100808 0.0101028 -0.0351679 -0.0367694 0.00584688 -0.0114987 -0.0149556
internal_weight=123.183 15.9137 107.269 3.84267 103.427 95.5013 26.9618 3.24198 68.5396 63.4638 53.1789 48.4651 42.6138 7.92519 32.9992 26.8632 20.3854 10.6352 9.75019 4.41237 12.6717 7.49891 0.908195 2.00947 2.23755
internal_count=30568 18581 11987 542 11445 4690 1599 623 3091 2750 2376 2266 1901 6755 1522 1252 1039 547 492 423 17958 1301 406 447 433
is_linear=0
shrinkage=0.05


Tree=240
num_leaves=31
num_cat=0
split_feature=13 21 5 1 21 6 9 9 9 20 4 20 21 21 5 6 8 9 13 15 8 20 4 7 6 4 4 9 21 9
split_gain=7.62794 5.0737 4.4126 5.16052 5.22708 5.1666 4.21244 4.08528 4.9471 5.33796 4.61865 5.78091 4.75047 3.73264 3.13171 2.99192 3.45915 2.97027 2.93829 4.38607 3.42744 3.16812 2.91261 2.82025 3.22444 3.69691 3.17199 2.94219 2.6154 2.54444
threshold=-1.0000000180025095e-35 1.8277542308877452 -43.28340274613884 4.0342158382659354 1.8518310121520603 0.46808288080952309 0.45089368684009395 0.4178582822405002 0.38869944226725478 33.259923889077356 25.003401586932601 236.16746691888054 5.0759138355630755 1.7675365628749302 50.084381631299557 -0.29312933404398084 0.38002569992511509 0.16858521099203475 14.691056627412722 1.3431272841590177e-08 0.35055514704323959 128.99653335555152 -17.729025425129347 -0.15369792080568254 0.29851708691932904 56.386532649580651 75.849237101922952 0.055515619003724932 0.6973271657053467 0.22709164351080705
decision_type=2 8 2 2 10 2 2 2 2 10 2 10 8 8 2 2 2 2 2 2 2 10 2 2 2 2 2 2 8 2
left_child=-1 13 6 -4 14 7 22 8 10 -10 12 23 15 18 -5 16 -6 -15 -2 21 28 -20 29 24 25 -12 -27 -25 -21 -3
right_child=1 2 3 4 5 -7 -8 -9 9 -11 11 -13 -14 17 -16 -17 -18 -19 19 20 -22 -23 -24 27 -26 26 -28 -29 -30 -31
leaf_value=-0.040723361306574557 -0.015811461877249511 -0.0087201007256412083 -0.020139432984117786 0.034858629613043764 -0.036790538644614505 -0.03607959102958521 -0.04776493844854713 0.028214239815292426 -0.071154219479927616 0.0070612267140874449 0.023239018510660889 -0.049528096133842847 -0.023585363241359694 -0.056333414829523525 -0.010119552027381884 0.038572231075059582 0.03158596250808559 -0.0047018865051439186 -0.0032553740305643294 -0.011598218934964408 0.036945587639003998 0.016294819724324033 -0.027579084788914632 -0.01075631583698611 -0.045895297629774109 -0.04039632478944765 0.0094174210931744703 0.017637019916517605 0.019396085525586446 0.024666805768757322
leaf_weight=10.75371979549527 35.423118028556928 11.163987320149324 13.137502622557802 28.511520887725055 2.6314867970068043 5.62788399704732 5.1821724285837263 22.566282422281802 3.2581274225376555 4.1393037899397314 8.5202220031060349 4.1984568894840777 3.8842972996644667 4.7465317712631068 4.0044127837754786 22.716407929779962 2.7736978658940643 5.7945192076731473 465.04215878620744 12.2040738966316 11.346537942066787 20.702980568399653 7.1585940797813237 10.96821664017625 3.7878042145166546 6.0310023515485218 5.2896044473163784 40.402932847617194 13.13792865537107 9.9174126496072841
leaf_count=408 812 423 1073 5421 255 355 206 1433 225 285 462 229 324 211 761 2015 268 257 11283 234 223 502 298 613 205 246 215 2258 252 376
internal_value=6.35409e-05 -0.00014655 0.0061766 0.00908954 0.0113309 0.00720587 -0.0103733 0.00917316 0.00534461 -0.031759 0.00807383 0.00150538 0.0237893 -0.00266569 0.0291828 0.0309182 -0.0022495 -0.0308177 -0.00207955 -0.00112004 0.0153157 -0.00239036 -0.00211286 0.00497631 -0.00906635 -0.00017054 -0.0182454 0.0114851 0.00459634 0.00739204
internal_weight=805.023 794.269 225.871 192.449 179.312 146.796 33.4222 141.168 118.602 7.39743 111.204 79.1982 32.0059 568.398 32.5159 28.1216 5.40518 10.5411 557.857 522.434 36.6885 485.745 28.24 74.9998 23.6286 19.8408 11.3206 51.3711 25.342 21.0814
internal_count=30568 30303 17046 15715 15438 9256 1331 8962 7499 510 6989 4317 2672 13257 6182 2494 523 468 12789 12506 721 11785 1176 4147 1276 1076 461 2871 486 799
is_linear=0
shrinkage=0.05


Tree=241
num_leaves=31
num_cat=0
split_feature=21 4 9 9 20 6 7 12 2 20 17 7 15 4 4 9 9 12 2 16 11 20 8 2 6 6 6 20 17 4
split_gain=1.80329 3.79077 3.17405 3.39932 3.33105 3.26492 6.57139 3.45227 2.87731 2.64024 2.62603 2.42072 4.07959 2.3534 7.34264 6.46148 4.22713 7.02716 5.93261 5.77347 3.91259 3.85034 4.69741 3.70387 3.15673 3.07367 2.81488 2.66629 3.88315 3.21879
threshold=0.23599950133268902 80.123503430390556 0.19171554983468567 0.055515619003724932 2.2761312847482005 0.11606050669839509 0.023483619225163292 -109.33106599371247 3.9879552895191459 3.1058799554398253 4.4312694075371262 -0.15774659303655267 2.161680766394303e-09 -22.087808431927748 -13.054013480083048 0.46426092124955881 0.38669220148687172 -107.08568020908579 5.2877762830595794 3.7436633827375947 -107.76800148392698 4.9635452817963612 0.48470785117411458 5.6367354044819447 -0.049047875096675402 -0.05651060638428828 0.39424878955218562 17.367214982306255 0.27060779350345104 3.7001081262232156
decision_type=10 2 2 2 8 2 2 2 2 10 2 2 2 2 2 2 2 2 2 2 2 10 2 2 2 2 2 10 2 2
left_child=1 9 3 5 -4 6 -2 -8 -6 -1 13 12 -5 -10 25 16 20 19 24 23 26 -22 -23 -18 -19 -15 27 -16 29 -29
right_child=2 -3 4 11 8 -7 7 -9 10 -11 -12 -13 -14 14 15 -17 17 18 -20 -21 21 22 -24 -25 -26 -27 -28 28 -30 -31
leaf_value=-0.0026883176210206511 0.0025728316803505505 0.034440695255778982 -0.018358068379466224 -0.029747096405008101 -0.030019262427876933 -0.013205668977792035 0.11430383971951059 0.012533877645715022 -0.015184544592694492 -0.037106483181596393 -0.028782323812403605 -0.016027266074477013 0.043176862898908618 0.10001183002986283 -0.003600841205025674 -0.025950756825972178 -0.030667291748967231 0.036391886041666481 0.0054914810477674041 0.068511776888864048 0.052031606765991639 -0.021472858951549375 0.064478913976264624 0.035431023616122735 0.11757905542831355 0.021109103163428494 -0.019437250327582766 -0.01091436905413054 -0.010260689569802124 0.053501131350395692
leaf_weight=37.200267230597092 7.3311681581835755 5.0073386777075939 6.6879707842308562 2.2403018223121762 2.3654344021924762 5.4287926016259007 1.7923390468349694 1.5804619981208814 3.9721149360993868 5.594772314070724 2.0656440627062693 29.771011292585172 3.9756455948227085 3.0730262616416448 4.8338092785561484 7.2053976895986125 6.0460707073798448 3.269576102902648 3.0120485937804915 1.9959638918517155 1.5569354978797552 15.48161827970762 0.78922898235032335 2.0889963136869483 3.8956043141370165 2.7355266194208516 2.6649589630542323 1.8605788646964434 3.290760362171568 14.947005410445852
leaf_count=7012 1035 872 982 278 359 815 240 211 608 1055 316 4998 492 251 468 1174 774 414 549 232 418 4429 226 267 494 224 263 200 349 1608
internal_value=-0.00020875 -0.00287909 0.00825092 -0.0016317 0.0136993 0.0168132 0.0318655 0.0803874 0.0163397 -0.00793248 0.0179679 -0.0101315 0.0164141 0.0194652 0.0213815 0.0164854 0.0214563 0.0399682 0.0673718 0.00886002 0.0124975 -0.00560334 -0.0138117 -0.0116734 0.0895263 0.0714108 0.0239777 0.0291888 0.0368719 0.0461579
internal_weight=193.76 47.8024 145.958 52.1197 93.8383 16.1328 10.704 3.3728 87.1503 42.795 84.7849 35.987 6.21595 82.7192 78.7471 72.9386 65.7332 20.3083 10.1772 10.131 45.4249 17.8278 16.2708 8.13507 7.16518 5.80855 27.5971 24.9322 20.0983 16.8076
internal_count=30568 8324 22244 8465 13779 2423 1511 451 13237 8067 12970 6042 770 12658 12355 11880 10535 3033 1854 1179 7502 4781 4655 1041 908 475 2721 2416 2129 1808
is_linear=0
shrinkage=0.05


Tree=242
num_leaves=31
num_cat=0
split_feature=20 21 1 21 21 16 11 9 16 13 16 15 15 9 9 8 9 3 9 6 20 6 8 4 21 1 20 6 3 3
split_gain=1.88129 3.42343 3.96339 1.91144 2.82827 2.95415 2.58854 3.33384 1.98302 3.35821 3.6125 2.30097 3.59625 3.47982 6.68089 5.25852 5.55561 7.10646 4.86219 4.69075 4.44056 6.36817 4.36537 3.6723 6.04399 3.87005 4.56148 6.95424 4.79389 3.41912
threshold=1.9788344174564303 1.4438128200488503 993.70085261680754 3.7252410563412002 3.5844891880829404 8.2757424458935755 -116.29632481152599 0.20039641428311986 4.0031988095476132 25.209931242672521 6.4782576002199566 1.232953220879676e-08 1.0369124711509843e-08 0.31703713496810743 0.36853420016226718 0.29682157605414533 0.35680088958133421 40.060021677037263 0.46426092124955881 0.065954156612895623 127.42872159191451 0.3701105030328789 0.16947922382032668 19.544403115113003 2.2489851020822607 310.37130766131804 50.188813199542508 -0.25248958500635327 39.314991504866008 46.203717206514305
decision_type=8 8 2 10 10 2 2 2 2 2 2 2 2 2 2 2 2 2 2 2 10 2 2 2 8 2 10 2 2 2
left_child=1 2 -1 4 5 8 7 -5 11 10 -10 12 13 20 15 16 17 19 29 -15 23 -22 -20 -2 25 26 27 -25 -28 -16
right_child=3 -3 -4 6 -6 -7 -8 -9 9 -11 -12 -13 -14 14 18 -17 -18 -19 22 -21 21 -23 -24 24 -26 -27 28 -29 -30 -31
leaf_value=-0.034520924114856778 -0.017947300171593693 0.036790076191553778 0.0094643696486394757 0.028299219749902595 0.050855810821517772 -0.027065017334393118 -0.030307252977197809 -0.018390298522421022 0.066398149865542808 -0.025543150938659789 -0.0035647744632689386 -0.011949557748366637 0.057728686930643452 0.0049933112276757093 -0.022722863240066216 0.0044395550315162033 0.12007440949886167 -0.030663964616458074 0.066651167067551809 0.10832921098731818 0.0072708370537871159 0.10823097331398744 0.00093254817665882879 0.063847282746990933 -0.025845335806042719 0.00013211437778123483 0.099123621154850905 -0.01763952796563352 0.0018190308155612513 0.022876678822098012
leaf_weight=10.895050871651627 23.964125041617081 2.6722032737452528 8.3834241828881186 6.8461355308536467 2.9954112436971627 4.8458370214793831 6.6444722594460472 6.5130914186593145 4.7380519275320712 1.4670552192255855 2.5755428082193248 12.621563627966678 2.8260706988512538 1.9360812128288682 13.421518063696576 5.0023573789512739 2.5814220809843391 2.2045202839071862 3.9036016109166658 1.8867592787719332 5.668270643102006 1.2460376681992782 5.2728946075658314 3.0712011890718705 10.00944327941397 16.306651787017472 3.1649762815213771 6.4965412667952513 1.8729926656233145 4.8410783299477771
leaf_count=827 4624 219 636 228 542 886 850 217 617 204 336 2345 554 425 3179 829 409 377 681 414 1405 309 919 355 1882 2073 633 751 375 1146
internal_value=0.000245913 -0.00813568 -0.01587 0.00718378 0.00918154 0.00795231 -0.0070374 0.00584095 0.00937725 0.0312079 0.0442949 0.00765336 0.00987634 0.00818146 0.0196054 0.046937 0.0685992 0.0326037 0.00487381 0.0678814 0.0014705 0.0368415 0.0326911 -0.00280062 0.00628592 0.0171739 0.0349727 0.0120839 0.0692408 -0.0100752
internal_weight=186.874 21.9507 19.2785 164.924 144.92 141.925 20.0037 13.3592 137.079 8.78065 7.31359 128.298 115.677 112.85 41.0502 13.6111 8.60878 6.02736 27.4391 3.82284 71.8002 6.91431 9.1765 64.8859 40.9218 30.9124 14.6057 9.56774 5.03797 18.2626
internal_count=30568 1795 1463 28773 26215 25938 2558 445 25059 1218 953 23841 22686 22417 8182 2257 1365 1032 5925 839 14235 1714 1600 12521 7695 3929 2114 1106 1008 4325
is_linear=0
shrinkage=0.05


Tree=243
num_leaves=31
num_cat=0
split_feature=13 21 16 20 1 2 2 3 9 15 2 2 15 8 8 2 9 1 4 8 9 1 1 16 17 8 9 5 4 8
split_gain=12.0246 17.1984 7.56289 7.0782 5.74426 4.42233 3.56694 3.9408 3.30973 3.29238 3.23039 4.26835 3.18773 4.75082 3.92236 3.04354 2.82339 4.31509 2.38738 2.48287 3.89347 2.6712 2.67149 4.59133 2.13412 1.70237 1.22156 1.06044 2.44668 2.15272
threshold=1.0000000180025095e-35 1.8277542308877452 18.321633832593225 40.313369608532703 1164.1738649488152 5.5483709692370207 4.3422421865699317 35.402851010073611 0.38039831606126034 4.74101562813827e-09 5.1684693838847577 5.3246888738967169 3.5427822835609437e-09 0.061520488312124928 0.40745972524598623 5.4418506529498467 0.32099088346572741 836.57179215070153 -3.8817580667523246 0.42680319690751661 0.10434094259215244 1013.1202485432701 183.5058029480995 1.0000000180025095e-35 1.0000000180025095e-35 0.21316345274416729 0.16422237823545818 0.3037517799750003 27.280496736535504 0.39356566973473145
decision_type=2 8 2 10 2 2 2 2 2 2 2 2 2 2 2 2 2 2 2 2 2 2 2 2 2 2 2 2 2 2
left_child=-1 3 6 5 27 8 7 -3 16 12 -10 -12 13 -7 26 -13 18 -18 -2 20 24 22 -22 25 -20 -24 -15 28 29 -5
right_child=1 2 -4 4 -6 9 -8 -9 10 -11 11 15 -14 14 -16 -17 17 -19 19 -21 21 -23 23 -25 -26 -27 -28 -29 -30 -31
leaf_value=0.041757054068444772 -0.01572585107182024 -0.026684091548213301 0.050030898228688704 -0.032166774506909933 0.024576091079469137 0.035865105467954066 -0.037598362778097943 0.034406738783282341 0.0027218843826234693 -0.03081007435732315 0.045768317997493084 -0.010564032291641491 0.029644025887006615 -0.0092270728537473517 0.01370509775053139 0.027966756370109914 -0.02767602824006676 0.0087702537996463322 -0.012429336722137653 -0.010323665600428555 -0.0015951390290710266 -0.00051049817237603355 0.022973772323955661 0.044492853346237343 0.010480916173904602 -0.00034613641505717009 -0.042770026769061976 -0.034657944311782644 0.030196300182178806 0.0092357760425044334
leaf_weight=13.00562592258211 13.224557809531687 5.8376110736280671 2.0343686384148896 12.005364187061788 5.5646206089295447 3.6499623028794366 51.693086350336671 3.3072392517933622 31.741706544416957 14.974412794457747 13.329659958835689 9.4837203512433952 5.2237617413047701 4.5151410620892465 5.5399579202057794 9.2225614143535477 18.080341873923324 13.478949428768827 26.307520705158822 19.73130331991706 11.453937259851953 21.279427869478241 16.540164620499134 18.017004129593261 15.266481127357109 14.078004680457523 9.7849265916738641 19.953815578017384 1.6507985075004397 3.6395883637014776
leaf_count=961 210 513 552 2626 981 200 14453 290 455 633 245 206 260 275 316 201 269 200 411 302 204 321 245 259 239 208 596 3935 361 796
internal_value=-0.000190883 -0.00538427 -0.0291773 -0.000881977 -0.0196359 0.00189769 -0.0325921 -0.00337682 0.00446014 -0.0126081 0.0142041 0.025154 -0.00239824 -0.0104434 -0.0202749 0.0088876 0.00108724 -0.0123186 0.00386226 0.00577472 0.00842083 0.014722 0.0200363 0.0250602 -0.00396784 0.0125796 -0.0334744 -0.0267104 -0.0161483 -0.0225588
internal_weight=413.616 400.61 62.8723 337.738 42.8142 294.924 60.8379 9.14485 251.235 43.6882 63.7776 32.0359 28.7137 23.49 19.84 18.7063 187.458 31.5593 155.898 142.674 122.943 81.3685 60.0891 48.6352 41.574 30.6182 14.3001 37.2496 17.2958 15.645
internal_count=30568 30303 17046 13257 7550 5707 17010 803 3860 1847 915 590 1429 1285 1131 407 2945 469 2476 2183 1879 1229 1068 698 650 453 871 7345 3779 3422
is_linear=0
shrinkage=0.05


Tree=244
num_leaves=15
num_cat=0
split_feature=20 21 13 3 7 12 0 2 5 17 5 8 11 3
split_gain=1.62923 1.36239 1.52441 1.13028 1.05047 1.08981 1.80715 2.14943 1.07316 0.781594 0.771887 0.703961 1.21814 0.344199
threshold=32.836670301168105 0.40009327630850056 20.613208446904313 10.405171446727502 0.43218581436447329 -90.969335063447076 294.44637594514705 5.4218688397664208 9.1616515113323 1.6348951956388926 -32.795198698559467 0.29286234686490081 -107.76800148392698 14.536949609931252
decision_type=8 10 2 2 2 2 2 2 2 2 2 2 2 2
left_child=1 9 -3 -4 5 6 -5 10 11 -1 -8 -9 -13 -10
right_child=-2 2 3 4 -6 -7 7 8 13 -11 -12 12 -14 -15
leaf_value=-0.029438993967196205 -0.028785203602983884 -0.024203865875303012 -0.019849087302038666 0.078535869130752722 -0.018163040453522739 -0.01721258060508701 0.011458660114256137 0.052928164652567569 0.015102342684857016 0.018702534379238658 -0.027145768438713698 0.034240409558733594 -0.02146640656419024 -0.018797099000123798
leaf_weight=2.1908659981491021 2.2336222595477002 1.3145207680499886 0.84853858724818643 0.94250579439540771 0.67405455275729764 0.62702648099365754 1.6798875850508934 4.0804308580845845 0.37067925701558202 0.38395909685641527 1.7075769435468817 1.1820869297516776 0.88588509655528469 0.74803543501911918
leaf_count=1138 3436 561 344 310 237 216 808 856 200 200 822 315 236 404
internal_value=-0.00014439 0.00974252 0.0155414 0.0207256 0.0246311 0.0281858 0.0318119 0.0212947 0.0351964 -0.0190366 -0.00975309 0.0424053 0.011158 -0.00573816
internal_weight=19.8697 17.6361 15.0612 13.7467 12.8982 12.2241 11.5971 10.6546 7.26712 2.57483 3.38746 6.1484 2.06797 1.11871
internal_count=30568 7763 6425 5569 4539 4220 3809 3524 1894 1338 1630 1290 551 604
is_linear=0
shrinkage=0.05


Tree=245
num_leaves=20
num_cat=0
split_feature=20 7 21 5 6 3 13 1 1 7 1 3 8 16 1 10 13 1 21
split_gain=3.45891 5.41283 3.54533 3.15441 2.34385 1.9316 1.83948 4.14768 2.39199 4.08072 3.35154 5.28604 3.76028 1.68613 1.68484 1.20826 0.959984 2.79205 0.554748
threshold=2.6549014716484653 0.47339661115075155 5.9547647505923704 -4.5518163066135982 0.32075198462582583 49.764991178807456 21.515127705528382 768.65045180427114 720.14976407245911 0.061585050251596225 561.04729387930456 36.006887106920054 0.28009613019813784 1.0000000180025095e-35 339.77185924460605 2.5000000000000004 17.910922759681416 33.682017220425159 0.040355889517861107
decision_type=8 2 10 2 2 2 2 2 2 2 2 2 2 2 2 2 2 2 8
left_child=6 2 5 -3 -4 16 7 -1 10 -10 11 12 -8 14 15 -7 17 -2 -18
right_child=1 3 4 -5 -6 13 8 -9 9 -11 -12 -13 -14 -15 -16 -17 18 -19 -20
leaf_value=-0.0044365949158701309 0.05589998784129882 0.094276594949791348 -0.016695972097115222 -0.016197718169789183 0.076310916583143401 -0.02844820260450024 0.035383005244953046 0.034802818344622753 0.005413348437236635 -0.031076994416462968 0.032958108911728463 -0.028586522254177293 -0.0080239906078981345 -0.030093073423890185 0.044641622499843416 0.022992893894501355 -0.010339202150877094 -0.02856873187402123 -0.039264787888592334
leaf_weight=12.656494745140666 0.44489319363493995 0.76913966459687899 0.66144925233675245 0.62087198029621482 0.61360025039175525 1.7500259425287397 9.6182403815910327 12.920588405337183 17.743938854429878 12.165955872391349 9.4081015380797908 9.63472764007747 8.8384580516722036 2.0721927817212418 1.6981223937909815 1.0151085320685524 2.8212661627330853 2.0324383780243807 15.08680299358093
leaf_count=200 243 437 272 353 253 684 294 204 372 255 240 272 270 686 530 397 3742 1108 20009
internal_value=0.00020552 -0.0145489 -0.020055 0.0588006 0.0419313 -0.0243875 0.00480898 0.0159494 0.000410648 -0.00995445 0.00872174 -0.000249157 0.0152524 -0.000517989 0.016208 -0.0084725 -0.0316579 -0.00168618 -0.0354956
internal_weight=122.572 29.5859 28.1959 1.39001 1.27505 26.9209 92.9865 25.5771 67.4094 29.9099 37.4995 28.0914 18.4567 6.53545 4.46326 2.76513 20.3854 2.47733 17.9081
internal_count=30568 28581 27791 790 525 27266 1987 404 1583 627 956 794 564 2164 1394 1081 25102 1351 23751
is_linear=0
shrinkage=0.05


Tree=246
num_leaves=31
num_cat=0
split_feature=16 20 1 11 21 21 20 0 2 13 8 1 11 1 10 15 12 1 20 3 2 21 16 16 12 8 5 8 9 1
split_gain=6.98652 4.5524 3.54477 4.28805 6.04585 3.41973 3.82715 3.01724 4.14384 3.00933 3.96039 2.46917 5.34555 3.60453 3.47195 3.80992 3.02401 2.92456 3.01571 3.75973 3.29934 2.92932 4.19848 6.81265 3.41735 4.09862 3.41478 2.99133 3.38729 4.96773
threshold=30.881699610339378 70.273120258160176 13.918898324500903 -124.12575205840449 3.3821160331532605 2.2990035284017605 190.89888803811405 95.187000333281119 4.2891135017140778 23.521415174609725 0.14687905431566398 549.63415224582957 -81.134252317750779 456.41741841109257 2.5000000000000004 1.7408088970837774e-09 -86.788827387361223 422.71614273209656 0.15699422902307503 1.6390673304473504 4.865520340624724 1.8277542308877452 4.0031988095476132 6.3751465685530766 -110.01190103261904 0.042574513911322505 35.328206664902957 0.082011846508022415 0.067529127744794706 58.032838712856353
decision_type=2 8 2 2 8 10 8 2 2 2 2 2 2 2 2 2 2 2 10 2 2 8 2 2 2 2 2 2 2 2
left_child=1 7 9 -4 5 -5 -7 -1 -9 -3 -11 12 13 17 15 16 -13 18 -10 -20 -21 22 27 -24 26 -26 -23 -22 -29 -30
right_child=-2 2 3 4 -6 6 -8 8 11 10 -12 14 -14 -15 -16 -17 -18 -19 19 20 21 24 23 -25 25 -27 -28 28 29 -31
leaf_value=0.024503658076830234 -0.039424821565756399 -0.029827524860584029 -0.0056908614496399158 0.012247155404270585 0.031450663598123513 0.0042310118478308583 -0.042249126704697583 -0.032400733570090323 0.01790967854558528 -0.022402724040725505 0.02219380648586472 0.00011594829423953269 0.041671339841295757 0.014615808990468715 -0.010805479661313427 0.021483578369100042 -0.023107188793694042 -0.023614259476133784 -0.037873979937056254 -0.021595872794000215 0.016663049863908461 -0.0099716389853676951 -0.062475769678523752 0.0051716327757490611 -0.031061542171236946 0.02998306706207074 0.019312627634637692 0.0174233607344874 0.015456998359687522 -0.013080085347029697
leaf_weight=9.3800552305765432 10.512560173869131 10.008061252767222 33.61749729886651 62.486592767061666 35.158218966098502 12.423159289639447 5.7493922843132159 10.519498395733534 18.823551419423893 7.7643613670952663 10.548662069719283 105.38003405788913 6.8682577589061147 35.704082838026807 146.23632862791419 17.327214189339429 15.166907261358574 13.909439679468051 6.2403071385342619 17.346720661967993 19.975442710798234 27.546307222684845 6.4408128685317942 7.1650182846933603 2.2946750733535763 22.581355807138607 14.285329768899826 14.970891057280822 18.12042098143138 76.035804830025882
leaf_count=214 401 315 3474 5967 4617 1248 578 241 640 325 442 1649 227 1182 1801 267 237 470 225 625 589 711 210 234 211 2081 368 439 533 2236
internal_value=5.45369e-05 -0.00019114 0.00683045 0.00990039 0.0144359 0.00672512 -0.0119109 -0.00223732 -0.00269322 -0.00915314 0.00310481 -0.002112 0.000986598 -7.51152e-05 -0.00546617 0.000234003 -0.002972 -0.00209637 -0.000819148 -0.00240226 -0.00126411 0.00051468 -0.00352765 -0.0289367 0.00908686 0.0233693 0.000246229 -0.000648021 -0.0039393 -0.00748338
internal_weight=800.587 790.074 177.756 149.435 115.817 80.6591 18.1726 612.318 602.938 28.3211 18.313 592.419 308.308 301.44 284.11 137.874 120.547 265.736 251.827 233.003 226.763 209.416 142.708 13.6058 66.7077 24.876 41.8316 129.103 109.127 94.1562
internal_count=30568 30283 16336 15444 15209 7702 1826 13947 13838 892 767 13691 10192 9980 3499 2126 1886 8971 8567 8410 8168 7619 4248 444 3371 2292 1079 3804 3198 2769
is_linear=0
shrinkage=0.05


Tree=247
num_leaves=31
num_cat=0
split_feature=1 5 8 8 2 4 1 4 4 8 8 3 5 21 9 21 1 21 21 9 2 4 5 2 2 16 21 21 2 20
split_gain=1.75013 2.55387 1.68144 4.06725 3.05032 4.53034 4.68133 2.38227 2.34663 5.06695 4.62341 3.66089 3.64046 3.41693 3.09986 3.77437 5.27234 3.49344 3.60029 3.47476 4.69458 4.10708 4.9583 4.6165 6.11387 4.71724 4.34708 6.05455 3.53779 3.4837
threshold=1136.1833025708454 -23.221361392062725 0.41131735072805148 0.44925587889589452 5.1435093269431009 53.516524502312507 863.09798016232264 -26.833651520271395 -13.054013480083048 0.058099715750222998 0.16947922382032668 45.448467261513755 -31.506165138871165 0.48887558116160207 0.46426092124955881 0.0079214145517441572 43.30351679837316 0.012056408467791503 0.023054952780793454 0.38669220148687172 5.3415985423022567 6.0788256424554055 -6.9683658083909501 5.8686132747640505 5.5515877664039595 7.9469883468573341 1.3348445081265103 1.9801720490191601 5.6367354044819447 28.052222636843151
decision_type=2 2 2 2 2 2 2 2 2 2 2 2 2 8 2 10 2 8 10 2 2 2 2 2 2 2 8 10 2 10
left_child=2 -2 7 -4 -5 6 -6 -1 9 -9 -11 -12 13 -10 15 16 -14 -17 -19 21 -21 26 -23 24 -24 -26 -20 -28 -22 -30
right_child=1 -3 3 4 5 -7 -8 8 12 10 11 -13 14 -15 -16 17 -18 18 19 20 28 22 23 -25 25 -27 27 -29 29 -31
leaf_value=-0.032031979869994974 0.02331786473696168 -0.035154332020828766 -0.027213768376114958 -0.019875488253445567 -0.02337331316674628 0.056486743496734472 0.05120202434231981 -0.03053827214012246 0.026053799688240162 0.077428661377549932 0.040402820027163222 -0.022707446716617521 0.031900636344616949 -0.033289572140122757 -0.020171758070267165 0.068047984116065663 -0.034281107990187791 -0.027158001294664138 -0.0053218778353072088 0.050796826219459794 -0.025581657441660591 -0.022949642676817372 0.016404511589191349 0.073893251862171494 -0.031529183985949678 0.051962288136415402 0.11638846549999704 0.0034682794980666503 0.075712648136709318 -0.010667610500777065
leaf_weight=2.615591993846464 1.9117729116696871 4.9058674124535173 11.0272424062714 5.194582738593458 6.0915476406808002 4.7597312671132386 1.9929094954859465 2.2885695773875332 2.4175031940103509 4.2434844039380559 4.2608272051438698 3.2163519489113241 3.4792560138157578 8.6326500022551027 7.3423886764212511 2.0085835242643952 8.5793054425157589 4.4870853198226532 2.6376955185842244 12.449464048695519 4.3831681523588495 11.199768688820766 51.893461568310158 1.8805695369374007 11.529341655928873 1.0374579443014225 2.0598077265894972 2.0429777996614575 1.39428735576803 1.8608814217150209
leaf_count=405 200 513 2044 875 1313 810 429 214 434 410 447 338 1276 1550 1182 274 3147 620 419 1549 824 1632 6787 242 2376 214 345 343 229 306
internal_value=-0.000207208 -0.0178725 0.00635209 -0.00457621 0.00996483 0.0225971 -0.00137707 0.00837938 0.00926045 0.0281412 0.0410989 0.0137793 0.00720412 -0.019222 0.00957515 0.0115004 -0.0142051 0.0143984 0.012798 0.0147573 0.0330162 0.0100693 0.00651124 0.0117518 0.00883777 -0.0213145 0.0448707 0.0718588 0.00151056 0.0354296
internal_weight=193.824 6.81764 187.006 29.066 18.0388 12.8442 8.08446 157.94 155.325 14.0092 11.7207 7.47718 141.316 11.0502 130.266 122.923 12.0586 110.865 108.856 104.369 20.0878 84.2811 77.5406 66.3408 64.4603 12.5668 6.74048 4.10279 7.63834 3.25517
internal_count=30568 713 29855 5387 3038 2185 1742 24468 24269 1313 1132 785 22956 1984 20972 19523 4423 15100 15037 14872 2500 12372 11300 8530 8430 2590 1072 688 1436 535
is_linear=0
shrinkage=0.05


Tree=248
num_leaves=31
num_cat=0
split_feature=8 15 20 1 11 9 7 7 9 5 3 8 21 11 3 20 3 9 2 1 3 2 20 21 20 8 5 20 3 2
split_gain=1.83132 3.27855 3.05385 2.84607 3.52786 2.30548 3.54373 4.00034 3.3998 4.6645 3.29272 4.6804 3.65154 3.24176 3.02354 3.57712 2.93662 2.69468 2.52993 2.33256 4.39648 3.64432 6.65785 3.50046 3.23689 2.78043 3.75898 5.05208 6.49556 4.68974
threshold=0.48973282022883385 4.7024820994503849e-10 1.9788344174564303 823.36582245820512 -105.94883051843199 0.40242006794580304 0.31678719657747673 0.26175048191520039 0.46426092124955881 -52.22850809463629 16.983612314906306 0.28534700561485865 1.6648663104249453 -102.85552905841699 34.554749309134259 34.320455127885758 52.636178372244807 0.48661597731674983 5.6966753113862394 30.736342789443853 14.720113009197052 5.3213822597197842 64.352306195706305 0.97344179862471614 3.1058799554398253 0.016818004372132881 16.072905857115703 13.721344332421252 19.584260210447404 4.5558930971692488
decision_type=2 2 8 2 2 2 2 2 2 2 2 2 8 2 2 10 2 2 2 2 2 2 10 10 10 2 2 8 2 2
left_child=2 -2 3 -1 -5 6 7 19 16 -10 13 12 -12 -8 15 17 -7 -11 -9 20 -4 22 -22 -23 -21 -26 27 28 -27 -29
right_child=1 -3 5 4 -6 8 10 18 9 14 11 -13 -14 -15 -16 -17 -18 -19 -20 24 21 23 -24 -25 25 26 -28 29 -30 -31
leaf_value=-0.032935087621458602 0.060990898545959585 -0.012854509455751699 -0.030241406585431514 0.037030134507229688 -0.015778120521007209 -0.032122058631439215 0.0011819739408270478 -0.037463352438521703 0.076180383536683827 -0.0053225165340736571 0.066769887030547745 -0.024401194872072287 -0.00080541688559510158 0.103426858340342 -0.023662737797381869 -0.026449298309155524 0.014346184928436879 0.072808054080597734 0.029030843039662746 -0.020658525634966479 0.07682720089412122 -0.031830455507351606 -0.0091680394505012884 0.028182447980717742 0.045794882415903952 0.054425622370338225 0.018444386595857707 0.040953858419563796 -0.010522584459502023 -0.021714235812077841
leaf_weight=8.980860514886448 2.7637290463317195 2.0136116373178083 2.4762413786666029 3.889434145996348 7.9799247399205324 12.21076586368145 1.1241666111745885 6.6043549302848996 1.3976424166467065 1.4673436943558056 3.8035276037990124 3.7370514962822199 3.3838456005905746 1.676904166495661 5.8457445545936935 1.6983083081431685 3.9229732605163008 2.2921011468279175 0.98239775499678217 9.6210226450639293 6.6195492608821995 2.8125618789636055 2.9161180139053613 5.8031353073311038 3.7920971164421635 6.2439339143165862 34.268596701265778 2.4208488425356363 7.6471604533726349 26.542757803981658
leaf_count=757 342 250 229 204 419 2675 318 1355 219 238 487 542 433 474 998 413 859 372 202 1791 460 233 202 480 606 366 5539 654 448 7166
internal_value=0.000254527 0.0330281 0.00435133 -0.0132425 0.00305921 0.00669298 0.00947151 0.00654056 -0.00596202 0.0128351 0.0326634 0.0169074 0.0387426 0.0734989 -0.00055256 0.0240317 -0.0206453 0.047602 -0.026475 0.00900976 0.0237998 0.0323663 0.0521548 0.0073186 0.00541685 0.00873161 0.00634638 -0.00352774 0.0203655 -0.0152843
internal_weight=186.939 4.77734 182.161 20.8502 11.8694 161.311 132.476 118.751 28.8349 12.7011 13.7255 10.9244 7.18737 2.80107 11.3035 5.45775 16.1337 3.75944 7.58675 111.164 20.6276 18.1514 9.53567 8.6157 90.5364 80.9154 77.1233 42.8547 13.8911 28.9636
internal_count=30568 592 29976 1757 623 28219 22696 20321 5523 1989 2375 1583 920 792 1930 1326 3534 610 1557 18764 1906 1375 662 713 16858 12928 12466 8634 814 7820
is_linear=0
shrinkage=0.05


Tree=249
num_leaves=31
num_cat=0
split_feature=16 21 19 0 1 20 16 2 12 21 21 8 8 2 13 20 20 13 12 3 9 12 8 18 20 16 15 7 1 17
split_gain=11.0729 16.3027 6.73266 4.75629 4.22411 3.84475 3.79071 3.43189 3.41101 3.54643 5.38543 2.99219 3.23568 5.54257 3.97145 5.65537 2.96704 4.15812 2.65182 2.28308 2.27857 2.21568 2.05403 1.71087 1.51579 1.46522 1.84111 1.36512 1.19293 1.19483
threshold=30.881699610339378 1.8277542308877452 2.5000000000000004 160.20598052548203 128.69928869803653 24.008749171269205 2.2033833419237245 5.5394694381175134 -111.932706011078 0.6973271657053467 0.026383096162793704 0.46551376295169083 0.37207138917150312 5.1904665601931086 24.927300896610209 4.3762599157402358 4.9635452817963612 22.263788537167056 -102.84401973205048 19.933789751412103 0.25308718865216046 -96.812189744743151 0.17736202774738799 1.0000000180025095e-35 20.282410357836401 7.6335252789246288 1.429854384032793e-08 -0.0085717287163017391 8.4966083763187168 4.1032039914101803
decision_type=2 8 2 2 2 10 2 2 2 8 8 2 2 2 2 10 10 2 2 2 2 2 2 2 8 2 2 2 2 2
left_child=1 2 6 4 -3 7 8 16 9 10 -1 12 14 -14 19 21 -4 -18 -19 22 -21 27 -10 25 -6 -5 -27 -16 -7 -30
right_child=-2 3 5 23 24 28 -8 -9 11 -11 -12 -13 13 -15 15 -17 17 18 -20 20 -22 -23 -24 -25 -26 26 -28 -29 29 -31
leaf_value=-0.024957978240473258 0.040357975871281683 0.042199401410775168 -0.021529193222552794 -0.039053877133676793 0.008882756358802214 -0.001529996664775751 -0.019027300663366192 -0.034214912016951156 0.012545235081845794 -0.040050676402536886 0.022370763885814063 -0.0157020518631526 0.00037122077872456081 0.033883527412458495 0.0031548107571116989 -0.032551965126586042 0.072819387757423665 0.029306341447731685 -0.030048406724317103 0.0062570657525682933 0.02867833892140334 0.011583672301384179 -0.0059549034055693569 0.020731898501821184 -0.036107188742442585 0.023786660794638884 -0.03048390748880242 -0.015448313317843585 -0.039133811460667606 0.013891478750917265
leaf_weight=11.32666181819514 12.781235091388224 3.261334122857078 3.3852845984511069 44.986009279382415 2.4562379707349482 2.7903226128546548 19.676737093133852 4.3942499958211556 28.544291864498518 7.5086711065378031 10.73637649230659 15.279147544875739 23.664601986296475 24.828516706824303 18.542923407629132 14.025907601462675 2.3998876031255358 3.0856731667881858 2.4928778271423635 22.442974199773744 23.45067656156607 28.943232542369515 29.605703799752519 0.73984631523489952 4.0356448794482267 1.8904629860771827 2.4673210165929049 19.398544763214886 19.609797024284493 0.64582575857639313
leaf_count=235 954 296 320 14714 224 816 311 504 201 242 222 218 326 343 211 314 254 390 315 203 212 279 209 238 368 201 262 221 6277 207
internal_value=-0.000181632 -0.00524188 -0.000935977 -0.029063 0.00266931 -0.0202516 0.00163873 -0.000991586 0.00316279 -0.012622 -0.00195537 0.00508251 0.00650403 0.0178675 0.00344459 -0.00483135 0.0135838 0.0292209 0.0022468 0.00986519 0.0180811 0.00137562 0.00318489 -0.0351738 -0.0201714 -0.0364072 -0.00689521 -0.00650897 -0.032832 -0.0368692
internal_weight=409.397 396.616 336.779 59.8369 9.75322 38.8039 297.975 15.758 278.298 29.5717 22.063 248.727 233.447 48.4931 184.954 80.9106 11.3637 7.97844 5.57855 104.044 45.8937 66.8847 58.15 50.0836 6.49188 49.3438 4.35778 37.9415 23.0459 20.2556
internal_count=30568 30283 13253 17030 886 8544 4709 1808 4497 952 457 3545 3306 669 2637 1812 1075 844 705 825 415 645 410 16144 592 16139 463 432 6736 6484
is_linear=0
shrinkage=0.05


Tree=250
num_leaves=18
num_cat=0
split_feature=20 21 13 3 7 8 6 7 20 9 17 9 4 6 16 9 2
split_gain=1.5352 1.28323 1.43419 1.06863 0.991037 1.03928 1.01488 1.25439 0.786808 2.07488 0.770618 0.617325 1.15291 0.535339 0.525527 0.286651 0.16087
threshold=32.836670301168105 0.40009327630850056 20.613208446904313 10.405171446727502 0.43218581436447329 0.040659871405630106 0.23199754014320731 -0.20529980568541892 10.465543835848552 0.11547200628118405 1.8644439002744975 0.38869944226725478 26.097667974545804 0.17845825553925024 1.0000000180025095e-35 0.17411896527730522 5.5878384213907255
decision_type=8 10 2 2 2 2 2 2 10 2 2 2 2 2 2 2 2
left_child=1 10 -3 -4 5 -5 8 -8 11 14 -1 12 -7 15 -10 -11 -14
right_child=-2 2 3 4 -6 6 7 -9 9 13 -12 -13 16 -15 -16 -17 -18
leaf_value=-0.029229762865077176 -0.028448802462275526 -0.02390934491809826 -0.019644685489446465 -0.017147474123613872 -0.01795558635477075 -0.0083503397927734476 0.027602531509806339 -0.024850124426621802 0.0074269324785267259 0.0053545544932643166 0.018712069521394939 0.074142380889532039 0.0090397941679705076 0.017932441270135505 0.060362916414087767 -0.027549975956501823 0.053871882571484987
leaf_weight=2.1469389233752829 2.1513871974966596 1.2796771137218463 0.83323744845984116 0.62140638738492349 0.6622649634591653 1.3150435835923431 1.283830138476334 1.2791278770819188 1.013005130182139 0.50028346663748657 0.37700554776529316 1.524640260642627 0.76848205919668622 0.38283238430449273 1.1100097520975394 1.6995511547283966 0.81325607916369336
leaf_count=1138 3328 545 336 213 232 369 552 550 208 283 200 327 202 201 227 962 213
internal_value=-0.000137531 0.00936634 0.0149522 0.0199255 0.0236909 0.0271117 0.0306302 0.00179707 0.0377499 0.0176622 -0.0187908 0.0519276 0.0242094 -0.0115952 0.0455703 -0.0207321 0.0440286
internal_weight=19.762 17.6106 15.0866 13.807 12.9737 12.3115 11.6901 2.56296 9.1271 4.70568 2.52394 4.42142 2.89678 2.58267 2.12301 2.19983 1.58174
internal_count=30568 7763 6425 5569 4539 4220 3841 1102 2739 1790 1338 949 812 1355 435 1245 415
is_linear=0
shrinkage=0.05


Tree=251
num_leaves=28
num_cat=0
split_feature=19 0 7 3 20 8 7 20 5 16 5 6 20 21 21 21 12 9 15 8 3 20 4 13 4 21 12
split_gain=3.20247 4.54963 2.96222 6.12141 3.89772 3.1467 2.86046 3.53611 2.61203 3.03672 2.51887 2.51623 2.43651 3.17503 3.33989 1.74502 1.58847 2.79679 1.1564 0.998429 0.849789 0.687302 0.505263 0.383806 0.37595 0.334199 0.237092
threshold=2.5000000000000004 160.20598052548203 0.45466797377976592 39.82943265633326 0.15699422902307503 0.44165800079303136 0.13149638847518033 1.7821107921224553 -36.632167612972822 1.0000000180025095e-35 8.890940911555953 0.32075198462582583 1.1122275723568953 0.026383096162793704 1.0260525251488051 1.5346081423301152 -112.31357087385987 0.11774196167933761 8.6212365735523153e-09 0.18348852424894926 61.055739339733407 45.354920005846459 14.638096572283603 22.55852637266992 47.627161539806202 3.2893218192379403 -99.027293870766286
decision_type=2 2 2 2 10 2 2 10 2 2 2 2 10 8 10 10 2 2 2 2 2 10 2 2 2 10 2
left_child=2 11 4 26 15 6 8 -8 -6 12 19 23 -10 -14 16 -1 -15 -18 -9 -11 -3 -16 -7 -2 -23 -22 -4
right_child=1 20 3 -5 5 22 7 18 9 10 -12 -13 13 14 21 -17 17 -19 -20 -21 25 24 -24 -25 -26 -27 -28
leaf_value=-0.036923086447727654 0.009966160700125605 -0.038308932593185324 -0.024094296419498631 0.092003673818309345 0.039519646582060114 -0.036482898074067224 0.0062128640253411574 -0.04116788948291264 -0.00051388998998192859 -0.003572300200390852 0.0098901493445815239 0.061622437069220937 0.0066852766602800325 0.075017332182715085 -0.025363657701897049 0.0331394965529112 0.055769621725180067 -0.0080777733185323861 0.0037344778829214785 -0.035792384579736242 0.021442401384050475 -0.0095179106643257325 -0.0093691335172994394 -0.022784079413456719 0.03323929347418892 -0.013073536855491156 0.0027533145151984696
leaf_weight=7.2654806819919031 0.76733515744854575 10.918806595233034 1.1857811048394096 1.7058162296016233 6.8876222801627582 3.5421341292094448 15.831659513656634 6.3688884193543354 13.119145977776496 4.1259453773091126 10.455387369584058 1.3197058710502458 11.814066301099958 4.5296847311838073 1.4669761026743806 0.22361934430955444 2.8025701634760489 2.7213052918377798 1.5853630230412816 5.7113869791210163 0.43823653513391136 0.29547781265864714 4.2910429584444501 1.1867216584505511 0.22071403471636586 0.45314587198663503 1.0219375223387035
leaf_count=6553 200 16603 233 236 295 241 937 930 598 204 443 251 725 278 567 202 256 249 231 283 200 267 291 309 200 206 200
internal_value=0.000212679 -0.0207672 0.00314491 0.0410798 0.00132693 0.00416435 0.00695177 -0.0076307 0.0123928 0.00850771 -0.00682076 0.0259109 0.0168795 0.0260825 0.0431476 -0.0311737 0.0539944 0.0278988 -0.0328008 -0.0238553 -0.0347189 -0.0115066 -0.0243721 -0.0109033 0.0186292 0.00626076 -0.0146827
internal_weight=122.256 15.084 107.172 3.91353 103.258 95.7694 87.9362 23.7859 64.1503 57.2627 20.2927 3.27376 36.9699 23.8508 12.0367 7.4891 10.0536 5.52388 7.95425 9.83733 11.8102 1.98317 7.83318 1.95406 0.516192 0.891382 2.20772
internal_count=30568 18581 11987 542 11445 4690 4158 1408 2750 2544 860 623 1684 1463 1385 6755 618 505 1161 487 17958 767 532 509 467 406 433
is_linear=0
shrinkage=0.05


Tree=252
num_leaves=31
num_cat=0
split_feature=13 21 0 2 20 3 1 21 6 5 7 7 1 8 5 7 8 5 7 5 7 2 21 11 3 5 5 11 9 8
split_gain=6.4689 4.06227 6.16897 4.52994 3.82976 3.34258 5.89187 5.77944 4.17188 4.18383 4.16245 5.73799 4.9539 4.13252 3.69191 3.50241 5.95494 3.479 3.20163 3.19105 7.0238 3.57651 2.86986 2.84658 2.79401 4.8131 5.35355 3.3649 3.28585 4.71712
threshold=1.0000000180025095e-35 0.76851982376916916 567.05835268502972 5.6333696603646741 347.83002877997109 25.842395919771004 13.918898324500903 2.0333449165727253 0.38211348990491928 -46.835549813401649 -0.40351633648630431 -0.15774659303655267 63.690053250015303 0.31941261941625837 -46.835549813401649 -0.40351633648630431 0.21524410912572425 -39.805837869258191 0.17689447945821615 -17.375310790898347 -0.013336981043895689 5.2522719608404573 1.5670991652503952 -125.14559643286049 25.306205840019654 0.3037517799750003 -15.902570026610897 -104.97903907615499 0.13224993177421676 0.39977893910314694
decision_type=2 8 2 2 10 2 2 8 2 2 2 2 2 2 2 2 2 2 2 2 2 2 8 2 2 2 2 2 2 2
left_child=-1 24 3 5 -4 6 -3 17 9 -8 -9 12 -12 14 -13 16 22 -7 -10 20 -19 -22 -11 -14 25 26 -2 28 -26 -30
right_child=1 2 4 -5 -6 7 8 10 18 15 11 13 23 -15 -16 -17 -18 19 -20 -21 21 -23 -24 -25 27 -27 -28 -29 29 -31
leaf_value=-0.040027934492197333 -0.0046474814623759797 -0.021555842369612815 0.024697280817834517 -0.041954087317023131 -0.022809046523865648 0.020913821296373671 -0.024663813175680907 0.035381120825755792 0.0046582283831193005 -0.005225655691448429 -0.0387900955351628 -0.024429573300768486 -0.025013876947636977 0.024334827270509736 0.0073733183401507325 0.018751336824133866 0.025473616016693314 0.0010731413532329267 -0.040149505185944748 -0.0089938043876912049 -0.089599240775636371 -0.023126081353744325 -0.06765715190595617 0.012301014679057242 0.010176296659384416 -0.00010896926097851055 -0.027657500924357165 0.01160286119299307 -0.015149935651179237 0.015157682772036093
leaf_weight=9.3445970821194333 53.405560589162633 14.966782362200318 41.695902585284784 5.0581186423078179 3.9297181065194309 6.9994181564543387 5.9008269766345611 9.2879658767487836 9.4795983424410206 3.7448795926757166 12.405885724117978 10.362908473704008 6.6097871512174615 28.358505622716621 45.377708144718781 104.41817853297107 6.0540952384471893 8.4997566333040631 5.6615461616311222 76.385924373054877 4.3361984204966566 4.7867914503440261 3.0044565210118881 14.564335694070907 28.671090579358861 96.336059499299154 47.847469684435055 48.513440259732306 64.70683705015108 15.10001004883088
leaf_count=359 639 1038 3979 281 375 245 428 503 738 252 627 537 410 1524 2351 7588 406 381 440 2664 200 220 203 903 381 1144 573 672 868 203
internal_value=4.65573e-05 -0.000229135 0.00302385 0.00094758 0.0202041 0.00162511 0.00731166 -0.00221227 0.0105689 0.0136196 0.00487541 0.00218987 -0.015006 0.00915169 0.0011344 0.0157391 -0.00840602 -0.0110819 -0.0135456 -0.0136592 -0.0323127 -0.060451 -0.0381614 4.9916e-05 -0.00418873 -0.00812962 -0.0156851 0.000791334 -0.00410561 -0.00929891
internal_weight=795.814 786.47 431.889 386.264 45.6256 381.206 153.23 227.975 138.264 123.122 126.967 117.679 33.58 84.0991 55.7406 117.222 12.8034 101.008 15.1411 94.0087 17.6227 9.12299 6.74934 21.1741 354.58 197.589 101.253 156.991 108.478 79.8068
internal_count=30568 30303 25782 21428 4354 21033 10627 10406 10107 8929 6870 6216 1697 4519 2888 8518 858 3536 1178 3279 789 420 455 1313 4521 2347 1212 2174 1442 1071
is_linear=0
shrinkage=0.05


Tree=253
num_leaves=31
num_cat=0
split_feature=1 1 16 9 16 16 9 4 20 13 9 5 1 4 21 21 2 2 5 5 20 8 2 1 7 7 21 17 5 15
split_gain=1.6475 1.70648 2.28394 5.32177 4.26793 4.05702 3.53485 3.26709 3.80965 3.82472 2.80896 4.18955 4.296 5.11629 4.59698 4.12641 4.74618 4.99165 6.85141 5.16582 3.89787 3.70113 3.52323 2.41446 7.97868 4.58985 5.40175 4.22651 3.88006 4.40398
threshold=1112.2814108390551 969.28967126211012 1.0000000180025095e-35 0.42527144176964976 5.1061010286341473 2.908043100440743 0.38246949344840792 83.385639305921814 0.97664109531747711 15.188751314277313 0.40444531485918672 -5.6703501442308495 300.0154973696321 84.604986539662619 0.029325582523216705 1.2566421264864351 5.0344674130280014 5.5426919390150369 33.940497714013055 50.084381631299557 3.9250354428408305 0.39596336150960038 4.4552804159613943 221.54394685754201 0.38852868145960684 0.25418718631765819 0.80920589424631306 2.1316282072803012e-14 -20.946841840185577 1.5881867761018134e-22
decision_type=2 2 2 2 2 2 2 2 10 2 2 2 2 2 8 8 2 2 2 2 10 2 2 2 2 2 10 2 2 2
left_child=1 2 3 10 5 7 -7 8 -4 -10 11 22 13 15 -14 -13 -17 18 21 -20 -12 -18 -1 24 27 26 -25 -11 -28 -30
right_child=-2 -3 4 -5 -6 6 -8 -9 9 23 20 12 14 -15 -16 16 17 -19 19 -21 -22 -23 -24 25 -26 -27 28 -29 29 -31
leaf_value=0.048868990208228137 -0.015674880812917551 0.019159018062008325 -0.028090821054881417 -0.029512642605274825 -0.010861425475348338 0.015342562962279522 0.09963614499650908 0.051635642601660536 -0.033652747415025684 -0.027355135024629336 -0.014609941303400032 -0.0052975971301396849 0.036411496375351064 -0.034191842371685453 -0.022867961886766871 -9.0948888028980561e-05 0.10754155237908064 -0.0052138251483675032 -0.030353009044245267 0.058625262645953906 0.061018038294758783 0.0030001962078631799 -0.019168628500614866 0.0053668819804060398 0.068427643576669417 -0.011660388445355302 0.097536445551510934 0.02608251206346611 -0.026984922902942951 0.05413576126953823
leaf_weight=1.1058683859300824 8.0446592646185291 21.603142829495482 5.3173019072273737 12.794295651721766 16.629706599458586 3.1168173920596027 1.7188223442062733 3.9259462663321756 3.0226563624164546 10.955957474856406 2.1765557559847375 6.6857116030296382 3.276644676981963 2.868110433628317 13.380094357416963 5.673529963853075 6.0645771355775651 2.8100997963920236 2.4419472459994731 2.184520875220187 3.6562833694624715 1.0283333140832835 24.785048612364335 6.8105019105423787 2.887109431962017 4.9205623464949895 3.9074578273284768 4.4471465233946219 1.7662893051165101 4.0341237344837282
leaf_count=254 1267 3454 866 2583 2414 365 201 604 417 1659 298 1262 713 501 2912 1113 1194 598 268 240 500 203 5684 973 414 718 760 674 378 862
internal_value=-0.000199691 0.0062477 0.00444541 -0.000862378 0.0109389 0.0173956 0.057244 0.0126794 0.00851021 0.0136005 0.0041425 0.00122937 0.0101547 0.0212829 -0.00980501 0.028214 0.0390307 0.0533293 0.0666731 0.0146131 0.0347891 0.0946286 -0.0145533 0.0179336 0.00419924 0.0289415 0.0410113 -0.0112772 0.063181 0.0290979
internal_weight=194.04 185.995 164.392 90.9316 73.4604 56.8307 4.83564 51.9951 48.0691 42.7518 78.1373 72.3045 46.4136 29.7568 16.6567 26.8887 20.203 14.5295 11.7194 4.62647 5.83284 7.09291 25.8909 39.7291 18.2902 21.4389 16.5184 15.4031 9.70787 5.80041
internal_count=30568 29736 29022 18360 10662 8559 566 7993 7825 5891 15562 14764 8826 5201 3625 5074 3964 3094 1905 508 798 1397 5938 5749 2621 3128 2359 2333 1889 1240
is_linear=0
shrinkage=0.05


Tree=254
num_leaves=31
num_cat=0
split_feature=17 1 1 21 8 15 20 1 1 21 10 9 1 20 9 12 21 11 1 11 6 1 21 6 6 2 12 20 16 20
split_gain=1.79854 1.89389 6.22899 4.10126 2.60252 2.18776 1.92035 2.96781 1.8511 5.87747 6.9274 6.57547 3.70295 3.85325 3.07854 3.03364 3.14319 2.91093 3.83443 3.86053 5.265 4.71455 2.77536 3.21643 4.11464 4.19401 4.3302 3.23702 2.69137 6.78799
threshold=3.4793247340525832 1035.3786562896451 969.28967126211012 0.20662457464586353 0.3546445345234846 2.2285484969693384e-07 3.1058799554398253 516.11898631937208 310.37130766131804 1.8277542308877452 3.5000000000000004 0.26479493960295747 63.690053250015303 53.720745769902912 0.067529127744794706 -98.591927692761473 2.0904945658093954 -124.12575205840449 555.65214490116057 -92.005587703724629 -0.049047875096675402 625.02940252573705 2.1674364862874156 -0.30413977012147425 -0.13121871680056693 5.2787704876946195 -121.75332872866939 173.770506092624 1.0000000180025095e-35 22.633990168594455
decision_type=2 2 2 8 2 2 10 2 2 8 2 2 2 10 2 2 8 2 2 2 2 2 8 2 2 2 2 10 2 10
left_child=1 2 3 6 -3 8 -1 -8 9 10 11 14 -13 -14 -5 16 -11 -10 -19 21 -21 -20 -18 -24 25 26 -25 28 -26 -30
right_child=-2 4 -4 5 -6 -7 7 -9 17 15 -12 12 13 -15 -16 -17 22 18 19 20 -22 -23 23 24 27 -27 -28 -29 29 -31
leaf_value=-0.03316233093781578 -0.021322976685262254 -0.020211742878782499 0.039839232437343039 0.014319116052218193 0.016765225040804285 0.045721323616115798 -0.028570243241849414 0.043663410397528475 0.022942292797734024 -0.034237111762073023 -0.014839246777152666 -0.032430812024882884 0.043707811281627908 -0.027903104494279476 0.069261932507834342 -0.034548360481523939 0.061780115307706419 -0.024176807211661988 0.039642867225151895 -0.024469812802385776 0.078274979568770678 -0.01761734230050534 -0.024640951204120964 0.010121177126932071 -0.015693662238836788 -0.0062377542345225532 0.10291265419821805 0.057824064427353529 0.057808966593032474 -0.017579973502953192
leaf_weight=8.8536051480914466 5.2710424554534256 13.509677753085272 12.874192689196207 3.9343732460984073 6.1887676825281233 2.6357620968483388 1.9870098714600331 1.7448566625826059 8.7480870885774475 3.8765159301401582 7.4172291905852035 3.1935938518145113 5.6977958957431847 1.8277259229216722 12.028114823449869 4.7162399033841211 1.2918211041833274 17.643022436095634 3.7326548104174515 1.3211491883266728 2.6019268920645118 14.037018749950219 6.6226937360770526 2.3984321882016966 15.994275733042748 2.8435338854615111 2.3540809679252561 1.3617722591152412 4.264417616010177 6.1163962118444033
leaf_count=874 861 809 2268 594 371 520 259 227 1943 633 1242 651 1176 377 1814 957 207 4744 787 229 452 2961 1067 222 2522 437 217 211 538 772
internal_value=0.000252878 0.00598782 0.00776994 0.0047568 -0.00834577 0.00731476 -0.0215126 0.00729315 0.00622641 0.0105815 0.0263811 0.037962 0.00664231 0.0250828 0.0573624 -0.000113515 0.00397907 -0.00161436 -0.00750903 0.00651514 0.0457321 -0.00411815 0.00810095 0.00504841 0.0111383 0.0413677 0.0659839 0.00170824 -0.00319553 0.0157479
internal_weight=187.088 181.817 162.118 149.244 19.6984 136.659 12.5855 3.73187 134.023 85.939 34.0988 26.6816 10.7191 7.52552 15.9625 51.8402 47.1239 48.0839 39.3358 21.6927 3.92308 17.7697 43.2474 41.9556 35.3329 7.59605 4.75251 27.7369 26.3751 10.3808
internal_count=30568 29743 28563 28210 1180 26968 1242 486 26909 16227 5711 4594 2186 1553 2408 10516 7697 10682 10577 4429 681 3748 6943 6762 5464 1167 439 4297 4159 1310
is_linear=0
shrinkage=0.05


Tree=255
num_leaves=31
num_cat=0
split_feature=13 21 16 19 20 16 2 3 2 3 0 2 3 11 20 13 20 12 6 13 1 12 1 11 13 21 1 17 5 21
split_gain=10.2613 15.0447 6.94913 6.22458 3.78376 3.53869 3.4767 3.60535 3.2892 3.20532 4.86349 4.4427 3.47752 3.41081 2.75126 3.62199 2.71019 3.94542 2.69026 5.36442 2.85817 2.48106 2.27486 3.38479 2.23762 3.55162 3.9738 1.7337 1.72244 1.42497
threshold=1.0000000180025095e-35 1.8277542308877452 18.321633832593225 2.5000000000000004 24.008749171269205 2.2033833419237245 4.3422421865699317 35.402851010073611 5.5394694381175134 16.164719066788951 440.2754810277076 5.4009014686775751 12.436153421566301 -91.673034987835976 4.9635452817963612 22.263788537167056 2.2761312847482005 -120.8609658216124 -0.034811397346700794 19.642500619967404 877.91503240304712 -102.84401973205048 659.21031187503263 -110.25164841370298 20.309984984686874 0.029325582523216705 863.09798016232264 2.1734634493347467 -4.2779348290472994 0.032608304341551854
decision_type=2 8 2 2 10 2 2 2 2 2 2 2 2 2 10 2 10 2 2 2 2 2 2 2 2 8 2 2 2 8
left_child=-1 3 6 5 8 9 7 -3 14 11 13 12 24 18 -5 -16 28 -18 19 -11 -21 -17 -19 -24 -2 -26 -27 -6 -12 -20
right_child=1 2 -4 4 27 -7 -8 -9 -10 10 16 -13 -14 -15 15 21 17 22 29 20 -22 -23 23 -25 25 26 -28 -29 -30 -31
leaf_value=0.041121131162039089 0.011227519070250321 -0.025987642630336674 0.049283862314938094 -0.021218545210406028 -0.037510000425800771 -0.018505560163846368 -0.037140415660545191 0.032342340364273421 -0.034005599750324793 0.022303553012835656 -0.011569833536561731 0.024166268386074101 0.020357758755333848 -0.014144089318059628 0.066168324235805112 0.027556007265929546 0.042596970330061795 -0.030145411793217333 0.0091322589482771051 -0.033770417096366072 0.0022992938567789225 -0.029817807775620354 -0.026377340256365747 0.026568570268882503 0.0030890638466302303 -0.043969411435702939 -0.00084383812582831334 0.0036495091880425936 -0.03553934536934187 0.02732235733086243
leaf_weight=11.414263941231182 20.758702109800652 5.6567602243740103 1.9041619850322602 3.3248783013550574 19.563031298108402 19.597172887413763 47.077123682131059 3.4070251793600619 4.2583498171297833 13.296865253127178 17.748863694258041 33.462586635840125 21.251283057848923 18.659092525951564 2.6804206179222083 3.1872017091373008 3.4016720345243838 7.0249460914637938 27.736500544473529 10.812186639290305 10.041320129064843 2.4295245191315171 4.1932356241159203 6.2532637659460235 30.102859961800277 10.239006818039346 10.256021819543092 2.7300497411051765 14.172300377045756 18.464881797903217
leaf_count=861 206 501 559 308 5914 310 14264 302 485 201 255 355 213 270 273 400 207 470 341 216 201 305 252 377 338 208 209 825 203 227
internal_value=-0.000172632 -0.00505836 -0.0283332 -0.00096111 -0.019698 0.00150126 -0.0317822 -0.00302669 -0.00082534 0.00297354 -0.00191928 0.00883386 0.00309472 0.00461501 0.013063 0.0276051 -0.0140317 5.97854e-05 0.00909152 -0.00155459 -0.0170918 0.0019831 -0.0100799 0.00486831 -0.00225682 -0.00789939 -0.023432 -0.0325293 -0.022968 0.016827
internal_weight=405.106 393.691 58.0451 335.646 38.1735 297.473 56.1409 9.06379 15.8804 277.876 151.805 126.07 92.6079 99.0108 11.622 8.29715 52.7943 20.8731 80.3518 34.1504 20.8535 5.61673 17.4714 10.4465 71.3566 50.5979 20.495 22.2931 31.9212 46.2014
internal_count=30568 30303 17046 13257 8548 4709 17010 803 1809 4497 3159 1338 929 1433 1076 845 1726 1268 1083 515 417 705 1169 629 707 568 417 6739 458 568
is_linear=0
shrinkage=0.05


Tree=256
num_leaves=10
num_cat=0
split_feature=20 20 6 12 2 21 2 1 10
split_gain=1.46041 1.22955 0.997554 2.0027 1.56878 2.36236 1.24119 0.657861 0.530986
threshold=32.836670301168105 3.4967253736869552 -0.038248842752062633 -107.7347138599 4.9447920753785235 0.67312341711971502 5.4312810233507713 1220.1064885980552 3.5000000000000004
decision_type=8 10 2 2 2 8 2 2 2
left_child=1 -1 4 6 -3 -6 -4 -5 -8
right_child=-2 2 3 7 5 -7 8 -9 -10
leaf_value=-0.024744225260621287 -0.028101736048142586 0.067606167732481265 -0.018236710601781152 -0.032535733020238385 0.026349467790865739 -0.027485668393030578 0.0061333137331973783 0.011583295326798203 0.051562775455860049
leaf_weight=1.4588260339805916 2.0708120082163068 0.74478055990767522 0.74119767536468106 2.9060533694864654 6.6379294054713682 1.8759729017547204 1.321218401863008 0.53054535298724659 1.2888130125647876
leaf_count=647 3234 211 232 1619 1776 502 284 295 278
internal_value=-0.000131541 0.00921175 0.0135692 -0.00113728 0.0234109 0.0128451 0.0230971 -0.024649 0.0366352
internal_weight=19.5761 17.5053 16.0465 6.78783 9.25868 8.5139 3.35123 3.4366 2.61003
internal_count=30568 7763 5585 2961 2624 2278 1047 1914 562
is_linear=0
shrinkage=0.05


Tree=257
num_leaves=27
num_cat=0
split_feature=19 0 7 3 20 1 8 2 5 6 7 11 12 21 5 8 3 4 21 21 1 1 3 2 9 11
split_gain=2.96288 4.38387 2.78769 5.58904 3.61541 3.12845 3.23382 3.24652 4.2718 4.07058 4.45894 2.69661 4.60016 2.67557 2.47747 2.89766 2.45673 1.85009 1.74563 1.64096 1.44418 1.45373 0.835748 0.518738 0.333012 0.240221
threshold=2.5000000000000004 160.20598052548203 0.45466797377976592 39.82943265633326 0.15699422902307503 1220.1064885980552 0.44165800079303136 5.2522719608404573 -34.079796585647706 0.36636961018691455 0.06596493191310239 -107.36946891981249 -98.591927692761473 0.032608304341551854 -7.5986675824798988 0.27009398200146345 16.585132505824102 53.516524502312507 1.5573936113617852 0.040355889517861107 836.57179215070153 591.98864277142468 61.055739339733407 5.2265667077008073 0.27712241361664841 -98.16840987774674
decision_type=2 2 2 2 10 2 2 2 2 2 2 2 2 8 2 2 2 2 10 8 2 2 2 2 2 2
left_child=2 16 4 25 18 6 7 11 -9 10 13 -6 -13 -10 -14 -16 -2 19 -1 -15 21 -12 -3 -8 -24 -4
right_child=1 22 3 -5 5 -7 23 8 9 -11 20 12 14 17 15 -17 -18 -19 -20 -21 -22 -23 24 -25 -26 -27
leaf_value=-0.036707256292690033 0.059958091631463942 -0.038162793935724526 -0.023897051863527839 0.087130984868183547 -0.040227493805029851 0.037812335428987959 -0.0081043179482595887 0.045536220300363743 0.019346489562365045 0.040402670918866242 -0.02435311283709541 0.027141821005480661 -0.04054880701121908 0.010214059418266008 -0.023929867477557969 0.035525054175487042 -0.011197936063008458 0.020590302729852916 0.033510825530681 -0.037643396070087792 -0.04156722192284789 0.013141102644269093 -0.01313126345244045 -0.038148414470506195 0.021260277597076344 0.0030631173139120797
leaf_weight=6.9431772865063976 1.3605070556513987 10.456669004124704 1.1697201186470947 1.7804166011046616 4.8853901541151599 5.3659968423598912 2.8874795081792408 6.7188140789512536 22.51766649220372 6.216412929672515 4.9350108871585681 7.5273246185242959 5.9486225905711825 2.066570792638232 3.6917641847248808 2.6429590198385995 1.9628055918146854 2.4457830005849246 0.21753473185526673 4.8494394462613846 5.1349068647105014 3.7294823315023677 0.45540562203677937 4.2847943017841317 0.4422152801125776 1.0075340359326221
leaf_count=6550 255 16538 233 244 288 263 205 279 901 273 292 484 459 258 320 229 368 285 205 604 301 220 206 304 200 200
internal_value=0.000220968 -0.0202399 0.00302113 0.0396476 0.00124625 0.00392772 0.00152685 0.00442168 0.0107813 0.00550577 -7.13465e-06 -0.0105044 -0.00159381 0.0102515 -0.0199208 0.00233724 0.0250628 -0.0113804 -0.0307291 -0.0238593 -0.022798 -0.00852454 -0.0344551 -0.0285247 0.00608688 -0.0143837
internal_weight=121.644 14.6776 106.967 3.95767 103.009 95.8484 90.4824 83.3101 58.6141 51.8953 45.6789 24.6961 19.8107 31.8795 12.2833 6.33472 3.32331 9.36179 7.16071 6.91601 13.7994 8.66449 11.3543 7.17227 0.897621 2.17725
internal_count=30568 18581 11987 542 11445 4690 4396 3887 2430 2282 2085 1457 1273 1275 948 549 623 1089 6755 862 810 512 17958 509 406 433
is_linear=0
shrinkage=0.05


Tree=258
num_leaves=31
num_cat=0
split_feature=13 20 1 11 21 21 15 1 1 5 2 0 21 21 0 0 21 8 8 7 9 15 1 11 1 10 15 3 4 1
split_gain=5.92912 3.72865 3.00696 3.7286 5.67999 3.10762 3.61412 3.04633 3.37363 2.95655 2.86748 3.63425 2.69377 4.26195 2.40672 5.33331 6.97118 2.55127 3.75367 5.46802 2.04472 2.18878 2.03008 5.05632 3.25216 3.07242 3.51867 2.80052 4.79447 2.7225
threshold=1.0000000180025095e-35 70.273120258160176 13.918898324500903 -124.12575205840449 3.3821160331532605 2.2990035284017605 1.1436839655590177e-10 130.71730926809605 306.48608039216259 36.890586787513556 3.8626961798482564 145.80362580806454 3.8840929418194055 1.7479236177818402 570.5921608102841 526.05299011870954 0.82080233039348915 0.25263348363819654 0.15449890293247773 0.058180763738366011 0.43859911499003751 8.6212365735523153e-09 549.63415224582957 -81.134252317750779 456.41741841109257 2.5000000000000004 1.7408088970837774e-09 18.633493143405001 29.880860965451554 422.71614273209656
decision_type=2 8 2 2 8 8 2 2 2 2 2 2 8 8 2 2 10 2 2 2 2 2 2 2 2 2 2 2 2 2
left_child=-1 10 12 -4 5 14 7 -7 -9 -8 -2 -12 13 -3 15 17 -17 18 20 -20 21 -5 23 24 29 26 27 28 -24 -13
right_child=1 2 3 4 -6 6 9 8 -10 -11 11 22 -14 -15 -16 16 -18 -19 19 -21 -22 -23 25 -25 -26 -27 -28 -29 -30 -31
leaf_value=-0.039611474834835569 0.024161892136109538 -0.019890221469784433 -0.0053592120283653573 0.037788804137827585 0.030678721588489267 0.01316245987593815 0.024895263840333283 -0.092072915499087082 -0.017419946026227262 -0.031394363940126263 -0.029965417638449496 -0.00085526547151124207 -0.022399671455396286 0.032868071794181095 0.029486379250456048 -0.078888623639055758 0.012957763390523631 0.025366064362779606 0.011198255878100333 -0.062213927419738441 -0.020930329128747992 -0.011215508449606218 -0.025496812545372491 0.041037398706404028 0.013905594209146261 -0.010054208069689222 0.02086404794701846 0.0038853616250912101 0.0045415483857156698 -0.022744382399805165
leaf_weight=8.6891880140174163 9.2284824664238823 6.5270462180487847 33.742052951827645 8.0890121816191858 32.66578149003908 2.1799012741539672 7.0948576934169969 1.9023722747806466 4.4654070800170302 2.3266830849461257 10.850219310726969 249.81740422337316 14.995519733522087 6.8693364025093606 13.247681322507558 2.9758462712634364 3.8048820209223777 19.614795387256891 4.9836610346101216 3.6831612600944936 2.0784022088628262 2.5271577700041234 27.174008652800694 6.6277358764782583 35.038597387261689 146.00239468598738 17.161898461170495 68.533080330584198 24.645580681040883 14.06853078212589
leaf_count=336 211 202 3587 817 4452 252 633 200 470 208 250 8497 471 213 1277 255 327 1869 430 317 203 255 394 221 1170 1804 265 1074 358 479
internal_value=4.43469e-05 -0.000256756 0.0061825 0.00908513 0.0134596 0.00604278 -0.0117821 -0.0335769 -0.0491922 0.00931575 -0.00210083 -0.00254436 -0.00848394 0.00756685 0.0113985 0.00587913 -0.0323091 0.0128177 0.0006762 -0.0232084 0.0174866 0.0261622 -0.00198935 0.000838097 -0.000187053 -0.0050288 0.000340867 -0.00273348 -0.011395 -0.0021037
internal_weight=791.611 782.921 173.774 145.382 111.64 78.9738 17.9692 8.54768 6.36778 9.42154 609.148 599.919 28.3919 13.3964 61.0046 47.7569 6.78073 40.9762 21.3614 8.66682 12.6946 10.6162 589.069 305.552 298.925 283.517 137.515 120.353 51.8196 263.886
internal_count=30568 30303 16346 15454 15217 7709 1830 989 670 841 13957 13848 892 415 5879 4486 582 3904 1989 747 1242 1072 13700 10197 9985 3503 2126 1886 752 8976
is_linear=0
shrinkage=0.05


Tree=259
num_leaves=31
num_cat=0
split_feature=1 5 11 12 8 1 3 8 11 4 6 1 3 3 17 16 16 3 3 21 5 12 2 20 11 21 16 3 13 13
split_gain=1.55255 2.54437 1.60208 2.05129 2.54131 3.23784 3.56066 2.49955 2.41717 2.95927 5.07755 5.00525 3.69114 3.89958 3.51309 4.83039 2.85098 2.84108 3.06182 5.70461 3.8954 3.71589 6.09627 3.35502 3.93427 2.71577 5.76102 2.65605 2.63272 4.37601
threshold=1136.1833025708454 -23.654714608114517 -128.50537992329248 -126.10251266064104 0.41131735072805148 779.84908504287807 24.567782624150805 0.40745972524598623 -73.073572644552939 26.992588603952754 0.3701105030328789 219.06301168736005 1.6390673304473504 0.47023355354218604 2.1316282072803012e-14 5.5074162761057854 10.796714797101737 12.267096681321352 40.515359090327756 1.3850245703844453 -24.886724207959048 -112.70534067161488 5.0344674130280014 1.7821107921224553 -120.15451297839599 1.9381999968603101 2.908043100440743 22.208286163659505 15.188751314277313 15.835316841800351
decision_type=2 2 2 2 2 2 2 2 2 2 2 2 2 2 2 2 2 2 2 10 2 2 2 10 2 10 2 2 2 2
left_child=2 -2 -1 -4 7 -6 -7 8 9 10 17 -12 13 -11 28 25 27 -5 19 -19 21 -21 -23 24 -20 26 -16 -17 -14 -30
right_child=1 -3 3 4 5 6 -8 -9 -10 12 11 -13 14 -15 15 16 -18 18 23 20 -22 22 -24 -25 -26 -27 -28 -29 29 -31
leaf_value=-0.010972583024886783 0.023930973790063193 -0.034864045763265503 0.024326189100203295 -0.036749662546372415 -0.019703679579881915 0.051143765630775634 -0.014073764024867742 0.053773410195855 0.043403820823300805 -0.00434455875400708 0.094741464167206954 -0.010002385049286957 -0.028476049904666009 0.098020313415545138 -0.01586180537562935 0.02435864272627378 0.030055224607077755 -0.014265629693295999 0.069601096509266047 -0.0074844178719826893 -0.00483090619236589 -0.0069305491079110857 0.10375513263568487 -0.031756291904539428 -0.025207006016815633 0.078120988128870333 0.063488847492079212 -0.036004640494219954 0.070401893299147242 0.0027878857303537743
leaf_weight=12.03198858280666 1.8837997361551977 4.6988292674068362 15.12574791908264 6.6071324101067139 18.07689134293469 3.1065663071058234 3.5889441642502788 1.9698801350896247 3.4707596528460307 1.3760269489430359 1.4686936660436927 1.8011393019114619 5.1757695343403602 1.4293584512779489 4.0077455326390972 1.8325544875115154 4.0595013992860913 12.738733001722725 1.1438346815994023 1.6520591304288252 4.0900850997422804 1.5749305061763168 3.3546050522127189 11.670578701421617 1.4589054968091666 3.7465784848318435 3.5030998855363578 4.8077604479622096 1.5168307870626438 51.069020791532239
leaf_count=1916 204 509 2564 1544 3903 202 233 353 624 239 228 280 933 248 276 223 385 3321 223 317 1038 324 690 1557 284 280 242 584 293 9855
internal_value=-0.000199184 -0.0171012 0.00605351 0.00727687 0.00552725 -0.00894148 0.0188995 0.00821808 0.00715152 0.00586054 -0.00402162 0.0482149 0.0115358 0.0598635 0.00911457 0.0256663 0.00102184 -0.00885746 -0.00314351 0.00792844 0.0333738 0.0546215 0.0731873 -0.0206333 0.0242126 0.0470957 0.024259 -0.0183381 0.00249296 0.00601562
internal_weight=194.038 6.58263 187.456 175.424 160.298 24.7724 6.69551 135.526 133.556 130.085 47.5607 3.26983 82.5242 2.80539 79.7189 21.9572 10.6998 44.2909 37.6837 23.4104 10.6717 6.58159 4.92954 14.2733 2.60274 11.2574 7.51085 6.64031 57.7616 52.5859
internal_count=30568 713 29855 29734 29606 5348 435 24258 24022 23622 10861 508 12761 487 12274 1858 1016 10353 8007 6103 2709 1264 1014 1904 507 842 518 807 10416 10148
is_linear=0
shrinkage=0.05


Tree=260
num_leaves=31
num_cat=0
split_feature=17 16 2 3 3 17 15 8 15 19 3 8 8 20 20 11 1 5 1 12 21 5 7 2 2 13 1 21 11 2
split_gain=1.6748 1.79625 2.85182 2.90716 3.92711 4.3402 2.64184 3.86517 2.36212 2.40435 4.82457 5.00787 4.30663 4.30279 5.22056 3.45358 3.10731 3.02902 2.94336 2.37039 3.50275 3.03178 2.51958 4.34477 7.13905 2.95234 2.89241 3.08079 3.07384 2.79738
threshold=3.4793247340525832 0.68521281997870187 4.8894135835498487 31.682991526778753 12.436153421566301 2.1225132838766685 1.4001020978247121e-08 0.41131735072805148 1.0369124711509843e-08 4.5000000000000009 27.910554909331804 0.27586029572733478 0.43808308118730427 25.584172507254355 90.144389644579022 -113.71548309482198 9.8371040879799256 26.703911586255604 89.220274400894326 -124.70753826087959 4.1791934295734103 40.109599695839407 0.29021316386450785 5.5310644310237018 5.4249838569209627 18.521643293666298 153.32258469083203 1.4968839508155052 -77.818622635877844 5.5845913590187504
decision_type=2 2 2 2 2 2 2 2 2 2 2 2 2 8 10 2 2 2 2 2 8 2 2 2 2 2 2 10 2 2
left_child=1 6 -3 4 5 -4 8 -8 9 16 12 15 13 -11 17 -12 -1 -15 -18 -20 21 22 23 24 25 -21 27 -27 -28 -24
right_child=-2 2 3 -5 -6 -7 7 -9 -10 10 11 -13 -14 14 -16 -17 18 -19 19 20 -22 -23 29 -25 -26 26 28 -29 -30 -31
leaf_value=0.024134136404988196 -0.02082794778376602 -0.028417737569495921 -0.020427878587636547 0.038669861817828138 -0.026146381587222101 0.096172894638157216 -0.034196377145263766 0.023667041052821084 0.034879403559472485 -0.028410008152462165 0.047151327756841777 -0.030233633491075031 0.10269856994305833 0.098441989425161955 -0.023593731278200355 -0.011528944480372231 -0.02156144504977249 -0.013504955929229834 0.021367801132908596 0.04770865656661169 -0.035661096513034465 -0.029545096353516181 0.0081563681478083287 -0.020049435633800735 0.048719318542683687 0.075447584201287485 -0.018377240582147156 -0.019803071552896678 0.03510064316561954 0.053757451716772764
leaf_weight=12.550149878807131 5.1376389034558088 1.9553952225251148 0.9460117225535275 12.424263309861997 4.5305314370198175 0.74224883026909083 8.6979791751946305 3.2876163945184089 5.6988700673682615 2.1054061272880134 5.3198660438647503 6.1546107716858387 1.6753989786375312 2.142076339107009 1.2737314534024333 3.6158602255163697 14.347629509808028 0.47588261874625459 12.596022200770674 1.6631238247791795 5.7612323147477573 5.9985226222779602 12.272530045273017 17.637936862534843 7.8546068157302216 1.0485614871722679 22.459631508419989 0.88118614465929568 2.1029768497974177 3.8943570630508475
leaf_count=2169 839 238 257 1466 1102 201 747 283 999 827 673 854 594 951 587 457 2670 211 2175 240 1136 844 1625 2609 1106 277 3131 233 293 516
internal_value=0.000244674 0.00580249 0.0193685 0.0255722 -0.00232714 0.0475416 0.00396386 -0.0177243 0.00580847 0.00442375 0.018968 0.00176902 0.0486907 0.0210816 0.0481908 0.0246358 0.0015562 0.0799845 -0.00125146 0.00203696 -0.00117055 0.0018806 0.00495979 -0.00036848 0.00955262 -0.00267006 -0.00745302 0.0400395 -0.0126046 0.0216326
internal_weight=187.252 182.114 20.5985 18.6431 6.21879 1.68826 161.516 11.9856 149.53 143.831 22.7628 15.0903 7.6725 5.9971 3.89169 8.93573 121.068 2.61796 108.518 94.1707 81.5747 75.8134 69.8149 53.648 36.0101 28.1555 26.4924 1.92975 24.5626 16.1669
internal_count=30568 29743 2506 2200 1512 458 27237 1030 26207 25744 4816 2094 2722 2357 1794 1130 20928 1162 20196 16260 16086 10665 10077 7936 5070 4062 3934 510 3424 2141
is_linear=0
shrinkage=0.05


Tree=261
num_leaves=31
num_cat=0
split_feature=13 21 16 20 0 2 3 9 3 11 15 20 9 9 1 8 11 8 6 4 9 21 17 2 15 13 9 2 13 6
split_gain=9.44349 14.0639 6.64651 6.02723 4.41229 3.48255 3.37647 3.3265 3.3028 3.30201 2.99046 3.4814 3.42904 2.97842 3.64668 2.73566 3.11942 2.25638 2.29721 4.16372 2.97931 2.60499 2.48316 2.20614 2.15628 4.92803 3.56998 1.90824 1.93527 1.63449
threshold=-1.0000000180025095e-35 1.8277542308877452 18.321633832593225 57.064438286372109 513.63769841024657 4.3422421865699317 35.402851010073611 0.38039831606126034 13.510655457207852 -88.570120715255285 4.74101562813827e-09 10.465543835848552 0.28134269934958583 0.32099088346572741 836.57179215070153 0.17497288679246029 -103.43200318002847 0.46129648681995811 0.3701105030328789 1.9923497334683302 0.12772522151142332 0.76851982376916916 1.0000000180025095e-35 5.2787704876946195 5.6172563295534475e-09 31.418025032671519 0.43501449683688082 5.0724311347625148 23.995424848628939 -0.44640700649919646
decision_type=2 8 2 10 2 2 2 2 2 2 2 8 2 2 2 2 2 2 2 2 2 8 2 2 2 2 2 2 2 2
left_child=-1 3 5 4 7 6 -3 13 15 24 11 12 -6 17 -15 16 -5 18 19 -2 22 -22 23 -21 25 -9 -27 -23 -29 -10
right_child=1 2 -4 8 10 -7 -8 9 29 -11 -12 -13 -14 14 -16 -17 -18 -19 -20 20 21 27 -24 -25 -26 26 -28 28 -30 -31
leaf_value=0.040749727724743653 -0.020242855310953968 -0.025326150504944567 0.048691171494422987 0.069805749645161438 0.019867994584860445 -0.036906178120358936 0.031141844629872323 0.039767139726861113 0.01084077730727785 -0.010515880267430664 -0.0306130616763199 -0.035769331917081065 -0.017325414748675605 -0.027410953937932955 0.0057450429169082738 -0.018025975842341928 -0.010405670104289121 -0.017644172055249877 0.024265783709068182 -0.021970595687476436 0.018440547283185078 -0.020936939008091394 0.010459759292319227 0.00444633964476592 0.0013613374108747977 0.024310966225015843 -0.017156754648776164 0.024528597046236465 -0.015190576137872537 -0.035897859941141023
leaf_weight=10.666790302842854 16.243409427115694 5.5042368276044717 1.8532641585916279 1.5610761689022197 14.418111231876544 45.078472208115272 3.4695610258495435 21.665208163438365 1.6116494995076234 11.423627790180033 15.051319650025105 5.6184015038888893 9.4117010603658837 18.323054135893472 14.014608342666177 5.1472189667401835 1.8764851529849718 11.167256541899404 12.736441303044556 19.044540549744855 51.006669362308457 7.653825793531726 19.840230255620554 12.570632257033139 14.191544217872432 9.9741606857860496 8.8952668717829493 7.0270770761417234 4.1124706460395828 19.869495732942596
leaf_count=813 306 493 565 207 330 14186 310 433 345 200 836 365 215 346 265 787 249 215 243 340 935 328 337 225 268 319 285 401 235 4247
internal_value=-0.000167168 -0.0049126 -0.0278916 -0.000999875 0.00113759 -0.0313542 -0.0025604 0.00363979 -0.0219798 0.0132299 -0.0132348 -0.00363883 0.00507212 0.000314245 -0.0133004 0.00396842 0.0335423 0.00310709 0.00475604 0.00278671 0.00601209 0.0126706 -0.00308962 -0.0116526 0.0182864 0.0240366 0.00488297 -0.00312999 0.00982175 -0.032065
internal_weight=401.028 390.361 55.9055 334.455 304.39 54.0523 8.9738 259.89 30.0659 66.1498 44.4995 29.4482 23.8298 193.74 32.3377 8.58478 3.43756 161.403 150.235 137.499 121.255 69.8 51.4554 31.6152 54.7262 40.5346 18.8694 18.7934 11.1395 21.4811
internal_count=30568 30303 17046 13257 7352 17010 803 4880 5905 1161 2472 1914 545 3719 611 1313 456 3108 2866 2593 2155 1280 875 565 1035 810 604 805 636 4592
is_linear=0
shrinkage=0.05


Tree=262
num_leaves=13
num_cat=0
split_feature=20 21 13 3 7 12 2 2 19 9 13 5
split_gain=1.38409 1.19352 1.3365 0.997331 0.938366 1.0067 1.58997 1.85628 0.943062 1.00778 0.748534 0.693222
threshold=32.836670301168105 0.40009327630850056 20.613208446904313 10.405171446727502 0.43218581436447329 -90.969335063447076 4.9919497154351875 5.4218688397664208 2.5000000000000004 0.022177529576497438 14.691056627412722 -32.795198698559467
decision_type=8 8 2 2 2 2 2 2 2 2 2 2
left_child=1 10 -3 -4 5 6 -5 11 -9 -10 -1 -8
right_child=-2 2 3 4 -6 -7 7 8 9 -11 -12 -13
leaf_value=0.018523944721006515 -0.027794432260809489 -0.023574302540709566 -0.019376754687589159 0.072037995537834382 -0.01783700857633581 -0.017229878018786688 0.010407616480214568 0.039657405000796397 0.034577267674429472 -0.022716216496348838 -0.028962406103689949 -0.026591797211551905
leaf_weight=0.36818763956763101 2.0028327251202418 1.2417326826980577 0.81190088826406359 1.0347220059266025 0.65415021988155786 0.6266006416262776 1.6701098320918404 5.9891911648301184 0.1925537208080651 1.1736800729777312 2.0889186647109454 1.6200743919252989
leaf_count=200 3144 531 328 337 229 215 827 1542 216 1318 1138 803
internal_value=-0.000127521 0.00888485 0.0142517 0.019027 0.0226482 0.0259789 0.0294728 0.019505 0.0321983 -0.00344114 -0.0185468 -0.00976252
internal_weight=19.4747 17.4718 15.0147 13.773 12.9611 12.3069 11.6803 10.6456 7.35542 1.36623 2.45711 3.29018
internal_count=30568 7763 6425 5569 4539 4220 3809 3524 1894 1534 1338 1630
is_linear=0
shrinkage=0.05


Tree=263
num_leaves=15
num_cat=0
split_feature=19 0 20 17 8 8 1 2 7 1 2 12 15 1
split_gain=2.84031 2.77307 6.46524 4.28517 2.75085 2.40205 3.17544 3.06523 2.72928 2.5644 1.95583 1.3076 1.00612 0.235367
threshold=4.5000000000000009 190.38347098298203 4.3762599157402358 1.0000000180025095e-35 0.32350282638463185 0.18737756200169733 183.5058029480995 5.2951503221514011 -0.094373202201015957 561.04729387930456 5.1996562066337475 -76.677804018039936 2.7212824602394441e-09 335.84067404565957
decision_type=2 2 8 2 2 2 2 2 2 2 2 2 2 2
left_child=1 3 5 4 11 7 -7 -3 -9 -8 -11 -1 -12 -5
right_child=-2 2 -4 13 -6 6 9 8 -10 10 12 -13 -14 -15
leaf_value=0.096007044145477657 -0.034531178452088578 -0.028480415748730604 -0.037750186166143188 0.0003969899586021176 0.0033164152891130699 0.033189909686224733 -0.011872266193183613 0.020353601111216934 -0.012828100232271593 -0.0056360732036317253 0.027477226798058491 0.017948996434293606 0.0075844779404105889 -0.02648667768420615
leaf_weight=1.8292363845394022 4.6656296923756599 10.453894343358114 9.5336754277377604 1.1414635689288857 2.1021532042359468 10.247183344443327 16.843061791209038 10.842499975813553 12.03667616157327 11.79670706077013 13.511508885945663 1.3489848633180355 13.178502557042519 1.6072453388187566
leaf_count=360 1177 239 2008 200 399 203 317 205 227 200 213 266 208 281
internal_value=0.00022479 0.00171458 -0.000497547 0.0283384 0.0516015 0.00343504 0.00894611 -0.0073518 0.00309063 0.00394661 0.0109948 0.075101 0.0182836 -0.0181948
internal_weight=121.138 116.473 108.444 8.02908 5.28037 98.91 65.577 33.3331 22.8792 55.3298 38.4867 3.17822 26.69 2.74871
internal_count=30568 24327 22844 1483 1002 2059 1297 762 432 1042 652 626 421 481
is_linear=0
shrinkage=0.05


Tree=264
num_leaves=31
num_cat=0
split_feature=16 21 0 0 3 21 1 20 20 13 6 5 20 3 16 1 1 2 8 6 15 15 3 15 1 20 2 11 9 20
split_gain=5.44813 3.24331 5.51464 4.91349 3.91435 3.56564 4.65655 4.44653 4.68016 4.53066 2.40421 3.45734 4.51838 4.17574 4.144 3.20089 6.34313 3.59538 3.48164 4.58963 4.01564 4.95573 3.39799 3.17286 4.02507 3.11854 2.82948 4.38395 3.71346 3.24735
threshold=30.881699610339378 0.67312341711971502 567.05835268502972 559.20539631100962 40.799597741990105 0.26877559015346802 788.79330281546913 26.584941857349104 80.511992625664917 25.769349465867354 0.29851708691932904 53.329388010298203 145.39403593283751 3.3383618936819905 0.43494592389706216 1112.2814108390551 945.34694372449962 5.558704595810851 0.4187558495299149 1.0000000180025095e-35 2.865866323418445e-08 2.2899051003498739e-09 68.310807268760058 3.8356883140984013e-09 120.76112627145751 6.2446309113009404 4.899977609085771 -102.61132992230948 0.065370370218871279 36.790555934513058
decision_type=2 8 2 2 2 8 2 10 10 2 2 2 10 2 2 2 2 2 2 2 2 2 2 2 2 8 2 2 2 8
left_child=1 5 3 10 -4 -1 7 -7 -9 -10 15 12 13 -12 -15 16 17 18 19 26 21 22 25 -23 -25 -21 28 -28 -3 -30
right_child=-2 2 4 -5 -6 6 -8 8 9 -11 11 -13 -14 14 -16 -17 -18 -19 -20 20 -22 23 -24 24 -26 -27 27 -29 29 -31
leaf_value=-0.0012091272399363715 -0.038377014325873114 -0.052692724019463205 0.026512038470937034 -0.042256642584685533 -0.0064274618523121859 -0.030694802037209513 0.0045645925463479878 0.024519670472844535 0.015258451833226419 -0.068914588752995637 -0.050293159121426546 0.029313895953567884 -0.053247313915872174 -0.0075406714213877074 0.028928049648931149 0.023072550052044144 -0.020301914020236091 0.024012097958950634 0.02066145276878395 -0.0087803837103435072 0.036973971146117855 -0.035311592311372146 -0.026509624825850953 -0.022807033467556758 0.013684300185220814 0.025733610630929812 -0.0067132862635069044 0.017614881967477996 -0.027422852011789445 0.0066724645679274545
leaf_weight=257.72204343602061 8.4951450284570438 5.3025835903827128 35.61149277840741 5.5851830709725618 11.51723026903346 37.237773929489776 23.72745922813192 8.3629200060386193 2.382946834899486 2.519527941243723 3.9243037279229602 5.2047219497617334 4.5132589770946652 53.943932792171836 8.0822963805403543 18.056863312143832 28.029784658458084 20.307876694714651 23.152018477441743 7.4228658634237945 10.395797070581464 7.4502490584272882 3.4886337602511048 11.393767900532113 18.363976357737556 36.159020649036393 79.66523085674271 23.038925028173256 12.115478108869867 14.277465210761875
leaf_count=2992 330 256 3410 306 1103 1235 637 784 263 278 231 296 268 3171 475 975 1573 1234 1354 663 603 281 291 430 692 3232 4808 1391 618 728
internal_value=3.94762e-05 -0.00027228 0.00250589 0.000579866 0.0184961 -0.00400961 -0.0135873 -0.0220385 0.00270917 -0.0323472 0.00129202 -0.00666403 -0.0096945 -0.00596321 -0.00240505 0.00319642 0.00192978 0.00428215 0.00260505 0.000698252 0.00907831 0.00524415 0.0158785 -0.00827247 -0.0005749 0.0197901 -0.00522831 -0.00113868 -0.01804 -0.00940846
internal_weight=787.451 778.956 447.003 399.874 47.1287 331.953 74.2306 50.5032 13.2654 4.90247 394.289 75.6685 70.4638 65.9505 62.0262 318.621 300.564 272.534 252.226 229.074 94.6743 84.2785 47.0705 37.208 29.7577 43.5819 134.4 102.704 31.6955 26.3929
internal_count=30568 30283 26429 21916 4513 3854 1994 1675 1243 541 21508 4299 4188 3888 3646 17209 16872 16561 14747 13220 5493 5331 3928 1403 1122 3895 7727 6199 1528 1346
is_linear=0
shrinkage=0.05


Tree=265
num_leaves=31
num_cat=0
split_feature=20 9 13 7 6 6 2 4 7 7 3 9 11 1 8 19 4 3 13 1 21 5 21 13 2 0 2 21 15 20
split_gain=1.48591 3.35019 3.20102 2.32787 2.40196 4.62235 4.41075 3.75904 2.03503 3.81296 3.80369 3.40505 3.13037 2.99527 3.43872 2.94933 4.13939 2.70183 3.72598 2.84866 3.56872 6.30286 4.22199 4.17554 3.52758 3.08671 3.87278 4.06439 2.99319 5.21797
threshold=0.85725221291328058 0.3586186495125418 22.963211825375627 -0.22370210052894454 -0.32461373481733696 -0.026879030453358144 4.953168841441955 82.396417255025767 -0.22370210052894454 -0.0039946848287275563 11.191480351781051 0.23644262945092989 -128.50537992329248 652.79474619548557 0.25073433367272596 4.5000000000000009 55.509786393893954 13.142635834553452 24.754191784329851 510.95017112414308 1.6141447833163454 -15.902570026610897 4.7836872354466111 19.296344461630323 5.7859349587499471 416.23638757660905 5.2522719608404573 2.3150975044298252 7.3805394600976082e-10 7.1607661762869856
decision_type=10 2 2 2 2 2 2 2 2 2 2 2 2 2 2 2 2 2 2 2 10 2 8 2 2 2 2 10 2 10
left_child=1 2 -1 -4 -5 6 -6 -7 11 15 13 -2 -12 -11 -15 -10 -17 18 -14 20 21 -19 25 -23 28 26 27 -22 29 -21
right_child=8 -3 3 4 5 7 -8 -9 9 10 12 -13 17 14 -16 16 -18 19 -20 24 22 23 -24 -25 -26 -27 -28 -29 -30 -31
leaf_value=-0.033419016879366395 0.058224926805303945 -0.036347230091584769 -0.02042715253950329 -0.024708753368243346 0.12728466712627834 -0.018574460208911455 0.023122014028580478 0.056436506831721883 -0.018510379194134754 -0.036728824039132815 -0.022606913925474849 0.010961846320996883 0.093378881639188949 0.04723574069948222 -0.028110388880024165 -0.01551505506328401 0.053494592777367213 0.077334658830659486 -0.0047046763494185649 -0.033653545381452876 0.037888804159497164 0.048364626314659195 0.041396767879806805 -0.0064116775908601145 0.043953713803875465 -0.030108818031585546 0.051078157993300205 -0.026089115454123065 -0.024995387261751753 0.035991506160234069
leaf_weight=3.3996235126687742 3.2552224769606246 5.7894138675183058 2.9137834647554053 1.420238057209654 1.002330944902506 4.9224141495651335 3.2793408242287114 1.3288631068426182 26.436392857634928 6.6542241988354354 4.9572678892873219 47.293069939303678 1.4906840440235103 2.230270844476764 1.9471051085856741 4.1265472072409475 2.9215260100318119 5.4272630680352494 1.4345512751024216 3.2955515313369768 2.6260327210766361 4.7019847563060475 5.7881717476411678 8.4170128381811065 2.7395081265713088 6.4231823576556053 3.0538647811918054 6.9713592603220604 11.384171840851193 6.3680445236968808
leaf_count=1030 409 1850 1029 508 298 1769 976 477 3958 1442 605 5944 235 253 221 784 555 827 227 352 385 731 865 1309 244 1124 415 1023 1066 680
internal_value=-0.000196744 -0.00631847 0.0045914 0.0148416 0.0243522 0.0325364 0.0669888 0.00295496 0.00676519 0.00315064 0.00870941 0.015076 0.012728 -0.0178666 0.0134701 -0.0109503 0.016183 0.0155087 0.0563338 0.0129315 0.0204111 0.0364492 0.00750077 0.0152557 -0.000990646 -0.00433481 0.00999793 -0.0066601 -0.0085687 0.011312
internal_weight=193.999 24.056 18.2666 14.867 11.9532 10.5329 4.28167 6.25128 169.943 119.395 85.9103 50.5483 75.0787 10.8316 4.17738 33.4845 7.04807 70.1214 2.92524 67.1961 43.4089 18.5463 24.8626 13.119 23.7873 19.0744 12.6513 9.59739 21.0478 9.6636
internal_count=30568 7686 5534 5251 4272 3520 1274 2246 22882 16529 11516 6353 9168 2348 474 5013 1339 9119 462 8657 6540 2826 3714 2040 2117 3338 1720 1408 1970 1032
is_linear=0
shrinkage=0.05


Tree=266
num_leaves=31
num_cat=0
split_feature=8 15 20 1 11 9 9 4 7 7 3 8 20 20 3 3 20 2 8 7 7 1 3 8 20 6 3 1 1 1
split_gain=1.65528 2.89917 2.65526 2.70064 3.1693 2.03559 3.1445 3.96393 3.12287 3.6889 2.9594 4.11884 3.27064 3.19632 2.80673 2.74768 3.17619 2.55346 2.39037 2.09151 1.9787 1.91755 4.17844 3.31635 2.90245 4.42159 3.23565 4.98098 6.4129 3.20231
threshold=0.48973282022883385 4.7024820994503849e-10 1.9788344174564303 823.36582245820512 -105.94883051843199 0.40242006794580304 0.46426092124955881 -22.087808431927748 0.31678719657747673 0.26175048191520039 16.983612314906306 0.28534700561485865 44.786802125586455 42.301831271144607 52.636178372244807 34.554749309134259 34.320455127885758 5.7111578734960622 0.16947922382032668 0.2453851867346897 0.20951000827540159 41.658698094028502 14.720113009197052 0.016818004372132881 27.597972824803254 0.16342394897881721 41.107950677422302 157.85842124036802 118.79620993403252 148.22783091105504
decision_type=2 2 8 2 2 2 2 2 2 2 2 2 8 8 2 2 10 2 2 2 2 2 2 2 8 2 2 2 2 2
left_child=2 -2 3 -1 -5 8 14 -8 9 19 13 12 -12 -10 -7 16 18 -11 -9 20 21 22 -4 -23 26 -26 27 28 -25 -27
right_child=1 -3 5 4 -6 6 7 15 10 17 11 -13 -14 -15 -16 -17 -18 -19 -20 -21 -22 23 -24 24 25 29 -28 -29 -30 -31
leaf_value=-0.032485041850002699 0.05612981527976077 -0.012734177928234195 -0.03076754159979261 0.034461564826613937 -0.015274993488458092 -0.031833134213356679 0.068478062927878058 0.072522447315913216 0.0094498192185244329 -0.037362434554608061 0.060768338760574914 -0.024127182160353294 -0.0018136154842221194 0.10641640517353808 0.013674127032951662 -0.023192640950069166 -0.026081199925303847 0.02978386019204507 0.0010695636678452118 0.044854062801379289 -0.020784495212943038 0.044944088012340372 0.028233408097156368 0.0072783491161536613 -0.020228377359254916 -0.023733678229164265 -0.01236671344222994 0.0097342631621631665 0.11747364671437231 0.02578216714971801
leaf_weight=8.5293373882595951 2.9403643428813675 1.990915084374137 2.6328595583327141 4.0394421415403494 7.8152698011836019 11.788661335245708 1.5398805203731196 1.9294245797209453 1.689728507597468 6.4435812117590112 4.0376491829811139 3.6435120782989543 3.4690047129406585 1.3000100225908673 3.9624685531016439 5.6680348809459247 1.6359035020577719 0.95987764175515622 2.0000010738731362 2.8064891333633568 5.175662988825934 3.8112340411753385 21.051733134401729 2.8151046339189669 24.182070510083577 3.5411042763735177 9.4769044461427239 23.267530108802021 1.7484651348786429 11.546177963289663
leaf_count=735 353 239 251 212 411 2645 240 300 448 1355 495 517 425 344 889 974 390 202 310 470 868 715 2010 333 7363 981 660 1825 207 3199
internal_value=0.000242777 0.0308677 0.00395548 -0.0126518 0.00303499 0.00610831 -0.00586156 0.0120659 0.00868853 0.00592151 0.03013 0.0153076 0.0350343 0.0677178 -0.0202521 -0.000632625 0.0223767 -0.0261485 0.0437491 0.00825291 0.00691435 0.00847655 0.0206939 0.00466695 0.00210886 -0.00729343 0.0119375 0.0203553 0.0630243 0.0134075
internal_weight=187.438 4.93128 182.507 20.384 11.8547 162.123 28.5244 12.7732 133.599 119.459 14.1399 11.1502 7.50665 2.98974 15.7511 11.2334 5.56533 7.40346 3.92943 112.055 109.249 104.073 23.6846 80.3886 76.5774 39.2694 37.308 27.8311 4.56357 15.0873
internal_count=30568 592 29976 1757 623 28219 5523 1989 22696 20321 2375 1583 920 792 3534 1930 1326 1557 610 18764 18326 17347 2261 15086 14553 11956 2597 2183 540 4180
is_linear=0
shrinkage=0.05


Tree=267
num_leaves=31
num_cat=0
split_feature=16 19 20 12 4 20 15 4 17 17 10 12 11 13 20 13 4 12 1 2 9 20 1 6 12 16 1 0 1 16
split_gain=8.72313 13.5159 8.59693 3.18275 4.90615 3.82449 3.43758 3.0863 3.0529 6.66677 4.29846 3.83097 2.58501 3.97057 2.59257 7.72909 2.34763 3.44937 5.89684 2.67334 1.42117 1.73543 1.0031 0.973328 1.55192 0.933305 0.946119 0.931607 0.856908 0.436538
threshold=30.881699610339378 2.5000000000000004 126.14420069634652 -109.01197656326347 61.436450451058107 1.9788344174564303 4.9830950589534902e-09 35.206039622903155 0.99805376413373448 1.2810970570367339 4.5000000000000009 -105.2187647178305 -85.145440926240582 19.807234145527406 29.783988796280955 32.080100161411075 58.731581343331705 -97.333651933697368 993.70085261680754 5.4731746992578865 0.48070158771569643 20.282410357836401 1.0149191075379551 0.29851708691932904 -96.327289283575439 1.343098801598416e-06 1297.0286889131301 119.09871861045953 3.0741393647482753 3.3254266456918882
decision_type=2 2 8 2 2 10 2 2 2 2 2 2 2 2 8 2 2 2 2 2 2 10 2 2 2 2 2 2 2 2
left_child=1 2 3 4 5 -1 7 -7 10 -10 20 -12 13 -5 16 -16 17 18 19 -15 22 -22 -3 24 29 26 28 -24 -4 -11
right_child=-2 8 25 12 -6 6 -8 -9 9 23 11 -13 -14 14 15 -17 -18 -19 -20 -21 21 -23 27 -25 -26 -27 -28 -29 -30 -31
leaf_value=-0.040775938689462193 0.039421662788211922 0.010190696153090454 0.0044891689690017399 0.017955342406867959 0.0061638170554652967 -0.0096189754894612702 -0.037347705706674901 0.040759723785895506 0.070605242260260506 -0.0035886359827346178 -0.031330189896383025 0.034659407233452608 -0.0084328819958108849 -0.027441275687373486 0.043158525191692082 -0.033390754532483136 0.014131760818065981 0.0080980232243710298 0.01281458016907158 -0.0037992362411332168 0.04212057481361809 -0.024276034805203749 0.0074081612254238002 0.0066677488584271118 0.015707001987178074 0.011201429884434146 0.01096741969881318 -0.037938278871040482 -0.039753988365141456 -0.036906963621283227
leaf_weight=13.874116637278352 10.479629348963497 0.76062656252179195 0.96479164389894378 53.731453337939456 28.170102512929589 7.1123407762497655 4.5407780095702037 3.9613821899984032 1.5868469041306532 1.3907993637258194 2.9159890343435118 4.0640217234613374 33.325726723182015 31.348402607371099 10.392334968084468 3.7934543149312958 23.478202882572077 43.264437580131926 20.141405784292147 19.545234536402859 0.68722488568164553 1.3802227739943189 0.85388467705342819 2.8838947779731825 1.4363948447862616 0.72054364054929465 0.66025330545380712 46.715414131409489 16.077387573313899 6.7206453010439873
leaf_count=509 807 231 424 674 698 360 232 201 228 201 418 583 413 349 707 258 223 428 220 217 201 404 262 401 203 297 280 14338 7059 970
internal_value=-0.000160083 -0.00481752 -0.000340431 0.00176358 -0.00868498 -0.0226068 -0.00498018 0.0102862 -0.0242993 -0.00311048 -0.0293342 0.00661995 0.00430976 0.00640507 0.00223043 0.0218375 6.88523e-05 -0.00291732 -0.00964557 -0.0186099 -0.0343457 0.0043308 -0.0360545 -0.017076 -0.0241999 -0.0325693 -0.0348546 -0.0369885 -0.0371393 -0.032215
internal_weight=396.978 386.498 315.102 296.679 57.6587 29.4886 15.6145 11.0737 71.396 14.0186 57.3774 6.98001 239.021 205.695 151.963 14.1858 137.778 114.299 71.035 50.8936 50.3974 2.06745 48.3299 12.4317 9.54784 18.423 17.7024 47.5693 17.0422 8.11144
internal_count=30568 30283 11986 4393 1428 1082 797 561 18297 2017 16280 1001 2965 2580 2275 965 1310 1130 775 566 15279 605 14674 1728 1350 7593 7520 14600 7483 1171
is_linear=0
shrinkage=0.05


Tree=268
num_leaves=16
num_cat=0
split_feature=20 20 8 3 8 7 8 8 11 2 4 20 4 1 4
split_gain=1.30203 1.12671 0.939674 0.966874 1.01951 0.893483 1.37067 2.13324 0.871928 0.574898 0.495836 1.46733 0.42679 0.385126 0.288221
threshold=32.836670301168105 3.4967253736869552 0.45705963558168389 10.405171446727502 0.040659871405630106 0.10507518557917096 0.19117861151223806 0.4168644153368582 -102.94919609842499 5.7071946548245398 27.876614205772103 8.3400033428946667 -7.5904556653078741 397.88034750807157 9.8656994534723008
decision_type=8 10 2 2 2 2 2 2 2 2 2 10 2 2 2
left_child=1 -1 3 -3 -5 6 10 9 12 14 -6 -12 -7 -10 -8
right_child=-2 2 -4 4 5 8 7 -9 13 -11 11 -13 -14 -15 -16
leaf_value=-0.024362850070082941 -0.027452121280701305 -0.020275026895862039 -0.021600262998962848 -0.019617896612048633 0.063268881770201471 0.010309525023078166 0.00037875741190111193 0.04473261269247289 -0.0021880400735901813 0.014984244433857208 0.042805038891798118 -0.020706068084527365 -0.026728693813541173 0.036557386003736966 -0.028375881975650809
leaf_weight=1.4047969762141352 1.9305647736218805 0.88751809858513731 0.97872986201400636 0.79481885947461783 2.2264738271915121 0.49708935841045154 1.2246636024574435 1.8210522894587484 0.86731547091039907 0.87206155214516912 0.99845184687728838 0.84771305354661308 1.5316396254711437 0.67470705265441211 1.8142497420631114
leaf_count=625 3046 301 341 231 435 214 475 478 301 287 236 201 659 234 703
internal_value=-0.00012223 0.00849972 0.0126395 0.0160716 0.0195346 0.023064 0.0302324 0.011175 0.00107291 -0.0103773 0.049564 0.0166136 -0.0172459 0.022477 -0.0195632
internal_weight=19.3718 17.4413 16.0365 15.0578 14.1702 13.3754 9.80467 5.73203 3.57075 3.91097 4.07264 1.84616 2.02873 1.54202 3.03891
internal_count=30568 7763 5585 5111 4114 3709 2301 1506 1408 1285 795 437 873 535 1178
is_linear=0
shrinkage=0.05


Tree=269
num_leaves=22
num_cat=0
split_feature=19 7 5 1 20 2 8 13 11 3 2 2 15 2 20 9 21 1 10 15 11
split_gain=2.72255 2.66863 4.62553 3.29269 4.68602 3.34737 2.8278 1.9931 2.96048 4.53023 2.3201 1.92343 1.57215 1.32217 1.29801 2.28898 1.10898 1.05155 0.748544 0.709177 0.254091
threshold=4.5000000000000009 0.45466797377976592 -1.0971513576578997 16.416624594576856 2.6549014716484653 5.1543140419406539 0.26775563099577498 21.515127705528382 -99.16062215573713 37.414843441905155 5.5210691376120318 4.650863030259841 7.9409338805090669e-23 5.6333696603646741 170.79325658028702 0.059484823117283099 0.040355889517861107 33.682017220425159 3.5000000000000004 1.3140561777857264e-08 -109.70627765356998
decision_type=2 2 2 2 8 2 2 2 2 2 2 2 2 2 10 2 8 2 2 2 2
left_child=1 3 11 5 7 6 -1 -5 9 10 -9 -3 -10 -13 16 -16 -6 19 -7 -18 -4
right_child=-2 2 20 4 14 18 -8 8 12 -11 -12 13 -14 -15 15 -17 17 -19 -20 -21 -22
leaf_value=0.0016479163550037958 -0.034309433877975387 0.10442065068098585 0.0037016869645194609 0.014954223436206046 -0.0075307458157468019 -0.025504279731784613 0.11013530331107545 0.0065139706083185882 -0.0037971736426443514 -0.011948243474709158 0.037116299824927555 -0.019167763917547393 -0.034783240258871452 0.042527662397049797 0.061126019739696107 -0.022421086327666751 -0.015245674579022839 -0.038645448748066177 0.022305993641371303 0.037484564303502409 -0.025122926792423339
leaf_weight=0.92310591143905329 4.5030803447589278 0.97943568859773456 0.79022340032679639 24.748498784683761 5.9742094405082824 1.218258727167268 0.90148396092990879 16.750874834368013 8.4699287908151728 21.439965224824846 9.3656192634371092 0.77224500125157725 7.4578090616269037 0.96340297348797321 0.37566549269831839 1.1585409233666721 0.57274802925530999 11.498230877507011 0.37794978119200096 0.15569510965724476 1.3819888395082669
leaf_count=208 1140 206 201 489 6160 650 203 385 239 419 216 235 211 293 350 1079 787 17580 202 214 351
internal_value=0.000227385 0.00167483 0.0344823 -5.86415e-05 -0.0017743 0.0422437 0.0752639 0.00321792 -0.00151828 0.00478297 0.0184523 0.0689683 -0.0195034 0.018105 -0.0231726 0.0140841 -0.026883 -0.0350547 -0.00995242 0.0111911 -0.0167756
internal_weight=120.779 116.276 4.8873 111.389 107.968 3.4208 1.82459 88.2327 63.4842 47.5565 26.1165 2.71508 15.9277 1.73565 19.7351 1.53421 18.2009 12.2267 1.59621 0.728443 2.17221
internal_count=30568 24327 1124 23203 21940 1263 411 1743 1380 930 601 572 450 528 20197 1429 18768 18694 852 1001 552
is_linear=0
shrinkage=0.05


Tree=270
num_leaves=31
num_cat=0
split_feature=13 11 20 2 11 11 7 2 7 5 1 11 1 16 4 21 2 4 21 7 7 9 8 2 4 5 13 20 12 1
split_gain=5.0382 3.03198 2.91851 4.57732 4.91373 3.82608 4.98322 5.24623 2.99377 4.27239 2.89122 3.21013 2.69013 3.27209 2.87558 2.72609 4.28635 2.91168 3.59667 4.90886 8.86961 3.98175 2.4843 2.81261 4.98195 2.46038 3.47118 3.98742 5.0254 3.11429
threshold=-1.0000000180025095e-35 -65.358405262156637 39.820579571058055 4.0868055072080569 -107.11822228035598 -108.53595670629949 -0.13132915048906788 5.590808194147157 0.26175048191520039 -51.072405506457891 95.164729615847321 -113.40630324545249 12.422890885828702 1.0000000180025095e-35 -19.706913887881949 0.48887558116160207 5.2649958262481169 46.207303278157958 1.2566421264864351 0.18092889512567914 0.031767815577545384 0.29841728250175242 0.20974925987082041 5.3734138049320723 38.255986242352655 46.661604967020658 14.691056627412722 1.1122275723568953 -96.150117483025028 711.58209522836216
decision_type=2 2 8 2 2 2 2 2 2 2 2 2 2 2 2 8 2 2 10 2 2 2 2 2 2 2 2 10 2 2
left_child=-1 2 10 -4 5 8 -7 -8 -5 -10 11 -2 13 -6 -14 16 -16 -17 -19 20 21 -20 -13 24 -24 26 -12 28 29 -28
right_child=1 -3 3 4 12 6 7 -9 9 -11 25 22 14 -15 15 17 -18 18 19 -21 -22 -23 23 -25 -26 -27 27 -29 -30 -31
leaf_value=-0.03887107510916555 -0.0072364176018140233 0.030044697187639864 -0.036434251083137782 -0.0020272010711913902 0.015770892327124138 0.016777583799711268 -0.064363455584218007 0.015063429939196125 -0.023320568171279265 0.02380805674242609 -0.02756615396387592 0.028555291341397667 -0.036050688883303116 -0.029357292999483694 0.025511918743255004 0.03239501383701527 -0.021684042832874388 0.03544229619400098 0.034551743700897752 0.032340061543565703 -0.11099289118508737 -0.042671882024071739 0.016043831968378622 0.022159277851378962 -0.042668671784438256 0.0094046559965541635 0.017056781435489644 -0.0081203226320819416 -0.010326306893523549 0.00031536818371383891
leaf_weight=7.5641736425459376 24.266697107814252 7.1409836157690743 5.8310415488667777 101.4200874674134 7.8267592433840028 4.3312859409488746 6.7965627610683432 2.3880764788482338 5.0287346641998765 25.598054483300075 15.513517684768884 18.393081320333295 1.4849038354586799 6.4120709523558617 8.7772051487118041 39.046751309651881 8.4804217226337624 5.4118287956807771 3.0598194759804764 3.2182386997155845 1.5583217821549622 1.8390933773480354 7.038603405701001 10.540458667092024 5.6792155178263783 30.625370727851987 50.126685515511781 251.72711470164359 55.57167575112544 60.914038961753249
leaf_count=295 691 279 516 5049 353 488 735 258 254 1295 243 705 246 289 365 8053 352 906 412 416 207 248 248 418 201 468 367 4021 371 446
internal_value=3.719e-05 -0.000309536 -0.0006301 0.0039533 0.00511702 -0.000520618 -0.0248921 -0.0442605 0.00214232 0.0155771 -0.00269473 0.00703307 0.014436 -0.00514426 0.0182796 0.019892 0.00240236 0.0253229 0.00614378 -0.0120288 -0.0355133 0.00324202 0.0153214 0.00411014 -0.0113738 -0.00408743 -0.00505926 -0.00416088 0.00183403 0.00795766
internal_weight=783.611 776.047 768.906 238.509 232.678 145.563 13.5159 9.18464 132.047 30.6268 530.396 65.9181 87.1154 14.2388 72.8766 71.3917 17.2576 54.1341 15.0873 9.67547 6.45723 4.89891 41.6514 23.2583 12.7178 464.478 433.853 418.34 166.612 111.041
internal_count=30568 30303 30066 21088 20798 8097 1523 993 6574 1549 8978 1876 12701 642 12059 11881 717 11164 2525 1251 857 660 1596 922 449 7102 6782 6682 1111 813
is_linear=0
shrinkage=0.05


Tree=271
num_leaves=31
num_cat=0
split_feature=8 8 8 2 20 20 2 6 4 4 3 15 9 21 1 21 1 5 21 4 21 8 8 4 21 21 9 5 3 0
split_gain=1.44249 1.99134 3.08463 3.71037 3.81021 4.75043 4.1883 2.27223 2.19444 2.64595 3.7305 4.78585 2.94643 2.85961 4.20211 3.12026 2.90586 3.13121 3.22433 2.89547 2.83452 2.80502 2.58391 2.48753 4.03215 3.85474 3.3478 3.85033 2.90159 4.51644
threshold=0.49606246943398441 0.41131735072805148 0.44925587889589452 5.1435093269431009 36.790555934513058 2.2761312847482005 5.5878384213907255 -0.48053644464308659 -26.833651520271395 -13.054013480083048 50.815109620338909 1.5174051380057222e-09 0.46426092124955881 0.0079214145517441572 43.30351679837316 0.012056408467791503 1112.2814108390551 -31.506165138871165 0.023054952780793454 43.292777546423359 0.48887558116160207 0.40745972524598623 0.39596336150960038 6.0788256424554055 0.64355810220546061 1.9801720490191601 0.38669220148687172 -6.9683658083909501 30.959457572022355 383.39566994844057
decision_type=2 2 2 2 10 8 2 2 2 2 2 2 2 10 2 10 2 2 8 2 10 2 2 2 8 10 2 2 2 2
left_child=1 8 -3 -4 5 -5 -7 -6 -1 10 11 -10 13 14 19 -15 17 20 -19 -11 -17 22 23 24 -20 -26 27 -25 29 -28
right_child=-2 2 3 4 7 6 -8 -9 9 12 -12 -13 -14 15 -16 16 -18 18 21 -21 -22 -23 -24 26 25 -27 28 -29 -30 -31
leaf_value=-0.032053732313330467 0.040700654349736215 -0.027147419719929844 -0.027201251529280154 -0.02632488573475111 0.034461017342828235 0.07854537185601973 -0.010159955092268016 -0.033031752435031841 0.067622188240016062 -0.024023480248168114 -0.0066531264158748733 -0.0025485385506757545 -0.022286677345356609 0.057536912807389463 -0.030920521666638202 0.030335843232827082 -0.026622009735405874 -0.026553076815864041 -0.025247495325158711 0.050642174035806412 -0.031263082361819176 0.065079759249058788 -0.03060864368490028 -0.021127332661224199 0.078425425035967528 0.00018739897413600824 0.069963711279671784 0.010725737716450266 0.0064414246737476213 0.0038143377831876797
leaf_weight=2.6385931090917429 1.8037681074056306 10.991730206500508 4.9206257009937007 1.5220587424701086 0.84064074538765154 4.5360068906156812 1.475200648215832 3.3158121001033525 6.0821777704695696 1.3007617054972818 5.228346306073945 3.5917653132928535 8.1893412283679936 2.3011299609206608 9.6743557778827363 1.5682091251655936 4.8462791099445894 4.3005953971587587 1.3720713059592533 2.5535652504186146 7.0158452153555118 1.6521733480039984 2.4872886885714252 10.147401877708033 4.1746428291662596 2.2696721545653418 6.2046641791821502 64.405829523893772 8.503542371268848 4.2088677733554505
leaf_count=402 284 2097 848 202 210 675 219 829 729 253 467 431 1309 312 3508 253 666 586 216 497 1134 232 351 1471 683 371 834 9339 980 566
internal_value=-0.000196893 0.0044536 -0.00777687 0.00585508 0.0208167 0.0402292 0.0584321 -0.0153455 0.00653766 0.00735861 0.0267743 0.0437711 0.00522526 0.00699394 -0.0141354 0.00936617 0.00800995 0.00963979 0.0119467 0.0256859 -0.0180186 0.013752 0.0123214 0.0136646 0.0393072 0.0545969 0.0111269 0.00616798 0.0293793 0.0459046
internal_weight=194.123 192.319 27.6021 16.6103 11.6897 7.53327 6.01121 4.15645 164.717 162.079 14.9023 9.67394 147.176 138.987 13.5287 125.458 123.157 118.311 109.727 3.85433 8.58405 105.426 103.774 101.287 7.81639 6.44431 93.4703 74.5532 18.9171 10.4135
internal_count=30568 30332 5267 2862 2038 999 894 1039 25065 24862 1332 1160 23530 21913 4906 17007 16931 16346 14959 750 1387 14797 14647 14218 1228 1054 12990 10810 2180 1400
is_linear=0
shrinkage=0.05


Tree=272
num_leaves=31
num_cat=0
split_feature=1 1 21 8 17 15 20 6 20 20 20 9 9 5 9 9 4 21 21 20 21 20 7 5 1 7 20 20 2 9
split_gain=1.54495 6.63725 3.69373 2.3935 2.19915 1.94085 1.8062 2.3343 1.66856 3.58302 3.47958 2.7323 2.40661 5.05235 4.50801 6.04061 6.42613 5.0872 5.19154 4.47193 4.30207 4.22658 3.77252 3.50744 3.49999 4.01111 3.46312 3.04423 3.01387 2.9974
threshold=1035.3786562896451 969.28967126211012 0.20662457464586353 0.3546445345234846 3.4793247340525832 2.2285484969693384e-07 8.3400033428946667 0.15973064774222781 5.5459508458753612 9.4373691190691833 3.4967253736869552 0.18400126808321862 0.20801590084310376 16.072905857115703 0.33721183086528855 0.36853420016226718 18.890725808963055 3.2149716763849354 2.4514905897478103 63.141844594313959 4.0015448284076358 51.513182450223063 -0.18530618696269244 22.027462231233002 21.937043288818554 0.37966992493573332 60.651283096319958 50.188813199542508 5.3177878529752434 0.15864937003349414
decision_type=2 2 8 2 2 2 10 2 8 8 8 2 2 2 2 2 2 10 8 8 8 8 2 2 2 2 10 8 2 2
left_child=1 2 6 -2 5 8 -1 -8 10 -10 11 -4 13 19 -14 17 24 18 27 21 23 -11 -21 -15 -17 -26 28 -16 -25 -22
right_child=3 -3 4 -5 -6 -7 7 -9 9 12 -12 -13 14 20 15 16 -18 -19 -20 22 29 -23 -24 26 25 -27 -28 -29 -30 -31
leaf_value=-0.030213700595430767 -0.019852492662686912 0.038522251592410066 -0.032177827228943058 0.015508190522444194 -0.026371151754540075 0.042414921221224616 -0.024215459377806465 0.050158662964934736 -0.030445668484565386 0.0040266586351480615 0.048453375910328611 0.018610350738722251 -0.01682070283011719 0.088753870569496629 0.048202659033773076 -0.02833869208999297 -0.023756628545570438 -0.025712734600991907 0.10877174912249764 0.040532430171081116 -0.033751514070567423 0.069500091733532263 -0.03210570258280699 0.029843934389056876 -0.0038327633526510328 0.058267725684242169 0.048121654423474131 -0.026252434094014256 -0.02439955883115049 0.030030166410375522
leaf_weight=10.280841145693557 13.268375598941931 13.611425339826383 3.005154141894308 6.3186637019971386 4.2288033341174014 2.7378601238597184 1.3168514809804051 1.0258306934265418 6.2768947074655443 14.129520115064231 5.6911970055662104 6.8233002054621466 25.298719138401793 2.3450931445404484 2.1760470612789549 1.8375144624151349 13.8734268322587 1.4081201748340388 2.5104793698410495 1.2143846544204304 3.4668447363656014 2.0235358201898626 11.352738137007687 4.3081833035685166 3.9138460780086453 6.1137675515492447 9.1572073279530724 1.5723590998677521 3.9660420587752014 2.1778223284636624
leaf_count=1030 805 2383 281 384 829 537 257 200 1352 2254 460 639 6315 232 439 381 3575 284 539 451 741 323 4214 352 882 1379 792 318 324 466
internal_value=0.000238007 0.00630412 0.00323094 -0.00824614 0.00558782 0.00675504 -0.0216777 0.0136146 0.00572257 0.00362374 0.0206377 0.00154382 0.00576959 0.0132714 -0.00125556 0.0106785 -0.00142433 0.0467849 0.0643906 -0.00120395 0.029052 0.0158023 -0.0226164 0.0396081 0.0245048 0.0358799 0.0285398 0.0180194 0.00401627 -0.00832732
internal_weight=187.431 167.844 154.232 19.587 141.609 137.38 12.6235 2.34268 134.642 119.123 15.5197 9.82845 112.846 54.1414 58.7043 33.4056 25.7386 7.66701 6.25889 28.7202 25.4212 16.1531 12.5671 19.7765 11.8651 10.0276 17.4314 3.74841 8.27423 5.64467
internal_count=30568 29379 29022 1189 27757 26968 1265 457 26909 25655 1254 920 25056 10402 14654 8182 6633 1549 1344 7242 3160 2577 4665 1953 2459 2261 1507 757 676 1207
is_linear=0
shrinkage=0.05


Tree=273
num_leaves=31
num_cat=0
split_feature=13 21 16 20 0 0 3 3 9 2 0 15 20 9 1 13 2 9 8 8 8 6 4 9 12 8 2 8 6 20
split_gain=8.07648 12.58 6.17164 5.34195 3.8563 3.42947 3.22749 3.12085 3.05157 3.2457 4.84754 2.89382 3.00207 2.7623 3.3102 2.67561 4.21433 2.58665 2.55187 2.86018 2.08715 2.06927 3.82819 2.8496 3.37501 3.78557 3.47698 2.40867 1.58662 1.3618
threshold=-1.0000000180025095e-35 1.8277542308877452 18.321633832593225 57.064438286372109 513.63769841024657 153.75946914583952 13.510655457207852 35.402851010073611 0.38039831606126034 5.185707714163553 406.32030467243607 6.7734595086502865e-09 10.465543835848552 0.32099088346572741 836.57179215070153 21.952228814834879 5.4418506529498467 0.28134269934958583 0.17497288679246029 0.10849429738648377 0.46129648681995811 0.3701105030328789 1.9923497334683302 0.10434094259215244 -104.87816414920898 0.17966970372321714 5.3592906982184614 0.21957341852096726 -0.44640700649919646 0.5678624348821576
decision_type=2 8 2 10 2 2 2 2 2 2 2 2 8 2 2 2 2 2 2 2 2 2 2 2 2 2 2 2 2 10
left_child=-1 3 5 4 8 7 18 -3 13 -10 -11 12 17 20 -15 -12 -17 -6 19 -5 21 22 -2 27 26 -26 -25 -24 -8 -27
right_child=1 2 -4 6 11 -7 28 -9 9 10 15 -13 -14 14 -16 16 -18 -19 -20 -21 -22 -23 23 24 25 29 -28 -29 -30 -31
leaf_value=0.040089218237110508 -0.019754973924425729 -0.024613815335958283 0.048471668603090955 -0.0098010072476322832 0.014095331045639254 -0.03650435467313267 0.010702473187232983 0.02974044722809915 0.0012847130081931313 0.047664616601821627 0.030191052663742508 -0.035737241362408842 -0.032962765229305552 -0.026692157794210799 0.0050183835064008721 -0.032490078206203879 0.019616550595835353 -0.016272271074715294 -0.017297066923322682 0.067163843292540312 -0.017274871364232402 0.022785743895959481 -0.018632218211009809 0.010099530683209292 0.019178792784190817 0.0021123218719043151 0.048275111967403028 0.0053135198431845353 -0.035541027835147433 -0.018058483876799713
leaf_weight=9.366676662117241 16.014855690184049 5.3201784021803169 1.717147870454937 1.8503996044164561 16.886234075645923 41.769329008238856 1.6030904036015297 3.5403053518384695 33.02702844387386 11.823229053989051 7.5396310898941055 9.4202543196734023 6.7227717242203644 18.011225441936404 14.032706761499865 6.3388114053523159 7.2767079616896808 10.54863941320218 4.9663527209777385 1.5855888534570113 11.043597444193436 12.869361542514524 17.443273954326287 15.496260994346814 22.656809602514841 18.248565289541148 9.4762782361358404 23.625349176931195 18.759628750965931 14.170647716498932
leaf_count=728 303 482 559 246 376 14033 362 321 581 270 200 534 419 343 268 223 256 235 776 210 213 246 312 332 364 285 203 423 4230 221
internal_value=-0.000154541 -0.00464751 -0.0271823 -0.00101731 0.000967178 -0.0306373 -0.0212295 -0.00208235 0.00329292 0.0124866 0.0233371 -0.0126243 -0.00541487 0.000102009 -0.0130738 0.00820317 -0.0052053 0.00225743 0.00452237 0.0328498 0.00278817 0.0043699 0.00248919 0.00556814 0.0110151 0.00393054 0.0258869 -0.00505821 -0.0315699 -0.00698101
internal_weight=393.151 383.784 52.347 331.437 302.672 50.6298 28.7651 8.86048 259.094 66.0054 32.9784 43.5779 34.1576 193.089 32.0439 21.1552 13.6155 27.4349 8.40234 3.43599 161.045 150.001 137.132 121.117 80.0486 55.076 24.9725 41.0686 20.3627 32.4192
internal_count=30568 30303 17046 13257 7352 17010 5905 803 4880 1161 752 2472 2129 3719 611 560 479 611 1313 456 3108 2866 2593 2155 1420 885 535 735 4592 506
is_linear=0
shrinkage=0.05


Tree=274
num_leaves=14
num_cat=0
split_feature=20 21 13 12 2 5 0 7 17 21 4 15 8
split_gain=1.21855 1.06406 1.20224 0.899374 1.55998 1.64636 1.44336 0.948388 0.729406 0.686266 0.635482 0.366895 0.237999
threshold=32.836670301168105 0.40009327630850056 20.613208446904313 -90.969335063447076 4.9919497154351875 11.831597877111951 410.68892505903904 0.21762049689983812 2.7794237170615266 0.98836646799579109 38.961121405893358 6.2611785627929889e-09 0.10849429738648377
decision_type=8 8 2 2 2 2 2 2 2 10 2 2 2
left_child=1 8 -3 4 -4 6 12 9 -1 -8 -11 -9 -6
right_child=-2 2 3 -5 5 -7 7 11 -10 10 -12 -13 -14
leaf_value=-0.028640929193413635 -0.027129555716231653 -0.023179737687693425 0.059672221923877722 -0.019247259014879513 0.0052980282744627544 -0.025850275413021668 0.039774215931130202 -0.020587269669083804 0.018499669146638264 -0.019463573996988268 0.026154076238845761 0.014397322594418109 -0.023301826527398459
leaf_weight=2.0246519258107667 1.8655806263159309 1.197608265727468 1.2654363091569436 0.77382957066583491 0.6276442371890899 1.5021048417038398 6.1624072539998451 0.82175936173735031 0.35501892553293146 0.85337241971137778 0.29910414169717114 0.38067154212330934 1.1675980630971023
leaf_count=1138 2955 511 479 311 320 585 1379 431 200 898 315 200 596
internal_value=-0.000118131 0.0079827 0.0130014 0.017479 0.0208644 0.0123757 0.0197365 0.0278603 -0.0182152 0.0340092 -0.00097394 -0.00800346 -0.0149846
internal_weight=19.2968 17.4312 15.0515 13.8539 13.0801 11.8147 10.3126 8.51731 2.37967 7.31488 1.15248 1.20243 1.79524
internal_count=30568 7763 6425 5569 4953 4605 3184 2268 1338 1637 1213 631 916
is_linear=0
shrinkage=0.05


Tree=275
num_leaves=15
num_cat=0
split_feature=19 0 20 17 8 8 8 9 8 2 6 20 12 21
split_gain=2.59608 2.55994 5.87032 3.84911 2.44237 2.22781 2.98764 4.07147 3.52471 2.81512 2.47632 1.37959 1.01924 0.239964
threshold=4.5000000000000009 190.38347098298203 4.3762599157402358 1.0000000180025095e-35 0.32350282638463185 0.18737756200169733 0.24527732883301925 0.087278655090523585 0.33836643353502188 5.2951503221514011 0.010633573460739678 1.1122275723568953 -76.677804018039936 2.5827006227205405
decision_type=2 2 8 2 2 2 2 2 2 2 2 10 2 8
left_child=1 3 5 4 12 9 -7 -8 -9 -3 -11 -10 -1 -5
right_child=-2 2 -4 13 -6 6 7 8 11 10 -12 -13 -14 -15
leaf_value=0.087433231611456663 -0.034060176381828039 -0.027959472323521823 -0.037455097245780535 -0.026273489135028673 0.0028686534360737488 0.027825326566833449 0.026098167629819126 -0.027348199130028058 0.01795560969299298 0.017883259796601311 -0.013599450502761873 -0.0043473011180236434 0.017441236266271962 0.00079944061007051657
leaf_weight=2.0120258763636261 4.3330621235072613 10.165080972990834 8.8074272365629422 1.573033989261605 2.1274187376839109 14.232350825448519 12.666417748201637 11.670553842268417 10.358548542717473 11.744964943383824 11.272973499901125 17.050893122097477 1.3651095038367185 1.1160458742815527
leaf_count=373 1099 233 1863 281 387 280 253 255 209 220 212 343 253 200
internal_value=0.000227997 0.0016101 -0.000541606 0.0269384 0.0482082 0.00307822 0.008353 0.00257133 -0.00551497 -0.00734733 0.00254043 0.00441674 0.0695893 -0.0178665
internal_weight=120.496 116.163 107.969 8.19363 5.50455 99.1618 65.9788 51.7464 39.08 33.183 23.0179 27.4094 3.37714 2.68908
internal_count=30568 24327 22844 1483 1002 2059 1297 1033 854 762 432 552 626 481
is_linear=0
shrinkage=0.05


Tree=276
num_leaves=31
num_cat=0
split_feature=13 11 20 0 11 0 0 12 11 11 7 7 20 13 7 21 11 4 4 6 1 19 8 21 5 1 7 8 9 9
split_gain=4.62478 2.83419 2.55108 4.5462 3.54327 4.24841 3.93965 2.23379 1.94685 5.11686 4.40902 3.87452 3.66113 3.63037 5.73309 5.0863 4.71131 3.74948 3.25848 3.22279 3.07833 2.91359 2.51909 3.07527 5.25969 2.42286 3.92119 3.17172 12.6447 4.28655
threshold=-1.0000000180025095e-35 -65.358405262156637 28.912001791634253 119.09871861045953 -87.72192219428149 570.5921608102841 707.51615252282613 -124.70753826087959 -107.11822228035598 -108.53595670629949 -0.13132915048906788 0.26175048191520039 44.202175042445951 32.325745282437346 0.3326998056955946 0.20662457464586353 -90.990185496660786 -3.8817580667523246 -20.922552588091847 0.28323663041544173 36.793730881094852 3.5000000000000004 0.16434264550980074 1.3127417243049553 9.1616515113323 969.28967126211012 -0.36791964889889556 0.35055514704323959 0.14146604251959452 0.079891584381441852
decision_type=2 2 8 2 2 2 2 2 2 2 2 2 10 2 2 10 2 2 2 2 2 2 2 10 2 2 2 2 2 2
left_child=-1 2 -2 -4 5 8 7 -7 9 11 -11 25 -12 15 22 -10 19 -16 -13 20 -17 -21 23 -15 -25 26 -5 29 -29 -28
right_child=1 -3 3 4 -6 6 -8 -9 13 10 12 18 -14 14 17 16 -18 -19 -20 21 -22 -23 -24 24 -26 -27 27 28 -30 -31
leaf_value=-0.038431169965934042 -0.0027838176017427546 0.029421474001487025 -0.035069214165272228 0.022452134920143876 0.027370521600983869 -0.011882784189760069 -0.015217011809346481 0.031473503847434102 -0.029656608027850452 0.0083663499273175113 0.0023509409388985207 -0.016274075347711803 -0.067061626110785477 0.028841752599874006 -0.069704928779821304 -0.010909641488087372 -0.04998249263724306 0.00067501357660908049 0.023841330692172053 -0.045514495456844106 0.034390875770576299 0.017793235872995427 0.035778301678223996 0.020231082434954476 -0.066457508362681647 -0.034048588462120395 -0.021262782958086139 0.021798611142311214 -0.050205487164342699 0.0085387852826287469
leaf_weight=7.041163468733429 490.45021910511423 6.9312470444710934 6.5541741546476251 12.327223034342749 14.659481674083509 2.8304418139159706 6.2041620260570198 25.143799847224727 12.394107933505436 4.4255251574795702 2.4466820905217892 5.6400144386570927 6.5812297866214067 5.8716038448037571 1.5790455333190045 4.378642251715072 2.1817708895541745 7.0372553745983151 23.20504960231483 2.8491496627684691 14.903272272320462 2.6705651897937059 21.393036417546682 3.1870862033683816 2.1382890737149864 5.6332217240706086 16.113841494079679 9.4215307997073996 14.216057379031554 39.910717148100957
leaf_count=276 19242 272 550 525 1243 388 737 3449 888 377 201 244 539 1110 239 412 200 1063 1006 252 1403 237 4234 510 343 231 655 373 563 1621
internal_value=3.30258e-05 -0.000315037 -0.000621981 0.0032172 0.00427513 0.00284392 0.0189802 0.026828 0.000268382 -0.00329146 -0.0314745 -6.99901e-05 -0.0498914 0.00641407 0.016613 -0.00440565 0.00783803 -0.0181304 0.0157152 0.0146645 0.0240731 -0.0168536 0.0260649 0.00609458 -0.0195804 -0.00484617 -0.00271096 -0.00683486 -0.021786 -0.00025533
internal_weight=780.32 773.278 766.347 275.897 269.343 254.683 34.1784 27.9742 220.505 139.921 13.4534 126.468 9.02791 80.5838 41.2063 39.3775 26.9834 8.6163 28.8451 24.8016 19.2819 5.51971 32.59 11.197 5.32538 97.6226 91.9894 79.6621 23.6376 56.0246
internal_count=30568 30303 30066 23148 22846 21041 4062 3837 16979 6407 1146 5261 740 10572 7752 2820 2476 1302 1250 2304 1815 489 6450 2116 853 4011 3917 3212 936 2276
is_linear=0
shrinkage=0.05


Tree=277
num_leaves=31
num_cat=0
split_feature=8 8 8 0 20 20 6 6 4 4 3 15 20 2 4 9 21 1 21 1 5 21 21 4 8 8 4 21 21 9
split_gain=1.33341 1.83836 2.91264 3.46868 3.37423 3.84547 2.45613 2.19699 2.10299 2.32261 3.34276 4.61804 5.44989 4.48934 2.85984 2.74758 2.61066 3.96658 2.82177 2.71738 2.87766 3.01315 2.69656 2.64281 2.56106 2.43726 2.1854 3.62192 3.25903 3.03728
threshold=0.49606246943398441 0.41131735072805148 0.44925587889589452 342.63183649953908 36.790555934513058 26.076713247813153 -0.0079845111457635936 -0.48053644464308659 -26.833651520271395 -13.054013480083048 36.903074452216657 1.5174051380057222e-09 14.253157941447553 5.3350114935374329 -18.609764279543747 0.46426092124955881 0.0079214145517441572 43.30351679837316 0.012056408467791503 1112.2814108390551 -31.506165138871165 0.023054952780793454 0.48887558116160207 43.292777546423359 0.40745972524598623 0.39596336150960038 6.0788256424554055 0.64355810220546061 1.9801720490191601 0.38669220148687172
decision_type=2 2 2 2 10 8 2 2 2 2 2 2 8 2 2 2 10 2 8 2 2 8 8 2 2 2 2 8 10 2
left_child=1 8 -3 -4 5 -5 -7 -6 -1 10 11 12 -10 -12 -14 16 17 23 -18 20 22 -22 -20 -11 25 26 27 -23 -29 -28
right_child=-2 2 3 4 7 6 -8 -9 9 15 13 -13 14 -15 -16 -17 18 -19 19 -21 21 24 -24 -25 -26 -27 29 28 -30 -31
leaf_value=-0.031809282294687352 0.038788179929353926 -0.026700431441423752 -0.02685386078330549 0.008651402019015984 0.033604325936440589 0.0037406402476967667 0.10297543588579794 -0.032731768960026872 -0.0047636504745031706 -0.023693480005782058 -0.022250480478326021 -0.010318214453324488 0.022652521186564079 0.040532640630630043 0.14432670907248804 -0.021815727924582057 0.054051027484069453 -0.030465052011873595 0.028991342363607609 -0.026232522903506712 -0.026177931054149228 -0.024982864043579533 -0.030912711980726395 0.047604848703965454 0.061348681195339344 -0.030354325869296636 0.0058864073665051402 0.071532534732092576 0.0001701570023150677 0.027826390618851695
leaf_weight=2.5804155709920442 1.8618566975928841 10.690647864394125 4.7993650212010879 5.2571520094643356 0.86086068680743366 0.92209877463756362 1.6051659025833922 3.2032518413034214 1.3299973220273424 1.2615246327186489 5.560648290498647 1.8261492797173557 1.159243084490303 4.0528927012346685 1.3567206050502101 7.9973741209541913 2.4073895323090255 9.360995667811947 1.6117994416854342 4.7103586404118687 4.2040008633048274 1.340243965067202 6.7956170489778733 2.6614814050844871 1.7395993406535126 2.421479128242936 74.910160001891199 4.4642212907783687 2.2690243365941569 19.283315995446173
leaf_count=391 293 2060 825 675 220 219 381 819 208 241 304 260 245 221 287 1276 325 3457 266 644 568 204 1121 509 242 339 10331 699 355 2659
internal_value=-0.000192971 0.00428874 -0.00752814 0.0055989 0.0198112 0.03752 0.0780939 -0.0148194 0.00627657 0.00707112 0.0250294 0.0522758 0.0779929 0.00554287 0.110652 0.00505323 0.00673861 -0.0136466 0.00897555 0.00767241 0.00922138 0.0113963 -0.0175674 0.0245218 0.0131104 0.0117359 0.0130168 0.0366959 0.050616 0.0106231
internal_weight=194.505 192.643 27.3385 16.6479 11.8485 7.78442 2.52726 4.06411 165.305 162.724 15.2857 5.67211 3.84596 9.61354 2.51596 147.439 139.441 13.284 126.157 123.75 119.039 110.632 8.40742 3.92301 106.428 104.688 102.267 8.07349 6.73325 94.1935
internal_count=30568 30332 5267 2862 2038 999 600 1039 25065 24862 1332 807 601 525 532 23530 21913 4906 17007 16931 16346 14959 1387 750 14797 14647 14218 1228 1054 12990
is_linear=0
shrinkage=0.05


Tree=278
num_leaves=31
num_cat=0
split_feature=8 5 20 1 11 21 9 9 16 21 16 21 16 4 5 1 9 3 12 15 15 16 20 6 0 21 2 7 8 1
split_gain=1.4785 2.69852 2.38925 3.47486 2.8531 1.73701 3.01102 4.30796 2.66706 2.61007 2.43729 1.9907 2.10677 2.85409 3.51215 2.72503 1.93724 1.62245 1.69138 2.15376 3.05703 3.88339 5.27469 8.73141 4.05624 4.63954 4.11587 3.98918 3.63586 3.63378
threshold=0.48973282022883385 -8.5441532471931989 1.7821107921224553 823.36582245820512 -105.94883051843199 3.7252410563412002 0.27318126305387308 0.15864937003349414 1.0000000180025095e-35 3.5844891880829404 8.2757424458935755 3.3821160331532605 4.0031988095476132 66.411101032253057 5.3830588383833495 128.69928869803653 0.49216953995425433 4.0092675370896567 -68.883354412626218 1.232953220879676e-08 1.0369124711509843e-08 1.0000000180025095e-35 151.13317418255903 -0.15552661545446786 466.72807314589403 0.71394851473294818 5.4665696708596831 0.13897246733620253 0.14521230187673864 993.70085261680754
decision_type=2 2 8 2 2 10 2 2 2 10 2 10 2 2 2 2 2 2 2 2 2 2 8 2 2 8 2 2 2 2
left_child=2 -2 3 -1 -5 9 7 -7 -9 10 11 12 16 14 15 -14 17 -4 19 20 21 24 27 -24 -19 -26 -27 -23 -25 -29
right_child=1 -3 5 4 -6 6 -8 8 -10 -11 -12 -13 13 -15 -16 -17 -18 18 -20 -21 -22 22 23 28 25 26 -28 29 -30 -31
leaf_value=-0.037106590131506682 0.053160046610455251 -0.012380710725351522 -0.019933834301661787 0.034298946506182502 -0.013494140107570522 -0.019313094094303311 -0.032003454288914282 0.060543858590115865 -0.0044796484675330636 0.046906078717507016 -0.02629445554846881 -0.030626848964923639 0.075877104830882725 0.068456372267889559 -0.022239006437497062 -0.0063617040825597604 0.041652201904841646 -0.01142925209379257 0.046172879548970334 -0.014835051213964952 0.050709355324166594 0.021508560143358186 -0.027505342913120279 0.011992174274146526 0.039020294481238844 0.06344254406204243 -0.0079190292729247082 -0.03684817586558202 0.10972779259436223 0.027972826192996365
leaf_weight=7.4029331363563005 3.019268738280517 2.0608402694342658 4.9804718974337439 4.0395193023141482 7.2790246673393977 6.4658907914999899 7.0087684112950228 3.1603986773407096 2.3315333445207216 3.1284998668415938 4.5316426679783035 2.3605507665488403 1.4289358785899853 2.381820583017543 3.4160396116203628 1.4773332916083743 2.8835055774543434 37.846487248461926 1.6958965105004615 10.44476943509653 3.0630770953721367 18.981508658558603 1.7984286294959027 1.5568061955564187 9.9443487102107628 1.2375297583930684 19.85977340710815 6.0981259609397958 3.4083555375691503 2.2586847435450181
leaf_count=658 352 240 918 213 384 736 927 342 253 558 817 425 283 320 592 292 527 7612 303 1874 577 2718 522 398 2074 329 5285 1040 871 385
internal_value=0.000237623 0.0289089 0.00377606 -0.0127106 0.00496259 0.0057267 -0.00819044 0.00715962 0.0365011 0.00759353 0.00640257 0.00766569 0.00855709 0.0311042 0.0096052 0.0431462 0.00676769 0.00562219 0.00685727 0.00589685 0.00805816 0.00631421 0.0198503 0.0563411 -0.000574764 0.0126029 -0.00105147 0.0091528 0.0862308 -0.0182112
internal_weight=187.551 5.08011 182.471 18.7215 11.3185 163.749 18.9666 11.9578 5.49193 144.783 141.654 137.122 134.762 8.70413 6.32231 2.90627 126.058 123.174 118.194 116.498 106.053 102.99 34.1019 6.76359 68.8881 31.0417 21.0973 27.3383 4.96516 8.35681
internal_count=30568 592 29976 1663 597 28313 2509 1362 595 25804 25532 24659 24227 1168 1095 575 23059 22694 21097 20901 19969 19733 5878 1963 13855 6473 5614 3915 1269 1425
is_linear=0
shrinkage=0.05


Tree=279
num_leaves=31
num_cat=0
split_feature=21 16 20 9 13 13 12 4 5 16 6 3 12 11 17 12 5 5 13 13 20 21 4 2 6 4 5 7 7 3
split_gain=7.7307 11.7895 8.82358 4.39535 3.93554 5.56884 5.09194 3.84847 3.79366 4.19428 3.49677 3.39491 3.3374 3.27603 3.32584 2.99376 2.70926 4.11218 5.93394 3.87806 2.67512 2.62602 2.45316 2.3681 1.53341 1.44236 2.27327 1.33297 1.72518 1.12804
threshold=0.6973271657053467 18.321633832593225 6.749388424833306 0.43356405877753007 24.261735235895426 22.219143187484082 -96.150117483025028 64.440886968185069 -24.125307424997136 2.2033833419237245 0.096736725368558943 22.595058147153154 -102.48419731271724 -95.416634393162795 2.1316282072803012e-14 -105.68552046853978 -4.5518163066135982 29.410483501777104 21.08054879736429 31.418025032671519 0.47749307122403956 1.3229714603129652 68.993340917160964 5.4350516360389269 -0.038248842752062633 42.210485165575456 18.956858595288853 -0.13132915048906788 0.21343440929557869 59.729656975160502
decision_type=8 2 8 2 2 2 2 2 2 2 2 2 2 2 2 2 2 2 2 2 10 8 2 2 2 2 2 2 2 2
left_child=8 2 3 7 5 12 10 21 11 16 -7 -1 -4 14 -14 -12 19 18 -18 -10 -21 -2 -19 -22 -23 27 -27 -20 -29 -6
right_child=1 -3 4 -5 29 6 -8 -9 9 -11 15 -13 13 -15 -16 -17 17 22 25 20 23 24 -24 -25 -26 26 -28 28 -30 -31
leaf_value=-0.0015218476702731545 -0.0005595095153264082 0.038801999748428122 -0.036757454270729746 0.028809353911276009 -0.037451161902066162 -0.033556614685687623 0.067019477120270968 0.02000923726845831 0.024908590418825358 -0.020507276133587368 0.058307797161510522 -0.035006615803763019 -0.012443178930328898 -0.021758078194503209 0.051107124590214062 -0.022931743017831133 0.014287016447851075 0.025600550335315577 -0.0081611179705688621 0.016722012664781846 -0.035187873971228516 -0.041918183787549808 0.003914626192604148 0.0094991464083847114 -0.011960171275552836 0.016737222118797839 -0.017598162761888969 -0.046479667726779236 -0.012886379679298522 -0.002492144216802415
leaf_weight=22.248050857218914 19.255322796641849 9.8257967510726285 19.703704288927835 9.8841493567451817 41.705475703347474 3.900836491724478 2.5690629372838867 9.9401683907490206 38.928619181038812 13.840648446464909 1.8911489399615689 10.549656260991467 3.6020897799171561 12.554326857556591 3.0031109297415242 1.1663429464679209 25.06570579984691 22.242856354336254 11.25510192196816 9.3921286427648774 6.5081820340128607 8.0955541788134724 30.70927880180534 4.3242386471247301 10.230393374105917 7.0055401744321033 11.207842379575593 8.1669691933784705 8.3807846504496393 2.5958785258699208
leaf_count=517 556 1629 1764 241 18566 756 435 256 626 232 333 245 271 810 226 205 519 229 288 274 306 322 316 204 407 210 337 224 230 1156
internal_value=-0.000148378 -0.0117925 -0.0153394 9.50277e-05 -0.0247972 -0.0144758 0.0183939 -0.00634802 0.00248857 0.00512109 -0.00572444 -0.0130096 -0.0227932 -0.00732126 0.0193713 0.0293034 0.00715826 0.00290912 -0.0049308 0.0158715 -0.00187726 -0.0136574 0.0133296 -0.0180539 -0.0266785 -0.0154802 -0.00420775 -0.0224623 -0.0311699 -0.0355029
internal_weight=389.749 159.923 150.098 57.4056 92.692 48.3906 9.52739 47.5214 229.826 197.028 6.95833 32.7977 38.8632 19.1595 6.6052 3.05749 183.187 124.034 71.0819 59.1532 20.2245 37.5813 52.9521 10.8324 18.3259 46.0162 18.2134 27.8029 16.5478 44.3014
internal_count=30568 26508 26211 1397 24814 5092 1612 1223 4060 3298 1349 762 3480 1236 497 538 2969 2018 1473 951 590 1086 545 510 729 1258 547 711 454 19722
is_linear=0
shrinkage=0.05


Tree=280
num_leaves=11
num_cat=0
split_feature=20 20 6 12 2 21 8 7 1 8
split_gain=1.14228 1.01303 0.909072 1.80214 1.37356 2.02925 1.12231 1.0352 0.576418 0.14998
threshold=32.836670301168105 3.4967253736869552 -0.038248842752062633 -107.7347138599 4.9447920753785235 0.67312341711971502 0.17966970372321714 -0.20529980568541892 1220.1064885980552 0.27366944343415017
decision_type=8 10 2 2 2 8 2 2 2 2
left_child=1 -1 4 6 -3 -6 -4 -8 -5 -9
right_child=-2 2 3 8 5 -7 7 9 -10 -11
leaf_value=-0.023947878492685017 -0.026786380653568087 0.060388785498817377 -0.018457217367102634 -0.032356990152170279 0.023210346825885131 -0.027077235689014208 0.049779319242693527 0.0081687744023260823 0.0096327518467065054 -0.014911394174758515
leaf_weight=1.3486362425646863 1.7995303458046681 0.86286102758459371 0.72439846431371524 2.8267370359244461 6.6544585464362171 1.7956262069055799 1.6593433753441811 0.44560900201759046 0.54989260389993433 0.52543044918274973
leaf_count=602 2866 243 226 1602 1794 484 390 203 312 239
internal_value=-0.000113791 0.00755392 0.0114515 -0.0024933 0.0207953 0.0107898 0.0205786 0.0334518 -0.0248803 -0.00554907
internal_weight=19.1925 17.393 16.0444 6.73141 9.31295 8.45008 3.35478 2.63038 3.37663 0.971039
internal_count=30568 7763 5585 2961 2624 2278 1047 619 1914 442
is_linear=0
shrinkage=0.05


Tree=281
num_leaves=21
num_cat=0
split_feature=19 7 5 1 20 8 20 13 7 4 1 15 8 5 20 9 21 1 15 9
split_gain=2.47333 2.49413 4.21699 3.10602 4.21425 3.04037 4.17262 1.84628 2.41618 4.64603 1.72736 1.68766 2.65811 1.34939 1.25915 2.11823 1.05655 1.04416 0.668621 0.2543
threshold=4.5000000000000009 0.45466797377976592 -1.0971513576578997 16.416624594576856 2.6549014716484653 0.37207138917150312 99.900043527287707 21.135872010956557 0.074862852969624569 15.968205036365251 362.82043485967705 2.7212824602394441e-09 0.20416285401850856 -6.6292309008228996 170.79325658028702 0.059484823117283099 0.040355889517861107 33.682017220425159 1.3140561777857264e-08 0.46426092124955881
decision_type=2 2 2 2 8 2 8 2 2 2 2 2 2 2 10 2 8 2 2 2
left_child=1 3 10 5 7 6 -1 -5 11 -10 -3 12 -9 -14 16 -16 -6 18 -18 -4
right_child=-2 2 19 4 14 -7 -8 8 9 -11 -12 -13 13 -15 15 -17 17 -19 -20 -21
leaf_value=0.092312924545200861 -0.033811984863369025 0.097382867876671664 0.0038305310054591864 0.014321815995246774 -0.0075441976510094745 -0.022363204330530451 -0.018661552224635326 -0.0074550998322677822 0.0069842079901916354 -0.037318121296730213 0.016912766145087185 -0.011356989694120172 0.0074665368205450991 0.03377518796157282 0.057944274496415718 -0.022049299951701767 -0.014883742033025012 -0.038459905179712262 0.036360381892202205 -0.024976296343408193
leaf_weight=1.7985796171997233 4.1740894727408886 1.0788365789921976 0.78756044346664711 24.041184506917489 5.9613681644987153 0.89871209039120004 0.7990038110438028 11.80932398379082 11.676349106128331 10.47561800671974 1.7518962291069327 10.466230546589941 9.9826095292810386 10.106245416449381 0.41856406080478437 1.1177933778235454 0.5516013991582458 10.829911780019755 0.17110695136943832 1.3543004941893739
leaf_count=650 1061 218 203 473 6388 325 289 246 306 274 354 202 204 206 389 1040 764 17525 237 349
internal_value=0.000225939 0.00151319 0.0329892 -0.000177261 -0.00186159 0.0405471 0.0624788 0.0027951 -0.00165323 -0.0146732 0.0649968 0.00533619 0.0109922 0.0216758 -0.0225684 0.0139972 -0.0263588 -0.0346931 0.0113126 -0.0165362
internal_weight=120.251 116.077 4.97259 111.104 107.608 3.4963 2.59758 88.5576 64.5164 22.152 2.83073 42.3644 31.8982 20.0889 19.0503 1.53636 17.514 11.5526 0.722708 2.14186
internal_count=30568 24327 1124 23203 21940 1263 939 1743 1396 580 572 816 664 410 20197 1429 18768 18694 1001 552
is_linear=0
shrinkage=0.05


Tree=282
num_leaves=31
num_cat=0
split_feature=13 11 20 2 11 2 0 12 20 1 5 8 2 20 19 7 15 13 5 4 5 6 9 21 7 7 0 9 15 12
split_gain=4.30578 2.67368 2.24948 4.09673 3.35683 4.00137 3.73388 2.08213 1.76546 4.03522 4.99662 4.77416 2.61005 4.76401 5.74578 4.46984 3.95402 3.40034 7.05553 6.43948 4.1749 4.62978 3.06647 3.6568 2.90737 2.84518 2.71045 5.89078 2.59085 3.64011
threshold=-1.0000000180025095e-35 -65.358405262156637 28.912001791634253 4.0868055072080569 -87.72192219428149 5.6535275194985593 707.51615252282613 -124.70753826087959 32.836670301168105 4.0342158382659354 -53.27360170864609 0.45705963558168389 5.2649958262481169 42.737119308581207 3.5000000000000004 0.26175048191520039 7.7074941031069835e-08 24.688330510399044 21.270579280372402 30.475003268593657 33.940497714013055 0.025898500777972625 0.20642115574671396 1.7770433347605752 -0.20146864399274469 0.3326998056955946 417.69258645872156 0.16858521099203475 1.0000000180025095e-35 -92.502020300425428
decision_type=2 2 8 2 2 2 2 2 10 2 2 2 2 10 2 2 2 2 2 2 2 2 2 8 2 2 2 2 2 2
left_child=-1 2 -2 -4 5 8 7 -7 9 -5 -11 -12 13 14 -10 17 28 19 26 24 21 -20 23 -21 -14 -17 27 -19 -15 -30
right_child=1 -3 3 4 -6 6 -8 -9 12 10 11 -13 15 16 -16 25 -18 18 20 22 -22 -23 -24 -25 -26 -27 -28 -29 29 -31
leaf_value=-0.038120038351321911 -0.0026586005909154894 0.028881214303967513 -0.032894010307000017 -0.026933270289782013 0.026866990737345987 -0.010788567431087906 -0.014521279760655363 0.03104908657213026 -0.048076861643194552 -0.034188215233547863 0.027836404878313004 -0.027890218751062096 -0.079188178399225997 0.00045085908840449007 0.013283415294577567 0.038520722853452566 -0.024735547867150182 0.033242153942289396 -0.0066718815007383693 0.0021999923678285094 -0.0070524337592884614 -0.090531736898170706 0.016369326973396225 -0.047604918817375025 -0.022409476319739399 0.00021182151378581305 0.020345457738605625 -0.053540075566000905 0.027542745097165002 -0.017658316140402266
leaf_weight=6.6149730309844008 489.71015810535755 6.7518143922789031 6.7395674437284461 5.7487343241227782 14.180072774761356 2.8735670335590866 6.2720170263200998 24.223913070047274 7.5413550497032693 3.6785133467055848 30.289126128074713 3.5676743971416727 5.3867617552168676 21.945353363407776 6.2692418694496155 5.934860790497626 6.3828911678865552 2.654137335135605 2.9122588755562955 7.4379687742330169 9.7443684267345798 3.3761346777901053 7.182347571477294 6.1451215606648466 5.1784924353705737 16.133594928309321 20.271789365797304 3.3445079745724797 33.500676449853927 4.4199702029582131
leaf_count=260 19296 266 571 734 1215 407 763 3430 304 530 4701 554 266 1451 252 444 392 219 230 264 500 266 296 218 255 1208 2297 277 1823 240
internal_value=3.15661e-05 -0.000336168 -0.000632161 0.00299489 0.0040217 0.00263735 0.0184987 0.0263863 0.000147948 0.00907478 0.0151454 0.0213325 -0.00208932 0.00454209 -0.0212065 -0.00762642 0.0101453 -0.0135094 -0.00407371 -0.0257295 -0.029241 -0.0579389 -0.008621 -0.0220515 -0.0557024 0.0117375 0.0117948 -0.0158793 0.0142096 0.0219558
internal_weight=776.412 769.797 763.045 273.335 266.595 252.415 33.3695 27.0975 219.046 43.284 37.5353 33.8568 175.762 80.0595 13.8106 95.7023 66.2489 73.6339 42.3032 31.3307 16.0328 6.28839 20.7654 13.5831 10.5653 22.0685 26.2704 5.99865 59.866 37.9206
internal_count=30568 30303 30066 23148 22846 21041 4062 3837 16979 5528 5410 5255 11451 4621 556 6830 4065 5178 3800 1378 823 496 857 482 521 1652 2977 496 3959 2063
is_linear=0
shrinkage=0.05


Tree=283
num_leaves=31
num_cat=0
split_feature=4 9 7 4 1 16 8 21 20 21 2 4 2 6 6 5 11 1 9 6 8 6 9 21 1 21 21 21 11 21
split_gain=1.27051 1.78391 1.98068 2.36603 1.87001 1.8305 1.56727 1.97778 2.03991 2.81853 1.72462 4.66098 2.50773 2.48398 4.75995 2.39735 2.31012 2.89946 2.94871 4.17183 5.23383 3.21648 3.17695 3.33626 3.02646 3.15472 2.89309 5.40126 6.72328 5.04626
threshold=-26.833651520271395 0.47857495478301632 0.45875785207640712 -6.9835618953800447 1136.1833025708454 1.0000000180025095e-35 0.49606246943398441 0.0079214145517441572 0.47749307122403956 0.012056408467791503 5.807716267342955 30.154788120978804 5.7071946548245398 -0.3804964075429797 -0.36864478272121065 -31.506165138871165 -73.073572644552939 339.77185924460605 0.069872231399889642 -0.060454756581021611 0.25073433367272596 0.34789095023790134 0.17625547962054314 0.29295452816024753 4.0342158382659354 4.7836872354466111 1.6141447833163454 3.2521278693227456 -116.29632481152599 1.2798486249766954
decision_type=2 2 2 2 2 2 2 8 8 8 2 2 2 2 2 2 2 2 2 2 2 2 2 10 2 10 10 8 2 8
left_child=-1 2 4 -4 6 -5 7 -2 -9 -10 12 -12 13 -11 -15 -14 17 18 19 20 -16 -21 24 -24 -20 -26 29 -28 -29 -25
right_child=1 -3 3 5 -6 -7 -8 8 9 10 11 -13 15 14 16 -17 -18 -19 22 21 -22 -23 23 26 25 -27 27 28 -30 -31
leaf_value=-0.022279828453765246 -0.021642620026549944 -0.018544425718708717 0.072516570921467724 -0.025938054333993724 -0.020892209047894971 0.034475440174448056 0.044478026331053473 -0.024628104355772094 0.052475097075288191 -0.012147979530842118 -0.018543430290930234 0.061111964934649293 0.036215075361546403 0.059797979799678096 0.089143473882069182 -0.03112871188144541 0.042736414611190543 -0.0036344481372229394 0.045017626473647515 -0.017736183488813489 -0.010224281138221995 0.049772088979795764 -0.01574630715750263 0.011538310739956828 -0.029139240673898482 0.02647086562254727 -0.014869849149517573 -0.0047454386382767832 0.058226389474586894 0.070387526469356101
leaf_weight=3.303075179224833 5.454931833955925 6.6082913231221028 1.4532416008005391 1.5561724159051677 5.6203317935578525 1.4802044443495104 1.6632260983751619 4.1121075205155648 2.4441349427215755 14.499155841273021 2.4398320529144266 3.5993057718442287 0.72268030277337025 3.4902979625621802 3.7521899566054362 6.7509905530314427 3.459237096394649 48.204068776627537 1.1458756935317058 4.5641813333495511 1.5748503138311205 1.5911748381622599 7.4818541354616164 9.5381985852727649 11.998505092167761 2.3428073445684277 12.599452298134569 8.0163445902871899 7.6750433433335257 5.4320330638438472
leaf_count=519 868 1048 206 298 886 283 264 669 400 2353 260 384 206 553 484 1924 555 7799 215 893 203 311 1167 1372 2366 462 1607 631 604 781
internal_value=-0.000187718 0.00528645 0.00623455 0.035905 0.00530111 0.00475773 0.0062587 0.00563735 0.00664934 0.00758192 0.00657993 0.0308683 0.00544062 0.00692043 0.0090765 -0.0211114 0.00725997 0.0059563 0.0118759 0.0342548 0.0627941 0.00423191 0.00754425 0.0135454 -0.0117471 -0.0189214 0.0188526 0.00888019 0.0276987 0.0359624
internal_weight=194.574 191.271 184.662 4.48962 180.173 3.03638 174.552 172.889 167.434 163.322 160.878 6.03914 154.839 147.365 132.866 7.47367 129.376 125.917 77.7125 11.4824 5.32704 6.15536 66.2301 50.7429 15.4872 14.3413 43.2611 28.2908 15.6914 14.9702
internal_count=30568 30321 29023 635 28388 581 27713 27507 27240 26730 26685 644 26041 23911 21052 2130 20769 20371 12706 1891 687 1204 10815 7912 2903 2828 5761 3608 1235 2153
is_linear=0
shrinkage=0.05


Tree=284
num_leaves=31
num_cat=0
split_feature=1 1 21 2 2 17 4 9 8 9 1 9 3 8 7 3 12 0 13 7 21 3 8 9 1 9 21 12 8 20
split_gain=1.50154 5.62447 3.44477 2.26002 6.45934 2.03924 1.83503 2.12209 3.29873 3.009 2.58673 3.49972 4.71787 5.12605 4.23679 3.71791 5.04046 7.59044 4.71652 6.15421 3.47445 3.83065 3.23422 3.18849 5.62915 3.11525 3.10232 2.76953 2.65418 3.95842
threshold=1035.3786562896451 969.28967126211012 0.20662457464586353 5.0135550201832446 5.1996562066337475 3.4793247340525832 88.614436198824066 0.032499888001610973 0.4187558495299149 0.036109501568514453 310.37130766131804 0.20801590084310376 33.942601792127455 0.075579531678009917 -0.15774659303655267 35.600919036390856 -122.5516647299368 347.89738755899958 22.55852637266992 0.26175048191520039 0.65942640182703072 21.540958771180403 0.141324404617615 0.067529127744794706 2.0337582716943507 0.49216953995425433 3.1825038549657552 -119.74682283524866 0.25263348363819654 40.313369608532703
decision_type=2 2 8 2 2 2 2 2 2 2 2 2 2 2 2 2 2 2 2 2 10 2 2 2 2 2 8 2 2 8
left_child=1 2 -1 -2 -5 6 7 8 -4 -9 11 12 13 -11 -14 20 -17 -18 -19 26 21 22 -13 -15 -25 -22 -20 -21 29 -16
right_child=3 -3 5 4 -6 -7 -8 9 -10 10 -12 15 14 23 28 16 17 18 19 27 25 -23 -24 24 -26 -27 -28 -29 -30 -31
leaf_value=-0.021197687747415928 -0.030654446556226869 0.035135927644660711 -0.03203745399132471 0.054047608129056859 -0.017439848522531966 -0.025929025040105178 0.03881642336030193 0.058874523763681012 0.02771679544522089 -0.026402299859209045 -0.0037744040777420123 -0.020938762674408862 0.040537251790025319 -0.0071682877379573686 0.041740058416252099 -0.01097419043274187 -0.018365245316738759 -0.0051204662632224323 0.1172312431845112 0.04950853780279995 -0.035157536224517789 -0.028825844328916897 0.06791635927901056 -0.02367143889389918 0.075582049716367353 0.039901250557379163 0.017052405222442894 -0.027121365594894 -0.030264257012462284 -0.019802386411645504
leaf_weight=12.290845338749932 6.2994094864698171 14.159474991029128 7.2202745481336015 3.4727963162586102 9.7946903796400857 4.0414822317834478 3.2943913987837732 1.7725712182000268 2.3429159525258001 1.656819719879423 43.174358914227923 0.90603924071184083 5.525458869145953 1.6071713710844058 3.9937549222668185 11.412926597986374 4.7563456298084938 2.5164953768835412 3.8997956264356626 1.0611546861473484 12.142621054139452 2.0935205008427147 2.4723408099962398 1.1765448417572777 9.7336490223533456 0.71370415861019865 1.3727800477063272 1.7901267202978486 6.1208306527114473 4.5907008086505803
leaf_count=2321 383 2479 1293 208 585 793 647 358 419 437 8780 324 523 407 382 1209 812 360 595 201 4147 829 883 282 2329 244 209 339 686 440
internal_value=0.000225433 0.00606911 0.00318116 -0.00827899 0.00374882 0.00543438 0.00653801 0.00546322 -0.0161601 0.00723984 0.00602415 0.0113235 0.0230946 0.0442142 0.00691205 0.00204519 0.013711 0.0315625 0.0535411 0.0702821 -0.0148455 0.0164937 0.0447468 0.0548228 0.0637898 -0.0284118 0.0980252 0.00684777 -0.00749915 0.0101968
internal_weight=187.406 167.839 153.68 19.5669 13.2675 141.389 137.347 134.053 9.56319 124.49 122.717 79.5428 34.4049 14.1742 20.2307 45.1379 26.8096 15.3967 10.6404 8.12386 18.3282 5.4719 3.37838 12.5174 10.9102 12.8563 5.27258 2.85128 14.7053 8.58446
internal_count=30568 29379 29022 1189 793 27757 26968 26867 1712 25155 24955 15049 5652 3737 1915 9397 2839 2629 1522 1344 6558 2167 1207 3171 2611 4391 804 540 1649 822
is_linear=0
shrinkage=0.05


Tree=285
num_leaves=31
num_cat=0
split_feature=21 13 16 19 12 10 5 12 13 21 8 12 13 15 6 10 17 13 8 8 2 13 21 20 3 3 5 7 2 8
split_gain=7.15113 11.5819 6.9013 4.975 4.96997 4.23586 4.40498 3.86145 2.80592 3.67306 2.58017 2.32861 4.53334 4.07306 4.00694 2.7958 2.77532 2.97221 2.51925 2.93784 8.63583 4.12591 5.87431 10.1142 3.51677 4.63845 2.8449 3.0426 2.55098 1.76676
threshold=1.1545593517353503 23.995424848628939 18.321633832593225 4.5000000000000009 -111.67301637266642 2.5000000000000004 17.523537673622656 -85.097282886785294 16.46459604968376 1.5454880986831152 0.22961460057528929 -109.01197656326347 15.835316841800351 5.0809262565800015e-09 0.29851708691932904 3.5000000000000004 2.1316282072803012e-14 19.211419819553331 0.46551376295169083 0.3782017960127792 5.1904665601931086 24.927300896610209 0.0025057415598664155 0.049585497043070102 17.781436707265403 13.142635834553452 13.200183664965701 0.023483619225163292 5.2649958262481169 0.011253446977034011
decision_type=8 2 2 2 2 2 2 2 2 8 2 2 2 2 2 2 2 2 2 2 2 2 8 10 2 2 2 2 2 2
left_child=3 2 4 11 -2 6 -6 8 -7 10 -10 12 -1 14 15 -14 18 -18 19 21 -21 26 -23 -24 25 28 27 -13 -25 -3
right_child=1 29 -4 -5 5 7 -8 -9 9 -11 -12 16 13 -15 -16 -17 17 -19 -20 20 -22 22 23 24 -26 -27 -28 -29 -30 -31
leaf_value=0.014253540928540656 -0.039003881124302621 0.01367477333570421 0.038789628848171026 -0.035839068027032399 0.072372382875214775 0.020851029134850999 -0.012789302919250047 -0.033829972225161632 0.033134643858704842 -0.025741560149311872 -0.010853153229228776 0.0077040873494793509 -0.027813681008693567 -0.038734753163570251 0.030676119320124474 0.01197878394827297 0.0058030179088916743 -0.030722797920896567 -0.014541092126018168 -0.0052741190777707411 0.043129436314268514 -0.035061711955559675 0.04618359759409555 -0.022841899890315601 -0.021340598789924156 0.035822704515010503 -0.00049453263612397652 0.03339118346803089 0.010022830792450081 -0.034734932399619889
leaf_weight=16.301615936332382 9.0077806488843617 1.4647219940088678 8.6138272639363986 7.8503940105438232 2.7649016198702157 11.8871455155313 2.1104240705026314 8.5202979390742293 5.7713800229830694 12.497082712245174 5.8354663294740021 24.528916333860252 12.585595189477322 12.499867251375688 5.3092198655940592 5.8486659572226927 10.755262439488435 9.9887070996919647 12.399056774331255 16.908064127084799 18.751085561001673 11.373926310101522 10.012578654685056 11.308363099000424 21.746858499827795 7.6253316435031593 24.893802453530952 22.155187433818355 10.522529182606375 44.401459851360414
leaf_count=557 676 589 598 215 361 753 276 508 232 1016 234 230 621 562 256 289 217 201 224 296 328 308 306 273 762 204 220 208 254 17846
internal_value=-0.000142675 -0.0138631 -0.000519745 0.00104639 -0.00687377 -0.000355679 0.0396054 -0.00550667 0.00193169 -0.00785754 0.0119126 0.00226736 -0.00707049 -0.0167868 -0.00413379 -0.0152219 0.00459351 -0.0123891 0.00648082 0.00800268 0.0206607 0.00475102 -0.00363309 0.00267607 -0.00655339 0.00470592 0.0131865 0.0203392 -0.00725587 -0.0329302
internal_weight=386.24 112.874 67.0083 273.365 58.3945 49.3867 4.87533 44.5114 35.9911 24.1039 11.6068 265.515 52.545 36.2433 23.7435 18.4343 212.97 20.744 192.226 179.827 35.6591 144.167 72.5896 61.2157 51.2031 29.4562 71.5779 46.6841 21.8309 45.8662
internal_count=30568 23088 4653 7480 4384 3290 637 2653 2281 1960 466 5685 1794 1629 1144 910 3891 418 3473 3224 624 2600 1967 1873 1795 787 633 438 527 18435
is_linear=0
shrinkage=0.05


Tree=286
num_leaves=15
num_cat=0
split_feature=20 21 13 12 2 5 2 21 17 7 1 21 2 8
split_gain=1.078 0.971583 1.1096 0.854537 1.38882 1.52892 1.33717 1.15615 0.708561 0.488635 0.733308 0.678201 0.258335 0.0743763
threshold=32.836670301168105 0.40009327630850056 20.613208446904313 -90.969335063447076 4.9919497154351875 11.831597877111951 5.2173940126195131 1.4740561636050902 2.804875784524707 0.15781890850783678 625.02940252573705 0.50468699732245115 5.6259926398227282 0.19117861151223806
decision_type=8 10 2 2 2 2 2 10 2 2 2 8 2 2
left_child=1 8 -3 4 -4 6 -6 9 -1 11 -11 -8 13 -13
right_child=-2 2 3 -5 5 -7 7 -9 -10 10 -12 12 -14 -15
leaf_value=-0.028366444367765739 -0.026422289060891859 -0.022886958801490779 0.055501876801522847 -0.019265551672738204 -0.021895558409462272 -0.025575510130990804 0.0054059222398003736 -0.018089998907985849 0.018328519294615622 -0.020454055304929795 0.02516101558866618 0.060533082258125696 0.013017777643565449 0.020311288318826101
leaf_weight=1.9706757704152642 1.7327018875766942 1.1665310132557358 1.3472666967245519 0.77256493954336691 1.0138591535287567 1.4627539030880141 1.8628413409242066 0.76207777451782022 0.34582438079814892 0.81096509142662476 0.72406196463271044 1.9242817120320992 1.5049060275487134 1.6795890758221501
leaf_count=1138 2776 499 510 310 314 574 218 218 200 224 200 268 223 234
internal_value=-0.00010958 0.00729497 0.0120667 0.0163493 0.0196688 0.0115263 0.0186033 0.0247341 -0.0179709 0.0300699 0.0025 0.0350652 0.0432247 0.0502711
internal_weight=19.0809 17.3482 15.0317 13.8652 13.0926 11.7453 10.2826 9.26872 2.3165 8.50665 1.53503 6.97162 5.10878 3.60387
internal_count=30568 7763 6425 5569 4953 4605 3184 2657 1338 1241 424 817 758 502
is_linear=0
shrinkage=0.05


Tree=287
num_leaves=31
num_cat=0
split_feature=1 7 5 8 6 8 20 2 0 10 7 8 10 9 6 15 6 2 20 9 2 1 2 11 2 21 8 13 9 9
split_gain=2.39948 2.71201 3.81647 3.35261 3.12566 4.32784 3.58855 3.2908 2.90872 2.43935 1.97271 1.81618 1.79328 2.28117 2.83656 1.76664 4.04043 1.61202 1.4302 2.18394 1.76583 1.36344 1.28182 0.903651 0.53609 2.03833 0.515444 0.491669 0.410409 0.656466
threshold=1220.1064885980552 0.45466797377976592 -1.0971513576578997 0.44165800079303136 0.30770696481373788 0.3917256454511247 2.2761312847482005 5.5621976283515115 639.52588216891957 3.5000000000000004 0.13149638847518033 0.097101303961884447 2.5000000000000004 0.083555631754267626 0.3701105030328789 2.8103991643664421e-09 -0.11457562067395387 4.650863030259841 80.511992625664917 0.16219267325081857 4.4959952347279826 625.02940252573705 5.6333696603646741 -76.691129008735047 5.703423857102158 0.032608304341551854 0.42294233102459172 17.544437122550018 0.036109501568514453 0.034336411000273521
decision_type=2 2 2 2 2 2 8 2 2 2 2 2 2 2 2 2 2 2 10 2 2 2 2 2 2 10 2 2 2 2
left_child=1 3 17 4 6 9 10 -7 18 12 15 -10 13 -6 -15 16 -1 -3 24 20 -20 -12 -19 27 28 -26 -9 -5 29 -8
right_child=-2 2 -4 23 5 7 8 26 11 -11 21 -13 -14 14 -16 -17 -18 22 19 -21 -22 -23 -24 -25 25 -27 -28 -29 -30 -31
leaf_value=0.035032513405890524 0.028070875995382584 0.090322453216418672 -0.016549644124185647 -0.0019897190071410669 0.061920973832829199 -0.038553199274311979 -0.021898700564966445 -0.00016522614382777045 0.059101558180135828 0.0023137884742112464 0.0016993334129156831 -0.011612926627466741 0.080932033314013857 -0.031133247513055268 0.037549195237377347 -0.0040230471748967708 -0.0051984573617199006 -0.019810002501970164 0.062840172321169979 -0.027676535814604598 -0.016029366667125212 -0.028518164066735727 0.039712797624113866 0.01135069472850724 -0.033198630274022464 0.037018841953576742 0.035116215296205934 -0.039516981455640553 -0.039469941294471865 0.024603706663507398
leaf_weight=11.900249736732803 6.1824515392654575 1.1822534974926406 2.1512333576974925 1.0979570586641791 1.6519834904756905 4.1031406754482314 0.88298329141981735 1.6933930779778179 0.79942857018613867 4.2689765254035592 6.856834343110676 1.2936967378336701 2.2526489197480259 2.1685217322810795 1.8623329316906165 20.400483080651611 11.65306603087811 0.82182553995517182 0.82219767229981022 1.9643719996820435 0.62461683571746107 6.9245988811017014 1.0015083352627696 0.69674682036565905 1.6794014592305768 0.70672034323797561 1.6262346341100054 7.2909124070283724 13.057469055172986 0.28855015887529589
leaf_count=292 1576 278 590 429 510 817 744 214 361 844 214 585 567 775 665 405 285 294 1055 3157 802 217 358 259 564 238 206 2848 11924 243
internal_value=0.000224551 -0.00171964 0.0305921 -0.0035196 -0.000727367 0.0166535 -0.0051525 -0.0124619 -0.0218005 0.0339643 0.00148825 0.0257709 0.0488265 0.025894 0.00175555 0.00667478 0.0157271 0.0600415 -0.0277618 0.00145586 0.0361554 -0.0143859 0.0153702 -0.0309894 -0.0335025 -0.00761096 0.0212468 -0.0353404 -0.0370595 -0.00438942
internal_weight=119.907 113.724 5.15682 108.568 99.4819 19.6272 79.8547 7.42277 22.1194 12.2045 57.7352 2.09313 7.93549 5.68284 4.03085 43.9538 23.5533 3.00559 20.0263 3.41119 1.44681 13.7814 1.82333 9.08562 16.6151 2.38612 3.31963 8.38887 14.229 1.17153
internal_count=30568 30213 1415 28798 25418 3891 21527 1478 20224 2413 1303 946 1998 1756 1440 872 577 706 19278 5482 1857 431 652 3380 13796 802 420 3277 12994 987
is_linear=0
shrinkage=0.05


Tree=288
num_leaves=31
num_cat=0
split_feature=13 11 20 0 11 2 0 12 1 6 7 21 9 0 16 20 7 7 2 12 17 17 20 5 2 2 21 2 2 5
split_gain=4.00053 2.48346 2.01274 3.65565 3.18929 3.7766 3.40922 1.99269 1.75828 1.752 5.14026 3.20653 3.36145 2.36421 2.23993 4.98392 3.87703 3.07326 2.90802 2.66804 2.59205 2.89256 3.18858 4.57276 3.19894 3.76656 3.07286 2.80986 2.40433 3.22748
threshold=1.0000000180025095e-35 -65.358405262156637 28.912001791634253 119.09871861045953 -87.72192219428149 5.6535275194985593 707.51615252282613 -124.70753826087959 43.30351679837316 -0.29696399377356458 -0.1775583649023604 0.20662457464586353 0.27318126305387308 561.0907095644601 1.0000000180025095e-35 173.770506092624 0.34748155296172872 0.25418718631765819 5.3062875051606619 -97.333651933697368 3.9918500876861152 2.6132951652305354 86.965320993075665 21.270579280372402 5.4218688397664208 5.2649958262481169 1.7134591268419401 5.3177878529752434 5.1154944259603683 17.523537673622656
decision_type=2 2 8 2 2 2 2 2 2 2 2 10 2 2 2 10 2 2 2 2 2 2 10 2 2 2 8 2 2 2
left_child=-1 2 -2 -4 5 9 7 -7 -9 10 11 -5 -13 14 19 16 17 20 -18 -11 21 22 24 26 25 28 -24 -27 29 -16
right_child=1 -3 3 4 -6 6 -8 8 -10 13 -12 12 -14 -15 15 -17 18 -19 -20 -21 -22 -23 23 -25 -26 27 -28 -29 -30 -31
leaf_value=-0.037782037925300743 -0.0025474270594855954 0.028166250383192478 -0.030624810367149941 -0.046861257073745305 0.026401943901592947 -0.010378447601422888 -0.013066753838201365 0.0041463518229775216 0.037679607390004449 0.00071093200069115325 0.022412286853362821 -0.033610787108695819 0.021637476063391392 -0.036709852667289905 -0.033280977615466008 -0.053915711843937376 -0.043033670775186439 0.032249676940047656 0.0061890385210248977 0.02542976180715625 -0.036973361486905928 0.036543670967810797 -0.024520459828795978 -0.049452645473151174 0.032230691383842505 -0.055754885449646886 0.034687379682324347 -0.0017202517302395484 0.033383661151947089 0.025042246263065226
leaf_weight=6.2055729563580817 489.12329046346713 6.5599173208465809 6.9468838269822291 4.0286019992781812 13.758929209783673 2.8851803243160274 6.4157596861477941 5.2534872620599371 18.071768314577639 88.374901150353253 25.670455888495781 3.3004172004293642 6.6606603807304054 3.7947055934928358 4.0472945686196997 4.403264130698517 8.5801588515751046 6.2063088488066569 4.0379631826654077 11.465142547851428 3.9609063328243792 4.1236237706616521 3.332902057096363 6.5359809417277575 7.4459427632391453 3.6573877768823868 3.4748239612672469 5.1134209287120029 6.1158062897156924 3.5139519524527714
leaf_count=245 19342 259 593 319 1190 422 799 860 2960 7442 2232 250 505 288 259 281 473 419 222 965 267 290 308 427 563 231 321 322 397 224
internal_value=2.71145e-05 -0.000350878 -0.0006336 0.00281506 0.00380638 0.0024651 0.018061 0.0258806 0.0306079 5.74707e-05 0.00942732 -0.0143052 0.00193566 -0.00206904 -0.00111025 -0.00761421 -0.00399079 0.00166003 -0.027984 0.00377355 -0.00258481 0.000996236 -0.00314342 -0.0225673 0.00597667 -0.00373495 0.00627265 -0.0276526 0.012442 -0.00641722
internal_weight=773.065 766.86 760.3 271.177 264.23 250.471 32.6262 26.2104 23.3253 217.845 39.6601 13.9897 9.96108 178.184 174.39 74.5497 70.1465 57.5284 12.6181 99.84 51.322 47.3611 43.2375 13.3437 29.8938 22.4479 6.80773 8.77081 13.6771 7.56125
internal_count=30568 30303 30066 23148 22846 21041 4062 3837 3820 16979 3449 1108 755 13530 13161 4754 4575 3880 695 8407 3457 3329 3131 872 2259 1440 629 553 887 483
is_linear=0
shrinkage=0.05


Tree=289
num_leaves=31
num_cat=0
split_feature=4 9 7 4 1 16 7 8 21 20 21 9 3 2 20 0 15 4 12 11 5 12 0 9 2 13 21 21 4 6
split_gain=1.21458 1.67802 1.85105 2.11661 1.76758 1.72508 1.56058 1.40761 1.89517 1.99202 2.44329 2.01069 4.39106 5.76046 3.5034 2.40312 2.30432 2.60038 2.2841 7.28964 7.79154 3.37144 2.68229 3.95509 3.1436 2.58318 5.26168 2.96244 4.08498 3.39559
threshold=-26.833651520271395 0.47857495478301632 0.45875785207640712 -6.9835618953800447 1136.1833025708454 1.0000000180025095e-35 0.44280605462085815 0.49606246943398441 0.0079214145517441572 0.47749307122403956 0.012056408467791503 0.40444531485918672 39.82943265633326 5.3177878529752434 11.841071408867602 416.23638757660905 1.5881867761018134e-22 50.227449449861005 -97.701107887425096 -98.765353083634992 -5.6703501442308495 -100.8980556216904 265.75126871081557 0.052024679656351942 4.845004681411921 14.200582615044683 1.3958124905551401 2.3484679418340955 25.572903028652906 -0.20530587366539563
decision_type=2 2 2 2 2 2 2 2 8 8 8 2 2 2 10 2 2 2 2 2 2 2 2 2 2 2 8 10 2 2
left_child=-1 2 4 -4 6 -5 7 8 -2 -10 -11 18 13 14 -13 -14 17 -15 19 21 -21 25 23 -20 -25 26 -12 -27 -29 -30
right_child=1 -3 3 5 -6 -7 -8 -9 9 10 11 12 15 16 -16 -17 -18 -19 22 20 -22 -23 -24 24 -26 27 -28 28 29 -31
leaf_value=-0.021927440589174296 -0.020917895959512909 -0.018101101525328758 0.068478289044438312 -0.025600885237992352 -0.020490634294959779 0.033077752950973711 -0.023728814089090236 0.042838504820184579 -0.024129114724559277 0.049376000193452646 0.02527744597144831 0.014481166996145298 -0.028734717847082671 -0.010822863409860689 0.079232938460763055 0.02083657286893642 -0.031282907731979746 0.069709155685874574 0.057675596722101242 -0.020247550580135262 0.13500706021694897 -0.034105155107789296 -0.028618525007795617 -0.019123072869307076 0.048453420253691377 0.0040282705003464028 -0.038794290569126255 -0.0031195632794131477 -0.0024487162344103927 0.046664571997871371
leaf_weight=3.242658464878331 5.2566034408228006 6.4833041369274724 1.5302886016725104 1.5077898218296482 5.5017246806528419 1.5236716257059013 3.317575923865661 1.704385120567167 3.9775261122267693 2.5453683158266358 4.4150264752679504 3.7937422741961244 4.818421640113228 1.8891983791545519 5.7616331762983464 3.2965238539036363 2.8591966027452145 0.71065146403270774 1.8751595659996443 0.91386890312424074 1.2057219595299113 4.1769871730648447 9.3513250367250276 9.0880020838812907 1.0945223865564913 66.42379137215903 7.1283920806599772 9.8289904627017695 4.4001317701768174 14.846498175174927
leaf_count=510 838 1028 213 289 867 292 526 271 648 417 206 382 387 619 581 265 826 233 364 265 349 636 2405 1852 223 10331 333 1152 443 1493
internal_value=-0.000178117 0.00521437 0.00612564 0.0346196 0.00521714 0.00478133 0.00613887 0.00685142 0.00624099 0.0072306 0.00815279 0.00718158 0.020504 0.0357437 0.0573322 -0.00852072 -0.00507013 0.0244395 0.0047606 0.00759217 0.0830355 0.00542727 -0.00989959 0.00569777 -0.00817587 0.00727127 -0.0142272 0.00999038 0.0230241 0.03587
internal_weight=194.469 191.226 184.743 4.56175 180.181 3.03146 174.679 171.362 169.657 164.401 160.423 157.878 23.1294 15.0144 9.55538 8.11495 5.45905 2.59985 134.748 113.339 2.11959 111.22 21.409 12.0577 10.1825 107.043 11.5434 95.4994 29.0756 19.2466
internal_count=30568 30321 29023 635 28388 581 27713 27258 27061 26801 26299 26254 3193 2541 963 652 1578 852 23061 17554 614 16940 5507 2340 2075 15392 539 14853 3407 1936
is_linear=0
shrinkage=0.05


Tree=290
num_leaves=31
num_cat=0
split_feature=21 2 13 4 1 7 5 7 5 7 13 13 17 9 3 3 9 15 21 15 6 9 21 8 4 11 7 9 2 20
split_gain=1.41853 3.66257 4.02764 4.38391 3.01511 4.22122 5.20653 3.77507 3.20726 2.72266 6.98856 4.00027 4.9096 2.67793 3.78517 2.91148 2.66284 4.30533 6.40458 4.20225 4.49163 5.72286 4.64593 3.26672 2.96493 2.88163 2.61487 2.77762 2.60708 3.72567
threshold=1.2909926551894901 4.9837609274549228 22.760113409695844 76.706497346011602 908.39238988084162 -0.024653417563192722 -44.19617916428534 0.3633076943647176 7.4281821885541044 -0.094373202201015957 24.310915194100826 27.896810215868829 1.0000000180025095e-35 0.12583531712974419 32.019949598070461 33.141352086481305 0.22522183878676352 3.2111384901839979e-09 1.7770433347605752 2.4573177429038546e-09 0.096736725368558943 0.34726520529113453 3.3214416482241953 0.29087431418878934 37.891249421885107 -115.31997788320749 -0.2617249169709796 0.34325032336321165 5.2984383792940823 28.476444016397604
decision_type=8 2 2 2 2 2 2 2 2 2 2 2 2 2 2 2 2 2 8 2 2 2 10 2 2 2 2 2 2 10
left_child=1 -1 3 -3 5 16 7 -7 -6 10 -4 -11 13 14 -13 -15 17 18 24 20 21 -18 23 -23 -2 -20 27 -12 29 -19
right_child=4 2 9 -5 8 6 -8 -9 -10 11 26 12 -14 15 -16 -17 19 28 25 -21 -22 22 -24 -25 -26 -27 -28 -29 -30 -31
leaf_value=-0.02702892821528427 -0.0025535167201014529 -0.029536006164456244 0.065746831199037653 0.034062471720408626 0.0069001787845484226 -0.004157671589238964 -0.013960910693316245 0.055777373819742272 0.053742085763673945 -0.013818860259484861 0.031717705427924646 0.057663612002372314 0.067764883992461944 -0.022805038290151337 -0.0087196257841729626 0.022628126127678779 -0.0070136318896675395 0.049117738456618959 0.011326139952057904 -0.026492647289554683 -0.018977386286050047 0.10352156899260086 -0.020179112024050039 0.0025787472287194463 0.086233354981897645 -0.035872659572311678 -0.037595921667121515 -0.018211656291482952 0.066879586973232708 -0.02068555509704724
leaf_weight=10.390129433828404 1.2966265944414839 13.0369906250271 2.042686203436463 2.4738233995158225 8.4028427043231186 5.0106743715296025 38.528150767728221 4.2409620140679181 5.9740751210774761 6.6632650065293992 3.4996247665258187 5.2601581129129125 5.0746820316999219 6.0726959480671203 2.9113724800990894 6.0322758511756547 4.2978462266910382 3.0836168083187658 5.7400494818575707 7.4960242508095689 4.9572137224022299 3.3620849984290562 0.9018571577325929 1.0456837063247801 1.9563435781165024 5.4708698664617224 6.9624119309009957 6.3138765132171102 6.1872838810959365 2.7983282468339894
leaf_count=1166 206 1213 266 230 401 380 8964 321 285 747 463 528 555 690 292 686 1158 254 1404 1993 1467 970 252 302 311 1339 932 834 528 231
internal_value=0.000221233 -0.000816317 0.00362925 -0.017944 0.00800281 0.00466898 -0.00583259 0.0260775 0.0285937 0.0104311 -0.00453045 0.0190966 0.0279442 0.0152615 0.0356405 -0.000165271 0.014904 0.0252776 0.00603227 0.00187226 0.017235 0.0359473 0.0663221 0.0844794 0.058564 -0.0127581 -0.0163049 0.000880378 0.0461152 0.0177286
internal_weight=187.485 76.734 66.3439 15.5108 110.751 96.3736 47.7798 9.25164 14.3769 50.833 18.8186 32.0144 25.3512 20.2765 8.17153 12.105 48.5938 26.5331 14.4639 22.0607 14.5647 9.60747 5.30963 4.40777 3.25297 11.2109 16.7759 9.8135 12.0692 5.88195
internal_count=30568 8611 7483 1443 21957 21271 11116 701 686 6040 2450 3590 2774 2196 820 1376 10155 4289 3260 5866 4309 2588 1485 1272 517 2743 2245 1297 1029 485
is_linear=0
shrinkage=0.05


Tree=291
num_leaves=31
num_cat=0
split_feature=21 15 16 12 20 3 5 16 1 3 21 19 3 12 2 1 21 13 2 5 4 12 16 5 15 10 13 17 7 3
split_gain=6.69294 10.5453 7.40889 7.57502 5.8244 4.26751 3.4775 3.77262 3.31689 3.13275 2.70387 2.68661 4.42776 2.55138 3.7083 2.47629 3.61316 4.26764 4.71393 2.97985 3.10283 4.06564 2.65122 2.24571 2.12459 1.81 1.76478 1.56566 2.69509 1.36661
threshold=0.6973271657053467 1.5881867761018134e-22 18.321633832593225 -111.932706011078 6.749388424833306 53.849672080802307 -24.125307424997136 2.2033833419237245 12.422890885828702 22.595058147153154 1.3348445081265103 2.5000000000000004 24.386675083683006 -98.15163703317468 5.3246888738967169 170.584460539952 0.37795565751663057 22.652757823310726 5.3807572382231266 -4.5518163066135982 59.154712860925159 -97.333651933697368 1.0000000180025095e-35 21.270579280372402 2.4145204896910559e-09 2.5000000000000004 1.0000000180025095e-35 1.2655101774661259 0.13897246733620253 18.270789336808352
decision_type=8 2 2 2 8 2 2 2 2 2 10 2 2 2 2 2 8 2 2 2 2 2 2 2 2 2 2 2 2 2
left_child=6 -2 3 -3 13 8 9 15 -6 -1 -10 12 -12 14 -5 22 19 -18 -19 25 21 24 23 -8 -21 -17 -13 -28 -29 -20
right_child=1 2 -4 4 5 -7 7 -9 10 -11 11 26 -14 -15 -16 16 17 18 29 20 -22 -23 -24 -25 -26 -27 27 28 -30 -31
leaf_value=-0.0018826347377495284 -0.034395026824232254 -0.03858321543494575 0.037615889752961033 0.039054756127334611 0.020335107350025874 0.04178130445719648 -0.014979899295606279 -0.019840970143791003 -0.036552402021205264 -0.034439823705564344 -0.023094046326273331 0.025503858215313271 0.032702770065851094 -0.0037929246313769881 0.001850498431264771 0.0039530884239422524 0.045172342947752041 -0.02530163642107229 0.049553399748167318 -0.032936660737491553 0.01008943663446446 0.0079934187239160542 -0.036382707095323825 0.024242354529771509 -0.0057629942837215268 0.023374075509227946 -0.039377698847045506 -0.029697678704815423 0.040346919353854288 0.0061124938967693047
leaf_weight=22.250944699393585 36.556084686948452 15.737412440590559 8.875608192291109 12.800953699508685 4.56944590184139 2.3576551715959795 7.2470934431767118 13.643863975768907 16.712035509466659 10.156661652959881 5.8884119047434114 0.85522816720185879 6.3984279881697148 16.580396619101521 13.216295049991457 21.673616291256621 12.49579078005627 6.0968836587853739 3.3982060062699029 14.812649579136631 39.817516350070946 21.294296677922834 5.5384726284537464 5.559152560424991 14.135540485847741 27.279002478346229 9.6025286174262856 2.3498541937442514 1.3281316531356422 3.6244310070760548
leaf_count=523 6299 1692 904 210 813 409 304 229 3151 239 315 266 342 237 216 210 427 333 233 220 391 253 222 233 209 264 3172 494 279 249
internal_value=-0.000137417 -0.0113298 -0.00390987 -0.00762279 -0.00200862 -0.0134493 0.00212122 0.00463492 -0.0169808 -0.0128116 -0.021305 -0.0106799 0.00623683 0.0114368 0.0209237 0.00655796 0.00850644 0.0254097 0.00472042 0.00523251 -0.000197765 -0.00838824 -0.0104638 0.00256903 -0.0203031 0.0150268 -0.0248245 -0.0296245 -0.0011864 0.0306898
internal_weight=382.853 153.828 117.272 108.397 92.6594 50.0617 229.024 196.617 47.7041 32.4076 43.1346 26.4226 12.2868 42.5976 26.0172 182.973 164.628 25.6153 13.1195 139.013 90.06 50.2425 18.3447 12.8062 28.9482 48.9526 14.1357 13.2805 3.67799 7.02264
internal_count=30568 26508 11950 11653 9297 8688 4060 3298 8491 762 8133 5050 657 609 426 2969 2233 875 717 1358 884 597 736 537 429 474 4393 4387 773 482
is_linear=0
shrinkage=0.05


Tree=292
num_leaves=16
num_cat=0
split_feature=20 20 6 12 10 2 21 8 7 4 21 7 1 7 1
split_gain=1.01903 0.935121 0.829996 1.67853 1.31305 2.13566 1.89247 1.05759 0.921913 0.753093 1.01464 0.650695 0.538091 0.461156 0.152409
threshold=32.836670301168105 3.4967253736869552 -0.038248842752062633 -107.7347138599 1.5000000000000002 5.7675799121427298 0.50468699732245115 0.17966970372321714 -0.20529980568541892 27.876614205772103 0.58427687026696018 -0.1152177917049224 1220.1064885980552 0.37149885823109746 659.21031187503263
decision_type=8 10 2 2 2 2 8 2 2 2 10 2 2 2 2
left_child=1 -1 4 7 6 13 -3 -4 -9 11 -11 -8 -5 -6 -10
right_child=-2 2 3 12 5 -7 9 8 14 10 -12 -13 -14 -15 -16
leaf_value=-0.023561200159916661 -0.026075327103034958 -0.019689026142407477 -0.018347327727578518 -0.031983676948746008 -0.030992231613521593 0.037129356386715794 0.015207721845417932 0.047130572118235375 -0.014771355006778326 0.034920106770589397 -0.019633708666097701 0.074538654210273586 0.0088351910397829712 0.007988363365683971 0.0085079758564282071
leaf_weight=1.2986432952675446 1.6719213813812519 0.78042139643367481 0.71459648824384903 2.7272746758026125 2.3916531240756762 1.2844836104486601 1.3470891423858133 1.6911838822998131 0.52160653402825097 0.6577017560630346 0.83438643571571447 1.5331077640075816 0.56290182059456129 0.52787787419219967 0.42984208573761862
leaf_count=583 2693 209 223 1587 990 380 268 396 242 319 404 306 327 218 200
internal_value=-0.000105466 0.00703402 0.0107563 -0.00265917 0.0196236 -0.00155423 0.0343467 0.0195233 0.0319895 0.0458612 0.0087763 0.05786 -0.0245685 -0.0237043 -0.00528383
internal_weight=18.9747 17.3028 16.0041 6.64741 9.35672 4.20401 5.15271 3.35723 2.64263 4.37229 1.49209 2.8802 3.29018 2.91953 0.951449
internal_count=30568 7763 5585 2961 2624 1244 1380 1047 619 1297 723 574 1914 1208 442
is_linear=0
shrinkage=0.05


Tree=293
num_leaves=17
num_cat=0
split_feature=19 0 20 17 8 1 5 21 21 4 20 21 4 21 21 1
split_gain=2.30418 2.34737 5.15033 3.45787 2.13174 1.94413 3.20175 2.99661 3.07143 1.57083 1.23973 1.95266 0.853589 0.822596 1.77075 0.235147
threshold=4.5000000000000009 190.38347098298203 4.3762599157402358 1.0000000180025095e-35 0.32350282638463185 221.54394685754201 -3.1289752191986504 0.0079214145517441572 0.015471963994452402 57.165987473608205 0.72921310767638003 0.032608304341551854 19.223495322276957 1.7479236177818402 6.5262593631756358 300.0154973696321
decision_type=2 2 8 2 2 2 2 8 10 2 10 8 2 8 8 2
left_child=1 3 5 4 13 6 -3 -7 -9 10 12 -12 -10 -1 -15 -5
right_child=-2 2 -4 15 -6 7 -8 8 9 -11 11 -13 -14 14 -16 -17
leaf_value=0.085570138262131668 -0.033406766031316676 0.039191384687707415 -0.037025483714597171 0.0009502360094771822 0.0025501846390312589 -0.022144793971520197 -0.002721065412258087 0.023696447856029718 -0.023616179652607591 -0.017043492109490448 0.018524276116741196 -0.0051756123836123116 0.0031349995969938496 -0.019536387581257461 0.050567662343709935 -0.025994136711741112
leaf_weight=1.6507226112444207 3.9311775574460626 7.7609378807246729 7.9114640891639274 1.0893612765212324 2.141001252894057 12.549272923613898 9.2434865724062529 13.901086058001964 5.4856942706392138 12.080194216396192 17.368265620898455 15.841044684580991 5.135480570490472 0.8729788189957628 1.0619439400907129 1.5355553423432864
leaf_count=288 1005 212 1685 200 375 243 253 262 216 251 264 240 202 213 260 281
internal_value=0.000223817 0.00148679 -0.000602002 0.0255129 0.0449718 0.00263804 0.0175224 -0.000608338 0.00352108 -0.00182336 0.00265809 0.00739846 -0.0115249 0.064222 0.023059 -0.0176347
internal_weight=119.56 115.628 107.277 8.35156 5.72665 99.3655 17.0044 82.361 69.8118 55.9107 43.8305 33.2093 10.6212 3.58565 1.93492 2.62492
internal_count=30568 24327 22844 1483 1002 2059 465 1594 1317 1162 922 504 418 626 473 481
is_linear=0
shrinkage=0.05


Tree=294
num_leaves=31
num_cat=0
split_feature=13 2 0 3 21 20 16 0 4 4 13 21 7 10 3 7 20 17 21 7 6 5 2 0 11 11 6 20 11 7
split_gain=3.70624 2.4447 5.65157 2.77012 2.58245 2.98455 3.41413 3.27862 4.83066 3.05622 3.21684 2.94661 2.8659 4.34522 4.13641 3.65578 3.50295 3.44773 4.53639 3.41203 3.09092 3.29188 4.04697 2.90767 2.68654 4.15743 2.65775 2.55211 2.85527 2.53888
threshold=1.0000000180025095e-35 3.9879552895191459 129.69853148782951 29.876458690009954 1.8277542308877452 170.79325658028702 1.0000000180025095e-35 487.55065907596656 46.207303278157958 51.364081043269103 18.294149754992457 1.7675365628749302 -0.15369792080568254 2.5000000000000004 12.436153421566301 -0.20146864399274469 20.684154273085454 1.0000000180025095e-35 2.0079403716396604 0.04334760015190043 -0.20530587366539563 -44.19617916428534 5.2787704876946195 307.23551445127458 -111.98437588157448 -98.606082947474135 -0.14028290522179751 128.99653335555152 -107.29242379060399 -0.36791964889889556
decision_type=2 2 2 2 8 10 2 2 2 2 2 8 2 2 2 2 10 2 8 2 2 2 2 2 2 2 2 10 2 2
left_child=-1 3 -3 -2 11 7 -7 12 -9 -10 -11 27 15 14 -14 23 -17 18 -16 -19 -20 -22 26 -6 -21 -26 -23 -4 -29 -25
right_child=1 2 4 -5 5 6 -8 8 9 10 -12 -13 13 -15 17 16 -18 19 20 24 21 22 -24 29 25 -27 -28 28 -30 -31
leaf_value=-0.037377956258196739 0.035348939750546642 -0.040290467206615131 -0.0022285222922811586 -0.003353489278550132 0.019833971955402097 0.0054002341596689095 -0.044208572730224251 0.037561780802981407 -0.044864264878141602 -0.034630301593411815 0.0257284150751214 -0.027428786799126345 0.036343915032934423 0.02245481173069263 -0.051643676912685912 -0.058096026798156043 -0.0033909090447120163 0.0111552937058901 0.030984422351706793 -0.064738739596548037 -0.024303416852188866 -0.017703086469455141 -0.01881719612663835 0.01059503153467474 0.030150895512658305 -0.050292367423003359 0.031770928067601449 -0.002670200961474157 0.034103880901931831 -0.019200541709017426
leaf_weight=5.8214254626072934 9.0458817911567202 7.95130008785054 516.17638644902036 8.271178553812204 12.8359650936909 7.0202711299061766 5.5042737438343465 17.215413394500509 2.325780726969243 2.063498760922811 7.2500707608414814 10.227296398719771 6.1992137660272411 34.088266690960154 2.5392462727613747 4.8508431619266057 6.1193783066701144 3.9955007524695256 9.4243174040457145 4.5285056354478019 9.1062476742081255 2.6491497014649186 7.6894743193406612 10.759552126983179 2.3754706506151733 2.1118420294951603 13.665736401337222 10.405202635796744 9.4396586231887323 17.693219610024247
leaf_count=231 247 318 12160 226 1026 401 314 2923 242 201 704 245 544 2446 202 233 295 254 758 286 665 224 692 855 262 233 1155 848 769 1406
internal_value=2.61937e-05 -0.000357741 -0.000799672 0.0176895 -0.000320417 0.00465279 -0.0180585 0.00632885 0.0214762 -0.00340503 0.0102943 -0.00207385 0.00330476 0.0083027 0.000569256 -0.00608267 -0.0304131 -0.00379931 0.00287421 -0.025473 0.00724031 -0.00022823 0.00951159 0.000948125 -0.0411985 -0.00997363 0.0231791 -0.0015399 0.0156191 -0.00795603
internal_weight=769.35 763.528 746.211 17.3171 738.26 192.011 12.5245 179.487 28.8548 11.6394 9.31357 546.249 150.632 98.373 64.2847 52.259 10.9702 58.0855 45.0742 13.0113 42.5349 33.1106 24.0044 41.2887 9.01582 4.48731 16.3149 536.021 19.8449 28.4528
internal_count=30568 30303 29830 473 29591 16504 715 15789 4900 1211 905 13087 10889 7060 5641 3829 528 4420 3594 826 3422 2419 2160 3301 570 495 1379 12627 1617 2261
is_linear=0
shrinkage=0.05


Tree=295
num_leaves=31
num_cat=0
split_feature=4 9 7 4 1 16 9 3 21 9 21 21 15 16 7 13 7 21 2 2 0 6 6 9 8 13 21 13 8 1
split_gain=1.15507 1.56858 1.71216 1.91073 1.65284 1.60809 1.51465 2.79603 2.90673 2.62927 5.83048 2.80924 3.78602 2.99387 1.90335 2.44748 2.01354 3.03223 2.91374 2.30542 2.71423 2.41765 3.47141 2.83863 2.78588 5.28077 2.93963 3.25226 2.75618 5.34161
threshold=-26.833651520271395 0.47857495478301632 0.45875785207640712 -6.9835618953800447 1136.1833025708454 1.0000000180025095e-35 0.44066944816339776 34.554749309134259 2.6669173777570405 0.40444531485918672 2.2820267092999553 0.032608304341551854 7.9409338805090669e-23 1.0000000180025095e-35 -0.36043441324829478 17.910922759681416 -0.31583588435419679 4.4860186117075562 5.3873210751097478 5.8686132747640505 597.64660102885853 -0.3804964075429797 -0.36864478272121065 0.28541288862333886 0.051680802930726084 17.133999588342295 0.012056408467791503 13.107349162893671 0.059687140209656604 52.919442746225606
decision_type=2 2 2 2 2 2 2 2 10 2 8 10 2 2 2 2 2 8 2 2 2 2 2 2 2 2 8 2 2 2
left_child=-1 2 4 -4 6 -5 9 8 -8 14 11 -11 -13 -14 15 -2 17 18 -16 20 21 -18 -23 24 25 -24 -26 -28 -29 -30
right_child=1 -3 3 5 -6 -7 7 -9 -10 10 -12 12 13 -15 16 -17 19 -19 -20 -21 -22 22 23 -25 26 -27 27 28 29 -31
leaf_value=-0.021570481783884991 0.026228802215206348 -0.017648769072398419 0.06465899323713388 -0.025265910970099947 -0.020040600742600546 0.03134967796902044 -0.0099314296537495201 -0.03648832128815608 0.057151424980824907 -0.0053118975048332502 -0.019383895789334731 0.077802659801024521 -0.018537955187337678 0.046296456293383595 0.058516731404827743 -0.030698716441337388 -0.01565927604009015 -0.026429562936683457 -0.0034222389448429012 0.042607047022284142 -0.021301651265575428 0.055605546391484156 0.041792390967499399 -0.010540243171862763 0.05304901145979736 -0.032604664804820049 -0.023313632879602586 0.064071510176803848 -0.016111698086270703 0.019155664616365736
leaf_weight=3.1822704275255083 1.6811373152013391 6.3639830460597295 1.6061835801810964 1.4613190173113266 5.3738068616949022 1.5797778717824256 4.6273343607608712 4.7905760949361138 1.3110084290965458 2.4755528651003287 4.853746497479734 5.3755549407796943 2.6170271452283496 2.7356814059894532 5.1178328485111715 6.4524427753640339 11.244154448097104 1.4241080037900236 2.6000080769881606 2.867533924349118 9.3054355392523558 2.6906932213169048 2.3206713735416988 19.824076022952795 3.498436776251765 7.8554529719694983 5.4826388863148159 1.6975329564011179 12.826580234279389 49.304139108950039
leaf_count=500 275 1008 219 279 846 302 870 705 246 220 592 555 287 299 622 1055 1821 201 316 474 1561 423 353 3158 544 1194 885 291 2211 8497
internal_value=-0.0001743 0.00508431 0.00595701 0.0331489 0.00507741 0.00462442 0.00595831 -0.0115184 0.010981 0.00716269 0.0246622 0.0410784 0.0513232 0.0166695 0.00484831 -0.0173489 0.00627139 0.0277666 0.0396515 0.0045451 0.00335068 0.00547988 0.00785876 0.00608554 0.0101354 -0.013417 0.0135644 0.0108453 0.0140938 0.011735
internal_weight=194.547 191.364 185 4.64728 180.353 3.0411 174.979 10.7289 5.93834 164.25 18.0576 13.2038 10.7283 5.35271 146.193 8.13358 138.059 9.14195 7.71784 128.917 126.05 116.744 105.5 102.81 82.9855 10.1761 72.8093 69.3109 63.8283 62.1307
internal_count=30568 30321 29023 635 28388 581 27713 1579 1116 26134 2203 1175 1107 586 23931 1330 22601 1292 938 21309 21149 18909 16591 16378 12872 1547 11325 11187 10923 10708
is_linear=0
shrinkage=0.05


Tree=296
num_leaves=31
num_cat=0
split_feature=1 1 21 8 17 20 21 15 13 3 7 7 12 4 5 21 17 21 8 20 21 1 4 2 7 8 7 8 2 21
split_gain=1.41402 4.85499 3.21318 2.17207 1.8879 1.72941 2.25283 1.64064 1.41626 3.12108 3.64799 4.71549 5.32749 5.02864 4.52185 4.16499 3.09628 3.05944 2.62327 2.49823 3.12907 6.72332 4.21518 5.19629 5.19532 4.22286 4.16886 2.50212 2.48195 3.25845
threshold=1035.3786562896451 969.28967126211012 0.20662457464586353 0.3546445345234846 3.4793247340525832 8.3400033428946667 0.06836546854773641 2.2285484969693384e-07 36.139189276110578 25.842395919771004 -0.26622422070764168 -0.068062871335703531 -116.40442006888755 17.216500762918603 -30.519750649213545 1.6141447833163454 2.2811692785213382 0.65942640182703072 0.4168644153368582 190.89888803811405 1.8277542308877452 294.01257236362454 -5.9431718820561192 5.1733955674977024 -0.34499873924971508 0.14687905431566398 0.26175048191520039 0.11992570358722256 5.6535275194985593 0.58427687026696018
decision_type=2 2 8 2 2 10 10 2 2 2 2 2 2 2 2 8 2 8 2 10 8 2 2 2 2 2 2 2 2 8
left_child=1 2 5 -2 7 -1 -7 8 9 16 -11 12 -12 14 -13 -16 17 -4 -15 20 21 26 23 -22 25 -24 27 -10 29 -29
right_child=3 -3 4 -5 -6 6 -8 -9 19 10 11 13 -14 18 15 -17 -18 -19 -20 -21 22 -23 24 -25 -26 -27 -28 28 -30 -31
leaf_value=-0.029503025242434644 -0.019470350598053549 0.032347973736588674 0.017325541120562518 0.014148152195175276 -0.025428727902165844 0.04929672618312575 -0.023923274529848205 0.038626605724207362 0.0092909345053807744 -0.024669016312068078 -0.00085212729617751496 -0.0053527760385658485 0.064735414298123295 -0.027140808199478672 0.097100448851220697 0.0022992503930814754 0.036207684452743506 -0.035607044875305326 0.021808875682875584 0.050984736035759537 0.047151869906385736 -0.005024751854219911 0.071676436302727159 -0.011839738181806239 -0.023778973777299785 -0.014082608547472765 -0.010162420346040788 -0.0026494441733460028 0.004775364154439376 0.080071530470085861
leaf_weight=9.6904160249687266 12.984719078405762 14.634481229237281 2.7814971871557681 6.4505157406674698 3.8911712014232762 1.0329145830473874 1.291615407448262 2.835386722930707 3.5587529706244867 6.747174400574294 5.2264186618849644 4.8720686671731537 6.5055557217565347 12.119054319831774 2.10353974520695 1.9279543423908752 1.4439710379519963 12.348834515956694 2.6533257991541177 2.5419108054193202 6.9213810271176035 16.121973650122527 1.9690163825871421 6.4486229720059782 21.432596898055639 2.2526072685432155 3.2647227759007365 1.2968166689970531 1.9046598399872889 8.1287954770377819
leaf_count=1020 794 2560 779 395 764 203 254 556 574 685 372 433 463 1370 236 217 394 3456 300 607 870 2735 729 811 8405 835 567 205 312 1288
internal_value=0.00021114 0.00579548 0.00306771 -0.00816611 0.00522421 -0.0207459 0.013654 0.00626971 0.00530807 -0.000528762 0.00671353 0.013207 0.0377451 1.08821e-05 0.0279349 0.0612318 -0.0182827 -0.0254053 -0.0175235 0.00977598 0.00767997 0.0184751 -0.00202634 0.0198551 -0.0137472 0.031983 0.0385176 0.0491595 0.0599129 0.0695279
internal_weight=187.382 167.947 153.313 19.4352 141.298 12.0149 2.32453 137.407 134.571 58.7294 42.1551 35.4079 11.732 23.6759 8.90356 4.03149 16.5743 15.1303 14.7724 75.8419 73.2999 34.2757 39.0242 13.37 25.6542 4.22162 18.1537 14.889 11.3303 9.42561
internal_count=30568 29379 29022 1189 27757 1265 457 26968 26909 8804 4279 3297 835 2462 792 453 4525 4235 1670 18105 17556 5815 11741 1681 10060 1564 3154 2402 1857 1493
is_linear=0
shrinkage=0.05


Tree=297
num_leaves=31
num_cat=0
split_feature=21 13 16 19 12 13 8 11 20 3 12 4 20 8 15 17 20 8 8 2 13 21 20 3 3 3 2 17 15 12
split_gain=6.40867 10.3534 5.92721 4.59177 4.56714 4.09882 4.33233 3.35347 3.39963 3.4898 2.06214 4.09147 2.87651 4.06907 2.75661 2.45826 2.78911 2.35493 2.63227 7.73362 3.58386 5.5991 9.0255 3.2242 4.22034 2.68791 2.40728 1.86097 1.85123 1.77808
threshold=1.1545593517353503 23.995424848628939 18.321633832593225 4.5000000000000009 -111.67301637266642 22.712426227370731 0.20774846983182732 -85.145440926240582 27.597972824803254 55.209815354330054 -109.01197656326347 59.509045495918663 2.6549014716484653 0.40142916616745317 1.3140561777857264e-08 2.1316282072803012e-14 0.97664109531747711 0.46551376295169083 0.3782017960127792 5.1904665601931086 24.927300896610209 0.0025057415598664155 0.049585497043070102 17.781436707265403 13.142635834553452 20.123540601834904 5.2649958262481169 1.0000000180025095e-35 4.5939911214243146e-09 -102.93487612153869
decision_type=8 2 2 2 2 2 2 2 8 2 2 2 10 2 2 2 10 2 2 2 2 8 10 2 2 2 2 2 2 2
left_child=3 2 4 10 -2 7 -7 8 27 -10 11 12 -1 -14 -13 17 -17 18 20 -20 25 -22 -23 24 26 -12 -24 -6 -8 -25
right_child=1 -3 -4 -5 5 6 28 -9 9 -11 15 14 13 -15 -16 16 -18 -19 19 -21 21 22 23 29 -26 -27 -28 -29 -30 -31
leaf_value=-0.036381295564279263 -0.038608843452624837 -0.032285784184391382 0.037496643059365502 -0.035547316694861733 -0.0022954812112741525 0.072090941204552977 0.0270754992490943 -0.033138245188289034 -0.033049808369606366 0.036121345160383823 0.0043547887035026312 0.020197125782273541 -0.020483135084140583 0.03966228152030802 -0.010676816827327537 -0.02915796972664338 0.00638785561361875 -0.01442408024221682 -0.0053497105445006361 0.040339775763248403 -0.034572840555950272 0.043078199723356754 -0.022431491149593471 -0.0012054585526334195 0.033719570196494068 0.024213528204660953 0.0096077753190368948 0.024826047326664699 -0.030595712710497033 -0.031014332896226283
leaf_weight=13.117177550448108 8.3483881522552092 42.813626605318859 7.7737020794302225 7.3960915245115757 12.481374489609156 2.7158341626636693 1.6583492443896843 8.164816712378526 9.1086879823124018 1.3608957456890491 44.007278624281753 14.979267071234066 8.2104337622295116 3.050781051046215 12.341728832572697 10.232196240220222 10.269476597430183 12.306961240828967 16.811194576788694 19.070132677443326 11.107741575047838 10.292228678357786 11.129078354802921 7.7719593399669948 7.798054457991384 27.398046637186781 10.526513256598262 11.508981994586064 1.9363780407002193 13.476200160337617
leaf_count=727 639 9164 556 204 293 313 203 491 1404 210 390 242 783 291 200 209 209 223 292 332 303 316 271 369 208 243 256 270 236 639
internal_value=-0.000133331 -0.0134967 -0.000830302 0.000860727 -0.00658558 -0.000458624 0.034199 -0.00625597 0.000868328 -0.0216932 0.00201146 -0.00685603 -0.0213409 -0.00228324 0.00636588 0.00419394 -0.0118837 0.00596619 0.00743727 0.0193686 0.00434067 -0.00350685 0.00261706 -0.0062707 0.00444405 0.0122037 -0.00712094 0.0111884 -0.00388803 -0.0206554
internal_weight=379.164 107.871 65.0574 271.293 57.2837 48.9353 6.31056 42.6248 34.4599 10.4696 263.896 51.6994 24.3784 11.2612 27.321 212.197 20.5017 191.695 179.388 35.8813 143.507 72.1018 60.994 50.7018 29.4536 71.4053 21.6556 23.9904 3.59473 21.2482
internal_count=30568 23088 4653 7480 4384 3290 728 2562 2177 1614 5685 1794 1352 1074 442 3891 418 3473 3224 624 2600 1967 1873 1795 787 633 527 563 439 1008
is_linear=0
shrinkage=0.05


Tree=298
num_leaves=11
num_cat=0
split_feature=20 20 8 6 12 2 21 8 1 10
split_gain=0.972752 0.902085 0.796496 0.816593 1.71047 1.31675 1.9413 1.16957 0.508271 0.311054
threshold=32.836670301168105 3.4967253736869552 0.45705963558168389 -0.038248842752062633 -107.7347138599 4.9447920753785235 0.67312341711971502 0.17966970372321714 1220.1064885980552 3.5000000000000004
decision_type=8 10 2 2 2 2 8 2 2 2
left_child=1 -1 3 5 7 -3 -7 -5 -6 -9
right_child=-2 2 -4 4 8 6 -8 9 -10 -11
leaf_value=-0.023328490912649089 -0.025740809857242898 0.06190507639756402 -0.021088307000146658 -0.018175606250620008 -0.031162736092057497 0.024443919348481117 -0.026234984538400591 0.0073915040690189331 0.0086668729056885632 0.047384551608766028
leaf_weight=1.2695873214470399 1.6158272269640281 0.83357989530486776 0.93616942648077384 0.70413158492738492 2.4815910482575392 6.2966474182030669 1.6456093128508644 1.1762112637443363 0.56421271189174149 1.2576771790772909
leaf_count=574 2630 227 329 217 1432 1646 430 260 326 277
internal_value=-0.000102944 0.00692713 0.0105813 0.0137604 -0.000396474 0.022756 0.0121839 0.0222548 -0.0234661 0.0358382
internal_weight=18.7812 17.1654 15.8958 14.9597 6.18382 8.77584 7.94226 3.13802 3.0458 2.43389
internal_count=30568 7763 5585 5111 2723 2388 2076 965 1758 537
is_linear=0
shrinkage=0.05


Tree=299
num_leaves=31
num_cat=0
split_feature=1 7 5 8 6 8 21 2 7 1 8 8 10 12 11 8 1 1 6 3 9 2 21 6 7 11 10 9 9 20
split_gain=2.23677 2.51207 3.44295 3.16339 2.93913 3.93105 3.3071 3.13489 2.75632 2.54324 5.49111 3.2411 2.25452 1.83173 3.17937 1.97258 1.82557 2.70553 1.74853 1.89548 2.42676 2.53782 2.08279 2.36162 1.8408 1.73299 1.58025 2.05194 2.7166 1.54889
threshold=1220.1064885980552 0.45466797377976592 -1.0971513576578997 0.44165800079303136 0.30770696481373788 0.3917256454511247 1.7479236177818402 5.5621976283515115 0.17299441918115124 177.47732212922452 0.16597836303898331 0.2779662883314416 3.5000000000000004 -98.591927692761473 -100.18944006269949 0.38194505853523181 720.14976407245911 604.89992134286365 -0.24517042325637647 14.328964087685302 0.16858521099203475 5.3415985423022567 0.40009327630850056 -0.096320189309841084 -0.0085717287163017391 -113.25515765348499 2.5000000000000004 0.083555631754267626 0.38669220148687172 0.97664109531747711
decision_type=2 2 2 2 2 2 8 2 2 2 2 2 2 2 2 2 2 2 2 2 2 2 10 2 2 2 2 2 2 10
left_child=1 3 -3 4 6 12 8 -7 9 10 -1 -12 26 14 18 -15 17 -10 24 29 22 -22 -21 -24 -11 -23 27 -6 -29 -20
right_child=-2 2 -4 -5 5 7 -8 -9 16 13 11 -13 -14 15 -16 -17 -18 -19 19 20 21 25 23 -25 -26 -27 -28 28 -30 -31
leaf_value=-0.032601767577923366 0.026905530233029724 0.056376355126425408 -0.016226892478689095 -0.030532550830385415 0.058322173214367994 -0.038169438765792499 -0.036337668326469744 0.020564968466019504 -0.019980027309394285 -0.032883830118191675 0.069428773974917368 0.0022068691570039374 0.0019414468338863752 -0.029823205560632574 0.048850803432563837 0.019138333965349211 -0.040019555473861837 0.038042670084695612 0.058051784665818 -0.026033722480025084 -0.021537590798094901 0.0031619371665236929 0.047771486932913138 -0.024078969866994333 0.011507963862742041 0.04532388986295665 0.076164495562255408 -0.022484900095810393 0.048640718648906317 -0.0003298030862172157
leaf_weight=2.2536447787933858 6.2828009898075834 3.1246610678790612 2.1080258418951416 8.7974892762431391 1.7250040732033118 3.9491236089816093 6.6480622707022112 3.3300230002205353 6.2348043215461066 6.1041545720800068 4.2166518104204451 2.8352050153625896 4.2796083574212389 8.130059160524981 2.5075458840728988 1.9063203380064804 5.8377740396972513 1.7907682692602975 1.7956996646971715 9.4639991171570763 2.7995301131304595 4.513054407230813 1.5644757332193007 1.2337081321747945 2.8610220101691066 4.7442652600730044 2.3416134947474347 2.9984043615841083 1.0221567942644467 1.8948600658186476
leaf_count=480 1610 845 570 2351 527 802 1804 676 1571 558 673 452 835 876 205 205 1075 451 210 727 202 327 410 323 261 343 579 1074 366 221
internal_value=0.000223238 -0.00167545 0.0292169 -0.00343007 -0.000739915 0.0160946 -0.0050571 -0.0120614 -0.00174185 0.00307025 0.0256732 0.0460328 0.0323298 -0.00160138 0.00335371 -0.0196319 -0.0209931 -0.00425273 -0.00093695 0.00529476 -0.000305769 0.0150076 -0.015359 0.0180938 -0.018984 0.0270816 0.0464276 0.0248139 0.00168416 0.0343969
internal_weight=119.295 113.012 5.23269 107.779 98.9815 19.6459 79.3356 7.27915 72.6875 58.8242 9.3055 7.05186 12.3668 49.5187 39.4823 10.0364 13.8633 8.02557 36.9748 28.0096 24.319 12.0568 12.2622 2.79818 8.96518 9.25732 8.08718 5.74557 4.02056 3.69056
internal_count=30568 30213 1415 28798 25418 3891 21527 1478 8846 6294 1980 1125 2413 4314 3233 1081 2552 2022 3063 2244 1813 871 942 733 819 670 1998 1756 1440 431
is_linear=0
shrinkage=0.05


Tree=300
num_leaves=31
num_cat=0
split_feature=13 0 2 3 20 12 4 9 9 6 20 3 7 3 21 17 17 2 2 5 0 8 9 2 21 6 3 21 6 12
split_gain=3.48119 2.21558 5.08957 2.62641 2.19513 3.06483 5.7992 4.88776 4.43336 5.06618 4.32445 2.91312 2.45253 2.39765 2.52077 2.35326 2.10316 2.11872 5.0588 2.53417 3.9334 3.89818 2.26271 2.93758 2.16359 1.95196 2.1961 2.72294 1.93149 1.82057
threshold=-1.0000000180025095e-35 107.8889923222555 4.1720655249150651 29.876458690009954 70.273120258160176 -106.31573070419073 46.207303278157958 0.36035643349476848 0.29841728250175242 0.16342394897881721 105.03124047394103 12.784571299494202 0.097108849827797897 20.123540601834904 0.64355810220546061 2.1407360847344821 0.18646210492474527 5.3415985423022567 5.2787704876946195 -1.0000000180025095e-35 707.51615252282613 0.4187558495299149 0.26063029764339879 5.5426919390150369 5.5518914168938407 -0.44640700649919646 39.533967329702556 0.48887558116160207 -0.13555164215357149 -110.01190103261904
decision_type=2 2 2 2 8 2 2 2 2 2 10 2 2 2 8 2 2 2 2 2 2 2 2 2 8 2 2 10 2 2
left_child=-1 3 -3 -2 -4 11 25 8 9 -8 -11 12 29 -13 -15 16 17 18 24 -19 21 22 23 -21 -16 -7 -27 -28 -26 -6
right_child=1 2 4 -5 5 6 7 -9 -10 10 -12 13 -14 14 15 -17 -18 19 -20 20 -22 -23 -24 -25 28 26 27 -29 -30 -31
leaf_value=-0.037090614798381674 0.034640075671764511 -0.03783644907734169 -0.0017090794391595807 -0.0033565071892702582 -0.0074590480702953739 -0.012813037918730983 0.018375768649904096 0.033995815683436452 -0.075375847802002849 0.0078533412456847189 -0.091987960644910646 0.034963193470032579 0.0096332164859785144 -0.025716767060387075 0.017266516772901239 0.036051034420565703 -0.025635204923103883 0.028270490163045961 -0.037575601145641152 -0.019414359202303427 -0.042093685825899479 -0.033534187564866647 0.039970456783526176 0.033784715942846287 -0.030564786808180797 0.035340776334103215 -0.035661644430562932 0.02954774758972736 0.0051659420162248164 -0.070411732768609125
leaf_weight=5.5068249367177478 8.7068441065494007 8.1521127833984774 584.49035505938809 8.2535013025626522 2.1307679938618111 2.3492833463242233 6.3994588898494831 3.8502545939991251 2.2831587633118033 1.6484417921165018 1.5233052184339611 4.361905815661884 2.3971232498297468 7.3209766920190305 15.737982175080109 4.1004005579743534 5.8006182783283293 13.491692926734684 8.0386865230975673 5.2750044149579542 3.3003751430660486 3.1452601179480553 7.084178788238205 3.4323218840872869 5.1421797180082676 26.473384834709584 2.0879314478952447 2.3283343892544508 9.236400155583393 2.4063982005463904
leaf_count=220 243 327 23505 230 202 499 824 493 284 218 201 275 249 435 570 247 352 1194 296 451 266 286 644 294 206 5722 380 424 371 229
internal_value=2.29787e-05 -0.000361787 -0.000779676 0.0169922 -0.000318342 0.00502858 0.0151834 -0.00945405 -0.0251132 -0.00712727 -0.0506537 7.51419e-05 -0.0290483 0.00246971 0.000551301 0.0031228 0.00100257 0.0034083 -0.00473707 0.011999 0.00133499 0.0106356 0.0209063 0.00287613 0.00495405 0.0267602 0.0300773 -0.00217418 -0.00876893 -0.0475339
internal_weight=766.455 760.949 743.988 16.9603 735.836 151.346 48.9436 15.7046 11.8544 9.57121 3.17175 102.402 6.93429 95.468 91.1061 83.7851 79.6847 73.8841 38.1552 35.7288 22.2371 18.9368 15.7915 8.70733 30.1166 33.2389 30.8897 4.41627 14.3786 4.53717
internal_count=30568 30303 29830 473 29591 15820 9072 2011 1477 1233 419 6748 721 6027 5418 5046 4837 4566 1404 3162 1795 1720 1436 745 1090 7061 6677 804 577 431
is_linear=0
shrinkage=0.05


Tree=301
num_leaves=31
num_cat=0
split_feature=4 9 7 4 1 16 7 6 11 8 21 20 21 9 3 2 20 2 15 2 12 11 5 12 0 9 2 3 3 5
split_gain=1.11383 1.45036 1.5995 1.70346 1.54948 1.52306 1.43062 1.34424 1.29134 1.27841 1.80796 1.8886 2.07444 1.70841 3.7271 4.88144 2.81865 2.22403 2.09997 2.44171 2.05936 6.51944 6.6804 3.17599 2.58526 3.5278 2.92021 2.42882 3.34031 4.51252
threshold=-26.833651520271395 0.47857495478301632 0.45875785207640712 -6.9835618953800447 1136.1833025708454 1.0000000180025095e-35 0.44280605462085815 -0.2127371754873035 -105.32129049622348 0.49606246943398441 0.0079214145517441572 0.47749307122403956 0.012056408467791503 0.40444531485918672 39.82943265633326 5.3177878529752434 11.841071408867602 5.3381061569776156 7.9409338805090669e-23 5.5426919390150369 -97.701107887425096 -98.765353083634992 -5.6703501442308495 -100.8980556216904 265.75126871081557 0.052024679656351942 4.845004681411921 8.3820743771200572 28.387467548204601 -22.086039339419976
decision_type=2 2 2 2 2 2 2 2 2 2 8 8 8 2 2 2 10 2 2 2 2 2 2 2 2 2 2 2 2 2
left_child=-1 2 4 -4 6 -5 9 -3 -6 10 -2 -12 -13 20 15 16 -15 -16 19 -17 21 23 -23 27 25 -22 -27 -14 29 -29
right_child=1 7 3 5 8 -7 -8 -9 -10 -11 11 12 13 14 17 18 -18 -19 -20 -21 24 22 -24 -25 -26 26 -28 28 -30 -31
leaf_value=-0.021352600980055307 -0.020755876820920088 0.0086809786673532115 0.061003197491820288 -0.024953125133142046 0.013121232446023418 0.030195241292440625 -0.023239392345414174 -0.033565970852802905 -0.033244812676619509 0.040341306931577718 -0.023905345791182676 0.04485322856877088 -0.022011374090183101 0.013159913141013177 -0.028236817995273507 -0.022813041742578831 0.070223590837625499 0.019568594769213535 -0.030972325612624654 0.051616204411067734 0.053590174328815438 -0.020063874598800168 0.12165728495537463 -0.033850239889397081 -0.028239643324842717 -0.018654141543999827 0.04590068930708284 0.060004101484081022 0.0033811965783768164 0.011464265257895291
leaf_weight=3.1432980947429305 5.2190672206343152 2.6097494042187472 1.6833894805749885 1.4196837373019675 1.5557339073857299 1.618599008885212 3.1999856895417906 3.6242256843252108 3.7058136948617175 1.7642296192934734 3.9190014321939088 2.7031421271967702 5.9050334597122847 3.8686781287833609 4.6349183579441169 1.1655607078573689 6.2514079246902838 3.3639825861610007 2.7556376788124908 1.5532027655281124 1.9878130306024164 0.89788285631220932 1.3815786016057257 4.0277884523675311 9.0729670656437502 8.8788623211730719 1.1491115550161339 5.626293164270467 76.186882787791546 19.794800638861489
leaf_count=494 829 543 226 271 200 310 506 755 475 279 636 441 845 368 378 365 595 274 794 487 387 242 372 612 2369 1837 238 1381 10296 4858
internal_value=-0.000167755 0.0049399 0.00577019 0.0318763 0.00491575 0.00462834 0.00575958 -0.0171248 -0.0196293 0.00642988 0.00584528 0.00680594 0.00769532 0.00678438 0.0189335 0.032502 0.0515546 -0.00819157 -0.00524175 0.0221535 0.00453603 0.00719788 0.0767374 0.00510752 -0.00950599 0.00572239 -0.00776534 0.00686551 0.00874187 0.0240717
internal_weight=194.668 191.525 185.291 4.72167 180.569 3.03828 175.308 6.23398 5.26155 172.108 170.344 165.125 161.206 158.502 23.5934 15.5945 10.1201 7.9989 5.4744 2.71876 134.909 113.82 2.27946 111.541 21.0888 12.0158 10.028 107.513 101.608 25.4211
internal_count=30568 30321 29023 635 28388 581 27713 1298 675 27258 27061 26801 26299 26254 3193 2541 963 652 1578 852 23061 17554 614 16940 5507 2340 2075 15392 13731 6239
is_linear=0
shrinkage=0.05


Tree=302
num_leaves=31
num_cat=0
split_feature=21 2 13 20 15 1 7 5 17 7 7 13 13 17 7 9 6 3 8 6 9 15 6 9 21 15 21 8 11 8
split_gain=1.32161 3.43803 3.63102 4.12058 3.28881 2.52755 3.56048 4.47599 3.18556 3.06398 2.4939 6.42132 3.56981 4.21034 2.51961 2.55448 2.38529 2.36538 2.5076 2.32608 2.32332 3.80177 3.93588 4.78222 3.9314 3.58612 5.58914 2.7894 2.63915 2.4758
threshold=1.2909926551894901 4.9837609274549228 22.760113409695844 42.301831271144607 2.9947460445311291e-08 908.39238988084162 -0.024653417563192722 -44.19617916428534 1.0000000180025095e-35 -0.0085717287163017391 -0.094373202201015957 24.310915194100826 27.896810215868829 1.0000000180025095e-35 -0.2617249169709796 0.37833579968338965 0.12793981288352543 12.601402476918151 0.3782017960127792 0.16669603219355891 0.22522183878676352 2.4573177429038546e-09 0.096736725368558943 0.34726520529113453 3.3214416482241953 3.2111384901839979e-09 1.7770433347605752 0.25263348363819654 -115.31997788320749 0.29087431418878934
decision_type=8 2 2 10 2 2 2 2 2 2 2 2 2 2 2 2 2 2 2 2 2 2 2 2 10 2 8 2 2 2
left_child=1 -1 3 -3 -5 6 20 8 -8 -7 11 -4 -12 16 15 19 -14 -18 -19 -13 25 22 23 -22 29 26 27 -2 -28 -25
right_child=5 2 10 4 -6 9 7 -9 -10 -11 12 14 13 -15 -16 -17 17 18 -20 -21 21 -23 -24 24 -26 -27 28 -29 -30 -31
leaf_value=-0.02662871631039512 0.0043026377238674467 -0.034907977970055355 0.061433409481842172 -0.012946363054916799 0.057880194187148293 -0.0019466236992229373 0.0012051193851282927 -0.013086961836957215 0.057606150808146434 0.043187984851785585 -0.013469414434581772 -0.0041760428759104046 -0.00041351107998650449 0.061882929563365989 -0.037426569859981038 -0.025491898373775586 0.065896804908950821 0.03125366593394769 -0.027934606042222723 0.054556735238343014 -0.0070125669526986192 -0.026033035662112892 -0.018587217630616725 0.089880403725621907 -0.020127564848235156 0.041884055878369339 0.010092209085585307 0.08683175982041802 -0.035506586378287963 0.0025211854514829478
leaf_weight=10.108900681982048 1.8758826569828737 10.01776538294507 2.146341742831285 3.3392062749771876 1.7643166559573726 5.9230241172481337 6.3333197645260944 37.366491487977328 3.1881779780960642 8.9162164375884441 6.5666519216028965 3.6711484396364611 12.107041610142922 5.3886592136695981 6.7801698319381076 4.2503189175913576 2.5298228946339796 4.1082166832056837 1.8345949258073231 1.9269148900057187 4.2915473675529965 7.2266046217118856 4.8640147896949202 3.794969567999944 0.89705482081626542 12.56733481917763 5.840450691815934 1.5883594000479204 5.1641647851210983 1.0470406715176066
leaf_count=1137 280 956 280 480 253 274 466 8859 235 412 725 399 1292 576 915 560 251 462 207 210 1107 1916 1407 997 232 1994 1456 237 1287 275
internal_value=0.000205514 -0.000865084 0.00339216 -0.0174171 0.0170102 0.00765091 0.00454668 -0.00526225 0.0237706 0.0261872 0.00974047 -0.00463007 0.017924 0.0260676 -0.0161584 0.000583996 0.0142565 0.0330501 0.01159 0.021245 0.0138211 0.00162989 0.0158449 0.032713 0.0590515 0.0233822 0.00564311 0.0531167 -0.0124813 0.0746549
internal_weight=187.425 76.5401 66.4312 15.1213 5.10352 110.885 96.0454 46.888 9.5215 14.8392 51.3099 18.7749 32.535 25.9683 16.6286 9.84838 20.5797 8.47263 5.94281 5.59806 49.1574 22.1212 14.8946 10.0306 5.73907 27.0362 14.4689 3.46424 11.0046 4.84201
internal_count=30568 8611 7483 1443 733 21957 21271 11116 701 686 6040 2450 3590 2774 2245 1297 2196 840 669 609 10155 5866 4309 2588 1485 4289 3260 517 2743 1272
is_linear=0
shrinkage=0.05


Tree=303
num_leaves=31
num_cat=0
split_feature=21 13 16 12 10 5 12 7 2 12 13 1 4 6 20 20 1 17 2 7 1 3 13 4 15 13 3 8 9 21
split_gain=5.95725 9.82684 5.45098 4.4124 3.80592 3.67777 3.33092 2.7313 2.53525 2.20012 4.74762 3.05894 2.9783 2.89504 2.40132 3.82393 2.09368 2.37545 1.96765 1.81677 1.78743 2.58372 2.07962 2.89248 4.62996 2.57059 3.70737 1.78119 1.55258 3.07987
threshold=1.1545593517353503 23.995424848628939 18.321633832593225 -111.67301637266642 2.5000000000000004 17.523537673622656 -85.097282886785294 0.086126101422719273 5.3139945951929617 -106.49475699863474 18.724764327651844 313.26919806161555 59.509045495918663 0.36203611341174363 1.7821107921224553 10.465543835848552 317.36135863334908 1.0000000180025095e-35 5.0212806378138017 -0.40689150352274867 459.88547816826156 18.633493143405001 20.716544073427261 29.648616707131854 1.5881867761018134e-22 25.564748564455567 17.589716819336054 0.011253446977034011 0.12989535469558791 0.026383096162793704
decision_type=8 2 2 2 2 2 2 2 2 2 2 2 2 2 10 8 2 2 2 2 2 2 2 2 2 2 2 2 2 8
left_child=9 2 3 -2 5 -5 7 16 18 10 -1 13 14 19 -12 -16 -6 -18 -9 -11 21 -13 -22 25 -25 -24 -27 -3 29 -21
right_child=1 27 -4 4 6 -7 -8 8 -10 11 12 20 -14 -15 15 -17 17 -19 -20 28 22 -23 23 24 -26 26 -28 -29 -30 -31
leaf_value=0.0081290225278683268 -0.038401276061729751 0.015163699257040385 0.036744298698212156 0.065161761901974272 -0.032488508224961327 -0.012240648431374965 -0.032649837547083685 0.0076954387798821135 -0.011870633888332866 0.0081719044505775638 -0.039524926730172882 0.033910369004690771 0.0056291585880559143 0.025412264634365956 0.0079310576977068472 -0.033932354295113876 -0.016997845450455032 0.023163020177645904 0.049113844772168146 0.027307922814503623 0.014940145056524032 -0.00079905282775396538 0.018577214824638699 0.004404015138347075 -0.0301736719712455 0.011975361437054353 -0.018764681982959427 -0.033888896294398257 -0.029163969460527569 -0.028951987930950662
leaf_weight=32.301299355283845 8.0392242501839046 1.3967665847740125 7.4209020016714931 2.9946701396256685 6.3197820240166083 2.0501013486064039 7.9592896564281572 6.398987291846427 5.0918162710731849 6.1603996215853867 13.603688923525622 12.125628960493488 10.892267326591535 4.2037953950930387 10.944835056550804 9.3087232224061136 7.2840958156739353 5.6293186835246161 4.9526822462212294 3.6963488190667748 33.946430995478295 8.9877384221181273 27.394778030051384 23.006155821378343 15.449553898186421 21.813826422847342 16.210747703618836 39.894346344284713 16.764557441638317 4.0519232567166901
leaf_count=1342 621 624 538 378 425 259 484 298 306 325 976 325 685 224 1146 974 324 250 230 201 456 241 433 344 231 451 336 17811 1005 221
internal_value=-0.000128479 -0.0131996 -0.000849453 -0.00631938 -0.000354997 0.0368855 -0.00539029 0.00141557 0.0158789 0.000759114 -0.0063372 0.00359833 -0.0167287 -0.00962584 -0.0238766 -0.012001 -0.0111236 0.000915898 0.0282794 -0.0150786 0.00654232 0.019767 0.00438859 0.000830755 -0.00990021 0.00719287 -0.00127485 -0.0319103 -0.021013 -0.00205934
internal_weight=376.295 105.432 64.1409 56.72 48.6807 5.04477 43.636 35.6767 16.4435 270.863 77.0508 193.812 44.7495 34.877 33.8572 20.2536 19.2332 12.9134 11.3517 30.6732 158.935 21.1134 137.821 103.875 38.4557 65.4194 38.0246 41.2911 24.5128 7.74827
internal_count=30568 23088 4653 4384 3290 637 2653 2281 987 7480 3200 4280 2813 1862 2430 2120 1294 574 528 1619 2418 566 1852 1610 575 1035 787 18435 1469 422
is_linear=0
shrinkage=0.05


Tree=304
num_leaves=14
num_cat=0
split_feature=20 21 13 12 12 19 5 11 15 17 9 7 21
split_gain=0.924471 0.865223 0.981786 0.802911 1.21923 2.18501 0.950592 0.778634 2.10592 0.677039 0.366023 0.356358 0.142168
threshold=32.836670301168105 0.40009327630850056 20.613208446904313 -90.969335063447076 -95.204188214687875 3.5000000000000004 11.831597877111951 -107.76800148392698 7.9409338805090669e-23 3.4004778675810052 0.38669220148687172 -0.11137666487453578 0.60063414537698467
decision_type=8 10 2 2 2 2 2 2 2 2 2 2 10
left_child=1 9 -3 4 5 6 7 11 12 -1 -8 -4 -9
right_child=-2 2 3 -5 -6 -7 10 8 -10 -11 -12 -13 -14
leaf_value=-0.027898305466233037 -0.025423650329771091 -0.022225193634316534 0.051119038734843886 -0.019237817527305925 0.056263498543872636 -0.027920369886281132 -0.022123320022232947 0.040537650277484537 -0.027579965706858819 0.018103616110622969 0.012236638725092128 0.013847912338241362 0.0092708188984359577
leaf_weight=1.884311046840603 1.5647756702928735 1.1002870158554294 2.3834021325164949 0.76481059341676372 0.92231020293547772 1.9649007016560063 1.0074027008013224 1.3290391926202632 1.5909357780910793 0.33083153855113778 0.459085201677226 2.0311484363410282 1.3424686677535644
leaf_count=1138 2561 475 254 309 351 743 451 210 326 200 206 217 212
internal_value=-9.95301e-05 0.0067041 0.0111849 0.0151716 0.0184184 0.0114634 0.0209134 0.0268269 0.00848892 -0.0175341 -0.0107668 0.0396951 0.0316302
internal_weight=18.6757 17.1109 14.8958 13.7955 13.0307 12.1084 10.1435 8.67699 4.26244 2.21514 1.46649 4.41455 2.67151
internal_count=30568 7763 6425 5569 4953 4581 2002 1345 874 1338 657 471 422
is_linear=0
shrinkage=0.05


Tree=305
num_leaves=26
num_cat=0
split_feature=19 2 21 9 13 7 9 8 2 5 7 6 16 9 15 6 1 1 21 7 3 8 1 4 15
split_gain=2.1561 2.29116 5.71024 3.67652 4.18241 5.40493 3.22091 2.82996 2.63706 2.92227 2.78903 2.75819 3.12573 3.39364 4.16735 2.38799 1.76335 4.66018 1.45001 1.8975 1.44626 0.880319 0.677702 0.527038 0.40461
threshold=4.5000000000000009 4.8894135835498487 1.0839661223666053 0.059484823117283099 22.118237263049114 0.45466797377976592 0.31902179843300266 0.44165800079303136 5.2522719608404573 -34.079796585647706 -0.37542625177573535 0.17845825553925024 1.0000000180025095e-35 0.33907522096986503 1.4799308938237331e-09 -0.23263460114014831 611.27507723188967 374.2649093982356 0.019741046791825454 -0.052189962688331974 34.142017890856259 0.45705963558168389 993.70085261680754 16.937363746895752 2.8851513885439134e-09
decision_type=2 2 8 2 2 2 2 2 2 2 2 2 2 2 2 2 2 2 10 2 2 2 2 2 2
left_child=1 3 7 -1 6 21 15 8 10 -10 -3 12 13 14 23 -5 17 -13 -14 -20 22 -6 -12 -11 -9
right_child=-2 2 -4 4 5 -7 -8 24 9 11 20 16 18 -15 -16 -17 -18 -19 19 -21 -22 -23 -24 -25 -26
leaf_value=0.062699186078680719 -0.03303707456504526 0.02326923322729442 -0.037734937462738531 0.0054686987345112601 -0.039372265669566475 0.049732166783062103 -0.011858637527023069 -0.035964800902568421 0.037726959665516334 -0.0076056384923901864 -0.035849873097549383 0.02940297233106608 -0.04069779343100878 0.033671139285759322 0.016589653757597075 0.085938853591691788 0.032390170058267664 -0.03718876726709397 0.013898574706607573 -0.034329544269026957 0.0062916231934180321 0.0076102632177709037 -0.0082170094414782298 -0.03848801177968577 -0.0075884192419151319
leaf_weight=2.6537201529354251 3.7270454186946154 3.8547156337735986 8.8382307126012147 1.5349898441054408 6.3729691246990114 1.5905771298566831 1.9356627942761404 3.8796317797532547 7.2525360561849075 2.5413989443623084 7.9599224196790592 5.5207745398947781 5.0396095426549428 7.3628974294260843 9.4579155830142536 2.0197585588757661 11.225466092102577 3.4046075012302026 4.2155252182565182 2.3830794555542516 3.5950095496955328 0.81613029380969238 3.9217595474328846 5.1415331684111152 2.578934550168924
leaf_count=530 959 211 1886 207 1839 397 285 304 363 206 467 359 323 407 527 273 502 222 429 242 208 236 230 416 202
internal_value=0.000224478 0.00141189 -0.001574 0.0178542 0.00595481 -0.015096 0.0367565 0.00238163 0.00498111 0.00987798 -0.0108098 0.00569416 -0.00262987 0.00751935 -0.00495108 0.0600204 0.0200424 0.00281382 -0.0229028 -0.00574463 -0.0201948 -0.0337606 -0.0280751 -0.030325 -0.0271706
internal_weight=118.824 115.097 98.1735 16.9238 14.2701 8.77968 5.49041 89.3353 82.8768 63.5453 19.3314 56.2928 36.142 24.5037 17.1408 3.55475 20.1508 8.92538 11.6382 6.5986 15.4767 7.1891 11.8817 7.68293 6.45857
internal_count=30568 24327 20948 3379 2999 2191 808 4748 4242 3182 1060 3002 2100 1353 956 480 902 581 747 671 896 2075 697 622 506
is_linear=0
shrinkage=0.05


Tree=306
num_leaves=31
num_cat=0
split_feature=13 0 0 3 21 1 5 9 21 9 20 4 20 7 6 5 5 21 21 1 20 1 6 9 21 7 20 11 20 8
split_gain=3.25832 2.0195 4.55382 2.52097 2.03652 2.78145 3.41504 4.87937 3.61983 4.22875 5.45646 4.40989 4.23292 3.78326 3.77308 4.6409 3.38288 3.31847 3.22686 3.00466 2.97825 3.43206 4.19615 2.77856 2.68471 2.47101 2.32545 2.68277 2.62515 5.80907
threshold=-1.0000000180025095e-35 107.8889923222555 129.69853148782951 29.876458690009954 1.8277542308877452 4.0342158382659354 -43.28340274613884 0.41974982997896509 1.8518310121520603 0.38869944226725478 33.259923889077356 25.003401586932601 190.89888803811405 0.061585050251596225 -0.19361166260820359 45.822154139455208 50.084381631299557 2.2990035284017605 5.0759138355630755 908.39238988084162 10.465543835848552 118.79620993403252 0.054065914924006371 0.45089368684009395 1.7675365628749302 -0.13518386906083354 128.99653335555152 -107.29242379060399 80.511992625664917 0.29087431418878934
decision_type=2 2 2 2 8 2 2 2 10 2 10 2 10 2 2 2 2 10 8 2 10 2 2 2 8 2 10 2 10 2
left_child=-1 3 -3 -2 24 -6 23 8 16 11 -11 18 13 14 -13 17 -8 25 19 -10 -19 -22 -23 -7 26 -16 28 -28 -4 -30
right_child=1 2 4 -5 5 6 7 -9 9 10 -12 12 -14 -15 15 -17 -18 20 -20 -21 21 22 -24 -25 -26 -27 27 -29 29 -31
leaf_value=-0.036771460525713243 0.03403676886039577 -0.035397985098118784 -0.0011422062227463452 -0.0034583919718391186 -0.016404802089159159 -0.0017924660011143336 0.032890331886413139 0.031145319153132452 0.03470848100361576 -0.072974047055860414 0.0069425009497707567 0.015578467057906904 -0.040187128413699369 0.016788185830170572 0.031460139359487355 0.011225013837216765 -0.01851873878563573 0.001879294370264413 -0.019386850470996201 -0.023268404959252247 -0.014691652711581306 -0.11221765597401774 -0.029441079162830217 -0.039686475831872549 -0.025865208904289779 -0.027630304856368929 -0.0023190176590911138 0.033708449209625277 -0.03416338840220192 0.011699705639891809
leaf_weight=5.1964713484048835 8.4177651464706322 8.3704781518317741 487.37306186824571 8.2352933320216817 14.217011209111659 25.073072240338664 16.824324499000799 20.445097887422889 19.685067707556307 3.2039256398566076 4.0223153558326885 11.726810863241548 5.6248405363876373 24.776236606179737 2.7621261300519118 9.4182799228001368 3.2176606196444482 3.121643793536351 3.3473350033164015 1.8106291680596767 4.7515048780478528 2.8051666780374953 4.2559482813812792 5.0256361966021359 10.415875435573978 2.3552790528629091 10.444345320342112 8.9996901305858028 16.944572173058994 10.566780878696589
leaf_count=208 239 337 10422 234 1245 1036 4301 2123 2282 239 299 670 335 1513 234 516 822 202 358 210 353 238 360 208 250 200 869 748 1356 845
internal_value=2.17433e-05 -0.000365624 -0.00076248 0.0163491 -0.000319403 0.00414721 0.00590805 0.00910256 0.00523908 0.00138743 -0.033054 0.00428084 -0.00208187 0.00171852 -0.00752764 -0.0169316 0.024149 -0.0300618 0.0219892 0.0290077 -0.0413261 -0.0519993 -0.0721671 -0.00919239 -0.00186952 0.00419289 -0.00135432 0.0151895 -0.00200731 -0.0167554
internal_weight=763.434 758.238 741.585 16.6531 733.214 188.47 174.253 144.154 123.709 103.667 7.22624 96.4409 71.5978 65.973 41.1968 29.4699 20.042 20.0517 24.843 21.4957 14.9343 11.8126 7.06111 30.0987 544.744 5.11741 534.328 19.444 514.884 27.5114
internal_count=30568 30303 29830 473 29591 16504 16210 14966 12585 7462 538 6924 4264 4028 2355 1614 5123 1399 2660 2492 965 878 598 1244 13087 434 12627 1617 11010 2201
is_linear=0
shrinkage=0.05


Tree=307
num_leaves=31
num_cat=0
split_feature=16 15 15 21 15 15 15 8 8 4 5 4 13 1 1 1 7 21 6 6 3 3 6 11 7 9 5 9 4 6
split_gain=1.06591 1.67067 1.58883 1.99754 3.04913 3.58905 5.91812 2.90227 2.95062 2.79134 2.66003 3.88195 3.41506 4.30126 4.59123 6.81237 4.06164 4.33961 4.04295 3.3416 3.29393 4.99501 4.30008 2.99993 2.613 2.6121 2.1159 2.14271 2.04377 2.37531
threshold=13.304173704368578 7.7074941031069835e-08 2.865866323418445e-08 1.2566421264864351 1.6623301600218749e-08 6.2611785627929889e-09 4.9830950589534902e-09 0.050032571704528024 0.067324841365994828 23.162623269446854 41.245823725163255 57.165987473608205 20.716544073427261 150.59415384717605 339.77185924460605 720.14976407245911 0.37966992493573332 1.3655588861954302 -0.087871697379338073 0.39424878955218562 36.903074452216657 31.128971760694103 0.16342394897881721 -106.26322899359899 -0.33180617955828667 0.37050501348726078 6.1358205779467498 0.28744325619723737 -1.2656473404143196 -0.20530587366539563
decision_type=2 2 2 10 2 2 2 2 2 2 2 2 2 2 2 2 2 8 2 2 2 2 2 2 2 2 2 2 2 2
left_child=1 2 3 4 5 6 -1 26 -9 -8 11 12 -10 16 19 -16 17 -14 -17 25 21 22 -13 -20 -7 28 -5 -28 -15 -30
right_child=-2 -3 -4 7 -6 24 9 8 10 -11 -12 20 13 14 15 18 -18 -19 23 -21 -22 -23 -24 -25 -26 -27 27 -29 29 -31
leaf_value=-0.0032174241689636785 -0.021228198934255399 0.025497478760153982 -0.015678664994844594 -0.035436276354678074 0.036123107195415248 0.016426766871935346 0.077164068961650387 0.052254106514737698 -0.021733664680160941 0.0071500367800395913 -0.011038014313127467 -0.017843398901862605 0.05371302094522197 0.021182465943707943 -0.025987013336144726 0.05632832620554791 0.038315272900217731 -0.026401274443966696 -0.031871300162863062 -0.021506047453550718 0.0026639341626850019 0.10885723047904623 0.066480345416787726 0.030816729448757071 -0.039034855662679585 0.0039050811670606647 -0.01854204876137492 0.039462142563179821 0.021932825873294547 0.10446803700188562
leaf_weight=63.814189783879556 3.0433599602547474 8.3104021036415361 9.0299602063314524 4.8048853899526867 4.2795741278969217 2.0863487071183071 2.5315936517145028 3.5950602641678406 7.0542693322349797 2.76323034678353 11.376792472670784 2.7517155371315321 0.97689756366890279 2.6573851581779317 7.615466888644737 6.2323763301828885 3.117762393259909 13.271422211517345 2.7679040675284359 1.0240486132097428 3.861239641031716 2.1803495226777159 1.6746115859714334 2.8672120606934159 9.0614657270780281 2.053969419648638 2.6110922233201572 1.9087603918742386 1.8664578478783385 3.6594980752852289
leaf_count=12205 477 1307 1475 808 737 210 214 591 1331 234 1878 495 208 533 1458 497 616 2824 253 229 507 324 302 262 914 443 380 278 440 862
internal_value=-0.000167006 0.00480039 0.00372991 0.00481809 -0.000706715 -0.003091 0.00129633 0.00996224 0.0130352 0.047566 0.010558 0.0144109 0.00872822 0.0135463 0.0245112 0.00891396 -0.00614314 -0.0177461 0.0315893 0.0485678 0.0409856 0.060088 0.0204311 -0.000137627 -0.0281573 0.0568674 -0.0152909 0.00866488 0.0682878 0.0842234
internal_weight=194.849 191.806 183.496 174.466 84.5364 80.2568 69.109 89.9292 80.6044 5.29482 77.0094 65.6326 55.1647 48.1104 30.7443 19.483 17.3661 14.2483 11.8675 11.2614 10.4679 6.60668 4.42633 5.63512 11.1478 10.2373 9.32474 4.51985 8.18334 5.52596
internal_count=30568 30163 29965 29396 14566 14342 13218 14830 13261 448 12712 11779 10405 9676 6245 3730 3431 3032 946 2515 1374 983 797 515 1124 2206 1569 658 1642 1302
is_linear=0
shrinkage=0.05


Tree=308
num_leaves=31
num_cat=0
split_feature=8 15 20 1 11 21 9 9 21 16 16 16 4 5 1 9 9 15 5 9 13 6 20 7 5 3 15 8 8 7
split_gain=1.33711 2.36415 2.05978 3.22771 2.40229 1.48776 2.66198 3.6386 2.38197 2.38021 2.09695 1.79125 2.43928 3.23937 2.33325 1.83607 4.9555 4.31513 2.65782 2.57297 4.4396 2.78455 2.46481 2.57339 2.48121 3.39247 2.94852 2.36936 5.73951 3.78718
threshold=0.48973282022883385 4.7024820994503849e-10 1.7821107921224553 823.36582245820512 -105.94883051843199 3.7252410563412002 0.27318126305387308 0.15864937003349414 3.5844891880829404 1.0000000180025095e-35 8.2757424458935755 4.0031988095476132 66.411101032253057 5.3830588383833495 128.69928869803653 0.31703713496810743 0.36853420016226718 2.4573177429038546e-09 -52.22850809463629 0.35680088958133421 26.550804793731768 0.065954156612895623 34.320455127885758 -0.43402626175900866 12.785106955319053 17.392888008478156 7.9409338805090669e-23 0.25073433367272596 0.25658420208275334 0.0079070098312757926
decision_type=2 2 8 2 2 10 2 2 10 2 2 2 2 2 2 2 2 2 2 2 2 2 8 2 2 2 2 2 2 2
left_child=2 -2 3 -1 -5 8 7 -7 10 -9 11 15 13 14 -13 27 17 19 -18 20 -17 -22 24 -24 25 -20 -27 -4 -29 -30
right_child=1 -3 5 4 -6 6 -8 9 -10 -11 -12 12 -14 -15 -16 16 18 -19 22 -21 21 -23 23 -25 -26 26 -28 28 29 -31
leaf_value=-0.036769035816144269 0.048357015322009901 -0.012841796891657596 -0.007709686004058823 0.030474121925759257 -0.012952871707349151 -0.01887704385486326 -0.031355689803105817 0.054060931509623045 0.043868635731621308 -0.005992830030138856 -0.025502755706041453 0.068022053615318059 0.060397712926205327 -0.022686484937990026 -0.0067762139131083065 0.091096577892628705 0.043660536480743091 -0.0041350559220691705 -0.020422496151025839 0.082003309876165151 -0.02220880264248867 0.034837711784472244 0.015064473774649837 -0.033392917494702572 -0.018844957772890886 0.063334923723574243 0.0039836260826743974 0.087370134366806337 0.017058481775281655 -0.013312891097338861
leaf_weight=6.9125812135462228 3.2446672484511518 1.9629559871682429 41.39909256901592 4.2670647252816716 7.1172110898187366 6.2572486408753347 6.522838378790766 3.3925752519571697 3.2267097046715207 2.3510493067151401 4.2535249103675596 1.583266090048713 2.5874058724148199 3.4755402687587775 1.471283598890295 1.1148865387367584 2.2138864944572587 4.9785014705557842 2.8230362642789286 3.5633138937118929 3.3676619890611628 3.2390012620599009 3.1297588035522557 8.8075730699056241 4.7283166015404277 3.8860673771123411 3.9107443244429305 1.2171996221877623 23.801754045387497 16.575755930825835
leaf_count=628 369 223 7436 224 373 710 884 351 573 244 764 304 338 594 283 200 462 735 224 573 687 661 1252 3522 385 269 270 216 4245 2956
internal_value=0.000200832 0.0269362 0.00328244 -0.0122077 0.00447083 0.00507545 -0.00796441 0.00618336 0.0067803 0.0322355 0.00563767 0.0067751 0.0270927 0.00762791 0.0392086 0.00513866 0.0130627 0.0343398 0.000590983 0.0502686 0.0279005 0.00666213 -0.00432361 -0.0205058 0.00874688 0.0215963 0.0374023 0.000665876 0.00898734 0.00457002
internal_weight=187.382 5.20762 182.175 18.2969 11.3843 163.878 18.5237 12.0009 145.354 5.74362 142.128 137.874 9.1175 6.53009 3.05455 128.757 45.7627 16.2634 29.4994 11.2849 7.72155 6.60666 27.2855 11.9373 15.3482 10.6198 7.79681 82.9938 41.5947 40.3775
internal_count=30568 592 29976 1663 597 28313 2509 1362 25804 595 25532 24659 1192 1116 587 23467 8559 2401 6158 1815 1382 1348 6023 4774 1249 844 539 14908 7381 7201
is_linear=0
shrinkage=0.05


Tree=309
num_leaves=31
num_cat=0
split_feature=20 16 15 12 21 2 19 17 21 2 20 20 13 19 12 13 17 15 7 8 7 6 1 9 9 9 13 1 3 13
split_gain=5.61333 8.00436 4.8327 4.43688 3.67864 6.09196 2.71916 4.00281 2.93302 2.67038 2.63771 2.9286 2.90772 2.57874 2.16044 3.51757 3.9138 2.82135 1.9418 1.92311 2.96052 4.45544 3.73176 3.39464 3.66891 2.45686 2.19505 1.46243 1.32459 0.810608
threshold=39.820579571058055 18.321633832593225 1.5174051380057222e-09 -109.76102656968848 0.48887558116160207 5.3415985423022567 2.5000000000000004 4.1378605872278147 1.8148218044357003 5.5394694381175134 24.008749171269205 4.9635452817963612 22.263788537167056 4.5000000000000009 -97.866246882924926 22.712426227370731 0.11238654763139126 4.6022787022117793e-08 -0.38380846052540635 0.040659871405630106 -0.20146864399274469 0.3701105030328789 313.26919806161555 0.13224993177421676 0.30602736085946575 0.077604477805500519 24.414914944800099 1.0149191075379551 2.3616711397100603 22.963211825375627
decision_type=8 2 2 2 10 2 2 2 8 2 8 10 2 2 2 2 2 2 2 2 2 2 2 2 2 2 2 2 2 2
left_child=6 2 27 -4 5 -5 18 8 9 10 11 -8 -13 -14 28 17 -17 -16 -1 -20 26 22 -22 25 29 -24 -21 -2 -6 -25
right_child=1 -3 3 4 14 -7 7 -9 -10 -11 -12 12 13 -15 15 16 -18 -19 19 20 21 -23 23 24 -26 -27 -28 -29 -30 -31
leaf_value=0.012089625925240518 0.019922890770864076 0.038060671444272415 -0.038140865259131101 -0.011938854733822344 0.016405423756327666 0.052761921502974429 -0.019705000288089924 0.034536202150357749 -0.037522007691533174 -0.034579647186560335 -0.030815796146523713 0.067702044766106736 0.033011772464502202 -0.02844808646562539 -0.035387989785123801 -0.01829661445976704 0.098730678282313813 0.026782119923558792 0.014216113466131787 -0.0029440897954285984 -0.020666931388962907 0.020888544871549883 0.0013407655403231138 0.010080085765725014 -0.0035032976209814597 -0.020563431691306117 -0.025830884094889942 -0.040180775410667502 -0.037275096940432996 0.024790268537859247
leaf_weight=36.072454272885807 0.48545132554136472 5.349554390180856 9.1292853168561106 7.0398407774046108 0.74898436438525173 5.927370099874679 3.0312110473751153 2.9665615318808705 11.91424200881738 4.7122076749219559 2.7732656632433654 2.5488876766175972 2.8853354696184406 2.0775586888194084 4.0998376899515279 0.77541763707995492 0.71060183038935065 1.9565928278025237 20.047217009589076 23.382646192912944 21.662887003622018 23.851043232018128 27.671916911960579 20.519914060714655 37.665244902833365 22.64100476144813 18.423931060009636 23.747370888188016 7.7057743525947444 20.71587656554766
leaf_count=365 295 1698 1564 397 208 334 302 570 2457 785 374 280 403 291 508 244 224 242 206 254 220 241 259 202 353 212 201 14427 2145 204
internal_value=-0.000124316 -0.0160264 -0.0211965 -0.00965693 0.000294172 0.0192963 -0.000205885 -0.0135608 -0.0192881 -0.00589954 0.00595595 0.0174602 0.0330105 0.00682742 -0.0153378 0.00411071 0.0548687 -0.0143542 0.00144972 -0.000216647 -0.00161207 0.0012681 -0.00195067 0.00132176 0.00775721 -0.00872486 -0.013398 -0.0382349 -0.0312875 0.0178821
internal_weight=373.239 67.6761 62.3265 38.0937 28.9644 12.9672 305.563 32.9093 29.9427 18.0285 13.3163 10.543 7.51178 4.96289 15.9972 7.54245 1.48602 6.05643 272.654 236.582 216.534 174.728 150.877 129.214 78.901 50.3129 41.8066 24.2328 8.45476 41.2358
internal_count=30568 21480 21249 6527 4302 731 9088 6326 6175 3004 1798 1051 824 694 3571 1218 468 750 2762 2434 2223 1768 1535 1210 739 471 455 14722 2353 406
is_linear=0
shrinkage=0.05


Tree=310
num_leaves=14
num_cat=0
split_feature=6 20 2 8 6 10 20 2 8 7 2 1 9
split_gain=0.895778 1.5705 1.56454 1.31654 1.21385 1.76636 1.29863 1.10869 0.962667 0.78104 0.752874 0.432582 0.218737
threshold=-0.038248842752062633 5.5459508458753612 5.4312810233507713 0.17966970372321714 -0.10667111322726662 1.5000000000000002 11.841071408867602 5.8287988396461934 0.23149765429262106 -0.20529980568541892 5.3318303588436065 618.77936343523322 0.17625547962054314
decision_type=2 10 2 2 2 2 10 2 2 2 2 2 2
left_child=1 -1 -2 -4 6 12 10 -8 -5 11 -3 -10 -6
right_child=2 4 3 8 5 -7 7 -9 9 -11 -12 -13 -14
leaf_value=-0.025306139768545812 -0.032202171943100134 0.042212381251631605 -0.024451127928168719 0.045826055572529036 0.077141604040854683 -0.014626447366007307 -0.025372377749959096 0.025388919152503936 -0.010658308975533225 -0.022424731561974193 0.0018281502695887575 0.030803966126129519 0.009014540426153194
leaf_weight=1.4791863798236633 3.1001879795439899 1.7662076978504084 1.245042411404939 1.2740021373247157 0.85004156712420753 0.48102448310964974 2.8173102490563919 0.59915131752677553 0.33329819123355675 1.0421582123326496 2.1431392227095785 0.95563673767173896 0.44174602448401856
leaf_count=1990 6371 219 1795 1486 508 407 6614 1407 275 1580 265 787 264
internal_value=-9.66165e-05 0.0118824 -0.0092158 0.00846998 0.0198354 0.0483443 0.00795849 -0.0127372 0.0226802 7.07918e-05 0.0249553 0.0201101 0.0679434
internal_weight=18.5281 10.5778 7.95033 4.85014 9.09862 1.77281 7.32581 3.41646 3.6051 2.33109 3.90935 1.28893 1.29179
internal_count=30568 14230 16338 6993 10005 1500 8505 8021 4206 3535 484 1062 772
is_linear=0
shrinkage=0.05


Tree=311
num_leaves=26
num_cat=0
split_feature=19 0 21 9 13 7 9 8 2 7 5 6 16 9 15 17 1 1 3 21 7 8 1 4 15
split_gain=2.06566 2.18745 5.43916 3.20678 3.87182 5.06383 2.90833 2.67078 2.42077 3.00826 2.66034 2.54331 2.9391 3.09802 3.92018 1.98336 1.59928 4.36787 1.41542 1.39167 1.80947 0.862154 0.687076 0.585369 0.400082
threshold=4.5000000000000009 265.75126871081557 1.0839661223666053 0.059484823117283099 22.118237263049114 0.45466797377976592 0.31902179843300266 0.44165800079303136 5.2522719608404573 -0.37996858417820428 -34.079796585647706 0.17845825553925024 1.0000000180025095e-35 0.33907522096986503 1.4799308938237331e-09 1.0000000180025095e-35 611.27507723188967 374.2649093982356 34.142017890856259 0.019741046791825454 -0.052189962688331974 0.45705963558168389 993.70085261680754 15.341748569382752 2.8851513885439134e-09
decision_type=2 2 8 2 2 2 2 2 2 2 2 2 2 2 2 2 2 2 2 10 2 2 2 2 2
left_child=1 3 7 -1 6 21 15 8 9 -3 -10 12 13 14 23 -5 17 -13 22 -14 -21 -6 -11 -12 -9
right_child=-2 2 -4 4 5 -7 -8 24 10 18 11 16 19 -15 -16 -17 -18 -19 -20 20 -22 -23 -24 -25 -26
leaf_value=0.058233259081464608 -0.032795944064071596 0.025544218307551981 -0.037571612185162327 0.079712779203362727 -0.039061879877478792 0.046840682034951876 -0.011551947616367566 -0.03565181956852996 0.03572939437271596 -0.035769779728716748 -0.0061412758351949591 0.027917266047663293 -0.04026217942650883 0.031799091520745053 0.015747089252826616 0.0063379062599514917 0.030716153686034066 -0.036790013185922371 0.0060229928503282232 0.013306489935309957 -0.033980934725178893 0.007473418036278167 -0.0079955830725621339 -0.038302741015294656 -0.0073714526728927785
leaf_weight=2.8037915362656394 3.6038273479789495 3.6981615849072158 8.4929798279699735 2.1340045603137732 6.1522123342074337 1.6687491982593199 1.9090029067156136 3.7636638160911398 7.3826863588183178 7.9469915184163247 2.4130294409697033 5.6145991979283325 4.8857190121198064 7.5134307823027484 9.5514012877974874 1.5681123206450136 11.385628906296914 3.3096451231103856 3.6148312715667998 4.2410707564995409 2.3293672074651104 0.82068401381548028 3.9018028418358881 5.1022516108496347 2.5637407775502652
leaf_count=555 931 205 1821 277 1831 423 275 301 369 474 200 366 319 414 535 203 506 215 212 433 238 244 233 422 205
internal_value=0.000223371 0.00135543 -0.0015836 0.0173473 0.00601372 -0.0145998 0.0351668 0.00222071 0.00472581 -0.0104861 0.00939103 0.0053772 -0.0026511 0.00712194 -0.0049007 0.0565908 0.0190779 0.00263089 -0.020131 -0.0225083 -0.00573213 -0.0333345 -0.0279579 -0.0299101 -0.026763
internal_weight=118.371 114.768 97.711 17.0566 14.2528 8.64165 5.61112 89.218 82.8906 19.1618 63.7288 56.3461 36.0363 24.5801 17.0667 3.70212 20.3099 8.92424 15.4636 11.4562 6.57044 6.9729 11.8488 7.51528 6.3274
internal_count=30568 24327 20948 3379 2999 2191 808 4748 4242 1060 3182 3002 2100 1353 956 480 902 581 906 747 671 2075 707 622 506
is_linear=0
shrinkage=0.05


Tree=312
num_leaves=31
num_cat=0
split_feature=16 2 0 3 20 20 1 21 4 21 21 19 2 21 9 2 0 3 3 21 20 6 5 21 8 8 7 20 7 5
split_gain=2.94271 1.66578 4.00102 2.09557 1.82895 2.79826 2.4931 4.0636 4.01578 6.89302 3.84088 3.36652 2.8503 2.50105 2.81481 3.38332 2.47509 2.48761 3.10757 3.26443 3.6113 5.35643 2.49865 1.93239 1.78237 1.36099 1.52652 1.35017 4.22956 4.88018
threshold=30.881699610339378 3.9879552895191459 129.69853148782951 29.876458690009954 70.273120258160176 80.511992625664917 153.32258469083203 1.6141447833163454 63.608503433519353 4.2526759717397704 1.2237209057566252 4.5000000000000009 5.1587603923974257 3.3821160331532605 0.055515619003724932 5.0344674130280014 287.53203029219304 9.1686821914030769 13.510655457207852 2.2646888616362904 107.13094948981151 -0.13121871680056693 -1.0000000180025095e-35 0.82080233039348915 0.21130076362807151 0.45934340510008737 0.45466797377976592 61.350941403250253 -0.056077921207826613 17.143192810190151
decision_type=2 2 2 2 8 8 2 8 2 10 8 2 2 8 2 2 2 2 2 8 10 2 2 8 2 2 2 10 2 2
left_child=1 3 -3 -1 27 -6 7 10 9 -9 11 -7 -10 16 15 -15 -8 -18 -19 20 21 -20 -21 24 -22 26 -16 -4 -29 -30
right_child=-2 2 4 -5 5 6 13 8 12 -11 -12 -13 -14 14 25 -17 17 18 19 22 23 -23 -24 -25 -26 -27 -28 28 29 -31
leaf_value=0.030845989898669979 -0.035415797724134758 -0.033018541227063061 -0.0011745259258415179 -0.0032696753976587467 0.024527739841204741 0.024401595880969757 0.026929077294376737 0.021381545320825927 0.0058107651885384191 -0.039203441815863473 -0.056492475483587767 -0.039674071434586837 -0.034150387322483391 -0.059694243212999612 0.041077447182146121 0.025881645378451015 0.033511289244505069 -0.049898929054152386 -0.044732838282254363 0.0094092352277733229 0.02300172928040866 0.015391641313490767 -0.043651145099805576 0.032711918754164959 -0.022960889341877455 -0.0087942183082449846 -0.0055253599343385472 0.013866242959873185 -0.003735971505751879 -0.072699159120086773
leaf_weight=8.4594800015911495 5.0451749349012971 8.4848722750321013 565.74360152042937 8.2566973911598307 14.773836495587602 4.0062698167748758 7.8349185909610233 27.574857104453258 7.2334361916873648 4.6696851635351777 5.6645321745891115 2.4740062244236469 9.6718407769221795 1.249345060554337 13.126702709007079 1.5302152147050945 3.4835035357391453 2.6316235854756078 5.9009914244525143 2.8463908373378226 3.0462038408732086 7.20137171901297 5.7688194270012882 10.914509566267951 3.4083189312368631 1.5453567438526077 1.7551816710038108 6.7354987923754424 5.7831190846627569 3.782022190047428
leaf_count=240 203 342 13377 234 1575 385 667 3169 276 537 464 238 368 238 3292 291 288 204 408 206 203 499 418 882 227 381 440 531 437 286
internal_value=1.86414e-05 -0.000390597 -0.000752905 0.0147617 -0.000333426 0.00460466 0.00223456 -0.00513791 0.00143766 0.0116922 -0.0298341 -0.00209444 -0.0176822 0.00847445 0.0234522 -0.0181997 0.00271675 -0.00197206 -0.00565006 -0.00150041 0.0063273 -0.0129389 -0.0269651 0.0207739 -0.00109319 0.0311398 0.0355792 -0.00159745 -0.0153594 -0.0353039
internal_weight=760.602 755.557 738.841 16.7162 730.356 148.312 133.538 61.2946 49.1498 32.2445 12.1448 6.48028 16.9053 72.2435 19.2068 2.77956 53.0367 45.2017 41.7182 39.0866 30.4714 13.1024 8.61521 17.369 6.45452 16.4272 14.8819 582.044 16.3006 9.56514
internal_count=30568 30283 29809 474 29573 15811 14440 5344 4350 3706 994 623 644 9096 4578 529 4518 3734 3231 2934 2310 907 624 1403 430 4049 3732 13762 1285 723
is_linear=0
shrinkage=0.05


Tree=313
num_leaves=31
num_cat=0
split_feature=4 7 7 1 3 11 1 12 11 3 12 8 1 7 4 16 21 21 21 15 21 3 1 2 6 21 4 12 1 1
split_gain=1.04125 1.3758 3.01855 3.66263 2.08049 3.55925 1.87775 3.49958 3.42691 6.37885 4.1415 3.66724 3.25297 5.36879 4.62109 3.39549 2.91655 4.79603 4.41164 6.37998 3.8917 3.32668 4.5691 3.26048 3.20617 2.61476 2.55583 2.34903 4.04685 5.46769
threshold=-26.833651520271395 -0.43402626175900866 -0.41456997635806941 739.09065577657464 34.554749309134259 -110.25164841370298 339.77185924460605 -88.120560114751299 -92.535997005481136 34.991635315002156 -97.701107887425096 0.026672943076904158 284.00705186610605 0.20161540723332386 60.655354766910555 4.6538163928705201 1.2566421264864351 0.72737603415596752 1.6141447833163454 3.7857826636483694e-09 2.2990035284017605 36.903074452216657 47.914682462796058 5.6333696603646741 -0.16652998467485045 0.31888987793925305 7.7101570211785253 -84.406241076355727 410.39362906907405 443.89119115753607
decision_type=2 2 2 2 2 2 2 2 2 2 2 2 2 2 2 2 10 10 10 2 8 2 2 2 2 10 2 2 2 2
left_child=-1 4 3 -3 5 -2 7 8 10 -10 11 -4 15 14 26 16 17 25 19 23 -20 22 -22 -18 -24 -13 -14 28 -8 -30
right_child=1 2 6 -5 -6 -7 27 -9 9 -11 -12 12 13 -15 -16 -17 18 -19 20 -21 21 -23 24 -25 -26 -27 -28 -29 29 -31
leaf_value=-0.020923069573587125 0.057891959985296552 -0.0041961048630822567 -0.027688762567018566 0.071378289217731802 -0.035455729237585103 -0.014120005049616477 -0.037565280091514004 -0.027667643986213353 -0.0087100546608246728 0.11588457970944527 -0.034064443144763819 0.0011037273316154108 0.01873510107893895 -0.025009791613191629 -0.0052499629248823933 -0.017840088978131767 -0.029651874635317457 -0.036089519140234928 -0.0156650486426551 0.091396109538589537 -0.0029276283143377952 0.011868263315333499 0.0013747761226676806 0.052033441908665261 0.097947832622738901 0.04241057135606343 0.12302345961277882 0.023511596029385545 0.049141419569388146 -0.0040475468752560395
leaf_weight=3.0718010026030234 1.3482374630984866 2.6177706132293679 4.5579504796769461 2.7485479784663767 4.2499830993474461 5.4506666093948279 7.0087777170119798 5.1139896616223304 1.7301387744955732 1.1373372125672174 4.2206885953200981 12.529961036634637 1.2523776320449573 1.4270693349535575 1.3853894773637874 8.0018364285060652 2.2815045646566445 5.5484043154865503 7.5836478943820111 4.0033599179587327 2.5290151389199345 20.327884375554277 1.1198882992903243 0.94636174067272805 3.1544779589166865 4.554123931506183 1.9578965205582788 7.6652123684179969 4.2391186121385536 61.134281339705922
leaf_count=482 272 292 692 307 742 1098 1002 882 442 290 690 2592 263 297 251 1173 482 1162 889 524 518 1926 269 200 758 942 412 1086 553 7973
internal_value=-0.000163855 0.00471316 0.00577687 0.0396437 -0.0117257 0.00575217 0.00452193 0.00922415 0.0115949 0.0578943 0.00943774 0.0120241 0.0146459 0.0473983 0.0703341 0.0113208 0.0151511 0.000599099 0.0228059 0.0560379 0.0145084 0.0231994 0.0511964 0.00093975 0.0777035 0.0138512 0.096452 -0.00112468 -0.00401849 8.98901e-05
internal_weight=194.898 191.826 180.777 5.36632 11.0489 6.7989 175.411 95.3633 90.2493 2.86748 87.3818 83.1611 78.6032 6.02273 4.59566 72.5805 64.5786 22.6325 41.9461 7.23123 34.7149 27.1313 6.80338 3.22787 4.27437 17.0841 3.21027 80.0474 72.3822 65.3734
internal_count=30568 30321 28392 599 1929 1370 27793 16456 15010 732 14278 12623 11898 1255 834 10643 9757 4739 5018 947 4071 2570 1394 682 1027 3534 675 11337 10347 8526
is_linear=0
shrinkage=0.05


Tree=314
num_leaves=31
num_cat=0
split_feature=1 1 21 6 17 4 9 8 9 17 15 20 20 15 15 3 10 20 15 8 6 1 21 9 21 1 21 8 8 8
split_gain=1.32465 4.07973 2.8926 2.16169 1.71516 1.60075 1.88483 3.0066 2.56761 2.38671 2.92877 3.61376 3.37726 2.9247 2.9133 5.05485 2.95407 2.72705 3.27949 4.97566 2.88192 2.7198 2.6731 2.52523 2.48949 3.5577 3.85995 3.15469 4.73707 3.50659
threshold=1035.3786562896451 969.28967126211012 0.20662457464586353 0.35140363970901062 3.4793247340525832 88.614436198824066 0.032499888001610973 0.4187558495299149 0.038134794410527924 0.23044782317463952 1.0000000180025095e-35 190.89888803811405 5.5459508458753612 1.5174051380057222e-09 2.5297672282690249e-08 35.802271817048414 2.5000000000000004 44.786802125586455 3.323734606853817e-09 0.29890276959528511 -0.40721687773091303 6.2317902897709354 2.5827006227205405 0.49216953995425433 1.9122024908450852 294.01257236362454 1.7675365628749302 0.36015282327302961 0.24527732883301925 0.16947922382032668
decision_type=2 2 8 2 2 2 2 2 2 2 2 10 8 2 2 2 2 10 2 2 2 2 8 2 10 2 10 2 2 2
left_child=1 2 -1 -2 5 6 7 -4 -8 10 11 23 -12 -14 15 -11 -17 18 19 -15 -20 -22 -13 24 25 27 -27 28 29 -10
right_child=3 -3 4 -5 -6 -7 8 -9 9 14 12 22 13 17 -16 16 -18 -19 20 -21 21 -23 -24 -25 -26 26 -28 -29 -30 -31
leaf_value=-0.020123789550927938 -0.015827178915285078 0.029292543455762189 -0.03161575565661031 0.024031419994426262 -0.024946027767652507 0.035632216569559082 0.048204008778863855 0.025232298509525783 0.028802457516868427 -0.02711204309630082 0.02305833647908534 0.00031859654580807385 -0.034386584507067608 0.068775560213271345 0.053495436400325239 0.059860208925220509 -0.0010951964654513234 -0.019915076601822426 0.041713676022523218 -0.025525782437403128 0.029053252036953643 -0.025240537687428316 0.096797899524140668 0.05131574492509975 -0.010352994722313727 -0.017906049221451243 0.058923525420392343 -0.0074668277570884845 0.07087621788225261 -0.030637519330747237
leaf_weight=11.611445186805213 16.000900859828111 15.17583692795597 6.9012610983918412 3.3148397174663842 3.6999341034970712 3.3948064504656941 2.5995714206655967 2.438808069418883 8.3222433963092062 5.0380432067031533 7.2877528723329306 1.1244460700254442 9.83634639874799 3.2466782895207924 4.2924726870842278 3.5877852594130681 3.4447681559831835 14.289495660283135 1.7993556204601233 1.4508899704087523 2.0388290125993054 9.7985278663400077 1.0188117634388609 2.0398196758469567 18.061585110321175 11.691177339642307 0.89164747117320076 5.4960534129058942 5.0111584251571912 2.4733370186877437
leaf_count=2204 985 2653 1265 204 727 665 524 447 1912 829 1318 234 1975 454 583 242 232 2373 206 203 245 1179 212 498 4496 3478 265 1330 1170 568
internal_value=0.00019798 0.00540406 0.0028579 -0.00814071 0.00487494 0.00585116 0.00483968 -0.0157673 0.00649446 0.00522353 0.00238193 0.0101275 -0.00638469 -0.0118525 0.0224141 0.00811395 0.0335831 -0.00423766 0.00837918 0.0402815 -0.00461178 -0.0143544 0.0623855 0.00695604 0.00427788 0.0121496 -0.00852446 0.0241957 0.0349941 0.0137415
internal_weight=187.379 168.063 152.887 19.3157 141.276 137.576 134.181 9.34007 124.841 122.241 105.878 56.1303 49.7479 42.4601 16.3631 12.0706 7.03255 32.6238 18.3343 4.69757 13.6367 11.8374 2.14326 53.987 51.9472 33.8856 12.5828 21.3028 15.8067 10.7956
internal_count=30568 29379 29022 1189 27757 26968 26867 1712 25155 24848 22627 13633 8994 8524 2221 1985 474 5418 2216 657 1559 1424 446 13187 12931 8897 3743 5154 3689 2480
is_linear=0
shrinkage=0.05


Tree=315
num_leaves=31
num_cat=0
split_feature=20 15 3 8 19 16 9 5 8 12 20 8 1 13 12 15 15 13 3 5 3 12 1 21 21 12 1 10 17 16
split_gain=5.27152 7.54972 5.67851 2.71068 2.57344 3.68685 3.22983 2.43331 4.58727 3.57868 4.62036 2.96438 3.26658 3.41671 3.41859 3.92057 2.42589 4.98313 2.69099 2.38937 1.96961 1.95068 3.96693 2.97901 1.80406 1.44447 1.43291 0.91518 1.43946 2.17236
threshold=39.820579571058055 1.5174051380057222e-09 21.540958771180403 0.487915653521589 2.5000000000000004 10.131774124900526 0.48070158771569643 29.410483501777104 0.20214429507968215 -109.01197656326347 1.9788344174564303 0.063820723687838324 300.0154973696321 24.356177134320237 -96.812189744743151 1.5881867761018134e-22 6.2125312802135364e-09 -1.0000000180025095e-35 18.448130605475804 -13.153290067730998 7.7030401349031914 -96.327289283575439 163.22326970967754 0.11066393886341001 0.29295452816024753 -109.67812685218048 1.0149191075379551 4.5000000000000009 0.99805376413373448 5.3909293895623636
decision_type=8 2 2 2 2 2 2 2 2 2 10 2 2 2 2 2 2 2 2 2 2 2 2 8 8 2 2 2 2 2
left_child=3 26 16 4 7 6 24 9 -9 10 -1 -11 -13 -14 15 -15 18 -18 19 -3 -21 23 -23 -4 -6 -19 -2 28 -26 -30
right_child=1 2 21 -5 5 -7 -8 8 -10 11 -12 12 13 14 -16 -17 17 25 -20 20 -22 22 -24 -25 27 -27 -28 -29 29 -31
leaf_value=-0.039522768280658656 0.019256899629855162 0.042541636215569507 0.012242141706570769 -0.029100162857116304 0.023986538077621921 0.028427704916920701 0.03858401483838117 -0.0054405465776334776 0.020081342034585243 0.018016671494009574 0.0040877799173199003 -0.018124762732205632 0.010402110774889258 0.00063046072593457038 0.0051087881035730481 -0.034965833449511839 0.036546102720944974 0.011091166979109817 0.073524518916047915 0.020284758671824381 -0.03270035696015542 0.056226177482756039 -0.029646387232091009 -0.039261442896122559 -0.034892695949675381 -0.033231962537621125 -0.040096653734925221 0.00092901872012059921 0.034206487268513407 -0.028458926381125006
leaf_weight=11.723812549491416 0.50147001846926542 3.16728866263293 3.0112763114157168 6.9209377818624489 1.1398520456859949 3.8245550720021129 1.3753096574218941 28.714925022097304 43.119781366549432 23.11203319625929 11.294271175516768 22.21146934479475 63.254549575853162 14.812007303931752 33.093445883831009 15.111451332923025 4.5608356073498735 1.8853594718966649 1.8299708681297489 2.5257036388502483 2.5564634107286111 1.3948264722130272 2.1185298002092168 12.944334941625128 18.961316003347754 6.5175993174780134 22.669595916813705 2.6638244233326986 1.5099656484089803 2.080251072300598
leaf_count=283 319 484 639 206 248 749 297 201 301 222 272 211 572 245 429 249 475 258 276 424 429 201 305 2745 4419 894 14403 595 201 276
internal_value=-0.000118594 -0.0157513 -0.00299201 -0.000231064 0.000534485 -0.0127408 -0.0192105 0.00214842 0.0099447 -0.000765441 -0.0188451 0.00175494 -0.000879864 0.00227213 -0.00592352 -0.0178952 0.0135581 -0.00104525 0.0307395 0.0143256 -0.00736244 -0.0222859 0.00934976 -0.0293925 -0.0235266 -0.0231653 -0.0380686 -0.0265075 -0.0296502 -0.000392907
internal_weight=370.607 65.6833 42.5122 304.924 298.003 31.5551 27.7305 266.448 71.8347 194.613 23.0181 171.595 148.483 126.271 63.0169 29.9235 23.0432 12.9638 10.0794 8.24946 5.08217 19.469 3.51336 15.9556 26.3552 8.40296 23.1711 25.2154 22.5515 3.59022
internal_count=30568 21480 6758 9088 8879 6176 5985 2703 502 2201 555 1646 1411 1142 817 494 2868 1349 1519 1261 853 3890 506 3384 5729 1152 14722 5634 5256 477
is_linear=0
shrinkage=0.05


Tree=316
num_leaves=15
num_cat=0
split_feature=20 20 9 21 5 2 6 21 6 6 12 10 21 11
split_gain=0.859828 0.853795 1.63787 1.60753 1.24928 0.97191 0.734419 0.64802 0.604601 0.535778 0.45015 1.30213 0.285288 0.0834872
threshold=3.4967253736869552 10.465543835848552 0.11547200628118405 0.48887558116160207 -25.286412113571341 5.8287988396461934 0.19069219691016318 0.61501020066581968 -0.052365343533318225 0.22779250668765008 -100.79113858790863 3.5000000000000004 0.60063414537698467 -102.40670914551349
decision_type=10 8 2 8 2 2 2 8 2 2 2 2 10 2
left_child=-1 3 4 -2 8 -6 10 9 13 12 11 -5 -4 -3
right_child=1 2 7 6 5 -7 -8 -9 -10 -11 -12 -13 -14 -15
leaf_value=-0.024877688582494492 -0.016711919062578601 -0.0091297917378803765 -0.02285693926562777 -0.013953496511611155 -0.025147937068526 0.026084719895708781 -0.0015472150180720686 -0.032116595789016412 0.062332665073386001 0.021500814637687365 0.050800760771798029 0.038832526071105565 0.010034700676957862 0.0091100387297751145
leaf_weight=1.4791871287143319 2.0052468332287425 0.25767881539650361 1.0976172822138361 1.5155355097304015 1.3123889250255176 0.57170523046079325 1.5804101177927803 3.0568951824407113 0.61176240636814461 0.79760354496829677 2.0876981220280855 1.4147826246917248 0.29085114381814492 0.25180341355371738
leaf_count=2467 289 213 980 261 2618 1140 280 9283 498 606 338 243 260 209
internal_value=-9.32203e-05 0.00660489 -0.00469305 0.016797 0.0207805 -0.00594791 0.0278395 -0.0202845 0.0473246 0.00114816 0.035814 0.014928 -0.0146503 -5.19172e-05
internal_weight=18.3312 16.852 8.24831 8.60367 3.00534 1.88409 6.59843 5.24297 1.12124 2.18607 5.01802 2.93032 1.38847 0.509482
internal_count=30568 21834 20593 1241 4671 3758 1169 15922 913 1660 813 504 1240 422
is_linear=0
shrinkage=0.05


Tree=317
num_leaves=31
num_cat=0
split_feature=19 1 20 20 9 1 6 8 8 6 11 6 9 9 7 15 20 2 4 7 5 1 7 10 7 20 8 2 1 1
split_gain=1.97724 2.15287 2.7765 2.62488 4.90697 2.59214 2.56283 3.07559 2.43738 2.35806 3.89317 2.82733 2.5757 2.27687 3.99213 2.42242 2.09575 1.96795 1.77813 3.21278 4.18425 2.99697 4.25079 3.02449 1.76637 1.67503 1.43569 1.34858 1.26408 2.00937
threshold=4.5000000000000009 16.416624594576856 0.15699422902307503 2.2761312847482005 0.4686672099030274 1220.1064885980552 -0.27810841234959044 0.23910882755053378 0.42513581277511309 -0.39173751460587874 -99.16062215573713 -0.24517042325637647 0.085449559889114304 0.059484823117283099 0.01152822367639539 2.5929810057174635e-09 49.169633043483806 4.8894135835498487 22.856324554803653 -0.052189962688331974 14.731287260336652 639.03872527877263 0.061585050251596225 3.5000000000000004 0.31678719657747673 1.1122275723568953 0.22151691168428969 5.7989675846216615 893.57775185249568 711.58209522836216
decision_type=2 2 8 10 2 2 2 2 2 2 2 2 2 2 2 2 10 2 2 2 2 2 2 2 2 10 2 2 2 2
left_child=1 6 -3 5 13 8 -1 -8 9 -4 11 12 -11 14 -5 -16 -6 -10 21 20 -20 22 23 -13 -12 26 -22 -15 29 -21
right_child=-2 2 3 4 16 -7 7 -9 17 10 24 18 -14 27 15 -17 -18 -19 19 28 25 -23 -24 -25 -26 -27 -28 -29 -30 -31
leaf_value=-0.022488250788821336 -0.032551398764563914 -0.034557396893289773 0.041116772186499367 -0.030321370260898289 0.069368975504874822 0.036741078844437801 -0.0050032740569435647 0.085850173181612865 0.01980159485255881 0.024074859491572693 -0.028299222143398486 -0.023585325657573861 -0.030927059203719517 -0.029859141080760772 0.077162819230535584 -0.017371952617237556 -0.015622504751436787 -0.028967204848635488 -0.016390581531802669 -0.015704371559111183 -0.015567121474266997 0.0046858950521348293 0.077220470153059495 0.043226164529947646 0.015358586314152387 0.053722244402063836 0.036984672932090713 0.017161507763419608 -0.036724411822963203 0.033342341522621229
leaf_weight=0.90998684600344981 3.4848008314147592 4.565700868552085 3.698612697859061 1.9228574716544318 1.4761304475105146 5.3373314314521849 1.3093144463928188 1.5296009889207196 1.9149747776536958 2.2053796613545265 10.136748876866479 2.5693775554173097 5.9783576614936464 17.775098158999757 1.3047416579502178 0.51863765672896989 0.58423156338540139 7.9988232308387524 4.2696488302972311 6.1930487267527523 2.1248467481855196 8.3280852108000527 4.2444358478096547 2.2927295961417258 2.2387625771953026 5.9564559208229184 1.2826815699008873 1.0258368341310413 2.8119457710854476 1.9444246670973371
leaf_count=323 903 948 341 903 651 477 470 548 214 200 1359 308 542 11813 513 204 257 892 317 900 344 583 495 275 300 375 208 682 315 282
internal_value=0.000222633 0.0012865 -0.00012655 0.00166334 -0.0123398 0.00598827 0.0342522 0.0535601 0.00338585 0.00690148 0.00426427 0.0104788 -0.0150975 -0.019663 0.0132386 0.0536445 0.0480391 -0.0185957 0.0156954 0.00658027 0.0220809 0.0274937 0.0458243 0.00991915 -0.0198436 0.0395114 0.00811778 -0.0265564 -0.0129529 -0.00161842
internal_weight=117.934 114.449 110.7 106.134 24.6075 81.5267 3.7489 2.83892 76.1893 66.2755 62.5769 50.2014 8.18374 22.5472 3.74624 1.82338 2.06036 9.9138 42.0177 24.5831 13.6336 17.4346 9.10654 4.86211 12.3755 9.36398 3.40753 18.8009 10.9494 8.13747
internal_count=30568 24327 22997 22453 15163 7290 1330 1018 7221 6115 5860 4201 742 14255 1760 717 908 1106 3459 2238 1013 1221 1061 583 1659 590 552 12495 1225 1182
is_linear=0
shrinkage=0.05


Tree=318
num_leaves=31
num_cat=0
split_feature=10 2 0 4 3 21 2 0 21 1 21 20 3 20 13 7 8 21 15 8 5 7 12 20 15 8 7 1 12 12
split_gain=2.41672 1.57355 3.35581 4.50939 2.09132 1.85076 3.86916 4.41151 3.52986 4.02778 3.31833 3.33123 2.95239 2.57326 5.0085 2.15061 3.76368 3.79884 3.8455 3.57818 3.00239 2.4382 2.47959 3.27735 3.51858 3.97218 3.45768 3.23076 2.8892 2.7689
threshold=13.500000000000002 3.9879552895191459 145.80362580806454 25.831807132467905 29.876458690009954 0.67312341711971502 5.6473150324073069 559.20539631100962 0.26877559015346802 788.79330281546913 0.62877859246129419 26.584941857349104 40.799597741990105 80.511992625664917 31.734333109014141 0.34748155296172872 0.1219084530153496 1.9666679213573952 6.2611785627929889e-09 0.15655316392489918 -44.19617916428534 0.21762049689983812 -98.591927692761473 12.802764440135951 3.6673342663336222e-09 0.16434264550980074 0.023483619225163292 350.49452701445404 -99.262214028654952 -100.16318006032348
decision_type=2 2 2 2 2 8 2 2 8 2 8 10 2 10 2 2 2 8 2 2 2 2 2 10 2 2 2 2 2 2
left_child=1 4 3 -3 -1 8 7 15 -4 10 11 -10 -8 -13 -15 21 -17 18 -18 -19 -21 22 28 -24 25 26 -25 -26 29 -7
right_child=-2 2 5 -5 -6 6 12 -9 9 -11 -12 13 -14 14 -16 16 17 19 -20 20 -22 -23 23 24 27 -27 -28 -29 -30 -31
leaf_value=0.032041297404921662 -0.028288368997777303 -0.051000984277201615 -0.00021886901332507873 0.0013236170051950987 -0.0028654614621669433 -0.0016111626192302495 0.02414342433491215 -0.039990476241586061 -0.022078134974945013 0.0047056323719859893 -0.048853904349391603 0.027219437449052575 -0.0050250866461952854 0.028225335524802692 -0.067582225455102382 0.014918940874043708 -0.038614510565543041 -0.039508327072059465 0.0065830591281774405 -0.019151074718847423 0.025218597981602104 0.01353206533410993 0.023104336431743235 0.0069437818730859737 -0.050901849372756526 0.029557879321105186 -0.064014371605617904 0.01017770855939742 -0.039755322854188015 0.03677101308827669
leaf_weight=7.5722647478105509 6.8458732832223177 6.6928411466069528 254.24125589174218 8.7541798667516542 8.2904931753873807 188.36063441250008 30.571388476178981 5.6518220453290269 31.691807256778702 22.551734481006861 7.7595037147402754 6.5507931800093493 11.544491984415798 1.9805482893716555 1.6458825378213078 13.14398589148186 18.070967378676873 3.218532157829034 5.8995123801287264 4.6589004853740379 11.354398836032486 44.22186620417051 25.045598625787534 4.3356429925188475 4.6399593022651979 9.7257443104172108 1.6718736764742061 3.0503360410220921 3.8465654692845455 3.818696225527674
leaf_count=225 276 204 2974 267 246 9902 3276 338 1068 616 259 669 1237 240 200 742 706 246 230 397 966 2666 2240 523 341 1340 202 225 205 201
internal_value=1.54086e-05 -0.00039285 -0.000738475 -0.0230699 0.0147096 -0.000227509 0.00208222 0.000343572 -0.00300502 -0.0126816 -0.0205194 -0.0142512 0.0162169 0.00991666 -0.0204667 0.00111786 -0.00773308 -0.0148064 -0.0276725 0.00180505 0.0119428 0.00286594 0.000889498 0.0108946 -0.0025721 0.0109388 -0.0191207 -0.0282915 -0.00162709 -0.000662092
internal_weight=757.408 750.562 734.699 15.447 15.8628 719.252 392.831 350.715 326.422 72.1803 49.6285 41.869 42.1159 10.1772 3.62643 345.063 56.3463 43.2023 23.9705 19.2318 16.0133 288.717 244.495 48.4692 23.4236 15.7333 6.00752 7.6903 196.026 192.179
internal_count=30568 30269 29798 471 471 29327 25509 20996 3818 1971 1659 1411 4513 1039 440 20588 3181 2404 936 1468 1363 17407 14776 4335 2733 2167 725 566 10441 10103
is_linear=0
shrinkage=0.05


Tree=319
num_leaves=31
num_cat=0
split_feature=11 12 15 1 5 2 3 21 3 6 8 8 8 11 21 21 7 17 3 12 16 2 1 7 3 2 20 17 16 21
split_gain=1.00906 1.65406 1.70578 3.45506 2.6175 3.64484 2.80937 3.75125 4.11994 4.59458 3.09565 5.59539 6.51869 5.00356 4.61974 4.66798 5.78668 4.08726 2.83292 4.32113 4.33975 3.16959 2.61453 2.45309 2.36702 2.65936 3.18688 3.12912 3.63393 4.7798
threshold=-128.50537992329248 -126.10251266064104 7.7074941031069835e-08 90.922250455812176 44.89652868748891 5.3318303588436065 36.903074452216657 1.5573936113617852 32.398309160047553 -0.18208235500172884 0.20974925987082041 0.25462963057223259 0.23719188532981586 -73.073572644552939 0.58427687026696018 0.31888987793925305 0.01152822367639539 1.0000000180025095e-35 21.540958771180403 -103.67080107978519 1.343098801598416e-06 5.5976214400205402 969.28967126211012 -0.38778591348147179 28.898883842963802 4.9367769795325769 128.99653335555152 2.0473042826441126 1.0000000180025095e-35 2.2646888616362904
decision_type=2 2 2 2 2 2 2 10 2 2 2 2 2 2 10 8 2 2 2 2 2 2 2 2 2 2 10 2 2 8
left_child=-1 -2 4 -4 6 -6 7 10 9 22 13 12 -12 14 15 -3 -17 -18 -13 20 21 -20 -9 -23 25 -11 27 28 29 -27
right_child=1 2 3 -5 5 -7 -8 8 -10 24 11 18 -14 -15 -16 16 17 -19 19 -21 -22 23 -24 -25 -26 26 -28 -29 -30 -31
leaf_value=-0.0098303935294011199 0.020069620155568138 -0.020783555493219322 0.054663493360257144 -0.0044467801318202075 -0.031567331525328757 0.023603257683453626 -0.0050205384410409544 -0.030063674330618642 0.055920648901298387 -0.0035642364865943951 0.0048615537648476577 -0.013173619016376308 0.10106384217027381 0.061513768380424938 -0.03906836061660364 -0.016661403657456379 0.10204638313315069 -0.016387748663343745 0.066709515771276581 -0.023672341970712007 -0.02714768560884941 0.051425438542519991 0.028812772619414381 -0.027414792742877898 -0.015677958223824982 -0.018742186263313934 -0.022370092849404326 -0.020424058580573581 0.085233597875467387 0.061721051448264633
leaf_weight=11.330465515027752 15.601689420640467 7.3632378673646688 3.6966364806285137 4.928765423304867 10.506457128765758 3.2281910937745124 52.003216480021365 6.6918448887590811 6.3651333359593991 3.8140859899285795 3.8813625232141931 15.14760056967498 2.394916333432775 1.2089108726650009 11.372252449888036 2.4567867588775698 2.0283561752003165 0.63364050589734688 5.5683179633342679 3.8040579488151707 1.6866382057778535 0.50208921486046443 1.6269792505772782 1.875420611846492 2.3604580121755134 2.9322434143687142 1.1404639985994434 0.94338657346088439 5.1397806608874816 2.7547742910974184
leaf_count=1776 2586 1736 207 277 1105 340 10133 1964 1616 1026 732 3472 452 266 2591 1135 880 275 1181 822 333 200 478 748 629 998 327 254 1421 937
internal_value=-0.000156603 0.00499131 0.00348106 0.0239336 0.00223227 -0.0178782 0.00423701 0.00937408 0.022441 0.0129697 0.00176289 0.011267 0.0504151 -0.0113814 -0.017402 0.00377157 0.0367175 0.0770785 0.00125757 0.0173121 0.0342018 0.0488033 -0.0166925 -0.000468826 0.0260863 0.0325327 0.0426861 0.0502478 0.057612 0.0236353
internal_weight=194.988 183.658 168.056 8.6254 159.431 13.7346 145.696 93.6927 33.7692 27.404 59.9236 34.8604 6.27628 25.0632 23.8543 12.482 5.11878 2.662 28.5841 13.4365 9.63247 7.94583 8.31882 2.37751 19.0852 16.7247 12.9106 11.7702 10.8268 5.68702
internal_count=30568 30447 30319 484 29835 1445 28390 21828 8572 7529 13256 7736 1184 5520 5434 2943 2364 1155 6552 2905 1901 1685 2442 948 5087 4498 3702 3174 2993 1935
is_linear=0
shrinkage=0.05


Tree=320
num_leaves=31
num_cat=0
split_feature=8 1 1 8 21 8 1 2 12 4 1 21 10 1 7 7 3 9 6 8 3 11 12 12 11 6 0 8 20 7
split_gain=1.3394 1.9824 5.09889 3.17041 3.13225 1.75786 1.73195 2.70524 2.62804 2.0997 2.21114 2.86245 3.13249 2.99288 3.01695 3.19097 2.54983 2.49266 2.89983 2.66359 4.53562 2.95666 2.44195 5.05605 4.5655 4.48787 2.94634 2.74793 2.68856 2.26523
threshold=0.0078237982663118561 1013.1202485432701 993.70085261680754 0.34664385948903959 0.20662457464586353 0.018611523220353202 893.57775185249568 4.6282172982732597 -126.10251266064104 88.614436198824066 310.37130766131804 1.8277542308877452 3.5000000000000004 281.12803277324207 -0.20529980568541892 -0.15369792080568254 58.733224838428505 0.14715709949196401 0.40179413194879837 0.071329761856275389 21.204503568641805 -124.12575205840449 -105.2187647178305 -110.30133303542813 -100.442836271395 0.28674311713658002 325.47723413858154 0.092781883403522461 28.476444016397604 0.26175048191520039
decision_type=2 2 2 2 8 2 2 2 2 2 2 10 2 2 2 2 2 2 2 2 2 2 2 2 2 2 2 2 8 2
left_child=-1 2 4 -3 -2 -6 7 8 -7 10 11 12 22 14 -13 -16 -17 18 -12 20 -19 -21 23 26 25 27 -9 -24 -26 -28
right_child=1 3 -4 -5 5 6 -8 9 -10 -11 17 13 -14 -15 15 16 -18 19 -20 21 -22 -23 24 -25 28 -27 29 -29 -30 -31
leaf_value=0.029145118383511349 -0.020571562485188488 -0.024314840243238017 0.044254604366106676 0.013200967929349506 -0.024534028345730607 0.034194877544345963 0.026004024940721002 -0.012964915379440035 -0.036361774514040414 0.041805449424310567 -0.034524701875404913 -0.031479256886245317 -0.0091608243250856421 0.050811805643687424 0.036571769964498978 -0.017621649540443471 0.016949272405214148 0.090564204349019128 0.026115743900476801 0.026101622378117858 -0.010804956314647476 -0.012568280237142335 0.0031025935465530952 -0.022713169383580294 0.031655569551246425 -0.019284429131312078 0.042673998812100794 0.099749223249794156 -0.028702894775032125 -0.0025108970434382441
leaf_weight=4.1275094884040291 11.869750419151387 14.03654593706597 6.923297579633072 8.1974762277677637 3.8456631385924984 0.80323530733585435 9.2694134104531258 3.4715095998544774 5.8094287546264232 3.0548717121710069 9.2546025487099524 7.2232019342482081 8.3835388743318617 1.5773051801079419 4.6703011709614684 13.943800308217762 7.351870734244585 1.1723407921090296 1.6636095767898949 5.6585440884809968 1.862963113671867 18.258908444462577 0.9363016029092267 6.18496722074633 3.4468930022994799 0.84617286501452327 13.787725611153293 4.0937447618925944 2.1915373884839928 3.2822406392951962
leaf_count=674 2212 812 1240 474 742 219 1794 261 1587 612 2361 1141 1662 254 663 2221 1171 300 424 1433 477 4623 272 883 1472 271 1118 1191 936 266
internal_value=0.000192438 0.00317831 0.00512386 -0.0105103 0.00308939 0.00519657 0.00619419 0.00458078 -0.0244253 0.00633426 0.0050856 0.00969195 0.0176555 -0.00118284 -0.00506779 0.00317425 -0.00546188 -0.00480887 -0.0238689 0.0034898 0.0410879 -0.00273915 0.023618 0.0143954 0.0421638 0.069588 0.0261044 0.0852572 0.00740575 0.0343276
internal_weight=187.199 183.072 160.838 22.234 153.914 142.045 138.199 128.93 6.61266 122.317 119.262 81.3911 46.6246 34.7665 33.1892 25.966 21.2957 37.871 10.9182 26.9528 3.0353 23.9175 38.2411 26.7264 11.5146 5.87622 20.5415 5.03005 5.63843 17.07
internal_count=30568 30083 28797 1286 28681 27410 26752 26329 1806 24523 24447 14829 9241 5588 5244 3685 3392 9618 2785 6833 777 6056 8108 3815 4293 1885 1545 1463 2408 1384
is_linear=0
shrinkage=0.05


Tree=321
num_leaves=31
num_cat=0
split_feature=21 15 16 12 12 12 20 3 16 5 3 21 21 1 15 5 13 5 13 21 16 20 7 8 12 2 6 3 15 6
split_gain=5.018 8.56166 4.98863 6.40742 3.97757 5.6994 5.9284 2.85728 2.80957 2.91107 4.31168 2.5151 2.54394 2.36943 2.94391 2.36256 3.85574 3.37849 4.90466 2.6345 2.53457 2.51654 2.2247 2.42312 3.25386 2.16205 1.7168 2.19959 2.50374 1.70287
threshold=0.7808619957522146 1.5881867761018134e-22 18.321633832593225 -111.932706011078 -87.702722647968173 -89.42648407199674 3.9250354428408305 53.849672080802307 2.2033833419237245 -24.125307424997136 22.595058147153154 1.1297382752063052 1.1658200903786151 809.2176251833597 4.3623594137459278e-09 -4.5518163066135982 31.418025032671519 29.410483501777104 21.08054879736429 0.029325582523216705 1.0000000180025095e-35 0.47749307122403956 -0.13132915048906788 0.42889442362835234 -102.48419731271724 5.4350516360389269 0.16669603219355891 30.607990794438901 4.8815927229732064e-09 0.022282029538927221
decision_type=8 2 2 2 2 2 8 2 2 2 2 8 8 2 2 2 2 2 2 8 2 10 2 2 2 2 2 2 2 2
left_child=8 -2 3 -3 5 6 -5 11 9 10 -1 -8 -13 14 -6 16 19 18 -17 -11 -19 -18 -14 26 -25 -23 27 28 -24 -30
right_child=1 2 -4 4 13 -7 7 -9 -10 15 -12 12 22 -15 -16 17 21 20 -20 -21 -22 25 23 24 -26 -27 -28 -29 29 -31
leaf_value=0.0014504377793337236 -0.034051454022260945 -0.037759483216469839 0.034449448491547935 0.017756648327932424 0.02097645050329365 0.06425495021399813 -0.038397919916789369 0.035761293009116742 -0.018868461531541852 0.0086404283564988638 -0.037581924945262607 0.048415455855374115 -0.029442052388107293 -0.044969456627700771 -0.02874020328961345 0.011581640591382837 0.013914055440810128 0.002360535762636689 -0.015410381858486213 0.034452764245109402 0.024589338624689372 -0.03545142615724306 -0.018861980780896924 -0.021550434293602472 0.06771932530803533 0.0066621583869055775 -0.033756497763386108 -0.03115732406435295 0.0047568586978861674 0.057801793851587707
leaf_weight=22.293143556220464 29.237657095538452 13.325693137419874 6.9131511859595776 27.464739052578807 4.5008631127420875 2.6881258123903518 8.2602900194469822 1.973421085742302 14.810363605618475 20.077606667240616 9.3172507920535264 0.9123471988132259 9.6885354049736652 6.2238097134977579 5.5692100238520652 25.382027960091364 9.7412415753933637 34.758662113803439 45.825836883683223 20.340248771477491 19.548537779599428 6.7307302539120419 2.9240771500626606 1.0537581794196753 1.6126375987078061 4.5797703062416986 3.8392387954518199 2.670418759691529 3.1646675365045676 2.2927672808291391
leaf_count=586 5645 1540 766 3304 356 317 1671 389 294 205 245 209 2262 372 440 605 308 384 1091 208 216 346 600 240 368 236 886 581 370 268
internal_value=-0.000112868 -0.0105981 -0.00381273 -0.00682753 -0.00158574 0.00376942 0.000376383 -0.0121921 0.00149854 0.0029581 -0.0108541 -0.0156768 -0.00792333 -0.0230291 -0.00663156 0.00533841 0.0132851 0.00137239 -0.00576193 0.0221487 0.010662 -0.00396512 -0.0114571 -0.000481032 0.0361845 -0.0192431 -0.0089102 0.00180571 0.0145097 0.0325421
internal_weight=367.721 134.315 105.078 98.1646 84.8389 68.545 65.8569 38.3922 233.405 218.595 31.6104 36.4187 28.1584 16.2939 10.0701 186.985 61.4696 125.515 71.2079 40.4179 54.3072 21.0517 27.2461 17.5576 2.6664 11.3105 14.8912 11.0519 8.38151 5.45743
internal_count=30568 25934 11638 11346 9058 8083 7922 7559 4634 4205 831 7368 6458 975 796 3374 1078 2296 1696 413 600 665 6362 4044 608 582 3436 2404 1720 638
is_linear=0
shrinkage=0.05


Tree=322
num_leaves=14
num_cat=0
split_feature=6 2 20 8 6 15 20 0 8 7 2 1 9
split_gain=0.843627 1.48564 1.47733 1.22828 1.11601 1.60688 1.15222 1.03827 0.866226 0.737293 0.66879 0.414161 0.184364
threshold=-0.038248842752062633 5.4312810233507713 5.5459508458753612 0.17966970372321714 -0.10667111322726662 3.1763735522036267e-22 11.841071408867602 679.90019835484566 0.23149765429262106 -0.20529980568541892 5.3318303588436065 618.77936343523322 0.17625547962054314
decision_type=2 2 10 2 2 2 8 2 2 2 2 2 2
left_child=2 -2 -1 -3 6 12 10 -8 -5 11 -4 -10 -6
right_child=1 3 4 8 5 -7 7 -9 9 -11 -12 -13 -14
leaf_value=-0.024861979157728947 -0.031814174612055733 -0.023923360178792232 0.039669661681866718 0.043805500998624389 0.073302318215772141 -0.014204298112666124 -0.024712439351942183 0.024650729587926874 -0.010535403026089282 -0.021980602433678255 0.0017135907519251704 0.03005552247044016 0.0086860697583059313
leaf_weight=1.4182795927081358 2.9585799006672469 1.1945778801891727 1.8088925101910764 1.2835614890354929 0.8866327019859449 0.46353890942555154 2.6977419384184036 0.59473630464708549 0.32825447594769186 1.0047433562522181 2.1389063459573663 0.95135390754876425 0.43661922618412063
leaf_count=1932 6260 1754 222 1513 517 389 6572 1449 272 1555 262 790 255
internal_value=-8.96362e-05 -0.00892302 0.0117602 0.00835067 0.0194197 0.0466431 0.00785627 -0.0121302 0.0220281 0.000179578 0.0236078 0.019589 0.0648974
internal_weight=18.1664 7.72107 10.4453 4.76249 9.02707 1.78679 7.24028 3.29248 3.56791 2.28435 3.9478 1.27961 1.32325
internal_count=30568 16338 14230 6993 10005 1500 8505 8021 4206 3535 484 1062 772
is_linear=0
shrinkage=0.05


Tree=323
num_leaves=31
num_cat=0
split_feature=19 2 21 17 15 15 1 2 8 8 8 9 8 9 3 1 2 5 7 3 9 4 6 4 1 20 15 1 0 6
split_gain=1.90668 2.0291 5.0945 2.84429 3.60468 3.77217 3.64851 2.98132 2.4005 2.33147 3.84519 6.50666 3.18228 3.06029 2.74282 4.27411 2.55612 2.65534 2.52635 2.436 2.23671 1.52185 1.46858 0.750339 0.550795 0.45664 0.411245 0.389635 0.387873 0.142635
threshold=4.5000000000000009 4.8894135835498487 1.0839661223666053 1.0000000180025095e-35 3.409152253279759e-09 1.0000000180025095e-35 645.80607780058358 3.9879552895191459 0.44165800079303136 0.18737756200169733 0.24527732883301925 0.28744325619723737 0.31941261941625837 0.11332258774742955 31.128971760694103 850.00986522849462 5.2951503221514011 -32.795198698559467 -0.075913039610038244 43.750309503558604 0.13224993177421676 38.621003927961503 0.0038744439306485534 22.856324554803653 877.91503240304712 24.008749171269205 2.8851513885439134e-09 414.30359197127706 323.17745425255458 0.26785527612850851
decision_type=2 2 8 2 2 2 2 2 2 2 2 2 2 2 2 2 2 2 2 2 2 2 2 2 2 10 2 2 2 2
left_child=1 3 8 4 5 6 7 -1 9 16 11 -11 13 -12 15 27 28 -18 22 -16 -5 -9 -19 -20 -6 -23 -10 -14 -3 -15
right_child=-2 2 -4 20 24 -7 -8 21 26 10 12 -13 14 29 19 -17 17 18 23 -21 -22 25 -24 -25 -26 -27 -28 -29 -30 -31
leaf_value=-0.017296531728585737 -0.032317776435895361 -0.010666727084953474 -0.037339441390618157 0.02101659508650806 0.024869468282646776 -0.033158474811181414 -0.016039775122251639 0.094266326727701119 -0.035112538113393377 0.0012062320418649826 0.015482041170936239 0.071746021797821774 -0.011719084682289466 -0.04136483499052248 0.042876854642572494 0.029066379744613235 0.035797712798788704 0.02768442572900115 -0.0067006785988368168 0.0041735787023207301 -0.033765874591014787 -0.014285939961310066 -0.0072746844983905172 -0.037441750518199882 0.085935078601592357 0.026491154405245694 -0.0065555814171911536 -0.037107235992749434 -0.037408768914508284 -0.016417409853545253
leaf_weight=0.68747202169470734 3.3776490110903978 3.1749720596781152 8.0332877338150848 2.399945727069281 1.7785589868944967 2.581783407695184 2.1458580730322865 1.8368406238223554 3.5733256685052774 7.0566790669108732 3.8807700949109849 5.1473460161359981 4.2232939347450209 4.8147866870276639 8.0019611845636955 4.6628568128653569 3.7714559877058553 4.9341472009255165 4.0249929938145135 7.8492698961199494 3.2980625023701577 0.50458447358687508 5.4239302945643431 4.2862943234504201 1.6056326875404918 0.34128366154618561 2.5028545512177516 3.7566143555013696 4.7636446722463006 2.8980433056422044
leaf_count=241 880 204 1739 435 238 604 542 730 298 316 245 231 340 363 218 296 205 229 316 214 598 295 251 336 215 200 208 302 307 219
internal_value=0.000220762 0.00130269 -0.00156094 0.016633 0.0301282 0.00912785 0.0309713 0.057725 0.00205765 0.00440072 0.0107258 0.0341385 0.00294083 -0.0181806 0.0118597 -0.00535949 -0.00648146 0.0024214 -0.00579823 0.0250966 -0.0109992 0.0764264 0.0103496 -0.0248729 0.0668348 0.00760496 -0.0259383 -0.0264721 -0.0291034 -0.0349512
internal_weight=117.338 113.961 96.7805 17.18 11.482 8.09782 5.51604 3.37018 88.7472 82.6711 52.2916 12.204 40.0876 11.5936 28.494 12.6428 30.3794 22.4408 18.6694 15.8512 5.69801 2.68271 10.3581 8.31129 3.38419 0.845868 6.07618 7.97991 7.93862 7.71283
internal_count=30568 24327 20948 3379 2346 1893 1392 1182 4748 4242 2514 547 1967 733 1234 802 1728 1217 1132 432 1033 1066 480 652 453 495 506 642 511 582
is_linear=0
shrinkage=0.05


end of trees

feature_importances:
nn_norm_range_sep=967
abs_bistatic_doppler_hz=794
nn_norm_ang_sep=732
abs_frac_u=506
abs_frac_v=502
rx_elevation_deg=483
k_factor_db=469
log_R=412
frac_v=400
rss_total_db=391
frac_u=321
az_off_boresight=314
rx_azimuth_deg=302
rms_delay_spread=293
rss_max=283
n_targets=224
aoa_spread_w=221
bistatic_range_m=171
zoa_spread_w=120
n_mpc=101
first_rss_minus_dom=2
dom_excess_delay=1

parameters:
[boosting: gbdt]
[objective: multiclass]
[metric: multi_logloss]
[tree_learner: serial]
[device_type: cuda]
[data_sample_strategy: bagging]
[data: ]
[valid: ]
[num_iterations: 500]
[learning_rate: 0.05]
[num_leaves: 31]
[num_threads: 0]
[seed: 42]
[deterministic: 0]
[force_col_wise: 0]
[force_row_wise: 1]
[histogram_pool_size: -1]
[max_depth: 4]
[min_data_in_leaf: 200]
[min_sum_hessian_in_leaf: 0.001]
[bagging_fraction: 1]
[pos_bagging_fraction: 1]
[neg_bagging_fraction: 1]
[bagging_freq: 0]
[bagging_seed: 400]
[bagging_by_query: 0]
[feature_fraction: 1]
[feature_fraction_bynode: 1]
[feature_fraction_seed: 30056]
[extra_trees: 0]
[extra_seed: 12879]
[early_stopping_round: 0]
[early_stopping_min_delta: 0]
[first_metric_only: 0]
[max_delta_step: 0]
[lambda_l1: 0]
[lambda_l2: 1]
[linear_lambda: 0]
[min_gain_to_split: 0]
[drop_rate: 0.1]
[max_drop: 50]
[skip_drop: 0.5]
[xgboost_dart_mode: 0]
[uniform_drop: 0]
[drop_seed: 17869]
[top_rate: 0.2]
[other_rate: 0.1]
[min_data_per_group: 100]
[max_cat_threshold: 32]
[cat_l2: 10]
[cat_smooth: 10]
[max_cat_to_onehot: 4]
[top_k: 20]
[monotone_constraints: ]
[monotone_constraints_method: basic]
[monotone_penalty: 0]
[feature_contri: ]
[forcedsplits_filename: ]
[refit_decay_rate: 0.9]
[cegb_tradeoff: 1]
[cegb_penalty_split: 0]
[cegb_penalty_feature_lazy: ]
[cegb_penalty_feature_coupled: ]
[path_smooth: 0]
[interaction_constraints: ]
[verbosity: -1]
[saved_feature_importance_type: 0]
[use_quantized_grad: 0]
[num_grad_quant_bins: 4]
[quant_train_renew_leaf: 0]
[stochastic_rounding: 1]
[linear_tree: 0]
[max_bin: 255]
[max_bin_by_feature: ]
[min_data_in_bin: 3]
[bin_construct_sample_cnt: 200000]
[data_random_seed: 175]
[is_enable_sparse: 1]
[enable_bundle: 1]
[use_missing: 1]
[zero_as_missing: 0]
[feature_pre_filter: 1]
[pre_partition: 0]
[two_round: 0]
[header: 0]
[label_column: ]
[weight_column: ]
[group_column: ]
[ignore_column: ]
[categorical_feature: ]
[forcedbins_filename: ]
[precise_float_parser: 0]
[parser_config_file: ]
[objective_seed: 16083]
[num_class: 6]
[is_unbalance: 0]
[scale_pos_weight: 1]
[sigmoid: 1]
[boost_from_average: 1]
[reg_sqrt: 0]
[alpha: 0.9]
[fair_c: 1]
[poisson_max_delta_step: 0.7]
[tweedie_variance_power: 1.5]
[lambdarank_truncation_level: 30]
[lambdarank_norm: 1]
[label_gain: ]
[lambdarank_position_bias_regularization: 0]
[eval_at: ]
[multi_error_top_k: 1]
[auc_mu_weights: ]
[num_machines: 1]
[local_listen_port: 12400]
[time_out: 120]
[machine_list_filename: ]
[machines: ]
[gpu_platform_id: -1]
[gpu_device_id: -1]
[gpu_device_id_list: ]
[gpu_use_dp: 0]
[num_gpu: 1]

end of parameters

pandas_categorical:null
