tree
version=v4
num_class=1
num_tree_per_iteration=1
label_index=0
max_feature_idx=21
objective=regression
feature_names=bistatic_range_m abs_bistatic_doppler_hz log_R rx_elevation_deg rx_azimuth_deg az_off_boresight frac_u frac_v abs_frac_u abs_frac_v n_mpc rss_max rss_total_db k_factor_db dom_excess_delay rms_delay_spread aoa_spread_w zoa_spread_w first_rss_minus_dom n_targets nn_norm_range_sep nn_norm_ang_sep
feature_infos=[11.489456688024401:859.78271023567504] [0.00457646671884584:1334.6491022801999] [1.7482826245451584:6.0635325142464014] [-28.137560477661399:79.802158906949103] [-29.985003060425299:89.997910362440393] [-59.985003060425299:59.997910362440393] [-0.4999911233759029:0.49999466988442931] [-0.49989917202440104:0.49998628115944754] [2.5258113836912344e-05:0.49999466988442931] [2.8371981528607648e-05:0.49998628115944754] [1:21] [-134.38033842337299:-27.575337708879498] [-133.95497160075047:-27.575337708879498] [-7.1111958389131189:60] [0:80.241415323251985] [0:1.6263598985340585e-06] [0:156.66068926350505] [0:27.802742572532459] [0:2.759334519723198e-06] [1:5] [0:541.05583222151301] [0:9.8589013330550692]
tree_sizes=5450 5642 5656 5663 5680 5697 5674 5673 5682 5677 5685 5720 5728 5690 5682 5711 5615 5686 5723 5630 5618 5676 5730 5719 5746 5625 5653 5651 5703 5652 5624 5644 5705 5646 5667 5631 5617 5605 5662 5642 5675 5724 5714 5675 5722 5683 5652 5674 5684 5646 5702 5716 5701 5640 5653 5684 5643 5668 5750 5676 5683 5685 5649 5710 5661 5671 5685 5637 5649 5700 5662 5725 5710 5645 5679 5740 5668 5691 5644 5673 5693 5734 5684 5751 5693 5712 5682 5697 5723 5777 5745 5696 5662 5714 5639 5721 5637 5676 5736 5728

Tree=0
num_leaves=63
num_cat=0
split_feature=10 20 19 15 11 12 11 5 20 19 15 11 3 5 3 20 11 20 12 5 16 11 12 9 3 19 15 8 20 3 19 20 19 10 12 20 5 15 6 3 8 6 20 8 6 9 20 15 12 12 9 20 6 12 11 6 3 11 9 9 3 3
split_gain=4868.43 4016.91 1006.35 850.614 354.551 316.339 248.352 217.288 182.563 358.369 143.674 94.2086 81.8455 77.4609 65.4753 64.3214 57.3001 84.5432 56.5709 47.203 45.7397 43.5563 39.2455 37.8415 52.1881 44.5858 34.2839 37.354 36.3098 34.0462 33.621 59.002 74.8329 87.3453 84.041 46.2975 53.9587 41.6566 35.9144 55.3086 63.8692 54.4223 81.3213 33.5357 43.9847 31.5791 35.8048 30.8705 28.4472 38.6562 29.9822 36.2855 30.5525 28.3919 27.2015 29.0126 25.0806 25.049 30.0102 25.6469 24.8582 29.2446
threshold=15.500000000000002 3.1176223902685902 2.5000000000000004 8.0889145823496209e-10 -58.267354290735689 -111.19495374022763 -100.28977197138549 22.444695673624505 11.243684383646352 2.5000000000000004 1.5323495740249746e-09 -100.40463399057299 25.603666943072451 28.261057223789152 17.881221724896204 1.6136882485306052 -124.09794377116648 74.366726388535525 -108.48443346942499 -7.1227879998605497 8.3998068137122175 -103.0143887088165 -102.81344057569383 0.27550089091892144 28.799540434568353 4.5000000000000009 1.1458943407073503e-08 0.15975617197524386 8.3239899629552365 26.494868456852654 4.5000000000000009 40.74343990171181 2.5000000000000004 3.5000000000000004 -101.87408543144133 117.80130021960801 -7.4467570878506999 1.7856050084192783e-08 0.22538797399232116 52.51979483358091 0.37146102330491187 0.18494591343686387 91.37355858013936 0.30632558344251409 -1.0000000180025095e-35 0.28333158758365984 7.6979648307753665 7.2387310133453438e-09 -113.22740267872798 -105.19065035166662 0.34352019392655736 207.47795525394403 -0.011688546114477559 -120.13844928874529 -75.861932520251074 0.4810836379263615 7.7698955607257352 -107.33243521324549 0.23067818385874531 0.30460625186953832 -1.0000000180025095e-35 2.8251113026926107
decision_type=2 8 2 2 2 2 2 2 8 2 2 2 2 2 2 8 2 8 2 2 2 2 2 2 2 2 2 2 8 2 2 8 2 2 2 10 2 2 2 2 2 2 10 2 2 2 8 2 2 2 2 8 2 2 2 2 2 2 2 2 2 2
left_child=1 2 3 6 8 13 7 15 9 10 11 -3 -7 -5 -8 21 17 -10 -9 29 30 -1 -14 -22 25 -25 27 28 -21 45 31 32 33 57 -35 37 48 38 41 -40 -41 47 -43 44 -19 46 -11 60 -37 50 51 52 -50 -32 55 -55 -56 58 -18 -59 -33 -62
right_child=-2 4 -4 5 -6 12 14 18 16 19 -12 -13 22 -15 -16 -17 20 43 -20 26 23 -23 -24 24 -26 -27 -28 -29 -30 -31 53 35 -34 34 -36 36 -38 -39 39 40 -42 42 -44 -45 -46 -47 -48 -49 49 -51 -52 -53 -54 54 56 -57 -58 59 -60 -61 61 -63
leaf_value=-2.7586360608001304 -2.6123507993956641 -2.7037214166231731 -2.7502987387775417 -2.7199373443684194 -2.816457977502929 -2.6440836422795191 -2.6811983487798488 -2.7201697408559005 -2.7190141940487309 -2.7897266295746661 -2.6837532168194058 -2.7582309524706359 -2.6905995052087386 -2.6763091339555332 -2.7116348140460773 -2.7175535569332347 -2.7783481231927323 -2.7268732091694967 -2.6784016639574886 -2.7730834612717064 -2.7402077441493637 -2.7284377180653121 -2.655982617137278 -2.7536075013022367 -2.7394062421348639 -2.7879325509212962 -2.7254652440675953 -2.7429422952622868 -2.7419564630031941 -2.7497669163235812 -2.7365537801814854 -2.7739377517917427 -2.7540059634372649 -2.7379616174313068 -2.6952117588731728 -2.7447682654157219 -2.7490872199118215 -2.7452236022449554 -2.7532916063309845 -2.7941037635378216 -2.7549093257446406 -2.7638503260286771 -2.8045799991791776 -2.7717909623621062 -2.7637116931052441 -2.7520550345921411 -2.7586101364282922 -2.7655207279914213 -2.7811315094281679 -2.7551935321362571 -2.7819310951087783 -2.7406514039874432 -2.7554546305268786 -2.7584163062923386 -2.7886126068932202 -2.7396776411921673 -2.7601002678354498 -2.7397060336126366 -2.749487126348614 -2.7559903042286296 -2.7480780599933503 -2.7574382536291937
leaf_weight=184 227 53 365 101 83 287 156 56 95 74 106 60 73 59 116 62 53 60 66 87 315 55 63 83 99 57 67 349 54 196 53 78 2336 171 54 132 1637 267 2645 65 87 338 50 61 55 80 61 426 86 612 97 54 81 3843 50 75 63 227 81 140 315 6296
leaf_count=184 227 53 365 101 83 287 156 56 95 74 106 60 73 59 116 62 53 60 66 87 315 55 63 83 99 57 67 349 54 196 53 78 2336 171 54 132 1637 267 2645 65 87 338 50 61 55 80 61 426 86 612 97 54 81 3843 50 75 63 227 81 140 315 6296
internal_value=-2.75044 -2.75163 -2.70636 -2.69382 -2.75494 -2.66711 -2.71632 -2.73077 -2.75471 -2.74326 -2.7087 -2.73248 -2.6535 -2.70349 -2.69399 -2.74452 -2.75535 -2.74166 -2.69717 -2.75112 -2.75552 -2.75162 -2.67399 -2.74702 -2.75601 -2.76775 -2.74543 -2.7482 -2.76119 -2.75882 -2.75575 -2.75515 -2.75139 -2.74299 -2.7275 -2.75601 -2.7525 -2.75691 -2.75721 -2.75431 -2.77185 -2.75829 -2.76922 -2.754 -2.74445 -2.76703 -2.77583 -2.75769 -2.75777 -2.75962 -2.76809 -2.76189 -2.76878 -2.75819 -2.75848 -2.75805 -2.77294 -2.74997 -2.76102 -2.74592 -2.75719 -2.75699
internal_weight=24377 24150 1643 1278 22507 583 695 423 22424 1187 219 113 423 160 272 301 21237 271 122 968 20966 239 136 554 239 140 557 490 141 411 20412 16328 3062 726 225 13266 2699 10567 10300 2797 152 7503 388 176 115 215 135 7115 1062 930 318 221 167 4084 4031 3918 113 501 134 367 6689 6611
internal_count=24377 24150 1643 1278 22507 583 695 423 22424 1187 219 113 423 160 272 301 21237 271 122 968 20966 239 136 554 239 140 557 490 141 411 20412 16328 3062 726 225 13266 2699 10567 10300 2797 152 7503 388 176 115 215 135 7115 1062 930 318 221 167 4084 4031 3918 113 501 134 367 6689 6611
is_linear=0
shrinkage=1


Tree=1
num_leaves=63
num_cat=0
split_feature=13 21 20 13 2 11 13 1 13 3 15 4 1 21 20 19 21 12 3 1 20 2 2 3 13 1 21 13 15 21 21 15 21 20 11 12 1 15 1 3 21 6 20 20 19 20 13 3 6 1 3 2 13 2 21 2 6 1 21 12 12 11
split_gain=4485.39 3996.77 636.112 500.636 480.929 437.418 397.052 178.47 240.427 115.443 110.936 106.424 103.103 92.4712 82.2931 194.657 83.1037 75.7489 63.8912 62.1719 55.5672 54.0084 62.9575 51.7385 50.2336 48.9502 41.4603 55.5186 63.4272 39.5795 39.198 77.1954 36.446 35.2627 39.5749 38.036 35.1574 32.9576 31.1713 56.3801 33.5719 30.2389 30.0464 29.6717 29.1585 32.856 28.2631 31.5468 27.9749 27.9285 27.8624 39.1713 37.3095 27.6575 26.7907 24.8945 24.3989 23.8287 23.714 23.6171 23.4752 22.7715
threshold=7.9699423268201111 0.059577513970665803 3.9913786367212603 20.321102511702339 3.3409260858979981 -101.35807498823849 27.88045940317706 811.81796292795354 50.498843589471157 18.198428345230202 7.2305518765730566e-10 58.51765876089781 929.54083285078661 1.4954735580177552 11.243684383646352 2.5000000000000004 1.1708681597531403 -111.19495374022763 46.63555384836986 703.22588612100105 15.732339696597101 3.6875539612022563 4.9828488335287657 13.634954221758102 20.621442718376084 88.674191158657663 0.52703142032427708 32.568517897323161 3.1763735522036267e-22 0.31128966559874655 0.88281764863260215 1.5881867761018134e-22 0.95785035382194261 31.404148082624655 -103.66106848995697 -106.20904390346408 991.84394670890504 1.0999034644047779e-08 1015.5159270254002 42.551787029432653 0.19901951054834402 0.35622485324056968 6.1661304709809501 9.831486006680473 2.5000000000000004 49.940824566941608 47.831258521721843 21.990820349693454 -0.034908647426499677 711.78421416388562 7.7698955607257352 4.8902301896040372 20.985638220013502 5.5489609807731108 0.69079529357817959 5.558931089417448 0.08632417071821942 445.51349502147701 3.1167654585578055 -106.74434203380748 -104.776310137362 -125.11271900860798
decision_type=2 8 8 2 2 2 2 2 2 2 2 2 2 8 8 2 8 2 2 2 8 2 2 2 2 2 8 2 2 8 8 2 10 8 2 2 2 2 2 2 8 2 8 8 2 8 2 2 2 2 2 2 2 2 8 2 2 2 8 2 2 2
left_child=-1 5 3 13 -4 6 17 30 -9 36 -11 19 14 -3 15 16 -6 24 25 -8 -14 -16 32 54 -2 42 27 33 29 55 31 -5 49 -24 35 -35 -7 43 39 -25 -40 61 -17 -27 45 -34 47 -42 -36 -23 51 52 -46 -32 -22 -29 -56 -54 -20 -31 -44 -28
right_child=1 2 4 7 12 9 11 8 -10 10 -12 -13 20 -15 21 18 -18 -19 58 -21 23 22 26 38 -26 37 41 28 -30 59 53 -33 44 34 48 -37 -38 -39 40 -41 46 -43 60 -45 50 -47 -48 -49 -50 -51 -52 -53 57 -55 56 -57 -58 -59 -60 -61 -62 -63
leaf_value=0.13050321405399118 0.074391675602112503 0.095288527838898657 -0.074936231198136985 0.00023461744284290802 0.064332658836478387 0.090949304986446017 -0.0011311776449385667 0.08901819882228186 0.011949260379504232 0.042210918678793799 0.097879137051884418 0.051001608178181494 0.027413488849531858 0.043926062503734882 -0.0320105443322957 -0.037421783589867544 0.011872439217918059 0.088403858419841344 0.032947905975693866 0.027922781410634069 0.030965327923388582 -0.0049365072722881648 0.030697867750733559 0.018955024764674935 0.033480406887197896 -0.0063763441010727543 0.0057184918813647763 -0.0047974218701034082 -0.036722250489348712 -0.004987405514758494 -0.0053471619476999233 0.043009878309263339 0.026850766059682139 0.0044518569825311837 0.003823896854677621 -0.02495463941903675 0.1219691760483242 0.021347168729287283 0.016517541172457333 -0.014001639569444314 -0.032299788477442533 -0.0033784327405772929 -0.023311962339688429 0.010858578068557485 0.0078040779223453923 0.001967996687843249 0.00024855749800026077 -0.0081622414901071499 0.034914725464176052 -0.024896177198015044 0.00079831800304140871 0.011318137082068816 -0.02639826110260067 0.010492391825963144 0.019261191968734447 -0.025287626868543717 -0.0057679636962711806 -0.0028760291056500538 0.0049032928880590665 0.013584920896682888 0.0013592884135810103 -0.0072130708876867291
leaf_weight=233 55 77 87 98 60 139 132 56 102 85 54 91 89 58 68 50 50 133 58 132 68 1109 55 140 58 399 123 171 54 107 318 61 75 176 50 50 62 57 52 69 71 2313 65 115 54 129 172 154 54 66 1819 68 146 143 77 77 63 53 51 143 73 13316
leaf_count=233 55 77 87 98 60 139 132 56 102 85 54 91 89 58 68 50 50 133 58 132 68 1109 55 140 58 399 123 171 54 107 318 61 75 176 50 50 62 57 52 69 71 2313 65 115 54 129 172 154 54 66 1819 68 146 143 77 77 63 53 51 143 73 13316
internal_value=1.21228e-05 -0.00147647 -0.003935 0.0205951 -0.00494037 0.0591011 0.0435927 0.0112963 0.0396529 0.0863063 0.0643821 0.0231894 -0.00466281 0.0737069 -0.00509613 0.00340078 0.0408089 0.0728235 -0.00138138 0.0134464 0.00497624 -0.00550612 -0.00541535 0.00264138 0.0538709 -0.00447279 -0.00618425 -5.33317e-05 -0.00614779 -0.00276554 0.00401771 0.0168115 -0.00176813 0.00867798 0.00492635 -0.00213528 0.101074 -9.23196e-05 -0.00148673 0.00805973 -0.00593845 -0.00654892 -0.0177064 -0.00250668 0.000393929 0.0112024 -0.0089139 -0.0158882 0.020146 -0.00607786 -0.000641166 -0.00877539 -0.0141993 -0.000421732 0.0156451 -0.0112353 0.00803704 -0.0201792 0.01999 0.00564776 -0.0103453 -0.0070943
internal_weight=24383 24150 23209 913 22296 941 601 778 158 340 139 355 22209 135 21254 978 110 246 868 264 955 20276 20208 866 113 759 16689 937 552 498 620 159 3519 385 330 226 201 571 658 209 449 15752 188 514 2344 204 397 225 104 1175 2140 321 253 461 208 248 140 199 109 250 138 13439
internal_count=24383 24150 23209 913 22296 941 601 778 158 340 139 355 22209 135 21254 978 110 246 868 264 955 20276 20208 866 113 759 16689 937 552 498 620 159 3519 385 330 226 201 571 658 209 449 15752 188 514 2344 204 397 225 104 1175 2140 321 253 461 208 248 140 199 109 250 138 13439
is_linear=0
shrinkage=0.03


Tree=2
num_leaves=63
num_cat=0
split_feature=13 1 2 13 19 13 15 2 2 13 2 11 1 2 3 19 19 19 11 15 3 3 3 5 8 3 1 16 1 9 8 1 1 2 9 8 2 8 13 5 3 1 11 15 9 3 4 2 2 11 8 8 8 5 2 11 1 9 1 5 16 5
split_gain=4548.68 856.39 348.742 318.201 425.718 202.238 149.78 141.655 114.872 110.93 109.912 91.9767 77.4663 76.2821 71.4127 63.4291 90.1053 315.352 139.608 219.525 58.5863 56.4759 54.0205 45.0585 42.2793 40.8118 46.9829 38.8226 41.0482 35.1542 34.7498 33.5422 33.1341 48.3021 32.8875 32.6047 32.5368 32.4257 32.2503 30.9465 38.2319 30.2657 29.8823 28.583 54.6974 46.8681 27.6205 27.1 28.9379 37.1474 26.3283 24.8906 24.1181 24.0703 23.3668 23.1428 40.5341 27.7543 24.5856 25.7272 40.7892 25.3625
threshold=7.9699423268201111 880.35055753992367 3.6875539612022563 20.671958101968034 2.5000000000000004 25.426974798938925 1.7856050084192783e-08 5.6465965610382876 3.6875539612022563 15.332246218324629 5.4529901428172485 -99.433888187674285 969.28967126211012 5.1535363159114018 14.634628962915402 4.5000000000000009 1.5000000000000002 2.5000000000000004 -105.13106305994948 8.9385504805780507e-10 8.6280643821192413 34.375544298931807 24.855685575051201 -12.956303464419548 0.27164432966009949 50.807212978079811 593.49574892646115 8.3998068137122175 12.249286541477753 0.095421230088821765 0.30807513122101954 653.71170384634308 1142.6428715872551 4.9446156437062845 0.12443798479500158 0.212911901573027 4.9446156437062845 0.071293583550080322 13.014440456919987 46.941918782369356 33.98056109321346 142.54639586865153 -116.82992660740398 2.9338727317124093e-09 0.41843010855196422 27.185275420564604 29.414431132690151 5.2293806218221004 5.3412116642196654 -112.32069371513649 0.26727924487379801 0.35430163937862785 0.17883619312652324 38.421566609463859 5.7349270517592901 -89.797971291822691 454.06402102225906 0.076435307029941515 3.0164615330164106 30.932807372952702 1.0000000180025095e-35 14.413707642385452
decision_type=2 2 2 2 2 2 2 2 2 2 2 2 2 2 2 2 2 2 2 2 2 2 2 2 2 2 2 2 2 2 2 2 2 2 2 2 2 2 2 2 2 2 2 2 2 2 2 2 2 2 2 2 2 2 2 2 2 2 2 2 2 2
left_child=-1 3 -3 4 6 7 10 22 -5 -8 13 -7 -13 -2 24 16 -10 18 25 20 23 53 32 -20 -14 29 -27 28 -6 -18 31 52 51 -34 -31 47 -24 -30 -39 40 -40 -22 -17 44 -36 -45 -12 -23 49 -49 -28 -4 -21 54 55 58 57 -57 -19 61 -61 -60
right_child=1 2 5 8 27 11 9 -9 15 -11 46 12 14 -15 -16 42 17 21 19 30 41 35 36 -25 -26 26 50 -29 37 34 -32 -33 33 -35 43 -37 -38 38 39 -41 -42 -43 -44 45 -46 -47 -48 48 -50 -51 -52 -53 -54 -55 -56 56 -58 -59 59 60 -62 -63
leaf_value=0.12882078004188605 0.039676080453250648 -0.04708314772590276 0.047534382928753692 -0.03732525051476606 0.021870914258544285 0.006654582088856705 0.030689319703070553 -0.0007566565507235389 -0.0063043187564897031 -0.014631788177235471 0.032487129440817698 0.00088310550597886885 0.033162763610431183 0.074168787740170952 0.019683072164149606 0.0049047355571054134 0.011005820961456681 -0.027341203898937565 0.0024635598783270788 0.033040091647999363 -0.010869137597749535 0.00081216147224803998 0.01049568872358049 0.035135535440310159 0.068541293519324267 0.028794681774452328 -0.012622104955371468 0.0083434705901950391 0.008827105589900637 -0.026170662889126107 0.053655158443003885 0.051881967629579938 0.035373220893088725 0.072856020240529257 -0.0015087745956688316 0.0027542399548525147 0.036629492170086091 -0.022633247322312765 -0.010454695825880319 0.016577985165182683 0.0028969861435413848 0.0069532312664039361 -0.0076237853124489947 0.026496385403793968 -0.027135579951394064 -0.0036026652438869307 0.0024522832594811917 -0.038407091095112263 -0.004449794138477352 -0.0081393804773688318 0.01554496787089322 0.022444616007269359 0.0064871621422039772 0.002598571243799897 -0.00056005332360900876 -0.024049865692343245 0.011737130399365326 -0.0028252430423329582 -0.007773430416104757 -0.0089477733166103118 -0.038078516692411704 -0.0020504921786838356
leaf_weight=243 162 68 118 92 58 641 101 84 5145 92 51 92 72 94 176 178 170 54 58 79 102 485 61 110 57 95 63 391 157 55 99 50 51 93 426 1417 152 92 526 60 304 513 4186 72 90 128 59 59 370 95 55 55 51 308 636 63 160 418 3537 152 60 869
leaf_count=243 162 68 118 92 58 641 101 84 5145 92 51 92 72 94 176 178 170 54 58 79 102 485 61 110 57 95 63 391 157 55 99 50 51 93 426 1417 152 92 526 60 304 513 4186 72 90 128 59 59 370 95 55 55 51 308 636 63 160 418 3537 152 60 869
internal_value=4.09681e-05 -0.00135576 0.0190458 -0.002906 0.00807974 0.0217947 0.0305701 0.0354343 -0.00405689 0.00912141 0.0418248 0.0137002 0.0250309 0.0525807 0.0322882 -0.0039051 -0.00303249 -0.00148754 0.00861128 0.0164552 0.0082906 -0.00406557 0.0411608 0.0239372 0.0492021 0.00138471 0.0132102 0.000148539 -0.00253307 -0.00130324 0.0392573 0.0310857 0.0490609 0.0599164 -0.00402804 -0.000179834 0.0292292 -0.00379386 -0.00581859 -0.004057 -0.00556684 0.00398448 -0.00711176 -0.00229302 -0.00602241 0.00731091 0.0165448 -0.00429898 -0.00902225 -0.0199084 0.00052692 0.0397327 0.0227522 -0.0055719 -0.00599528 -0.00664569 -0.00129796 -0.00564931 -0.00737896 -0.00713967 -0.0173324 -0.00664541
internal_weight=24610 24367 1720 22647 2147 1652 559 614 20500 193 366 1038 397 256 305 20408 16044 10899 2216 1062 783 8683 530 168 129 1154 213 1588 1197 941 279 180 317 144 771 2426 213 1139 982 890 830 615 4364 716 516 200 110 1009 524 154 118 173 130 6257 5949 5313 641 481 4672 4618 212 4406
internal_count=24610 24367 1720 22647 2147 1652 559 614 20500 193 366 1038 397 256 305 20408 16044 10899 2216 1062 783 8683 530 168 129 1154 213 1588 1197 941 279 180 317 144 771 2426 213 1139 982 890 830 615 4364 716 516 200 110 1009 524 154 118 173 130 6257 5949 5313 641 481 4672 4618 212 4406
is_linear=0
shrinkage=0.03


Tree=3
num_leaves=63
num_cat=0
split_feature=10 20 19 15 2 3 11 20 19 15 1 20 3 11 1 11 20 11 1 16 3 2 11 7 2 20 2 3 1 20 3 15 3 3 6 7 3 15 15 20 6 7 6 7 20 6 20 16 2 1 11 2 7 7 3 3 20 19 6 1 3 15
split_gain=4097.26 3554.35 828.671 595.275 419.438 251.513 236.186 154.952 244.126 93.9266 82.5349 82.2276 94.2947 78.3304 77.7175 61.0201 59.7887 44.428 44.3575 43.2748 41.0093 40.7473 39.7835 36.7096 36.523 49.8673 36.5178 36.3698 36.1162 35.8974 57.3634 44.7664 40.0866 34.0911 33.8435 33.0427 31.7694 31.3712 31.073 30.8762 46.5638 29.7347 29.1159 28.1325 27.5855 27.2912 42.3601 33.2584 39.1187 27.7345 27.0253 25.7395 27.5994 32.1854 24.9707 35.4277 25.8265 24.9418 26.3387 24.5714 32.1612 29.1207
threshold=15.500000000000002 3.1176223902685902 2.5000000000000004 8.0889145823496209e-10 3.3409260858979981 34.159363173007456 -99.549691083368188 11.243684383646352 2.5000000000000004 6.4133818740643007e-10 909.82836450838306 1.4609906702845001 27.494321330594556 -99.187937318090434 865.47141884479663 -119.54109695041898 74.366726388535525 -125.11271900860798 666.69690313056765 8.3998068137122175 46.63555384836986 5.4140815827252489 -109.51349554935898 0.28402247403073361 5.1313091477673227 39.299303542675609 3.6875539612022563 10.450032347526202 114.11266110536951 39.299303542675609 12.115730867743901 1.4546323957402321e-09 22.149870105615204 24.664102095761354 -0.16788762671345056 -0.16012093872241093 17.525790371952557 1.4359057860773666e-08 1.1458943407073503e-08 163.13384356459201 -0.30253360986874206 -0.013410649569713494 0.20998727392115416 -0.37426742897757842 0.8563069851691486 0.35622485324056968 46.917081914271108 1.0305959579886638e-06 5.5288247678153137 233.16861849404401 -102.74510977702498 5.5375195609329708 -0.15253821546732202 -0.3826819470216502 65.899141065777769 54.376497166958757 111.92914669319701 3.5000000000000004 0.42942068417149987 1015.5159270254002 24.855685575051201 8.0889145823496209e-10
decision_type=2 8 2 2 2 2 2 8 2 2 2 8 2 2 2 2 8 2 2 2 2 2 2 2 2 8 2 2 2 8 2 2 2 2 2 2 2 2 2 10 2 2 2 2 8 2 10 2 2 2 2 2 2 2 2 2 10 2 2 2 2 2
left_child=1 2 3 6 -3 22 11 8 9 13 15 12 18 -6 27 16 17 -9 -1 24 28 -7 -5 -21 25 37 -27 -8 42 32 31 -31 -12 -25 -14 -19 -16 -17 -30 -28 -41 -32 -10 -18 -4 -26 51 49 -49 57 -34 52 53 -47 55 56 -45 58 -48 -43 -61 -62
right_child=-2 4 44 5 7 21 14 10 20 -11 29 -13 34 -15 36 19 43 35 -20 23 -22 -23 -24 33 45 26 39 -29 38 30 41 -33 50 -35 -36 -37 -38 -39 -40 40 -42 59 -44 54 -46 46 47 48 -50 -51 -52 -53 -54 -55 -56 -57 -58 -59 -60 60 61 -63
leaf_value=0.012174416261667676 0.12773887129642506 -0.066770156655941715 0.013208677270733637 0.067646017746034875 0.042407828699080989 0.061435007983949817 0.061213070978328163 0.033042537979960727 -0.017598764326539822 0.055322279968246256 0.0012547394850047394 0.042234095619900311 0.015551080678123981 -0.0079834343054935725 0.088798834997326576 0.0014997992319659892 -0.024653147777135016 -0.010456952923177075 0.044025450116688646 0.0074702483171146345 0.016882200417298397 0.030751346834387974 0.093344937129250238 -0.029477496272445006 -0.0070973626106405558 -0.029455114027174809 -0.0055401594578026458 0.02941026302740762 -0.00060536632892618542 -0.0008237578449188732 -0.011096816000839074 0.031704138422884595 0.013780551292473756 0.0037508181050040961 -0.013148587926402005 0.014395023057800566 0.055387639794498678 0.024922829254064707 0.022297099338118301 -0.015649462625610105 0.0075098543739413231 0.013641076356205822 0.0062571365523655881 -0.013943423875933949 -0.0041690291871406852 -0.0054686527954804342 0.0011460737443218629 0.003212008344319959 -0.028706013008451728 0.0091918552393928689 0.042152714843259137 -0.0019189100280889999 -0.0067395514921948394 -0.029214564477495677 -0.014580716472119093 0.01738809100699213 0.009930988324975425 0.0047805393609133629 -0.021987293907864525 0.011514346754076341 -0.00035571733933801832 -0.030585859710968531
leaf_weight=76 222 96 122 82 51 70 52 77 191 105 125 114 55 59 66 803 51 69 83 390 112 96 321 52 12175 53 3671 94 553 71 278 81 78 58 108 154 55 54 58 98 370 111 60 106 247 85 89 71 66 405 50 459 421 131 91 102 65 219 87 72 64 51
leaf_count=76 222 96 122 82 51 70 52 77 191 105 125 114 55 59 66 803 51 69 83 390 112 96 321 52 12175 53 3671 94 553 71 278 81 78 58 108 154 55 54 58 98 370 111 60 106 247 85 89 71 66 405 50 459 421 131 91 102 65 219 87 72 64 51
internal_value=9.57137e-05 -0.00144042 0.0411857 0.0526599 -0.00451841 0.0754675 0.0341188 -0.00425153 0.0062865 0.0351406 -0.00483585 0.0204351 0.0126106 0.0155514 0.0563041 -0.00524321 0.00336263 0.0135434 0.0289723 -0.0055548 -0.000112239 0.0439806 0.0882963 0.00315341 -0.00578106 -0.00358824 -0.00493613 0.0410767 -0.00233734 0.00366164 0.000273222 0.0166041 0.0133722 -0.0120812 -0.00342888 0.00669304 0.0741904 0.00300302 0.00160156 -0.00461512 0.00263723 -0.00405763 -0.011894 -0.00401182 0.00159662 -0.00656 -0.00334001 0.00134311 -0.0122611 0.00368524 0.0251043 -0.00734131 -0.0112394 -0.0199384 -0.00106015 0.00348348 -0.00486338 -0.00196974 -0.0103488 0.00252429 -0.00411191 -0.0139102
internal_weight=24601 24379 1641 1272 22738 569 703 22642 1189 215 21453 436 322 110 267 20472 715 300 159 19757 974 166 403 500 19257 5049 4192 146 862 981 728 152 253 110 163 223 121 857 611 4139 468 576 251 415 369 14208 2033 937 137 800 128 1096 637 216 364 273 171 395 176 298 187 115
internal_count=24601 24379 1641 1272 22738 569 703 22642 1189 215 21453 436 322 110 267 20472 715 300 159 19757 974 166 403 500 19257 5049 4192 146 862 981 728 152 253 110 163 223 121 857 611 4139 468 576 251 415 369 14208 2033 937 137 800 128 1096 637 216 364 273 171 395 176 298 187 115
is_linear=0
shrinkage=0.03


Tree=4
num_leaves=63
num_cat=0
split_feature=10 21 20 19 15 0 11 15 5 21 1 21 20 11 15 1 11 1 1 7 21 20 11 7 5 21 10 16 7 0 9 6 11 1 15 21 9 0 11 0 15 21 1 1 6 19 1 10 11 0 7 5 20 21 7 21 16 9 11 21 6 21
split_gain=3713.03 3492.28 454.721 518.588 438.505 423.709 366.202 378.604 143.666 98.06 82.8885 81.3786 126.406 69.7773 64.2922 85.0465 60.5681 55.8008 45.3962 57.7795 48.2469 44.576 60.6552 69.0252 42.4486 37.5351 72.4871 39.0488 39.8608 41.0594 35.8897 34.4118 31.5733 31.1589 31.0816 29.9708 30.1359 29.5998 36.4092 31.8208 27.7749 24.8239 39.344 41.3877 33.0218 30.4942 36.2322 31.453 31.4023 27.895 24.799 28.4319 29.1374 27.0979 24.661 24.5936 27.7181 24.0446 38.2934 24.0382 24.03 25.6898
threshold=12.500000000000002 0.059577513970665803 11.243684383646352 2.5000000000000004 5.4582094174907882e-10 56.4905538282188 -100.52723300055699 2.2669102225743012e-09 28.628885984338904 0.74963532101026853 969.28967126211012 0.78591458771949518 5.0474377793694964 -111.58791055655648 7.2305518765730566e-10 580.65669898803014 -119.07351551162948 703.22588612100105 1015.5159270254002 -0.0084979542053988926 0.13122009026230202 71.558467472276121 -125.11271900860798 -0.18403943065321823 28.628885984338904 0.10778985921110752 1.5000000000000002 8.6391573781623894 0.43586713112354231 529.67576121682521 0.14604654634221162 0.38595715110935297 -112.70057751924249 137.30136785570201 1.1458943407073503e-08 0.97029111646275712 0.10348135121086834 95.049803506318469 -71.418176692912041 413.58739982593903 5.1895215216655371e-09 1.7373798348813152 6.3068884566498413 171.75696985459803 0.48533254592958369 4.5000000000000009 130.31180171152153 2.5000000000000004 -113.79855000329799 291.7788096822506 0.34890454693160461 5.8629612098023509 7.6979648307753665 2.1565685042051457 0.45158706456707037 1.0807410616942554 1.0000000180025095e-35 0.325754061293901 -93.320745919147342 2.6626254411495451 -0.19584008465099731 1.5244384483830802
decision_type=2 8 8 2 2 2 2 2 2 8 2 8 8 2 2 2 2 2 2 2 8 8 2 2 2 8 2 2 2 2 2 2 2 2 2 8 2 2 2 2 2 10 2 2 2 2 2 2 2 2 2 2 8 8 2 10 2 2 2 8 2 8
left_child=1 6 3 4 9 -4 7 8 17 -3 16 -6 30 24 15 -8 21 32 19 -12 -20 22 -7 -24 -9 26 -18 28 37 31 -13 -30 -1 50 35 -35 -37 38 -27 41 -15 44 -43 45 60 47 -47 48 -44 -45 51 52 53 -5 -31 -56 -57 58 -11 -33 61 -39
right_child=-2 2 5 33 11 10 14 13 -10 57 18 12 -14 40 -16 -17 25 -19 20 -21 -22 -23 23 -25 -26 27 -28 -29 29 54 -32 59 -34 34 -36 36 -38 39 -40 -41 -42 42 43 49 -46 46 -48 -49 -50 -51 -52 -53 -54 -55 55 56 -58 -59 -60 -61 -62 -63
leaf_value=-0.020406276677899501 0.11646968796236162 0.034538418902941251 -0.066942305880229133 -0.013483682922669686 0.086471649676740897 0.036426836419850582 0.04200316319757913 0.035080324853222593 0.056743712844327089 0.016031519239768383 -0.0017973977641055458 0.043191224950201369 0.010859249056740241 0.065252454410274982 0.098520810139733683 0.084469123332519228 -0.010293428230703866 0.025548747611701263 0.029938838038977015 0.038445244355034082 -0.00042723963389218581 -0.002347736637332017 -0.020882344542005198 0.015107857583596278 0.072515023438917359 -0.0024415360271173008 0.037722647015778522 0.003155178217463818 -0.0013982029197199812 0.023026799241391321 0.07661164579483179 -0.0055671305160542002 0.0087514718862000806 0.013557425165136748 0.019899635411642882 -0.014705020784956191 0.0017481480299190073 -0.0044214926186546726 -0.034525581175775005 -0.0068115369669462956 0.095716524481773382 0.016154557664785532 -0.020868303342944098 0.003863086136317207 0.016116929897030847 -0.009513587668814041 -0.032721365231275557 -0.012077845912366818 0.0013118139854018103 -0.0032336138762545084 0.009713184864927284 0.00097842321219835803 -0.0014191072742486821 -0.039302869868480556 0.013122880501922831 0.0057164869357536471 -0.022465017420404097 -0.014618516638371588 -0.014785515121184289 -0.033009300508669445 -0.0046316940739451612 -0.01322481272123815
leaf_weight=50 243 103 97 101 82 71 69 67 81 110 56 50 54 57 128 126 60 132 50 74 614 473 66 168 50 58 52 489 816 80 90 60 96 147 90 123 521 506 70 9930 84 99 62 872 60 323 74 310 651 1161 73 152 86 58 133 81 50 73 53 55 2893 731
leaf_count=50 243 103 97 101 82 71 69 67 81 110 56 50 54 57 128 126 60 132 50 74 614 473 66 168 50 58 52 489 816 80 90 60 96 147 90 123 521 506 70 9930 84 99 62 872 60 323 74 310 651 1161 73 152 86 58 133 81 50 73 53 55 2893 731
internal_value=8.28393e-05 -0.0011457 -0.00343282 0.0103698 0.033182 -0.00470455 0.0555158 0.0418502 0.0218309 0.0102685 -0.00441728 0.0611871 0.0501111 0.0695146 0.0814104 0.0697337 -0.0047865 0.0114916 0.00508814 0.0212286 0.00190094 0.00341979 0.0123426 0.00491111 0.051557 -0.00511114 0.0121363 -0.0052105 -0.00542511 -0.000300764 0.0650668 -0.00357344 -0.00130495 -3.1595e-05 0.00329532 0.00138335 -0.00141223 -0.00579213 -0.0201191 -0.00568722 0.0839475 -0.00424447 -0.00239844 -0.00293489 -0.00580846 -0.00686285 -0.0139108 -0.00411681 -0.000643418 -0.000189275 -0.00626156 -0.009216 -0.015519 -0.0230888 0.00854108 0.00408114 -0.00512851 -0.00042485 0.0059822 -0.0188631 -0.00613081 -0.00963026
internal_weight=24494 24251 23311 1966 615 21345 940 617 359 339 21248 276 194 258 323 195 20454 278 794 130 664 778 305 234 117 19676 112 19564 19075 1275 140 931 146 1351 881 791 644 17800 128 17672 141 7742 3552 3453 4190 1420 397 1023 713 2033 470 397 245 159 344 264 131 236 163 115 4130 1237
internal_count=24494 24251 23311 1966 615 21345 940 617 359 339 21248 276 194 258 323 195 20454 278 794 130 664 778 305 234 117 19676 112 19564 19075 1275 140 931 146 1351 881 791 644 17800 128 17672 141 7742 3552 3453 4190 1420 397 1023 713 2033 470 397 245 159 344 264 131 236 163 115 4130 1237
is_linear=0
shrinkage=0.03


Tree=5
num_leaves=63
num_cat=0
split_feature=13 21 20 19 13 2 13 11 11 5 21 1 20 21 20 11 3 1 16 1 1 13 20 15 16 17 11 20 20 11 1 20 1 2 21 5 17 11 20 3 20 4 16 21 20 1 20 21 13 19 21 11 17 17 11 15 3 11 1 1 13 21
split_gain=3715.56 3497.48 454.849 545.088 477.133 408.624 407.31 397.099 182.471 143.503 100.686 89.6323 85.3894 85.0338 189.448 66.5818 60.6378 60.4527 57.6414 56.4863 52.6763 52.5515 44.6769 44.0753 43.6837 49.3701 41.0837 52.4618 44.3603 80.6305 40.8546 37.2234 46.0206 62.8403 59.5527 35.5662 34.8331 34.5031 34.4005 34.0754 37.6266 32.1961 30.5316 28.7362 28.3861 27.3081 28.1382 26.7599 41.3879 66.8036 46.764 27.974 26.5962 26.0627 25.7724 27.4569 27.8044 27.392 32.0558 35.6771 25.1557 24.9563
threshold=7.9699423268201111 0.059577513970665803 11.243684383646352 2.5000000000000004 24.003723606436235 3.3409260858979981 28.472805572726916 -100.28977197138549 -111.23387789899748 21.736292970214304 0.90766132075096218 969.28967126211012 1.6136882485306052 0.77329550501624056 2.0039493990201902 -108.83534559739898 12.826515964319201 1015.5159270254002 8.3998068137122175 703.22588612100105 488.21567096796304 20.766704054497584 6.6321986571914104 2.1398204800936786e-10 7.8652849700184548 1.7080977040699745 -125.11271900860798 72.96419909098681 116.52470094566353 -112.99883642528299 540.86962265736213 104.09204080522402 53.24661911434746 5.6465965610382876 1.3860322888771552 -4.0586255165901983 1.2439059643873216 -101.24332497570948 130.36877033156503 39.336743111637411 9.831486006680473 51.641265543140555 1.0000000180025095e-35 0.011303803562451703 58.121631973914951 94.745069440593113 110.01925603470251 0.52703142032427708 30.900841421447968 2.5000000000000004 0.26033745762689259 -101.24332497570948 1.0816353263545575 0.11683109094559035 -103.21318555040799 6.3125091134027761e-11 22.149870105615204 -107.96744868400948 120.16597798189302 293.24003780481706 24.928813636336304 0.57413215796177408
decision_type=2 8 8 2 2 2 2 2 2 2 8 2 8 8 8 2 2 2 2 2 2 2 8 2 2 2 2 8 10 2 2 10 2 2 8 2 2 2 8 2 8 2 2 8 8 2 8 8 2 2 8 2 2 2 2 2 2 2 2 2 2 8
left_child=-1 6 3 4 10 -4 8 9 20 19 -3 18 -12 14 -6 -11 -9 -13 24 -8 -2 -5 23 -15 26 -26 27 -7 31 -30 -20 36 -33 45 -35 60 47 -38 -31 40 -23 -41 -37 -21 -44 -34 -47 48 49 -28 51 -50 53 54 55 57 -57 -40 -59 -60 -19 -49
right_child=1 2 5 21 13 11 7 16 -10 15 12 17 -14 22 -16 -17 -18 35 30 43 -22 39 -24 -25 25 -27 28 -29 29 38 -32 32 33 34 -36 42 37 -39 52 41 -42 -43 44 -45 -46 46 -48 61 50 -51 -52 -53 -54 -55 -56 56 -58 58 59 -61 -62 -63
leaf_value=0.11374181242143834 0.022025197480375378 0.10463222224025789 -0.067827506888351416 0.016359272970129804 0.0081892770588664066 0.029672515891269659 -0.0081916932711695745 0.089189195210702316 0.091125812155500113 0.025281722173094746 0.08254265506565571 0.024577386051615965 0.031298883022560231 0.0060267450898589389 0.081769875185016314 0.072767515639391003 0.055672417617402971 0.022323968617364444 0.0084553449189353567 0.0040422679844778027 0.063985130811323884 -0.0073590949905407354 -0.014178947400468498 0.036058432452254374 -0.0034800095755893449 -0.040383053069878647 0.030551918386733934 -0.0023888395649745409 0.0093532120698806686 0.0025233553606864244 -0.01262592395018362 0.00294953710323821 -0.028245798065786209 -0.0091480688747161854 -0.051267357310770374 0.0017159787353823689 -0.0019846650398197187 0.015620252059325726 0.0012504605909351755 0.012949223355249022 0.0098406145085853745 -0.013806956888121717 -0.032252360468142123 0.033012617486856979 -0.0028711016267715466 -0.016170234671068311 -0.0013490172296762467 -0.019312637717008502 -0.0063554350122610485 -0.0022523964347468842 0.0022962502455180986 -0.029892285800516515 0.010829262646314288 -0.020418112556886883 -0.0021839374245659188 -0.0066970142885405988 -0.024007530150888745 0.0036807451148599605 -0.033578684557819871 -0.0077268592953220194 0.0035441376135071237 -0.0058911937539643548
leaf_weight=255 51 64 91 150 83 68 122 94 283 59 59 125 61 175 50 50 119 93 458 55 60 825 66 58 64 66 89 137 486 582 100 150 70 51 75 232 521 123 292 197 132 50 56 70 62 214 249 125 102 147 294 82 83 112 977 157 180 84 81 118 204 14154
leaf_count=255 51 64 91 150 83 68 122 94 283 59 59 125 61 175 50 50 119 93 458 55 60 825 66 58 64 66 89 137 486 582 100 150 70 51 75 232 521 123 292 197 132 50 56 70 62 214 249 125 102 147 294 82 83 112 977 157 180 84 81 118 204 14154
internal_value=-4.43336e-05 -0.00115027 -0.00346453 0.0103251 0.0336961 -0.00473711 0.054847 0.0384989 0.0782991 0.0190217 0.0740226 -0.00446392 0.0569677 0.0163887 0.0362549 0.0475277 0.0708115 0.00556573 -0.00484204 0.00630115 0.045075 -0.000324553 0.00746055 0.0136246 -0.0051083 -0.0223807 -0.00499379 0.00833856 -0.00513367 -0.00187267 0.00466151 -0.00575851 -0.012032 -0.0154414 -0.0344253 0.00186043 -0.00543319 0.00139677 -0.00392184 -0.00241495 -0.00497893 0.00749916 -0.00461379 0.0203989 -0.0169686 -0.0108976 -0.00821951 -0.00572664 -5.86821e-05 0.0101954 -0.0051321 -0.0169496 -0.00572214 -0.00641375 -0.00557306 -0.00919736 -0.0159867 -0.0051974 -0.0118313 -0.0183647 0.00947987 -0.00601003
internal_weight=24542 24287 23324 1970 616 21354 963 569 394 356 184 21263 120 432 133 109 213 772 20491 247 111 1354 299 233 19933 130 19803 205 19598 3152 558 16446 809 659 126 647 15637 644 2666 1204 957 247 350 125 118 533 463 14993 714 236 478 184 2084 2001 1889 912 337 575 283 199 297 14279
internal_count=24542 24287 23324 1970 616 21354 963 569 394 356 184 21263 120 432 133 109 213 772 20491 247 111 1354 299 233 19933 130 19803 205 19598 3152 558 16446 809 659 126 647 15637 644 2666 1204 957 247 350 125 118 533 463 14993 714 236 478 184 2084 2001 1889 912 337 575 283 199 297 14279
is_linear=0
shrinkage=0.03


Tree=6
num_leaves=63
num_cat=0
split_feature=13 20 19 13 0 12 3 20 19 5 20 0 3 13 6 1 0 7 12 20 1 7 15 3 13 1 3 0 13 0 1 12 0 6 5 20 12 3 13 3 7 1 1 20 4 13 4 20 20 20 1 15 20 19 1 0 20 20 1 0 0 20
split_gain=3653.6 2874.21 832.128 762.044 343.132 258.05 171.199 137.377 219.394 112.344 97.5569 74.8663 67.3496 66.3396 59.2362 54.0049 49.555 47.7225 62.2088 71.9861 46.7473 49.5038 45.8037 42.8412 40.5066 40.0681 51.7122 42.7645 34.5196 33.581 32.8758 31.4244 34.8942 31.1557 30.0488 28.622 48.1225 35.5004 30.448 41.1856 28.1333 28.0837 32.9609 27.3226 26.8626 26.7545 34.691 26.743 28.6595 26.5795 26.3732 59.2848 46.3173 35.3196 34.0497 29.7949 37.2127 38.1875 26.5731 25.6401 44.612 36.9886
threshold=7.9699423268201111 3.9913786367212603 2.5000000000000004 28.472805572726916 56.4905538282188 -100.38313267531647 34.159363173007456 15.732339696597101 2.5000000000000004 34.43040323791201 1.7925050432673102 481.57237785965953 8.6280643821192413 20.766704054497584 -0.061382322411134053 969.28967126211012 413.58739982593903 -0.310995865296187 -124.63894669376059 75.046621891925454 1015.5159270254002 0.066722573960783307 8.1163580480065267e-09 11.035394705080002 20.671958101968034 672.75663593138461 34.159363173007456 575.55559036089812 22.945467319542555 449.06530582253907 748.87465437165213 -101.22422753719147 141.15568595859551 -0.14122001611844401 -7.7575297325357502 117.80130021960801 -108.89912960389412 -0.40450238691376295 21.02360987198767 15.180246011363451 0.49317485972446168 580.65669898803014 30.829458223008555 6.6321986571914104 -12.371441533010449 23.931513161394722 17.630274889048053 93.803938268026869 91.37355858013936 65.900297070817871 633.83973484436717 4.4353852849096378e-10 31.985005581239651 3.5000000000000004 894.48356307821007 486.72097990352205 64.579035398531317 38.759897881470103 739.09065577657464 340.57813842573205 265.96836428218808 75.723465333984365
decision_type=2 8 2 2 2 2 2 8 2 2 8 2 2 2 2 2 2 2 2 10 2 2 2 2 2 2 2 2 2 2 2 2 2 2 2 10 2 2 2 2 2 2 2 8 2 2 2 10 10 10 2 2 8 2 2 2 10 10 2 2 2 8
left_child=-1 2 3 6 -3 9 45 8 11 10 -5 16 -7 -10 30 17 28 31 19 -19 21 -17 -4 -22 -20 26 27 41 -6 -8 -14 44 -33 34 -34 37 -37 -26 39 -39 47 42 -15 -28 49 46 -2 48 50 -9 -40 52 53 -52 55 56 57 58 -54 60 -46 -62
right_child=1 4 22 5 7 12 29 15 13 -11 -12 -13 14 25 -16 20 -18 18 24 -21 23 -23 -24 -25 35 -27 43 -29 -30 -31 -32 32 33 -35 -36 36 -38 38 40 -41 -42 -43 -44 -45 59 -47 -48 -49 -50 -51 51 -53 54 -55 -56 -57 -58 -59 -60 -61 61 -63
leaf_value=0.1139915921667496 0.113338728544048 -0.06367283329192136 -0.0033862926523173711 0.0020944893599852271 0.044833861229041455 0.071375269726163842 0.063032704956829555 -0.00793486361107602 0.017316493563650344 0.050277680152581196 0.03630424908304121 0.055124016641506124 0.0062965492832546049 -0.027735930161930069 0.055544126224329894 0.0018958813875709494 -0.0061912656266171978 0.027520430064401948 0.0003635886602432214 -0.009181532875702874 0.016243439072419118 0.038037884074908032 0.026263079433789794 -0.0040267963472425056 -0.02815686810401178 0.017173909009101668 0.019872306637465954 0.0060535914825879979 0.016361065936776307 0.034185947552746669 0.0403424902088367 -0.024443922017415669 -0.017710640691686423 0.00093010743281398713 -0.0013393079123300751 0.004516727097156178 -0.0048376472540705281 -0.040723551906207023 -0.0045560617157401053 -0.0076047092148111856 0.0086155002737659525 -0.032830953019886061 -0.0072211207423812269 0.00060188325245762577 0.0020359270160168474 0.069585280857235185 0.084039584394672268 -0.0096569048099723279 0.0087395583098774671 0.013659955388979942 0.016152049076836556 0.0011608570596459936 -0.0090602207895163003 -0.01502646359904059 -0.038742080756415755 -0.0069409188235351185 0.00031579053876074878 -0.04287209051876114 -0.029879421128332615 -0.0099067940387482789 -0.048785660305293278 -0.017423619963647274
leaf_weight=249 56 86 406 344 62 94 69 136 164 70 95 69 51 80 111 72 52 116 1426 81 114 64 52 509 61 83 84 150 103 87 51 70 199 732 204 728 1541 50 9525 102 130 51 556 300 54 99 232 1181 136 81 74 340 126 57 58 258 65 77 99 2096 56 88
leaf_count=249 56 86 406 344 62 94 69 136 164 70 95 69 51 80 111 72 52 116 1426 81 114 64 52 509 61 83 84 150 103 87 51 70 199 732 204 728 1541 50 9525 102 130 51 556 300 54 99 232 1181 136 81 74 340 126 57 58 258 65 77 99 2096 56 88
internal_value=-3.60106e-05 -0.00128174 0.0350048 0.0467831 -0.00420752 0.0284019 0.0743028 -0.003977 0.00408255 0.01525 0.0095632 0.0280719 0.0500871 -0.000607045 0.0404027 -0.00465989 0.0192566 -0.00495877 -0.00425617 0.0124596 0.00319104 0.0190574 2.98956e-05 -0.000297549 -0.00446231 -0.00287277 -0.00424843 -0.00842708 0.0272656 0.0472653 0.0235459 -0.00802568 -0.0040385 -0.00275961 -0.00944724 -0.00493339 -0.00183566 -0.00550284 -0.005388 -0.018694 -0.00521968 -0.011593 -0.00984109 0.00485796 -0.00993671 0.0850517 0.0901091 -0.00537032 -0.00490137 0.00015156 -0.0050759 -0.0093589 -0.0137489 0.00257476 -0.016879 -0.0147915 -0.0202766 -0.0246951 -0.0183123 -0.0108907 -0.0212036 -0.0298723
internal_weight=24612 24363 1817 1359 22546 816 543 22460 1754 509 439 286 307 1468 213 20706 217 19947 16231 197 759 136 458 623 16034 1304 1221 837 165 156 102 3716 1205 1135 403 14608 2269 12339 12278 152 12126 687 636 384 2511 387 288 11996 10815 217 10679 1154 814 131 683 625 367 302 225 2294 198 144
internal_count=24612 24363 1817 1359 22546 816 543 22460 1754 509 439 286 307 1468 213 20706 217 19947 16231 197 759 136 458 623 16034 1304 1221 837 165 156 102 3716 1205 1135 403 14608 2269 12339 12278 152 12126 687 636 384 2511 387 288 11996 10815 217 10679 1154 814 131 683 625 367 302 225 2294 198 144
is_linear=0
shrinkage=0.03


Tree=7
num_leaves=63
num_cat=0
split_feature=10 1 2 3 2 1 1 12 10 5 3 17 15 2 15 7 15 12 1 15 11 15 12 8 11 6 8 7 6 11 7 2 5 1 11 2 6 2 15 3 3 11 2 11 5 15 2 3 6 7 3 17 17 7 6 6 2 7 1 1 7 5
split_gain=3140.41 723.616 248.738 149.25 146.377 129.486 119.377 86.2456 68.6921 62.4063 55.5422 53.6756 52.2138 49.1751 48.4668 42.7852 42.2429 41.3409 44.8067 39.6602 36.4229 35.8178 35.3648 34.559 44.4643 34.1811 33.8118 33.5652 32.5224 42.6491 35.5801 32.3817 37.4216 35.6539 30.5951 36.097 41.9534 29.3906 49.1619 29.3764 29.2745 33.6037 32.5809 28.154 28.1182 34.9821 48.7934 28.5651 27.6429 26.7091 31.9502 26.5604 58.7643 29.1254 26.3431 29.8768 25.5887 24.8407 28.9579 30.7272 24.7982 28.8447
threshold=12.500000000000002 850.74622158301906 3.6875539612022563 13.018325120017151 3.3409260858979981 355.75271741983607 969.28967126211012 -102.55859171801528 2.5000000000000004 34.024426815992804 48.737503657922957 1.2439059643873216 2.1928242817311065e-09 4.354461438485238 6.5866210820738477e-09 0.42111948603034938 6.2331850894483523e-09 -98.623735676568785 293.24003780481706 1.1075434313825672e-10 -124.09794377116648 5.8806844089848277e-09 -101.11406493769918 0.34034185184957805 -104.96556079358849 0.22883223818491419 0.44516169675786804 0.33411417622893064 0.18494591343686387 -123.00944998717898 -0.41850624127896369 5.3801556681168643 45.111184883117907 492.98697674464205 -105.51976256837199 5.3904623577650108 0.38595715110935297 4.8677255226320773 1.5800609504946629e-10 7.3135637751614206 45.48688996349771 -107.33243521324549 5.6162241070265777 -86.454250605699542 15.459096013188804 6.3736200298783562e-09 5.3801556681168643 42.846566560091652 -0.43393355667329553 0.46271158099761062 40.072811703047208 0.15727072911401391 1.568848051939 0.083096538994791316 -0.027509172414899249 -0.29149568557676936 4.9978485003670405 0.24784144633146712 86.711579592112955 135.08099739252904 -0.41850624127896369 -25.802442386996116
decision_type=2 2 2 2 2 2 2 2 2 2 2 2 2 2 2 2 2 2 2 2 2 2 2 2 2 2 2 2 2 2 2 2 2 2 2 2 2 2 2 2 2 2 2 2 2 2 2 2 2 2 2 2 2 2 2 2 2 2 2 2 2 2
left_child=1 4 -3 6 -1 10 19 16 20 22 11 15 -8 -12 37 25 34 18 21 -4 -7 -13 23 -10 27 -6 -24 -25 30 -30 -15 32 33 -11 35 -5 40 -9 54 -14 41 42 -37 56 45 60 -47 -46 -17 50 -50 -22 53 -53 55 -39 -19 58 -23 -60 -27 -62
right_child=-2 2 3 7 5 8 12 14 9 31 13 17 39 28 -16 48 -18 43 -20 -21 51 57 26 24 -26 44 -28 -29 29 -31 -32 -33 -34 -35 -36 36 -38 38 -40 -41 -42 -43 -44 -45 47 46 -48 -49 49 -51 -52 52 -54 -55 -56 -57 -58 -59 59 -61 61 -63
leaf_value=-0.047616715626081427 0.1076803081258513 -0.04263879772024079 -0.0007430218411172973 0.022077372968063821 -0.0068896893298241967 0.023594846149098198 0.03377960719698523 0.0071923078372557129 -0.0026706263219283049 0.014409552451509695 0.02174260201494296 -0.0085914639795853925 0.072550780328074049 -0.016205202299254352 0.048626533334976747 0.01973403275362216 0.020182841550558803 0.03909656137021051 -0.020163040190935132 0.026590607431717216 -0.00093990876483940355 0.020462575074741429 0.012338457261296565 0.0073771960143337719 0.029483572239887769 0.0070399783788358461 -0.012980589596730357 -0.017167124679312109 0.013195221534481754 -0.010660288716728623 0.0042523184741178064 -0.0010129123827209696 0.0096970366357037648 0.047224218502248588 -0.010612873670477897 -0.018724489048696481 -0.023123448605046552 0.019281303104427126 0.037457849191383681 0.040768251053567198 0.026318485008345709 0.02184265740393173 0.0048082498633726075 -0.0012890721105619288 0.0028958630416420598 -0.041345460609278892 -0.0070522593683758827 -0.015356571238707093 0.0074187138419938934 -0.0058758501553771089 -0.016050353791564703 -0.034163068816455637 0.0073453682803665292 -0.0072937514114265259 0.024783868027935651 -0.012586405094569691 0.010389730777041833 -0.0067418881576282504 -0.013918206331066109 0.010805385264296394 0.00089336836398172818 -0.0074824304540503893
leaf_weight=64 240 61 95 104 8170 52 215 134 928 51 96 202 66 82 56 63 167 53 94 95 5181 146 468 305 69 169 52 59 80 405 981 63 103 75 116 77 50 53 141 52 53 62 164 60 837 54 118 84 403 448 59 85 95 64 109 51 60 98 65 143 529 1229
leaf_count=64 240 61 95 104 8170 52 215 134 928 51 96 202 66 82 56 63 167 53 94 95 5181 146 468 305 69 169 52 59 80 405 981 63 103 75 116 77 50 53 141 52 53 62 164 60 837 54 118 84 403 448 59 85 95 64 109 51 60 98 65 143 529 1229
internal_value=-3.21065e-06 -0.00114838 0.0165184 0.0184804 -0.0026613 -0.00253061 0.0320599 0.0131484 0.000635728 0.00514765 -0.0041752 -0.0048282 0.0428683 0.00102159 0.0223387 -0.00535693 0.00682365 0.00215263 -0.000910054 0.0129915 -0.00115499 0.00188375 0.00313974 0.000594885 0.00758351 -0.00588156 0.0097865 0.00336272 -0.000276643 -0.00670631 0.00266047 0.0180273 0.0232471 0.0341601 0.00323327 0.00639719 0.00233622 0.0192288 0.0237519 0.0590052 0.00596677 0.00233203 -0.00275681 0.0153239 -0.0031529 -0.00506968 -0.0179955 0.0012163 0.000676448 -0.000663137 0.00439339 -0.00139653 -0.0110488 -0.0227475 0.0145464 0.00368283 0.0240788 0.00657379 0.0102687 0.00304964 -0.00390721 -0.00496299
internal_weight=24603 24363 1921 1860 22442 22378 523 1337 7650 2173 14728 13084 333 1644 544 12163 793 921 748 190 5477 654 1881 1361 433 11190 520 364 1548 485 1063 292 229 126 626 510 406 488 354 118 356 303 241 173 3020 2099 172 921 973 910 462 5425 244 149 213 104 113 452 354 208 1927 1758
internal_count=24603 24363 1921 1860 22442 22378 523 1337 7650 2173 14728 13084 333 1644 544 12163 793 921 748 190 5477 654 1881 1361 433 11190 520 364 1548 485 1063 292 229 126 626 510 406 488 354 118 356 303 241 173 3020 2099 172 921 973 910 462 5425 244 149 213 104 113 452 354 208 1927 1758
is_linear=0
shrinkage=0.03


Tree=8
num_leaves=63
num_cat=0
split_feature=10 1 2 2 3 1 10 10 5 1 2 2 2 3 5 8 16 2 11 8 5 7 3 7 7 5 12 17 1 11 11 2 5 3 3 7 0 7 3 17 17 16 8 16 4 7 8 11 8 3 3 2 17 16 3 7 3 16 4 2 1 16
split_gain=2809.52 611.06 155.897 148.674 132.874 102.304 129.404 72.5961 113.437 82.795 69.7845 81.3482 49.3857 74.2683 45.0752 41.089 38.8167 37.2155 69.0637 55.9002 35.7888 56.0479 35.1425 34.6866 48.4948 40.0374 33.874 33.4114 44.3824 32.813 33.3138 32.5134 32.3703 31.3899 32.0753 40.8976 30.8436 29.225 28.1896 28.1141 27.9707 27.9401 27.4263 27.1989 27.1742 26.6646 25.3577 25.1915 24.9616 24.8459 27.915 24.5861 33.882 24.4008 23.6583 37.7702 25.6755 23.5454 23.5043 34.6184 23.4356 49.8455
threshold=15.500000000000002 865.47141884479663 3.6875539612022563 3.6875539612022563 14.634628962915402 991.84394670890504 1.5000000000000002 2.5000000000000004 36.95667317897491 391.12903366330653 5.4945438406536793 5.5194819963875519 5.5626696941563303 42.551787029432653 30.569111873355055 0.28332709073009715 9.0011627518095825 5.387016872258461 -86.96860940969394 0.29069942468642834 45.111184883117907 -0.29219299456877396 2.3995711885542952 0.10640162613544503 0.42494874980424596 -0.23519584541880076 -120.79983275445885 3.4303291090515837 488.21567096796304 -99.187937318090434 -104.70597931600948 5.0534620777320383 4.9021618332362538 23.796265983207803 29.267024470069256 0.058388079660763655 308.69491785584955 0.34493121258626808 68.064664950438512 1.1779096147164816 1.7541827692480252 0.063610390561091565 0.34034185184957805 1.3340431052277528 -8.2400242408912785 0.48209032019561887 0.22911617357407324 -104.32999997621349 0.1977721069280565 43.196093409773901 43.78723032622981 5.6231157867615131 1.0000000180025095e-35 1.0305959579886638e-06 34.159363173007456 0.26811463669156593 33.98056109321346 1.0000000180025095e-35 5.6833507317748913 5.3662238919002396 355.75271741983607 1.7789154208040638
decision_type=2 2 2 2 2 2 2 2 2 2 2 2 2 2 2 2 2 2 2 2 2 2 2 2 2 2 2 2 2 2 2 2 2 2 2 2 2 2 2 2 2 2 2 2 2 2 2 2 2 2 2 2 2 2 2 2 2 2 2 2 2 2
left_child=1 2 15 -3 5 6 -5 22 9 16 33 -12 13 46 17 -1 23 18 19 -7 27 -22 -4 25 29 43 38 28 -10 30 -25 -31 -27 -11 35 -35 39 49 -24 -28 -18 44 48 -9 -39 -26 57 -13 -23 54 -51 -34 -53 -14 56 -56 60 -6 -36 -60 -38 -62
right_child=-2 3 7 4 12 14 -8 8 20 10 11 47 53 -15 -16 -17 40 -19 -20 -21 21 42 26 24 45 32 36 -29 -30 31 -32 -33 51 34 58 -37 37 41 -40 -41 -42 -43 -44 -45 -46 -47 -48 -49 -50 50 -52 52 -54 -55 55 -57 -58 -59 59 -61 61 -63
leaf_value=-0.02019905066346071 0.1070502013774359 -0.030535761021310462 0.0033331133400915786 -0.014309978885343298 0.031056375603868876 -0.0070746386011059465 0.03453208311695919 -0.0033694169119439258 0.018191807269571082 0.014823899006749741 -0.033012766599655151 -0.00087538197455764969 0.0059922723090332225 -0.010328892637802244 0.06255415863124654 -0.05479711639068343 -0.0090416508716232372 0.050512863274119538 0.047586436242397341 0.03428170581555201 -0.02022527819467803 0.015456662378132795 0.0092210483709521101 -0.010290300281107239 0.009603465012809698 0.014917302051538231 -0.0013937185428537695 0.00026372079737484454 0.048725103392940144 -0.0088306907956104946 -0.024951182572171091 0.015988899771098609 0.0033267682903211251 -0.024332035852839117 -0.003008671737100818 0.0084801789971671124 -0.0061816005195377745 -0.015338593789473956 -0.0092777121020480979 0.01544502497588679 0.016496462139766663 0.013529354647096051 0.027336506358053729 -0.016689938224326059 -0.00079514524592102945 -0.01244478788393647 0.013719690972194077 0.019184165548067539 -0.007592321824584458 -0.024639758431401693 -0.0076342545448675409 -0.027133706073675837 0.0022548885522539626 -0.016113601095902805 0.0004357302426974168 -0.01482908579623014 -0.025139498781094227 0.014795053862035274 0.021808206331972255 -0.0031813845116024217 -0.0018738563892249965 -0.022488104227252982
leaf_weight=75 218 59 740 89 219 64 106 936 174 537 69 617 331 85 63 54 52 88 83 53 58 98 326 636 187 172 2974 57 57 135 179 72 534 68 100 67 4798 123 95 91 143 113 75 161 1715 66 374 61 73 94 1055 62 80 51 1466 161 56 131 165 71 2630 109
leaf_count=75 218 59 740 89 219 64 106 936 174 537 69 617 331 85 63 54 52 88 83 53 58 98 326 636 187 172 2974 57 57 135 179 72 534 68 100 67 4798 123 95 91 143 113 75 161 1715 66 374 61 73 94 1055 62 80 51 1466 161 56 131 165 71 2630 109
internal_value=-2.53979e-05 -0.000886342 -0.00223441 0.0159466 0.0175421 0.0297893 0.0122808 -0.00204342 0.00085653 -0.000568826 0.00472538 -0.00222254 0.0119073 0.0161012 0.0394538 -0.0349921 -0.00329015 0.0342016 0.0268091 0.0117912 0.0132843 0.0060743 -0.0030533 -0.00407806 -0.00792184 -0.00155559 -0.00335249 0.0208475 0.0259035 -0.0108308 -0.0135369 -0.000162424 0.00333773 0.00987138 0.00420544 -0.00810484 -0.00358231 -0.00425225 0.00503465 -0.000888901 0.00967491 -0.000883252 0.0123318 -0.00533781 -0.00177621 0.0038254 0.0192141 0.000954981 0.0056301 -0.00488601 -0.0090457 0.000373772 -0.0106768 0.0030066 -0.0043667 -0.00108298 -0.00507009 0.0250295 0.00916091 0.0143084 -0.00491766 -0.00270212
internal_weight=24451 24233 22437 1796 1737 546 195 22308 5762 5170 1755 747 1191 809 351 129 3415 288 200 117 592 304 16546 3220 1275 1945 15806 288 231 1022 815 207 848 1008 471 135 15385 12320 421 3065 195 1951 246 1097 1838 253 724 678 171 10369 1149 676 142 382 9220 1627 7593 350 336 236 7537 2739
internal_count=24451 24233 22437 1796 1737 546 195 22308 5762 5170 1755 747 1191 809 351 129 3415 288 200 117 592 304 16546 3220 1275 1945 15806 288 231 1022 815 207 848 1008 471 135 15385 12320 421 3065 195 1951 246 1097 1838 253 724 678 171 10369 1149 676 142 382 9220 1627 7593 350 336 236 7537 2739
is_linear=0
shrinkage=0.03


Tree=9
num_leaves=63
num_cat=0
split_feature=13 21 20 19 13 12 12 13 21 20 4 13 3 21 13 20 21 13 20 21 3 12 20 12 12 20 20 12 7 3 1 12 9 1 6 20 6 1 7 7 9 21 17 13 20 19 12 13 17 17 17 9 9 20 12 3 7 5 4 20 9 9
split_gain=2887.11 2827.06 469.388 511.145 496.428 299.673 269.767 251.39 85.3592 199.997 80.9585 61.2783 105.424 60.7276 57.8238 56.7677 50.8437 74.0526 86.8014 52.869 71.1 49.1743 48.7986 58.4673 48.0862 47.5813 47.555 45.3427 39.2364 44.0234 38.8402 38.5831 36.1143 33.4431 34.706 32.5844 43.908 41.7672 62.6546 30.5112 28.342 28.4111 28.1971 28.1799 28.0274 27.562 27.5567 27.2751 52.5287 39.5279 31.9736 31.5782 31.2549 40.6506 34.6515 28.3617 26.5932 26.5613 26.4824 25.7348 37.3722 37.093
threshold=7.9699423268201111 0.036504684508943612 11.243684383646352 2.5000000000000004 24.003723606436235 -101.34229578125206 -58.169432999648429 24.003723606436235 0.77329550501624056 2.0039493990201902 65.265407499425763 28.806463029369876 17.311423331440803 0.90766132075096218 18.62760274312507 1.6136882485306052 0.49720573738700752 32.26686922872058 27.967344684326452 0.16606176382265053 31.145030758132403 -114.52640459224496 1.2878994310186551 -106.05250195692099 -123.53871274105298 75.723465333984365 116.52470094566353 -100.15782821308748 -0.41850624127896369 44.121349054453155 551.93563996023011 -114.94426042958814 0.2385900801779979 462.87056601131354 0.069483510425877984 145.80098911164103 -0.23557080605988642 351.10570062717454 -0.28393548200416058 -0.1448985226335324 0.27550089091892144 2.8584606511687602 0.90933842221858907 11.782983162621337 126.13084000709551 3.5000000000000004 -109.38383676573848 16.339785092268745 4.2168516337139392 1.9655963858316055 2.5334595423552155 0.37645902745497001 0.026471048186454741 71.558467472276121 -98.077216196482411 2.5923281977922801 0.21250067362301464 15.132611422060149 39.183075757588959 165.85504871891501 0.046072010745631616 0.10971875899492824
decision_type=2 8 8 2 2 2 2 2 8 8 2 2 2 8 2 8 8 2 8 8 2 2 8 2 2 8 10 2 2 2 2 2 2 2 2 8 2 2 2 2 2 8 2 2 8 2 2 2 2 2 2 2 2 8 2 2 2 2 2 8 2 2
left_child=-1 5 3 4 13 7 16 21 9 27 22 -7 -13 -3 -5 -15 17 18 -4 20 -20 -2 23 30 25 -18 43 -6 -19 59 -9 39 44 -10 -35 -33 37 38 -37 -28 56 -42 -38 -26 -21 -27 -40 51 49 52 -51 -45 53 -49 58 -54 -16 -34 -55 60 -30 -62
right_child=1 2 6 14 8 11 -8 10 33 -11 -12 12 -14 15 40 -17 24 28 19 32 -22 -23 -24 -25 26 45 31 -29 29 -31 -32 35 57 34 -36 36 42 -39 46 -41 41 -43 -44 47 -46 -47 -48 48 -50 50 -52 -53 55 54 -56 -57 -58 -59 -60 -61 61 -63
leaf_value=0.10076569622773497 0.042369008607378134 0.094137810912722553 0.04767426756285064 0.025766002817393899 -0.010097583837807178 0.091663592314162934 -0.059005718536831411 -0.021633015428735643 0.019118327813870881 0.073893854245543483 0.057860074184007113 0.082336705061843832 0.037739506138618602 0.078114206840594613 -0.0028824357111286369 0.035451915656265459 0.023500645704131677 -0.029576761665589667 0.043974708639511577 0.018664574003596182 -0.0025786648325200352 0.077519787073106264 0.035190862011909484 0.032601782565881664 -0.023470841775841696 0.0062202227880091719 -0.0027448898105494743 0.0282046039980084 -0.025944139012762418 -0.026379492653259 0.010545573256188823 0.0019706171344196083 -0.0013778640761187202 0.008908138869879529 -0.017130325958867997 -0.049995972347947268 -0.003086841244439158 -0.0017483705847111881 0.0050874076795298607 0.017241410868463373 0.0073666986604195859 -0.0085212465347005769 0.013503033345937729 0.007208224322377263 -0.0072689618241773644 -0.017571161815098352 -0.019592596033003694 0.0075538016464314489 -0.030488336292439942 0.013285902343690394 -0.0026160538924631439 -0.015981166633428075 9.1735658533349516e-05 0.0068052984534629751 -0.01994537730353034 -0.0058585978909088373 -0.020776765652439171 -0.027473279704093273 -0.010550044979900121 0.018057084645737301 0.021875037219375369 -0.0026687515685161413
leaf_weight=254 56 76 51 76 59 127 79 52 114 65 53 117 85 62 624 56 108 50 67 114 52 127 99 67 73 143 112 51 51 60 92 1117 113 116 75 51 1184 182 55 176 459 129 99 303 55 62 152 385 72 184 295 63 760 181 114 14011 84 50 139 65 64 375
leaf_count=254 56 76 51 76 59 127 79 52 114 65 53 117 85 62 624 56 108 50 67 114 52 127 99 67 73 143 112 51 51 60 92 1117 113 116 75 51 1184 182 55 176 459 129 99 303 55 62 152 385 72 184 295 63 760 181 114 14011 84 50 139 65 64 375
internal_value=-1.54752e-05 -0.000709611 -0.00269757 0.0110233 0.032396 0.0521992 -0.00401805 0.0384501 0.0159599 0.032601 0.0238864 0.0748311 0.0638489 0.0727721 0.000507905 0.0583357 -0.00381025 0.00227514 0.0109619 0.00671407 0.0237801 0.067052 0.0179106 0.00967505 -0.00416506 0.00748503 -0.00435045 0.00775481 -0.00428899 -0.00218839 -0.00114353 -0.000957306 0.000543995 0.00633645 -0.00135236 -0.00201935 -0.00460564 -0.0127721 -0.0205118 0.00948636 -0.000992003 0.00387253 -0.0017972 -0.00499051 0.0102316 -0.00102559 -0.0130422 -0.00490737 -0.00509103 -0.00497534 0.00350737 0.00318394 -0.00523618 0.000467813 -0.00582106 -0.00555245 -0.0050318 -0.0095013 -0.00074281 0.000469603 -0.00189545 0.00095097
internal_weight=24442 24188 23313 2046 674 875 21267 546 480 175 363 329 202 194 1372 118 21188 1167 502 451 119 183 310 211 20021 313 19708 110 665 615 144 3128 332 305 191 2840 1723 440 258 288 1296 588 1283 16580 169 205 207 16507 16141 16069 479 366 15590 819 434 14771 708 163 320 555 490 439
internal_count=24442 24188 23313 2046 674 875 21267 546 480 175 363 329 202 194 1372 118 21188 1167 502 451 119 183 310 211 20021 313 19708 110 665 615 144 3128 332 305 191 2840 1723 440 258 288 1296 588 1283 16580 169 205 207 16507 16141 16069 479 366 15590 819 434 14771 708 163 320 555 490 439
is_linear=0
shrinkage=0.03


Tree=10
num_leaves=63
num_cat=0
split_feature=16 21 20 12 2 15 19 15 20 12 21 20 19 0 20 15 12 21 12 2 12 6 15 20 12 8 6 15 21 12 19 21 2 20 6 15 12 15 20 20 15 0 21 20 21 6 6 8 12 21 12 16 20 20 8 21 8 20 9 9 6 20
split_gain=2676.32 2683.86 364.771 283.443 282.681 267.603 255.805 419.279 83.0344 70.8212 69.7057 207.586 222.062 70.0653 60.148 58.8338 56.5255 55.5113 52.0345 42.7582 40.823 60.3035 40.2055 38.6688 38.6019 45.8149 37.8968 36.7442 90.5021 67.8869 54.6029 32.4802 29.2839 28.8803 27.3715 26.9938 26.4842 26.3609 38.3087 41.6469 26.3545 25.1156 24.6289 45.144 37.8149 34.9596 36.2816 31.7902 53.8806 30.5607 27.365 26.3299 26.1829 27.7394 22.9205 22.4564 26.9193 26.2848 28.8436 27.8675 22.8662 21.8494
threshold=28.035921372148071 0.036504684508943612 3.9913786367212603 -101.34229578125206 3.3409260858979981 2.4714907342092693e-09 2.5000000000000004 7.2305518765730566e-10 1.7925050432673102 -110.28867877777066 0.72020167762079057 12.854742279637202 3.5000000000000004 148.76149039051651 55.293569055230954 7.669190428863953e-10 -126.10251266064104 0.0073127644711899059 -108.32196802875795 5.428071033778223 -106.12707172905148 -0.16072697926990107 2.234283373633436e-08 75.723465333984365 -95.582267856589027 0.3024611686790955 -0.061382322411134053 1.8648429998992615e-09 0.31128966559874655 -107.93890765149898 2.5000000000000004 2.6239871228376703 5.558931089417448 168.65284088408904 0.30423522383772733 1.6784012761293699e-08 -106.37842076009848 5.3808392482559612e-09 114.14814612455002 30.344684523186153 1.0000000180025095e-35 95.049803506318469 2.2063874639235905 51.807085811746354 3.0886328888557606 0.3256182990342163 0.057920009095933984 0.15975617197524386 -103.55996029514391 1.2159943321945703 -109.82253844470549 1.0305959579886638e-06 48.460942581880708 70.245115469862512 0.24879566183821825 1.1603138738223804 0.20384407386558581 15.215222394536951 0.17271312380750817 0.11190815583108639 0.12768705078706691 86.756998718055115
decision_type=2 8 8 2 2 2 2 2 8 2 8 8 2 2 8 2 2 8 2 2 2 2 2 8 2 2 2 2 8 2 2 8 2 8 2 2 2 2 10 10 2 2 8 8 8 2 2 2 2 8 2 2 8 8 2 8 2 10 2 2 2 10
left_child=1 3 6 5 -4 17 7 8 24 -9 11 12 -6 14 40 26 23 32 19 -7 21 -19 41 -15 25 -3 -5 33 29 -29 -31 -8 -1 -13 -2 37 -30 -18 39 55 -12 -16 45 50 -45 46 47 52 54 -48 -44 -51 -41 -54 -49 56 -39 59 -59 -57 -60 -43
right_child=34 2 4 15 10 18 31 9 -10 -11 13 27 -14 16 22 -17 35 20 -20 -21 -22 -23 -24 -25 -26 -27 -28 28 36 30 -32 -33 -34 -35 -36 -37 -38 38 -40 42 -42 61 43 44 -46 -47 49 48 -50 51 -52 -53 53 -55 -56 57 -58 58 60 -61 -62 -63
leaf_value=0.01584909430441811 0.10834053520456488 -0.026787006774296365 -0.053945127921442598 0.04434000247291156 0.074970386395940766 0.071550696145404477 0.0041555119914770469 0.033656057261728815 0.036247856881349322 0.074533450111594735 0.0072367018116980732 -0.0059732512849724013 0.0023080030329087199 0.031801393934255164 -0.018287449707104653 0.08727629479388116 -0.0044650757635675805 0.044398864669104414 0.082210104380113377 0.036414800911609611 0.047882370916397674 0.0040747835838727733 0.019807955063879487 0.0014522645728928703 0.01667695161292795 0.0076972273972312931 0.072497657174263028 -0.00060463393068651563 0.0033701641803893906 0.046079348387480103 0.0087316957990623122 -0.014202186758427516 -0.01413539824240348 0.0076170801255643732 0.079434236606244338 0.00065656820905420933 -0.0094264618435792712 -0.029574602774928432 6.885839812044557e-05 0.018459899328428054 0.033164870354325277 -0.0096107256623962131 -0.049138805046677593 -0.020483185130047137 0.00025823031983557428 0.0032415946519288876 -0.03693086228004043 -0.020670849390327931 -0.034826384855783543 -0.0030111201248806097 -0.021848005334160439 -0.028135444690376075 -0.022382867982927358 0.0056186540701892223 0.0017884254529205864 -0.023471752529165574 -0.0017574213667060521 0.020513753576532883 0.0064519550133559662 -0.0015260447264171953 -0.017269776277946975 0.0064833579149875618
leaf_weight=68 174 80 100 83 68 54 352 55 61 146 61 1123 84 61 80 141 16054 53 80 83 68 88 80 97 59 60 109 96 311 91 58 114 50 160 54 820 272 58 450 58 85 121 53 190 135 155 81 59 79 86 94 66 52 79 128 69 67 84 117 204 52 200
leaf_count=68 174 80 100 83 68 54 352 55 61 146 61 1123 84 61 80 141 16054 53 80 83 68 88 80 97 59 60 109 96 311 91 58 114 50 160 54 820 272 58 450 58 85 121 53 190 135 155 81 59 79 86 94 66 52 79 128 69 67 84 117 204 52 200
internal_value=-9.86775e-06 -0.00117089 -0.00310572 0.0503217 -0.00386786 0.0368622 0.015326 0.0311449 0.00593014 0.0635701 -0.00364127 0.00134958 0.0350924 -0.00420392 0.00566029 0.0721333 -0.00452221 0.0196243 0.0626291 0.0506821 0.0288766 0.019438 0.000526571 0.0132957 -0.003498 -0.0120583 0.0606181 -0.0010955 0.00382857 0.0190887 0.0316965 -0.000356222 0.00313178 -0.00427382 0.101871 -0.00466883 -0.00260605 -0.00490529 -0.00782736 -0.00963386 0.0224548 -0.00335979 -0.0127046 -0.018195 -0.0118932 -0.00961256 -0.012509 -0.00755114 -0.0142159 -0.022117 -0.0319531 -0.014033 0.00185439 -0.00558182 -0.00536992 -0.00342111 -0.0147969 -0.000694801 0.00625867 -0.00713818 -0.000905691 0.000405734
internal_weight=24470 24242 23365 877 22438 544 927 461 260 201 22338 2263 152 20075 627 333 19448 327 217 137 209 141 481 158 199 140 192 2111 828 245 149 466 118 1283 228 19290 583 18470 2416 1966 146 401 1315 472 325 843 688 455 266 233 147 152 189 131 187 651 125 526 253 273 169 321
internal_count=24470 24242 23365 877 22438 544 927 461 260 201 22338 2263 152 20075 627 333 19448 327 217 137 209 141 481 158 199 140 192 2111 828 245 149 466 118 1283 228 19290 583 18470 2416 1966 146 401 1315 472 325 843 688 455 266 233 147 152 189 131 187 651 125 526 253 273 169 321
is_linear=0
shrinkage=0.03


Tree=11
num_leaves=63
num_cat=0
split_feature=10 21 12 2 15 1 4 21 3 10 4 15 3 2 2 11 5 1 3 1 15 21 2 11 12 16 5 1 12 3 16 15 21 1 4 11 2 15 2 1 16 17 12 10 12 12 5 21 3 11 1 12 3 21 1 2 21 11 1 21 2 3
split_gain=2520.11 2588.36 292.815 221.298 193.576 168.145 114.132 96.6494 53.5855 53.2569 52.3863 49.8466 46.1893 44.1863 42.0602 41.9363 40.5923 38.1317 37.9094 35.8781 34.0666 89.4071 32.6096 32.0996 76.6397 31.9213 29.6308 29.5154 27.8104 26.2394 26.0739 33.389 33.4993 42.9133 50.4466 30.4916 28.2081 27.2269 39.6484 26.0356 44.5697 33.2573 54.9516 37.6904 30.8769 26.5818 51.5612 27.0805 25.7171 60.4299 37.5749 33.7385 25.2933 41.4596 28.1535 27.1781 24.5954 24.4772 37.7704 23.6562 34.1982 42.3177
threshold=15.500000000000002 0.036504684508943612 -100.61878756137999 3.3409260858979981 3.0547904930207667e-09 1142.6428715872551 58.51765876089781 0.87045578646147159 48.737503657922957 3.5000000000000004 6.528153597556436 2.6820903980392579e-10 9.4857429387865615 4.5903332993426753 5.5791178674734718 -115.71146999927198 -6.4398337005183004 909.82836450838306 37.612520103678506 703.22588612100105 6.4133818740643007e-10 0.78591458771949518 5.5762032481620265 -128.37817988323948 -126.10251266064104 10.078601549644471 -16.737423312856944 205.71462539076103 -110.38787840244748 35.404653097096762 1.3964834206088781 1.4222047779426417e-09 0.28342671139362557 415.93219833120503 26.137774566180806 -101.24332497570948 5.71954317732762 9.4893155708715721e-09 5.5662702005478595 316.55721303296406 8.0704839327020697 1.2899432396094499 -102.17728644623527 4.5000000000000009 -108.39863305482298 -95.402509209946885 -11.908643587816 1.0477405343012103 10.626349967558852 -93.741008537739987 76.546677202459776 -88.992382111569682 23.973276449254005 0.69079529357817959 399.26724342851355 5.1726428232039492 1.0098626674901203 -95.807966777701282 273.94161655865508 4.9947942930447153 5.1768206169284783 42.551787029432653
decision_type=2 8 2 2 2 2 2 8 2 2 2 2 2 2 2 2 2 2 2 2 2 8 2 2 2 2 2 2 2 2 2 2 8 2 2 2 2 2 2 2 2 2 2 2 2 2 2 8 2 2 2 2 2 8 2 2 8 2 2 8 2 2
left_child=1 2 4 -3 6 7 19 9 17 15 -11 12 -4 27 -6 -5 -14 25 30 29 -7 -22 -12 -15 -25 39 -19 -10 -27 -1 31 32 35 36 -35 -17 57 38 -32 41 59 45 43 44 -43 47 48 56 -47 -50 51 -51 53 55 -54 -33 -9 58 -34 60 -41 -62
right_child=-2 3 11 5 14 20 -8 8 13 10 22 -13 16 23 -16 18 -18 26 -20 -21 21 -23 -24 24 -26 28 -28 -29 -30 -31 37 52 33 34 -36 -37 -38 -39 -40 40 -42 42 -44 -45 -46 46 -48 -49 49 50 -52 -53 54 -55 -56 -57 -58 -59 -60 -61 61 -63
leaf_value=0.016940419741440563 0.097740345113295116 -0.047894170863359828 0.085163488327446177 0.014733279815409332 0.068028837786149238 0.0068561258010715991 0.054255827867193143 -0.0089172860414712049 0.0050014276216870969 -0.0066160424372441514 0.018743373611384177 0.087027423014636521 0.06632174954037455 -0.021390161702266104 0.038156418553275513 -0.0005685813251621784 0.030651115498372485 -0.0084767041780145422 -0.010388057486200569 0.025277079927576024 0.050054981885119698 0.01062176273981477 0.0041933059292971033 0.028189943424728976 -0.0014073114046697034 -0.010242941545833262 0.0086211824621531662 0.025831480906393967 0.013405630073285902 -0.0084124311731429771 -0.016706102165639444 0.01231609815474728 -0.0029168266113048943 0.021579541861089867 0.00039775984272295731 -0.020286440394896112 0.012225180227043372 -0.026257817932083958 0.012212635543507598 0.0026102327170499724 -0.022180006047710775 0.0099446874402558359 0.017130834132013533 -0.022540627959184347 -0.0088703591956246861 -0.0072910372001360954 -0.0051453831342578027 -0.004699467857304027 -0.042667085350627396 -0.041120799090713256 -0.0073128438323010938 -0.013473001081166008 0.013565935290054135 -0.0015539349163266117 -0.014058902780525386 0.04090090476992455 -0.027778087846934793 0.0052752368033734936 -0.021779093819312176 -0.005597561357038509 -0.0039747497237861045 0.011058883449753348
leaf_weight=67 235 96 54 159 149 198 79 289 174 152 358 138 67 64 66 156 55 122 340 122 77 156 227 82 1533 61 353 94 161 79 88 57 362 181 228 128 104 60 81 1264 107 156 150 79 156 253 1207 7424 81 71 260 92 68 67 63 65 79 170 129 1864 3177 177
leaf_count=67 235 96 54 159 149 198 79 289 174 152 358 138 67 64 66 156 55 122 340 122 77 156 227 82 1533 61 353 94 161 79 88 57 362 181 228 128 104 60 81 1264 107 156 150 79 156 253 1207 7424 81 71 260 92 68 67 63 65 79 170 129 1864 3177 177
internal_value=5.22113e-05 -0.000770517 0.0498249 -0.00267479 0.0367483 -0.00248565 0.022783 -0.00283726 -0.00363364 0.00195836 0.00904159 0.0730386 0.0616403 0.00108821 0.0590778 -0.000127549 0.0506207 -0.00415654 -0.00114016 0.0133384 0.0160562 0.0238116 0.0131142 -0.000719887 0.000111974 -0.00438937 0.00422114 0.0123764 0.00689081 0.00325819 0.000430895 0.00165957 -0.000268701 0.00196952 0.00980137 -0.0094955 -0.00222504 -0.0090745 -0.00285534 -0.00453807 -0.00306468 -0.0054805 0.00175678 -0.00416985 0.00053888 -0.00588197 -0.00900183 -0.00509455 -0.0151358 -0.0190516 -0.0144395 -0.0256932 0.0104187 0.0174112 0.000274847 0.0277544 -0.0130305 -0.00451363 -0.00790669 -0.00274576 -0.00159371 -0.00317832
internal_weight=24411 24176 876 23300 562 23204 347 22773 19530 3243 737 314 176 1947 215 2506 122 17583 2347 268 431 233 585 1679 1615 17108 475 268 222 146 2007 1778 1458 1174 409 284 765 229 169 16886 6589 10297 541 391 312 9756 1964 7792 757 504 423 163 320 189 131 122 368 661 491 6482 4618 3354
internal_count=24411 24176 876 23300 562 23204 347 22773 19530 3243 737 314 176 1947 215 2506 122 17583 2347 268 431 233 585 1679 1615 17108 475 268 222 146 2007 1778 1458 1174 409 284 765 229 169 16886 6589 10297 541 391 312 9756 1964 7792 757 504 423 163 320 189 131 122 368 661 491 6482 4618 3354
is_linear=0
shrinkage=0.03


Tree=12
num_leaves=63
num_cat=0
split_feature=10 21 0 3 21 3 15 10 15 4 12 12 6 21 2 7 2 12 12 4 21 11 3 3 11 6 10 21 3 12 3 4 12 21 11 6 11 11 3 2 17 21 21 7 21 21 7 17 7 2 12 21 7 6 11 11 21 15 3 17 21 11
split_gain=2528.4 2461.94 295.997 280.286 123.004 89.043 77.539 70.5785 61.9645 56.4659 52.0136 49.1914 46.2792 44.4963 49.8307 36.546 47.857 39.8234 43.3776 49.9064 30.5121 36.9186 29.1764 37.7393 30.4467 55.4317 46.3366 36.1949 37.5008 32.0865 29.1749 29.9188 57.0383 29.0125 28.7379 32.42 28.6112 28.1042 42.3984 30.3813 27.6617 29.1791 27.4223 45.132 30.7059 26.7217 27.9861 26.6734 26.5658 30.338 84.7852 45.7881 26.5267 25.6286 34.2311 25.9078 25.4196 24.8074 24.2777 24.0009 23.7345 23.2393
threshold=15.500000000000002 0.036504684508943612 56.4905538282188 32.415487237616809 0.87045578646147159 9.8756728257491773 1.8648429998992615e-09 3.5000000000000004 1.4546323957402321e-09 12.429943933086752 -108.32196802875795 -123.53871274105298 -0.26352057688944747 0.13122009026230202 5.5981856884607275 -0.30776225415752034 4.354461438485238 -103.46910750931798 -104.21702248735649 80.491431876982475 5.9050082110435458 -80.606609049297035 3.0443805050564254 0.24688349618768055 -100.17445972142399 -0.47683623477262665 3.5000000000000004 1.75841517186616 20.480497002503352 -100.38313267531647 47.782836442995311 -8.8532909479583282 -96.183868907156025 2.4514814426379603 -103.12369372171798 -0.061382322411134053 -101.56441647646199 -119.54109695041898 34.975947216050109 5.7486551705724516 2.1316282072803015e-14 0.16606176382265053 0.16606176382265053 -0.1448985226335324 0.28342671139362557 0.51102115235880252 0.38042054963126765 0.099794488475571499 -0.26387586030315052 5.2076526737282629 -91.559779009846267 3.2459548656395905 -0.22180194815604534 0.35622485324056968 -128.37817988323948 -126.40291758002948 1.75841517186616 7.9409338805090669e-23 12.464775634783001 1.1847641639718225 0.33676839252946256 -110.23137678525698
decision_type=2 8 2 2 8 2 2 2 2 2 2 2 2 8 2 2 2 2 2 2 8 2 2 2 2 2 2 8 2 2 2 2 2 10 2 2 2 2 2 2 2 8 8 2 8 8 2 2 2 2 2 10 2 2 2 2 10 2 2 2 8 2
left_child=1 3 -3 5 7 36 12 37 34 -9 -10 53 -5 -11 -15 17 20 18 19 -13 21 -17 23 33 29 -26 48 28 -28 -24 31 32 -19 57 -7 -36 -1 -4 39 42 41 -40 43 -39 -44 47 61 -46 -27 -50 51 52 -51 54 -6 -56 -54 -18 -22 -33 -43 -47
right_child=-2 2 4 6 11 8 -8 9 10 13 -12 15 -14 14 -16 16 22 30 -20 -21 58 -23 24 -25 25 26 27 -29 -30 -31 -32 59 -34 -35 35 -37 -38 38 40 -41 -42 60 44 -45 45 46 -48 -49 49 50 -52 -53 56 -55 55 -57 -58 -59 -60 -61 -62 -63
leaf_value=0.061882305620954585 0.097742515494808169 -0.055754950681116494 0.020993394467181393 0.037882673256802106 -0.006747307215418134 0.023827198506469891 0.045277390048460028 -0.0021763073804423861 0.03991876591629577 0.042312502686810846 0.077617965153684562 -0.0072322866820360415 0.0050177656993400889 0.01941001124581564 -0.0010179069298901595 0.022372270427028038 -0.013136384485164439 0.0021912547631019897 -0.025357560923712299 -0.030117662007610003 -0.023186860581969514 0.0032054520004787361 -0.0033645649792831012 0.0054165102170677642 -0.027175110250308707 0.0031092639599377527 0.0018500217348964025 -0.0032824336712614496 0.03244776337352745 0.013468221228434682 0.014208041807500326 -0.0020671390331737064 -0.041579066315349543 -0.024600241776083553 0.029068226165631237 0.061128570800473264 0.087902852380829538 0.030733393906232191 -0.02837452936757888 0.013650677029467767 0.011172079149633645 0.011826198219376452 -0.012266055996426276 0.0006055206319466709 0.0094602061191019198 0.0091304185815633977 0.011034896318302597 -0.01252025564152159 -0.0052986314082072499 -0.027750216800098617 -0.037987650357025241 -0.033857881815337963 -0.0089715941418833794 -0.011409858594525535 0.034828490458036723 0.010844719285354474 0.0022156562190502882 0.0093280472195173582 0.0019121815154858686 -0.018054709812839673 -0.01009948551423556 -0.0056265146666244223
leaf_weight=77 233 95 55 52 69 67 112 229 52 50 111 1880 143 330 159 132 87 54 143 89 50 284 10042 634 110 233 77 209 67 102 81 1394 52 70 50 76 117 67 69 168 59 50 188 131 392 108 128 56 2238 53 97 61 715 52 56 146 245 88 108 89 351 812
leaf_count=77 233 95 55 52 69 67 112 229 52 50 111 1880 143 330 159 132 87 54 143 89 50 284 10042 634 110 233 77 209 67 102 81 1394 52 70 50 76 117 67 69 168 59 50 188 131 392 108 128 56 2238 53 97 61 715 52 56 146 245 88 108 89 351 812
internal_value=7.36756e-06 -0.00134738 -0.00318472 0.0485601 -0.00296715 0.0613755 0.0254763 0.00230213 0.0521528 0.0102981 0.065908 -0.00387225 0.0139303 0.0155922 0.0127793 -0.00406487 -0.00342681 -0.00671232 -0.00944913 -0.00828148 0.0050695 0.0093263 -0.0037495 0.00155348 -0.00407672 -0.00625674 -0.00567411 0.00469333 0.0162121 -0.003194 -0.00324757 -0.00414576 -0.0194689 -0.00842448 0.0402558 0.0487353 0.0779454 -3.22954e-05 -0.000488654 0.00146614 -0.00805241 -0.0104843 0.000371791 0.0109035 -0.000872236 0.000566845 -0.00205495 0.00669088 -0.00667998 -0.00734978 -0.011262 -0.00881517 -0.00727527 0.00772334 0.0114231 0.0176325 -0.00611718 -0.00185117 -0.00612643 -0.00303813 -0.00734299 -0.00388615
internal_weight=24394 24161 23304 857 23209 550 307 3402 356 768 163 19807 195 539 489 19484 15702 3782 2112 1969 574 416 15128 879 14249 4105 3995 353 144 10144 1670 1589 106 245 193 126 194 2634 2579 2050 529 470 1882 198 1684 1496 1048 448 3642 3409 1171 1074 1013 323 271 202 960 175 158 1483 401 920
internal_count=24394 24161 23304 857 23209 550 307 3402 356 768 163 19807 195 539 489 19484 15702 3782 2112 1969 574 416 15128 879 14249 4105 3995 353 144 10144 1670 1589 106 245 193 126 194 2634 2579 2050 529 470 1882 198 1684 1496 1048 448 3642 3409 1171 1074 1013 323 271 202 960 175 158 1483 401 920
is_linear=0
shrinkage=0.03


Tree=13
num_leaves=63
num_cat=0
split_feature=13 21 3 20 19 13 0 13 20 13 21 20 12 3 12 12 13 12 0 13 21 3 17 20 3 15 8 20 20 6 20 17 19 0 6 20 19 20 3 17 21 21 21 3 0 8 20 15 20 20 3 3 12 21 12 19 3 12 21 6 3 12
split_gain=2481.99 2234.77 350.574 293.187 458.163 388.669 217.955 212.368 134.624 128.182 120.998 259.547 116.322 96.2375 65.0569 49.4123 42.6435 40.0728 34.701 32.9528 45.2335 56.2193 43.057 47.696 32.3144 30.8109 29.6434 33.1599 35.8341 29.3864 24.5145 24.2241 29.2298 36.6757 23.9519 23.3741 22.4814 55.3303 40.7355 41.9 33.1197 78.2053 53.4157 30.708 27.0255 32 28.843 27.4807 26.6935 34.4684 28.5498 38.7287 26.1912 27.1029 30.9007 26.0648 24.8431 30.789 24.1974 23.9075 44.2869 43.1655
threshold=7.9699423268201111 0.059577513970665803 25.795520038507004 15.732339696597101 2.5000000000000004 29.642704613296093 56.4905538282188 28.105823003308689 6.6321986571914104 23.627021827548209 0.81216651374909465 2.0039493990201902 -106.12707172905148 32.990988982110707 -100.85560554107219 -105.02742803667074 20.766704054497584 -98.077216196482411 400.05063525689701 19.476696818100418 0.87045578646147159 14.634628962915402 4.7980420268203714 22.403976404257104 28.799540434568353 6.7941114742272693e-09 0.17883619312652324 9.831486006680473 11.729232346842251 -0.16435127160167437 1.4609906702845001 2.2843602288308231 4.5000000000000009 319.12354481335905 -0.088472061489836648 2.7049843814447656 4.5000000000000009 48.460942581880708 22.899830219888553 1.7913796476202808 1.1369920923094752 1.4632402078891802 0.98283622370007018 17.147342795953104 323.10979622597557 0.45911266906187548 93.066467654313215 4.369792728886538e-09 42.72785331828576 17.808089106902404 2.1707543100392055 9.0481389630099915 -108.02442962227799 1.2767890824223354 -112.12969464948124 2.5000000000000004 44.121349054453155 -114.16895075352146 1.4339662631185901 0.22883223818491419 57.59001577756306 -114.52640459224496
decision_type=2 8 2 8 2 2 2 2 8 2 8 8 2 2 2 2 2 2 2 2 8 2 2 8 2 2 2 8 8 2 8 2 2 2 2 8 2 8 2 2 8 8 8 2 2 2 8 2 8 8 2 2 2 8 2 2 2 2 8 2 2 2
left_child=-1 2 9 4 5 8 -5 18 13 -2 11 -7 -11 -3 30 -12 -6 -14 -4 20 21 -8 23 -22 -23 -10 27 -18 -29 -17 -9 32 -25 -34 -19 -32 48 40 44 52 42 -42 43 -38 -39 46 47 -46 49 -21 -51 55 53 54 -40 -52 -43 -58 -54 -50 -61 -62
right_child=1 3 7 6 16 10 19 14 25 12 15 -13 17 -15 -16 29 26 34 -20 36 22 24 -24 31 -26 -27 -28 28 -30 -31 35 -33 33 -35 -36 -37 37 38 39 -41 41 56 -44 -45 45 -47 -48 -49 59 50 51 -53 58 -55 -56 -57 57 -59 -60 60 61 -63
leaf_value=0.093416880556647708 0.085731310507717054 0.083438495641363089 0.071268124937312674 -0.05117143638253558 0.011504962810302256 0.00056923672378538773 0.037313505883714959 -0.0049090033815826157 0.04113129103159318 0.014471258402225516 0.016619597211794322 0.083756780440233797 0.045910228802444969 0.035365425054179993 0.041027152321082262 -0.027877712616076071 -0.013295754721235011 0.053121363174702438 0.041786482056569575 -0.013234990763174286 0.024661171709679856 -0.012241900386794916 -0.022552025882593755 -0.0017629074229599765 0.013820080250955961 0.0091323248910553326 0.00035205639133489397 0.017014644530760806 -0.0071779286700101299 -0.0031228581369727205 0.028549424754279965 0.0070300975036356721 -0.035921934322877366 -0.0033340202578126567 0.080569972352173766 0.00085750148984892617 -0.025618958793326766 0.00062013614815502858 -0.020519443761929872 0.023898541776552085 0.0091705878779330102 -0.0094503116151932708 -0.037417103334800486 -0.0062042957704349739 -0.0038322418994530452 0.0097825972380285904 -0.018717614091609745 -0.023936761004008249 -0.0050145136105904445 0.015479487032728053 0.0066885486365584976 0.00084282158692717375 0.0016956289537431017 0.0082653550112031793 0.0056392205278441472 -0.016045354315053637 -0.0044119343351361889 -0.033169454659800979 -0.0092123903541531556 -0.0014758930576062343 -0.0031190422549843789 -0.040667381177011588
leaf_weight=252 150 128 59 87 215 93 60 133 60 62 82 52 110 56 50 62 385 55 111 187 64 68 83 665 112 50 1097 81 167 138 52 216 54 72 94 57 105 266 74 62 195 658 96 241 382 65 332 72 9288 103 57 2008 309 379 88 213 52 95 447 3354 59 51
leaf_count=252 150 128 59 87 215 93 60 133 60 62 82 52 110 56 50 62 385 55 111 187 64 68 83 665 112 50 1097 81 167 138 52 216 54 72 94 57 105 266 74 62 195 658 96 241 382 65 332 72 9288 103 57 2008 309 379 88 213 52 95 447 3354 59 51
internal_value=-3.88979e-06 -0.00103445 0.0444708 -0.00285181 0.00651091 0.0269194 -0.00405681 0.0258177 0.0534039 0.0626739 0.00860204 0.0307714 0.0516667 0.0690778 0.0102301 -0.00286554 -0.00106435 0.0604807 0.0523753 -0.00385567 0.000597887 0.0124195 -0.00186931 -0.000246902 0.0039612 0.0267996 -0.00263217 -0.0077963 0.000760276 -0.0108974 0.00372448 -0.00185283 -0.00428433 -0.0174731 0.0708596 0.0142078 -0.00417839 -0.00620667 -0.00348365 5.78638e-06 -0.0108766 -0.00784058 -0.0177122 -0.0121529 -0.00772529 -0.0103315 -0.0120052 -0.00706622 -0.0036593 -0.000868374 0.000108029 -0.00059348 -0.00115388 0.00388149 -0.00636238 -0.011239 -0.0119676 -0.0230953 -0.0047576 -0.00422123 -0.00209335 -0.0207374
internal_weight=24570 24318 933 23385 2666 721 20719 462 294 471 427 145 321 184 292 282 1945 259 170 20632 1394 240 1154 1071 180 110 1730 633 248 200 242 1007 791 126 149 109 19238 3918 2476 1359 1442 1000 442 346 1117 851 786 454 15320 2568 2381 2278 1297 541 162 270 805 147 756 12752 3464 110
internal_count=24570 24318 933 23385 2666 721 20719 462 294 471 427 145 321 184 292 282 1945 259 170 20632 1394 240 1154 1071 180 110 1730 633 248 200 242 1007 791 126 149 109 19238 3918 2476 1359 1442 1000 442 346 1117 851 786 454 15320 2568 2381 2278 1297 541 162 270 805 147 756 12752 3464 110
is_linear=0
shrinkage=0.03


Tree=14
num_leaves=63
num_cat=0
split_feature=13 21 12 13 12 1 4 13 19 21 15 21 12 7 19 12 13 3 1 21 21 19 3 15 21 13 12 7 3 21 3 13 4 16 7 19 8 1 4 3 12 1 12 12 8 3 8 3 21 13 4 8 21 3 7 4 4 21 8 1 19 4
split_gain=2026.56 2062.65 238.031 209.876 173.9 195.756 111.775 86.342 160.019 101.324 70.3405 71.316 66.5519 51.375 51.0931 50.754 49.9385 73.6946 44.9823 43.2302 38.7825 40.0642 91.0791 83.089 54.9279 37.8001 37.5346 37.4157 36.518 35.8229 50.4873 52.6905 51.9799 33.9911 40.4756 29.916 32.7274 29.7487 29.3804 27.4652 27.393 26.5713 25.7842 28.1423 24.6111 30.4091 27.9438 26.6241 46.0428 22.6838 41.449 22.5155 26.253 22.1722 33.3851 25.2897 22.9752 30.6033 22.2064 21.8721 24.5501 31.5024
threshold=7.9699423268201111 0.036504684508943612 -101.34229578125206 24.003723606436235 -58.169432999648429 909.82836450838306 64.328086420278154 20.671958101968034 2.5000000000000004 1.1603138738223804 7.7570011021334989e-09 0.78591458771949518 -110.28867877777066 -0.36597910206741519 4.5000000000000009 -124.63894669376059 26.647097050140918 15.952065460059401 563.58210457948064 3.1167654585578055 0.72020167762079057 2.5000000000000004 28.026889730076054 1.387982571819164e-09 0.36715599833097856 30.385524926017613 -115.14463321698197 -0.065205199341182393 23.973276449254005 1.7678240478036453 14.255138425842352 30.900841421447968 -4.9648197105767888 1.0000000180025095e-35 -0.13677989782298858 3.5000000000000004 0.43957552780097947 424.31761665047503 61.292819611140111 20.480497002503352 -100.15782821308748 38.449140556621508 -115.79548854263386 -111.19495374022763 0.43957552780097947 60.973596071485353 0.43776136769434887 -1.0000000180025095e-35 2.4514814426379603 19.378978424806743 67.483766396678462 0.402348032712669 3.0886328888557606 2.1707543100392055 -0.33128293760625199 25.331273300226304 86.026137457232622 5.9050082110435458 0.15587405973414462 605.8912492022622 4.5000000000000009 4.0976597876838303
decision_type=2 8 2 2 2 2 2 2 2 8 2 8 2 2 2 2 2 2 2 10 8 2 2 2 8 2 2 2 2 8 2 2 2 2 2 2 2 2 2 2 2 2 2 2 2 2 2 2 8 2 2 2 10 2 2 2 2 8 2 2 2 2
left_child=-1 2 3 26 5 7 25 8 9 18 29 -12 -11 14 -10 19 -4 -18 -3 -9 21 22 23 24 -17 -5 -2 -26 -13 30 31 -7 -32 -34 -35 36 49 -27 -14 -39 59 -37 -24 -44 46 -46 47 48 -22 50 -15 52 -43 54 -49 -56 -55 -58 -57 60 -23 -62
right_child=1 4 16 6 -6 10 -8 15 13 12 11 28 38 35 -16 20 17 -19 -20 -21 44 40 42 -25 27 37 -28 -29 -30 -31 32 -33 33 34 -36 41 -38 39 -40 -41 -42 51 43 -45 45 -47 -48 53 -50 -51 -52 -53 -54 56 55 58 57 -59 -60 -61 61 -63
leaf_value=0.085728289042061367 0.034909726411980736 0.045887661419548149 0.080233967697397018 0.033081027693115175 -0.043179922417098789 0.036448535154706661 0.057777982155925459 0.022936693575525243 -0.0065363422663110059 -0.013617509189306293 0.054617185512823713 -0.0026590350234792343 0.0086397286739924705 -0.018623395524919033 -0.042120206229961835 -0.0088203168303996118 0.071014336817539658 0.034755290237953887 0.017388848575452961 -0.0050745866592800202 0.0036309903415976397 0.0055534866959081565 0.012413405850213968 0.045160683622118079 0.005076243350939715 -0.0084990830107320413 0.06665343439833854 0.041712697891737607 0.029606952066533267 -0.0048857207729600333 0.032180749392136929 0.0084235473645144481 0.0063455795743540527 -0.031048267766833303 0.00046729670409616583 0.015699523511184452 -0.028436348194049464 0.032048342278336771 0.036429379478590013 0.0057670293772300674 -0.0097446680919793752 -0.0045165645437252955 -0.028269683035406546 -0.0034496267310882753 -0.0019232557278544187 0.020866664761366942 -0.023522785232389268 -0.016128766674686362 -0.027907765351867835 0.0086316136873381966 0.0053264733260640724 0.010941768007728843 0.0096211195973630401 -0.0048469456184425073 0.012566415325794986 0.0094020258543620755 0.020004895896865771 -0.0068574507771059865 -0.0093115112015495563 -0.013438936249989712 -0.025282824188262953 -0.00074944282742060925
leaf_weight=244 50 118 119 59 94 104 55 117 122 99 55 62 107 146 51 87 116 95 89 85 66 533 58 79 50 80 132 50 63 210 53 144 368 54 110 127 53 50 50 122 351 531 55 156 2184 53 70 80 111 101 116 165 151 14947 203 94 77 74 142 97 55 297
leaf_count=244 50 118 119 59 94 104 55 117 122 99 55 62 107 146 51 87 116 95 89 85 66 533 58 79 50 80 132 50 63 210 53 144 368 54 110 127 53 50 50 122 351 531 55 156 2184 53 70 80 111 101 116 165 151 14947 203 94 77 74 142 97 55 297
internal_value=2.94143e-05 -0.00098551 0.0441347 0.0319146 -0.00267208 -0.00250766 0.0187352 -0.00315158 0.00275113 0.0182217 0.00917239 0.0264414 0.00556124 -0.00184036 -0.0172082 -0.00374456 0.0642697 0.0549301 0.0337771 0.0111828 -0.00389612 0.000219289 0.00714664 0.0195614 0.00856409 0.0116675 0.0581711 0.0236261 0.0137089 0.00616965 0.00895924 0.0202751 0.00413566 0.00128656 -0.0100351 8.33144e-05 -0.00664168 0.00654302 0.0176645 0.013548 -0.00256428 0.00295946 -0.00515668 -0.0100221 -0.00432081 -0.00137422 -0.0047362 -0.00465145 -0.0161932 -0.00339016 -0.0080397 0.00103294 -0.00137687 -0.00451961 0.00157455 0.00482999 -0.00472919 0.00688206 -0.00184959 9.53614e-06 0.00149705 -0.00464355
internal_weight=24636 24392 878 548 23514 23420 366 22197 2026 463 1223 180 256 1563 173 20171 330 211 207 202 19969 1868 535 266 187 311 182 100 125 1043 833 248 585 532 164 1390 416 252 157 172 1333 974 269 211 18101 2237 15864 15794 177 363 262 847 682 15617 519 439 15098 151 236 982 885 352
internal_count=24636 24392 878 548 23514 23420 366 22197 2026 463 1223 180 256 1563 173 20171 330 211 207 202 19969 1868 535 266 187 311 182 100 125 1043 833 248 585 532 164 1390 416 252 157 172 1333 974 269 211 18101 2237 15864 15794 177 363 262 847 682 15617 519 439 15098 151 236 982 885 352
is_linear=0
shrinkage=0.03


Tree=15
num_leaves=63
num_cat=0
split_feature=21 16 20 19 15 3 0 15 21 20 19 3 20 21 3 0 11 9 11 4 20 3 21 20 7 7 21 4 11 15 21 3 0 3 19 4 11 0 20 11 7 3 5 0 20 20 21 7 3 3 0 11 9 3 15 3 11 19 11 9 5 15
split_gain=1934.61 1879.35 288.073 327.271 380.214 273.551 199.442 115.679 102.425 139.255 168.384 100.334 70.6872 62.3563 61.7201 52.589 48.812 47.6566 43.8639 39.6446 38.8269 37.596 43.404 37.4407 37.2289 35.6736 32.5874 31.7414 29.1933 28.8037 66.8775 37.9243 41.6719 37.6363 34.9808 27.0446 36.5633 26.8614 35.9306 25.7819 25.1787 24.9958 24.1788 23.9522 66.6435 36.5534 31.2576 34.909 29.3659 60.2672 34.9108 28.9488 43.3817 61.8636 43.1881 28.6358 29.8106 26.3155 27.2239 25.5121 24.7505 32.7402
threshold=0.036504684508943612 19.337747128949825 6.6321986571914104 2.5000000000000004 6.4133818740643007e-10 18.775289639545655 56.4905538282188 7.669190428863953e-10 0.69079529357817959 13.714036656288203 3.5000000000000004 32.990988982110707 1.7925050432673102 0.0023731366481001153 32.415487237616809 557.06142383867314 -103.8166514111165 0.37049636789199886 -106.31548533265298 63.031228846168958 155.35318879465504 32.040276327499456 3.3479703273368204 116.52470094566353 0.25247140497150827 0.44825827922025235 0.77329550501624056 -1.0000000180025095e-35 -95.594549058141538 1.8648429998992615e-09 0.31128966559874655 30.808358781307302 384.9163327015886 42.551787029432653 2.5000000000000004 -26.714811123707644 -114.65418303915898 218.83063449837252 32.845560383311103 -116.54738711390299 0.075309247247047587 55.147574396888864 37.600536977437358 354.2375727854581 59.281615376810407 83.08871970519246 2.6419840539898205 -0.23653074292323537 30.451947095111951 28.026889730076054 370.07056704191308 -85.878086144719887 0.1709260324717983 18.042053619478704 1.7272815632264713e-09 30.62864566117015 -101.45714086616449 4.5000000000000009 -104.70597931600948 0.22865662861849503 -0.46644217759684986 1.519301268917046e-08
decision_type=8 2 8 2 2 2 2 2 8 8 2 2 8 8 2 2 2 2 2 2 8 2 8 8 2 2 8 2 2 2 8 2 2 2 2 2 2 2 8 2 2 2 2 2 8 8 10 2 2 2 2 2 2 2 2 2 2 2 2 2 2 2
left_child=5 2 3 4 12 13 -4 15 9 10 -8 -6 28 -1 21 17 19 -7 -15 40 23 35 -23 25 39 26 -16 41 -2 33 31 32 -31 -11 -34 -10 -37 38 -28 -25 -9 -22 -5 44 57 51 47 60 49 50 -48 52 53 -46 -54 56 -47 58 -38 -51 -45 -62
right_child=1 -3 6 42 11 7 8 16 14 29 -12 -13 -14 18 20 -17 -18 -19 -20 -21 27 22 -24 24 -26 -27 37 -29 -30 30 -32 -33 34 -35 -36 36 43 -39 -40 -41 -42 -43 -44 46 45 55 48 -49 -50 59 -52 -53 54 -55 -56 -57 -58 -59 -60 -61 61 -63
leaf_value=0.038521147205516477 -0.009823043638413461 0.085397246332990159 -0.04603299970314334 -0.0023981376995920742 0.073237978291037856 0.015524971133649902 0.076039609283017104 0.038725130944013864 -0.021085051943997988 0.00053080733462109429 0.0051166422843933104 0.030357446034420765 0.03003097860965618 0.044357443206450513 0.018332180698005785 -0.0051070397898135052 0.066440022472525007 0.045658461412634042 0.077141324434075412 0.058810644681161303 -0.00090234104597802485 -0.032442143233682774 0.00141474894603545 0.027379456318112606 -0.0049028605590393012 0.010717097324331175 0.023464492784324942 -0.0064318873413877408 0.014530837317024634 0.0064594315802678466 -0.00017380516783740643 0.0019753458395779851 0.056145895584212506 -0.015619765644550095 0.021462855163203964 0.0062827478370816852 -0.0081409372193548754 -0.002579481710989171 0.00065813995847276532 0.0085409921207816666 0.011988113629386614 0.017087935154694457 0.016190157582699927 -0.0048652592044731791 -0.057133044031325651 0.0055769106140511919 -0.030049379089381545 -0.0036223401151319065 0.0096378484668887474 -0.043506441730032881 -0.0073484048362455366 -0.001891716237887382 0.0012720880858666662 -0.010360675629447489 -0.030481487784092709 -0.022033415000847968 -0.0045920201622772277 -0.0038158366379171314 0.0088128606412927572 -0.015221039921873146 -0.012554558863387365 0.011059606079278247
leaf_weight=70 143 221 96 721 150 161 50 76 88 1059 74 76 85 50 73 70 71 67 220 52 362 91 54 82 153 232 82 1696 63 59 517 82 50 147 58 277 97 3354 248 317 56 85 68 1067 52 306 64 5845 65 66 1022 129 111 50 58 73 1678 302 663 53 1014 55
leaf_count=70 143 221 96 721 150 161 50 76 88 1059 74 76 85 50 73 70 71 67 220 52 362 91 54 82 153 232 82 1696 63 59 517 82 50 147 58 277 97 3354 248 317 56 85 68 1067 52 306 64 5845 65 66 1022 129 111 50 58 73 1678 302 663 53 1014 55
internal_value=3.31084e-05 -0.00147966 -0.0023016 0.011385 0.0299123 0.0434771 -0.00310885 0.0303665 -0.00291997 0.00338767 0.0340941 0.0590152 0.00718534 0.0646495 -0.00358234 0.0175827 0.0451789 0.0245407 0.0712563 0.0366601 -0.00123089 -0.00476568 -0.01991 0.000340032 0.0076555 -0.000673951 -0.00138003 -0.00455826 -0.0023408 0.00144053 0.00598597 0.0187251 0.0268888 -0.0014491 0.0378876 -0.004597 -0.00448418 -0.0017755 0.00637894 0.0124713 0.0275576 0.00254914 -0.000777639 -0.0047182 -0.00261049 -0.00532411 -0.00551959 -0.00482283 -0.00989095 -0.0109515 -0.00871263 -0.0136117 -0.0191632 -0.0345286 -0.00974079 -0.00370669 -0.00302161 0.00366673 0.00664117 -0.0311406 -0.00810465 -0.0113304
internal_weight=24576 23683 23462 1306 517 893 22156 553 22060 2096 124 226 291 340 19964 298 255 228 270 184 6684 13280 145 4541 552 3989 3757 2143 206 1972 766 249 167 1206 108 13135 13047 3684 330 399 132 447 789 12770 3519 2457 9251 7981 1270 1205 1086 400 271 102 169 2057 1984 1062 760 119 2136 1069
internal_count=24576 23683 23462 1306 517 893 22156 553 22060 2096 124 226 291 340 19964 298 255 228 270 184 6684 13280 145 4541 552 3989 3757 2143 206 1972 766 249 167 1206 108 13135 13047 3684 330 399 132 447 789 12770 3519 2457 9251 7981 1270 1205 1086 400 271 102 169 2057 1984 1062 760 119 2136 1069
is_linear=0
shrinkage=0.03


Tree=16
num_leaves=63
num_cat=0
split_feature=13 20 19 13 12 12 12 5 20 19 12 13 20 1 1 1 0 12 0 20 20 1 5 4 9 0 0 20 20 9 17 5 20 0 1 17 12 1 5 5 5 13 13 9 12 0 0 4 4 19 6 5 6 20 13 5 1 20 17 20 9 0
split_gain=1901.96 1764.74 490.362 475.95 241.547 173.463 171.03 110.06 106.97 221.275 92.7295 73.2156 61.8169 61.0292 54.991 43.8275 42.5923 40.7405 40.2524 36.1627 34.511 40.9979 38.317 31.4487 31.3035 30.9175 33.8979 30.1465 29.5322 29.9096 41.9879 28.1914 27.5282 27.4208 27.2452 26.8603 51.759 31.5513 35.9304 49.9052 36.1319 25.6878 26.5522 29.2057 24.0959 24.8373 29.2091 23.932 20.6975 20.0653 19.7435 28.1223 20.8518 21.7087 21.3866 20.2763 19.5252 20.5658 19.3777 18.9634 18.3617 18.1108
threshold=7.9699423268201111 3.1176223902685902 2.5000000000000004 28.472805572726916 -58.169432999648429 -100.2705744626319 -111.19495374022763 18.708626525439854 11.243684383646352 2.5000000000000004 -90.538148259396309 20.621442718376084 1.7925050432673102 991.84394670890504 320.38917523516358 929.54083285078661 79.894059463513273 -119.14471173462414 468.69646094369654 74.366726388535525 38.759897881470103 1064.6260007940102 10.26417382142745 18.328342261795655 0.45303311119389061 352.76072856159902 390.30143289442958 55.886308158878556 9.3255176740723122 0.10348135121086834 1.0816353263545575 -14.197100078087699 117.80130021960801 437.06794010353207 51.814614458191556 1.5325879799482529 -101.65441680042569 132.79363243030551 30.932807372952702 -4.3099213126764999 36.95667317897491 13.014440456919987 15.579890773980091 0.19625616926936376 -95.977408951996793 414.9080529682571 506.84207711106302 56.955070283469155 13.110653576167101 3.5000000000000004 -0.3585823365938709 17.641296952123103 -0.057679691702085971 121.74579816547102 23.521723873244962 -1.0487245468925506 366.68566761337007 0.8563069851691486 1.4220423204691397 2.4225234403102557e-13 0.33377681510594664 456.89675693789155
decision_type=2 8 2 2 2 2 2 2 8 2 2 2 8 2 2 2 2 2 2 8 8 2 2 2 2 2 2 10 8 2 2 2 10 2 2 2 2 2 2 2 2 2 2 2 2 2 2 2 2 2 2 2 2 8 2 2 2 8 2 8 2 2
left_child=-1 2 3 6 8 7 11 12 9 10 33 -2 13 61 -7 16 -10 19 -9 25 21 -17 -23 34 32 -18 -27 -22 29 -25 44 -16 47 -3 -11 41 37 -37 39 -39 -40 -19 43 -43 45 -31 -47 -21 -8 -4 -29 52 53 -52 -54 -56 57 -51 -44 -50 -41 -5
right_child=1 4 49 5 -6 14 48 18 15 23 -12 -13 -14 -15 31 20 17 35 -20 24 27 22 -24 28 -26 26 -28 50 -30 30 -32 -33 -34 -35 -36 36 -38 38 40 60 -42 42 58 -45 -46 46 -48 -49 59 56 51 -53 54 -55 55 -57 -58 -59 -60 -61 -62 -63
leaf_value=0.083123856650855463 0.05241543275507865 0.030328207404955346 -0.013853569506141153 -0.023627885553332697 -0.050305889180815501 0.014473137038934509 0.086090367342008339 0.04402061315660831 -0.027885738770036438 -0.027334930613858607 0.0023853687083260412 0.0075782496611709179 0.031552483750616797 0.022048174797969517 0.06125449112854725 0.029597761073163434 0.025879182066039546 -0.021861602503781236 0.012260163633152842 -0.011157719437032938 -0.014028023248538374 0.01556085045960161 -0.015194686274044213 -0.015130947093629917 -0.023724132663798782 -0.015304131788455628 0.012143972625157663 -0.012100228724924668 0.015583906752888014 0.01674749311485026 0.02897196692145931 0.038731981478883203 0.012825408554170281 0.056666213437663704 -0.0038602744231127739 0.0054301473862436384 0.012495731273666023 -0.029181488080934251 -0.034553968959133805 0.0064572577757927574 -0.0069675846245478498 0.025811916008990788 -0.0040629645088289517 -0.0024813906010240317 -0.017422093941338788 -0.018489342048256235 0.0071280309297521048 0.007095973382080064 0.04759227703075989 0.012858857861003622 -0.0017360187023878098 0.016941368788406252 -0.020381198691902681 0.021547638952732085 0.0067156035193177161 -0.015324777621283845 0.013799915940811236 -0.0093293608334737224 -0.020480117441943058 0.068992439213619444 -0.0076387811361289595 -0.0053641391894355224
leaf_weight=244 63 67 91 76 96 59 66 95 64 51 63 68 50 60 85 84 91 72 59 173 119 92 59 91 52 54 153 72 147 87 51 147 119 88 312 286 256 52 70 256 109 55 18289 79 58 65 101 102 55 51 74 124 59 69 128 52 89 135 64 278 122 136
leaf_count=244 63 67 91 76 96 59 66 95 64 51 63 68 50 60 85 84 91 72 59 173 119 92 59 91 52 54 153 72 147 87 51 147 119 88 312 286 256 52 70 256 109 55 18289 79 58 65 101 102 55 51 74 124 59 69 128 52 89 135 64 278 122 136
internal_value=9.18275e-06 -0.000881857 0.0289405 0.0375883 -0.00306522 0.022435 0.0594343 0.01124 -0.00286261 0.00592398 0.0331428 0.0293749 0.00123802 -0.00442965 0.0406459 -0.00334664 -0.00363568 -0.00355844 0.0320102 0.00332945 0.00301355 0.0129292 0.00352288 -0.000265696 -0.00207805 0.0114024 0.00494444 -0.000343334 0.00394934 0.000147871 0.00401978 0.0472112 0.000831623 0.0455488 -0.0072244 -0.0038186 0.000627965 -0.00277677 -0.00663351 -0.00191804 -0.0178876 -0.00409438 -0.00402401 0.00923671 -0.0001518 0.0038604 -0.00295352 -0.00438608 0.0692053 -0.00172389 0.00249346 0.00458981 0.000546635 0.00957037 -0.00486988 0.000298893 0.00232558 -0.00320926 -0.00412133 0.065611 0.00189959 -0.0119917
internal_weight=24634 24390 1663 1297 22727 767 530 476 22631 1181 218 131 322 272 291 21450 20518 20454 154 744 932 235 151 963 446 298 207 697 600 453 362 232 394 155 363 19710 1151 895 609 430 179 18559 18487 134 311 253 166 275 399 366 578 506 382 143 239 180 275 186 18353 333 378 212
internal_count=24634 24390 1663 1297 22727 767 530 476 22631 1181 218 131 322 272 291 21450 20518 20454 154 744 932 235 151 963 446 298 207 697 600 453 362 232 394 155 363 19710 1151 895 609 430 179 18559 18487 134 311 253 166 275 399 366 578 506 382 143 239 180 275 186 18353 333 378 212
is_linear=0
shrinkage=0.03


Tree=17
num_leaves=63
num_cat=0
split_feature=21 13 3 0 13 13 21 13 12 1 11 1 12 15 6 3 15 2 11 12 11 1 3 3 1 21 11 13 11 1 6 12 21 4 10 3 1 1 6 6 21 6 1 15 6 9 6 21 21 3 3 4 13 21 3 6 15 6 6 6 21 1
split_gain=1923.93 1822.52 270.1 207.722 105.753 91.1344 71.5928 70.3154 56.4074 53.4791 52.2735 48.4973 39.7304 35.7382 44.7657 34.8577 47.6013 81.4819 57.8129 34.7733 35.2577 33.712 32.6331 63.0583 63.4585 44.5613 32.0216 31.5183 48.1588 46.8062 44.5804 35.3592 50.0245 30.9293 43.4696 30.304 29.443 49.2639 32.5512 30.7605 31.0719 33.0976 27.854 27.6973 29.8034 31.6744 31.5143 37.4112 43.7897 66.4873 38.3624 57.7368 32.5058 30.9748 28.7717 30.028 27.5445 29.3599 27.2175 48.5304 31.3579 30.6077
threshold=0.059577513970665803 7.9699423268201111 27.028543279888552 56.4905538282188 20.671958101968034 28.472805572726916 0.77329550501624056 26.470322614914931 -101.54864227411561 969.28967126211012 -104.96556079358849 711.78421416388562 -106.20904390346408 4.9800704829392021e-09 0.47690472543509627 9.8756728257491773 1.2573824633997184e-08 5.1535363159114018 -111.13042762837198 -126.10251266064104 -128.37817988323948 477.90580440536058 35.21037704511901 32.612050321136259 171.75696985459803 2.3028190024123103 -112.18973089890598 32.867989429123575 -100.74796589757248 666.69690313056765 -0.43810419392117955 -108.89912960389412 1.2879727186889252 35.763020213109762 3.5000000000000004 17.311423331440803 344.02680351284408 38.449140556621508 0.30423522383772733 0.11191684816561244 1.4235683996452002 -0.12470200184399481 780.72969993465063 1.9859739713922226e-08 0.3296910247866312 0.030799314680623923 -0.019205464640873689 0.73844146778914566 1.2527108906497901 19.676353691275803 16.936621753108152 25.047374025130001 21.02360987198767 1.6284013015673602 11.461895641081101 0.4331538117830358 2.4193516812369308e-08 0.073815055506933916 0.22883223818491419 -0.034908647426499677 0.26033745762689259 780.72969993465063
decision_type=8 2 2 2 2 2 8 2 2 2 2 2 2 2 2 2 2 2 2 2 2 2 2 2 2 8 2 2 2 2 2 2 8 2 2 2 2 2 2 2 8 2 2 2 2 2 2 8 8 2 2 2 2 10 2 2 2 2 2 2 8 2
left_child=2 -2 7 -3 6 26 15 33 -9 13 12 21 -8 19 22 -5 17 -17 -18 20 -6 -7 23 42 -25 -24 -4 28 30 -30 -21 -32 -33 -1 -35 -10 37 -12 39 40 -39 -42 43 44 45 -15 52 -48 49 -49 51 -50 -47 -52 -46 -56 57 -38 59 61 -61 -29
right_child=1 3 5 4 9 11 10 8 35 -11 36 -13 -14 14 -16 16 18 -19 -20 27 -22 -23 25 24 -26 -27 -28 58 29 -31 31 32 -34 34 -36 -37 56 38 -40 -41 41 -43 -44 -45 54 46 47 48 50 -51 53 -53 -54 -55 55 -57 -58 -59 -60 60 -62 -63
leaf_value=0.084065620525399287 0.080771278566064988 -0.048766454934493282 0.030093590913017339 0.036895625206217079 -0.0024314985796809194 0.012730349605903029 -0.00088658489434017824 0.029647772442046048 0.064848775784174598 0.0048194142333054411 0.024462265540635814 0.027509772068905557 -0.023321231860961571 0.010957943468386211 -0.034040325088250743 -0.005191016899421811 0.019237728033007846 0.039352725843271735 -0.023901499908032087 0.014699915186511581 0.029805426002535339 -0.017053431642170137 0.0068430095525651132 -0.009366058781521306 -0.054730100723750445 -0.009740913784840103 0.056819389160036253 -0.0023279820781013493 0.0029676569834996593 0.02336186311393976 0.00082885687919578659 0.0017631310273196782 -0.012473032591516959 0.077226756468415259 0.039397627948704411 0.036126522226806949 0.027555922983586788 -0.023393892244591066 -0.022684019044372103 0.021200946458515578 0.016048422295738149 -0.012697386571134511 0.012239864458010266 0.0074945114377108447 -0.018077933251356273 -0.028679160913768209 0.0029192406736800202 -0.013597671992163388 -0.052398702276267986 -0.062382369418354587 -0.023121969403466208 -0.011156195492094642 -0.0053307537501216824 0.0036478356667165013 0.016197179889144458 -0.010459113528853968 3.1561532735147261e-05 0.007951652172236489 -0.0013801459914740035 -0.025788466435201718 -0.0065579202314379661 -0.011944809012661258
leaf_weight=92 238 86 97 62 63 99 1091 110 134 760 70 131 75 58 52 59 53 97 57 121 58 51 347 62 50 250 75 6611 853 114 759 332 669 59 58 50 149 53 61 55 80 64 66 102 51 58 68 51 50 50 59 78 605 110 114 56 98 129 4018 77 3833 311
leaf_count=92 238 86 97 62 63 99 1091 110 134 760 70 131 75 58 52 59 53 97 57 121 58 51 347 62 50 250 75 6611 853 114 759 332 669 59 58 50 149 53 61 55 80 64 66 102 51 58 68 51 50 50 59 78 605 110 114 56 98 129 4018 77 3833 311
internal_value=-5.30638e-05 -0.00164992 0.0417441 -0.00249688 -0.00232304 0.0248568 0.00385126 0.0568732 0.0470778 -0.00298827 0.00164001 0.0142466 -0.00234838 -0.00328289 -0.00677066 0.0167844 0.0119762 0.0225803 -0.00313018 -0.0028251 0.0131386 0.00255799 -0.00613546 -0.00826647 -0.029923 -0.000106358 0.0420084 -0.00293498 -4.40488e-05 0.00539359 -0.00284085 -0.00405445 -0.0077543 0.0703627 0.0589667 0.0572813 0.00776212 0.0018984 -0.00320966 0.00157539 -0.00398322 0.00327305 -0.00670942 -0.00754522 -0.0086393 -0.0105212 -0.0116334 -0.0176086 -0.0211144 -0.0381233 -0.0152218 -0.0275479 -0.00741341 -0.00577887 0.00147051 0.00740647 0.0137141 0.0185201 -0.00348938 -0.00427157 -0.00694313 -0.00276172
internal_weight=24449 23493 956 23255 23169 453 2253 503 294 20916 1925 281 1166 20156 2337 328 266 156 110 17819 121 150 2285 1688 112 597 172 17698 2848 967 1881 1760 1001 209 117 184 759 383 313 252 197 144 1576 1510 1408 1187 1129 466 398 101 297 128 663 169 221 170 376 278 14850 10832 3910 6922
internal_count=24449 23493 956 23255 23169 453 2253 503 294 20916 1925 281 1166 20156 2337 328 266 156 110 17819 121 150 2285 1688 112 597 172 17698 2848 967 1881 1760 1001 209 117 184 759 383 313 252 197 144 1576 1510 1408 1187 1129 466 398 101 297 128 663 169 221 170 376 278 14850 10832 3910 6922
is_linear=0
shrinkage=0.03


Tree=18
num_leaves=63
num_cat=0
split_feature=21 13 12 0 13 15 13 21 5 12 15 11 11 7 12 11 7 0 0 7 12 11 21 4 13 0 21 21 0 12 21 4 8 9 21 12 15 4 7 9 9 8 15 7 12 12 9 8 9 7 5 15 15 0 21 9 0 8 4 4 4 21
split_gain=1710.52 1736.7 215.128 201.091 181.074 108.815 107.476 98.6312 55.5128 80.2771 36.5808 44.427 36.5079 39.1001 45.3803 35.9372 34.8927 33.2932 41.8237 32.6371 53.381 55.0151 35.3771 30.9679 28.7011 28.3792 39.5202 27.6824 26.6747 55.0787 52.1606 41.7927 35.0854 29.6556 43.1135 42.2244 29.5195 50.5491 38.18 46.791 29.5518 32.8525 41.9449 38.9017 29.5045 32.4331 26.6381 25.8846 27.3107 25.3423 34.1145 24.997 24.4377 27.4267 24.308 24.6219 23.9266 24.5807 25.8513 31.2014 23.502 23.3537
threshold=0.059577513970665803 7.9699423268201111 -108.24955182152824 56.4905538282188 20.621442718376084 1.5545648567488146e-09 20.671958101968034 1.2974411047326553 27.051227337923152 -101.65441680042569 8.9726515781914925e-09 -92.801532733997973 -104.96556079358849 -0.30025935922027175 -106.20904390346408 -84.69011883121199 -0.30025935922027175 352.76072856159902 419.02672647031858 0.42111948603034938 -126.10251266064104 -128.37817988323948 0.45548851042320104 70.12908281922067 14.691752987838123 278.64098504839359 0.59057975471497359 2.7346526435438103 352.76072856159902 -91.559779009846267 1.2628053865686504 78.696389362477206 0.35228854880124599 0.26499323806789726 2.3028190024123103 -99.933756349756706 5.0319448859785373e-09 12.429943933086752 0.29538273718335556 0.38498913286489317 0.44120544403528866 0.057965681227446615 7.2387310133453438e-09 -0.31463485392315066 -114.16895075352146 -116.62547290624927 0.38707632745770454 0.16351077860578769 0.24903877757742035 -0.096555258088096604 35.336230407455659 1.5602526418108978e-08 1.793355208488125e-09 522.9141916792172 3.1741424522284007 0.06834606806612388 413.58739982593903 0.45475901568984339 61.292819611140111 64.328086420278154 20.343759157387403 1.4954735580177552
decision_type=8 2 2 2 2 2 2 8 2 2 2 2 2 2 2 2 2 2 2 2 2 2 8 2 2 2 8 10 2 2 8 2 2 2 8 2 2 2 2 2 2 2 2 2 2 2 2 2 2 2 2 2 2 2 10 2 2 2 2 2 2 10
left_child=2 -2 4 -3 -1 8 7 10 9 -4 25 16 13 24 23 46 -12 -18 -19 20 21 -8 -22 -15 -9 -5 -27 -21 49 31 -31 33 -33 34 -30 -36 44 38 39 -38 41 -39 43 -43 45 -35 -14 -25 -49 -24 -51 -20 53 -6 55 -37 -46 58 -58 -60 -7 -59
right_child=1 3 5 6 52 60 19 12 -10 -11 11 -13 15 14 -16 -17 17 18 51 27 22 -23 28 47 -26 26 -28 -29 29 30 -32 32 -34 36 35 54 37 40 -40 -41 -42 42 -44 -45 56 -47 -48 48 -50 50 -52 -53 -54 -55 -56 -57 57 61 59 -61 -62 -63
leaf_value=0.058823476381865997 0.077349837029339591 -0.047128503803080972 0.014930997019899743 0.0053857123119954243 0.01536145037971437 0.083742309228253015 -0.0047706242335044729 -0.035862429015478994 0.068970108568922356 0.046431972159121392 -0.017753143778010724 0.032408608943223949 0.012804949033849765 -0.0037921799055693406 -0.027010459838242365 -0.0082399240109204703 -0.012003907100879587 0.031173798465361332 -0.012723836069079961 0.0024654033134100346 0.0022121568439528345 0.035496763920091323 0.00033305668928889563 0.024048703113384542 -0.0087857959867207285 0.042648077360121536 0.016900169331212203 -0.0079090506664053952 -0.00075387760062685632 -0.043485464619579001 -0.010962411340755911 -0.0093686677318452517 -0.037663428751215082 -0.0051327575019668396 -0.0039524140242785059 -0.022356372361351195 -0.050518667842195907 0.0092010981774489787 -0.0035922226397430194 -0.012316624820232391 0.010254321893701304 -0.045236964387420031 -0.0051788896509284569 -0.014001002676784991 -0.0010974163649008391 0.012575676063767501 -0.0044692830086314993 0.012353397442982531 -0.012992733394907367 -0.0053373794173487785 0.003586399120163002 0.012696311871472157 0.021327784139882115 -0.0084473521558239163 -0.029808254350508961 -0.0063387644043296706 -0.0069320719724483741 -0.0053583627392644762 -0.036994980874888853 -0.0080378679737516823 0.060071564079198524 0.011587543740380006
leaf_weight=83 246 90 111 89 75 66 58 52 54 218 61 51 370 478 57 139 63 72 54 1462 899 63 2256 74 108 79 171 274 3955 57 194 122 58 198 2827 118 70 69 50 50 76 55 241 104 842 174 102 99 61 2416 458 94 84 101 69 320 3036 182 57 81 145 121
leaf_count=83 246 90 111 89 75 66 58 52 54 218 61 51 370 478 57 139 63 72 54 1462 899 63 2256 74 108 79 171 274 3955 57 194 122 58 198 2827 118 70 69 50 50 76 55 241 104 842 174 102 99 61 2416 458 94 84 101 69 320 3036 182 57 81 145 121
internal_value=7.54321e-05 -0.00178256 0.0395259 -0.00261859 0.0205229 0.0504461 -0.00244455 0.00374965 0.0407141 0.0358814 0.0127915 0.00656144 -0.000565391 -0.00430965 -0.00149301 0.00512534 0.00264661 0.00709076 0.0125884 -0.00311505 -0.00346986 0.0163141 -0.00359568 0.000584837 -0.0177538 0.02001 0.025174 0.00082435 -0.00388179 -0.00459871 -0.0184914 -0.00432645 -0.0186436 -0.004122 -0.00287263 -0.00538505 -0.0058057 -0.0114821 -0.0257203 -0.0348345 -0.00700184 -0.00981402 -0.0131089 -0.0250211 -0.00493824 0.00316173 0.0090704 0.00950401 0.0026695 -0.00204689 -0.00391454 0.00339825 0.00811763 0.00172791 -0.0133499 -0.0106951 -0.00563647 -0.00673502 -0.00751418 -0.0201785 0.0678358 0.00142467
internal_weight=24559 23622 937 23376 343 594 23286 2274 383 329 734 395 1540 929 769 611 344 283 220 21012 19276 121 19155 712 160 339 250 1736 18256 13126 251 12875 180 12695 7289 3334 5406 715 170 120 545 469 400 159 4691 372 472 234 160 5130 2874 148 260 176 507 438 4319 3477 3174 138 211 303
internal_count=24559 23622 937 23376 343 594 23286 2274 383 329 734 395 1540 929 769 611 344 283 220 21012 19276 121 19155 712 160 339 250 1736 18256 13126 251 12875 180 12695 7289 3334 5406 715 170 120 545 469 400 159 4691 372 472 234 160 5130 2874 148 260 176 507 438 4319 3477 3174 138 211 303
is_linear=0
shrinkage=0.03


Tree=19
num_leaves=63
num_cat=0
split_feature=13 21 20 13 13 2 11 19 11 4 19 13 13 21 20 19 20 3 13 21 20 6 20 20 11 11 3 2 15 11 11 6 6 9 2 20 20 9 20 2 6 4 2 4 11 11 4 21 4 3 6 11 2 6 3 20 11 3 21 21 3 11
split_gain=1779.8 1635.12 277.595 360.177 185.151 177.012 154.154 118.898 103.091 99.9856 87.6809 173.629 79.5757 68.407 161.376 124.558 56.5371 47.3336 46.4677 79.1249 40.9902 39.2404 35.2568 34.8221 34.3413 35.11 31.4957 29.3013 27.4556 75.1776 31.3338 31.2164 28.7924 34.8999 32.0978 26.196 35.8093 25.7101 30.6255 25.7903 25.5868 25.2357 24.9555 30.6925 22.8739 30.025 22.4543 21.9699 24.1298 21.7344 21.5769 31.4315 34.0148 27.6586 23.6044 27.3748 23.4886 22.91 49.4314 28.4678 21.3275 21.0842
threshold=7.9699423268201111 0.036504684508943612 6.6321986571914104 20.321102511702339 28.472805572726916 3.3409260858979981 -100.28977197138549 2.5000000000000004 -106.92942128424649 65.265407499425763 2.5000000000000004 33.718879138184022 20.621442718376084 0.72020167762079057 13.298681841841001 3.5000000000000004 1.1262410964097451 32.80557261426776 27.88045940317706 0.13122009026230202 27.068222689366653 0.16844978510542055 1.6136882485306052 171.01715923757553 -126.40291758002948 -128.37817988323948 23.228240582975051 4.3956891713831556 3.1763735522036267e-22 -105.20937836045898 -105.29322089751098 0.3256182990342163 0.40664957760657622 0.21750356685451602 5.1429865684079372 35.783103081728505 155.35318879465504 0.099445109588123262 5.5877510692802952 5.3450311960149204 0.30423522383772733 17.255626476850356 5.3801556681168643 22.454867790911752 -110.82336672449198 -114.65418303915898 45.055346701825158 3.1741424522284007 4.0976597876838303 30.808358781307302 -0.26352057688944747 -100.17445972142399 5.4770369579859102 -0.23933971739789325 38.841688986176656 92.183999756867607 -110.42426999765749 62.382444035073206 2.5819950205994355 5.1336557694148004 10.450032347526202 -100.07661213179399
decision_type=2 8 8 2 2 2 2 2 2 2 2 2 2 8 8 2 8 2 2 8 8 2 8 8 2 2 2 2 2 2 2 2 2 2 2 8 8 2 8 2 2 2 2 2 2 2 2 8 2 2 2 2 2 2 2 8 2 2 8 8 2 2
left_child=40 4 3 7 8 -4 9 -3 12 21 11 26 -2 14 15 -7 60 -15 19 -16 -21 42 -13 28 25 -19 -5 47 30 -30 31 44 33 34 -32 -22 -37 39 -39 -12 -1 -35 -6 -44 45 -20 -10 -26 -49 -38 51 52 -29 56 55 -53 -52 -55 -59 -60 -8 -43
right_child=1 2 5 10 6 13 16 -9 46 -11 37 22 -14 17 18 -17 -18 24 23 20 35 -23 -24 -25 27 -27 -28 50 29 -31 32 -33 -34 41 -36 36 49 38 -40 -41 -42 61 43 -45 -46 -47 -48 48 -50 -51 53 54 -54 57 -56 -57 -58 58 59 -61 -62 -63
leaf_value=0.085305360992809443 0.056759875143567722 0.070470910144885976 -0.04567494832700849 0.06361628750442247 -0.0016423119938579098 0.069538297870539181 0.072871344717026776 0.019766697815486362 0.076037815136529685 0.050682982159288306 -0.029628265949343945 -0.0030331771952100098 0.015511768860060995 -0.0043841286339605864 0.031876246689656829 0.0094624932527542106 0.021196393022934593 -0.00057739624610314002 0.011677663147841629 0.021429225005675106 -0.017931499868673064 -0.0095936937469311718 0.018646723915658452 0.010872928800047648 0.017311389863650065 0.029113794390890579 0.030126517845646423 0.0070075085714290091 -0.036928837336599823 7.469163500426783e-05 -0.019051478669691063 -0.017878694323321374 0.013287227375225887 -0.0062379043300148694 0.005256898801107409 0.0056293918526532701 -0.022146914438344538 -0.0018586187425906216 0.016028567545223409 -0.0014088298498906872 0.059820417949961402 -0.013168288721624288 0.038305988740818246 0.0084364343418375301 0.012991135952844157 -0.019122453547622029 0.052238501783881695 -0.016417521403099482 0.0078724665886589443 0.0028427571653968321 -0.00017782325692036573 -0.0041044199206953635 -0.0042520380698790015 -0.0021380317505749064 -0.00031496418789043145 -0.032872778240003085 -0.026151751015796827 0.011851082226133038 -0.033566642326947588 -0.0084061407451999602 0.047483864164149216 -0.036005687435274006
leaf_weight=192 89 108 86 58 57 53 57 69 146 56 52 199 81 13292 91 74 53 77 56 89 66 87 101 135 122 66 50 769 83 120 67 51 53 106 173 477 77 501 103 65 58 70 57 68 210 56 62 51 125 52 50 63 351 4262 165 56 83 57 77 86 87 79
leaf_count=192 89 108 86 58 57 53 57 69 146 56 52 199 81 13292 91 74 53 77 56 89 66 87 101 135 122 66 50 769 83 120 67 51 53 106 173 477 77 501 103 65 58 70 57 68 210 56 62 51 125 52 50 63 351 4262 165 56 83 57 77 86 87 79
internal_value=7.90465e-06 -0.000642953 -0.00217101 0.011263 0.0390144 -0.00296624 0.027348 0.050927 0.0550104 0.0145807 0.00500514 0.0161006 0.037312 -0.00279714 0.00217299 0.0348809 0.0482309 -0.00336036 0.000189659 0.00559659 0.00241637 0.00690505 0.00430342 -0.0034709 -0.00125351 0.0132332 0.0485304 -0.0015835 -0.00520182 -0.0151617 -0.00299248 0.00370878 -0.00755218 -0.00980576 -0.00158008 -0.000129798 0.00183535 -0.00128717 0.00121313 -0.0140956 0.0796547 -0.0175112 0.0148011 0.0222529 0.00717268 -0.00375534 0.0692277 0.00758368 0.000780902 -0.0121292 -0.00203855 0.00121733 0.0034782 -0.00302912 -0.0076797 -0.0178036 -0.0164613 -0.00262695 -0.012046 -0.020424 0.0579663 -0.025436
internal_weight=24532 24282 23382 1306 900 22076 522 177 378 325 1129 408 170 21990 2238 127 197 19752 2111 852 761 269 300 1259 6460 143 108 6317 1124 203 921 373 548 495 240 672 606 721 604 117 250 255 182 125 322 112 208 298 176 129 6019 1404 1120 4615 284 119 133 4482 220 163 144 149
internal_count=24532 24282 23382 1306 900 22076 522 177 378 325 1129 408 170 21990 2238 127 197 19752 2111 852 761 269 300 1259 6460 143 108 6317 1124 203 921 373 548 495 240 672 606 721 604 117 250 255 182 125 322 112 208 298 176 129 6019 1404 1120 4615 284 119 133 4482 220 163 144 149
is_linear=0
shrinkage=0.03


Tree=20
num_leaves=63
num_cat=0
split_feature=10 20 19 10 0 3 11 20 19 11 3 0 7 0 4 8 11 7 8 7 0 1 1 3 7 3 10 3 1 8 0 11 11 10 17 11 10 0 17 11 9 20 6 0 6 9 10 20 10 8 20 9 8 11 3 11 7 0 3 11 1 10
split_gain=1611.21 1476.24 345.337 233.618 167.349 124.924 123.291 82.2899 127.795 55.3977 50.2436 48.0909 44.2444 44.8147 47.0438 41.8525 38.7989 61.3435 44.177 49.9386 37.8992 35.2669 40.4948 35.6064 35.2269 32.4729 32.0105 33.7285 30.7385 33.459 24.73 24.3283 37.9612 23.9906 23.8744 39.0417 29.3967 35.9737 33.9964 26.6454 65.6586 24.0009 23.9407 23.1769 22.8764 36.5862 22.8252 22.7674 27.3132 27.2091 22.7418 21.6456 21.5521 38.8449 21.396 21.1724 20.6375 30.7718 27.0289 26.3783 23.4839 39.9486
threshold=15.500000000000002 3.1176223902685902 2.5000000000000004 1.5000000000000002 56.4905538282188 8.6280643821192413 -113.62104990464748 11.243684383646352 2.5000000000000004 -101.88926251371448 29.583773946111652 244.93883245553252 -0.38642952479959986 532.96899781843956 64.783165413498168 0.19989044939695158 -124.09794377116648 -0.30025935922027175 0.3905868374397638 0.035538664890865775 283.23485358280055 969.28967126211012 1015.5159270254002 12.826515964319201 -0.0084979542053988926 40.816609482854957 2.5000000000000004 20.282049776319401 94.745069440593113 0.32687713068303842 79.894059463513273 -96.193187986637597 -89.797971291822691 4.5000000000000009 1.5325879799482529 -101.35807498823849 4.5000000000000009 306.80561199496759 2.8557254263681475 -106.23257009666449 0.34525564479347276 24.095389148941354 -0.11968907918938919 327.31420151445303 -0.31771063741812861 0.10348135121086834 2.5000000000000004 25.183824074714256 2.5000000000000004 0.27164432966009949 107.10300584769202 0.27550089091892144 0.34445090380454707 -98.089371621076239 3.3135101783186802 -101.35807498823849 0.42111948603034938 499.01151768460255 54.376497166958757 -111.94703683586199 509.5572000789146 1.5000000000000002
decision_type=2 8 2 2 2 2 2 8 2 2 2 2 2 2 2 2 2 2 2 2 2 2 2 2 2 2 2 2 2 2 2 2 2 2 2 2 2 2 2 2 2 8 2 2 2 2 2 8 2 2 8 2 2 2 2 2 2 2 2 2 2 2
left_child=1 2 3 5 -3 54 -5 8 9 -6 28 -8 -7 14 52 -11 17 -9 19 -19 -13 30 24 -24 -23 -15 55 -28 29 -10 -18 46 -33 47 56 36 39 -38 -39 41 42 -36 -41 -4 -12 -46 -30 -25 -49 -50 -21 -45 53 -14 -1 -22 -32 58 59 -58 -61 -62
right_child=-2 4 43 6 7 12 11 16 10 15 44 20 13 25 -16 -17 21 18 -20 50 26 22 23 33 -26 -27 27 -29 31 -31 34 32 -34 -35 35 -37 37 38 -40 40 -42 -43 -44 51 45 -47 -48 48 49 -51 -52 -53 -54 -55 -56 -57 57 -59 -60 60 61 -63
leaf_value=0.064605319572191747 0.075812000216669354 -0.041574522940876157 0.016848937331770474 0.018201136457840952 0.042612558865919713 0.038849320024251933 0.080651229642228123 -0.020747406804426147 -0.026592069417389574 0.029803726872839931 0.024057723037898542 0.027669149121412863 -0.0039331747779250137 -0.021613205844705753 0.041688332706689833 -0.0081401451290226898 -0.021695153053990623 0.03991941369331662 -0.010379240655833307 0.020605800656601787 0.024747266986274292 0.00070212927807507849 0.012947673979215323 0.010480291199492058 0.032282876458969739 0.010576726213611404 0.068700774791895555 0.04759213540851083 -0.0027888287658840586 0.0030230339236979212 -0.0039892220538269938 -0.030509735079748287 0.0045084185445115766 0.013479129557381384 0.020265041554199632 0.011035485853466425 0.009803917374657958 -0.0038574950890929512 -0.029534749304029075 -0.011422734284376511 -0.033342774304328485 0.0019380502610836805 0.013037967809835786 -0.010716188920515717 -0.017152605670381266 0.010349386217124874 0.013095370449882467 -0.0023711680896768839 -0.008204513430203262 -0.03380682924851066 -0.0066858737148782791 0.0057365503901040515 0.024787042915821074 0.023624750064966612 0.036316835354817542 0.05182803764124401 -0.017402088380019578 0.0056910156501823366 0.01399821922703842 -0.00024169814837047773 -0.023339969170757823 0.0054353302822966439
leaf_weight=51 248 99 64 112 99 59 53 54 99 52 74 64 124 54 56 51 66 75 50 59 55 57 147 63 71 57 151 150 223 52 17515 55 55 63 75 256 56 88 98 60 63 420 87 152 52 244 127 236 94 62 50 135 79 72 56 55 125 505 75 705 112 70
leaf_count=51 248 99 64 112 99 59 53 54 99 52 74 64 124 54 56 51 66 75 50 59 55 57 147 63 71 57 151 150 223 52 17515 55 55 63 75 256 56 88 98 60 63 420 87 152 52 244 127 236 94 62 50 135 79 72 56 55 125 505 75 705 112 70
internal_value=7.06712e-06 -0.000890312 0.0269629 0.0343514 -0.00285004 0.0209809 0.0470008 -0.00267888 0.00502099 0.0266875 0.000536956 0.0530639 0.0146371 0.0113248 0.0168439 0.0111184 -0.00310362 0.0078159 0.0144677 0.0212392 0.0498228 -0.00325254 0.00295154 -3.23832e-05 0.018334 -0.00513639 0.053197 0.0583739 -0.00474436 -0.0164407 -0.00349412 -0.000877579 -0.0131178 -0.00373376 -0.00343391 0.000664755 -0.00214742 -0.0111458 -0.017472 0.000952803 -0.00797812 0.00475013 0.00304429 0.000669815 0.00924755 0.00547647 0.00299575 -0.00614142 -0.00883264 -0.0185303 0.00813971 -0.00298405 0.0116519 0.00625868 0.0502735 0.0386326 -0.00369199 -0.000421401 -0.00326374 -0.00455559 -0.00272764 -0.0123033
internal_weight=24586 24338 1599 1248 22739 608 640 22640 1183 202 981 528 501 442 331 103 21457 288 234 184 475 21169 793 665 128 111 411 301 611 151 20376 460 110 518 20310 1203 947 242 186 705 210 495 147 351 370 296 350 455 392 156 109 287 275 196 107 110 19107 1592 1087 1012 887 182
internal_count=24586 24338 1599 1248 22739 608 640 22640 1183 202 981 528 501 442 331 103 21457 288 234 184 475 21169 793 665 128 111 411 301 611 151 20376 460 110 518 20310 1203 947 242 186 705 210 495 147 351 370 296 350 455 392 156 109 287 275 196 107 110 19107 1592 1087 1012 887 182
is_linear=0
shrinkage=0.03


Tree=21
num_leaves=63
num_cat=0
split_feature=13 21 20 13 11 13 2 19 21 5 1 13 11 20 1 1 11 2 6 20 11 7 21 13 20 9 11 1 20 20 2 11 1 20 6 20 7 19 7 5 1 1 1 20 1 21 7 11 13 20 2 11 9 6 6 5 15 5 13 11 7 2
split_gain=1563.48 1471 230.796 287.937 190.505 206.856 177.702 97.1888 90.0212 85.8168 64.1286 86.7098 55.8372 45.4413 44.6267 43.6509 40.9813 47.3391 36.8613 36.8456 36.2361 45.4246 38.7828 98.6638 67.1173 35.2125 34.515 35.6498 34.4612 33.7492 31.7 30.6123 29.6654 29.0764 32.6132 41.3641 35.7147 28.9931 40.9985 31.2511 27.3234 34.2137 30.6237 26.4529 26.3413 34.2222 36.7571 29.3745 24.8057 24.8618 23.6137 23.941 23.5496 23.5447 70.9366 34.165 24.3111 43.7546 31.351 31.3161 32.9882 25.5555
threshold=7.9699423268201111 0.059577513970665803 11.243684383646352 20.174198292622624 -100.52723300055699 28.105823003308689 3.3409260858979981 2.5000000000000004 0.88281764863260215 10.589024147723451 336.19218487518259 47.831258521721843 -107.0853463868405 0.35968814765788604 687.25280355161055 789.30510954328508 -96.193187986637597 4.8902301896040372 0.30423522383772733 2.2921375461793154 -119.98709787691699 -0.1995460595273286 0.33676839252946256 30.64974934496593 47.338002976767804 0.28755568446200824 -111.23387789899748 530.77699346608404 116.52470094566353 2.0039493990201902 4.7462506048021611 -115.06140703474749 36.732536342956358 130.36877033156503 -0.38958578506234781 174.05645694959952 0.027009487135792657 4.5000000000000009 -0.22180194815604534 -8.3212809260704468 1142.6428715872551 1093.2210965565102 947.5207500408286 36.31564344404466 33.659959790834108 3.4222433558085501 0.0034050859490655232 -122.29690028285249 23.627021827548209 143.92820744810453 5.4006677048438023 -97.238823608277684 0.10971875899492824 0.03295645955232241 0.22883223818491419 49.621686474252456 2.0651581633856974e-09 -6.4398337005183004 55.6042035673117 -111.82397348053048 0.39645923809477696 5.1895596426990069
decision_type=2 8 8 2 2 2 2 2 8 2 2 2 2 8 2 2 2 2 2 8 2 2 8 2 8 2 2 2 10 8 2 2 2 8 2 8 2 2 2 2 2 2 2 8 2 8 2 2 2 8 2 2 2 2 2 2 2 2 2 2 2 2
left_child=18 4 3 7 5 26 -4 15 10 14 19 -12 -11 -10 -7 -3 32 -18 -1 -5 21 48 23 24 -22 -19 27 -2 40 -13 -6 -30 -15 -33 35 -35 -37 -36 39 -39 41 42 53 -44 -23 -46 -47 -48 -8 -50 51 -32 -26 -24 55 -55 58 61 -56 -59 -61 -58
right_child=1 2 6 8 30 9 20 -9 13 12 11 29 -14 16 -16 -17 17 25 -20 -21 22 44 28 -25 52 -27 -28 -29 31 -31 50 33 -34 34 37 36 -38 38 -40 -41 -42 -43 43 -45 45 46 47 -49 49 -51 -52 -53 -54 54 56 -57 57 59 -60 60 -62 -63
leaf_value=0.079149821166469986 0.013341566751588065 0.071066312571166787 -0.044834548304563446 -0.019099530886354237 0.074248706934642111 -0.016333180019392237 -0.025628102645277973 0.017938212188410348 0.016803298254953469 0.013479694403929285 0.05206552064855044 0.00023057916330109383 0.050482286127063174 -0.015103915171102458 0.011227134427911525 0.033676488662467287 0.0027419128033798188 -0.033470707557383267 0.049551871259297643 0.011026859915098258 0.044612411395739668 0.028476891188077967 -0.00340277370743325 -0.0061117006487384452 -0.0065450514187770231 -0.0060797887203610833 0.054374426163591533 0.046689064090742784 0.0093947656295640617 0.028288723276196314 0.026700702995575708 0.0040729344425467513 0.0024015417522074878 -0.0023341881080990536 -0.00029903970079902956 -0.040128334286906146 -0.0078689555531560335 -0.0055861912381190522 -0.0028004627513026235 -0.03640717820109178 0.0073436184979315533 -0.024114008421252209 0.021883374058041378 -0.00038919221759842545 0.015103520680760235 0.019369379864896043 -0.020125367412441655 0.0078054357218151947 0.00805325109134899 -0.017751015822092691 0.068089308484512223 0.050045240738296082 0.01485612240769916 -0.0097142497251216185 0.0063752859971336123 0.0092753607213539487 -0.027805914778634908 0.0085391820456028316 -0.0029588446837250188 -0.0035294101553410033 -0.027156209001096627 -0.010481379511452052
leaf_weight=203 52 74 92 53 58 100 53 115 121 100 75 86 58 96 110 50 114 101 55 112 60 54 8698 412 62 73 157 67 239 69 57 617 855 152 1745 68 57 51 273 71 179 78 70 148 196 50 94 52 88 53 50 167 176 3012 364 87 99 175 2875 545 58 340
leaf_count=203 52 74 92 53 58 100 53 115 121 100 75 86 58 96 110 50 114 101 55 112 60 54 8698 412 62 73 157 67 239 69 57 617 855 152 1745 68 57 51 273 71 179 78 70 148 196 50 94 52 88 53 50 167 176 3012 364 87 99 175 2875 545 58 340
internal_value=-6.09271e-05 -0.00104264 -0.00254604 0.00721417 0.0350246 0.0254412 -0.00345394 0.0380346 0.0029977 0.0106679 0.0155856 0.025789 0.027295 -0.000667123 -0.00191203 0.0563798 -0.00238545 -0.0122789 0.0730559 0.00129314 -0.00327354 0.00375274 -0.00349083 0.00339581 0.0165169 -0.0220795 0.0450293 0.0323497 -0.00373545 0.0128223 0.0534819 -0.00091992 0.00062042 -0.00173528 -0.00321904 -0.0128863 -0.0255973 -0.00196228 -0.00929072 -0.0236732 -0.00428625 -0.00441248 -0.00431773 0.00682982 0.00901843 0.00627229 -0.00259078 -0.010192 -0.00833709 -0.00170293 0.048832 0.04425 0.00927697 -0.00446766 -0.00569304 -0.00917832 -0.00326762 -0.00688105 -0.00190823 -0.00260126 -0.00584317 -0.0144426
internal_weight=24671 24413 23437 1994 976 644 21443 239 1755 368 395 230 158 1360 210 124 1239 288 258 165 21351 640 20711 710 298 174 276 119 20001 155 332 3273 951 3034 2417 277 125 2140 395 122 16728 16549 16471 218 446 392 196 146 194 141 274 224 238 16253 7555 3099 4456 1217 3239 778 603 439
internal_count=24671 24413 23437 1994 976 644 21443 239 1755 368 395 230 158 1360 210 124 1239 288 258 165 21351 640 20711 710 298 174 276 119 20001 155 332 3273 951 3034 2417 277 125 2140 395 122 16728 16549 16471 218 446 392 196 146 194 141 274 224 238 16253 7555 3099 4456 1217 3239 778 603 439
is_linear=0
shrinkage=0.03


Tree=22
num_leaves=63
num_cat=0
split_feature=10 20 19 15 0 3 12 20 20 19 2 1 3 12 15 1 3 2 7 3 20 15 12 14 20 15 1 3 12 3 1 15 0 7 20 20 8 9 9 1 1 20 19 20 20 9 9 7 1 15 15 7 12 9 8 8 9 15 1 9 2 3
split_gain=1323.21 1358.05 257.256 303.697 176.71 146.027 96.234 72.5657 67.3186 138.758 83.0896 62.4568 59.3041 57.3931 52.7751 37.3967 37.2289 39.3215 36.0952 35.6933 34.8336 52.0269 31.951 31.0621 30.4304 28.7721 28.8813 28.3803 27.6234 32.9645 26.9108 25.9028 25.2296 24.8037 28.8912 24.7994 24.0211 23.8224 32.7472 29.3598 30.5566 31.0764 30.3649 44.5617 40.0301 29.0657 28.7963 27.7217 27.7151 25.7999 25.1241 27.6328 24.651 59.4329 24.6226 51.3226 26.9363 25.4642 31.3404 30.5694 24.6182 23.4446
threshold=9.0000000000000018 3.1176223902685902 2.5000000000000004 8.0889145823496209e-10 56.4905538282188 25.603666943072451 -99.42552450313606 1.4609906702845001 15.732339696597101 2.5000000000000004 5.6494519696505963 679.62119646846861 27.185275420564604 -102.81344057569383 1.597970854746728e-09 90.487241329877307 30.808358781307302 5.3943475127872427 0.17987079847918433 2.5923281977922801 1.1262410964097451 5.3282966143613146e-09 -100.2705744626319 5.8528188273099966 10.381398064005351 9.3578299619449917e-08 1193.1273273220252 15.952065460059401 -128.17780681776648 55.147574396888864 768.69078390335369 4.9456496421087392e-09 379.99940635418153 -0.39499490521212882 36.752434567904459 0.57266716634020465 0.17076995654380647 0.026471048186454741 0.058314952136194094 53.24661911434746 355.75271741983607 18.368847582497803 4.5000000000000009 168.65284088408904 213.06356377538501 0.074798172773420171 0.48868088517266367 -0.41850624127896369 545.39487351137313 1.1075434313825672e-10 1.2573824633997184e-08 -0.1995460595273286 -114.16895075352146 0.39649565991265884 0.27338992563129644 0.19300340069403091 0.089545020891637975 5.7528882342391325e-09 176.51716406791101 0.31375363882137669 5.3773011874971912 36.000238919886108
decision_type=2 8 2 2 2 2 2 8 8 2 2 2 2 2 2 2 2 2 2 2 8 2 2 2 8 2 2 2 2 2 2 2 2 2 8 8 2 2 2 2 2 8 2 8 8 2 2 2 2 2 2 2 2 2 2 2 2 2 2 2 2 2
left_child=1 2 3 6 -3 31 7 12 9 10 14 35 18 20 22 16 36 -18 -1 -17 21 -7 -6 -2 -16 26 28 -13 -10 37 -14 32 -5 -31 -35 -8 -11 -30 -39 46 41 49 43 54 -45 -44 -40 -47 52 -41 51 -49 53 -42 55 -43 -56 59 -59 -57 -52 -58
right_child=23 4 -4 5 8 13 11 -9 25 15 -12 27 30 -15 24 19 17 -19 -20 -21 -22 -23 -24 -25 -26 -27 -28 -29 29 33 -32 -33 -34 34 -36 -37 -38 38 39 40 48 42 45 44 -46 47 -48 50 -50 -51 60 -53 -54 -55 56 57 61 58 -60 -61 -62 -63
leaf_value=0.026308537892433342 0.054855990256230856 -0.04294414023481239 0.0030358879825779063 0.06154848169845839 0.018622257588874726 -0.0083677323907613756 0.029327769247077303 0.030573439521464605 -0.021114807881807023 -0.028774359640692426 0.055287797023665229 0.060389742825712474 -0.018897704783210064 0.055291620028369563 0.042407977500124205 -0.020849476453470836 0.012787162470342837 -0.016499997000568187 -0.0043983435017221116 0.0032886650561462418 0.038316698078066105 0.031405258011673723 -0.0092361019914048176 0.078468872773767309 0.011997601836919784 0.012102665073845697 0.008399153186887269 0.033003755297798372 0.0013203488706590397 -0.011037990087556225 0.0044813586585223672 0.07261013780797558 0.036165539539130077 0.019607217151253502 0.0022389120954709749 0.0007482202279453094 -0.0088871935915442232 -0.0082600783393526507 0.00032953479404040367 -0.029483192930461623 0.00043753132701101821 -0.00079443702107818233 0.010399211545120798 -0.019083062281864585 -0.005554043531344274 0.0028114210649042111 -0.017420891517225433 -0.017916978770640513 -0.0039404037113920341 -0.0048369092432161169 -0.010673587203902355 -0.0085923996233545664 0.00082407830282780602 -0.03294799454619779 0.014964813496887889 -0.015179518097652306 -0.0021416169998179483 -0.04177978299119893 -0.010253333918639083 0.0011004297252089439 0.018672576841826622 0.0061455273944961966
leaf_weight=108 96 96 353 125 62 56 58 118 75 85 52 69 99 67 66 57 112 64 50 1118 79 61 89 148 55 114 199 77 972 106 79 132 57 97 719 51 154 1213 2546 83 163 1404 72 214 2363 162 84 402 3509 71 50 1002 2688 67 117 242 1136 50 66 181 51 420
leaf_count=108 96 96 353 125 62 56 58 118 75 85 52 69 99 67 66 57 112 64 50 1118 79 61 89 148 55 114 199 77 972 106 79 132 57 97 719 51 154 1213 2546 83 163 1404 72 214 2363 162 84 402 3509 71 50 1002 2688 67 117 242 1136 50 66 181 51 420
internal_value=-2.20301e-05 -0.000629657 0.0257323 0.0319552 -0.00253848 0.0481059 0.0187621 0.0104402 -0.00236459 0.00301645 0.0208782 0.0334798 0.00329986 0.0314217 0.0141214 -0.000634138 -0.00836457 0.00210423 0.0166246 0.00210097 0.0230228 0.012459 0.00224969 0.0694404 0.0287967 -0.00286375 -0.00294747 0.0462692 -0.00305897 -0.00299106 -0.00855454 0.0619361 0.0538399 0.00254871 0.004325 0.0160841 -0.0160505 -0.00325544 -0.0034978 -0.00316037 -0.00368885 -0.00491608 -0.00465542 -0.00367078 -0.00668449 -0.00815787 -0.000243805 -0.00896513 -0.0021443 -0.0182248 -0.0102338 -0.0112731 1.6183e-05 -0.00938835 -0.00152175 -0.00381804 0.00114582 -0.0116779 -0.0240833 -0.00822723 0.00418256 9.77832e-05
internal_weight=24531 24287 1639 1286 22648 577 709 454 22552 1914 324 255 336 263 272 1590 415 176 158 1175 196 117 151 244 121 20638 20524 146 20325 20250 178 314 182 922 816 109 239 19328 18356 17143 14513 8086 7932 6193 2577 1739 2630 1667 6427 154 1505 1404 2918 230 3616 1943 1673 539 116 423 101 1556
internal_count=24531 24287 1639 1286 22648 577 709 454 22552 1914 324 255 336 263 272 1590 415 176 158 1175 196 117 151 244 121 20638 20524 146 20325 20250 178 314 182 922 816 109 239 19328 18356 17143 14513 8086 7932 6193 2577 1739 2630 1667 6427 154 1505 1404 2918 230 3616 1943 1673 539 116 423 101 1556
is_linear=0
shrinkage=0.03


Tree=23
num_leaves=63
num_cat=0
split_feature=20 16 15 19 21 11 5 2 11 21 20 19 2 21 20 1 11 1 21 2 20 1 2 15 7 2 11 5 15 8 8 20 11 20 19 20 8 11 9 17 20 5 11 7 21 9 5 16 2 9 7 5 7 1 11 9 9 2 9 15 2 11
split_gain=1277.41 1280.89 275.495 227.772 189.091 127.668 128.67 127.26 123.142 69.8036 130.142 273.066 48.2537 47.7748 52.3672 46.1923 41.7857 41.1189 38.5051 31.4033 65.7055 52.9718 46.5392 31.1981 29.0349 29.0033 28.2975 28.0799 28.0402 27.505 73.0649 37.9681 54.1748 44.2994 61.4664 37.8863 32.2672 32.1394 29.1308 28.8651 28.8129 28.578 28.505 27.1191 43.088 33.5955 65.2608 26.4357 26.3108 25.9456 43.0053 38.674 41.766 26.5357 25.718 28.2635 25.5004 25.3049 25.292 25.1536 37.971 25.5757
threshold=3.1176223902685902 28.035921372148071 8.0889145823496209e-10 2.5000000000000004 0.036504684508943612 -109.51349554935898 34.024426815992804 3.3409260858979981 -106.14925685262698 0.72020167762079057 13.298681841841001 2.5000000000000004 5.4215472418985895 0.0023731366481001153 0.99319722208100114 757.68454940083018 -114.46172946499949 1193.1273273220252 6.8585565722720458 5.1726428232039492 39.299303542675609 97.080724171825011 4.5355110296109267 3.3696610137900078e-09 -0.4107657392471919 4.9367769795325769 -90.607694373016429 9.0027994339833537 4.15500040159671e-09 0.212911901573027 0.19989044939695158 104.98593786548952 -95.414195151107933 116.52470094566353 3.5000000000000004 121.74579816547102 0.20384407386558581 -108.83534559739898 0.29904536808516374 1.0000000180025095e-35 75.046621891925454 -37.631813286981213 -107.88576892114249 -0.20649902000550388 1.876199333143665 0.39073717599675667 29.814990380462103 1.0000000180025095e-35 4.7619713021063959 0.10971875899492824 -0.07369058201366839 12.909917660749903 0.011581815072471803 67.360263458449666 -109.68154967206249 0.058314952136194094 0.07303026295048555 4.8078613289492642 0.10348135121086834 5.3808392482559612e-09 5.3350020674671237 -102.83378429634949
decision_type=8 2 2 2 8 2 2 2 2 8 8 2 2 8 8 2 2 2 8 2 8 2 2 2 2 2 2 2 2 2 2 8 2 8 2 8 2 2 2 2 8 2 2 2 10 2 2 2 2 2 2 2 2 2 2 2 2 2 2 2 2 2
left_child=2 7 4 5 8 6 15 -2 12 10 11 -9 -1 -10 -15 -4 18 -12 24 20 21 23 -23 -18 -11 -26 29 -13 -5 30 40 41 33 34 -33 36 -32 54 -34 -36 49 -31 47 44 -22 -46 48 -39 -47 50 -21 53 -53 -52 55 -35 -20 -7 -42 61 -61 -59
right_child=1 -3 3 28 -6 57 -8 9 13 16 17 27 -14 14 -16 -17 19 -19 56 26 43 22 -24 -25 25 -27 -28 -29 -30 31 35 32 38 37 39 -37 -38 42 -40 -41 58 -43 -44 -45 45 46 -48 -49 -50 -51 51 52 -54 -55 -56 -57 -58 59 -60 60 -62 -63
leaf_value=0.031687284854843331 -0.037097165893155759 0.070274284063544995 -0.0040114527697571456 -0.010879092056254324 0.00079961731380585627 0.077077835850779791 0.061328604519367218 0.070832424767571497 0.016540568341111513 -0.0097200440748275579 -0.00053848747814934774 -0.012621733953173344 -0.0032565764456955809 0.056993475611232323 0.026119812169228679 0.030766872495412826 -0.0013638401256730502 0.022370930161209113 0.010292137070355239 -0.032464463012606908 -0.0046850680918611868 0.02193575952667743 0.0046151213528481368 -0.024783818542957307 0.019879196888890446 0.003281034177466335 -0.016360562593863818 0.015839596680150583 0.01551654853509938 -0.013950564932310953 -0.045536443088203669 -0.035435756981071591 -0.037494572477380771 -0.019509413311011897 0.0071217186264244904 -0.0053109881737535549 -0.019436370846996832 -0.0091156038147293863 -0.0075914448012526217 -0.020200719818472861 0.0029206646316687328 -0.00051595532250537518 -0.0043421081952526213 -0.0048752204419452915 0.011534793395087044 -0.007649690717782663 -0.032199087528125288 -0.033470045197112809 0.01705387590641386 -0.0057423613620638352 -0.020548097862438375 -0.0029210889635278899 -0.039216597167524826 0.0018865110000125436 0.012875485982659538 0.0013569550482763894 -0.010344524458777482 0.031494706082157792 -0.0042784536070456271 0.045282949399099576 0.081631228838648123 0.054062067095304506
leaf_weight=50 95 218 80 55 472 53 67 74 64 142 2067 77 117 145 79 59 191 72 63 88 714 167 832 69 101 1346 173 51 102 147 60 96 70 65 82 111 153 134 51 59 548 3840 1767 3148 382 68 52 57 88 1764 60 50 66 213 150 508 345 71 2199 53 62 158
leaf_count=50 95 218 80 55 472 53 67 74 64 142 2067 77 117 145 79 59 191 72 63 88 714 167 832 69 101 1346 173 51 102 147 60 96 70 65 82 111 153 134 51 59 548 3840 1767 3148 382 68 52 57 88 1764 60 50 66 213 150 508 345 71 2199 53 62 158
internal_value=-5.1447e-05 -0.00193087 0.0251125 0.0384943 0.0141118 0.0468629 0.0274948 -0.00262874 0.0278894 -0.00248196 0.00242147 0.0253773 0.007332 0.0397431 0.0462695 0.0108649 -0.00304978 0.00024275 0.00106945 -0.00350125 -0.00165752 0.00439117 0.0075296 -0.00765029 0.00318067 0.00445251 -0.00434267 -0.00124679 0.00625934 -0.00417284 -0.00580194 -0.00294051 -0.00546596 -0.00464531 -0.0170513 -0.0195869 -0.0269669 -0.00354267 -0.0250563 -0.00437282 -0.00490278 -0.00101466 -0.00553788 -0.00336866 0.000269285 0.00626267 -0.00342864 -0.0165202 0.00630552 -0.00742677 -0.0136308 -0.00929797 -0.0237307 -0.00310117 0.00186087 -0.00103995 -0.00714061 0.0568184 -0.00284176 0.0534827 0.0654142 0.0472326
internal_weight=24560 22873 1687 760 927 603 206 22655 455 22560 2341 202 167 288 224 139 20219 2139 1997 18222 5711 1259 999 260 1589 1447 12511 128 157 12338 5312 7026 3039 2918 237 324 213 2681 121 141 4988 3987 1958 4452 1304 590 208 191 156 2241 477 389 116 273 723 573 408 397 2747 344 115 229
internal_count=24560 22873 1687 760 927 603 206 22655 455 22560 2341 202 167 288 224 139 20219 2139 1997 18222 5711 1259 999 260 1589 1447 12511 128 157 12338 5312 7026 3039 2918 237 324 213 2681 121 141 4988 3987 1958 4452 1304 590 208 191 156 2241 477 389 116 273 723 573 408 397 2747 344 115 229
is_linear=0
shrinkage=0.03


Tree=24
num_leaves=63
num_cat=0
split_feature=10 21 20 19 15 3 0 3 11 20 15 15 3 3 15 20 21 19 4 11 9 11 20 15 21 15 3 19 19 12 2 15 9 15 6 6 3 6 6 21 3 5 9 21 3 2 21 15 9 9 4 9 4 12 4 6 0 2 4 15 3 12
split_gain=1358.35 1099.2 206.286 174.913 240.045 164.367 122.133 88.1793 76.9053 67.9584 56.4839 43.227 51.1722 32.6207 34.8922 29.0147 132.112 165.519 33.6536 28.7927 60.6319 27.9569 35.9977 50.008 30.7454 57.7941 62.1109 30.5004 30.1042 28.7536 39.5761 28.0557 38.0557 27.8943 34.6999 27.4425 54.4918 36.9639 32.7007 32.6369 29.4408 30.6398 28.8717 31.095 26.407 26.3748 24.8389 27.3645 25.8154 43.4787 23.9946 22.9897 36.1817 32.0454 30.9997 30.0084 35.8558 69.9409 32.9646 27.4215 34.1682 26.6604
threshold=12.500000000000002 0.059577513970665803 6.6321986571914104 2.5000000000000004 5.4582094174907882e-10 25.237102629808906 56.4905538282188 33.401928627396508 -100.629800338843 1.7925050432673102 3.0547904930207667e-09 1.4546323957402321e-09 8.6280643821192413 41.94587017137416 1.1458943407073503e-08 16.267337256559554 0.88281764863260215 2.5000000000000004 34.215583645946161 -93.741008537739987 0.21564250339284821 -119.98709787691699 74.366726388535525 1.1869531948642402e-08 0.36715599833097856 1.4986625881021632e-09 11.228357790527452 4.5000000000000009 4.5000000000000009 -102.98940403816049 5.5729076426863573 2.4288252857089428e-09 0.37645902745497001 1.9859739713922226e-08 0.35226216413312866 0.23304338868880239 52.51979483358091 0.33378522523412274 0.18494591343686387 3.5036010234805004 28.651903763927056 39.685214053913157 0.10971875899492824 1.5244384483830802 41.672482870429256 5.5350522894081573 3.6325981302013806 1.3193549616506541e-08 0.091469123674043043 0.37442861025320978 -3.4762528919411495 0.24485951277656251 80.491431876982475 -106.90398560254491 -5.4256919558665988 -0.46979097338185477 435.66751842020409 5.428071033778223 1.5420623672045652 7.6854153507230649e-09 21.462984176492352 -78.898988587651289
decision_type=2 8 8 2 2 2 2 2 2 8 2 2 2 2 2 8 8 2 2 2 2 2 8 2 8 2 2 2 2 2 2 2 2 2 2 2 2 2 2 10 2 2 2 10 2 2 10 2 2 2 2 2 2 2 2 2 2 2 2 2 2 2
left_child=1 5 3 4 9 11 -4 -6 10 -3 -7 12 -1 14 45 16 17 -8 -19 20 -14 22 27 31 25 -23 -27 -17 33 30 -28 32 -24 35 -35 38 40 -38 46 -40 42 -42 -37 -44 -43 -5 47 50 -48 -50 -26 53 55 -30 -55 -53 -57 -58 -59 60 -60 -56
right_child=-2 2 6 13 7 8 15 -9 -10 -11 -12 -13 19 -15 -16 21 -18 18 -20 -21 -22 24 23 -25 28 26 29 -29 51 -31 -32 -33 -34 34 -36 36 37 -39 39 -41 41 44 43 -45 -46 -47 48 -49 49 -51 -52 52 -54 54 61 56 57 58 59 -61 -62 -63
leaf_value=0.052223274535067359 0.069451005453094836 -0.0047586494145856126 -0.036938602977606934 -0.0087368380084886198 0.058086624690186904 0.0046218126748611491 0.064457113713524153 0.017017819182997891 0.04264254107692058 0.027771931367891804 0.029175963065316599 0.05384420820714339 -0.007446802316440476 0.014586765198628199 0.019918073872104286 0.0068125588800368037 -0.0026751913699762488 -0.0042482156585901976 0.021857208017542769 0.043144817142389144 0.036300726909129347 -0.0040577234066152884 0.0045471576214626882 -0.028074019216643323 0.00083032282472200942 0.037383345050711031 -0.017669923465985518 0.032999483346939085 0.0020547122235119418 0.017790959045770716 0.01403063073868935 0.019796823224482625 -0.021189179699867965 0.0068232294882980722 -0.014519438397459452 -0.0083830380026355261 -0.037184398081818865 -0.0079072804072012112 -0.0084181656756491391 -0.033498222159550471 0.0046830098967859087 9.8920312811093145e-05 -0.0035247138469008694 0.0044267958974127065 -0.027392381841645518 0.0041296554417596656 -0.0093835916469253815 -0.014365901031730046 0.0090244475691491424 -0.0075561146797804984 -0.0041449712064188845 0.014129834931931998 -0.03161559920365873 -0.022204173981584606 -0.0035941171594150423 -0.0036343521177868792 -0.038898032989643984 -0.028594032385852189 -0.012205024975911565 -0.022723901710309777 0.001011919994067786 -0.021750917449345038
leaf_weight=98 249 201 93 392 160 265 60 68 94 80 123 206 53 127 59 190 1162 101 78 51 60 454 197 57 978 70 77 50 641 98 64 64 69 480 79 525 55 129 578 50 1291 82 1133 725 50 225 157 217 476 202 8056 56 56 99 1103 883 79 74 356 96 347 77
leaf_count=98 249 201 93 392 160 265 60 68 94 80 123 206 53 127 59 190 1162 101 78 51 60 454 197 57 978 70 77 50 641 98 64 64 69 480 79 525 55 129 578 50 1291 82 1133 725 50 225 157 217 476 202 8056 56 56 99 1103 883 79 74 356 96 347 77
internal_value=2.23976e-05 -0.000837015 -0.00212587 0.00942602 0.0231656 0.030778 -0.00281474 0.0459658 0.0184229 0.00456837 0.0124607 0.0434363 0.0350793 0.000698899 -0.0019279 -0.00266829 0.00150787 0.021772 0.00718556 0.0245803 0.0158966 -0.00295347 0.00327988 -0.00238249 -0.0031501 0.00275261 0.0127395 0.0123825 -0.00338566 0.00539601 -0.00328354 0.00212655 -0.00218317 -0.0027863 0.00378646 -0.00303642 -0.000912372 -0.0168123 -0.00382728 -0.0104651 -0.00013948 0.00327363 -0.00217812 -0.000421287 -0.0104421 -0.00404575 -0.00341298 -0.00386024 0.00154086 0.00408066 -0.00360633 -0.00574997 -0.00804677 -0.00341789 -0.00616007 -0.00733247 -0.00799479 -0.0120311 -0.00955814 -0.00776158 -0.00568899 -0.00479634
internal_weight=24525 24276 23326 1312 509 950 22014 228 482 281 388 468 262 803 676 21921 1401 239 179 164 113 20520 627 387 19893 763 309 240 19130 239 141 330 266 15263 559 14704 3990 184 10714 628 3806 1423 2383 1858 132 617 10086 9251 835 678 9034 3867 1947 1920 1279 1891 1835 952 873 799 703 1180
internal_count=24525 24276 23326 1312 509 950 22014 228 482 281 388 468 262 803 676 21921 1401 239 179 164 113 20520 627 387 19893 763 309 240 19130 239 141 330 266 15263 559 14704 3990 184 10714 628 3806 1423 2383 1858 132 617 10086 9251 835 678 9034 3867 1947 1920 1279 1891 1835 952 873 799 703 1180
is_linear=0
shrinkage=0.03


Tree=25
num_leaves=63
num_cat=0
split_feature=21 10 3 15 2 1 11 4 21 21 19 3 15 3 1 1 7 1 15 9 9 12 9 4 11 21 4 7 4 8 7 3 19 11 12 11 1 1 7 3 4 2 4 4 4 7 21 9 15 1 15 1 8 4 3 9 21 11 12 9 7 4
split_gain=1196.89 1080.23 176.408 110.957 90.0095 83.1664 71.9614 90.894 71.8762 46.261 46.3433 78.541 94.8707 50.0886 42.1106 35.9888 35.2958 33.8322 33.0038 31.2269 46.9358 30.4075 53.4171 29.2823 29.2628 28.5359 23.2895 38.6169 38.8599 31.5808 30.3804 29.6489 25.5166 22.8047 22.6867 28.1711 22.5619 21.5729 45.4368 27.3289 57.1431 36.0781 28.1426 26.1457 21.0267 26.0599 20.8097 20.7552 19.6865 19.5151 19.2817 18.6968 18.5947 18.366 18.2375 18.1812 17.9463 32.6034 23.6848 20.543 17.3913 16.6907
threshold=0.059577513970665803 15.500000000000002 15.775395922358301 2.4714907342092693e-09 3.3409260858979981 969.28967126211012 -100.28977197138549 40.17549939390171 0.0023731366481001153 0.72020167762079057 2.5000000000000004 27.864293804574107 1.597970854746728e-09 16.936621753108152 640.6517117926436 458.33107992954257 -0.0084979542053988926 29.355371287674455 1.2573824633997184e-08 0.048656043765103803 0.028625216797509626 -124.63894669376059 0.32786655744454413 32.703859992991603 -105.20937836045898 0.31128966559874655 61.708294654111306 0.41388150186922884 26.752107861482553 0.057965681227446615 -0.3782786077858073 16.532592915686205 4.5000000000000009 -101.56441647646199 -101.11406493769918 -81.38289874748294 162.33614532905554 1015.5159270254002 0.066722573960783307 13.634954221758102 47.514035264053355 5.3801556681168643 -3.4762528919411495 5.2795992237232516 22.454867790911752 -0.036883317762114835 0.018830733328088902 0.16936441400232563 7.9409338805090669e-23 383.84321409012506 1.3090772026045481e-09 293.24003780481706 0.2754983932500768 26.752107861482553 15.952065460059401 0.18280559220476603 3.1741424522284007 -113.79855000329799 -108.72276643810595 0.036317332561751854 -0.22540710360941849 8.8119791017063225
decision_type=8 2 2 2 2 2 2 2 8 8 2 2 2 2 2 2 2 2 2 2 2 2 2 2 2 8 2 2 2 2 2 2 2 2 2 2 2 2 2 2 2 2 2 2 2 2 8 2 2 2 2 2 2 2 2 2 10 2 2 2 2 2
left_child=2 4 8 6 -2 9 7 44 -1 10 11 12 13 25 -9 -5 60 24 21 20 -19 22 47 -18 -12 -6 27 28 29 -21 -31 55 49 -10 56 -36 -33 38 -7 40 41 52 -41 -44 45 -4 -8 -11 -28 50 -32 -34 -39 -29 -14 -30 59 -58 -59 -20 -13 -3
right_child=1 61 3 15 5 37 46 14 33 18 17 16 54 -15 -16 -17 23 19 34 26 -22 -23 -24 -25 -26 -27 48 53 31 30 32 36 51 -35 35 -37 -38 39 -40 42 -42 -43 43 -45 -46 -47 -48 -49 -50 -51 -52 -53 -54 -55 -56 -57 57 58 -60 -61 -62 -63
leaf_value=0.0198143039363416 -0.030595679739817021 0.081175095987107065 0.015614923822460694 0.023522665486494197 -0.024239891021809266 0.0014833157799310154 0.048139806854734686 0.0097888249605470757 0.045487316162325438 0.0090823971971761997 0.026089665285528519 -0.0030675612048556406 0.048286551960220893 0.02321114075983443 0.044265306861489079 0.049051288198921586 -0.0028662479555477266 -0.0014933843704388488 0.019152861491269765 -0.028032958682626483 -0.037897970369085668 -0.0032027601433966273 -0.0139602541399654 0.022711647306568918 -0.0017908866450670757 0.0056700104254890568 -0.0015065475589492255 0.029737640573746629 0.0078550081588012188 0.013644619555869961 -0.0046563803299384957 -0.0022986909856221502 -0.027095074680234702 0.065513486837030982 0.014511522009868072 -0.0060978094525578454 0.01444223605544318 -0.014776267948294322 0.034352777311578389 0.022082952401196621 0.037816580987224971 0.024784956822792688 -0.021266763300141867 0.0013259913392248564 -0.021437998109031468 -0.010402996206724243 0.022124535652091267 0.033134794471552591 -0.027393903013951375 -0.014798071232131298 0.017358541420150187 -0.0055605619536204772 0.0089227779449608472 0.0046520556764290573 0.025605269954963164 -0.012533583936942819 0.0034535840155890665 -0.034800707851262651 -0.0057524866152268185 0.00036827144840037145 -0.02201753545149758 0.059609242003876711
leaf_weight=55 98 55 59 78 50 80 56 65 95 77 72 107 72 81 63 153 91 78 55 59 53 18564 63 71 63 65 53 53 58 67 84 104 83 156 221 81 236 69 71 52 62 53 50 479 53 81 60 56 52 67 61 65 51 52 65 118 105 50 51 815 73 159
leaf_count=55 98 55 59 78 50 80 56 65 95 77 72 107 72 81 63 153 91 78 55 59 53 18564 63 71 63 65 53 53 58 67 84 104 83 156 221 81 236 69 71 52 62 53 50 479 53 81 60 56 52 67 61 65 51 52 65 118 105 50 51 815 73 159
internal_value=6.64738e-06 -0.00143422 0.0324851 0.0237833 -0.00205032 -0.00192873 0.0148375 0.00746969 0.051342 -0.00230247 0.00187659 0.00838331 0.018731 0.00528579 0.0269693 0.0405698 -0.00171735 -0.00109867 -0.00274934 -0.00254082 -0.0163975 -0.00307849 0.00864799 0.00841438 0.0131612 -0.00743115 -0.00103083 0.000255261 -0.00156487 -0.00764468 -0.00476865 0.00416518 -0.00822386 0.0581444 0.00173076 0.00898197 0.00932976 0.00668006 0.0170628 0.0047402 0.0133495 0.00441398 0.00124101 -0.000845527 -0.00553506 0.000594679 0.0349877 0.0193814 -0.0144644 -0.00152973 0.00466053 -0.0177381 -0.00471367 0.0174754 0.0377889 -0.0058082 -0.000310878 -0.00825065 -0.020333 0.00157643 -0.010832 0.0655036
internal_weight=24544 23570 974 668 23356 23258 437 321 306 22291 2153 675 333 196 128 231 342 1478 20138 1343 131 18760 196 162 135 115 1212 1107 1002 486 427 516 360 251 1378 302 340 967 151 816 235 173 581 529 193 140 116 133 105 212 145 148 120 105 137 176 1076 206 101 870 180 214
internal_count=24544 23570 974 668 23356 23258 437 321 306 22291 2153 675 333 196 128 231 342 1478 20138 1343 131 18760 196 162 135 115 1212 1107 1002 486 427 516 360 251 1378 302 340 967 151 816 235 173 581 529 193 140 116 133 105 212 145 148 120 105 137 176 1076 206 101 870 180 214
is_linear=0
shrinkage=0.03


Tree=26
num_leaves=63
num_cat=0
split_feature=21 13 3 20 13 13 4 11 21 9 1 1 1 13 3 8 1 9 4 12 13 21 9 4 7 11 7 20 17 13 4 13 4 8 3 11 4 1 13 12 12 4 1 15 4 4 3 20 9 20 7 9 21 3 1 8 1 7 4 1 11 11
split_gain=1077.83 1067.73 168.897 167.665 268.853 112.485 87.5979 84.942 79.0369 60.6477 48.6173 38.1335 31.8198 60.2748 37.4948 35.5085 53.3667 36.8336 32.0388 30.4094 28.8935 37.1834 33.7192 38.9296 33.7257 51.448 53.4026 31.0109 75.8401 28.4773 28.2767 32.1606 28.2458 27.0208 34.1637 26.9238 76.5223 29.4579 26.3675 24.8269 24.8174 23.729 20.9538 21.8704 55.0616 35.2032 48.4971 28.8955 30.4661 20.3739 20.1988 24.4973 35.0433 34.5491 29.3864 20.7155 20.0114 35.0762 57.2117 35.0725 50.8069 49.4169
threshold=0.059577513970665803 7.9699423268201111 15.555530749449902 6.6321986571914104 22.833336471476077 28.472805572726916 40.83559918368541 -58.267354290735689 1.9271011176274553 0.37645902745497001 679.62119646846861 254.26149972643503 647.04402261877658 50.498843589471157 46.63555384836986 0.1467021871608967 526.18175742024516 0.20990759862686129 1.9260001888694602 -108.32196802875795 21.179523628411527 0.23077737455950301 0.24903877757742035 64.783165413498168 0.41757528252391879 -103.49818112464999 0.32153431878790611 38.759897881470103 0.72688007647761255 20.394043081508624 70.12908281922067 18.035587566945633 63.031228846168958 0.43957552780097947 57.59001577756306 -102.28221684943648 52.343289685944306 969.28967126211012 13.358879132113104 -112.37238504004948 -126.10251266064104 21.229882262432351 35.034374466811506 6.6556421849825602e-09 19.931682643641256 43.976094999928911 21.827867090655904 73.692399193317414 0.3607186295049401 2.0039493990201902 0.42111948603034938 0.47277086123960871 2.3849257272490805 28.953817639995304 157.01379452088753 0.38829821334645592 370.82277558973306 0.21975044558664328 44.673972294027358 344.02680351284408 -104.87783717974798 -97.396108734407932
decision_type=8 2 2 8 2 2 2 2 8 2 2 2 2 2 2 2 2 2 2 2 2 8 2 2 2 2 2 8 2 2 2 2 2 2 2 2 2 2 2 2 2 2 2 2 2 2 2 8 2 8 2 2 10 2 2 2 2 2 2 2 2 2
left_child=2 -2 35 4 8 19 9 20 11 10 -7 -3 14 -14 15 17 18 -6 -17 32 21 -5 30 27 25 26 38 28 -24 -21 -23 -32 -4 40 -35 36 -1 -37 -25 -40 41 -22 -29 44 -44 46 -45 -47 -49 -15 56 55 54 -54 -53 -52 57 59 -59 -42 -61 -62
right_child=1 3 5 7 12 6 -8 -9 -10 -11 -12 -13 13 49 -16 16 -18 -19 -20 29 33 22 23 24 -26 -27 -28 42 -30 -31 31 -33 -34 34 -36 37 -38 -39 39 -41 50 -43 43 45 -46 47 -48 48 -50 -51 51 52 53 -55 -56 -57 -58 58 -60 60 61 -63
leaf_value=0.013604429312531025 0.061809901291664575 0.024947951709127034 0.017339688967913387 0.023740011573602039 -0.028750178329078047 -0.021273496482718871 0.031252296365260994 -0.03101468129673101 0.0078609297580238598 0.030124380927322045 0.0080642340958960827 0.05498340256848281 0.033706524731265383 -0.0069289462196712309 0.017705241983208584 -0.011825161190104804 -0.026381069434906489 -0.0033337471703457277 0.0088731717335108172 0.029180029518769374 0.022773097550353179 0.0012716443248610308 0.023132018131835685 -0.036840914095519109 -0.032145497076213357 0.018829630020667208 0.011018907385728052 0.01392166641773656 -0.011581047614838214 0.058850210171054913 0.017476703076125227 -0.0086828538786426612 0.045364671495797877 -0.00038227705686593529 0.018662288200364193 0.047695347212206494 0.062238703558319487 0.074264819964033654 0.0028590752563948901 -0.024139925870742346 -0.0029166008853993564 -0.0044888707769748107 0.029455844063503558 -0.042114853382592042 -0.0072893554415866613 -0.017951573848682029 -0.0062631394975341675 -0.0082468051002995875 0.020386436826255006 0.014382638748396527 0.0048091461748570865 -0.011245747064240277 -0.038155567152973482 -0.0040863460276661248 0.0055856252335442979 -0.0092990114328996183 -0.0020151811174634279 -0.010643424244334239 0.00020412984663749684 6.5004797938045543e-05 -0.034882655877839112 -0.0046597156251664273
leaf_weight=61 239 57 95 61 85 96 137 92 66 52 106 132 74 103 84 83 55 128 339 51 64 930 142 63 59 54 61 55 93 80 214 52 50 2312 87 134 56 60 52 73 7626 51 50 58 130 65 81 65 67 65 808 151 50 57 241 105 5415 1580 605 162 118 83
leaf_count=61 239 57 95 61 85 96 137 92 66 52 106 132 74 103 84 83 55 128 339 51 64 930 142 63 59 54 61 55 93 80 214 52 50 2312 87 134 56 60 52 73 7626 51 50 58 130 65 81 65 67 65 808 151 50 57 241 105 5415 1580 605 162 118 83
internal_value=-1.28859e-05 -0.00114378 0.0309819 -0.00179207 0.0087985 0.022412 0.0120121 -0.0024034 0.0362752 0.00155269 -0.00591456 0.0461041 0.00187339 0.0113442 -0.00109858 -0.00341005 0.00114273 -0.0135634 0.00478384 0.0370485 -0.00228202 0.000806083 0.000204515 -0.00341961 -0.0115773 -0.00747974 -0.0132379 0.000254085 0.00940364 0.0476078 0.00374369 0.0123494 0.027248 -0.00266578 0.000315864 0.0492311 0.0372125 0.0562514 -0.0211251 -0.0129748 -0.00308368 0.0107485 -0.00352135 -0.00540392 0.00302399 -0.00991445 -0.0214168 -0.00173139 0.00633074 0.00135292 -0.00317787 0.000257841 -0.00508115 -0.0202124 -0.000910006 0.00317823 -0.00348907 -0.00427325 -0.00764115 -0.00335129 -0.0124502 -0.0224874
internal_weight=24520 23542 978 23303 1271 667 391 22032 255 254 202 189 1016 242 774 690 477 213 422 276 21940 2425 2364 1168 362 303 249 806 235 131 1196 266 145 19515 2399 311 117 194 188 125 17116 115 571 516 180 336 139 197 132 168 17001 1412 499 107 392 913 15589 10174 2185 7989 363 201
internal_count=24520 23542 978 23303 1271 667 391 22032 255 254 202 189 1016 242 774 690 477 213 422 276 21940 2425 2364 1168 362 303 249 806 235 131 1196 266 145 19515 2399 311 117 194 188 125 17116 115 571 516 180 336 139 197 132 168 17001 1412 499 107 392 913 15589 10174 2185 7989 363 201
is_linear=0
shrinkage=0.03


Tree=27
num_leaves=63
num_cat=0
split_feature=10 20 19 15 12 2 21 12 5 20 19 21 3 3 17 20 20 2 3 12 3 21 21 2 12 12 4 21 15 5 3 5 21 6 6 2 12 20 19 2 4 10 2 2 15 9 9 3 5 20 3 3 20 17 4 12 19 12 3 15 6 9
split_gain=1044 919.481 200.917 243.827 151.266 95.8574 94.9301 75.0618 78.4125 46.7454 159.321 184.777 58.4916 44.8332 46.9317 41.5138 40.1505 47.4272 32.3783 30.9349 29.1673 28.7964 27.4218 26.5255 25.5168 39.2126 24.9198 23.7637 24.9478 23.4772 23.4684 32.7934 23.3778 22.4052 39.8801 49.5588 45.0545 28.5338 55.948 56.6232 58.4287 42.4551 26.4791 42.713 28.4633 26.4203 61.4404 28.5797 24.0758 23.3443 21.7805 21.2248 20.3209 19.6357 36.5065 29.648 27.5983 34.829 37.3169 30.1565 29.7171 28.8432
threshold=14.500000000000002 3.1176223902685902 2.5000000000000004 8.0889145823496209e-10 -112.12969464948124 3.3409260858979981 0.51102115235880252 -100.2705744626319 21.347011731139453 11.243684383646352 2.5000000000000004 0.74963532101026853 18.042053619478704 34.159363173007456 1.7541827692480252 1.4609906702845001 10.381398064005351 5.5853160764234682 19.149579831752852 -109.13835028530822 26.494868456852654 0.0073127644711899059 1.8255482672045453 5.5288247678153137 -86.421411173855958 -96.183868907156025 17.255626476850356 2.8584606511687602 6.5101557334107258e-09 26.293846102643656 9.4857429387865615 -5.7593772579131484 2.0948287098729756 0.22883223818491419 0.19308528824560603 4.9183433379537016 -106.29355040282736 29.274285509567651 2.5000000000000004 5.348756234551316 38.119511165605111 3.5000000000000004 5.4382650816025233 5.5524872368311913 1.3604650912528362e-10 0.41299094657146634 0.44521758832751601 55.147574396888864 14.069368085109152 82.215275776799402 19.513984246786851 29.143577043207802 7.1263426434096706 1.0000000180025095e-35 -3.0653393556238293 -109.30470594038053 4.5000000000000009 -123.53871274105298 50.325824258869353 2.9020008325183889e-09 0.29169390903349163 0.074798172773420171
decision_type=2 8 2 2 2 2 8 2 2 8 2 8 2 2 2 8 8 2 2 2 2 8 8 2 2 2 2 8 2 2 2 2 8 2 2 2 2 8 2 2 2 2 2 2 2 2 2 2 2 8 2 2 8 2 2 2 2 2 2 2 2 2
left_child=1 2 3 6 29 -3 7 8 21 10 11 -7 -13 14 16 20 17 24 26 -10 -8 -1 -15 -23 25 -12 -6 28 -4 -5 -9 -32 -2 34 37 -36 50 38 39 41 -41 -11 44 -44 49 47 51 -40 -48 -38 -37 -47 -24 56 55 -55 57 -35 61 60 -58 -59
right_child=32 5 27 4 18 9 15 30 19 33 13 12 -14 22 -16 -17 -18 -19 -20 -21 -22 23 52 -25 -26 -27 -28 -29 -30 -31 31 -33 -34 53 35 36 42 -39 45 40 -42 -43 43 -45 -46 46 48 -49 -50 -51 -52 -53 -54 54 -56 -57 59 58 -60 -61 -62 -63
leaf_value=-0.01199424759201894 0.048814216713774304 -0.031442712592454909 0.0015003317712346115 0.0049949772320687777 0.075561693313180425 0.064293407195265856 0.0012532312436509998 0.052260447422083793 0.017446980207877338 0.014280438738045985 -0.013085338468871898 -0.0090786739605767976 0.028391898810778828 0.018798103054505189 0.022119268354247597 0.021553346880930749 0.011693266473531005 0.0036984671965944547 0.040642373318813978 0.050687779150186824 -0.024986323893714982 -0.0023051593825221062 0.010940207970878956 0.024563056458217592 0.0037544546588861309 -0.036281947805122894 0.051755823816918095 -0.013725483811770876 0.024361967485971175 0.030595002489931442 0.042029804943415981 0.011963432884569896 0.070020437445856773 0.021530532851105646 0.010009508833056317 -0.021260635136185507 -0.035851886532523414 -0.0029560002384966511 -0.00033799823741694846 0.014039081282822823 -0.026150676020317606 0.04707957485142876 -0.052566121267702652 -0.017085426978042554 0.0047710977843962608 -0.014352997905298252 0.0084420828859914435 0.021937834303826093 -0.014477986998856067 -0.010333754621536994 -0.00071486803414743565 -0.040482606948265491 -0.0091717146120725134 0.0044286524731574992 0.0035626913245749479 -0.018682767601716221 -0.01620555918231778 -0.0070837059947251903 -0.012774437540893753 -0.022172351958562094 -0.0010936232003496116 0.0011442813187708843
leaf_weight=78 86 98 248 89 60 76 92 61 52 122 267 86 65 127 50 50 82 150 185 51 64 67 87 64 51 87 178 71 51 50 77 58 152 62 99 56 54 12842 1293 81 53 50 50 80 55 63 131 53 59 81 251 52 92 81 1588 128 151 451 224 100 511 2527
leaf_count=78 86 98 248 89 60 76 92 61 52 122 267 86 65 127 50 50 82 150 185 51 64 67 87 64 51 87 178 71 51 50 77 58 152 62 99 56 54 12842 1293 81 53 50 50 80 55 63 131 53 59 81 251 52 92 81 1588 128 151 451 224 100 511 2527
internal_value=9.80632e-07 -0.00041408 0.0212288 0.026869 0.0416393 -0.00198665 0.015201 0.0221553 0.0129481 -0.00185735 0.00385191 0.0264676 0.00713172 -0.00133947 -0.00559209 -0.00197266 -0.0077985 -0.0106942 0.0505496 0.0342351 -0.0096023 0.0023443 0.0081952 0.0109079 -0.0160208 -0.0188723 0.0580484 0.00175787 0.00546802 0.0143564 0.0366717 0.0292953 0.062594 -0.00218379 -0.00277898 -0.00963946 -0.0127529 -0.00244179 0.000932278 0.0126926 -0.00193283 0.0240321 -0.0206132 -0.0310289 -0.0133615 -0.00125377 -0.00921077 0.000554769 0.00128626 -0.0207296 -0.00451949 -0.0264153 0.000609827 -0.000596723 0.00201012 -0.00974727 -0.00176049 -0.000559546 -0.000993862 -0.00689723 -0.00455985 -0.000103757
internal_weight=24550 24312 1646 1276 562 22666 714 508 312 22568 1220 227 151 993 687 206 637 555 423 103 156 209 306 131 405 354 238 370 299 139 196 135 238 21348 15525 726 627 14799 1957 306 134 172 320 130 190 1651 305 1346 190 135 307 115 179 5823 1797 209 4026 3264 3202 762 662 2978
internal_count=24550 24312 1646 1276 562 22666 714 508 312 22568 1220 227 151 993 687 206 637 555 423 103 156 209 306 131 405 354 238 370 299 139 196 135 238 21348 15525 726 627 14799 1957 306 134 172 320 130 190 1651 305 1346 190 135 307 115 179 5823 1797 209 4026 3264 3202 762 662 2978
is_linear=0
shrinkage=0.03


Tree=28
num_leaves=63
num_cat=0
split_feature=10 20 15 0 12 3 20 20 7 12 0 9 15 11 2 2 20 12 15 2 9 7 9 9 12 12 20 12 7 8 6 3 6 2 0 20 3 20 6 7 11 12 11 8 20 12 3 2 6 20 8 3 11 8 12 11 2 8 9 20 20 15
split_gain=944.519 886.09 160.828 128.025 127.91 72.661 68.225 54.2676 41.5479 66.9433 47.4153 54.226 39.7606 47.941 50.0569 51.0702 36.2639 34.8552 44.8494 33.2013 32.2432 35.6235 32.0686 49.1014 29.4287 28.6567 37.3093 32.9048 28.1396 50.4995 48.5299 35.1834 33.7248 33.0403 27.0507 49.0777 33.1675 26.8645 26.5936 26.0365 30.5176 27.42 26.0244 25.9219 24.7528 26.5442 25.5488 33.1551 31.0322 42.9178 23.9312 27.031 22.5638 21.9488 31.6982 30.5156 33.2467 27.6477 30.2098 22.0359 21.7565 21.7399
threshold=9.0000000000000018 3.1176223902685902 1.2663078609156188e-09 56.4905538282188 -98.077216196482411 34.159363173007456 1.7925050432673102 16.267337256559554 -0.37426742897757842 -103.55996029514391 344.34271315455402 0.38263908804748065 1.387982571819164e-09 -101.35807498823849 5.1939196852695959 5.3450311960149204 0.57266716634020465 -108.24955182152824 5.8806844089848277e-09 5.6621886377299679 0.3532250767885492 -0.057761029570225546 0.31753460582289167 0.13480352485031324 -97.374139157331584 -120.13844928874529 72.96419909098681 -124.63894669376059 0.16473103898266028 0.24092259061094715 0.069483510425877984 17.311423331440803 -0.096647578807641285 5.4350456004334893 432.82184282847157 76.432907291771414 42.181327307747402 89.026908679007065 -0.30963848136910926 -0.12483099532901674 -105.20937836045898 -105.27457297711398 -104.79668314838649 0.42796053949060903 116.52470094566353 -108.89912960389412 40.816609482854957 5.4569160055805392 -0.19996363482621768 71.558467472276121 0.43776136769434887 42.181327307747402 -106.073200381419 0.024908229233709393 -110.98506602534049 -91.294968775650034 5.6689267349190358 0.044198762675479848 0.084550128623630885 114.14814612455002 17.348097489993553 4.5511535099703791e-09
decision_type=2 8 2 2 2 2 8 8 2 2 2 2 2 2 2 2 8 2 2 2 2 2 2 2 2 2 8 2 2 2 2 2 2 2 2 8 2 8 2 2 2 2 2 2 10 2 2 2 2 8 2 2 2 2 2 2 2 2 2 10 8 2
left_child=1 2 4 -3 28 6 17 12 9 10 37 -12 13 19 22 -16 -6 18 -4 42 21 -7 23 -15 -17 26 27 -10 29 30 33 -31 -30 -1 35 -13 -36 -9 -14 40 -40 -41 43 -5 46 -46 53 -48 49 -49 51 -11 -34 54 -27 56 -56 58 -55 60 -59 -60
right_child=-2 3 5 7 16 20 -8 8 25 50 11 34 38 14 15 24 -18 -19 -20 -21 -22 -23 -24 -25 -26 44 -28 -29 32 31 -32 -33 52 -35 36 -37 -38 -39 39 41 -42 -43 -44 -45 45 -47 47 48 -50 -51 -52 -53 -54 57 55 -57 -58 59 61 -61 -62 -63
leaf_value=-0.0047991347013439439 0.058646903684149015 -0.03592394380940736 0.0078014736685768828 -0.0062088838971671679 0.039017107748028745 0.026583191421363624 0.0096381747463475092 -0.038106437621405344 0.031747603184160068 -0.0038918501931351902 -0.031174387454838408 -0.012427230953876657 0.019035780350951589 0.011620050976735536 -0.039185165901834226 0.0025178532237187024 0.017853207008941864 0.04728673012986119 0.046113025106023997 0.018795708833314509 0.03566235354072169 -0.0029406597502120249 0.015471809732131241 -0.022879342337752261 -0.024378918048084501 -0.024395568226622841 -0.0014833777881967573 0.0064477792221539956 -0.017060058678950697 0.041388217693898839 -0.018881295321781823 0.012914512224331371 -0.0067800579281218007 0.026109903164740118 -0.011301749423576824 0.011591185707122434 0.0083302310441598984 -0.013340971555742548 0.022902363895295333 -0.0059459120869609595 0.0012020250869410061 0.0092588407462414028 0.011254767646307345 0.016198430903669861 0.0043618811856649701 -0.0016735287987210776 -0.004174601655008949 -0.0080468048548923352 -0.0080024403822924351 -0.046248492269522767 0.011491869086829516 0.012064195794932474 0.017049058656413832 -0.012334899692796171 0.0017556792913004755 -0.021737296011271563 -0.020633702871035522 -0.01553122897478061 0.005205353214018528 -0.016216956334188577 -0.001935542712460548 0.023349444641152749
leaf_weight=61 243 100 55 333 152 61 68 79 67 894 87 137 152 67 72 89 145 315 55 115 56 90 88 81 61 87 340 147 94 51 81 164 66 62 802 171 85 81 129 241 106 190 160 53 959 2069 1979 52 220 54 129 106 76 72 374 81 70 106 307 99 10856 73
leaf_count=61 243 100 55 333 152 61 68 79 67 894 87 137 152 67 72 89 145 315 55 115 56 90 88 81 61 87 340 147 94 51 81 164 66 62 802 171 85 81 129 241 106 190 160 53 959 2069 1979 52 220 54 129 106 76 72 374 81 70 106 307 99 10856 73
internal_value=1.04691e-05 -0.000673439 0.0205302 -0.00222283 0.0124829 0.031441 0.0377062 -0.0020716 -0.00252338 -0.00609036 -0.0103714 -0.00843611 0.00272799 -0.000947399 -0.00839729 -0.0185893 0.0287791 0.0421639 0.0272001 0.00421944 0.0164102 0.00908262 0.00122805 -0.00728821 -0.00850918 -0.00201393 0.0046978 0.0144796 0.00506098 0.00971951 -0.000979945 0.0198291 -0.003216 0.0108659 -0.006756 0.000902026 -0.00941318 -0.0257297 0.00775083 0.0051506 0.0131607 0.000762796 0.0011206 -0.00309833 -0.00222717 0.000238759 -0.0027446 -0.00563937 -0.0144914 -0.0277584 -0.000618048 -0.00219015 0.00600359 -0.00219388 -0.00772574 -0.00492219 -0.00181261 -0.00189917 0.0053657 -0.0021965 -0.00206841 0.00874306
internal_weight=24515 24272 1652 22620 952 700 493 22520 20583 2571 1442 1282 1937 1119 458 222 297 425 110 661 207 151 236 148 150 18012 554 214 655 419 204 215 236 123 1195 308 887 160 818 666 235 431 546 386 17458 3028 14430 2305 326 106 1129 1000 142 12125 612 525 444 11513 452 11061 10962 380
internal_count=24515 24272 1652 22620 952 700 493 22520 20583 2571 1442 1282 1937 1119 458 222 297 425 110 661 207 151 236 148 150 18012 554 214 655 419 204 215 236 123 1195 308 887 160 818 666 235 431 546 386 17458 3028 14430 2305 326 106 1129 1000 142 12125 612 525 444 11513 452 11061 10962 380
is_linear=0
shrinkage=0.03


Tree=29
num_leaves=63
num_cat=0
split_feature=13 21 20 13 2 12 13 4 1 13 21 20 21 20 12 1 6 20 11 11 9 6 2 21 12 13 7 1 1 2 20 16 20 12 6 11 1 21 2 2 7 2 20 2 1 20 1 6 7 21 9 6 1 6 20 13 20 13 21 20 21 1
split_gain=969.725 971.195 150.564 298.168 159.505 136.516 100.602 62.9857 61.5531 47.8785 69.3318 46.8722 45.2487 116.127 44.5341 44.4478 51.46 43.6417 39.4191 39.6366 39.9914 38.9002 38.1735 43.5679 32.7161 32.6979 32.0021 28.1373 26.4615 26.2725 27.1664 34.7033 31.7924 29.2396 26.6012 25.3306 24.7465 22.3297 22.3082 21.7194 21.5932 24.1005 22.1412 31.632 21.3651 23.6575 53.327 32.0758 21.4042 26.4361 44.4922 46.9434 37.7015 26.4256 27.211 22.0606 55.4855 25.88 24.4246 44.5926 20.991 20.6623
threshold=7.9699423268201111 0.036504684508943612 6.6321986571914104 19.885603929653858 3.6875539612022563 -101.34229578125206 24.217832785459411 65.265407499425763 114.11266110536951 27.480533193555775 1.7778098725146301 82.215275776799402 0.72020167762079057 13.298681841841001 -106.20904390346408 19.308626964036055 0.14733772105607026 1.2878994310186551 -125.11271900860798 -128.37817988323948 0.30835742041198883 -0.17573782361751797 4.5355110296109267 3.8913163609448405 -106.05250195692099 41.066304762341865 -0.31463485392315066 449.77557958968652 467.73852410602558 5.0186685517392915 1.6136882485306052 1.0000000180025095e-35 0.57266716634020465 -112.63781379998572 -0.034908647426499677 -87.843137241218599 363.5044877449306 4.1526952310236114 5.5401916951847232 4.1881601862092808 0.38944845973952452 4.7302852535778577 7.6979648307753665 5.3801556681168643 1193.1273273220252 26.513854761537605 519.30353840763564 0.036902471983588432 -0.19115992804910051 0.16606176382265053 0.3532250767885492 -0.088472061489836648 154.57964025479853 -0.18707467937842856 86.756998718055115 20.671958101968034 121.74579816547102 22.528920073423865 0.19901951054834402 64.06586347443897 1.6070407334605654 1142.6428715872551
decision_type=2 8 8 2 2 2 2 2 2 2 8 10 8 8 2 2 2 8 2 2 2 2 2 8 2 2 2 2 2 2 8 2 8 2 2 2 2 10 2 2 2 2 8 2 2 8 2 2 2 8 2 2 2 2 8 2 8 2 8 8 8 2
left_child=-1 5 3 60 11 6 38 17 15 10 14 -4 13 36 -10 -5 21 24 19 -14 -21 -17 23 26 28 -7 -20 -27 -8 34 31 32 -31 -32 -11 -28 -6 -25 -2 -39 42 -42 43 -24 45 46 47 -15 49 -47 52 -52 -51 -54 -55 56 -50 -57 59 -59 -3 -44
right_child=1 2 4 8 12 25 7 -9 9 29 -12 -13 18 44 -16 16 -18 -19 22 20 -22 -23 40 37 -26 27 35 -29 -30 30 33 -33 -34 -35 -36 -37 -38 39 -40 -41 41 -43 61 -45 -46 48 -48 -49 55 50 51 -53 53 54 -56 57 -58 58 -60 -61 -62 -63
leaf_value=0.057836264748365097 0.04677227946361754 0.056222019526362604 -0.0080819607154036677 0.012837164637488152 0.017782950927658497 0.057144780588296654 -0.027532607370658831 0.04002969539538026 0.0098799499310553065 -0.00012350039914823497 -0.0074313580240609484 -0.041202162720690494 -0.0066825874035175026 0.013817736899552794 0.042150191781944353 -0.0092961253508411605 0.0044127055413242591 0.022141329430188365 -0.0068973020240664477 0.033562876154668631 -0.00062639016767635067 -0.042573429402219101 -0.033119120153418571 -0.0106262081819384 0.015136521257904927 0.017574682617012193 0.023071264882213793 0.044571868324938868 5.2684909300651491e-05 -0.0019332945650296933 0.024677551783621309 0.0084499983389883532 -0.027315834487477937 0.0013506065387709205 0.02934357618528884 0.0073402110477919355 0.044703386006030174 0.016272041471675037 0.023996527562183994 -0.0039838400031340883 -0.016393772336945403 0.00040632101720079771 -0.003551944453917405 -0.0020613638197000211 0.017431528267841185 0.009154308435657196 0.034152781835624146 -0.013307233261875807 0.022017581218935475 -0.039153462809469089 -0.017942106612475521 0.010177032599039376 0.0058529548453433167 -0.0053856075717009268 -0.033382222079872306 -0.015192446899421227 -0.015220418406936985 0.0086056742845976256 0.0028970377714319217 -0.020289997273559627 0.031914825588464736 0.0069048954689940219
leaf_weight=256 122 95 57 57 75 140 50 59 66 51 66 121 77 76 94 57 66 102 99 79 50 72 54 229 66 50 129 129 81 88 59 85 89 250 59 322 54 71 62 140 79 1951 16041 64 61 82 55 79 117 58 82 149 55 65 60 103 51 79 793 120 56 171
leaf_count=256 122 95 57 57 75 140 50 59 66 51 66 121 77 76 94 57 66 102 99 79 50 72 54 229 66 50 129 129 81 88 59 85 89 250 59 322 54 71 62 140 79 1951 16041 64 61 82 55 79 117 58 82 149 55 65 60 103 51 79 793 120 56 171
internal_value=2.31558e-05 -0.000747934 -0.00190677 0.0079695 -0.00249659 0.0305214 0.0212917 0.0119684 0.00278582 0.00642994 0.0183627 -0.0307007 -0.00226458 0.00179964 0.0289828 -0.0103037 -0.0170989 0.0063162 -0.00272478 0.0102988 0.0204083 -0.0280541 -0.00286395 0.00287211 -0.00194796 0.0460877 0.00849441 0.0371703 -0.0106049 0.00244877 -0.000147086 -0.00723874 -0.014778 0.00586986 0.0158035 0.0118809 0.0293092 -0.0041591 0.039269 0.00287672 -0.00317339 -0.000255226 -0.00353611 -0.0164331 8.43823e-05 -0.000446782 0.00906134 -3.92897e-06 -0.00155189 -0.00647987 -0.00922701 0.000161035 -0.0183015 -0.0114033 -0.0189823 0.000601432 0.01069 -0.000954747 0.000537374 -0.00883318 0.0474767 -0.00344123
internal_weight=24375 24119 23258 1310 21948 861 542 358 1159 907 226 178 21770 2214 160 252 195 299 19556 206 129 129 19350 990 197 319 550 179 131 681 571 262 177 309 110 451 129 440 184 211 18360 2030 16330 118 2085 2024 210 155 1814 551 469 231 238 180 125 1263 168 1095 992 199 151 16212
internal_count=24375 24119 23258 1310 21948 861 542 358 1159 907 226 178 21770 2214 160 252 195 299 19556 206 129 129 19350 990 197 319 550 179 131 681 571 262 177 309 110 451 129 440 184 211 18360 2030 16330 118 2085 2024 210 155 1814 551 469 231 238 180 125 1263 168 1095 992 199 151 16212
is_linear=0
shrinkage=0.03


Tree=30
num_leaves=63
num_cat=0
split_feature=20 13 13 2 11 21 5 21 2 20 12 3 20 21 2 20 13 13 2 21 13 20 5 21 11 2 20 5 11 21 9 3 15 9 20 2 8 5 2 20 8 21 9 3 21 21 20 20 21 21 3 3 9 10 3 3 9 13 8 21 13 3
split_gain=799.328 790.99 243.092 131.923 130.442 122.76 85.1763 77.976 61.8124 49.3111 43.1055 42.9549 37.2 78.2977 68.9894 53.8739 43.5497 43.09 44.584 41.5716 35.463 34.081 33.7666 30.5856 57.7749 49.9093 30.1775 36.2316 35.1238 32.2204 29.9661 30.7642 37.9039 28.3574 28.2646 27.4517 30.1095 27.1477 27.0996 26.2179 26.2171 35.23 25.2102 25.028 51.7119 23.9017 23.7291 23.9326 23.7262 22.7067 22.3131 25.1041 21.9125 20.893 32.9074 20.8127 19.9319 19.4805 42.4308 33.3669 23.0344 19.3422
threshold=3.9913786367212603 7.9699423268201111 23.931513161394722 3.3409260858979981 -99.187937318090434 0.83585823263001158 34.43040323791201 1.6070407334605654 5.5791178674734718 1.7925050432673102 -108.64927443343349 18.775289639545655 40.27725327383331 0.52703142032427708 4.7462506048021611 24.642820799665454 13.358879132113104 19.298770852297597 5.2784256303558168 0.16606176382265053 33.718879138184022 77.95464607271127 -21.429751208697027 0.38925711433808957 -105.99015054168298 5.3972824204135241 71.558467472276121 26.293846102643656 -119.98709787691699 2.7346526435438103 0.15740400301544713 34.975947216050109 4.1984752827286515e-09 0.30282181788474022 47.338002976767804 5.5489609807731108 0.27962085186491953 35.336230407455659 5.4006677048438023 0.47894238492311508 0.31049497294190137 0.81216651374909465 0.21564250339284821 55.147574396888864 2.3510629782402552 2.0200260628615507 38.273086362953158 38.759897881470103 0.36715599833097856 2.4200362832153357 2.5923281977922801 -0.40450238691376295 0.33956712154680618 4.5000000000000009 13.856753590310001 19.676353691275803 0.38048828571362009 20.985638220013502 0.38829821334645592 3.5036010234805004 21.681870689819153 0.48371110119897004
decision_type=8 2 2 2 2 8 2 8 2 8 2 2 8 8 2 8 2 2 2 8 2 10 2 8 2 2 10 2 2 8 2 2 2 2 10 2 2 2 2 8 2 8 2 2 8 8 8 8 8 8 2 2 2 2 2 2 2 2 2 8 2 2
left_child=2 22 7 -3 6 11 9 8 55 23 -8 -6 13 15 30 20 -16 18 45 -17 -5 26 -2 24 39 -26 28 29 34 40 49 32 -32 -29 -14 36 -11 -20 -25 -4 41 -28 -7 46 -45 -18 53 -48 -22 -15 51 -30 -40 61 -55 -1 -24 58 59 -52 -59 -19
right_child=1 3 4 12 5 42 10 -9 -10 35 -12 -13 21 14 16 19 17 43 37 -21 48 -23 56 38 25 -27 27 33 50 -31 31 -33 -34 -35 -36 -37 -38 -39 52 -41 -42 -43 -44 44 -46 -47 47 -49 -50 -51 57 -53 -54 54 -56 -57 -58 60 -60 -61 -62 -63
leaf_value=0.053434648095685655 0.074287332441461712 -0.036706080680014561 -0.019083710973583426 0.04136393681375871 0.048096989264946009 -0.010673331199137524 0.011560277820875247 0.0094229258306142757 0.015317973603627509 -0.010649710514782262 0.050107222158672672 0.023043278578739119 -0.00016915487911487589 0.036806817303389132 -0.029363769464030423 0.024176693626546435 0.036013592623747308 0.013698454922331231 0.0075544168076970989 -0.006440671276595953 0.00069865060135208324 -0.0010755110831146412 0.039460323355909037 -0.02262167017854097 0.0023457827946907883 0.041078426022421233 -0.029567732885437594 -0.011547854628822789 -0.015164959806771506 -0.022043422525650579 0.0081440873198949226 0.019249164621086463 -0.022930269241333005 -0.038719395004933876 0.019823842341043424 0.024217887220518857 0.01973547868989408 -0.017264089275351058 0.0051948668096553196 0.0041827241255349102 0.0077494823091852289 -0.0026710514926753183 0.014317640765259662 0.029815971080044454 -0.0039187183502751091 0.0087956120520830162 0.022636794292428077 0.00071481324686594534 0.028733905879064246 0.0095342504347746184 -0.011258852360193831 0.0051183320320996135 -0.017862251719260324 -0.013869808433027786 0.01156793418330262 0.038254463716834178 0.062983344495296467 0.009123872067599046 0.006413509257965618 -0.037599330689100659 -0.0039101593452148279 -0.0040740275218035856
leaf_weight=196 56 98 83 72 160 60 53 81 69 62 52 105 172 61 50 55 64 55 135 138 57 6932 125 96 66 54 54 81 62 94 105 96 52 61 100 115 54 55 109 90 142 217 89 65 107 54 61 162 51 51 300 428 55 60 183 167 50 123 107 50 8010 3671
leaf_count=196 56 98 83 72 160 60 53 81 69 62 52 105 172 61 50 55 64 55 135 138 57 6932 125 96 66 54 54 81 62 94 105 96 52 61 100 115 54 55 109 90 142 217 89 65 107 54 61 162 51 51 300 428 55 60 183 167 50 123 107 50 8010 3671
internal_value=3.16779e-05 -0.00158251 0.0190956 -0.0021509 0.012192 0.0260812 0.00570186 0.0365726 0.0416296 0.00228627 0.0309428 0.038294 -0.00199804 0.000155263 -0.000818593 0.0134035 -0.0017908 -0.00148949 0.00933739 0.00236413 0.0251616 -0.00269233 0.0535281 -0.00257956 0.00406149 0.0199709 -0.00381278 -0.0100646 -0.00337789 -0.00628831 0.0117293 0.00596511 -0.00222804 -0.0234093 0.0072269 0.0138957 0.0035429 0.000317339 -0.0100504 -0.00702531 -0.00265782 -0.00811954 0.0042501 -0.00225559 0.00892851 0.0237365 -0.0027165 0.0067857 0.0140797 0.0245823 -0.00369633 0.00252622 -0.0025991 -0.00325196 0.00525591 0.0465752 0.0465009 -0.00405154 -0.0100738 -0.0151182 -0.00371194 -0.00380808
internal_weight=24538 22722 1816 22491 1303 414 889 513 432 784 105 265 22393 5460 5087 373 4722 4672 308 193 180 16933 231 553 293 120 10001 649 9352 507 365 253 157 142 272 231 116 190 260 173 413 271 149 4364 172 118 4192 223 108 112 9080 490 164 3969 243 363 175 8590 457 350 8133 3726
internal_count=24538 22722 1816 22491 1303 414 889 513 432 784 105 265 22393 5460 5087 373 4722 4672 308 193 180 16933 231 553 293 120 10001 649 9352 507 365 253 157 142 272 231 116 190 260 173 413 271 149 4364 172 118 4192 223 108 112 9080 490 164 3969 243 363 175 8590 457 350 8133 3726
is_linear=0
shrinkage=0.03


Tree=31
num_leaves=63
num_cat=0
split_feature=16 20 19 15 21 3 3 0 20 19 21 15 0 0 8 16 3 3 5 0 0 8 7 5 5 0 21 19 21 3 21 16 5 21 3 21 15 21 7 9 20 21 5 9 5 17 21 3 3 21 9 0 0 15 21 7 20 5 20 3 19 0
split_gain=767.497 781.441 169.463 182.054 83.1387 80.3099 68.5826 66.245 56.1849 139.934 238.521 59.618 40.1784 38.8777 33.3548 30.5299 42.9944 29.6914 29.1672 25.0515 29.6277 24.9743 24.6522 23.9239 23.6228 23.2969 29.5579 31.7412 29.9743 26.7382 25.0455 23.873 22.6684 21.9728 75.8598 74.1951 60.2786 42.31 27.4215 24.9781 21.9101 21.0718 20.6606 23.5199 20.6155 19.8645 19.7721 19.6423 19.1743 19.1728 29.724 18.6885 18.6156 18.5693 22.4382 19.4157 18.4832 18.4649 26.6504 18.0069 17.9462 17.9079
threshold=19.337747128949825 3.1176223902685902 2.5000000000000004 7.2305518765730566e-10 0.59057975471497359 25.603666943072451 5.4076808676790158 56.4905538282188 16.267337256559554 2.5000000000000004 0.74963532101026853 2.1398204800936786e-10 522.9141916792172 409.41734693081605 0.31249598537731199 11.666920171113992 30.982630568567053 34.159363173007456 22.444695673624505 497.41959903091106 340.57813842573205 0.32067872663398816 -0.096555258088096604 11.528421728381902 -7.4467570878506999 218.83063449837252 3.7261505860824102 3.5000000000000004 4.1526952310236114 2.5923281977922801 3.4657760491667005 0.96565788954401577 -25.014323335503292 0.36715599833097856 30.982630568567053 0.16606176382265053 8.9385504805780507e-10 0.13122009026230202 -0.033371718436345336 0.20798260785597836 129.00701694257154 2.9542197210283154 -10.920204208101548 0.17690233404145109 22.839445036848403 4.7980420268203714 0.26033745762689259 15.180246011363451 11.678881228284203 1.8255482672045453 0.16495636747869283 515.75632593972261 384.9163327015886 7.9409338805090669e-23 2.0475508749572704 -0.22540710360941849 11.243684383646352 0.25926690879525088 9.3255176740723122 14.431971690585902 4.5000000000000009 174.86487426284103
decision_type=2 8 2 2 8 2 2 2 8 2 8 2 2 2 2 2 2 2 2 2 2 2 2 2 2 2 8 2 8 2 10 2 2 8 2 8 2 8 2 2 8 8 2 2 2 2 8 2 2 8 2 2 2 2 10 2 8 2 8 2 2 2
left_child=1 2 3 4 6 -5 -1 -3 9 10 -9 22 14 -7 18 25 -17 19 -8 20 -11 42 -12 57 -14 26 27 32 -28 30 31 53 61 34 35 36 -31 39 -39 -36 -30 -4 43 -22 -29 -35 52 -13 -44 50 -19 59 -37 55 -55 -27 -23 58 -21 -48 -57 -10
right_child=-2 7 41 5 -6 13 12 8 15 17 11 47 24 -15 -16 16 -18 49 -20 23 21 56 -24 -25 -26 29 28 44 40 33 -32 -33 -34 45 37 46 -38 38 -40 -41 -42 -43 48 -45 -46 -47 51 -49 -50 -51 -52 -53 -54 54 -56 60 -58 -59 -60 -61 -62 -63
leaf_value=0.048474915496968911 0.05349851814823018 -0.026404563093647082 0.0051043226029543519 0.047423770417754321 -0.0018918505256187742 0.039589520923375171 0.0072038644523518781 0.063362723397365067 0.0090757032511332505 0.0025805768865713886 0.0036797413416206838 0.0048422777915702146 0.015307548924842299 0.01535893052570381 0.03380467656141263 -0.0033235651921008674 0.031241765506565572 -0.00078597630991134786 0.030840585536378268 -0.0088532076272353211 -0.041402073072009334 0.0066432103946466332 -0.025489475648436281 0.013664091258771776 -0.012797146509386181 -0.013155082468438195 -0.022226037917686486 -0.0048132312988636052 0.0070461064405519091 0.0078601157056292139 0.018594860234638539 -0.013468798950230808 0.014016124397973756 -0.0026871401080987792 -0.0090468599098293394 -0.021205967533353128 0.042049934456745777 -0.011822503775704738 0.01274110022215889 -0.036900459505737782 -0.0047867062054574487 -0.013067357077573736 0.0053379020586402882 -0.013848005961626768 0.0092207192531454235 -0.01786443877678651 0.027073767225568493 0.029363127035433298 -0.016419566730772588 0.0012356445664533555 0.023063216793093956 -0.0053059493480524158 0.0012154145483617429 0.013365656508785951 -0.0036144835450271566 0.0058602361043449489 -0.013672441885642268 -0.011522005659618736 0.01148971089555449 0.002632590939590175 -0.013270162170132001 -0.014594435928498996
leaf_weight=70 242 95 283 321 196 97 155 88 65 217 50 50 50 158 127 70 59 79 67 97 50 98 53 126 56 95 66 322 202 97 81 88 363 17087 56 56 89 85 77 61 459 71 53 65 132 77 53 72 113 291 115 67 80 230 100 241 67 112 141 55 53 50
leaf_count=70 242 95 283 321 196 97 155 88 65 217 50 50 50 158 127 70 59 79 67 97 50 98 53 126 56 95 66 322 202 97 81 88 363 17087 56 56 89 85 77 61 459 71 53 65 132 77 53 72 113 291 115 67 80 230 100 241 67 112 141 55 53 50
internal_value=1.74707e-06 -8.32881e-05 0.0198361 0.024854 0.0147759 0.0374217 0.0209904 -0.00153619 -0.00143027 0.00345355 0.0217866 0.00531725 0.0166649 0.0246947 0.0215656 -0.00188928 0.0126041 -9.10767e-05 0.0144438 -0.00273795 -0.00650383 -0.0109197 -0.0114304 0.00251002 0.00047895 -0.00198115 0.00142624 0.00496059 -0.00310532 -0.00228145 0.0027977 0.00119107 0.0103477 -0.002533 0.00240241 0.00942389 0.0243571 -0.0100944 -0.000140672 -0.0237585 -0.00116545 0.00143318 -0.0163442 -0.0260817 -0.000721578 -0.00275626 0.000443309 0.0194347 -0.00948254 0.00611783 0.0133972 0.00709434 -0.00810432 0.00300153 0.00822478 -0.00143923 -0.00163884 -0.00153294 0.00319634 0.0147652 0.00237827 -0.00125276
internal_weight=24541 24299 1651 1297 721 576 525 22648 22553 1937 313 225 455 255 349 20616 129 1624 222 1139 663 446 103 476 106 20487 1659 932 727 18828 888 807 478 17940 776 497 186 279 162 117 661 354 281 115 454 17164 311 122 166 485 194 175 136 719 330 389 165 350 238 108 294 115
internal_count=24541 24299 1651 1297 721 576 525 22648 22553 1937 313 225 455 255 349 20616 129 1624 222 1139 663 446 103 476 106 20487 1659 932 727 18828 888 807 478 17940 776 497 186 279 162 117 661 354 281 115 454 17164 311 122 166 485 194 175 136 719 330 389 165 350 238 108 294 115
is_linear=0
shrinkage=0.03


Tree=32
num_leaves=63
num_cat=0
split_feature=20 10 13 21 11 0 1 6 20 21 1 20 3 11 3 20 13 3 1 3 5 5 1 1 3 5 3 21 7 3 7 11 2 21 5 6 6 2 21 6 20 20 5 11 21 21 10 9 20 5 9 6 20 21 3 2 21 13 1 0 9 11
split_gain=798.477 764.813 239.977 143.304 105.298 93.5827 81.1279 63.9426 57.9183 116.894 65.3928 50.2595 48.9485 45.7085 42.7618 40.7597 40.2765 38.5741 37.316 39.3419 36.4865 32.8411 29.1674 30.7986 44.076 35.4882 39.5113 31.7483 36.8537 33.9492 34.4309 54.3218 31.6836 31.5859 44.641 34.4994 38.7137 38.5597 42.4325 31.3477 30.8967 30.4502 32.3508 38.5766 63.6841 48.6266 30.3497 30.6381 39.3452 29.3842 29.1519 46.7302 39.6889 28.7074 35.2486 27.7773 27.3313 26.9573 26.5285 25.926 26.5669 42.9997
threshold=3.9913786367212603 9.0000000000000018 24.003723606436235 0.036504684508943612 -106.14925685262698 79.894059463513273 344.02680351284408 -0.15289600373553533 15.732339696597101 0.93437630627831558 363.5044877449306 1.2878994310186551 26.494868456852654 -101.12421001061048 26.161347710623605 8.7731200861354726 19.798410162809187 17.881221724896204 90.487241329877307 30.62864566117015 1.8870379913629007 -16.356334205069146 29.355371287674455 383.84321409012506 32.80557261426776 42.66620902526936 27.864293804574107 2.4752960302717102 -0.18739887608636072 12.115730867743901 0.058388079660763655 -100.17445972142399 5.3972824204135241 1.0807410616942554 -28.400501526836091 0.3256182990342163 0.25623993198045009 5.5401916951847232 0.93437630627831558 -0.36265298362233306 72.96419909098681 116.52470094566353 -9.0038341949037974 -107.82045312712849 0.16606176382265053 0.54743924134797661 2.5000000000000004 0.2216160498121891 116.52470094566353 -6.7780689320346985 0.074798172773420171 0.24447280147492825 177.97656871473905 3.8352823710386104 18.198428345230202 5.0186685517392915 2.9542197210283154 22.90105156309475 991.84394670890504 186.54233507567753 0.17862414846985966 -93.741008537739987
decision_type=8 2 2 8 2 2 2 2 8 8 2 8 2 2 2 8 2 2 2 2 2 2 2 2 2 2 2 10 2 2 2 2 2 10 2 2 2 2 10 2 8 10 2 2 8 8 2 2 8 2 2 2 8 8 2 2 8 2 2 2 2 2
left_child=2 5 6 4 7 12 16 -4 9 10 13 -9 -2 -7 -8 -12 -1 -6 19 -11 -21 -19 50 24 25 27 -27 -24 39 32 31 -31 55 34 -26 36 37 38 40 -29 -36 42 43 45 -45 -25 57 48 -48 -44 51 52 -10 54 -32 -30 -5 -35 -46 -20 61 -61
right_child=1 -3 3 56 17 8 14 11 22 18 15 -13 -14 -15 -16 -17 -18 21 59 20 -22 -23 23 41 33 26 -28 28 29 30 53 -33 -34 46 35 -37 -38 -39 -40 -41 -42 -43 49 44 58 -47 47 -49 -50 -51 -52 -53 -54 -55 -56 -57 -58 -59 -60 60 -62 -63
leaf_value=0.033459060494185844 -0.033821723936556324 0.05239655958488583 0.030127223634102848 0.0053732696944448878 0.044091572969080881 0.01664132871844673 0.052886765686769595 -0.014059191732667385 0.0088437214164224891 -0.018394420471496479 0.053856377288762289 0.021684141362605332 0.000612085239133901 -0.016321177381483164 0.03130730259940416 0.021335134848870417 0.0042770572309108338 0.0037391821634164954 0.020893509375647854 -0.0096646667827434574 0.021056928395951999 0.032548160471184098 -0.0042754687325916255 -0.032255294657245803 0.0053344011384173903 0.0083146810296561499 -0.015156037139240651 -0.022763703206457712 -0.0018037696205799212 -0.038631325429166426 -0.036068486815451509 -0.0066423105923949103 0.00632474571961211 0.021584032808951492 0.0064554633326376976 0.0042934130820256808 -0.027811043055728076 0.0054130339589535019 -0.035747325638723036 0.00093787386186420911 -0.010742829617900917 0.0031867860670994268 -0.016863206157577224 0.033018286127841016 0.0011581641461931068 -0.0027498903886951278 -0.0019148607808253111 -0.0088086875408961117 0.023976288847625253 -0.0030210240805619648 0.0029825280069721532 -0.028633117640657083 -0.016721429005265236 0.0037941658018291538 -0.010079427086016777 -0.023288697218781129 -0.013782451730221509 0.0026984426816165376 0.016716427041815137 -0.00066293192952695591 0.0051551417992382375 -0.028967556143240807
leaf_weight=86 123 236 79 633 174 139 218 110 146 180 58 51 53 51 143 90 84 52 64 86 57 114 5733 55 350 334 79 57 109 133 62 75 127 70 110 211 89 177 53 374 623 1357 143 62 1423 494 264 444 65 3363 1663 69 86 82 190 107 74 1641 105 317 616 56
leaf_count=86 123 236 79 633 174 139 218 110 146 180 58 51 53 51 143 90 84 52 64 86 57 114 5733 55 350 334 79 57 109 133 62 75 127 70 110 211 89 177 53 374 623 1357 143 62 1423 494 264 444 65 3363 1663 69 86 82 190 107 74 1641 105 317 616 56
internal_value=2.32065e-05 -0.00121294 0.019446 0.0124281 0.0234672 -0.00177969 0.0364003 0.00820408 -0.00160668 0.00368981 0.0194693 -0.00267281 -0.0235076 0.00775437 0.0444488 0.0343559 0.0191491 0.0341855 -0.000197587 -0.00910159 0.00264219 0.0236001 -0.00204914 -0.00241701 -0.00336808 -0.00474061 0.00379936 -0.00524144 -0.00944313 -0.0129436 -0.0176132 -0.0271838 -0.00553496 -0.000867687 -0.0041352 -0.00676155 -0.00898082 -0.00721349 -0.0100601 -0.00224211 -0.00815663 -0.000846715 -0.00181672 0.00109057 0.00345777 -0.00575908 0.00125491 -0.00367554 0.00325757 -0.00359026 0.00142691 -0.00714919 -0.000664108 -0.0115898 -0.0165909 -0.012505 0.00335165 0.00348324 0.00223752 0.00253969 0.00133208 -0.00497851
internal_weight=24469 22651 1818 1287 580 22415 531 240 22239 1714 338 161 176 190 361 148 170 340 1376 323 143 166 20525 18561 11559 7462 413 7049 1316 885 542 208 343 4097 1613 1263 1052 963 786 431 733 7002 5645 2139 1590 549 2484 773 329 3506 1964 301 232 334 252 216 707 1711 1528 1053 989 373
internal_count=24469 22651 1818 1287 580 22415 531 240 22239 1714 338 161 176 190 361 148 170 340 1376 323 143 166 20525 18561 11559 7462 413 7049 1316 885 542 208 343 4097 1613 1263 1052 963 786 431 733 7002 5645 2139 1590 549 2484 773 329 3506 1964 301 232 334 252 216 707 1711 1528 1053 989 373
is_linear=0
shrinkage=0.03


Tree=33
num_leaves=63
num_cat=0
split_feature=13 20 13 19 1 0 3 5 20 19 1 20 5 6 15 2 3 5 1 3 2 1 1 0 13 8 8 5 1 8 5 6 2 20 3 19 2 15 1 20 3 20 17 15 2 17 1 13 19 8 1 1 8 13 2 2 6 2 8 3 1 17
split_gain=767.366 768.83 245.647 129.21 100.021 91.9661 51.9032 48.464 42.6041 102.614 74.6403 52.7863 48.8273 47.3347 38.4106 37.332 28.9023 31.0544 28.7552 27.545 27.2086 25.7033 28.8663 24.9186 24.8349 25.1115 25.821 24.3633 25.4441 42.0913 36.9258 38.4259 33.8815 30.5685 24.2209 23.6327 31.6495 28.2766 26.5058 26.2011 26.3101 24.3965 23.697 28.1273 23.6232 23.5537 23.4419 24.1407 27.6526 23.195 24.8376 22.2694 23.2538 21.8037 20.9456 31.8185 33.2712 23.1779 20.6454 23.3751 20.4754 19.6744
threshold=7.9699423268201111 3.1176223902685902 23.931513161394722 2.5000000000000004 865.47141884479663 56.4905538282188 4.2020726922954212 -17.845882162283246 21.321719164710004 2.5000000000000004 789.30510954328508 10.381398064005351 11.863009461691503 -0.0039581914467943227 1.387982571819164e-09 4.9978485003670405 18.198428345230202 -16.737423312856944 1193.1273273220252 14.255138425842352 5.5401916951847232 328.775639910047 266.91272897809006 316.96888070227459 51.756365461443913 0.30052072723888351 0.23098423916020441 -42.371441533010447 29.355371287674455 0.0091740792566037416 -14.476857554583647 -0.37497791051143708 5.0330671807030081 190.98755546549901 21.143272630841704 3.5000000000000004 5.6621886377299679 2.7300770193441162e-09 97.080724171825011 15.215222394536951 30.808358781307302 14.167381513114753 1.0000000180025095e-35 4.369792728886538e-09 5.2950672591153065 1.0000000180025095e-35 23.269913566721904 26.829915402356239 3.5000000000000004 0.18856125970867935 375.89987449959659 289.61547457758405 0.20739983472699833 22.27319241660614 5.6465965610382876 5.6989991899800918 -0.14534292750549757 5.507783060810076 0.31049497294190137 28.185041672682402 212.42024478345402 2.1316282072803015e-14
decision_type=2 8 2 2 2 2 2 2 8 2 2 8 2 2 2 2 2 2 2 2 2 2 2 2 2 2 2 2 2 2 2 2 2 8 2 2 2 2 2 8 2 8 2 2 2 2 2 2 2 2 2 2 2 2 2 2 2 2 2 2 2 2
left_child=-1 2 3 7 6 -3 -4 -2 9 10 11 -7 15 -13 -12 -11 -6 -18 27 -20 -9 22 44 -17 25 26 53 46 29 -29 32 -32 -31 58 -21 37 38 41 39 40 -37 -25 49 -44 -8 -27 -10 48 -48 -40 60 -26 -53 -14 57 -56 -57 61 59 -34 -51 -33
right_child=1 5 4 -5 16 8 21 20 18 12 14 13 24 -15 -16 23 17 -19 19 34 -22 -23 -24 35 51 45 -28 28 -30 30 31 54 33 -35 -36 36 -38 -39 42 -41 -42 -43 43 -45 -46 -47 47 -49 -50 50 -52 52 -54 -55 55 56 -58 -59 -60 -61 -62 -63
leaf_value=0.052674365171290947 0.072342458057862061 -0.030661330748733954 0.033489537610458663 0.0018440368129430632 0.036510621570298406 0.040369743856793094 -0.0075833759508982645 0.044446695993856276 -0.011787714621465091 0.0088336333973081001 -0.011293840817589726 0.028491819568614407 0.0024772818633355198 -0.0054297604913111121 0.016232128895913495 -0.024163986866672833 -0.00087989599223841318 0.025884937875771095 0.022145776981378301 -0.015237272456288337 0.021278823366767521 0.0097756284603464048 -0.020405560904021919 -0.00061729919986902527 -0.0053782697111727246 0.035430923225036978 -0.014310893047162715 -0.025739855150056355 -0.0029171399433567113 -0.020911073834062197 0.017684342215007001 -0.00026337644993216152 0.0011214708147370923 -0.014313376400027876 0.013182124996727163 -0.038152260875080328 0.0047562228431566973 -0.012483889094112735 -0.0014099037592397788 -0.0032555046455273705 -0.010862865556409815 0.017855711402105432 0.012719271236680227 -0.010701791881200145 0.0090359531147899373 0.010934879742170635 0.028338780717475694 0.0013111675816313865 0.0022866121927897134 -0.021947992113418874 -0.030867433207038837 -0.0044476071851594105 0.01828191657041766 0.025961815645865534 -0.021064963633263552 -0.017009232248015264 0.013145428947623697 0.013587086410013998 -0.0058344412203930485 0.026857402085650208 0.0022359424734960738 0.013601277826043466
leaf_weight=247 51 98 60 75 140 115 125 277 105 179 107 81 109 67 78 62 54 139 84 52 58 432 57 166 248 57 50 51 16643 103 164 626 69 106 54 78 155 94 129 61 55 104 100 84 197 94 67 1028 80 59 78 69 96 52 80 50 92 187 88 58 66 107
leaf_count=247 51 98 60 75 140 115 125 277 105 179 107 81 109 67 78 62 54 139 84 52 58 432 57 166 248 57 50 51 16643 103 164 626 69 106 54 78 155 94 129 61 55 104 100 84 197 94 67 1028 80 59 78 69 96 52 80 50 92 187 88 58 66 107
internal_value=6.13102e-05 -0.000364851 0.0193055 0.0379082 0.0121571 -0.00180937 0.00679564 0.0448926 -0.00168284 0.00185793 0.0149501 0.0251894 -0.000760171 0.0132021 0.000336577 -0.00397185 0.0261182 0.0184304 -0.00216221 0.00942321 0.0405108 0.00478194 -0.000920814 -0.00575283 0.00532893 0.0110535 0.00433312 -0.0022744 -0.00255245 0.000855191 0.00165362 0.00415064 -0.00602931 -0.00120406 -0.000771575 -0.00480514 -0.00750128 0.00160491 -0.0101801 -0.0196112 -0.0270325 0.00653786 -0.00660327 0.002027 0.00258085 0.020354 0.00172673 0.0029434 0.014272 -0.011378 -0.0176745 0.000296677 0.00880731 0.0101758 0.00219332 -0.00605923 0.0024829 0.00418911 0.00529548 0.0129929 -0.00926247 0.0017763
internal_weight=24597 24350 1665 461 1204 22685 871 386 22587 2693 448 263 2245 148 185 1470 333 193 19894 190 335 811 379 1291 775 362 211 19704 18424 1781 1730 1306 424 321 106 1229 865 364 710 194 133 270 516 184 322 151 1280 1175 147 332 203 413 165 161 1142 222 142 920 215 127 125 733
internal_count=24597 24350 1665 461 1204 22685 871 386 22587 2693 448 263 2245 148 185 1470 333 193 19894 190 335 811 379 1291 775 362 211 19704 18424 1781 1730 1306 424 321 106 1229 865 364 710 194 133 270 516 184 322 151 1280 1175 147 332 203 413 165 161 1142 222 142 920 215 127 125 733
is_linear=0
shrinkage=0.03


Tree=34
num_leaves=63
num_cat=0
split_feature=21 13 13 11 0 8 1 0 5 13 13 6 5 9 3 1 1 6 13 0 1 13 9 13 10 11 5 1 19 21 8 3 3 21 8 9 11 9 13 7 5 1 21 21 0 21 9 9 9 3 8 8 8 7 21 0 21 3 21 11 3 0
split_gain=699.986 716.464 105.421 131.533 81.9894 74.9025 48.7914 41.2278 47.4361 40.9949 56.274 39.2767 49.1532 34.487 45.2075 49.559 33.408 33.904 31.8953 31.7065 39.5625 28.5981 40.2968 43.7459 28.1277 26.5704 29.6686 26.2556 24.5486 34.0401 37.4242 32.3526 67.1849 49.7846 77.9087 39.2038 28.5316 26.0321 37.997 24.3174 24.1463 26.8438 32.1869 23.2428 23.9354 27.1186 35.6539 33.6839 37.8556 36.4036 29.434 26.2925 41.6401 35.6189 28.0474 34.1727 30.5351 42.6864 27.1452 40.5375 24.8006 23.225
threshold=0.059577513970665803 7.9699423268201111 24.217832785459411 -105.29322089751098 79.894059463513273 0.3188363856566459 969.28967126211012 471.92646392227158 -24.635201473300221 18.200110394255514 17.682718661603577 0.12768705078706691 -28.752397769213697 0.24903877757742035 22.899830219888553 116.07490893167751 703.22588612100105 0.16844978510542055 19.556935693119268 458.56302180646952 261.23437931061454 22.428514762349476 0.10548157985889663 26.647097050140918 4.5000000000000009 -112.43857846303 -9.5349912538442982 399.26724342851355 4.5000000000000009 0.92332216708014514 0.020844218012326724 29.933240329536151 28.799540434568353 2.6419840539898205 0.35781331153451829 0.32162401633666399 -106.92942128424649 0.042433154842991712 26.030497551907967 0.089867030382768234 39.008641655498955 519.30353840763564 2.0200260628615507 1.0327450839717303 564.53472230683917 1.4848395797455252 0.39269942108824579 0.40455992053949791 0.325754061293901 17.881221724896204 0.3024611686790955 0.16533760484565965 0.22711193437070001 0.47068919010811255 1.7373798348813152 512.52217766927708 1.4435097985223653 10.806129727977803 1.9691874617282401 -111.45917736305898 15.952065460059401 367.03702681209307
decision_type=8 2 2 2 2 2 2 2 2 2 2 2 2 2 2 2 2 2 2 2 2 2 2 2 2 2 2 2 2 8 2 2 2 8 2 2 2 2 2 2 2 2 10 8 2 8 2 2 2 2 2 2 2 2 10 2 10 2 8 2 2 2
left_child=2 -2 25 16 5 -3 9 8 -5 10 13 18 -13 40 24 -16 17 39 -8 20 -17 -20 -23 -24 -15 -1 -27 -10 29 30 -11 32 43 36 35 -35 -34 38 -32 -4 41 42 -6 -31 51 47 -47 48 49 -46 -51 53 -53 58 55 56 -54 -58 -45 -60 -59 -42
right_child=1 4 3 7 6 -7 11 -9 27 28 -12 12 -14 14 15 19 -18 -19 21 -21 -22 22 23 -25 -26 26 -28 -29 -30 31 37 -33 33 34 -36 -37 -38 -39 -40 -41 61 -43 -44 44 45 46 -48 -49 -50 50 -52 52 54 -55 -56 -57 57 60 59 -61 -62 -63
leaf_value=0.024308769947099615 0.04924097135508447 -0.0079438270566768027 0.017301076475958355 0.0038828834385347013 0.015718473648113827 -0.048912960203364483 0.025775084062140879 0.055000923377207731 0.014668802649861104 -0.019640641109902334 0.022613098527276391 0.02436394650269957 -0.0076345307525418462 0.01679277173717366 0.0082993559039690901 -0.033000536097420582 0.014698240083860272 -0.023922691133461502 -0.011250366750381775 -0.038740768287744788 -0.0015359128078599588 0.028213741168268781 0.026581262692191594 -0.00013467882740255646 -0.010085364439908196 0.065586667963687104 0.038728351486609858 0.038707714541896913 -0.0037601396933554985 -0.011340398776688966 -0.029419595175601825 -3.4421277965888542e-05 0.0054479822961046647 -0.054250502794407879 0.0050663308805919119 -0.022721126646679989 -0.01864075903856701 0.0040704791892924377 0.00055110236825226065 -0.010781855413909344 0.0066087309314322761 -0.016298820724976914 -0.011036946367727772 0.0078310649012537353 0.0017788525225757301 -0.0057068645325905453 0.0064956178349080199 -0.034993684225612214 0.014309889370685114 -0.011269392850143568 -0.042131207654109368 -0.0089393596441850465 -0.0036519340086085196 -0.022136017489247022 0.0020311551410952555 0.0042961125535899572 0.0031860662450999369 -0.040580307139118886 -0.019957496603127831 0.0012458834933792387 -0.015640838617458939 0.025958475627466521
leaf_weight=81 253 123 60 66 116 59 97 54 56 67 130 50 282 112 84 53 140 56 66 53 108 85 68 275 50 50 180 170 4632 252 51 5614 114 64 55 84 71 1861 142 50 147 62 61 548 72 1216 261 53 50 62 51 766 1383 55 1416 408 79 52 85 1438 119 90
leaf_count=81 253 123 60 66 116 59 97 54 56 67 130 50 282 112 84 53 140 56 66 53 108 85 68 275 50 50 180 170 4632 252 51 5614 114 64 55 84 71 1861 142 50 147 62 61 548 72 1216 261 53 50 62 51 766 1383 55 1416 408 79 52 85 1438 119 90
internal_value=-9.42591e-06 -0.000871639 0.0252103 0.0183073 -0.00141806 -0.0214197 -0.00125962 0.030952 0.0263321 -0.00154086 0.00419663 0.00549512 -0.00275679 0.00161738 -0.00423594 -0.0111572 0.00395554 -0.00513834 0.0101275 -0.0187974 -0.0120336 0.00700918 0.00984456 0.00522365 0.00848607 0.0395772 0.0448258 0.032842 -0.00183062 -0.00128839 0.00225856 -0.00181211 -0.00295202 -0.0151401 -0.0253621 -0.036628 -0.0038474 0.0029821 -0.00747944 0.00455397 0.00727098 0.000533104 0.00648748 -0.00238502 -0.00210553 -0.0051949 -0.00354763 -0.0136014 -0.00864887 -0.0148975 -0.0254456 -0.00124601 -0.0026156 0.00147443 -0.0012122 -0.00346226 -0.00540211 -0.015031 0.00211184 5.01848e-05 -0.0234166 0.0140349
internal_weight=24508 23545 963 652 23292 182 23110 346 292 22187 1066 923 332 936 460 298 306 166 591 214 161 494 428 343 162 311 230 226 21121 16489 2121 14368 8754 388 203 148 185 2054 193 110 476 239 177 8366 8114 1765 1477 288 235 185 113 6349 4223 2126 3457 2041 1633 250 2071 1523 171 237
internal_count=24508 23545 963 652 23292 182 23110 346 292 22187 1066 923 332 936 460 298 306 166 591 214 161 494 428 343 162 311 230 226 21121 16489 2121 14368 8754 388 203 148 185 2054 193 110 476 239 177 8366 8114 1765 1477 288 235 185 113 6349 4223 2126 3457 2041 1633 250 2071 1523 171 237
is_linear=0
shrinkage=0.03


Tree=35
num_leaves=63
num_cat=0
split_feature=13 1 13 19 15 2 13 3 2 4 2 1 2 7 4 2 16 19 7 4 4 3 2 2 7 4 17 16 1 17 4 1 4 4 3 13 3 7 7 15 13 2 1 1 1 13 4 3 7 7 7 16 0 1 2 16 1 1 4 7 3 1
split_gain=635.796 172.483 67.5317 178.248 102.294 60.2972 45.7702 55.2625 44.2514 69.9775 50.4666 42.2256 37.9461 34.584 33.7183 33.4759 32.9019 28.8238 27.2182 25.5002 26.6058 25.0863 32.0723 37.6797 24.5259 23.9763 23.7162 33.5699 38.6056 27.0288 28.9827 30.0606 38.3696 29.9914 23.1998 22.3605 22.045 23.4262 21.698 21.5402 43.867 38.202 49.4906 33.5324 38.9375 51.0216 45.9358 29.1983 33.6865 28.5585 27.604 23.5033 22.4775 26.6454 21.9905 25.6328 23.0721 21.2661 21.0593 26.1249 20.605 25.606
threshold=7.9699423268201111 865.47141884479663 20.671958101968034 2.5000000000000004 1.406017570291076e-08 3.6875539612022563 27.480533193555775 31.862691400158702 5.0848450111119892 21.557488313356803 5.5162867529058213 1221.8018272717502 4.9679594444043955 0.46690385474623436 68.927389941362222 5.0656564203654169 9.3518559060210453 4.5000000000000009 0.019238124966313167 -2.5890109009396296 12.787837026637952 42.551787029432653 5.4705544567827369 5.1374973997595728 -0.17629458532958162 22.169272119094902 2.1323070984873014 7.364259080176085 355.75271741983607 1.0562468779661864 48.615958403139508 280.34642557336105 -1.7816072927023348 52.000856096089308 26.857664759104953 22.428514762349476 35.818883005848257 -0.15253821546732202 0.14951976690331573 5.7528882342391325e-09 24.450873511318644 5.4246176217601194 198.19357092268402 391.12903366330653 230.71603250333703 23.099065292595345 42.805571194263308 20.282049776319401 -0.26003417316090272 -0.19115992804910051 -0.057761029570225546 6.7382104107044976 334.80009867568907 61.726504342676712 5.4421362202123857 1.0305959579886638e-06 122.23194570423001 9.5422600458443316 50.812789843522857 -0.036883317762114835 23.589968386719551 86.711579592112955
decision_type=2 2 2 2 2 2 2 2 2 2 2 2 2 2 2 2 2 2 2 2 2 2 2 2 2 2 2 2 2 2 2 2 2 2 2 2 2 2 2 2 2 2 2 2 2 2 2 2 2 2 2 2 2 2 2 2 2 2 2 2 2 2
left_child=-1 2 3 4 21 -3 7 8 -7 -10 -11 12 -8 16 18 -14 -5 39 -6 -17 -21 22 23 -2 -13 -22 27 28 29 30 31 57 -33 -32 -28 -29 -9 -38 -18 -4 43 42 -42 44 46 49 54 -43 -49 -46 -50 -45 -48 -54 55 -41 -56 -19 59 -27 -35 -62
right_child=1 5 17 13 14 6 11 36 9 10 -12 24 15 -15 -16 19 38 26 -20 20 25 -23 -24 -25 -26 58 34 35 -30 -31 33 32 -34 60 -36 -37 37 -39 -40 40 41 47 -44 51 45 -47 52 48 50 -51 -52 -53 53 -55 56 -57 -58 -59 -60 -61 61 -63
leaf_value=0.0482988140456918 0.028397483656524 -0.021470120407762281 -0.00087695076715071485 -0.0026602630945759321 0.0073112697680589069 0.0093944518630092524 0.017423963675871856 -0.012097214258262025 0.0490928881415265 0.029326893540782679 0.00019000676333565602 0.0040353141640148615 -0.022676142615576586 -0.02279188358153288 0.022390812204352444 0.019151895861394458 0.0024463250768802514 0.0056303899569432429 -0.016856049481870194 -0.011628010931840207 0.018271976986667139 0.011049941926030442 0.014816679620385371 0.055444435974583026 0.030605243989047317 -0.015870826500213958 -0.0016341243704107212 -0.0074583142125673255 0.00052354462838919173 0.0099386144296119087 0.01343802341242608 0.0037061064189574753 -0.023383718968976168 -0.010620899496557699 0.02239998623728752 -0.032911417242139578 -0.0080289418787202402 0.01699939101850614 0.019040490307358153 0.0022869993317830707 -0.038508779108176343 0.011573989373510297 -0.0068518385407514868 0.010936608956335296 0.012069836019907356 -0.037457001270218331 -0.028196625217365531 -0.029775818095954712 0.01475564324625713 -0.015820982236804081 -0.011840383175397869 -0.011235154334169167 0.012367832735180854 -0.014681215432836958 -0.0083892692859736419 0.030159166521177842 0.01497746639031932 -0.0076171438505777114 0.0097588043351127442 0.0034141967739697368 0.010931087128372621 -0.0050681988478541136
leaf_weight=241 135 58 14571 1230 85 206 133 66 93 138 87 50 53 64 55 68 204 116 81 138 79 63 73 74 84 109 93 66 1236 94 106 60 213 241 58 59 50 99 108 55 91 68 87 252 52 65 51 60 50 87 112 51 50 91 100 64 60 1664 136 148 137 258
leaf_count=241 135 58 14571 1230 85 206 133 66 93 138 87 50 53 64 55 68 204 116 81 138 79 63 73 74 84 109 93 66 1236 94 106 60 213 241 58 59 50 99 108 55 91 68 87 252 52 65 51 60 50 87 112 51 50 91 100 64 60 1664 136 148 137 258
internal_value=-1.88244e-05 -0.000568317 -0.00127967 0.00374834 0.018209 0.0083798 0.0093883 0.0150439 0.0202906 0.0272975 0.0181113 0.00518956 0.00274812 -0.00135616 0.00225432 5.78065e-05 -0.000452284 -0.00181469 -0.00451154 0.00186572 -8.94513e-05 0.0283931 0.0322149 0.0381923 0.0207944 0.00330156 -0.00396479 -0.00438038 -0.00391338 -0.00581115 -0.0063442 -0.00818005 -0.0174381 -0.00126052 0.00768415 -0.019638 0.00222199 0.00860309 0.00823294 -0.0012237 -0.00471479 -0.0122578 -0.0231607 -0.00109641 -0.00481674 -0.0157303 -6.65462e-05 -0.00550909 -0.0107702 -0.00537532 -0.00359157 0.00718005 -0.0113271 -0.00506981 0.00769545 0.0174035 0.000411859 -0.00675114 0.000253504 -0.00479487 -0.00372752 0.000494511
internal_weight=24626 24385 22590 2172 566 1795 1737 739 524 318 225 998 864 1606 221 731 1542 20418 166 678 610 345 282 209 134 472 4401 4250 4125 2889 2795 2053 273 742 151 125 215 149 312 16017 1446 468 178 978 675 204 471 290 222 139 162 303 192 141 279 119 160 1780 393 257 636 395
internal_count=24626 24385 22590 2172 566 1795 1737 739 524 318 225 998 864 1606 221 731 1542 20418 166 678 610 345 282 209 134 472 4401 4250 4125 2889 2795 2053 273 742 151 125 215 149 312 16017 1446 468 178 978 675 204 471 290 222 139 162 303 192 141 279 119 160 1780 393 257 636 395
is_linear=0
shrinkage=0.03


Tree=36
num_leaves=63
num_cat=0
split_feature=13 21 0 13 7 1 1 11 5 13 1 21 12 5 11 12 16 16 12 10 12 11 0 1 0 7 10 1 13 9 7 16 5 13 17 12 21 12 0 1 1 7 21 12 5 8 5 8 21 7 13 21 21 5 8 8 1 8 1 12 17 21
split_gain=659.097 587.068 119.011 104.046 81.7522 89.2761 64.5305 52.3406 38.2455 38.1011 48.7991 41.848 36.8882 46.4632 34.0111 32.7038 42.732 31.9074 75.8502 29.6598 28.9162 31.7166 28.601 28.5243 25.6978 22.8949 22.8117 60.036 41.8726 32.3226 31.8817 33.9371 29.5717 26.5667 23.8859 22.5986 23.7097 22.1615 70.9629 21.8984 25.6963 35.6488 24.1326 21.8708 21.4496 53.9482 32.5833 24.3443 36.3322 33.5421 32.0149 23.1121 43.0185 21.0022 23.8731 23.3125 21.5587 25.0568 20.9491 19.7798 19.7278 22.9916
threshold=7.9699423268201111 0.059577513970665803 56.4905538282188 28.472805572726916 -0.37426742897757842 633.83973484436717 969.28967126211012 -108.34890901278798 34.024426815992804 21.630429976062938 9.5422600458443316 3.2459548656395905 -96.54003762818148 21.736292970214304 -105.29322089751098 -104.85618562025097 5.8210625515943919 7.7594537239591155 -103.46910750931798 4.5000000000000009 -126.10251266064104 -128.37817988323948 539.87242898163265 514.14732039399507 414.9080529682571 0.1016953089007382 4.5000000000000009 112.22693434013551 28.806463029369876 0.26499323806789726 -0.15253821546732202 1.0000000180025095e-35 -20.359994971414277 24.270184244042216 2.0694960038354506 -111.77326726819263 4.0731826224466259 -77.014400283873485 168.79010451550502 332.61648625533059 720.03270314690815 0.10640162613544503 0.87045578646147159 -97.576520867380026 20.951507415413101 0.22313546831546185 14.754835386321099 0.292682810550498 0.73844146778914566 0.16901005135764183 41.066304762341865 1.7249803145324101 1.3208041207073504 -30.802651956301855 0.32861322317081371 0.292682810550498 76.546677202459776 0.36150776591235539 120.16597798189302 -88.598476477287036 2.3078528897013091 1.2628053865686504
decision_type=2 8 2 2 2 2 2 2 2 2 2 8 2 2 2 2 2 2 2 2 2 2 2 2 2 2 2 2 2 2 2 2 2 2 2 2 10 2 2 2 2 2 8 2 2 2 2 2 8 2 2 8 8 2 2 2 2 2 2 2 2 8
left_child=-1 3 -3 7 -5 14 9 8 22 10 -4 37 13 25 -6 16 35 20 -19 44 21 -11 -2 -9 -25 -7 34 30 29 -29 -28 -32 -31 -34 -22 36 -13 38 -12 53 42 -42 -41 -17 46 -46 47 51 -49 50 -50 52 -8 -40 55 -55 -56 -58 -59 -45 -36 -62
right_child=1 2 6 4 5 12 19 23 -10 17 11 15 -14 -15 -16 43 -18 18 -20 -21 26 -23 -24 24 -26 -27 27 28 -30 32 31 -33 33 -35 60 -37 -38 -39 39 40 41 -43 -44 59 45 -47 -48 48 49 -51 -52 -53 -54 54 56 -57 57 58 -60 -61 61 -63
leaf_value=0.04840234138303099 -0.0046426992067846199 -0.035389892907537905 0.022199991921595157 0.043873509456536598 -0.017786144724745739 0.015426935723517089 -0.0046819620814343545 0.057440518968865942 0.039886031123036042 -0.0023744040727615356 0.034863968203016023 -0.025389063261253269 0.039569056386028284 0.036723272579991695 0.0060207659140755626 0.013648449082196836 0.0057739789319569117 -0.03426380835495451 0.011558800952614478 0.019974396228790284 -0.0022773390694505345 0.027366396414957219 0.025930582141646973 0.026913412947739874 0.053025933482191139 -0.0091502301346871161 -0.0038295048046857122 0.0015878290578706965 0.017170437204326133 -0.027768839925653144 -0.015884918166856679 -0.047094024181365962 -0.017549393582802549 0.011081693206193313 0.022674378622323275 -0.031889441869360331 0.0020616836247867656 -0.013838171182959403 -0.019307892449074781 0.01918787506389983 -0.01514364893862096 0.009774812510149786 0.0054218559671955343 -0.019248827605655317 0.028938798672182763 -0.0039011276372033971 -0.017666435666959471 0.031334576218648519 -0.022461305638283208 0.022191743085626513 0.010087025934564215 -0.017698204623077123 0.020908696754386922 -0.0011103108528173439 0.018459864451873059 -0.018550430906622051 0.020857355672722823 -0.017974977444269156 0.0030286006827781532 0.004737721768392743 0.016767723088919679 -0.0046002704101984438
leaf_weight=247 58 93 97 69 101 75 211 79 58 67 60 56 69 56 114 82 72 84 52 120 18265 61 51 118 50 61 59 232 82 88 69 59 64 52 55 93 56 72 51 146 111 95 527 56 93 86 70 60 52 59 55 61 81 664 97 76 51 56 170 67 67 135
leaf_count=247 58 93 97 69 101 75 211 79 58 67 60 56 69 56 114 82 72 84 52 120 18265 61 51 118 50 61 59 232 82 88 69 59 64 52 55 93 56 72 51 146 111 95 527 56 93 86 70 60 52 59 55 61 81 664 97 76 51 56 170 67 67 135
internal_value=2.78225e-05 -0.000754024 -0.00170175 0.022237 0.0135852 0.00911194 -0.00156515 0.0335663 0.0204033 -0.0018919 0.00141002 0.000643256 0.020871 0.0139811 -0.00519351 -0.00734568 -0.0140495 -0.00235867 -0.0167869 0.00609633 -0.00225642 0.0119012 0.00976792 0.0423478 0.0349528 0.00441703 -0.00235129 -0.00764455 -0.00236936 -0.00607516 -0.0221668 -0.0305239 -0.0147552 -0.00472975 -0.00214941 -0.0210062 -0.0117669 0.00241543 0.00297794 0.00202536 0.00559733 -0.00366042 0.00843228 0.00173691 0.00406335 0.0132269 0.00151949 0.00386549 0.0115301 0.00422712 -0.00579237 -0.00106032 0.00246395 -0.000672199 0.000197512 -0.00292408 0.00636524 0.00207878 -0.00223208 -0.00625015 0.00691602 0.00253482
internal_weight=24493 24246 23287 959 545 476 23194 414 167 22246 2755 2658 261 192 215 482 277 19491 136 948 19355 128 109 247 168 136 19227 705 518 436 187 128 204 116 18522 205 112 2176 2104 2044 879 206 673 205 828 179 649 579 226 166 107 353 292 1165 1114 740 374 277 226 123 257 202
internal_count=24493 24246 23287 959 545 476 23194 414 167 22246 2755 2658 261 192 215 482 277 19491 136 948 19355 128 109 247 168 136 19227 705 518 436 187 128 204 116 18522 205 112 2176 2104 2044 879 206 673 205 828 179 649 579 226 166 107 353 292 1165 1114 740 374 277 226 123 257 202
is_linear=0
shrinkage=0.03


Tree=37
num_leaves=63
num_cat=0
split_feature=20 16 19 10 3 0 20 19 0 4 11 20 10 0 1 3 20 6 1 17 0 4 11 0 20 3 0 20 1 1 1 20 4 6 9 9 16 20 17 1 1 3 3 20 20 9 9 11 11 11 4 0 0 20 1 9 20 1 8 1 11 1
split_gain=569.145 529.838 172.544 102.825 81.4212 67.08 55.8237 125.456 81.8613 54.7239 47.4658 47.0986 44.7368 35.9082 34.5355 31.824 51.2075 41.5971 30.2741 36.648 27.9685 36.4971 55.3312 38.3698 26.8727 26.0481 25.5432 25.3697 33.5855 24.6989 24.642 24.6418 23.8407 22.2171 21.3723 23.7408 20.8198 48.9631 23.0422 20.8061 32.6643 27.8237 20.4701 20.2084 29.9992 18.8124 18.3984 18.1378 46.888 18.058 17.8789 32.952 44.6508 28.3155 44.4018 24.5707 34.0693 25.1876 24.3668 18.0506 17.8206 17.093
threshold=3.1176223902685902 16.829531358139203 2.5000000000000004 1.5000000000000002 4.2020726922954212 79.894059463513273 15.732339696597101 2.5000000000000004 452.36946881208405 36.493659477366457 -91.634043486032738 265.03784362338052 1.5000000000000002 131.80286702323505 789.30510954328508 22.537606023879054 1.4609906702845001 -0.18707467937842856 105.89756247525803 1.0816353263545575 287.46658489160853 65.763208317948468 -109.51349554935898 470.47368961830551 0.8563069851691486 25.795520038507004 404.52198499892103 16.267337256559554 728.96617256738807 865.47141884479663 612.48579760803864 0.57266716634020465 28.537734083547154 -0.15289600373553533 0.18828902304405973 0.06834606806612388 10.137992316028393 84.58543471580056 5.1256974348233859 273.94161655865508 472.42063512281754 22.319762088998505 25.973966351170755 42.259728089083957 100.62232484992153 0.26309680213241299 0.23470117065151189 -128.37817988323948 -126.40291758002948 -107.59023267533598 -14.915794668988598 330.82366948889455 313.12712515771955 62.346673599554506 277.02060045648403 0.19851509948148663 62.840428565367354 147.24697969140354 0.28858781755927604 283.23814424742858 -101.35807498823849 1142.6428715872551
decision_type=8 2 2 2 2 2 8 2 2 2 2 10 2 2 2 2 8 2 2 2 2 2 2 2 8 2 2 10 2 2 2 8 2 2 2 2 2 8 2 2 2 2 2 10 8 2 2 2 2 2 2 2 2 10 2 2 10 2 2 2 2 2
left_child=2 5 3 4 -1 11 7 8 12 18 20 -2 -7 27 -14 29 17 -17 34 33 -5 22 30 60 46 -11 45 -8 -29 32 -22 -19 -6 49 35 -9 38 42 47 -35 41 -41 -38 -3 -45 -27 -4 -15 -49 -20 51 52 53 54 58 -53 57 -57 -50 -55 -24 -52
right_child=1 43 24 10 15 6 13 9 -10 25 -12 -13 14 36 -16 16 -18 31 19 -21 21 -23 23 -25 -26 26 -28 28 -30 -31 -32 -33 -34 39 -36 -37 37 -39 -40 40 -42 -43 -44 44 -46 -47 -48 48 50 -51 61 55 -54 59 -56 56 -58 -59 -60 -61 -62 -63
leaf_value=0.045622460778935191 -0.008915094814134052 0.057648702420294282 -0.0030522501119412482 0.0057591059434700994 0.025890326118644544 -0.0061264488801318585 -0.008916692545511461 -0.0065979097461775996 0.043651894517429166 0.0012073498874835198 0.04794669769157605 -0.040926831936249963 0.038475428348391363 -0.01651696221491733 0.0050017780937357901 0.013646686159927084 0.022241652762631372 -0.0034350467820397834 -0.0078540372389199389 0.023649259602431864 -0.0013618661127984522 0.048482206910848619 0.016450216051811975 0.052528137164828306 -0.007305318679186869 -0.0052941184354131105 0.021133823952363694 0.0065013064368546975 0.03246627094390403 0.030595080834084552 0.022430451312607309 -0.028148057395913476 -0.00061672199453989204 0.0020839037182154934 -0.0053382281253994239 -0.033595924694900928 -0.017398200396631584 0.02380039781872784 -0.019607719881321064 -0.007122749806098316 -6.6641302368903571e-05 -0.033431340173547028 0.0063117379885376758 0.026871906967692767 0.051215435725869611 0.017044503731947196 0.020966016071347088 0.023128649953182839 -0.033914624762165377 0.01111162225647907 -0.002327234489508325 0.016999679881755363 -0.025377730653476968 0.015964024863683451 0.0066557639074554262 -0.017859965066846388 0.017053185592082385 0.0039426807974885427 -0.0061625308270921424 -0.001335502348237616 0.035037164316645684 0.0050899141697659037
leaf_weight=63 131 59 51 52 50 85 66 52 99 330 118 60 58 76 53 82 97 98 65 50 74 74 89 72 231 83 169 229 55 91 82 57 76 150 162 68 60 92 66 68 117 78 70 118 79 56 64 66 57 143 18568 165 70 116 106 77 97 122 57 101 104 283
leaf_count=63 131 59 51 52 50 85 66 52 99 330 118 60 58 76 53 82 97 98 65 50 74 74 89 72 231 83 169 229 55 91 82 57 76 150 162 68 60 92 66 68 117 78 70 118 79 56 64 66 57 143 18568 165 70 116 106 77 97 122 57 101 104 283
internal_value=4.44186e-05 -0.000989127 0.0173783 0.0224592 0.0135727 -0.00147451 -0.00132368 0.00361516 0.0215489 0.000278489 0.0306316 -0.0191319 0.0102197 -0.00177602 0.0226799 0.00983219 0.0039991 -0.00352934 -0.00427239 -0.000800477 0.0268156 0.0290115 0.0254824 0.0338119 -0.00141429 0.00707232 0.013332 0.00773787 0.011626 0.0187508 0.0112076 -0.0126452 0.010023 -0.00280391 -0.0125016 -0.022048 -0.00194084 0.00717614 -0.00204226 -0.00682546 -0.0118955 -0.0213098 -0.00468059 0.041844 0.0368434 0.00376308 0.0103799 -0.0019832 -0.00192682 0.00517563 -0.00201142 0.00196334 -0.00331212 0.000272286 -0.00729551 0.00775981 0.00256931 -0.00454064 -0.0202128 0.00794298 0.026595 -0.00221562
internal_weight=24557 22932 1625 1279 614 22676 22485 1886 295 1591 665 191 196 20599 111 551 334 237 953 671 547 495 421 265 346 638 308 350 284 217 156 155 126 621 282 120 20249 222 20027 413 263 146 130 256 197 139 115 19961 19885 208 19819 968 507 437 220 461 296 199 114 217 193 18851
internal_count=24557 22932 1625 1279 614 22676 22485 1886 295 1591 665 191 196 20599 111 551 334 237 953 671 547 495 421 265 346 638 308 350 284 217 156 155 126 621 282 120 20249 222 20027 413 263 146 130 256 197 139 115 19961 19885 208 19819 968 507 437 220 461 296 199 114 217 193 18851
is_linear=0
shrinkage=0.03


Tree=38
num_leaves=63
num_cat=0
split_feature=13 2 13 15 0 12 0 3 2 11 4 14 5 4 5 3 7 11 3 2 3 2 2 17 15 15 4 13 7 7 5 12 3 2 15 17 17 13 10 0 2 2 3 3 2 7 11 2 13 4 4 2 2 3 13 13 7 12 3 4 12 4
split_gain=588.107 85.2816 69.4647 47.1309 26.3178 36.5845 32.0355 43.7805 29.8812 25.2265 32.2427 24.3135 23.8901 23.9207 48.1791 25.5106 43.6546 28.6332 22.849 28.2812 28.1233 25.6098 24.0925 27.0428 44.3294 45.3097 24.7466 38.8811 24.981 34.7844 23.0194 22.9509 36.4095 21.6399 22.168 21.5764 33.4693 28.9825 38.1323 21.4113 33.2453 26.1881 22.2367 21.1742 19.9265 23.5946 19.7744 30.4309 32.8424 39.0207 27.8023 30.7448 19.148 19.5416 19.1414 18.6774 18.621 55.4374 37.9452 24.1194 27.006 26.5385
threshold=7.9699423268201111 3.3409260858979981 20.022356632199294 5.3282966143613146e-09 352.76072856159902 -91.559779009846267 370.07056704191308 4.9401329289470661 5.3248092199434529 -110.82336672449198 8.4837770080624768 5.8528188273099966 -7.4467570878506999 29.414431132690151 9.9081864808287019 10.626349967558852 0.10640162613544503 -106.31548533265298 12.826515964319201 4.3956891713831556 3.5571626691226306 5.1535363159114018 4.7302852535778577 1.0000000180025095e-35 4.15500040159671e-09 3.2102832045015566e-09 59.732984111647205 23.169301314568127 0.40980048384558038 -0.029765828473795605 -16.737423312856944 -111.64572086810098 28.651903763927056 5.1852205476155175 1.793355208488125e-09 2.4331236125120985 0.20969265970808651 13.358879132113104 4.5000000000000009 367.03702681209307 5.407583479801283 5.4873725956730484 51.954984988807006 36.660617641938607 4.9753644447479317 -0.12914164911925316 -101.24332497570948 4.953129244218351 15.793818478265431 60.052952706593807 62.570729364939005 4.8677255226320773 4.9003036243604665 26.161347710623605 20.263537860696456 21.374895800335675 -0.32763747675510752 -103.28685569119951 39.542780079979103 -11.046923780531248 -101.97623154280208 0.39966579039934108
decision_type=2 2 2 2 2 2 2 2 2 2 2 2 2 2 2 2 2 2 2 2 2 2 2 2 2 2 2 2 2 2 2 2 2 2 2 2 2 2 2 2 2 2 2 2 2 2 2 2 2 2 2 2 2 2 2 2 2 2 2 2 2 2
left_child=11 -2 3 -3 18 33 -7 -8 -9 35 -11 -1 -12 -14 -15 16 17 -16 19 20 -4 22 -20 26 25 30 27 55 29 52 -25 -23 -33 34 -6 36 39 -37 -39 42 -41 -42 -5 -32 -26 -46 47 -17 -49 -50 51 -48 -28 -54 -35 -24 57 -29 59 60 -58 -61
right_child=1 2 4 9 5 6 7 8 -10 10 12 -13 13 14 15 46 -18 -19 21 -21 -22 31 23 24 44 -27 28 56 -30 -31 43 32 -34 54 -36 37 -38 38 -40 40 41 -43 -44 -45 45 -47 50 48 49 -51 -52 -53 53 -55 -56 -57 58 -59 -60 61 -62 -63
leaf_value=0.033078701859005806 -0.029820702311903004 0.015774576215810302 -0.023534212096655256 -0.027422383317294029 -0.0056104073551606678 0.003499851464073926 0.0010816236969064144 -0.04326314488425851 -0.015476514946624454 0.026071249992072359 -0.011620892168476098 0.052881039196214119 0.025273708535565268 -0.02036087218875764 0.044865473184515441 -0.017864601642435637 -0.0010169250131407872 0.014170108672142738 0.0025000366313108692 0.0051676061808816438 0.00088193455899404432 0.025418595448136329 -0.0037613905677034592 0.0094425609714865744 0.00041403962103159805 0.030361989589319342 0.011419269712133841 -0.020919589024059566 -0.017397438473322171 0.012280686184601939 0.001412102636579122 0.019064512066488955 -0.0061416727935808694 -0.016906069174649121 -0.027802223216455715 0.0048819916088272026 0.017481039370788206 -0.00088318809808697553 -0.032961779627161965 0.014611010033499877 -0.022825950796229087 0.00093402154133494556 6.2394797801971431e-05 -0.019538115273333257 -0.0028291373387636506 -0.030491192967054388 -0.0092343748204637612 0.02256103453553459 0.0088927767574358239 -0.018441489023272879 0.022819916128795196 0.019522131791131363 0.0056812067800362052 -0.015434445750787852 -0.0012922730446149749 0.019582343634895302 -0.014343181319060162 0.0079268554134371994 -0.0028745005606075481 0.0047827774440393905 -0.041116978902495105 -0.012722034136738095
leaf_weight=100 89 295 62 51 187 85 71 62 82 66 75 153 53 63 50 75 78 62 1257 1403 130 56 51 287 94 62 54 82 54 229 221 85 128 70 51 80 100 63 70 121 54 173 54 53 50 62 87 62 113 79 93 53 57 124 15280 76 103 215 628 91 51 524
leaf_count=100 89 295 62 51 187 85 71 62 82 66 75 153 53 63 50 75 78 62 1257 1403 130 56 51 287 94 62 54 82 54 229 221 85 128 70 51 80 100 63 70 121 54 173 54 53 50 62 87 62 113 79 93 53 57 124 15280 76 103 215 628 91 51 524
internal_value=-2.9207e-05 -0.00067168 -0.000563461 0.00469103 -0.0010541 -0.00170428 -0.012064 -0.0182049 -0.0276561 0.00284113 0.00595497 0.0452151 0.00452092 0.00592743 0.0046399 0.00675864 0.0162331 0.0281492 0.000588453 0.00368935 -0.00708353 -0.000465778 -0.00101287 -0.00240707 0.00224674 0.00623508 -0.00405675 -0.00570185 0.00172633 0.00398456 0.00351937 0.00850419 0.00395922 -0.00150414 -0.0104622 -0.00126295 0.00186406 -0.00935219 -0.0178866 -0.00161431 0.00197603 -0.00479345 -0.0134201 -0.00269662 -0.00978694 -0.0182764 0.00353239 -0.00120578 0.00376393 -0.00239141 0.0101993 0.00171326 -0.00411752 -0.00879009 -0.00136457 0.0102519 -0.00690325 -8.09568e-05 -0.00835257 -0.0128167 -0.0234179 -0.0101283
internal_weight=24589 24336 24247 2070 22177 15888 300 215 144 1775 1009 253 943 868 815 752 190 112 6289 1595 192 4694 4425 3168 829 623 2339 1821 518 464 561 269 213 15588 238 766 553 213 133 453 348 227 105 274 206 112 562 329 254 192 233 140 235 181 15350 127 1694 297 1397 769 154 615
internal_count=24589 24336 24247 2070 22177 15888 300 215 144 1775 1009 253 943 868 815 752 190 112 6289 1595 192 4694 4425 3168 829 623 2339 1821 518 464 561 269 213 15588 238 766 553 213 133 453 348 227 105 274 206 112 562 329 254 192 233 140 235 181 15350 127 1694 297 1397 769 154 615
is_linear=0
shrinkage=0.03


Tree=39
num_leaves=63
num_cat=0
split_feature=21 13 3 20 19 15 21 1 12 20 15 21 13 5 6 1 5 13 17 17 12 1 5 4 13 17 3 1 1 12 6 12 4 6 3 5 20 20 1 20 1 4 6 15 6 12 17 1 17 19 2 4 17 20 20 21 21 0 21 1 20 1
split_gain=596.433 475.159 145.118 94.0938 156.871 144.94 87.0561 67.2666 62.1475 59.3649 45.7645 45.6506 45.102 43.1962 34.237 33.0621 31.0486 26.1791 26.0195 55.6155 35.4399 37.6102 37.6185 38.3074 33.0303 31.8563 28.8911 30.3181 28.8792 26.2843 25.7408 34.4032 25.6281 25.3275 24.4629 24.1116 23.7156 30.2175 31.3827 22.5909 33.9037 20.8423 19.8822 19.8617 19.9539 24.2325 20.1614 31.9551 36.0572 19.5635 18.2713 26.2656 27.065 25.6968 23.9242 27.3164 54.843 29.5942 31.086 31.834 25.0073 31.4846
threshold=0.059577513970665803 7.9699423268201111 18.198428345230202 15.732339696597101 2.5000000000000004 5.4582094174907882e-10 0.78591458771949518 227.80807375941905 -58.169432999648429 6.1661304709809501 7.9409338805090669e-23 0.72020167762079057 28.472805572726916 9.0027994339833537 -0.22348446334994795 97.080724171825011 -22.181823697473366 23.425637268170231 0.94480175897611562 0.75698954133573537 -96.707272959041191 280.34642557336105 30.932807372952702 67.483766396678462 22.022126369707468 5.1256974348233859 17.525790371952557 509.5572000789146 620.14613720879504 -115.79548854263386 -0.30963848136910926 -112.92096840125414 12.787837026637952 0.21346449131147163 40.072811703047208 -16.356334205069146 1.1262410964097451 6.1494825792491111e-13 433.45230810734159 8.3239899629552365 147.24697969140354 35.105301412396059 -0.015025975016363267 3.4679326804210185e-08 0.16844978510542055 -104.85618562025097 2.9058718075072587 171.75696985459803 2.0397283284251952 4.5000000000000009 5.362615125809973 65.265407499425763 1.0000000180025095e-35 32.845560383311103 40.74343990171181 0.45548851042320104 0.67863621118673711 354.2375727854581 1.1490281787685601 728.96617256738807 36.752434567904459 63.807103994544107
decision_type=8 2 2 8 2 2 8 2 2 8 2 8 2 2 2 2 2 2 2 2 2 2 2 2 2 2 2 2 2 2 2 2 2 2 2 2 8 8 2 8 2 2 2 2 2 2 2 2 2 2 2 2 2 10 8 8 8 2 8 2 8 2
left_child=2 16 36 4 5 11 -7 10 18 17 -4 -3 14 15 -9 33 -2 -8 19 50 21 25 24 -24 28 29 -26 -28 -23 -20 49 -32 -14 -6 -13 -31 37 -1 -39 40 -33 -18 -21 44 46 -46 47 48 -37 -17 54 -52 53 -53 55 -5 -57 58 -58 -60 61 -59
right_child=1 3 7 8 13 6 9 12 -10 -11 -12 34 32 -15 -16 30 41 -19 20 42 -22 22 23 -25 26 -27 27 -29 -30 35 31 39 -34 -35 -36 43 -38 38 -40 -41 -42 -43 -44 -45 45 -47 -48 -49 -50 -51 51 52 -54 -55 -56 56 57 60 59 -61 -62 -63
leaf_value=0.027061745489663735 0.061423043522395589 0.02159442943407654 0.012458681265542389 0.022531974935793248 -0.016970257203603067 0.055378580613339203 0.043456759869024669 0.007869749323805221 -0.027509094402115377 0.002378277023263434 -0.026808592476364638 -0.0062305703186730163 -0.00055360709856673378 0.0055665928107656824 0.036258788604841725 0.0016850456548854708 0.024845488989693316 0.015755220872952658 0.022725355219143102 -0.010081193939937899 0.013145630024716876 0.012670932269516242 -0.036647374438137183 -0.0061017510574311014 -0.024377942722290755 -0.016541270362213253 -0.013515998553842879 0.012247378914803266 -0.012003485509859664 0.020771341268760218 -0.025870892359451812 -0.028819325999625459 0.017853063306771218 0.00099036964666245888 0.016291679956440656 -0.0050725432061853835 0.023546235114801674 0.02802048204685835 0.056581245407175552 0.0045137074649763791 -0.0025749441752269909 0.045997284941895061 -0.033252639197959351 0.019271070940928024 0.00032089847943173088 0.02436468898158135 0.0067191332207887236 0.010463437654211052 -0.034133390408833737 0.02326418127332415 -0.002546542710851132 -0.015109527610277708 -0.026120014236523555 0.0010108454463709342 -0.0017214200044333686 -0.025857021684447923 -0.0093368214796297234 -0.019005635735331053 0.0063629635352830975 0.026637165283855908 0.012570391368471464 -0.00098068415353151205
leaf_weight=83 56 96 52 57 239 93 86 51 84 93 53 239 106 709 160 95 92 50 78 71 216 180 60 95 74 58 90 74 55 70 54 51 189 100 52 105 79 50 142 324 301 85 64 54 108 57 105 55 60 62 9171 167 77 189 7519 62 99 108 670 77 88 437
leaf_count=83 56 96 52 57 239 93 86 51 84 93 53 239 106 709 160 95 92 50 78 71 216 180 60 95 74 58 90 74 55 70 54 51 189 100 52 105 79 50 142 324 301 85 64 54 108 57 105 55 60 62 9171 167 77 189 7519 62 99 108 670 77 88 437
internal_value=2.60936e-05 -0.000794056 0.0232603 -0.00122343 0.0041024 0.0161636 0.0310012 0.0143666 -0.00190936 0.0209035 -0.00742787 0.00377006 0.0188949 -0.000323 0.0294665 -0.00373073 0.0417415 0.0334617 -0.00180287 -0.00211401 0.00187672 0.000102077 -0.00530964 -0.018085 -0.00109389 0.00463452 -0.00895292 -0.00188729 0.00686968 0.00643068 -0.000681052 -0.0030536 0.0112596 -0.0116848 -0.00216397 0.00432709 0.0385269 0.0427295 0.0493273 -0.0011954 -0.00644827 0.0352045 -0.0212299 0.00217687 0.000257605 0.00872367 -0.00405413 -0.00920305 -0.0157821 0.0103 -0.00197504 -0.00288814 -0.0101007 -0.00657238 -0.00101295 0.0023196 0.00155784 0.00272377 0.00639146 0.00848562 -0.00218042 -0.00458087
internal_weight=24376 23411 965 23178 2644 709 322 611 20534 229 105 387 506 1935 211 1226 233 136 20450 18856 1594 1378 628 155 473 750 238 164 235 692 887 730 295 339 291 614 354 275 192 676 352 177 135 544 490 165 325 220 165 157 18721 9604 433 356 9117 1598 1541 1479 846 747 633 545
internal_count=24376 23411 965 23178 2644 709 322 611 20534 229 105 387 506 1935 211 1226 233 136 20450 18856 1594 1378 628 155 473 750 238 164 235 692 887 730 295 339 291 614 354 275 192 676 352 177 135 544 490 165 325 220 165 157 18721 9604 433 356 9117 1598 1541 1479 846 747 633 545
is_linear=0
shrinkage=0.03


Tree=40
num_leaves=63
num_cat=0
split_feature=16 20 19 15 3 2 12 20 1 5 9 8 1 8 20 19 12 3 20 20 9 16 16 1 9 3 11 1 1 2 8 8 2 12 2 11 1 2 12 12 5 9 8 4 3 8 9 2 20 8 1 12 15 20 2 9 1 20 12 20 15 3
split_gain=494.755 471.6 241.174 136.933 61.5559 56.952 47.36 75.7187 51.8267 48.2417 31.0509 27.2153 48.4462 38.7526 25.6669 79.2746 61.9886 67.2119 29.7437 23.7531 23.0891 47.3688 86.0107 51.7489 36.6651 64.0813 28.327 33.5368 29.9 26.5263 24.1616 21.6329 20.5908 23.9885 20.9191 36.3705 20.5387 19.586 19.2901 36.0682 65.3503 31.9204 23.2659 25.3195 18.9444 19.5495 49.2742 30.4961 25.7522 30.5278 32.0111 23.613 21.7521 18.9253 24.0787 18.9159 29.434 26.3803 24.0659 36.1561 33.3537 28.4926
threshold=16.829531358139203 6.6321986571914104 2.5000000000000004 7.2305518765730566e-10 34.159363173007456 3.3409260858979981 -99.42552450313606 1.7925050432673102 720.03270314690815 27.879654813809303 0.35714054947328028 0.32861322317081371 114.11266110536951 0.45475901568984339 15.732339696597101 2.5000000000000004 -101.87408543144133 16.723287575956402 7.6979648307753665 1.2878994310186551 0.23655280860104924 7.364259080176085 8.3998068137122175 540.86962265736213 0.24088567942356146 27.494321330594556 -117.1756960903105 27.826067356312354 162.33614532905554 5.8477278460967694 0.3188363856566459 0.24672117211187586 5.0392062877442294 -126.10251266064104 5.0724311347625148 -103.88742417018948 238.84565182918303 5.4215472418985895 -95.977408951996793 -105.64216972562893 34.43040323791201 0.37235896011154873 0.35228854880124599 -5.9447067758940895 62.382444035073206 0.028279579910279299 0.19442772360334407 5.6850082520765932 44.662384935203256 0.0091740792566037416 266.91272897809006 -105.96466156195133 1.0000000180025095e-35 18.368847582497803 5.4636906714495757 0.41491110860543584 6.3068884566498413 21.804030587500304 -116.62547290624927 28.378817013237004 5.0851804597437758e-09 47.041926700479507
decision_type=2 8 2 2 2 2 2 8 2 2 2 2 2 2 8 2 2 2 8 8 2 2 2 2 2 2 2 2 2 2 2 2 2 2 2 2 2 2 2 2 2 2 2 2 2 2 2 2 10 2 2 2 2 8 2 2 2 8 2 10 2 2
left_child=1 2 3 6 10 -3 7 9 -8 -1 -5 12 -4 -13 15 16 -7 -18 -17 -6 26 24 36 30 25 -22 27 -16 -29 44 -24 -10 38 -34 35 -35 -23 -2 39 40 42 -42 43 -26 45 46 47 48 51 -50 -51 -28 -48 54 -36 58 -57 -58 59 -55 61 -61
right_child=37 5 11 4 19 14 8 -9 31 -11 -12 13 -14 -15 20 18 17 -19 -20 -21 21 22 23 -25 32 -27 29 28 -30 -31 -32 -33 33 34 53 -37 -38 -39 -40 -41 41 -43 -44 -45 -46 -47 52 -49 49 50 -52 -53 -54 55 -56 56 57 -59 -60 60 -62 -63
leaf_value=-0.0062994441497148919 0.045441227306508875 -0.024697830693577772 -0.018293472983899516 0.032496593837786351 0.0075865665631922518 0.035445054990167799 0.0071013775999303145 0.028523228654134852 0.02202964179092445 0.019843394318510347 0.051493647416216239 0.014472343203826593 0.0016953808570781255 -0.01185124320032842 0.028208258718562623 -0.015321892601055785 -0.01721835119482917 0.02498686637463314 0.00066655695937174503 0.029168783506611361 -0.034508144518544594 -0.020199515502823548 -0.0034065269840075009 -0.029428319596457031 -0.013433167381068308 0.0024169675393828321 -0.014133474550076892 -0.0059056478421463023 0.009181262575462229 -0.016398290938006044 0.018776906503533773 0.045315381646458361 0.016971263066451581 -0.03251804335421677 -0.025514017333926685 -0.0038658840199559926 -0.044971380279357751 0.026047900636558947 -0.0018378812737643762 0.0093163971178516561 -0.0079501428822540254 -0.039116186769131346 0.02185513246449686 0.011395020718099894 -0.015716275646398433 -0.00061616526021943574 -0.0015964054733009661 -0.032125809981741693 0.00068020772593824761 -0.0091098813380186359 -0.039420294602002415 0.0089773238631975505 0.024836611557337972 0.0057413720362517349 -0.00016613547823258806 0.020173205445345954 -0.01898602827612194 -0.00056711118736967026 -0.0032179518757760065 0.0023647102928505493 -0.036468542139627969 -0.023172472941689191
leaf_weight=281 198 96 153 319 110 103 120 104 77 81 108 194 374 67 53 116 65 69 997 79 85 60 133 52 67 83 62 193 302 102 65 73 53 58 73 124 66 68 1375 473 72 50 62 80 78 8581 58 54 68 64 62 107 53 76 62 59 71 2502 4865 77 63 79
leaf_count=281 198 96 153 319 110 103 120 104 77 81 108 194 374 67 53 116 65 69 997 79 85 60 133 52 67 83 62 193 302 102 65 73 53 58 73 124 66 68 1375 473 72 50 62 80 78 8581 58 54 68 64 62 107 53 76 62 59 71 2502 4865 77 63 79
internal_value=2.33686e-05 -0.000461657 0.012984 0.0206681 0.0310978 -0.00176017 0.0119085 0.00609348 0.0218853 -0.000411253 0.0374106 -0.000209385 -0.00413149 0.00769551 -0.00165929 0.00234753 0.0180628 0.00453829 -0.00101206 0.0167137 -0.00192042 -0.00287235 -0.0133214 -0.00309522 -0.00249726 -0.016359 -0.000866898 0.00575496 0.00329884 -0.00125813 0.00393367 0.0335871 -0.00227051 -0.00296211 -0.00309447 -0.0131246 -0.0334272 0.0405997 0.000320264 0.00400882 -0.00358094 -0.0209373 0.00660197 6.44682e-05 -0.00108827 -0.000961296 -0.00655855 -0.0112834 -0.00810314 -0.0155317 -0.0242175 0.000465542 0.0111338 -0.00286256 -0.0139596 -0.00266853 -0.000598588 -0.00108255 -0.00372405 -0.0120313 -0.018197 -0.0106328
internal_weight=24574 24308 2140 1352 616 22168 736 466 270 362 427 788 527 261 22072 1350 237 134 1113 189 20722 10885 376 250 10509 168 9837 548 495 9289 198 150 10341 8162 8109 182 126 266 2179 804 331 122 209 147 9187 9109 528 417 363 194 126 169 111 7927 135 7792 2632 2573 5160 295 219 156
internal_count=24574 24308 2140 1352 616 22168 736 466 270 362 427 788 527 261 22072 1350 237 134 1113 189 20722 10885 376 250 10509 168 9837 548 495 9289 198 150 10341 8162 8109 182 126 266 2179 804 331 122 209 147 9187 9109 528 417 363 194 126 169 111 7927 135 7792 2632 2573 5160 295 219 156
is_linear=0
shrinkage=0.03


Tree=41
num_leaves=63
num_cat=0
split_feature=13 1 13 19 0 3 15 3 15 6 8 7 1 7 1 8 17 8 3 0 17 1 0 9 17 6 6 7 6 13 1 15 15 8 7 17 0 5 3 3 5 4 15 7 15 8 17 6 15 0 17 9 1 0 17 3 3 8 0 9 6 9
split_gain=431.467 118.199 50.4466 119.058 40.2614 45.8176 41.456 37.3009 31.3178 39.6775 30.5283 29.7806 28.8112 37.1611 28.5911 35.0777 48.9006 47.7711 44.8122 32.4049 30.1456 39.1126 46.7385 29.6529 29.037 44.6486 35.7391 32.7756 32.7761 27.9054 62.6164 42.5897 41.3764 38.0998 32.1454 32.3842 28.1604 32.3514 27.6834 95.0638 27.6508 42.4846 27.3273 31.6636 29.2621 26.6874 26.35 32.4622 31.5937 28.6604 26.4118 24.7744 24.46 23.1776 23.0765 22.9377 30.98 30.4481 32.1679 23.43 22.8465 30.3882
threshold=7.9699423268201111 969.28967126211012 22.182660026003081 2.5000000000000004 79.894059463513273 14.634628962915402 3.2880386468873803e-09 10.626349967558852 6.2331850894483523e-09 0.077893596755493857 0.034290532708021633 0.28402247403073361 13.672562619914801 0.46690385474623436 147.24697969140354 0.11814439285938284 0.8151260854551613 0.094123491359471526 7.3135637751614206 95.049803506318469 0.14725908171036814 236.06463886565504 583.02781505414407 0.089545020891637975 1.9857290026250445 -0.29961867910230738 0.18127009462718305 0.05158081401042925 -0.10377335406756892 35.726381395656375 666.69690313056765 5.1342777643503295e-09 7.2305518765730566e-10 0.032324103531000466 -0.24422229123187653 1.0000000180025095e-35 367.03702681209307 -23.829399022536052 35.404653097096762 30.118126196179105 -31.731193889792575 6.528153597556436 4.1984752827286515e-09 0.11013758171034561 1.036942778853067e-08 0.16153690976172366 0.14339155589592392 0.065676330163039878 4.1199590614104206e-09 257.52685791239304 1.0000000180025095e-35 0.33377681510594664 789.30510954328508 238.17011037032103 0.60179370398343879 1.6613758445901252 13.018325120017151 0.42621678848354899 340.57813842573205 0.40455992053949791 0.08632417071821942 0.18280559220476603
decision_type=2 2 2 2 2 2 2 2 2 2 2 2 2 2 2 2 2 2 2 2 2 2 2 2 2 2 2 2 2 2 2 2 2 2 2 2 2 2 2 2 2 2 2 2 2 2 2 2 2 2 2 2 2 2 2 2 2 2 2 2 2 2
left_child=11 2 3 7 -3 6 -6 -2 10 -10 -7 45 -5 46 15 16 17 18 -4 -16 29 -22 24 -19 25 -23 -26 28 -27 30 31 -21 52 -33 35 -35 -34 -38 39 -36 -12 -42 55 -44 51 -1 47 53 -49 -50 -51 -45 -31 -14 -48 -17 57 58 -57 -60 -32 -62
right_child=1 4 14 12 5 8 -8 -9 9 -11 40 -13 13 -15 19 42 -18 23 -20 20 21 22 -24 -25 26 27 -28 -29 -30 32 60 33 36 34 38 -37 37 -39 -40 -41 41 -43 43 44 -46 -47 54 48 49 50 -52 -53 -54 -55 -56 56 -58 -59 59 -61 61 -63
leaf_value=0.049332195092391652 0.025889929609082641 -0.015587732798400072 0.010568154794968905 0.013343598165821584 0.012651426316436945 0.025239109731419893 0.035488561473673942 0.009534366272139147 0.033050266868328744 0.0011127042249427176 0.017002131578334596 0.058313281706744623 0.013164546627651999 -0.021824051416055722 -0.018421384713634897 0.010570957739232712 0.016180573661846141 0.0020191666459278114 -0.0071945045219737359 0.0037928255732559931 0.0063297782733195253 0.0045237672755595402 0.0098016280559252711 -0.022869255415537214 -0.012508000541478395 -0.050319796988283684 0.019258573449709833 -0.011767350482675413 -0.021475271768941963 0.00016995955314433388 0.018998849723835982 -0.029964299175060459 0.0031766686277832933 -0.0013733904535848914 0.0044167407361243114 -0.030355772980621882 -0.0074734556322934428 -0.032474439987935214 0.015743765530561837 -0.037736696621908219 -0.024845874933758751 0.0019393617921050692 -0.0021375233426709256 -0.031572389506515773 0.0034623620738698678 0.024755742043381979 0.019762689088717762 -0.028290083500678121 -0.02122174423942793 0.0033081715922564903 -0.014239803034326304 -0.0096242024355821972 -0.0059828919886446711 -0.0018283201386737012 0.0016805076575213947 0.00194595578066524 3.2458783833325936e-06 0.0052878357389612544 -0.01547123576288394 0.00059331865040677609 -0.01270163229650865 0.013302510228267936
leaf_weight=63 154 57 143 126 266 52 98 675 78 63 88 61 110 76 88 153 80 52 1144 1265 185 73 97 246 84 52 50 167 117 8536 257 53 76 69 261 69 108 82 86 58 59 476 388 101 54 118 67 68 92 234 114 87 623 565 969 185 3741 168 444 100 58 128
leaf_count=63 154 57 143 126 266 52 98 675 78 63 88 61 110 76 88 153 80 52 1144 1265 185 73 97 246 84 52 50 167 117 8536 257 53 76 69 261 69 108 82 86 58 59 476 388 101 54 118 67 68 92 234 114 87 623 565 969 185 3741 168 444 100 58 128
internal_value=5.23721e-05 -0.000181083 -0.000667552 0.00279513 0.00884861 0.0100412 0.0188803 0.0126002 0.00608001 0.0188886 0.00338045 0.0399943 -0.000566152 -0.0013353 -0.00123811 -0.00276343 -0.0065708 -0.00772862 -0.0052142 -0.000382993 -0.000255092 -0.00579453 -0.00930362 -0.0185341 -0.0127283 -0.0166907 -0.000599947 -0.0212995 -0.0305943 0.000135004 0.00309387 0.00067832 -0.000588559 -0.00592745 -0.00353054 -0.0159787 -0.0122299 -0.0183769 0.000739972 -0.0033415 0.00151845 -0.00105537 -0.00159304 -0.00746178 -0.0159543 0.033534 -0.000624056 -0.00368189 -0.00940235 -0.0064258 -0.00246463 -0.0215202 -0.000249168 0.000630822 0.00286785 -0.000819931 -0.0011979 -0.00620176 -0.00885319 -0.0125225 0.013217 0.00516913
internal_weight=24457 24215 22978 3250 1237 1180 364 829 816 141 675 242 2421 2295 19728 7086 1665 1585 1287 12642 12554 825 640 298 543 409 134 336 169 11729 2304 1861 9425 596 543 138 266 190 405 319 623 535 5421 630 242 181 2219 1183 508 440 348 188 9159 675 1036 4791 4638 897 729 544 443 186
internal_count=24457 24215 22978 3250 1237 1180 364 829 816 141 675 242 2421 2295 19728 7086 1665 1585 1287 12642 12554 825 640 298 543 409 134 336 169 11729 2304 1861 9425 596 543 138 266 190 405 319 623 535 5421 630 242 181 2219 1183 508 440 348 188 9159 675 1036 4791 4638 897 729 544 443 186
is_linear=0
shrinkage=0.03


Tree=42
num_leaves=63
num_cat=0
split_feature=21 13 2 13 7 1 8 0 8 2 5 5 2 21 13 2 15 21 1 9 2 15 19 8 2 21 7 7 15 15 5 1 7 1 16 15 21 15 8 1 9 7 7 1 1 1 13 21 17 7 2 13 9 8 8 17 5 7 7 7 13 19
split_gain=548.282 386.717 66.5955 62.3803 62.8765 66.1535 57.1014 38.7077 37.9292 33.8415 30.729 26.3984 30.5944 25.5136 39.2232 33.176 54.7457 36.7198 61.4487 45.2422 35.4065 47.679 29.8692 27.439 34.6076 33.9685 31.4821 28.1852 27.8748 56.6685 33.1215 32.0423 40.3657 38.9576 38.2266 28.8136 26.2432 30.103 38.3827 41.6994 39.748 57.5407 44.2021 54.1217 44.2071 46.1173 35.1064 51.682 40.7503 34.2466 43.0096 40.7768 29.0069 28.6537 28.0507 27.9872 25.8105 25.6808 25.5971 42.2722 28.0257 24.562
threshold=0.059577513970665803 7.9699423268201111 3.6875539612022563 28.472805572726916 -0.38642952479959986 694.82134996410412 0.33627748431917631 362.04089181813009 0.18094071179881313 5.4140815827252489 -0.77086414655479973 6.2118970320900475 5.5162867529058213 1.6815004582278552 20.108602581270883 4.9446156437062845 8.7034843942678062e-09 1.3765480586631751 247.15733536568004 0.3532250767885492 4.8078613289492642 6.2331850894483523e-09 2.5000000000000004 0.38089764970067103 5.778980062599083 1.9271011176274553 0.19990985825500077 0.27246464047947333 5.7528882342391325e-09 1.2573824633997184e-08 19.024488889592703 147.24697969140354 0.014924555939352937 509.5572000789146 1.8682214904898082 6.0460531902208884e-09 1.6284013015673602 4.1984752827286515e-09 0.087837394923399273 408.06667929088604 0.26309680213241299 0.41388150186922884 -0.26387586030315052 192.80071964542353 600.11925257148766 205.71462539076103 33.174568508382855 0.16606176382265053 0.17684176655169395 0.1355678685678581 5.3248092199434529 24.373778119893753 0.21950901620019539 0.044198762675479848 0.10605770881822175 1.0000000180025095e-35 13.699218255131351 0.47802174823053539 -0.089066871611033868 -0.033371718436345336 25.156660194791417 4.5000000000000009
decision_type=8 2 2 2 2 2 2 2 2 2 2 2 2 8 2 2 2 8 2 2 2 2 2 2 2 10 2 2 2 2 2 2 2 2 2 2 8 2 2 2 2 2 2 2 2 2 2 8 2 2 2 2 2 2 2 2 2 2 2 2 2 2
left_child=3 -2 6 11 -5 8 -3 -7 -6 -9 -10 -1 -13 14 15 20 -17 19 -19 22 21 -4 -18 28 25 -25 -27 -28 30 35 56 -31 -33 34 -34 -30 37 46 39 -39 58 42 44 -44 45 -42 47 -16 52 53 51 -51 -48 -49 -52 57 61 -54 -40 -60 -61 -15
right_child=1 2 13 4 5 7 -8 9 10 -11 -12 12 -14 23 36 16 17 18 -20 -21 -22 -23 -24 24 -26 26 27 -29 29 31 -32 32 33 -35 -36 -37 -38 38 40 -41 41 -43 43 -45 -46 -47 48 49 -50 50 54 -53 55 -55 -56 -57 -58 -59 59 60 -62 -63
leaf_value=0.039142531982157378 0.036820389843447793 -0.0082740985120429225 -0.019451983978439013 0.041813305273341636 0.016738613429479299 0.039282010832958555 -0.044168295795588113 -0.0041882632905617355 -0.021280236333142966 0.023823273015275065 0.0051293106006953526 0.030198410839082732 0.0037174746614053013 -0.0018865664882518869 0.033172531600834596 0.020868712649843458 0.028484741741293954 0.013191313813699201 -0.029448043390842418 -0.011678492556903746 -0.023318836025538896 0.016354498984886612 0.0068497300383320745 -0.0023271434880069363 -0.015842731002313287 0.0062597193788920232 -0.015393199220127544 0.00136117741340484 -0.030255954395158501 0.0087746552562834139 0.00087036284771620492 -0.014144912573069128 -0.019371213711217628 0.022792272551552108 0.010158436790936523 -0.010084442205156864 0.0075076114559201983 0.014051410052581394 0.0056749863533855395 -0.01006481507245232 -0.0051242337296825155 0.0043542435152904317 -0.052799623293441629 -0.016639308626098293 0.013252168617465278 -0.032932046775315554 0.0016891944013813305 0.019719855988265148 -0.026893568725579162 0.037131819603033363 -0.015094393403051071 0.0076635730298964871 -0.0051691301399774117 -0.0026212783522686425 0.0075329451273347062 0.0036280058883529404 -0.0094959682712550397 0.01095424572276252 -0.029465026933579674 0.0034248926118628955 -0.015432389369144022 -0.0070643650267947881
leaf_weight=194 240 135 51 71 83 82 56 59 79 111 78 154 53 5542 53 235 87 53 69 78 62 93 168 1558 114 1265 118 375 69 237 2448 215 76 68 80 756 340 175 241 101 128 132 61 97 54 92 2118 55 54 79 63 91 2060 667 214 466 537 92 61 227 102 968
leaf_count=194 240 135 51 71 83 82 56 59 79 111 78 154 53 5542 53 235 87 53 69 78 62 93 168 1558 114 1265 118 375 69 237 2448 215 76 68 80 756 340 175 241 101 128 132 61 97 54 92 2118 55 54 79 63 91 2060 667 214 466 537 92 61 227 102 968
internal_value=5.16401e-05 -0.000987266 -0.00137766 0.0220839 0.015597 0.0117366 -0.0189733 0.02244 0.000451619 0.014134 -0.00821015 0.0311301 0.0234687 -0.00123164 4.95719e-05 0.0059915 0.00914276 0.00305401 -0.0109677 0.00820857 -0.00455685 0.00362634 0.0143135 -0.00200595 0.000336603 0.000897437 0.00375487 -0.00267204 -0.00273664 -0.00653452 -0.00213563 -9.30819e-05 -0.00488951 0.00401741 -0.00425955 -0.0118061 -0.00063166 -0.00100243 -0.0048476 0.00522179 -0.00717567 -0.0129557 -0.0182426 -0.0308442 -0.0108903 -0.0168494 -6.09589e-05 0.00447568 -0.00121901 0.00314738 0.00966325 0.0214947 -0.000920657 -0.00089447 0.00235087 -0.0030319 -0.00317983 -0.00447507 -0.00199707 -0.00674039 -0.00245049 -0.00265744
internal_weight=24540 23576 23336 964 563 492 191 252 240 170 157 401 207 23145 8719 896 690 455 122 333 206 144 255 14426 3430 3316 1758 493 10996 1501 9495 676 439 224 156 825 7823 7483 1471 276 1195 564 432 158 274 220 6012 1222 4790 1169 447 170 4736 722 277 2618 7047 2152 631 390 329 6510
internal_count=24540 23576 23336 964 563 492 191 252 240 170 157 401 207 23145 8719 896 690 455 122 333 206 144 255 14426 3430 3316 1758 493 10996 1501 9495 676 439 224 156 825 7823 7483 1471 276 1195 564 432 158 274 220 6012 1222 4790 1169 447 170 4736 722 277 2618 7047 2152 631 390 329 6510
is_linear=0
shrinkage=0.03


Tree=43
num_leaves=63
num_cat=0
split_feature=21 16 20 10 21 3 11 5 5 1 2 3 2 1 21 3 20 2 6 3 20 21 1 5 0 21 8 20 6 16 2 3 1 5 6 5 1 21 10 8 16 2 1 3 1 21 1 3 6 20 8 10 8 2 5 20 5 20 21 6 8 3
split_gain=429.001 435.136 87.8511 107.3 87.8961 86.6377 41.3237 38.2738 48.745 38.2644 37.4594 37.0776 36.5678 35.5215 32.5906 31.4214 29.393 27.1055 26.844 26.0205 24.4243 23.8587 23.0468 37.7725 31.5761 32.6264 28.6913 24.3384 32.3609 30.9712 26.8814 23.5596 32.2119 30.9114 22.2203 21.9547 21.6966 38.4904 49.1192 37.6573 35.9904 32.6616 27.1612 45.2995 27.1396 24.1224 23.6656 44.3954 35.0598 31.8904 30.1039 31.5022 24.635 41.1761 23.5067 21.004 35.8944 20.8535 29.3972 28.1148 21.0963 33.416
threshold=0.036504684508943612 19.337747128949825 6.6321986571914104 2.5000000000000004 1.7880298468137552 25.237102629808906 -58.267354290735689 24.983487196405854 9.2932460364120519 640.6517117926436 4.8366997329666566 55.147574396888864 5.4839093567989901 247.15733536568004 0.92332216708014514 36.000238919886108 3.5091649478297557 5.4350456004334893 0.39834213324130469 15.555530749449902 1.4609906702845001 0.85986472968581606 355.75271741983607 29.814990380462103 420.67304425176906 1.748800870262585 0.073390178059729042 181.92557339962852 0.057920009095933984 1.0000000180025095e-35 5.6850082520765932 20.664316160378654 711.78421416388562 42.06986006599616 0.30423522383772733 19.752704093144654 551.93563996023011 0.16606176382265053 2.5000000000000004 0.026608986020591543 6.5256086486754556 5.5162867529058213 498.6201508432776 26.494868456852654 363.5044877449306 0.28342671139362557 672.75663593138461 3.5571626691226306 0.33759287504710495 38.759897881470103 0.18448783327905097 3.5000000000000004 0.37317227180739115 5.3248092199434529 20.566203179192655 83.784065184473064 34.903268818436459 116.52470094566353 2.1245768335043107 -0.14534292750549757 0.20384407386558581 26.857664759104953
decision_type=8 2 8 2 8 2 2 2 2 2 2 2 2 2 8 2 8 2 2 2 8 8 2 2 2 10 2 10 2 2 2 2 2 2 2 2 2 8 2 2 2 2 2 2 2 8 2 2 2 8 2 2 2 2 2 8 2 10 10 2 2 2
left_child=5 2 3 10 13 7 11 8 12 17 -2 18 19 -5 -13 35 -17 -7 22 -1 -19 -15 27 36 25 26 -25 -4 30 -30 -29 33 -33 -28 -3 -12 39 38 -38 41 45 -24 43 -41 -45 -39 48 -48 -47 50 51 -49 57 -54 -44 -26 -57 58 60 -59 61 -51
right_child=1 34 6 4 -6 9 -8 -9 -10 -11 15 14 -14 21 -16 16 -18 20 -20 -21 -22 -23 23 24 55 -27 31 28 29 -31 -32 32 -34 -35 -36 -37 37 40 -40 42 -42 -43 54 44 -46 46 47 49 -50 52 -52 -53 53 -55 -56 56 -58 59 -60 -61 -62 -63
leaf_value=0.032401723293034368 0.021359950874562775 0.044313115831162472 -0.0027913742409163738 0.011104050891329372 -0.002657159233363572 0.014447377363219856 -0.021221464838217234 0.044825651346681976 0.004175801824657592 0.01960152077261338 -0.0084304822826770705 0.026807258461276948 0.053749084932228117 0.048106651435404817 0.002666164217874448 0.00020691147182256946 0.022443006402335878 -0.018330478573804848 0.0012996163950925188 0.0082333435523323714 0.0086052880307229667 0.026485207888563827 -0.024552365002134043 0.010688804600987646 -0.02004803491581697 0.0046062264110367356 -0.010012750655619634 -0.010054383550696813 0.010029802357504537 -0.017419985159566359 -0.030441062438627146 0.0036681930178176026 -0.024576242235130986 -0.040079653753953823 0.022232344902024186 0.0045806669240009111 -0.00035003108489697541 -0.017927753273863346 0.035866127355532212 0.0050296316943078609 -0.018619863876165484 0.0033886759134648895 0.010618793754179453 0.014990525083135692 -0.0056360055807392721 -0.0060970801738993606 0.017216222963432538 0.0075372080912934139 0.014270164053887128 -0.01336271189085796 -0.00025154320437800753 0.034297093444703414 -0.029343006078366048 -0.0025625458722379033 -0.0074615597459361761 0.0074285830497261016 -0.01880390379107312 0.019144759857234486 -0.02051406175363809 -0.00019811243430734417 0.0047384530451381581 0.0053535640860259857
leaf_weight=130 70 184 11110 86 122 89 96 116 80 229 440 52 51 73 1008 154 81 72 2150 59 51 139 86 58 191 325 80 201 108 55 82 120 51 50 57 158 87 79 54 1146 116 66 529 61 782 1060 137 138 81 227 265 55 78 150 73 92 94 93 83 241 269 137
leaf_count=130 70 184 11110 86 122 89 96 116 80 229 440 52 51 73 1008 154 81 72 2150 59 51 139 86 58 191 325 80 201 108 55 82 120 51 50 57 158 87 79 54 1146 116 66 529 61 782 1060 137 138 81 227 265 55 78 150 73 92 94 93 83 241 269 137
internal_value=-1.18152e-05 -0.000816763 -0.00123168 0.00627378 0.0187816 0.0205403 -0.00168297 0.0300147 0.0245228 0.0111266 0.000441856 -0.00159644 0.0312597 0.027538 0.00387459 -0.00133947 0.00793389 0.00192307 -0.00187462 0.0249401 -0.00718266 0.0341212 -0.00223943 -0.000901059 -0.0061221 -0.0022729 -0.00849602 -0.00306782 -0.00993258 0.000717862 -0.0160479 -0.0122159 -0.0048495 -0.0217946 0.0392041 -0.00499085 8.95869e-06 -0.00161074 0.0136749 0.00198695 -0.00228643 -0.0124772 0.00283997 0.00114845 -0.00412746 -0.00166804 -0.00123605 0.00083893 -0.00463997 -0.000462685 0.00632113 0.0153006 -0.00289686 -0.0118124 0.00841759 -0.0130813 -0.00585836 -0.000951514 -0.0038378 0.00522885 -0.00162228 -0.00632303
internal_weight=24457 23580 23339 1323 420 877 22016 436 320 441 903 21920 240 298 1060 833 235 212 20860 189 123 212 18710 7154 1061 684 359 11556 446 163 283 301 171 130 241 598 6093 3350 141 2743 3209 152 2591 1989 843 3093 3014 1873 1141 1736 458 193 1278 228 602 377 186 1050 716 334 633 364
internal_count=24457 23580 23339 1323 420 877 22016 436 320 441 903 21920 240 298 1060 833 235 212 20860 189 123 212 18710 7154 1061 684 359 11556 446 163 283 301 171 130 241 598 6093 3350 141 2743 3209 152 2591 1989 843 3093 3014 1873 1141 1736 458 193 1278 228 602 377 186 1050 716 334 633 364
is_linear=0
shrinkage=0.03


Tree=44
num_leaves=63
num_cat=0
split_feature=21 18 12 5 20 21 1 0 1 15 15 20 15 20 8 8 17 8 15 12 20 9 8 2 2 9 20 20 9 12 0 7 15 8 21 15 20 1 5 20 8 5 21 1 1 2 20 1 8 12 12 11 7 9 12 21 21 9 1 17 15 9
split_gain=408.697 296.903 76.3444 70.2227 64.6159 105.533 65.3272 59.9118 56.5781 56.3317 52.5954 62.1623 50.4765 41.1628 40.0959 39.2031 38.0699 37.6934 35.7578 31.823 40.8518 30.5041 27.9844 25.1631 29.9514 25.0226 25.5824 23.7159 29.5453 26.6271 21.9107 21.3111 20.8915 23.8975 20.6198 42.8978 34.5487 28.4929 33.8959 26.8335 33.9537 32.6548 51.4696 31.5092 25.9305 25.5409 25.5402 24.449 24.1466 23.7271 23.597 26.4243 21.31 30.4149 24.2583 31.6482 22.763 22.1571 34.9875 22.6683 24.8539 20.7154
threshold=0.036504684508943612 1.0000000180025095e-35 -101.34229578125206 26.664115218107003 15.732339696597101 0.93437630627831558 103.75222543194552 79.894059463513273 811.81796292795354 5.2433469130231927e-09 1.5881867761018134e-22 4.4138646168804856 1.5323495740249746e-09 86.063342041033721 0.26520204945398579 0.25855089490274269 1.0000000180025095e-35 0.38465584885474163 2.9769537023127601e-07 -124.63894669376059 73.692399193317414 0.34152218197030765 0.27962085186491953 4.8790028629297 5.4042000008392055 0.017888656150826247 14.673685534731552 77.95464607271127 0.024458500919314567 -104.13368732271026 141.15568595859551 0.29538273718335556 7.2305518765730566e-10 0.27164432966009949 0.33676839252946256 7.9409338805090669e-23 40.74343990171181 1064.6260007940102 14.413707642385452 67.002938140146924 0.43379996358723366 28.261057223789152 2.8102709988290404 166.96426238777005 441.71365962510509 5.3412116642196654 42.72785331828576 991.84394670890504 0.46334117244144585 -101.54864227411561 -104.39271375030263 -109.41609090520699 -0.36248537877486869 0.40455992053949791 -108.97932718383083 2.4944395472899505 4.0731826224466259 0.064389512648560313 23.269913566721904 1.0000000180025095e-35 5.1482052170391682e-10 0.38048828571362009
decision_type=8 2 2 2 8 8 2 2 2 2 2 8 2 10 2 2 2 2 2 2 10 2 2 2 2 2 8 10 2 2 2 2 2 2 8 2 8 2 2 10 2 2 8 2 2 2 8 2 2 2 2 2 2 2 2 8 10 2 2 2 2 2
left_child=2 4 3 9 5 6 22 13 25 16 11 -8 -10 -6 -5 -15 21 -12 19 20 -9 -1 -2 -4 32 -7 -27 28 29 -21 31 -29 33 -25 35 49 -37 39 46 47 41 43 -43 -41 -45 -38 -39 52 -42 -30 51 -46 53 54 -36 61 -55 58 -54 60 -60 -56
right_child=1 -3 23 14 7 8 10 18 12 -11 17 -13 -14 15 -16 -17 -18 -19 -20 27 -22 -23 -24 24 -26 26 -28 30 34 -31 -32 -33 -34 -35 37 36 45 38 -40 40 48 42 -44 44 50 -47 -48 -49 -50 -51 -52 -53 57 56 55 -57 -58 -59 59 -61 -62 -63
leaf_value=-0.0004212840004714534 -0.02059268869430525 0.035769560546127718 0.048269859066058414 0.014443795298347654 0.0022768581403062472 -0.019562107822460924 -0.0043501363194163338 0.020765669318982435 0.0017936233004244666 0.029861986774928264 0.021614644843379431 0.024633738816082478 0.032580624362774965 -0.013721237755178108 0.042846848180947396 -0.048811974554760926 -0.0194272728037575 0.048566811303829865 0.022056682766494105 0.0099162373801856361 -0.0046576239017419299 0.024791144519353863 0.0090575634942136034 0.0019535579483794131 0.047214947039430792 -0.0016822496677354514 0.013130128480427499 0.0032717201580773248 0.0038721106679219263 -0.0022300335344297524 -0.00034556415290104342 0.022365893529883274 0.033543335154809686 0.028856547992799499 -0.00044661014216152697 0.035398646652260252 -0.0080540441871891095 0.0046612321131058619 -0.033203650926207674 -0.014963570944814387 0.020580706324788832 -0.035037868517707578 0.00060774040850416079 0.0042857970911748316 -0.0056662254560400135 0.017419723973620727 -0.020277044701891449 0.01685509000316102 -0.0044562084256093712 -0.018641901243320786 0.0016298814867268842 -0.034167922735214233 -0.025368504599889721 -0.0017070809625323339 -0.042550180320339186 -0.0091061339699907238 -0.022237703008029387 -0.0012101442858949581 -0.0046586041482898867 0.0038655792157048893 -0.021272075417134717 -0.017260857025442056
leaf_weight=169 59 200 68 91 56 65 142 130 107 70 197 124 86 68 90 50 68 62 58 336 100 57 54 68 54 1664 111 197 91 313 6395 71 82 52 126 50 61 85 57 262 61 97 58 262 65 82 64 60 78 77 91 53 77 1041 51 228 50 8819 499 221 96 72
leaf_count=169 59 200 68 91 56 65 142 130 107 70 197 124 86 68 90 50 68 62 58 336 100 57 54 68 54 1664 111 197 91 313 6395 71 82 52 126 50 61 85 57 262 61 97 58 262 65 82 64 60 78 77 91 53 77 1041 51 228 50 8819 499 221 96 72
internal_value=1.43151e-05 -0.000535898 0.0204019 0.0135053 -0.000847997 0.00354263 0.0141771 -0.00141446 0.000199978 0.00587942 0.0186246 0.0092028 0.0156094 -0.0188937 0.0287247 -0.0288754 8.74111e-05 0.0282285 -0.00126543 -0.00133257 0.00973975 0.0060188 -0.00646838 0.0319253 0.0274129 -0.00142394 -0.000749083 -0.00145883 -0.00217792 0.00406391 7.19037e-06 0.00839459 0.0219128 0.0137537 -0.00249141 0.00456901 0.0141846 -0.00269448 -0.0137341 -0.00250949 -0.00715101 -0.00930843 -0.0217811 -0.00664488 -0.0019956 0.00657282 -0.00611428 -0.00208854 0.00659974 -0.00649606 -0.00985281 -0.0186474 -0.00219079 -0.00543504 -0.0117462 -0.0157896 -0.00266749 -0.0016665 -0.00616698 -0.00432624 -0.00737029 -0.0280053
internal_weight=24448 23579 869 545 23379 2671 638 20708 2033 364 525 266 193 174 181 118 294 259 20534 20476 230 226 113 324 256 1840 1775 20246 13583 649 6663 268 202 120 12934 361 193 12573 206 12367 1027 888 155 733 471 143 149 11340 139 168 209 118 11280 1568 477 351 1091 9712 893 816 595 123
internal_count=24448 23579 869 545 23379 2671 638 20708 2033 364 525 266 193 174 181 118 294 259 20534 20476 230 226 113 324 256 1840 1775 20246 13583 649 6663 268 202 120 12934 361 193 12573 206 12367 1027 888 155 733 471 143 149 11340 139 168 209 118 11280 1568 477 351 1091 9712 893 816 595 123
is_linear=0
shrinkage=0.03


Tree=45
num_leaves=63
num_cat=0
split_feature=20 13 13 12 0 1 21 5 19 3 2 5 2 5 20 21 20 19 1 2 12 13 20 2 3 20 20 13 2 7 5 21 0 20 15 3 2 20 21 12 2 3 21 2 5 5 7 7 3 5 5 2 21 5 20 2 2 20 1 1 20 7
split_gain=400.212 379.432 167.063 99.4769 78.8733 52.6023 52.2825 51.5981 47.4024 45.1165 41.6854 40.154 35.8727 35.4976 35.3759 27.6338 52.9182 148.162 50.4677 26.8792 32.1264 30.2683 34.9942 26.2209 25.6649 30.7941 31.593 30.0345 29.2588 26.7328 25.2986 24.3337 23.8823 34.6163 23.5327 22.8925 22.7789 30.503 29.7365 29.3712 37.545 51.7019 28.4429 25.9645 30.7071 25.9516 28.9389 50.1671 35.1677 24.3718 24.2826 35.3138 24.1848 23.803 23.5448 22.2754 21.9166 21.4932 27.9909 25.0974 21.3269 21.2797
threshold=3.1176223902685902 7.9699423268201111 24.003723606436235 -99.42552450313606 56.4905538282188 837.13169250595308 0.036504684508943612 34.43040323791201 2.5000000000000004 18.198428345230202 5.5288247678153137 -5.7593772579131484 5.2519120243286617 -29.535544420331775 0.7349718554098551 0.72020167762079057 13.298681841841001 2.5000000000000004 1193.1273273220252 5.4489801382655303 -112.12969464948124 29.240372340122985 89.026908679007065 5.6330325628591469 32.415487237616809 6.6321986571914104 49.014461036229754 13.358879132113104 4.2567162521428648 -0.16012093872241093 -56.714811123707641 0.83585823263001158 354.2375727854581 56.923562721759858 3.956723905034159e-08 44.413064076692358 5.4839093567989901 72.233168069697271 4.4445099636227114 -93.041463202067987 5.2206232632458809 4.9401329289470661 1.2285568933353552 5.4489801382655303 -0.46644217759684986 19.752704093144654 -0.12483099532901674 -0.20308610512899825 28.482632637256003 -21.429751208697027 10.26417382142745 5.4421362202123857 1.0695766191844054 -18.298177571041744 36.752434567904459 5.4140815827252489 5.3350020674671237 82.215275776799402 340.19914491204457 70.923220341039823 66.54383256627311 -0.37035909559121988
decision_type=8 2 2 2 2 2 8 2 2 2 2 2 2 2 8 8 8 2 2 2 2 2 8 2 2 8 10 2 2 2 2 8 2 8 2 2 2 10 10 2 2 2 8 2 2 2 2 2 2 2 2 2 8 2 8 2 2 8 2 2 8 2
left_child=2 13 8 6 -3 31 7 10 9 12 14 -12 -1 -2 -4 16 17 -6 19 61 21 -21 -23 35 27 29 28 34 -27 -26 -29 -5 33 -32 -17 -8 37 38 39 42 -41 -42 43 44 53 49 47 -47 -48 -38 -39 -52 -46 56 -43 -11 -34 58 59 -35 -61 -18
right_child=1 4 3 5 15 -7 23 -9 -10 55 11 -13 -14 -15 -16 24 18 -19 -20 20 -22 22 -24 -25 25 26 -28 30 -30 -31 32 -33 36 57 -36 -37 45 50 -40 40 41 54 -44 -45 52 46 48 -49 -50 -51 51 -53 -54 -55 -56 -57 -58 -59 -60 60 -62 -63
leaf_value=0.033659448344343403 0.059167753337667536 -0.029214078167229211 -0.015116575446445494 0.019422699231852556 0.049374039341988911 0.03327201257220018 -0.013249664234409394 0.035931723865569899 0.010075640517377082 0.032690407029837373 0.033529369118157779 0.0013758345509708768 0.062551903478801241 0.030504314686906737 0.012770776413804428 -0.0030922757625675705 0.0073716092310518819 -0.0026186154345455379 0.027097280036898388 0.0025992836471204813 0.0057428583225085919 -0.034988775024456631 -0.00044993965064778045 0.0084888957638881695 0.028876690305769441 0.014819210954110843 0.0017545004606709571 -0.017813410614767381 -0.0028005010874355266 0.0029291830558213403 0.0044172939079863138 0.00023843380443465252 0.006131631212816996 -0.00076367165228085861 -0.031359163514877622 0.0077890339177592027 0.0019276078060177491 0.0036298549421353646 -0.0283355589542124 0.0064551379845731631 0.0015599238805350708 -0.048141631665913495 -0.0034928617995739026 -0.030642311448326052 -0.010175925706978886 0.0014472914341920481 0.010788043405087242 -0.026816474988894615 -0.0069374513275228264 -0.0035828198454829247 -0.0016974778135508215 -0.024258569341741108 -0.03452667175688677 0.016635296297802898 -0.021924526734616267 0.012414976190775633 -0.020230380796148612 -0.0006960625896636133 0.0014208458941097238 -0.032649919048991879 -0.011316093811385181 -0.0056031479104903742
leaf_weight=99 51 90 107 140 76 166 259 58 92 124 69 70 69 183 65 50 130 137 61 138 828 55 50 94 59 86 3217 92 3414 89 1100 103 54 83 56 56 881 603 53 54 60 50 2133 58 119 312 462 68 128 3997 351 75 53 53 87 83 58 1998 167 76 97 869
leaf_count=99 51 90 107 140 76 166 259 58 92 124 69 70 69 183 65 50 130 137 61 138 828 55 50 94 59 86 3217 92 3414 89 1100 103 54 83 56 56 881 603 53 54 60 50 2133 58 119 312 462 68 128 3997 351 75 53 53 87 83 58 1998 167 76 97 869
internal_value=3.9036e-05 -0.000948007 0.0143269 0.00833361 -0.00134009 0.0202923 0.00202888 0.0102027 0.0295102 0.0342387 0.00530456 0.0174624 0.0458259 0.0369767 -0.00456485 -0.00122799 0.00185553 0.0160768 0.000427198 -0.000371437 0.00292893 -0.00664352 -0.0187011 -0.00535242 -0.00158423 -9.20812e-05 -0.000391256 -0.00234702 -0.00236345 0.0133975 -0.00221969 0.0113254 -0.00210992 6.6849e-06 -0.0181792 -0.00949664 -0.00287743 -0.00466559 -0.00627242 -0.0058416 -0.0156127 -0.0216638 -0.00486566 -0.0122512 -0.00900473 -0.00169625 0.00278331 -0.00366754 0.00693728 -0.00258741 -0.000241486 -0.00571701 -0.0178356 0.00025273 -0.0317723 0.0246594 -0.00757834 -0.00199831 -0.00813318 -0.014347 -0.020822 -0.00390906
internal_weight=24615 22961 1654 1187 22727 409 778 369 467 375 311 139 168 234 172 22637 2344 213 2131 2070 1071 243 105 409 20293 6865 6717 13428 3500 148 13322 243 13230 3521 106 315 9709 3861 2832 2779 251 197 2528 395 337 5848 970 380 590 4878 1029 426 172 165 137 207 112 2421 423 256 173 999
internal_count=24615 22961 1654 1187 22727 409 778 369 467 375 311 139 168 234 172 22637 2344 213 2131 2070 1071 243 105 409 20293 6865 6717 13428 3500 148 13322 243 13230 3521 106 315 9709 3861 2832 2779 251 197 2528 395 337 5848 970 380 590 4878 1029 426 172 165 137 207 112 2421 423 256 173 999
is_linear=0
shrinkage=0.03


Tree=46
num_leaves=63
num_cat=0
split_feature=21 16 20 19 11 21 20 0 20 20 21 11 20 11 1 1 8 21 16 11 20 21 20 6 11 4 2 11 6 2 2 21 1 20 20 1 2 20 4 4 11 0 17 11 2 11 11 20 20 6 1 1 20 4 11 20 11 2 20 11 11 11
split_gain=377.359 375.482 82.0023 129.204 74.6308 50.3688 159.111 47.517 46.1503 37.8699 33.0268 60.9127 37.202 32.5566 30.7177 37.2358 30.0817 25.7582 33.3722 26.6015 42.201 34.2015 24.8566 30.8306 24.087 23.5882 32.9851 22.72 22.4207 27.2278 19.8786 19.1248 21.2946 19.3094 29.2929 41.7242 45.8648 67.0806 38.0411 66.8544 46.0212 38.4399 27.8609 37.7308 40.706 33.7144 27.8593 46.3805 26.5162 23.9488 28.449 38.8955 33.8839 32.6796 36.1228 27.1296 23.8291 23.7066 32.2267 23.2398 28.5339 22.7455
threshold=0.082061478739839766 16.829531358139203 11.243684383646352 2.5000000000000004 -98.089371621076239 0.83585823263001158 2.0039493990201902 79.894059463513273 6.1661304709809501 207.47795525394403 1.0000000180025095e-35 -108.43034163592948 21.321719164710004 -98.364983623623729 991.84394670890504 612.48579760803864 0.10833366966581705 2.0075811633358605 5.5710024073842446 -99.549691083368188 6.1661304709809501 1.3348445081265103 1.4609906702845001 -0.16072697926990107 -103.0143887088165 50.010580413663355 5.5288247678153137 -106.48655260014799 0.18892496568109432 5.0330671807030081 5.6044848094268334 8.066463768461837 0.98938773110104161 117.80130021960801 104.98593786548952 40.296462964727361 5.6621886377299679 110.01925603470251 24.775613717486753 34.551664027022902 -98.364983623623729 347.75986480456106 2.0917320043305883 -104.23759265051298 5.3943475127872427 -108.51653238792549 -113.79855000329799 130.36877033156503 108.09630462615952 0.26492599715247206 359.70343467763655 94.745069440593113 136.67750130740453 20.655272524519955 -108.67696239237348 155.35318879465504 -86.96860940969394 5.3378627117996542 40.27725327383331 -125.11271900860798 -128.37817988323948 -110.42426999765749
decision_type=8 2 8 2 2 8 8 2 8 10 8 2 8 2 2 2 2 8 2 2 8 8 8 2 2 2 2 2 2 2 2 10 2 10 10 2 2 8 2 2 2 2 2 2 2 2 2 8 8 2 2 2 8 2 2 8 2 2 8 2 2 2
left_child=4 2 3 5 10 6 13 9 14 -4 27 12 22 -2 15 -7 -6 19 -19 24 21 -21 23 -12 -5 26 -13 -1 29 -3 -24 32 -9 34 42 -36 38 -38 48 -40 41 -41 59 44 57 61 -35 56 -37 50 51 -49 -52 55 -55 -53 -48 58 -44 60 -34 -46
right_child=1 28 7 17 16 8 -8 31 -10 -11 11 25 -14 -15 -16 -17 -18 18 -20 20 -22 -23 30 -25 -26 -27 -28 -29 -30 -31 -32 -33 33 46 35 36 37 -39 39 40 -42 -43 43 -45 45 -47 47 49 -50 -51 52 53 -54 54 -56 -57 -58 -59 -60 -61 -62 -63
leaf_value=0.011170859056360581 -0.0016870918138846853 0.054041456778963597 -0.0056324404209792808 0.0037607427585101584 0.052448516405369017 0.019286221302974606 0.062424897184692227 0.013159702605855934 -0.0088427231039930766 -0.035094213546323243 0.021360161692581391 0.013215001062855747 -0.017436779833891813 0.028122277536775285 0.030667983644970635 -0.0057420523036395598 0.02640462579546107 -0.0028371194161306273 -0.027964131862211687 -0.034620758100032907 0.0094399870237843551 -0.0014320790361879126 0.007619565421680235 -0.0061120448754848657 0.020139620199191327 0.037510791259746136 0.038875013923970983 -0.01715292887762189 0.0217758383896322 0.029879177211118595 0.033150276485830542 0.014252720474994377 -0.0074158491221341209 0.0071923056090581394 0.0088606021522404637 -0.014347260452177322 -0.0033915898396221339 -0.047280934033068746 -0.043820561690049033 -0.03678547789535995 0.012077756107784807 -0.0078579556222020657 -0.022078110156580805 0.016543059675353605 0.0073777243820950383 -0.0093920637424810809 0.0089421726589586272 -0.00016342869034181629 0.0067628637176656396 0.0026436173570293341 -0.021666036964595414 -0.0087180885860378074 0.002012817784818943 0.0071561051180395168 -0.012792764531006789 -0.029513566734255859 -0.012379913169413788 -0.028226565331435544 0.0080019220749882967 -0.002098784705974768 0.019840177876498312 0.029799525191838091
leaf_weight=50 93 77 96 465 50 134 76 87 92 66 54 190 50 50 84 88 218 563 51 56 87 55 52 110 97 90 59 50 92 104 59 68 54 472 124 70 60 65 53 52 79 192 53 168 161 82 520 395 217 607 58 97 695 116 271 138 51 51 78 15953 93 54
leaf_count=50 93 77 96 465 50 134 76 87 92 66 54 190 50 50 84 88 218 563 51 56 87 55 52 110 97 90 59 50 92 104 59 68 54 472 124 70 60 65 53 52 79 192 53 168 161 82 520 395 217 607 58 97 695 116 271 138 51 51 78 15953 93 54
internal_value=1.10834e-05 -0.000689816 -0.00109883 0.00472311 0.0178339 0.0161155 0.0276471 -0.00164078 0.0097168 -0.017777 0.013026 0.0154436 0.00613482 0.00885868 0.0153074 0.00938384 0.0314405 -0.000400685 -0.00496629 0.00328952 -0.00614503 -0.0183355 0.0104682 0.00300831 0.00661845 0.0243237 0.0194263 -0.00302065 0.0342252 0.0403986 0.0213648 -0.00151684 -0.00156818 -0.00162959 -0.00202915 -0.00726233 -0.00980746 -0.0264082 -0.00664256 -0.012908 -0.00771603 -0.0141478 -0.00174375 0.00435579 5.57843e-05 0.00689471 0.000433551 -0.000650655 0.00158211 -0.00249533 -0.00425817 -0.00752833 0.000162633 -0.0121976 -0.00681023 -0.0210032 0.00701943 -0.0110811 -0.00424293 -0.00198913 0.0098453 0.0131211
internal_weight=24692 23660 23387 1991 1032 617 219 21396 398 162 764 664 325 143 306 222 268 1374 614 760 198 111 275 164 562 339 249 100 273 181 111 21234 21166 21079 17659 912 788 125 663 376 323 244 16747 647 479 297 3420 2948 287 2377 1770 1017 753 622 387 235 571 182 131 16100 147 215
internal_count=24692 23660 23387 1991 1032 617 219 21396 398 162 764 664 325 143 306 222 268 1374 614 760 198 111 275 164 562 339 249 100 273 181 111 21234 21166 21079 17659 912 788 125 663 376 323 244 16747 647 479 297 3420 2948 287 2377 1770 1017 753 622 387 235 571 182 131 16100 147 215
is_linear=0
shrinkage=0.03


Tree=47
num_leaves=63
num_cat=0
split_feature=21 10 2 2 5 5 8 8 11 15 13 21 19 11 15 21 9 9 8 8 13 5 2 2 16 21 8 2 8 8 5 7 11 16 9 8 19 16 7 5 13 7 10 16 5 9 16 13 9 15 7 2 11 11 15 15 7 8 9 5 15 19
split_gain=384.079 318.675 47.5506 44.0771 32.6295 42.3872 47.7482 42.3035 33.5751 37.316 28.2374 47.4769 45.0414 42.6753 31.4331 30.9031 28.8395 36.3128 39.8836 74.4898 47.8767 38.0483 37.2228 41.6978 33.0001 30.6579 30.1934 28.7895 27.3583 27.1101 34.9349 37.8677 26.9547 26.8523 26.6424 23.5336 33.608 22.2442 20.6731 19.7458 28.2587 52.8325 24.2789 45.7102 52.2095 22.9701 19.4667 31.7777 31.6013 29.8331 23.5899 19.8373 29.1646 26.7546 21.3451 27.9832 22.4205 31.1255 31.292 33.1135 31.3809 41.857
threshold=0.036504684508943612 9.0000000000000018 4.79361020996474 3.3409260858979981 34.43040323791201 -5.7593772579131484 0.067314636623913252 0.25251319633578656 -105.66210515756049 1.3090772026045481e-09 20.766704054497584 0.77329550501624056 2.5000000000000004 -104.96556079358849 4.8804501864515054e-09 0.45548851042320104 0.22689877030944763 0.42410181550060072 0.15975617197524386 0.28135732845146239 21.681870689819153 -1.971495512672149 5.5524872368311913 5.2877854060858605 1.6854012072537812 3.8352823710386104 0.3754224404251954 4.9367769795325769 0.45911266906187548 0.40066009851686324 -21.792340240169803 -0.0039529303690635223 -112.18973089890598 6.9497488866100561 0.3532250767885492 0.16351077860578769 2.5000000000000004 11.666920171113992 -0.24422229123187653 -34.946195731928732 25.156660194791417 -0.096555258088096604 3.5000000000000004 5.5016458875495813 3.6268650434783507 0.086350672957973287 5.5990994966319727 27.231915238711874 0.017888656150826247 4.15500040159671e-09 -0.26003417316090272 5.6162241070265777 -112.18973089890598 -109.77574151444749 1.4222047779426417e-09 1.999728447970222e-09 -0.2719430835174616 0.34034185184957805 0.23655280860104924 -3.4471074765995993 4.2746831639518372e-09 3.5000000000000004
decision_type=8 2 2 2 2 2 2 2 2 2 2 8 2 2 2 10 2 2 2 2 2 2 2 2 2 8 2 2 2 2 2 2 2 2 2 2 2 2 2 2 2 2 2 2 2 2 2 2 2 2 2 2 2 2 2 2 2 2 2 2 2 2
left_child=2 3 -1 -2 5 6 -4 -6 9 -7 11 12 27 35 46 -16 25 18 20 22 -18 -21 23 -20 38 39 -19 -5 -15 30 31 -8 -29 -14 -23 36 -13 -37 -22 -17 42 -42 43 44 -41 -43 47 48 -12 -49 -48 52 -50 -54 -55 -56 -57 58 60 -60 61 -58
right_child=1 -3 4 10 7 8 29 -9 -10 -11 14 13 33 28 15 16 17 26 19 21 24 34 -24 -25 -26 -27 -28 32 -30 -31 -32 -33 -34 -35 -36 37 -38 -39 -40 40 41 45 -44 -45 -46 -47 50 49 51 -51 -52 -53 53 54 55 56 57 -59 59 -61 -62 -63
leaf_value=0.046019284390188528 -0.02130029718541571 0.033523095451761041 0.049052399827496089 0.0054478175572987642 0.014747851682543943 -0.016423912828897731 0.01729365092457125 0.047154793941282795 0.016110076983783014 0.011527125646585021 -0.018669123822823167 -0.012977467167365829 -0.010286525266686665 0.0074016506115267156 0.0050805728628037089 0.014278375122696162 -0.026906843037858348 0.0052409788328459713 -0.018186122845858334 -0.018685546417136566 0.010105568662285805 0.0083979179291054605 -0.010547357711099808 -0.050684264572337268 0.021874664954957553 -0.01891509882896469 -0.015100190745523342 0.010997600274968822 -0.014231246419643099 0.03363568453597171 0.024237739349732817 -0.017599984089081935 0.038353788567358979 0.015658459459480484 -0.014089483551278308 -0.007669671352445645 0.0072928032510076891 0.010380422167702397 -0.012350685247220099 -0.035530425135075344 0.012332303124074373 -0.0084171282819251684 0.0076733985001390627 0.0092303037289664033 -0.0027994604909079186 -0.03167909411917208 -0.025523492662236094 -0.0012851298483105014 0.01950556966025033 -0.021970018599337587 -0.0043913413134959124 -0.0015949895575015558 -0.011389129939786297 -0.0099597268863036836 0.017210372912635056 0.012841643650294625 0.010055316496138019 0.010603988003368451 -0.0012593471890781074 -0.02722578006412368 0.024304507412553692 -0.017667577295715726
leaf_weight=55 97 239 50 75 78 84 56 69 186 86 59 95 96 695 261 74 57 235 59 176 59 131 61 95 63 88 90 52 56 69 106 54 90 56 73 758 315 66 95 63 61 75 296 138 140 79 59 16289 119 62 232 504 93 76 178 202 113 218 99 79 51 85
leaf_count=55 97 239 50 75 78 84 56 69 186 86 59 95 96 695 261 74 57 235 59 176 59 131 61 95 63 88 90 52 56 69 106 54 90 56 73 758 315 66 95 63 61 75 296 138 140 79 59 16289 119 62 232 504 93 76 178 202 113 218 99 79 51 85
internal_value=4.79348e-05 -0.00087056 0.0191608 -0.00122269 0.0173453 0.0145762 0.0222242 0.0301751 0.00733729 -0.00229926 -0.00113834 0.00197669 0.0118428 0.000137595 -0.00148782 -0.00466679 -0.00582077 -0.0089786 -0.0121749 -0.0165306 -0.00269073 -0.00850771 -0.0306055 -0.0384313 0.00376444 -0.00209719 -0.000421001 0.020583 0.00577177 0.0173625 0.0120331 0.000159811 0.028483 -0.000687979 0.00032148 -0.0032932 0.00257589 -0.00621308 -0.00373762 -0.000480267 -0.00177736 -0.0111548 0.00140022 -0.00405163 -0.0130817 -0.0204776 -0.00106374 -0.000940574 0.00275657 -0.0013649 -0.0087486 0.00346218 0.00540313 0.00398246 0.00529003 0.00642935 0.00414606 0.00140713 -0.00330203 -0.0128715 0.00356292 -0.0018749
internal_weight=24570 23677 893 23438 838 691 335 147 356 170 23341 2354 369 1985 20987 2469 2208 1194 869 595 274 380 215 154 217 1014 325 217 751 285 216 110 142 152 204 1234 410 824 154 926 852 215 637 341 203 154 18518 18227 1876 16351 291 1817 1313 1194 1101 1025 847 645 427 178 249 198
internal_count=24570 23677 893 23438 838 691 335 147 356 170 23341 2354 369 1985 20987 2469 2208 1194 869 595 274 380 215 154 217 1014 325 217 751 285 216 110 142 152 204 1234 410 824 154 926 852 215 637 341 203 154 18518 18227 1876 16351 291 1817 1313 1194 1101 1025 847 645 427 178 249 198
is_linear=0
shrinkage=0.03


Tree=48
num_leaves=63
num_cat=0
split_feature=20 13 13 11 21 3 13 15 19 15 2 2 21 20 6 13 20 21 17 13 3 20 6 9 5 13 17 2 13 5 12 21 9 19 3 19 12 21 13 15 15 2 5 21 5 0 20 2 21 2 2 20 2 20 21 5 6 6 2 9 11 11
split_gain=400.871 338.295 154.259 94.7367 76.6179 69.4149 39.4569 34.5549 81.9866 33.9451 33.8535 33.5462 30.7351 33.4793 36.7486 28.354 58.3938 33.8211 28.1546 30.2457 33.1602 28.2003 29.8308 25.3496 25.3209 51.8732 25.9137 38.7064 36.5119 38.8549 31.2135 27.4543 32.772 28.3993 24.9962 23.6471 28.3276 38.8017 28.0235 24.8252 34.4504 46.7171 23.3703 23.2411 21.8679 21.4319 21.3644 26.9934 45.4113 28.3087 24.3538 22.2527 22.1484 21.117 33.9076 24.6348 29.4938 25.206 27.5584 22.4729 22.3321 21.1166
threshold=3.1176223902685902 7.9699423268201111 19.885603929653858 -107.0853463868405 0.036504684508943612 17.311423331440803 28.472805572726916 1.5800609504946629e-10 2.5000000000000004 2.6162882721282753e-08 5.4042000008392055 3.3409260858979981 1.4954735580177552 1.4609906702845001 -0.16788762671345056 20.671958101968034 6.6321986571914104 0.31128966559874655 1.9447083939126635 21.02360987198767 14.788494163218752 51.807085811746354 0.08632417071821942 0.16301990950255088 54.742091473830662 11.215816160376294 3.5996460362470075 5.0330671807030081 13.358879132113104 46.941918782369356 -109.99676292990355 3.2459548656395905 0.39073717599675667 3.5000000000000004 25.603666943072451 4.5000000000000009 -116.62547290624927 3.6877358444958657 23.627021827548209 9.1494520821284319e-09 4.4555739930306032e-09 5.5045257627440316 -18.700991347737148 1.0695766191844054 8.6304021089806024 392.09806972637904 31.404148082624655 5.1726428232039492 2.7346526435438103 5.4945438406536793 5.7269061331676818 25.183824074714256 5.7578709002666049 120.28394016048752 1.2159943321945703 -27.143918818511235 -0.25489990604504958 0.36232857442634142 5.4006677048438023 0.26706573337161116 -101.56441647646199 -106.14925685262698
decision_type=8 2 2 2 8 2 2 2 2 2 2 2 8 8 2 2 8 8 2 2 2 8 2 2 2 2 2 2 2 2 2 8 2 2 2 2 2 8 2 2 2 2 2 8 2 2 8 2 8 2 2 8 2 8 8 2 2 2 2 2 2 2
left_child=2 42 9 12 5 10 -7 -6 -9 45 -5 -3 13 14 -4 16 -13 -18 19 20 -17 22 -20 -8 25 -19 28 -28 -27 31 -29 32 -30 -33 44 -21 37 -37 39 40 -38 -42 -2 -34 -23 -1 47 -40 49 51 -51 -49 53 55 60 56 -48 58 -58 61 -55 -56
right_child=1 11 3 4 7 6 23 8 -10 -11 -12 15 -14 -15 -16 18 17 24 21 35 -22 34 -24 -25 -26 26 27 30 29 -31 -32 33 43 -35 -36 36 38 -39 46 -41 41 -43 -44 -45 -46 -47 52 48 -50 50 -52 -53 -54 54 59 -57 57 -59 -60 -61 -62 -63
leaf_value=0.033614190740604628 0.049244696315544755 -0.019157336364582989 0.012768445575896363 0.029766752271210412 0.0015644008125279359 0.032506014379019392 -0.012257532874444641 0.034602986962482749 -0.0066458636838687612 0.018279493642996435 0.05760406951523489 0.031319838194169156 -0.017295606950831759 0.016038492174187968 -0.010479085117623329 -0.032250235163141037 0.019049495251849295 0.029990861474329399 0.020721252809192885 -0.0012638223492229771 -0.0053310083796673296 0.0029925773647569475 -1.290411723203191e-05 0.012998615460632287 -0.014783691324992104 -0.014806251033411726 0.013073598275271554 -0.027835691999247732 0.00074291952281813826 0.024891214343609618 -0.0026360627237488241 -0.018372371290364991 0.025720530618206564 0.0028298452048175103 0.0087835985293442543 0.017047348236903459 -0.0038691398969240252 -0.011621962995413923 0.0014146605193396864 0.0031280033863507781 -0.037112828664710079 -0.0060783992501858035 0.027950135467956532 0.0068497914983869758 -0.020767277831659662 0.055769584497587905 0.0064968899305256986 -0.010395362803277595 -0.034412800997961311 0.00097393073615712996 -0.020865096332919265 -0.030534204805735498 0.0093718407196285835 -0.036483505500687491 0.018175785163883119 0.00026883308238529613 -0.0095845359793106499 0.005900293960502105 -0.030648230566777825 -0.012585505698277587 -0.010813870704850823 -0.0037870763342943972
leaf_weight=102 66 95 90 170 313 66 51 107 72 72 53 58 81 120 186 59 89 53 151 15671 133 62 106 114 95 114 53 93 939 67 84 114 82 112 109 126 127 63 236 77 105 75 180 205 78 73 96 226 63 308 53 63 142 53 59 1552 176 55 82 133 73 114
leaf_count=102 66 95 90 170 313 66 51 107 72 72 53 58 81 120 186 59 89 53 151 15671 133 62 106 114 95 114 53 93 939 67 84 114 82 112 109 126 127 63 236 77 105 75 180 205 78 73 96 226 63 308 53 63 142 53 59 1552 176 55 82 133 73 114
internal_value=6.151e-05 -0.00108008 0.0141398 0.0103259 0.0158176 0.0246947 0.0130834 0.00759269 0.0180665 0.0359823 0.0366104 -0.00146033 -0.000575821 0.00287909 -0.00287964 -0.00138504 0.00188466 0.00105717 -0.00173056 -0.00190817 -0.0137273 0.00525121 0.0122025 0.00516536 0.000251822 0.00100464 0.000164374 -0.00924089 0.0014939 0.00272616 -0.0159585 0.00168696 0.00345901 -0.0078989 -0.00194355 -0.00179245 -0.00383356 0.00748004 -0.00438816 -0.0120706 -0.0158804 -0.0242868 0.0338396 0.012312 -0.0102985 0.0431205 -0.00353819 -0.00737563 -0.0102831 -0.0078951 -0.00228113 -0.0148756 -0.00209927 -0.00278359 -0.00878005 -0.00145879 -0.00799915 -0.0124518 -0.0163717 -0.00335969 -0.0218137 0.00376456
internal_weight=24595 22925 1670 1423 946 454 231 492 179 247 223 22679 477 396 276 22584 2158 2100 20426 19920 192 506 257 165 2011 1916 1863 230 1633 1519 177 1452 1226 226 249 19728 4057 189 3868 384 307 180 246 287 140 175 3484 949 713 650 361 289 2535 2393 432 1961 409 313 258 306 126 173
internal_count=24595 22925 1670 1423 946 454 231 492 179 247 223 22679 477 396 276 22584 2158 2100 20426 19920 192 506 257 165 2011 1916 1863 230 1633 1519 177 1452 1226 226 249 19728 4057 189 3868 384 307 180 246 287 140 175 3484 949 713 650 361 289 2535 2393 432 1961 409 313 258 306 126 173
is_linear=0
shrinkage=0.03


Tree=49
num_leaves=63
num_cat=0
split_feature=21 13 20 13 19 12 12 13 21 21 20 19 7 4 1 15 9 21 21 7 7 1 21 13 20 9 21 21 5 21 20 7 15 9 21 6 19 7 12 21 16 12 20 7 16 16 6 12 21 13 20 21 12 20 1 5 20 1 20 20 9 9
split_gain=399.863 277.262 64.1992 113.6 68.3048 56.3341 46.3341 46.2688 45.9159 34.0605 49.2203 82.7878 26.1749 40.9284 25.7087 32.5557 25.0129 29.4628 24.4407 23.6007 23.0944 21.6895 21.2446 29.417 32.8064 30.522 33.149 27.3177 25.7705 22.1883 21.2164 24.3264 27.3658 24.1058 23.1579 20.3206 20.0196 19.9169 19.7718 20.5361 19.2711 19.0426 18.424 22.7473 17.7276 19.278 17.6066 17.2885 16.9446 38.0664 48.7613 28.2907 19.5508 20.113 16.7623 16.712 18.4083 24.4273 16.6224 32.6052 16.5139 20.5606
threshold=0.036504684508943612 7.9699423268201111 11.243684383646352 20.766704054497584 2.5000000000000004 -108.48443346942499 -58.169432999648429 20.550213609132204 1.0000000180025095e-35 0.81216651374909465 1.1262410964097451 2.5000000000000004 -0.37426742897757842 79.610692270359223 49.925616395556311 1.793355208488125e-09 0.38263908804748065 1.5752561636515352 0.90766132075096218 0.11013758171034561 -0.38642952479959986 254.26149972643503 2.0200260628615507 26.470322614914931 8.3239899629552365 0.22507583427481584 1.1369920923094752 1.2767890824223354 18.023722622784856 1.5449426539069753 0.47894238492311508 0.16901005135764183 1.597970854746728e-09 0.36853420016226718 0.022358981364493106 -0.050072129576258277 4.5000000000000009 0.0034050859490655232 -78.898988587651289 4.4445099636227114 11.666920171113992 -101.54864227411561 12.347912724316052 0.075309247247047587 10.572153292883035 10.137992316028393 0.010041677325544287 -105.19065035166662 0.36715599833097856 32.568517897323161 41.783258875675308 0.41697579079349856 -105.64216972562893 61.767582693634807 135.08099739252904 10.589024147723451 70.94379686197901 575.3950315833946 121.74579816547102 44.662384935203256 0.10348135121086834 0.29498689452751142
decision_type=8 2 8 2 2 2 2 2 8 8 8 2 2 2 2 2 2 8 8 2 2 2 8 2 8 2 8 8 2 8 8 2 2 2 8 2 2 2 2 10 2 2 8 2 2 2 2 2 8 2 8 8 2 8 2 2 8 2 8 8 2 2
left_child=5 58 3 4 18 7 12 -1 -7 10 -5 37 13 16 15 35 17 -4 -3 46 41 -6 23 47 25 27 -27 -25 60 -29 33 32 34 -10 -32 -11 -13 -12 39 -18 42 -16 43 -14 45 48 -9 -22 49 50 -44 -50 53 -51 -54 56 -52 -58 59 -2 -24 -62
right_child=1 2 6 9 21 8 -8 19 30 14 11 36 40 -15 20 -17 38 -19 -20 -21 22 -23 28 24 -26 26 -28 29 -30 -31 31 -33 -34 -35 -36 -37 -38 -39 -40 -41 -42 -43 44 -45 -46 -47 -48 -49 51 52 55 -53 54 -55 -56 -57 57 -59 -60 -61 61 -63
leaf_value=0.029590550002355415 0.040934383912110066 0.051380708970015079 0.0018033319780745118 -0.0084754041548259201 -0.0032854982420622582 0.0042692894449767966 -0.023030537615447731 0.02188699293288995 0.029721097661279734 -0.017222625848436209 0.022775256312225624 0.0099624560849874144 0.0015127154972797143 -0.025822325359739651 0.021458427614221971 -0.03191702393486219 -0.002713948697273043 -0.025043775026500223 0.025448492020368575 -0.0089937116009304718 0.0048604164482925882 0.019505431185597961 -0.023229557733638617 0.016961279187176839 0.013097000021057634 -0.033302325127491102 -0.0058363934581026136 -0.020493458742275834 0.0072432345552602782 0.0049570770816583379 0.030908571007153527 0.0068890410232176971 0.042546107715516465 0.052775551390491032 0.0043257069188085469 0.0072034003631159353 -0.01332070403207432 0.048513163512403312 0.012421408281850352 -0.016236335567971865 0.010625871833014701 -0.0019082064784015527 0.038171360398135963 -0.023511797105510757 -0.018392970054673979 0.01555030507212948 0.0010001268863632548 0.025337675899465787 -0.017334313829030307 0.0197512994498267 0.026632563476092538 -0.0011702370151286826 -0.021863877999743347 -0.0021974414166134708 -0.0034956787640484871 -0.0038666510005894391 0.01958108468218283 -0.0078994962609102645 0.045376698964021418 0.01601591496277251 0.0012499453369930066 -0.015683408971906693
leaf_weight=77 80 57 58 98 82 80 89 65 177 53 60 83 59 76 80 50 2204 99 85 91 83 68 68 79 116 53 150 51 99 75 65 66 73 56 54 70 54 54 73 105 125 51 50 72 52 62 81 67 97 58 51 17572 56 103 210 96 54 61 54 119 138 120
leaf_count=77 80 57 58 98 82 80 89 65 177 53 60 83 59 76 80 50 2204 99 85 91 83 68 68 79 116 53 150 51 99 75 65 66 73 56 54 70 54 54 73 105 125 51 50 72 52 62 81 67 97 58 51 17572 56 103 210 96 54 61 54 119 138 120
internal_value=3.59764e-05 -0.000729767 -0.00106631 0.00401297 0.0213032 0.0197962 -0.00154977 0.00954665 0.025406 0.00112076 0.00949331 0.0165148 -0.00145933 -0.0042708 -0.00096721 -0.0117606 -0.00361579 -0.0151771 0.0361444 0.00293752 0.000559208 0.00710714 -0.00086411 0.00244733 -0.000912936 -0.00491844 -0.0131354 0.00324262 -0.00610908 -0.00542458 0.0288342 0.022733 0.0281155 0.0354639 0.0189823 -0.00337565 0.000755127 0.0352827 -0.00284772 -0.00333563 -0.0010676 0.012416 -0.00114653 -0.0123151 -0.00106688 -0.00101711 0.0103847 0.0141142 -0.00107375 0.00337395 0.0113219 -0.00125995 -0.00244635 0.00578267 -0.00743007 0.00607232 0.0118089 0.00506199 0.0304461 0.026188 -0.0101737 -0.00665618
internal_weight=24664 23779 23526 2044 292 885 21482 314 571 1752 349 251 21393 2615 1403 173 2539 157 142 237 1230 150 1099 674 524 408 203 205 425 126 491 258 192 233 119 123 137 114 2382 2309 18778 131 18653 131 18522 18470 146 150 18408 739 312 17669 427 161 266 262 166 115 253 199 326 258
internal_count=24664 23779 23526 2044 292 885 21482 314 571 1752 349 251 21393 2615 1403 173 2539 157 142 237 1230 150 1099 674 524 408 203 205 425 126 491 258 192 233 119 123 137 114 2382 2309 18778 131 18653 131 18522 18470 146 150 18408 739 312 17669 427 161 266 262 166 115 253 199 326 258
is_linear=0
shrinkage=0.03


Tree=50
num_leaves=63
num_cat=0
split_feature=21 13 3 11 13 19 21 3 12 5 7 13 12 15 12 13 13 15 7 5 5 12 11 15 15 12 3 1 8 6 12 11 8 3 1 3 5 7 8 3 15 1 1 8 15 8 21 13 6 15 3 6 21 11 13 3 7 7 15 12 11 1
split_gain=337.201 319.355 69.866 39.0227 27.8448 66.9455 49.6394 40.2265 60.848 26.466 24.1126 22.8527 42.114 21.2953 20.6162 28.9587 40.5244 24.6515 19.1139 19.017 42.3777 18.7649 45.977 18.6837 18.0334 27.367 16.9044 16.2904 15.0288 36.7657 35.5371 40.218 33.4753 33.3706 28.2314 25.5978 24.4757 30.8003 27.1677 20.7862 20.6722 40.7425 42.9742 45.3818 34.1882 31.6335 44.7377 37.2182 28.4838 26.1262 18.7019 18.3328 23.5721 22.6501 24.9583 30.6961 24.7998 48.596 40.7097 42.6207 30.5809 26.4064
threshold=0.036504684508943612 7.9699423268201111 15.555530749449902 -58.267354290735689 20.671958101968034 2.5000000000000004 0.89481587101820359 33.787673211269059 -100.61878756137999 34.43040323791201 0.46690385474623436 30.015888264602982 -103.96547893710299 1.5881867761018134e-22 -104.13368732271026 16.893312118921909 13.358879132113104 6.8605076709438951e-09 0.043280435684321279 -4.5890270637360997 22.444695673624505 -126.10251266064104 -128.37817988323948 6.3073480890464295e-07 4.4964850931832601e-09 -90.538148259396309 37.612520103678506 647.04402261877658 0.23098423916020441 0.16527663011617746 -106.29355040282736 -103.49818112464999 0.17076995654380647 5.4076808676790158 299.65738964835555 36.660617641938607 2.4989134675659526 0.21590310411728722 0.1977721069280565 23.056007424396004 4.8267457866821283e-09 837.13169250595308 236.06463886565504 0.030109618088256077 1.0022901083143318e-08 0.094123491359471526 1.0695766191844054 22.744095587374527 -0.057679691702085971 4.3187530541825308e-09 24.664102095761354 -0.11560960222766048 4.4445099636227114 -102.66398826294399 41.950203120470526 7.9874327278439257 0.0034050859490655232 0.08669558775173726 6.0497727192217393e-10 -108.5687567983875 -105.99015054168298 35.034374466811506
decision_type=8 2 2 2 2 2 8 2 2 2 2 2 2 2 2 2 2 2 2 2 2 2 2 2 2 2 2 2 2 2 2 2 2 2 2 2 2 2 2 2 2 2 2 2 2 2 8 2 2 2 2 2 10 2 2 2 2 2 2 2 2 2
left_child=2 23 19 4 5 6 7 8 -3 11 -7 12 -4 26 15 16 -8 -17 -5 -1 -21 22 -6 -2 -16 -26 -13 -11 29 40 32 50 -31 -33 39 -36 38 -38 -35 -34 49 42 44 -44 -42 47 -47 -45 -46 51 -32 52 -23 56 55 -55 -53 -58 61 -60 -61 -59
right_child=1 3 9 18 21 10 14 -9 -10 27 -12 13 -14 -15 24 17 -18 -19 -20 20 -22 28 -24 -25 25 -27 -28 -29 -30 30 31 33 34 36 35 -37 37 -39 -40 -41 41 -43 43 45 48 46 -48 -49 -50 -51 -52 53 -54 54 -56 -57 57 58 59 60 -62 -63
leaf_value=0.039228482337127765 0.039110095628129782 0.048474930796342394 0.0066019292418346845 -0.031948516416750006 -0.0083918794113046983 -0.00037678316981105823 -0.012687848115909017 0.001743344276611294 0.012361667745445106 0.013021641710603779 -0.019047917430790571 0.015666666633559988 0.035885250968858598 -0.010300036049980553 -0.0019340877749670581 0.0019831026520773349 0.020727492400293562 -0.026313284380456149 -0.0059447220543070748 0.0092584609027929424 0.038684883768220837 0.0019407117874807604 0.025601394595088141 0.02084468948690197 0.034533011181629263 0.0069754650598925572 -0.0023064443105949629 0.036200306238764419 -0.00053959183059008387 -0.02365369132153233 -0.013683552871119569 -0.024926352828000504 -0.0084311847513991178 0.0092259984890115457 0.00043638891206953574 -0.02149699629087683 -0.022682609579672938 0.0047453994789922772 -0.0074924577786611305 0.011723677696873503 -0.005677325347293179 0.019948101385186115 -0.034471691260598118 -0.017800693871646091 -0.0037971620742351772 -0.035095489663684643 -0.0069937159847784959 0.012463432662189007 0.023220069443852433 0.012166223929619746 -0.033679278788784905 -0.0066378118085653167 -0.012703919970215513 -0.0067386871796993042 -0.0013104243118029373 0.011979809811585869 0.011358443336632055 0.013227709621553205 -0.0014727286674917257 -0.043856368134212162 -0.013419642699084111 -0.0025250997688044982
leaf_weight=123 167 77 128 52 67 1473 53 69 93 54 64 117 67 74 64 52 82 58 50 92 85 2027 75 78 51 88 78 58 11162 52 87 82 57 159 147 70 113 54 192 226 358 53 76 57 61 75 157 98 81 135 85 1432 103 107 1793 293 236 107 115 53 69 845
leaf_count=123 167 77 128 52 67 1473 53 69 93 54 64 117 67 74 64 52 82 58 50 92 85 2027 75 78 51 88 78 58 11162 52 87 82 57 159 147 70 113 54 192 226 358 53 76 57 61 75 157 98 81 135 85 1432 103 107 1793 293 236 107 115 53 69 845
internal_value=1.43006e-05 -0.000599026 0.0183467 -0.000958211 -0.000876314 0.00231472 0.0100927 0.0211045 0.0289067 0.0121972 -0.00116612 0.00900172 0.0167951 0.00331094 0.00418413 -0.00167537 0.00761204 -0.0130395 -0.019383 0.030074 0.0235277 -0.00121502 0.00961579 0.0334034 0.0112295 0.0172609 0.00850233 0.025239 -0.00128935 -0.002156 -0.00679792 -0.0109498 -0.000982063 -0.00726055 0.00141829 -0.00670505 -0.0044214 -0.0138382 8.55551e-05 0.00764882 -0.00141756 -0.00542526 -0.00684096 -0.0134163 -0.000737601 -0.00920316 -0.01619 0.00129128 0.0116687 -0.000860249 -0.0237027 -0.00110684 0.00122691 -0.00209122 0.00020209 0.00696829 -0.00385099 -0.00104779 -0.00351773 -0.0146154 -0.0268912 -0.000742541
internal_weight=24406 23530 876 23285 23183 2224 687 239 170 576 1537 464 195 269 448 245 135 110 102 300 177 20959 142 245 203 139 195 112 20817 9655 1324 772 552 600 500 217 518 167 351 283 8331 1016 963 463 500 387 232 155 142 7315 172 7180 2130 5050 2193 400 2857 1425 1189 237 122 952
internal_count=24406 23530 876 23285 23183 2224 687 239 170 576 1537 464 195 269 448 245 135 110 102 300 177 20959 142 245 203 139 195 112 20817 9655 1324 772 552 600 500 217 518 167 351 283 8331 1016 963 463 500 387 232 155 142 7315 172 7180 2130 5050 2193 400 2857 1425 1189 237 122 952
is_linear=0
shrinkage=0.03


Tree=51
num_leaves=63
num_cat=0
split_feature=13 20 13 1 0 12 1 16 15 16 20 10 20 13 20 15 0 1 12 12 20 15 20 20 15 20 12 11 4 11 15 15 1 1 4 10 10 12 15 0 4 11 1 20 1 11 20 20 4 20 15 20 20 13 13 13 13 11 16 1 0 20
split_gain=301.795 222.034 137.485 93.5564 65.937 61.8704 27.2816 28.1681 26.4872 24.841 24.2479 69.8829 34.3289 23.7577 24.959 22.0111 21.7906 34.8523 20.3097 19.7928 33.9095 21.0554 28.5659 26.9286 26.6216 25.4363 21.95 19.0841 27.5301 18.4667 18.4619 28.8899 18.3667 18.3431 16.8063 20.4786 18.6224 16.2262 16.1735 29.9177 15.7876 22.6522 20.3396 62.8144 20.8976 32.3501 20.0491 29.2289 25.2685 21.1988 20.2513 20.9164 19.0807 31.5774 16.5491 26.963 21.4271 21.6803 33.5982 30.554 18.8888 16.1503
threshold=7.9699423268201111 3.9913786367212603 20.263537860696456 865.47141884479663 367.03702681209307 -108.97932718383083 909.82836450838306 10.137992316028393 2.6162882721282753e-08 1.0305959579886638e-06 38.759897881470103 3.5000000000000004 55.886308158878556 30.015888264602982 6.1494825792491111e-13 8.3251692886251791e-09 260.04968527580206 1142.6428715872551 -108.89912960389412 -114.52640459224496 8.3239899629552365 7.3899607697400691e-09 127.47049585959252 74.366726388535525 2.7295858633172573e-08 88.326010283385713 -124.63894669376059 -114.10638868843448 61.708294654111306 -113.94448981877699 1.4782669592848835e-08 3.6546809977603888e-08 30.829458223008555 824.50999647408014 65.265407499425763 3.5000000000000004 2.5000000000000004 -117.93888886665901 1.4359057860773666e-08 464.99519576151755 3.2273314045087904 -113.62104990464748 90.487241329877307 26.023474505580456 162.33614532905554 -109.77574151444749 133.61860080125103 100.62232484992153 -24.208865864671147 201.41075510857351 1.999728447970222e-09 165.85504871891501 99.810306735100369 38.476500636829996 23.627021827548209 21.468642546038478 27.480533193555775 -105.05130140008499 1.0000000180025095e-35 332.61648625533059 491.60371931102407 89.026908679007065
decision_type=2 8 2 2 2 2 2 2 2 2 8 2 10 2 8 2 2 2 2 2 8 2 10 8 2 8 2 2 2 2 2 2 2 2 2 2 2 2 2 2 2 2 2 8 2 2 10 10 2 8 2 8 10 2 2 2 2 2 2 2 2 8
left_child=-1 2 8 5 -5 -4 7 19 33 10 11 -8 -12 -6 -15 -9 17 -14 -11 20 -3 22 23 26 38 37 -22 28 -21 -29 -17 -32 -28 -2 35 36 -7 -25 39 -23 42 61 43 -31 45 -44 47 48 -46 50 51 -48 -45 -54 55 -50 -56 58 -58 -60 -59 -42
right_child=1 6 3 4 13 34 9 15 -10 18 12 -13 16 14 -16 30 -18 -19 -20 27 21 24 -24 25 -26 -27 32 29 -30 40 31 -33 -34 -35 -36 -37 -38 -39 -40 -41 41 -43 44 52 46 -47 49 -49 54 -51 -52 -53 53 -55 56 -57 57 60 59 -61 -62 -63
leaf_value=0.033502174535953735 0.040824096283126991 0.025388459962918063 -0.0087842506721395076 0.032577335770979432 0.023398907531366642 0.0049363436763330045 0.0041830274218566787 0.023040264893485148 0.01215598448042703 -0.02289609516830236 -0.012425108110311172 0.039500416840857533 0.012189314999907721 -0.014910600605765536 0.009658700271042148 -0.011670446479693055 0.0085643440134760534 -0.017846838310360907 0.0008114603792919832 -0.0032163570096331215 0.021807907086331395 0.013256568173842074 0.012244910231154215 -0.0059445982977100039 0.0040688237387960235 -0.00070598399167627309 -0.011025184638286663 0.012755206851396469 -0.027705612656522969 -0.029610826422212994 0.023231687547762274 -0.0032546473494390162 0.0052357333109974364 0.022544273037116886 0.022523109795017673 0.017423687946437946 -0.012198684529575985 -0.028086169873260788 -0.021002408337500906 -0.014860613237163334 -0.022729978688317352 -0.0011002678371238859 -0.011834816336037314 -0.007183803964333965 0.013448889203369617 0.0080043685781480411 -0.013079400176013058 0.0097262233397500085 0.00057758116758325031 0.005106416366994381 -0.00067250093844320089 -0.037537568380289217 -0.012652960309060291 0.01377112936760698 0.010681430857318142 -0.028343200846575198 -0.0033064700382900059 -0.0031301988221457576 -0.033356245122849938 -0.0089658175550599 0.010609390652165389 -0.0015165618614389979
leaf_weight=241 136 51 345 172 68 530 205 68 67 52 117 66 60 51 130 53 444 80 84 129 63 51 227 68 166 573 70 80 60 101 67 81 525 85 54 105 63 53 96 98 74 15511 93 553 74 347 87 164 53 54 55 50 63 111 89 63 322 671 79 112 103 57
leaf_count=241 136 51 345 172 68 530 205 68 67 52 117 66 60 51 130 53 444 80 84 129 63 51 227 68 166 573 70 80 60 101 67 81 525 85 54 105 63 53 96 98 74 15511 93 553 74 347 87 164 53 54 55 50 63 111 89 63 322 671 79 112 103 57
internal_value=2.9719e-06 -0.000165612 0.00995322 0.00633782 0.018342 0.00171841 -0.000975596 -0.0012126 0.0289215 0.00361284 0.0052941 0.0128979 0.00234035 0.00841785 0.00269197 0.00841647 0.00531468 -0.00497905 -0.00835415 -0.0013352 0.00147272 0.000847357 0.00242195 0.000764855 -0.0051932 -0.00335549 0.00510913 -0.00163445 -0.0110956 -0.00153958 0.00337955 0.00881123 0.0033074 0.0339266 0.00654205 0.00527524 0.00309846 -0.0157937 -0.0114597 -0.00521239 -0.00160081 -0.00120566 -0.00350521 -0.00756038 -0.00211289 0.00379376 -0.00342939 -0.00228636 -0.00354979 -0.011426 -0.016078 -0.0222131 -0.00446051 0.00418615 -0.00440133 -0.0152374 -0.00347743 -0.00446409 -0.00924052 -0.0191752 -0.00129047 -0.0135811
internal_weight=24620 24379 1806 1518 421 1097 22573 21465 288 1108 972 271 701 249 181 269 584 140 136 21196 2041 1990 1579 1352 411 694 658 19155 189 18966 201 148 595 221 752 698 593 121 245 149 18886 15642 3244 828 2416 440 1976 1730 1566 246 192 137 727 174 1492 116 1376 1287 513 191 774 131
internal_count=24620 24379 1806 1518 421 1097 22573 21465 288 1108 972 271 701 249 181 269 584 140 136 21196 2041 1990 1579 1352 411 694 658 19155 189 18966 201 148 595 221 752 698 593 121 245 149 18886 15642 3244 828 2416 440 1976 1730 1566 246 192 137 727 174 1492 116 1376 1287 513 191 774 131
is_linear=0
shrinkage=0.03


Tree=52
num_leaves=63
num_cat=0
split_feature=20 13 13 1 11 11 21 1 9 3 1 3 8 9 8 19 8 20 21 20 0 13 21 1 4 9 13 4 11 4 3 4 4 9 11 4 21 4 0 8 11 21 20 11 15 3 20 1 4 21 8 20 8 20 20 4 1 0 15 15 20 4
split_gain=274.46 202.661 155.325 76.108 51.0518 46.4225 31.4824 29.804 32.2137 38.9699 41.0525 29.0501 32.5445 35.824 28.6471 27.9834 31.5149 31.1729 49.1017 83.2426 55.998 47.0498 41.79 34.0228 30.3234 29.9016 45.4988 37.2976 35.1648 31.7728 27.529 35.6383 33.5392 31.0417 27.3991 27.3911 26.5698 26.4495 29.8016 28.6473 25.8728 25.6284 25.1589 29.5573 32.9215 32.6187 28.531 25.0967 55.2528 24.7928 24.7134 35.0118 24.6278 29.3037 23.776 28.4964 25.8562 33.1945 34.2341 31.2474 31.5646 46.3965
threshold=6.6321986571914104 7.9699423268201111 23.027738602030471 666.69690313056765 -58.267354290735689 -99.187937318090434 2.6036499799719652 605.8912492022622 0.35714054947328028 5.8746980624174663 351.10570062717454 40.816609482854957 0.16683702427524774 0.18065653393890366 0.077167376903536158 4.5000000000000009 0.48671835529666302 42.72785331828576 0.67863621118673711 13.714036656288203 352.76072856159902 50.498843589471157 0.33676839252946256 498.6201508432776 67.483766396678462 0.21950901620019539 16.126348470842384 47.118747841215402 -89.797971291822691 42.805571194263308 18.352755906325704 56.564931553792754 63.031228846168958 0.097445885372253752 -106.92942128424649 43.596529696273755 0.83585823263001158 10.126419480234352 484.90201967223658 0.092183459666751691 -112.70057751924249 0.025924569724350303 23.669056305353106 -106.63700431845548 5.8167939457339324e-09 36.660617641938607 26.023474505580456 472.42063512281754 -1.3973134353008247 2.6419840539898205 0.33062108263324058 21.321719164710004 0.48996733884051619 108.09630462615952 86.756998718055115 -26.714811123707644 530.77699346608404 280.83374092469603 1.519301268917046e-08 5.7528882342391325e-09 83.784065184473064 21.862211967008353
decision_type=8 2 2 2 2 2 8 2 2 2 2 2 2 2 2 2 2 8 8 8 2 2 8 2 2 2 2 2 2 2 2 2 2 2 2 2 8 2 2 2 2 8 8 2 2 2 8 2 2 8 2 8 2 8 10 2 2 2 2 2 10 2
left_child=2 -2 6 7 15 -5 37 8 9 -4 11 12 14 -14 -11 17 25 18 19 -3 -20 22 -21 34 42 27 -27 28 29 -17 33 -32 -33 -29 -23 -12 -7 -1 39 -39 -26 -10 47 45 46 -44 -45 48 -22 -30 51 -50 54 -54 55 -19 59 -58 -59 60 -57 -62
right_child=1 4 3 5 -6 36 -8 -9 41 10 35 -13 13 -15 -16 16 -18 52 20 21 24 23 -24 -25 40 26 -28 30 49 -31 31 32 -34 -35 -36 -37 -38 38 -40 -41 -42 -43 43 44 -46 -47 -48 -49 50 -51 -52 -53 53 -55 -56 56 57 58 -60 -61 61 -63
leaf_value=0.047161792688061456 0.02751412901444112 0.03888184271285354 0.023640327647735829 0.0074650053839967956 -0.024097911240939785 0.030852345021693119 0.0030355624614630712 -0.018028531219346222 0.026393957167215966 -0.0093580053526463661 0.00065008327297583289 0.0042590247499756512 0.0079833969251906622 -0.016586579896994084 -0.039252433755900706 -0.00038912321161149667 0.011709729963452159 -0.021838124920900624 0.0065437389478774557 0.038806374817918717 -0.029954994201313617 0.00042756716994678273 0.0064946787394583221 0.0099379408429679152 -0.0035142212633330087 -0.031048151519332476 -0.0052159145549076939 0.0098514035516544373 -0.023005964867696793 -0.020427979300729929 0.022629960368625645 -0.011232526849264339 0.01056106482132046 -0.015957487126831538 -0.029521157828571853 0.024314587117443161 0.0082308384625991767 0.0106503378895714 0.0097748351583364784 0.032815212041157171 -0.02606261572654707 0.0055099251586641484 0.010942410721930614 0.018713667604355857 -0.020232708954914327 -0.0054118683388722786 -0.0026049805130848348 0.0029339632730114203 -0.0052190764327399797 -0.0011422955076134686 0.0039534961857781228 -0.030844780179587274 0.0036480337273742704 -0.01728237642471989 0.00063330887515611388 -0.00012993900220597621 -0.017003068362125257 -0.004578747788444238 0.01911251163012103 -0.0071636540009287174 -0.035576896913314289 0.002207108942731734
leaf_weight=50 221 79 51 377 87 167 58 70 68 54 152 119 93 123 63 1131 122 64 983 51 85 50 119 76 103 62 2442 73 129 75 128 92 200 96 60 61 66 67 103 264 82 230 435 64 82 146 431 300 382 73 215 54 90 179 4503 6192 189 1503 56 685 55 61
leaf_count=50 221 79 51 377 87 167 58 70 68 54 152 119 93 123 63 1131 122 64 983 51 85 50 119 76 103 62 2442 73 129 75 128 92 200 96 60 61 66 67 103 264 82 230 435 64 82 146 431 300 382 73 215 54 90 179 4503 6192 189 1503 56 685 55 61
internal_value=1.9036e-05 -0.00100652 0.010016 0.00553663 -0.00129316 0.014004 0.0239801 0.000763276 0.00207702 -0.00137489 -0.00332596 -0.00843722 -0.0129735 -0.0060198 -0.0256512 -0.00120188 -0.00327595 -0.000649835 0.00175279 0.0112249 0.000524238 0.00499588 0.0163584 -0.00542119 -0.00196472 -0.00368465 -0.00586767 -0.000945835 -0.0035971 -0.00165121 0.00538736 0.00949504 0.00367969 -0.0048169 -0.0160269 0.00750919 0.0245071 0.0264785 0.0239927 0.0283743 -0.013595 0.0103477 -0.000978293 0.00205959 -0.00274789 0.00683049 0.000183542 -0.00437263 -0.00735081 -0.0151493 -0.004358 -0.00845622 -0.00132184 -0.0102921 -0.00113976 -0.00204651 -0.00189911 -0.00516158 -0.00371604 -0.00108299 -0.000421648 -0.0158587
internal_weight=24541 22305 2236 1694 22084 610 542 1084 1014 716 665 452 333 216 117 21997 4623 17374 3797 435 3362 356 170 186 2379 4501 2504 1997 1408 1206 589 420 292 169 110 213 233 484 434 331 185 298 2194 1158 577 581 495 1036 736 202 651 436 13577 269 13308 8805 8741 1748 1559 6993 6308 116
internal_count=24541 22305 2236 1694 22084 610 542 1084 1014 716 665 452 333 216 117 21997 4623 17374 3797 435 3362 356 170 186 2379 4501 2504 1997 1408 1206 589 420 292 169 110 213 233 484 434 331 185 298 2194 1158 577 581 495 1036 736 202 651 436 13577 269 13308 8805 8741 1748 1559 6993 6308 116
is_linear=0
shrinkage=0.03


Tree=53
num_leaves=63
num_cat=0
split_feature=16 21 3 13 21 2 13 19 7 4 3 7 21 12 12 16 3 21 7 13 3 7 4 4 7 7 4 12 12 12 3 21 2 12 7 12 0 3 3 7 7 7 12 16 16 15 21 2 2 7 7 10 4 16 7 7 13 21 13 13 15 7
split_gain=250.649 234.972 90.8614 73.0063 37.7269 37.1342 37.7469 47.8457 41.2938 41.3156 37.6146 31.0375 29.1885 38.387 30.6596 33.659 33.348 29.3537 28.4476 27.9787 25.9827 25.4696 23.4149 31.2512 29.1576 25.9221 23.0526 21.4505 21.2864 29.0699 20.8329 20.463 19.1775 18.9746 18.5911 18.2887 16.6164 19.4612 16.9032 28.9667 15.6149 41.6441 14.9012 13.6752 20.2407 13.8821 13.1098 13.9532 12.5531 12.3993 11.9058 11.8915 17.4907 11.8219 38.5505 26.5517 16.8682 53.4087 21.3868 36.0221 35.4734 48.0955
threshold=16.829531358139203 0.082061478739839766 18.198428345230202 28.472805572726916 0.0023731366481001153 3.6875539612022563 20.671958101968034 2.5000000000000004 -0.30025935922027175 72.001668225439317 21.462984176492352 0.46690385474623436 0.77329550501624056 -100.61878756137999 -105.49984725421497 1.0000000180025095e-35 22.537606023879054 1.5557908610220303 -0.34369057851667767 44.291108416770754 30.808358781307302 0.011581815072471803 63.92336691343791 26.752107861482553 0.027009487135792657 0.075309247247047587 67.483766396678462 -112.12969464948124 -126.10251266064104 -128.17780681776648 28.799540434568353 0.64996894818873363 5.5662702005478595 -103.64112622616881 0.49317485972446168 -114.72152498893956 186.54233507567753 15.180246011363451 8.8261916303099017 0.11013758171034561 -0.20308610512899825 -0.12028191491681105 -101.76194613957999 6.9130483519114181 1.0000000180025095e-35 1.0552450001778073e-08 1.5661751892854603 5.3801556681168643 5.4636906714495757 0.19168471387921862 0.33021175230396344 3.5000000000000004 77.739411033348475 7.364259080176085 0.27246464047947333 -0.2719430835174616 20.940839995427613 1.3208041207073504 24.373778119893753 24.165312313685096 4.9800704829392021e-09 0.42893693625563517
decision_type=2 8 2 2 8 2 2 2 2 2 2 2 8 2 2 2 2 10 2 2 2 2 2 2 2 2 2 2 2 2 2 10 2 2 2 2 2 2 2 2 2 2 2 2 2 2 8 2 2 2 2 2 2 2 2 2 2 10 2 2 2 2
left_child=1 2 4 27 -1 10 7 12 9 -9 21 26 13 20 16 17 -14 -16 -5 -20 -7 -3 23 25 -25 -6 31 -4 29 -8 -29 -10 33 -21 53 -18 -33 38 39 -38 -39 -42 50 44 -43 -45 -36 -48 49 -2 51 52 -28 56 55 -55 57 -30 59 -58 -60 -62
right_child=48 5 3 18 22 6 28 8 11 -11 -12 -13 14 -15 15 -17 35 -19 19 32 -22 -23 -24 24 -26 -27 42 30 34 -31 -32 36 -34 -35 46 -37 37 40 -40 -41 41 43 -44 45 -46 -47 47 -49 -50 -51 -52 -53 -54 54 -56 -57 58 -59 60 -61 61 -63
leaf_value=0.0050256500116419899 0.026240943076805426 -0.038748716117125555 0.0086146581503139304 0.018294191073287613 0.046449137364004855 0.046667229865606008 -0.0023853799210319035 -0.0050032113603579358 0.015244330381788313 -0.033871182136437188 0.0036270671346309508 -0.018609046332892919 -0.020168593145573316 0.0046345940273177606 0.010715947943716877 -0.0010898122134116979 -0.0038434430587999885 0.039010401574502647 -0.024986464252941449 0.013883238148063104 0.015894463798579048 -0.010852726021360965 0.047516916747268462 0.0013984448187152987 0.031007781376280241 0.019133851304130596 -0.00029650442158946625 0.014469749438261764 -0.03600679145928902 0.02475186462743351 0.037162628916588114 0.014140818714148412 -0.012146221934817731 -0.0050891030178172513 0.019503007277846336 0.01543882209182823 0.012358166114759763 0.012986040780893885 -0.022177615174105467 -0.016506672119590598 -0.026527091796457205 0.0056065555590581384 0.022855198740898097 0.021936843180481124 -0.01104784707107195 0.0019294500714962983 0.011909101652455028 -0.0095203627733623265 0.016015014669905275 0.042187603434890898 0.019057785464184622 -0.0026378385653329449 0.022549149643041586 -0.016152359943750291 -0.024940453799707548 0.0034713368556324405 0.00015566076485221161 0.0031092667914927007 -0.0016400611436783192 0.015381522442027926 -0.0097789160041085541 0.02002778252156881
leaf_weight=70 129 58 109 54 79 51 78 222 74 55 65 62 66 88 81 90 100 56 52 93 50 61 54 69 52 55 64 73 51 64 76 58 95 95 59 78 55 77 70 70 52 140 60 50 122 81 58 50 58 75 55 128 56 85 83 222 2066 79 16888 149 790 51
leaf_count=70 129 58 109 54 79 51 78 222 74 55 65 62 66 88 81 90 100 56 52 93 50 61 54 69 52 55 64 73 51 64 76 58 95 95 59 78 55 77 70 70 52 140 60 50 122 81 58 50 58 75 55 128 56 85 83 222 2066 79 16888 149 790 51
internal_value=-1.07211e-05 -0.000691215 0.0133507 0.00650035 0.0249973 -0.00131362 -0.00120581 0.00251994 -0.000360185 -0.0108363 -0.0147008 0.00192431 0.00927852 0.0192094 0.00526125 0.0131716 -0.0021217 0.0224804 -0.00171197 -0.00498169 0.0317384 -0.0246587 0.0294908 0.0255029 0.014273 0.0354624 0.00298917 0.0188413 -0.00160246 0.00993305 0.0262152 0.00028084 -0.00123087 0.00431995 -0.00168234 0.00464514 -0.00116574 -0.00242189 -0.0104823 -0.00380886 0.000603458 -0.00156346 0.00930536 0.00179856 -0.00216107 0.0096742 0.00825761 0.00199173 0.0287546 0.0322809 0.00655587 0.00371786 0.010463 -0.00176386 -0.00693093 -0.00199674 -0.00166313 -0.012394 -0.00159256 0.00118636 -0.0019398 -0.00794974
internal_weight=24456 24194 1026 647 379 23168 22984 2211 1551 277 184 1274 660 189 471 227 244 137 389 335 101 119 309 255 121 134 1212 258 20773 142 149 849 283 188 20631 178 775 717 195 125 522 445 363 393 262 131 167 108 262 204 303 248 120 20464 390 307 20074 130 19944 2215 17729 841
internal_count=24456 24194 1026 647 379 23168 22984 2211 1551 277 184 1274 660 189 471 227 244 137 389 335 101 119 309 255 121 134 1212 258 20773 142 149 849 283 188 20631 178 775 717 195 125 522 445 363 393 262 131 167 108 262 204 303 248 120 20464 390 307 20074 130 19944 2215 17729 841
is_linear=0
shrinkage=0.03


Tree=54
num_leaves=63
num_cat=0
split_feature=20 10 15 21 1 12 7 6 3 0 16 3 6 21 20 1 3 20 15 3 21 20 20 1 16 3 6 7 7 21 20 6 0 12 12 21 3 0 7 8 6 12 6 11 7 20 7 10 0 12 0 3 21 16 16 15 3 7 21 3 6 20
split_gain=267.591 196.18 69.4281 56.2671 54.7012 52.0141 45.9608 40.021 33.9171 30.7634 27.1713 27.4465 24.7201 24.5957 65.2385 37.5622 36.8659 31.8604 27.0483 40.6872 44.2787 33.8677 33.2067 32.5374 24.4577 26.4731 23.7737 23.3341 42.665 44.6447 31.9649 47.4278 30.919 22.1803 23.3709 22.0188 21.9029 21.2925 20.8145 20.0034 19.8363 29.2847 31.4216 28.4339 23.8071 22.9315 20.443 19.6177 36.2397 19.551 21.309 21.5638 19.5485 19.1901 19.0937 23.9994 18.7232 18.6244 22.4131 19.2296 45.6057 34.0845
threshold=3.9913786367212603 9.0000000000000018 7.2305518765730566e-10 0.036504684508943612 316.55721303296406 -98.077216196482411 -0.19115992804910051 0.18127009462718305 18.775289639545655 56.4905538282188 0.0018218170634586783 33.401928627396508 0.24071142867898845 0.69079529357817959 13.298681841841001 176.51716406791101 41.94587017137416 40.74343990171181 1.4986625881021632e-09 15.555530749449902 0.36715599833097856 20.814426856861456 155.35318879465504 21.874315194726055 1.0000000180025095e-35 14.788494163218752 0.29169390903349163 -0.37426742897757842 -0.3826819470216502 1.7678240478036453 155.35318879465504 -0.092490259630797475 614.03584980661708 -99.42552450313606 -105.64216972562893 0.70512962592671713 21.304671031126706 398.65272439747304 0.1016953089007382 0.23502722270066692 0.29956514375224053 -106.20904390346408 0.18494591343686387 -108.75942512467749 -0.2173754654462394 83.08871970519246 0.05158081401042925 3.5000000000000004 413.58739982593903 -86.421411173855958 562.77718503111407 24.664102095761354 1.0579271725578903 10.137992316028393 53.721818657544212 6.3073480890464295e-07 30.451947095111951 0.49317485972446168 2.6419840539898205 55.147574396888864 -0.34624359899953244 28.846075488343253
decision_type=8 2 2 8 2 2 2 2 2 2 2 2 2 8 8 2 2 8 2 2 8 8 8 2 2 2 2 2 2 8 10 2 2 2 2 8 2 2 2 2 2 2 2 2 2 8 2 2 2 2 2 2 8 2 2 2 2 2 8 2 2 8
left_child=2 9 3 5 10 6 -1 38 47 -2 11 35 24 14 15 -11 18 -18 21 20 -20 -16 -21 -23 25 -5 54 28 30 -30 32 -32 49 34 -27 -4 -17 -14 -8 -19 41 43 44 46 45 -43 -25 48 -6 50 -15 -52 -10 57 -3 -56 -46 59 -59 -29 -61 -62
right_child=1 26 4 12 8 -7 7 -9 52 13 -12 -13 37 27 16 36 17 39 19 22 -22 23 -24 40 -26 33 -28 53 29 -31 31 -33 -34 -35 -36 -37 -38 -39 -40 -41 -42 42 -44 -45 56 -47 -48 -49 -50 -51 51 -53 -54 -55 55 -57 -58 58 -60 60 61 -63
leaf_value=0.023420412354916334 -0.0186299092061517 0.043068812302428643 0.035254807036576997 -0.023654046419018415 0.035823279568526357 0.028377651271694049 0.020909859685943676 -0.018223908224815056 0.020353917595831321 0.0001257787763383281 -0.0075381940309042954 -0.0043352074769178496 -0.0038306779190897936 -0.0031389151148207835 -0.024907451582996423 0.043651716599540251 0.010234396992360843 -0.0064668323669536546 0.031521203146860154 0.0045814845300723092 0.0051686618294980785 0.023269489805131931 -0.016695624608788397 -0.012952230836131742 0.0074633554717231732 -0.0013071617972823459 0.0079973885050618702 -0.0015342638372804872 0.0021430050248246904 -0.031530676031710975 -0.038081637064093031 -0.0040455892239257977 -0.015570720273248647 0.011607844469004442 -0.025492003426576652 0.0091386472501538002 0.015840320508269702 0.020679238574071362 -0.0022575332145941883 -0.026401721746210128 0.0079718036890118072 -0.028532050605262479 -0.025534767616678632 0.017781615998384723 0.00341225721461446 -0.0022467563838019212 0.0090046444157404551 0.03912824079309029 0.0023334535824901916 0.0095010584782799102 -0.0010855190832975558 0.019298371515702455 0.0028950308857915493 0.0074388734833337362 0.036389340346442103 0.0076029433397685788 -0.014254794361425892 0.019650919213891029 -0.0029576745659112931 0.019895680642296229 0.01722158963206194 -0.0021979249608293978
leaf_weight=99 90 76 53 79 69 143 64 78 234 55 87 56 54 1711 51 55 50 90 100 462 134 50 76 83 113 108 50 16370 55 98 56 105 145 62 53 65 50 76 75 92 168 61 73 96 261 58 69 130 50 140 112 79 77 233 55 50 67 83 74 123 92 648
leaf_count=99 90 76 53 79 69 143 64 78 234 55 87 56 54 1711 51 55 50 90 100 462 134 50 76 83 113 108 50 16370 55 98 56 105 145 62 53 65 50 76 75 92 168 61 73 96 261 58 69 130 50 140 112 79 77 233 55 50 67 83 74 123 92 648
internal_value=4.80316e-05 -0.00093807 0.0110003 0.00570016 0.017467 0.0134267 0.00659281 -0.00115652 0.0227476 -0.00122208 0.00609329 0.0129132 -0.000819857 -0.00115107 0.00185926 0.0202447 0.000408766 -0.0108236 0.00185447 0.0061023 0.0165166 -0.00131068 0.0015504 -6.616e-05 -0.00439725 -0.00884514 0.0265074 -0.0014804 -0.00419157 -0.0194904 -0.00318679 -0.0160462 -0.00223322 -0.00351676 -0.00937684 0.0210665 0.0306826 0.0105467 0.00848263 -0.016633 -0.00133623 -0.00338008 -0.00742118 0.00508897 -0.00441263 -0.0158462 -0.00299126 0.0310097 0.0218886 -0.00127899 -0.00207704 0.00740211 0.0160544 -0.00109542 0.0315486 0.0228826 -0.00022892 -0.00121019 0.00904336 -0.00130412 0.00305812 0.000236376
internal_weight=24471 22646 1825 1004 821 459 316 217 560 22415 261 174 545 22325 2201 160 2041 232 1809 772 234 1037 538 986 415 302 231 20124 2501 153 2348 161 2187 223 161 118 105 130 139 182 936 768 520 248 447 119 152 249 119 2042 1902 191 311 17623 181 105 328 17390 157 17233 863 740
internal_count=24471 22646 1825 1004 821 459 316 217 560 22415 261 174 545 22325 2201 160 2041 232 1809 772 234 1037 538 986 415 302 231 20124 2501 153 2348 161 2187 223 161 118 105 130 139 182 936 768 520 248 447 119 152 249 119 2042 1902 191 311 17623 181 105 328 17390 157 17233 863 740
is_linear=0
shrinkage=0.03


Tree=55
num_leaves=63
num_cat=0
split_feature=16 13 5 13 0 13 6 5 16 7 5 12 13 11 13 9 16 17 11 12 17 11 9 17 16 13 13 9 11 0 0 7 4 0 4 9 5 9 7 0 9 6 11 4 6 6 5 10 6 7 13 0 0 12 5 4 12 6 11 0 10 13
split_gain=212.419 35.6863 46.2674 43.8179 45.8072 31.6789 31.0379 39.7741 23.717 29.0975 28.155 42.2934 37.6871 26.192 24.7395 23.2093 33.6209 23.7865 74.2567 42.2208 32.6303 24.0017 57.5429 33.4889 26.8291 26.2663 21.7748 33.0684 30.6438 31.8516 26.7002 24.2129 23.4271 23.0304 21.0455 23.253 20.8628 20.4453 20.0635 22.4286 19.633 18.6092 18.1253 19.8468 17.9246 17.8637 17.6726 25.0163 17.4622 21.8749 31.8304 21.9103 30.2113 20.8824 35.751 28.5473 19.2983 26.1621 20.4462 18.5981 17.7729 26.5266
threshold=16.829531358139203 24.450873511318644 54.742091473830662 11.215816160376294 79.894059463513273 24.633071262190132 0.4600203530272014 29.448304395844954 1.1457155323324832 0.46690385474623436 -9.0038341949037974 -108.97932718383083 19.955075516297068 -112.85911433175899 20.818584545279716 0.45858545405909107 2.5443799322898197 1.0906263485778356 -92.801532733997973 -101.34229578125206 0.62413590897539084 -106.23257009666449 0.31004805244050093 3.1101214181345607 5.9356674374773934 21.468642546038478 18.62760274312507 0.30649020563864676 -114.28684252179949 346.08468397078207 191.96997288032955 -0.2719430835174616 23.079297764021501 141.15568595859551 25.588854272247605 0.32993088738628279 37.600536977437358 0.14764254298615234 -0.07369058201366839 252.10531450487352 0.36270540067782925 -0.10015504831074638 -115.71146999927198 60.052952706593807 0.045155029049296587 0.22538797399232116 -13.553802075275449 3.5000000000000004 0.4600203530272014 0.42111948603034938 31.930626453810479 499.01151768460255 388.62309558836859 -101.34229578125206 -14.839201418172049 60.435386954131758 -93.994044283356686 -0.0039581914467943227 -113.30851263078399 573.69969057941705 2.5000000000000004 32.568517897323161
decision_type=2 2 2 2 2 2 2 2 2 2 2 2 2 2 2 2 2 2 2 2 2 2 2 2 2 2 2 2 2 2 2 2 2 2 2 2 2 2 2 2 2 2 2 2 2 2 2 2 2 2 2 2 2 2 2 2 2 2 2 2 2 2
left_child=1 2 3 -1 -5 44 8 -8 10 15 11 13 -13 14 -6 16 -10 18 20 21 -18 23 25 45 -25 -23 27 38 -29 -30 33 40 -33 -28 -34 -36 -2 -21 -12 -40 -32 -22 -41 -44 -3 -19 -14 -48 49 60 -51 52 56 55 -55 -54 58 -58 -52 -53 61 -7
right_child=36 5 -4 4 6 48 7 -9 9 -11 26 12 46 -15 -16 -17 17 19 -20 37 41 22 -24 24 -26 -27 30 28 29 -31 31 32 34 -35 35 -37 -38 -39 39 42 -42 -43 43 -45 -46 -47 47 -49 -50 50 51 59 53 54 -56 -57 57 -59 -60 -61 -62 -63
leaf_value=0.025754645413453025 0.022488097967690308 -0.028808123813276843 -0.016978064040364376 -0.019855843337637177 -0.011954913047306679 0.0039586761396591267 -0.016918266339608551 0.012836446464739063 -0.017320118487565494 -0.020336359576100391 0.019739876869523783 0.035262958341007747 0.0072473549464914782 -0.013351340932399033 0.012718286529792329 0.017094662943854928 0.016940842399187386 0.012635500993128516 -0.038735009399594136 0.025469553630060416 -0.018848260857326826 0.012905727441401713 -0.028521075896829007 -0.021813214656497753 0.0012147622313776999 -0.013936412522139457 0.00010434653204733962 -0.018579235361356819 -0.0049512459951446212 0.017886322360117359 0.016623353254395404 -0.015847022421349468 0.016020993715524675 -0.027994998786247002 -0.0028518523262661259 0.0074085995386857749 0.044273773155668203 0.0074984528085709932 -0.008954380013155969 -0.0032291455359243952 0.0024543086453636086 0.00094952828918410618 0.02955413201523404 0.0085662681206327956 -0.0052870867596495714 -0.0028124418563168978 0.034592267362464027 0.0094663552733811919 0.003673473543763532 0.013969707540236413 -0.0081298285797238353 0.013056105239829049 0.0014785013044035821 -0.035972472278933444 -0.0032132246696644209 -0.021838407244533297 0.0062267630339107091 -0.015661065489543893 0.011380004247267667 6.8932401623125324e-05 -0.0042125027954007825 -0.0013804986601540265
leaf_weight=69 210 55 115 85 50 891 153 54 97 62 171 61 405 99 129 71 74 255 52 86 68 88 82 69 130 51 52 69 138 90 150 82 74 52 833 260 50 169 63 60 212 112 61 121 62 91 58 93 721 186 59 199 222 55 65 59 101 94 252 197 1801 13712
leaf_count=69 210 55 115 85 50 891 153 54 97 62 171 61 405 99 129 71 74 255 52 86 68 88 82 69 130 51 52 69 138 90 150 82 74 52 833 260 50 169 63 60 212 112 61 121 62 91 58 93 721 186 59 199 222 55 65 59 101 94 252 197 1801 13712
internal_value=1.9727e-05 -0.000378987 0.00176558 0.00217533 0.0018595 -0.000999141 0.00222191 -0.00913177 0.00269941 -0.000364547 0.00410926 0.0086697 0.0130413 -0.00104465 0.0057982 0.000476755 -0.000363221 0.00088839 -0.00643526 0.00308748 0.000303254 -0.000437002 -0.00875375 0.00294533 -0.00683896 0.00302797 0.00246593 0.0066428 -0.00121179 0.00410232 0.000580513 0.00153497 -0.000446823 -0.0140781 0.000647923 -0.000406582 0.0268312 0.0136351 0.0115359 0.00688687 0.00835508 -0.00659245 0.0110307 0.0157237 -0.0164944 0.00857621 0.0105444 0.0192815 -0.000900863 -0.00108538 0.00239514 0.000733451 -0.0018375 -0.00797794 -0.0184011 -0.0034773 0.00303487 -0.00435036 0.00766459 0.00661176 -0.00140144 -0.00105448
internal_weight=24407 24147 5416 5301 5232 18731 5147 207 4940 1557 3383 895 617 278 179 1495 1424 1327 306 1021 254 766 221 545 199 139 2488 773 297 228 1715 1611 1249 104 1167 1093 260 255 476 305 362 180 242 182 117 346 556 151 18614 17893 1489 1303 907 401 120 281 506 195 311 396 16404 14603
internal_count=24407 24147 5416 5301 5232 18731 5147 207 4940 1557 3383 895 617 278 179 1495 1424 1327 306 1021 254 766 221 545 199 139 2488 773 297 228 1715 1611 1249 104 1167 1093 260 255 476 305 362 180 242 182 117 346 556 151 18614 17893 1489 1303 907 401 120 281 506 195 311 396 16404 14603
is_linear=0
shrinkage=0.03


Tree=56
num_leaves=63
num_cat=0
split_feature=21 13 3 20 13 21 0 3 3 20 13 7 9 20 6 0 12 0 13 7 12 20 6 12 0 9 9 13 7 18 14 6 0 7 20 9 12 12 9 12 3 20 13 7 6 6 20 19 20 20 6 17 9 7 6 21 13 3 3 20 9 7
split_gain=214.867 212.566 71.8573 50.3877 131.45 36.5792 32.912 37.4048 31.769 31.5605 29.086 29.6499 28.2492 26.2281 30.6774 36.5614 24.8948 25.4066 34.4533 33.4614 29.6693 32.4912 20.683 26.308 19.5655 24.466 19.0284 17.2095 17.0068 16.7581 17.8295 15.584 14.5105 23.8444 23.5733 14.0046 36.1005 38.359 22.6921 32.2825 27.8505 29.9975 25.397 26.2429 20.9345 37.7406 34.99 19.3423 60.7519 24.602 29.3659 20.4325 25.1581 19.3853 22.8511 18.8347 63.5569 49.346 28.6282 18.2333 13.9134 13.7595
threshold=0.036504684508943612 7.9699423268201111 18.352755906325704 6.6321986571914104 19.885603929653858 0.0023731366481001153 79.894059463513273 21.462984176492352 46.63555384836986 3.5091649478297557 28.472805572726916 -0.34369057851667767 0.18065653393890366 1.4609906702845001 -0.15289600373553533 479.99610532003254 -82.697287790920072 506.84207711106302 23.817306675096386 0.043280435684321279 -108.18404325768948 4.4138646168804856 -0.30253360986874206 -101.54864227411561 131.80286702323505 0.088172597318741289 0.38707632745770454 47.12309132826023 0.058388079660763655 4.7889387522831857e-07 2.2573670981440022 -0.23137504868635964 403.07394498673904 0.25634926446056211 1.4609906702845001 0.026471048186454741 -97.766643578247297 -92.480654404942086 0.058314952136194094 -119.14471173462414 17.525790371952557 26.023474505580456 20.394043081508624 -0.053275704642790071 0.11599898220664252 -0.25489990604504958 36.31564344404466 3.5000000000000004 79.318967658323558 77.95464607271127 -0.33703915266912871 1.0000000180025095e-35 0.046072010745631616 0.043280435684321279 0.10373299187580899 0.16606176382265053 31.930626453810479 26.494868456852654 32.990988982110707 79.318967658323558 0.49796706116123529 -0.30776225415752034
decision_type=8 2 2 8 2 8 2 2 2 8 2 2 2 8 2 2 2 2 2 2 2 8 2 2 2 2 2 2 2 2 2 2 2 2 8 2 2 2 2 2 2 8 2 2 2 2 10 2 8 10 2 2 2 2 2 8 2 2 2 10 2 2
left_child=2 29 5 4 12 -1 7 28 16 -10 31 -12 -3 14 -13 -16 17 18 -6 20 -20 27 -7 -24 25 -8 -19 -22 -5 30 -2 -4 34 -34 -21 36 -26 -38 39 -37 41 -41 -42 -44 45 -43 -46 49 53 50 -45 52 -52 54 -49 56 57 -40 -58 -39 61 -57
right_child=1 3 10 6 8 22 24 -9 9 -11 11 13 -14 -15 15 -17 -18 26 19 32 21 -23 23 -25 35 -27 -28 -29 -30 -31 -32 -33 33 -35 -36 38 37 59 55 40 42 44 43 47 46 -47 -48 48 -50 -51 51 -53 -54 -55 -56 60 58 -59 -60 -61 -62 -63
leaf_value=0.0055912049641442469 0.018002868027331052 0.01274952530399069 0.0011980448437568087 -0.038137550901301435 0.012725141091464921 0.014867264950139954 0.022744671929561134 0.0019704755198500759 0.0035380786890164013 0.033573580046786983 0.022159902945471308 0.0095402962047802763 0.039491635316338106 0.010721115444568878 -0.0018274556737228789 -0.03424220550868471 0.018591858350816344 0.0013575870287698892 -0.01964807769069906 -0.020404465647103884 0.024798286653616847 -0.014550817955962636 0.0211965275075944 0.04333052482855107 0.0047754581768475598 0.0021340639180488 0.018805764027143995 0.0044182618959269053 -0.013581147405234249 0.011847199292646514 0.037770041123658303 0.020056061020229454 -0.0072386006309705618 -0.034708135234849419 0.0027471829234407496 0.01651716776705205 -0.021838856356938913 0.011290308509837981 0.046001949509741014 0.01883771356847137 0.0082741808057155281 -0.012312801545185428 -0.031375425569354916 0.011943124372941944 -0.031288225994341903 0.012488243862137417 -0.00079601873198281161 -0.0085493111866526295 0.014823509482753889 -0.024211093654263424 -0.0097999169580039701 0.0030815553305477928 -0.032297608916606033 0.0013426950573921202 -0.032306372460443523 -0.0029282191735673386 0.0044927237364085944 0.0052767211818617989 -0.020711612929590045 -0.011612726512967663 0.011155604534782468 -0.00095294723396621673
leaf_weight=70 65 56 51 50 86 65 62 76 83 50 53 56 103 93 67 58 57 246 60 80 50 65 84 125 876 294 72 141 54 53 127 175 50 67 77 58 105 80 50 64 68 92 51 51 53 135 91 87 106 131 139 57 66 61 63 4057 110 57 63 50 79 14577
leaf_count=70 65 56 51 50 86 65 62 76 83 50 53 56 103 93 67 58 57 246 60 80 50 65 84 125 876 294 72 141 54 53 127 175 50 67 77 58 105 80 50 64 68 92 51 51 53 135 91 87 106 131 139 57 66 61 63 4057 110 57 63 50 79 14577
internal_value=5.09772e-05 -0.000657925 0.0142933 -0.000950073 0.0046892 0.0250422 -0.00129432 -0.0140345 0.00123918 0.0149959 0.00757369 0.00184042 0.0302116 -0.00215627 -0.00879539 -0.0170203 -0.000514282 -0.00162749 -0.00491506 -0.00750353 -0.00084158 0.00362549 0.0299731 0.0345779 -0.00118865 0.00577721 0.00535469 0.00985472 -0.0256379 0.0270833 0.031206 0.0158245 -0.0151556 -0.0231298 -0.00910431 -0.00130437 0.0019743 -0.00844344 -0.00148332 -0.0052065 -0.00617648 3.43213e-05 -0.00924314 -0.0107185 -0.00325131 0.0024268 -0.0121572 -0.00929476 -0.00361819 -0.0133304 -0.00871387 -0.012765 -0.0171647 -0.012909 -0.0186751 -0.00121391 0.00649572 0.0245569 -0.00475202 0.00246005 -0.00132961 -0.00138314
internal_weight=24498 23601 897 23356 1343 344 22013 180 1184 133 553 327 159 274 181 125 1051 994 676 590 316 256 274 209 21833 356 318 191 104 245 192 226 274 117 157 21477 1111 235 20366 1373 1315 435 880 812 371 227 144 761 317 444 313 262 205 211 150 18993 280 107 173 130 18713 18634
internal_count=24498 23601 897 23356 1343 344 22013 180 1184 133 553 327 159 274 181 125 1051 994 676 590 316 256 274 209 21833 356 318 191 104 245 192 226 274 117 157 21477 1111 235 20366 1373 1315 435 880 812 371 227 144 761 317 444 313 262 205 211 150 18993 280 107 173 130 18713 18634
is_linear=0
shrinkage=0.03


Tree=57
num_leaves=63
num_cat=0
split_feature=20 10 1 5 11 0 1 20 1 11 11 20 0 17 17 15 17 4 10 11 20 19 10 0 20 1 1 20 6 19 15 11 0 10 5 17 20 1 20 19 6 20 8 0 4 4 11 6 1 0 10 11 6 1 6 20 20 1 1 0 6 0
split_gain=238.772 124.496 84.3589 58.709 40.5066 53.4641 38.3983 37.8233 35.8816 35.4099 32.5107 28.1511 27.9768 25.2002 24.3885 20.6387 19.0472 19.003 18.9274 17.8611 17.7059 50.4291 55.7446 31.783 37.588 31.2696 24.2541 61.5705 19.8328 23.472 20.4337 27.3914 77.8966 23.5948 22.1147 21.3005 22.9732 21.026 49.5263 38.033 22.6347 19.4744 24.2601 35.7433 26.9082 25.4668 36.8355 25.6653 19.7367 18.4625 17.2873 17.3738 17.2591 25.0355 18.9045 20.1181 21.9656 17.2217 18.5987 17.0316 16.1875 16.9135
threshold=3.9913786367212603 9.0000000000000018 929.54083285078661 34.024426815992804 -103.12369372171798 470.47368961830551 324.91480905299704 2.2921375461793154 467.73852410602558 -98.804495795299133 -58.267354290735689 0.99319722208100114 529.67576121682521 7.7983646310449233 1.0000000180025095e-35 7.9409338805090669e-23 5.3793698820765536 34.215583645946161 1.5000000000000002 -113.62104990464748 40.27725327383331 2.5000000000000004 3.5000000000000004 503.69551545685107 20.351265370704354 108.00201047138701 909.82836450838306 11.729232346842251 0.13663716352137714 3.5000000000000004 1.387982571819164e-09 -93.741008537739987 241.47293370837653 3.5000000000000004 -7.1227879998605497 1.0000000180025095e-35 30.344684523186153 147.24697969140354 23.194354445909955 3.5000000000000004 0.0031855319316300705 35.328528899555707 0.17883619312652324 505.3366547611941 31.791160321330803 44.673972294027358 -101.12421001061048 0.3296910247866312 159.48272196148602 575.55559036089812 2.5000000000000004 -105.44451671208299 0.3941561502949576 894.48356307821007 0.41777868110546695 115.24981516699802 104.98593786548952 81.676312705567526 230.71603250333703 414.9080529682571 -0.28073208814850975 471.92646392227158
decision_type=8 2 2 2 2 2 2 8 2 2 2 8 2 2 2 2 2 2 2 2 8 2 2 2 8 2 2 8 2 2 2 2 2 2 2 2 8 2 8 2 2 8 2 2 2 2 2 2 2 2 2 2 2 2 2 10 10 2 2 2 2 2
left_child=2 10 3 4 7 6 -6 -1 -8 -10 16 -7 -4 -3 15 -5 20 -15 -11 -9 21 22 25 24 -24 -2 27 -27 30 57 31 37 -33 -32 -34 36 -35 38 39 -23 -41 42 44 45 -31 46 47 -44 -48 -45 51 -47 -22 54 -54 56 -56 -30 59 -59 -29 -62
right_child=1 13 12 14 5 11 8 19 9 18 -12 -13 -14 17 -16 -17 -18 -19 -20 -21 52 28 23 -25 -26 26 -28 60 29 41 33 32 34 35 -36 -37 -38 -39 -40 40 -42 -43 43 49 -46 50 48 -49 -50 -51 -52 -53 53 -55 55 -57 -58 58 -60 -61 61 -63
leaf_value=-0.0045595497404689904 -0.019729107306516704 0.036675013416221619 0.025521345595652469 0.0027904297620989383 -0.0045770046155176507 0.045895095910219584 0.030947570801526308 0.026438852311375566 -0.014442367366743536 0.0025795566663146018 -0.018550013486500903 0.014418458449569616 0.0028515117416351007 0.0072530425141465252 0.035136397993908476 0.027073111060553375 -0.014345836871145094 0.029052335238084197 0.026881261920556426 0.0051104398247777327 -0.0016279125397310609 0.0036942207429797925 0.011161232955004695 0.0038534766286611559 0.038044218538385445 0.036171155550682371 -0.0037704598496311179 0.017004329901421443 0.012269419694883685 -0.0051265863797796719 0.0078022411394103978 0.015401024131328754 -0.029868880888232245 0.011004750260842903 -0.0087387841484612878 -0.0059586375661072177 -0.011084334937008944 0.0032771852468152737 0.0051529548125836301 -0.023654103823257298 -0.00096571757816351375 0.0035016896231573518 -0.036752339334067838 0.01130391838842271 -0.034665862912761747 -0.015825297859340132 0.0091514536135253437 -0.014290526424702563 -0.010832896117660166 -0.0058949263013423755 0.013241745328594897 0.0052630565292560135 0.0081498338671459666 -0.014415756312363288 -0.00020846179555418528 0.0078985803613646158 -0.018747676733392671 0.0016074622467417139 0.0041306627642363307 -0.020753034100105816 -0.0059965985433263758 0.011735346730665437
leaf_weight=498 53 67 360 71 180 50 74 52 52 56 93 54 57 107 77 56 93 54 59 108 14986 98 91 94 98 61 213 59 117 54 639 75 103 185 80 304 54 897 287 177 51 176 75 139 57 76 62 121 151 93 57 64 381 84 1008 269 60 57 224 65 156 69
leaf_count=498 53 67 360 71 180 50 74 52 52 56 93 54 57 107 77 56 93 54 59 108 14986 98 91 94 98 61 213 59 117 54 639 75 103 185 80 304 54 897 287 177 51 176 75 139 57 76 62 121 151 93 57 64 381 84 1008 269 60 57 224 65 156 69
internal_value=1.36999e-05 -0.000719031 0.0106189 0.00705228 0.0044796 0.0106859 0.00589359 -0.000480908 0.0137005 0.00591943 -0.000943918 0.0298444 0.0224368 0.0212887 0.0218767 0.0136256 -0.000869709 0.0146988 0.0151716 0.0121633 -0.000812662 0.000676015 0.00718427 0.0181665 0.0252274 0.00207619 0.00417889 0.00908347 -0.000607432 -0.00330947 0.000847716 -0.00119372 -0.0102074 0.00389966 -0.0207294 -0.000698786 0.00598852 0.000352113 -0.0039265 -0.0119111 -0.0186054 -0.00564784 -0.0073466 -0.00558603 -0.0204695 -0.00941534 -0.0136748 -0.0230285 -0.00500027 0.00441384 -0.000547616 -0.00621595 -0.00129436 0.00147896 0.00226405 0.000581966 -0.00126655 0.00237225 -0.0010002 -0.0103778 0.00315884 -0.000530937
internal_weight=24438 22634 1804 1387 1183 525 421 658 241 167 22406 104 417 228 204 127 22313 161 115 160 22220 5432 894 283 189 611 558 345 4538 1588 2950 1768 258 1182 183 543 239 1510 613 326 228 1125 949 838 111 606 409 196 213 232 197 140 16788 1802 1718 1337 1068 463 346 122 284 225
internal_count=24438 22634 1804 1387 1183 525 421 658 241 167 22406 104 417 228 204 127 22313 161 115 160 22220 5432 894 283 189 611 558 345 4538 1588 2950 1768 258 1182 183 543 239 1510 613 326 228 1125 949 838 111 606 409 196 213 232 197 140 16788 1802 1718 1337 1068 463 346 122 284 225
is_linear=0
shrinkage=0.03


Tree=58
num_leaves=63
num_cat=0
split_feature=21 10 21 3 21 15 15 2 8 9 2 8 12 12 9 21 19 6 2 15 4 4 3 10 3 4 4 2 2 6 9 21 12 6 9 12 6 19 4 4 17 17 12 2 15 15 2 21 4 9 2 21 4 4 8 9 12 21 12 15 9 8
split_gain=185.684 160.454 47.8296 42.5781 24.0915 25.5743 38.964 29.5573 26.8102 29.5757 25.609 28.1753 24.5112 24.4502 23.5968 26.6883 32.3768 34.1884 27.8155 23.254 23.0464 23.0126 22.4921 48.4096 24.5016 28.9604 46.5936 30.9969 73.4578 24.8504 24.3247 26.3093 52.4808 45.5634 23.7429 25.522 27.4192 28.8892 23.5857 22.7009 20.8488 49.6851 30.1054 50.5002 26.3113 36.4053 34.6123 31.7729 31.4951 28.8297 26.1726 29.7106 42.9613 27.9996 27.4373 33.0312 44.2487 44.3116 28.7984 24.1514 24.3903 22.7952
threshold=0.036504684508943612 15.500000000000002 0.0023731366481001153 15.555530749449902 0.92332216708014514 7.5955242952043141e-09 1.036942778853067e-08 5.5045257627440316 0.12652428794147233 0.33779234102291583 5.6494519696505963 0.01674433277526877 -117.26054353543203 -58.169432999648429 0.026471048186454741 0.97029111646275712 4.5000000000000009 0.20998727392115416 5.5401916951847232 7.669190428863953e-10 8.8119791017063225 45.055346701825158 2.5923281977922801 4.5000000000000009 30.808358781307302 46.757997377558162 42.805571194263308 5.3904623577650108 5.1726428232039492 0.47690472543509627 0.12858757659145861 1.7880298468137552 -104.13368732271026 0.21730342314767295 0.44325212931327523 -110.19189744339144 -0.057679691702085971 3.5000000000000004 43.976094999928911 10.126419480234352 0.46083418969000606 0.93642154474085182 -101.87408543144133 5.6589588917048603 1.597970854746728e-09 7.2305518765730566e-10 5.3096861827450619 2.2504274019014505 -4.9648197105767888 0.44930162831599235 5.5350522894081573 1.7678240478036453 -2.1508077512169796 33.897999867497056 0.053695844996372928 0.31753460582289167 -91.559779009846267 1.3860322888771552 -95.582267856589027 7.9409338805090669e-23 0.15146202398971201 0.11613894898621614
decision_type=8 2 8 2 8 2 2 2 2 2 2 2 2 2 2 8 2 2 2 2 2 2 2 2 2 2 2 2 2 2 2 8 2 2 2 2 2 2 2 2 2 2 2 2 2 2 2 8 2 2 2 8 2 2 2 2 2 8 2 2 2 2
left_child=2 4 19 -4 5 10 -7 8 -8 -10 11 -2 -13 14 -6 16 17 18 -16 -1 -3 -22 23 -17 25 26 30 28 -28 34 31 32 33 39 -27 -36 -37 -38 -29 -24 44 -42 43 -43 45 50 47 -47 -46 61 51 52 -32 59 -54 56 57 -56 -57 60 -52 -50
right_child=1 20 3 -5 13 6 7 -9 9 -11 -12 12 -14 -15 15 22 -18 -19 -20 -21 21 -23 24 -25 -26 29 27 38 -30 -31 40 -33 -34 -35 35 36 37 -39 -40 -41 41 42 -44 -45 48 46 -48 -49 49 -51 53 -53 54 -55 55 58 -58 -59 -60 -61 -62 -63
leaf_value=-0.0088203699723667806 -0.018463634320158653 0.041206260076969078 0.027729278876978094 0.01199882512569117 0.0036073616543161875 0.01978169981140776 0.024069612814194483 -0.01005208331452272 0.010460371103039698 -0.016493486536459788 0.0057351060599753149 0.016975121705933179 -0.00067810642169346556 -0.016257067058916531 -0.032797493901384631 0.0052417173196774962 0.0085061199014837083 0.0023908834693872408 -0.0069055204132511729 0.011998542238196188 0.010873609915504168 0.03359072773229508 -0.018590569305507575 -0.020289501032481588 0.00018777217223676476 0.00091626055472674556 -0.0052434357035154883 -0.018463851776323283 -0.043037796186782967 0.017016317156273164 0.006693456505950636 -0.0086660975118193675 0.0080810045709171444 -0.034102210893721903 0.0060660186773815817 -0.0017583197254974108 -0.0078094747271694126 -0.037175404515958597 0.00024264874225631754 0.0064658169522881503 -0.025228870471536709 -0.024998571686446664 0.009614703255074639 0.007308935267199953 0.016181438114454456 0.014526662375799127 -0.025349260658218426 -0.016681927591562271 0.0071066614108069703 0.014519471004605293 -0.018850908968616797 -0.0015508282604543672 0.0062094864242641379 0.0092939405731016361 0.0027589636318304618 -0.018328112839455048 -0.043549142410366296 -0.031206660003933524 0.0053384771362603219 0.0090567968625421685 -0.0011570805903730096 -0.0036315144410972219
leaf_weight=106 77 56 238 449 1018 167 68 117 113 53 711 72 2335 92 98 935 65 68 61 87 115 62 50 71 6956 2536 107 89 81 78 116 1003 285 58 85 103 60 61 186 89 110 91 123 82 140 54 115 62 241 125 75 1647 54 327 68 97 72 69 87 193 908 671
leaf_count=106 77 56 238 449 1018 167 68 117 113 53 711 72 2335 92 98 935 65 68 61 87 115 62 50 71 6956 2536 107 89 81 78 116 1003 285 58 85 103 60 61 186 89 110 91 123 82 140 54 115 62 241 125 75 1647 54 327 68 97 72 69 87 193 908 671
internal_value=3.09594e-05 -0.000247789 0.0137785 0.0174808 -0.00049417 0.00172272 0.00789945 0.00220594 0.00835165 0.00180739 0.000719136 -0.000718324 -0.00014322 -0.000910758 -0.000838158 -0.00108097 -0.0100639 -0.0153953 -0.0229693 0.000577794 0.0244714 0.018975 -0.000937562 0.00342145 -0.00119043 -0.00211235 -0.00310229 -0.0123098 -0.0216687 0.000419426 -0.00249265 -0.00590028 -0.000138838 -0.0120112 -4.14222e-05 -0.00787884 -0.0131739 -0.0227972 -0.00585642 -0.00261568 -0.00157618 -0.00811157 -0.00168688 -0.00973119 -0.00105657 -0.00223123 -0.0137608 -0.0021538 0.00287816 0.00106829 -0.00151042 -0.00358691 -0.00952996 0.0015432 -0.0137456 -0.0164963 -0.0246342 -0.01445 -0.00716956 -0.000618043 -0.00252485 -0.000789229
internal_weight=24588 23708 880 687 23475 3713 518 351 234 166 3195 2484 2407 19762 19670 18652 292 227 159 193 233 177 18360 1006 17354 10398 7475 463 188 2923 7012 1485 482 197 2845 309 224 121 275 139 5527 406 296 173 5121 3944 231 116 1177 1037 3713 2210 563 1503 447 393 209 137 184 1176 983 912
internal_count=24588 23708 880 687 23475 3713 518 351 234 166 3195 2484 2407 19762 19670 18652 292 227 159 193 233 177 18360 1006 17354 10398 7475 463 188 2923 7012 1485 482 197 2845 309 224 121 275 139 5527 406 296 173 5121 3944 231 116 1177 1037 3713 2210 563 1503 447 393 209 137 184 1176 983 912
is_linear=0
shrinkage=0.03


Tree=59
num_leaves=63
num_cat=0
split_feature=20 13 13 21 0 1 9 13 6 0 1 0 20 15 0 1 0 21 21 0 5 19 1 9 1 7 1 1 5 6 1 9 6 0 21 19 6 6 6 13 5 9 13 9 21 0 7 1 21 13 7 1 20 5 0 20 5 16 21 20 13 15
split_gain=228.331 161.502 91.1802 48.3359 49.783 38.3994 32.2118 34.843 40.263 31.6569 34.8435 27.3241 32.6299 25.3182 22.9115 20.1823 47.4988 20.4863 31.798 19.2963 17.3384 18.4539 17.6723 17.0205 24.641 24.752 21.7724 21.2773 20.9317 26.0325 19.1454 17.8251 34.9644 58.2454 27.5385 30.7436 27.0501 24.5614 56.4802 32.1688 30.3337 28.2451 23.556 46.9523 36.8777 20.9257 19.552 24.5224 19.0385 110.864 40.5877 22.2526 36.8192 25.539 35.4388 28.925 31.2452 26.068 24.3119 23.6532 61.7409 44.291
threshold=3.1176223902685902 7.9699423268201111 19.798410162809187 1.1603138738223804 273.55167034882606 811.81796292795354 0.37235896011154873 24.373778119893753 -0.34624359899953244 346.08468397078207 824.50999647408014 79.894059463513273 227.02008238957603 1.3747025300976919e-08 131.80286702323505 424.31761665047503 367.03702681209307 0.036504684508943612 0.011303803562451703 428.06278480504307 7.5091475857546515 3.5000000000000004 305.68852117265305 0.026471048186454741 86.711579592112955 -0.0084979542053988926 241.89743683700053 263.85678135290203 18.023722622784856 -0.034908647426499677 200.46517662591953 0.058314952136194094 0.42125034317557836 398.65272439747304 3.8913163609448405 3.5000000000000004 -0.46177024276903283 0.11191684816561244 0.26076787115406003 30.199076098917327 36.95667317897491 0.030799314680623923 14.150740928594738 0.25152872203063664 1.8503408115630402 338.47706337172906 -0.044339738742206862 200.46517662591953 0.13122009026230202 31.930626453810479 0.16901005135764183 26.225167912726754 25.636051331682605 -22.917640033793074 468.69646094369654 69.589485972338977 -33.883890624000571 1.0000000180025095e-35 2.7559127699215451 30.344684523186153 25.366601244429898 4.7502242687333445e-09
decision_type=8 2 2 8 2 2 2 2 2 2 2 2 10 2 2 2 2 8 8 2 2 2 2 2 2 2 2 2 2 2 2 2 2 2 10 2 2 2 2 2 2 2 2 2 8 2 2 2 8 2 2 2 8 2 2 8 2 2 8 8 2 2
left_child=2 -2 9 4 -4 20 7 -6 -9 10 -1 12 -3 -11 -13 19 -17 18 -18 -10 21 22 -5 24 25 -16 30 -28 29 -27 -26 32 34 -34 36 -36 -25 40 39 -39 41 -38 43 44 -33 -45 47 -43 49 -44 -51 52 58 54 55 -54 57 -57 -50 60 -53 -61
right_child=1 11 3 5 6 -7 -8 8 15 13 -12 14 -14 -15 23 16 17 -19 -20 -21 -22 -23 -24 31 26 28 27 -29 -30 -31 -32 42 33 -35 35 -37 37 38 -40 -41 -42 46 48 45 -46 -47 -48 -49 51 50 -52 59 53 -55 -56 56 -58 -59 -60 61 -62 -63
leaf_value=0.029183391980849242 0.02358989665917147 -0.0032206736700522926 0.030358098247447531 0.0024953433723567285 0.020539191581743867 0.020491096102250892 0.018406330163327409 0.020293335522193104 -0.022283246406957252 0.046663890698924661 -0.0038747427755823505 0.0064207310317476729 -0.029553252407772974 0.021431933442568954 0.0077164684025489766 0.024073807344213129 -0.012798568133110567 -0.018296894413766408 0.012635963856244834 -0.0011977484488149279 -0.014953370062506601 0.0076386577345557132 -0.022078795357105822 -0.021180850002433985 0.0078922252218583469 -0.0054321548456791784 -0.016844776846906717 0.0034708041930209517 0.0048949030103782815 -0.031149692407862924 0.027629660631396942 -0.015528563500383995 0.0028555622779660754 -0.039616251209517943 -0.034313339545722278 -0.0015009007201744959 -0.01052799296205194 -0.038132874096574433 0.0039749895231527025 -0.010658799803985113 -0.016148158129219384 -0.017454109318017708 0.032802507884042389 -0.0092288176321916361 0.016588046695219304 -0.030189918409599815 0.010101300577565173 0.0092666673595802138 -0.0147779451148497 0.0038600128646375555 -0.027121836039699584 0.0072866383907188607 0.008633281390827436 0.0062021537818249149 0.014654017323934423 0.0061041347309947012 -0.032725575392655394 -0.020542851468968774 0.0074923243820667262 -0.0011982492906911246 -0.001817355817767481 -0.0056626577813099878
leaf_weight=64 239 119 106 53 113 60 229 93 65 84 51 362 65 67 91 74 76 60 103 96 112 117 51 61 218 79 50 514 53 64 55 52 53 63 51 51 95 54 205 131 70 58 94 88 81 85 431 64 168 98 61 954 64 1095 75 70 58 61 59 11738 2249 2410
leaf_count=64 239 119 106 53 113 60 229 93 65 84 51 362 65 67 91 74 76 60 103 96 112 117 51 61 218 79 50 514 53 64 55 52 53 63 51 51 95 54 205 131 70 58 94 88 81 85 431 64 168 98 61 954 64 1095 75 70 58 61 59 11738 2249 2410
internal_value=1.67311e-05 -0.000890244 0.0105848 0.00753034 0.0109862 -0.00140041 0.00869637 0.00540417 0.002357 0.0266638 0.0146158 -0.00114996 -0.0126324 0.0356829 -0.00105522 -0.00119747 0.00324228 -0.00328108 0.00182584 -0.00979553 -0.00539437 -0.000504447 -0.00965094 -0.00117813 0.00241687 -0.00515647 0.00501675 0.00164315 -0.011142 -0.0170785 0.011955 -0.00137114 -0.00465643 -0.0203525 -0.00320902 -0.018081 -0.00189704 -0.000817246 -0.00686809 -0.0188402 0.0024744 0.00450788 -0.00113795 -0.00938271 0.004009 -0.0196419 0.00710524 -0.00347528 -0.00100644 0.00715286 -0.00812133 -0.00111545 0.00221286 0.00400376 -0.00333193 -0.00870043 -0.0145846 -0.00636563 -0.00898216 -0.00143207 0.000895658 -0.00195907
internal_weight=24530 22856 1674 1408 1015 393 909 680 567 266 115 22617 184 151 22433 474 313 239 179 161 333 221 104 22071 1124 287 837 564 196 143 273 20947 1387 116 1271 102 1169 1108 390 185 718 648 19560 306 133 173 553 122 19254 253 159 19001 1650 1423 328 253 189 131 227 17351 3203 14148
internal_count=24530 22856 1674 1408 1015 393 909 680 567 266 115 22617 184 151 22433 474 313 239 179 161 333 221 104 22071 1124 287 837 564 196 143 273 20947 1387 116 1271 102 1169 1108 390 185 718 648 19560 306 133 173 553 122 19254 253 159 19001 1650 1423 328 253 189 131 227 17351 3203 14148
is_linear=0
shrinkage=0.03


Tree=60
num_leaves=63
num_cat=0
split_feature=20 13 19 13 2 20 8 13 7 1 20 11 5 1 19 7 5 2 2 1 11 7 5 17 9 5 8 1 2 9 17 8 11 2 1 13 9 9 1 2 20 13 2 9 7 20 17 1 1 2 13 8 11 9 11 8 8 5 9 1 20 11
split_gain=190.183 139.63 133.146 112.45 53.9385 41.7316 38.114 37.3397 36.3284 39.7822 37.4604 36.5549 34.3685 31.8149 31.3394 43.2476 42.4526 31.0533 38.5427 30.212 28.3829 27.8409 31.282 29.0937 28.0716 28.6039 45.6692 53.7169 27.9359 27.418 32.8252 27.3061 26.6065 36.1118 38.3988 26.5301 25.5741 29.7557 43.6096 31.38 24.2367 23.6368 23.3845 37.5927 35.3247 26.5388 24.5879 23.2755 23.0539 21.5585 27.659 27.0634 23.6337 21.7383 22.7867 21.3586 47.7237 21.1706 21.2713 23.0173 20.6697 24.1758
threshold=11.243684383646352 7.9699423268201111 2.5000000000000004 24.003723606436235 3.6875539612022563 82.215275776799402 0.25068251320891838 18.62760274312507 -0.37426742897757842 640.6517117926436 1.6136882485306052 -83.360483802358644 -20.699388648635171 514.14732039399507 4.5000000000000009 -0.24754433005793428 26.664115218107003 5.5662702005478595 5.4839093567989901 347.56284880783505 -114.46172946499949 0.46271158099761062 7.5091475857546515 0.92579335743480218 0.44521758832751601 -27.551122907543931 0.21474313314631613 250.56333068208653 5.318077129790777 0.4687255073025281 1.6380948432042881 0.3024611686790955 -103.8166514111165 5.6563151828354785 225.38891365522753 24.680225099050549 0.026471048186454741 0.06834606806612388 15.043486661636253 5.5729076426863573 25.183824074714256 23.099065292595345 5.1203864527833467 0.03262961355855732 -0.053275704642790071 86.063342041033721 1.0000000180025095e-35 1193.1273273220252 363.5044877449306 5.2877854060858605 24.806300309533459 0.12208482912979869 -93.320745919147342 0.095421230088821765 -98.216490634096132 0.24497327737868616 0.069124727364335406 -12.956303464419548 0.12858757659145861 147.24697969140354 2.4225234403102557e-13 -112.18973089890598
decision_type=8 2 2 2 2 10 2 2 2 2 8 2 2 2 2 2 2 2 2 2 2 2 2 2 2 2 2 2 2 2 2 2 2 2 2 2 2 2 2 2 8 2 2 2 2 8 2 2 2 2 2 2 2 2 2 2 2 2 2 2 8 2
left_child=2 31 3 12 5 -3 -7 -4 -5 10 13 55 -1 19 36 16 29 18 49 -10 -17 23 28 24 25 26 27 -22 -23 30 -16 -2 33 34 -25 57 -6 38 -38 40 -40 -41 44 -44 -42 -46 -45 -39 -12 50 -9 -51 53 -52 -55 56 -11 -27 -59 -60 -14 -62
right_child=1 4 7 8 14 6 -8 17 9 11 48 -13 60 -15 15 20 -18 -19 -20 -21 21 22 -24 32 -26 35 -28 -29 -30 -31 -32 -33 -34 -35 -36 -37 37 47 39 41 42 -43 43 46 45 -47 -48 -49 -50 51 52 -53 -54 54 -56 -57 -58 58 59 -61 61 -63
leaf_value=0.048466763306578446 0.031648097415848703 0.0046179812277561995 0.018305044534849005 0.022931273760782044 0.0047391209317946704 -0.011475755276069755 -0.046034445285119796 -0.018771303719567024 -0.0087013252250192005 0.023711253667636562 0.0020465101018548012 0.034122786531385417 0.0055203510339276616 -0.025065889924087308 -0.0059012040504413006 0.0077411575639655733 -0.02064136087475401 0.007385016869850246 -0.017980411047348752 0.015021638269403151 -0.036476078154752026 0.012345658800126436 -0.029851987689514373 0.0082571593392640336 0.016665566702803166 0.0079809602799222751 -0.001763898775969841 -0.0041862783050270417 -0.018764600971678515 0.0077261602530469655 -0.030871129575021122 0.010459767885658207 0.015566205674201061 0.02117653443581528 -0.019274566059024074 -0.00028267437417002034 -0.026415127370082125 -0.0002990259997780272 0.013677742759173271 -0.029574210947326752 -0.029555177217135666 -0.0077958507558773503 -0.017505966040350675 -5.1765101194508709e-05 -0.020085846167057751 0.0030122490400268185 0.014459245337639003 0.010770171577853791 0.028142040673500068 -0.0093808665556614022 -0.022709820142015814 0.010383332282265133 0.010657407827675342 0.0033167932362674355 -0.01903713950694029 0.015185979532543569 -0.0065544663091983502 -0.0018072738720911728 -0.035782400075760147 -0.011854656413257732 0.010463182590357572 0.029795906368344061
leaf_weight=54 129 51 99 131 861 62 54 101 155 65 74 57 54 65 686 276 205 317 139 69 99 50 67 83 64 50 244 87 52 121 50 97 156 53 99 1666 78 14540 95 52 60 302 82 351 62 154 149 172 51 84 54 234 108 181 52 231 161 95 53 115 76 270
leaf_count=54 129 51 99 131 861 62 54 101 155 65 74 57 54 65 686 276 205 317 139 69 99 50 67 83 64 50 244 87 52 121 50 97 156 53 99 1666 78 14540 95 52 60 302 82 351 62 154 149 172 51 84 54 234 108 181 52 231 161 95 53 115 76 270
internal_value=3.09e-05 -0.00076542 0.00743518 0.0135658 -0.00101254 -0.0179448 -0.0278194 0.000654762 0.00819712 0.00609475 -0.000827389 0.0116609 0.0260432 -0.00675945 -0.000879128 -0.00314387 -0.00840836 -0.000734446 -0.00344016 -0.00135952 -0.00145224 -0.00229111 -0.0140872 -0.00159037 -0.00279304 -0.00331669 -0.0103205 -0.0214759 -0.00354267 -0.0054615 -0.00763712 0.0226401 0.00600401 -0.000382722 -0.00674238 -0.00179044 -0.000295229 -0.000564785 -0.00476696 -0.00345582 -0.000619121 -0.0110692 -0.00221619 0.00119669 -0.00939125 -0.00367977 0.00429275 -0.000168891 0.0128323 -0.000938231 -0.0048438 0.00514956 -0.00124418 -0.00574428 -0.0017321 0.00879097 0.00221638 -0.00978936 -0.0131852 -0.0195704 0.0229027 0.0255918
internal_weight=24604 21722 2882 1513 21496 167 116 1369 1059 928 414 514 454 289 21329 4371 1062 1270 953 224 3309 3033 169 2864 2473 2409 430 186 102 857 736 226 391 235 182 1979 16958 16097 1385 1307 953 354 858 582 276 216 500 14712 125 814 496 318 395 287 233 457 226 313 263 168 400 346
internal_count=24604 21722 2882 1513 21496 167 116 1369 1059 928 414 514 454 289 21329 4371 1062 1270 953 224 3309 3033 169 2864 2473 2409 430 186 102 857 736 226 391 235 182 1979 16958 16097 1385 1307 953 354 858 582 276 216 500 14712 125 814 496 318 395 287 233 457 226 313 263 168 400 346
is_linear=0
shrinkage=0.03


Tree=61
num_leaves=63
num_cat=0
split_feature=10 2 8 19 19 11 2 15 5 2 8 8 6 15 15 6 8 9 8 15 11 5 15 4 8 12 2 8 6 11 12 5 19 12 6 8 4 9 8 15 12 12 10 8 15 9 17 11 11 10 2 4 14 8 6 8 8 6 4 9 9 19
split_gain=168.445 32.8283 29.3446 26.8613 95.6981 47.898 67.8309 68.2101 55.0088 44.3055 47.3342 31.1628 41.9366 30.9399 31.244 29.7932 29.5688 62.6593 29.2792 28.9017 34.4191 27.6083 29.4942 28.4741 28.5454 26.2161 25.586 26.8756 33.7484 23.4334 23.3396 50.2818 44.5869 28.8176 24.7918 22.6071 29.3328 22.0712 21.9759 21.4202 32.4096 31.8753 24.2417 23.5588 23.1902 21.4066 21.3489 20.6494 24.4968 21.542 20.2149 20.2096 23.1568 23.0285 19.7883 19.7432 31.3508 19.7732 19.7397 34.5702 40.549 40.5326
threshold=9.0000000000000018 3.6875539612022563 0.3188363856566459 2.5000000000000004 1.5000000000000002 -104.70597931600948 5.4489801382655303 1.5800609504946629e-10 -24.635201473300221 4.9753644447479317 0.32282197575898042 0.21474313314631613 0.15114769094423378 6.0989712737196552e-09 4.691980063227313e-09 0.4685359817720634 0.28332709073009715 0.32162401633666399 0.040201262329296668 5.8167939457339324e-09 -87.843137241218599 -11.262653240445548 1.0760868125761661e-08 7.3963538046797259 0.36935996947389566 -109.74077547787104 4.9090488300622521 0.063702697436820388 -0.25146683584993829 -88.663881806043193 -108.24955182152824 0.25926690879525088 4.5000000000000009 -111.40409669434065 0.19308528824560603 0.3754224404251954 27.346316991732753 0.21196941907997427 0.37317227180739115 5.0319448859785373e-09 -111.09095220647049 -106.20904390346408 4.5000000000000009 0.25447455554488135 4.4153034348658482e-09 0.10548157985889663 2.0917320043305883 -104.41790573387247 -108.05239159702198 3.5000000000000004 5.7862700690663305 6.055412936699196 5.8528188273099966 0.23304338868880239 0.013597617649865336 0.10605770881822175 0.40866719890143449 -0.28790341498991595 4.0976597876838303 0.097445885372253752 0.052478083109494207 3.5000000000000004
decision_type=2 2 2 2 2 2 2 2 2 2 2 2 2 2 2 2 2 2 2 2 2 2 2 2 2 2 2 2 2 2 2 2 2 2 2 2 2 2 2 2 2 2 2 2 2 2 2 2 2 2 2 2 2 2 2 2 2 2 2 2 2 2
left_child=1 2 37 4 50 15 7 9 -8 -7 18 12 46 14 29 39 17 -10 -11 -13 21 22 23 38 -25 -15 27 -9 -29 30 32 -32 33 -14 -33 -12 -37 -1 -21 44 -41 42 43 -42 45 54 58 48 49 -48 -3 -2 -53 -54 -6 -28 57 -57 59 60 -5 -61
right_child=51 3 -4 11 5 6 8 26 16 10 35 19 13 25 -16 -17 -18 -19 -20 20 -22 -23 -24 24 -26 -27 55 28 -30 -31 31 34 -34 -35 -36 36 -38 -39 -40 40 41 -43 -44 -45 -46 -47 47 -49 -50 -51 -52 52 53 -55 -56 56 -58 -59 -60 61 -62 -63
leaf_value=-0.019862960994102577 0.03895063917745243 -0.0016010063399202446 -0.030818305553483038 -0.004537774655833284 0.013111431696948169 0.0089197480683066155 0.047480481755480447 -0.01295758476835631 0.020650679161522672 0.0084913198449561057 0.0207266565443327 0.00087027804771556624 -0.024441359253894342 -0.012925848049873656 -0.034158683953916323 0.021392343165020325 0.025226120932866598 -0.014937733802944421 -0.015655973651052268 0.0039728332700770955 -0.021349659705301748 -0.00034222087537370913 0.0045100948623172481 -0.03968398823269776 -0.0094192790240049361 0.010616306374664418 0.026600971485657446 -0.0049319918473830085 0.015543873327451626 0.0085379125852266258 -0.0070411480822448807 -0.01970338012948962 0.020360705190234713 0.0016632871980500684 -0.044395388055004571 -0.013550262688659132 0.01401567378634354 0.0056560360851722795 -0.018269360587000846 -0.00059007861175937499 0.023050963744612001 -0.0067859815308628111 0.035537924143884861 -0.00081996756403342533 -0.019969655594835847 -0.0027526467881339692 0.01618459146610941 0.01827666678054388 -0.014612067385361744 -0.0049988417946673054 -0.013367543059142513 0.0043237522049319179 0.041238601786169136 0.014001510399775426 -0.0019830313937304772 -0.0071066316446432697 0.028889863181717788 0.01161011500588926 -0.0012882596380137167 0.0060527366125398031 -0.030600415376946331 -0.0077411368643948769
leaf_weight=51 65 4973 57 117 168 265 52 62 111 52 62 6731 75 65 50 62 130 73 318 85 91 1246 97 62 52 119 109 110 209 57 257 112 53 76 56 75 63 73 74 376 81 56 55 68 58 1092 98 85 64 76 134 62 54 60 145 64 78 235 3966 286 99 577
leaf_count=51 65 4973 57 117 168 265 52 62 111 52 62 6731 75 65 50 62 130 73 318 85 91 1246 97 62 52 119 109 110 209 57 257 112 53 76 56 75 63 73 74 376 81 56 55 68 58 1092 98 85 64 76 134 62 54 60 145 64 78 235 3966 286 99 577
internal_value=7.2365e-05 -0.000503339 -0.0131966 -0.000407312 0.000851503 0.00418877 0.00745136 0.0049256 0.0191514 -0.0011945 -0.00590412 -0.00120538 -0.00280387 -0.00871843 -0.0114661 0.00106459 0.0143241 0.00652694 -0.0122486 -1.39908e-05 -0.00349929 -0.00248152 -0.0096654 -0.0147002 -0.026081 0.00227487 0.0108144 0.00497496 0.00848988 -0.00976482 -0.0114343 -0.0154311 -0.00307313 -0.0113781 -0.028148 0.00583563 -0.000955517 -0.00491462 -0.00642836 0.000454248 0.00504625 0.0131683 0.0186523 0.012224 -0.00154409 -0.000769796 -0.00178877 0.00567708 0.00111958 0.00695636 -0.0019123 0.0246502 0.0191786 0.0271497 0.00613474 0.0153726 0.0120644 0.00759352 -0.00226779 -0.00586365 -0.0165691 -0.0031681
internal_weight=24484 24243 181 24062 9336 4229 2068 1702 366 835 570 14726 6288 920 736 2161 314 184 370 8438 1707 1616 370 273 114 184 867 381 319 686 629 425 204 151 168 200 138 124 159 2099 636 260 204 149 1463 1405 5368 323 238 174 5107 241 176 114 313 486 377 299 5045 1079 216 863
internal_count=24484 24243 181 24062 9336 4229 2068 1702 366 835 570 14726 6288 920 736 2161 314 184 370 8438 1707 1616 370 273 114 184 867 381 319 686 629 425 204 151 168 200 138 124 159 2099 636 260 204 149 1463 1405 5368 323 238 174 5107 241 176 114 313 486 377 299 5045 1079 216 863
is_linear=0
shrinkage=0.03


Tree=62
num_leaves=63
num_cat=0
split_feature=21 13 2 2 8 21 11 2 1 13 13 21 2 21 2 15 1 2 9 1 16 2 7 11 8 9 21 13 7 21 16 1 1 1 7 8 21 15 21 21 8 2 9 9 13 21 9 9 7 7 2 1 8 2 21 9 2 2 7 7 1 11
split_gain=155.467 132.239 50.5781 36.4935 38.5617 31.2927 45.8282 40.3341 33.7503 23.7117 23.3955 53.5135 34.5044 22.0601 21.3172 20.5898 31.4614 30.1041 25.2457 22.4136 34.1258 20.3562 20.2121 20.1042 19.41 20.9982 19.3841 18.9243 17.6972 17.6853 19.9499 16.3455 16.1312 24.7087 58.2658 22.384 27.5225 29.7426 20.835 27.9024 21.3334 22.8793 18.3246 27.1801 16.1946 15.2777 14.7066 13.74 17.5172 13.5842 32.3755 25.9584 32.6467 37.8045 41.1023 22.2552 18.7358 31.9315 17.0884 32.1117 31.3623 29.1841
threshold=0.036504684508943612 7.9699423268201111 4.7462506048021611 3.6875539612022563 0.37317227180739115 1.0000000180025095e-35 -106.92942128424649 5.4839093567989901 347.56284880783505 20.550213609132204 18.62760274312507 0.63588191700493957 5.3378627117996542 2.5593037926436453 5.387016872258461 1.4782669592848835e-08 79.612019521457214 5.0724311347625148 0.30649020563864676 620.14613720879504 3.0863422487622301 5.1634696226627002 0.14227376580280551 -104.96556079358849 0.49202291968952111 0.18065653393890366 0.014996265382266002 16.723626282501773 -0.049259201031921045 2.0786040842112006 57.463141615523895 76.546677202459776 969.28967126211012 1015.5159270254002 -0.013410649569713494 0.005536624913256666 1.8371784587609952 6.4133818740643007e-10 0.13122009026230202 0.52703142032427708 0.067314636623913252 5.5288247678153137 0.22689877030944763 0.41299094657146634 35.270566946289946 1.8120336287611702 0.21196941907997427 0.29904536808516374 0.031824574696124326 0.40980048384558038 5.5791178674734718 359.70343467763655 0.14102184821993283 5.3378627117996542 2.6626254411495451 0.45114818442390098 5.6563151828354785 5.7307626165176986 0.19607218948766073 0.18417145221265943 328.775639910047 -109.41609090520699
decision_type=8 2 2 2 2 8 2 2 2 2 2 8 2 10 2 2 2 2 2 2 2 2 2 2 2 2 8 2 2 8 2 2 2 2 2 2 10 2 8 8 2 2 2 2 2 8 2 2 2 2 2 2 2 2 8 2 2 2 2 2 2 2
left_child=2 29 -1 4 13 -4 8 23 -7 -10 11 27 15 -3 -14 17 -17 18 28 20 21 -18 -22 -8 32 -26 -25 -5 -13 -2 -31 -16 35 34 -34 36 37 -12 -35 44 -41 42 -42 -44 -40 -19 -43 48 -11 58 51 -51 -53 54 -54 -55 -52 -58 59 -37 61 -60
right_child=1 3 5 10 -6 6 7 -9 9 47 24 12 14 -15 31 16 19 45 -20 -21 22 -23 -24 26 25 -27 -28 -29 -30 30 -32 -33 33 38 -36 49 -38 -39 39 40 41 46 43 -45 -46 -47 -48 -49 -50 50 56 52 53 55 -56 -57 57 -59 60 -61 -62 -63
leaf_value=0.041018529349933559 0.010499460283523618 0.0059575374329634122 -0.0051416203185020567 0.009779286326657699 -0.036014581456342162 -0.011425807447362036 0.032213905362619297 0.041751830627088295 0.025682095941701844 0.0085156908529081757 -0.0085680150467681623 0.023840513500152153 -0.023880075875477975 -0.017304646994484817 0.012613823421518592 0.016478758693161993 -0.026039692471536358 0.034973653933541342 -0.010419383142675672 0.011654282611282861 -0.0063149913835835146 -0.0027690955392816767 0.017030333691923798 0.021511640545980232 -0.0042132714086619673 0.0117491048647036 0.0061284176291689831 0.032121311669749131 0.0012263766659254378 0.037028234786227007 0.01521115689840115 -0.005707605346329153 -0.0061803834981495331 0.018487084098825494 0.033842889818362885 -0.00089574488081368747 0.0042042067261146643 -0.036025656641406167 -0.025626934664323926 0.015672130253417103 0.012491302483037791 -0.022735626449639147 -0.010079964343912718 0.015454757784803709 -0.0026542260391371588 0.012054426421721776 -0.0023888948731697521 0.016947924535115299 -0.014543668267478306 0.002039782447380067 0.015738519920179477 0.0071574255871444436 0.0091336124386184672 -0.0090417151272630513 -0.01775157969404053 -0.032328584140873161 -0.0056767841993674911 0.013666498820506492 0.00052681948896497483 0.01035729968077468 0.00043665947833577463 -0.0066933969383914929
leaf_weight=51 88 73 101 70 50 90 53 60 63 68 120 59 50 72 50 92 88 54 69 72 76 55 58 122 111 220 187 68 65 87 70 312 61 55 69 14046 83 50 55 88 131 54 122 53 55 53 77 52 51 941 181 117 116 66 90 86 160 146 674 231 1606 1993
leaf_count=51 88 73 101 70 50 90 53 60 63 68 120 59 50 72 50 92 88 54 69 72 76 55 58 122 111 220 187 68 65 87 70 312 61 55 69 14046 83 50 55 88 131 54 122 53 55 53 77 52 51 941 181 117 116 66 90 86 160 146 674 231 1606 1993
internal_value=1.18603e-05 -0.000445832 0.0122653 -0.00067639 -0.013567 0.0104876 0.0126077 0.0191123 0.00410295 0.0100987 -0.000567218 0.00335555 0.00123455 -0.00563275 -0.00571685 0.00510206 0.000971087 0.0111512 0.004031 -0.0031523 -0.00702902 -0.0171708 0.003841 0.0152552 -0.000799062 0.0063996 0.0122519 0.0209403 0.012091 0.0214347 0.0274587 -0.00314924 -0.000910046 0.00321431 0.0151589 -0.00107353 -0.00992474 -0.0168072 0.000945197 -0.000600858 0.00228441 -0.000441142 0.00405073 -0.00230272 -0.014268 0.0238379 -0.0108848 0.00424158 -0.00140573 -0.000963558 0.00144975 -0.000846218 -0.00655581 -0.011045 -0.00264136 -0.0223424 0.00811357 0.00356682 -0.0012112 -0.000712959 -0.00287537 -0.0048692
internal_weight=24486 23588 898 23343 195 847 746 422 324 234 23148 1291 1153 145 412 741 441 300 193 349 277 143 134 362 21857 331 309 138 124 245 157 362 21526 820 130 20706 253 170 690 635 525 437 306 175 110 107 131 171 119 20453 1903 1416 475 358 206 152 487 306 18550 14277 4273 2667
internal_count=24486 23588 898 23343 195 847 746 422 324 234 23148 1291 1153 145 412 741 441 300 193 349 277 143 134 362 21857 331 309 138 124 245 157 362 21526 820 130 20706 253 170 690 635 525 437 306 175 110 107 131 171 119 20453 1903 1416 475 358 206 152 487 306 18550 14277 4273 2667
is_linear=0
shrinkage=0.03


Tree=63
num_leaves=63
num_cat=0
split_feature=20 14 19 15 11 3 8 4 0 12 20 12 8 3 8 0 3 17 15 12 11 20 0 11 20 0 0 7 6 8 6 12 11 20 0 8 7 15 7 7 4 8 7 0 0 5 8 15 15 7 8 3 20 15 20 20 3 8 7 7 20 8
split_gain=192.9 115.559 94.0065 59.8675 41.8262 39.1032 38.2993 34.6826 34.7337 68.7029 81.7411 25.9652 40.2685 31.9083 23.256 22.6644 27.0513 26.6418 25.1765 24.4728 35.9346 22.8524 22.114 21.9052 20.6657 21.7144 34.4805 23.4954 35.794 39.6622 25.9293 32.9135 22.8675 28.0034 40.9742 27.4474 24.0724 22.7644 32.7593 28.3699 33.683 21.8687 30.0647 21.7242 24.1996 21.2572 19.6394 19.6127 24.6537 19.1872 18.6762 19.3901 18.8457 65.4293 27.4239 24.194 45.1072 22.4034 19.0996 18.9369 25.3473 19.9869
threshold=11.243684383646352 2.5565967020789988 2.5000000000000004 5.1482052170391682e-10 -58.267354290735689 34.159363173007456 0.11997401806526865 64.783165413498168 468.69646094369654 -102.90318805436048 2.0039493990201902 -96.183868907156025 0.13047397057780843 29.583773946111652 0.32861322317081371 186.54233507567753 2.5923281977922801 1.0000000180025095e-35 7.9409338805090669e-23 -108.5687567983875 -111.02264208055449 38.273086362953158 257.52685791239304 -108.05239159702198 17.808089106902404 680.58931288401709 660.63467910802865 -0.31463485392315066 -0.42192877561988101 0.22313546831546185 0.11976752270329034 -105.49984725421497 -116.00241050108099 45.178477364335556 376.83039603348703 0.211139788604537 -0.19535385952776438 9.1494520821284319e-09 -0.13677989782298858 0.24784144633146712 47.118747841215402 0.25251319633578656 -0.45785204242411298 379.99940635418153 434.07069273029805 34.903268818436459 0.24497327737868616 2.5152093540085789e-08 1.519301268917046e-08 0.25247140497150827 0.48671835529666302 8.2356375164421571 136.67750130740453 4.2746831639518372e-09 124.8113129700135 111.02763474665302 26.333251295175103 0.35781331153451829 0.46690385474623436 0.38042054963126765 29.274285509567651 0.28691615479486404
decision_type=8 2 2 2 2 2 2 2 2 2 8 2 2 2 2 2 2 2 2 2 2 8 2 2 8 2 2 2 2 2 2 2 2 8 2 2 2 2 2 2 2 2 2 2 2 2 2 2 2 2 2 2 10 2 10 10 2 2 2 2 10 2
left_child=2 4 3 7 15 -5 -7 8 22 10 23 -4 -13 -14 -8 21 18 -18 -17 20 -20 -2 -1 -10 -19 26 27 28 -26 30 43 -32 33 -29 -35 -36 -34 50 -39 47 -41 -31 -43 -30 -45 -42 -9 48 -40 -24 51 -38 54 57 55 58 -57 -54 59 61 -61 -53
right_child=1 -3 11 5 -6 6 14 46 9 -11 -12 12 13 -15 -16 16 17 24 19 -21 -22 -23 49 -25 25 -27 -28 32 29 41 31 -33 36 34 35 -37 37 38 39 40 45 42 -44 44 -46 -47 -48 -49 -50 -51 -52 52 53 -55 -56 56 -58 -59 -60 60 -62 -63
leaf_value=0.014852149610524066 0.014690199485338269 0.024388051783535512 0.0032263304023842426 0.022872427353755016 -0.022829409627945829 -0.014694909454446355 0.025047564159401438 0.0089792972803115836 0.0017767896640791809 0.040207641120181388 0.035816777122189412 -0.028704559157309541 -0.0083010715078985827 0.019639075544306678 0.0017569779454331312 -0.0021094933595344856 -0.0025873045819881039 0.0073133310309744307 0.010240865440472311 0.010693611670854371 -0.021957038017479995 0.0012391580836673772 -0.00050964895782894216 -0.022006268203900805 -0.024691695490479469 -0.014729712368643958 0.019090942207085727 0.023068685713729047 0.0066912457856233227 0.018128741475241912 -0.006436753090471029 -0.038982296732978684 0.0053331608438807326 -0.015907871703783126 0.0239690029310217 -0.00080714365999613486 -0.0081314314694396345 -0.027626783520740977 -0.0017496837321324908 -0.025795486857826563 0.0081894552767276772 0.014511696298420428 -0.0043057418231748877 -0.025844817490531847 -0.0043738054259764882 -0.015352457949193194 0.035430649901336091 -0.010652703809882364 0.017199317408640953 -0.017226596970134709 0.014312989793812172 -0.0018846249125142032 -0.0082039152956365231 0.018128667279545749 0.020949094103378873 0.0068951154339381236 -0.030945325587260521 -0.028967753049219024 -0.010998018777264015 -0.0022186553787666365 0.016351953789538569 0.0048307659814308011
leaf_weight=64 127 156 1103 513 81 52 87 50 87 61 52 60 131 50 69 451 13346 314 68 441 56 1018 284 57 74 95 80 82 95 70 59 53 587 72 77 83 268 58 164 96 74 99 323 64 175 63 52 92 98 78 78 958 137 69 61 54 58 71 104 106 174 682
leaf_count=64 127 156 1103 513 81 52 87 50 87 61 52 60 131 50 69 451 13346 314 68 441 56 1018 284 57 74 95 80 82 95 70 59 53 587 72 77 83 268 58 164 96 74 99 323 64 175 63 52 92 98 78 78 958 137 69 61 54 58 71 104 106 174 682
internal_value=-2.55937e-05 -0.00125641 0.00704584 0.0121904 -0.001444 0.0184277 0.00740834 0.0064455 0.00399181 0.0126789 0.00395068 0.00127639 -0.00762449 -0.0005173 0.0148228 -0.00136189 -0.00159434 -0.00184666 0.00317419 0.00738807 -0.00435945 0.00274262 -0.00126642 -0.00772418 -0.000161714 -0.000585638 -0.000336798 -0.000629289 -0.00474553 -0.00314733 -0.00961654 -0.0220465 0.000325686 0.00811177 0.00274896 0.0111912 -0.00027953 -0.00123163 -0.00631139 -0.00416187 -0.0122671 0.00272464 0.000132646 -0.00539505 -0.0102071 -0.00266919 0.0226774 0.00119249 0.00537656 -0.00414918 -6.79468e-05 -0.000482101 0.000349475 -0.00701011 0.00128015 0.0007089 -0.0128013 -0.0153963 0.00146245 0.00214277 0.00933878 0.000909237
internal_weight=24461 21611 2850 1506 21455 721 208 785 683 257 196 1344 241 181 156 21374 20229 19213 1016 565 124 1145 426 144 5867 5553 5458 5378 1012 938 446 112 4366 314 232 160 4052 3465 645 587 233 492 422 334 239 137 102 354 262 362 2820 2742 2474 277 2197 2136 112 208 2024 1920 280 1640
internal_count=24461 21611 2850 1506 21455 721 208 785 683 257 196 1344 241 181 156 21374 20229 19213 1016 565 124 1145 426 144 5867 5553 5458 5378 1012 938 446 112 4366 314 232 160 4052 3465 645 587 233 492 422 334 239 137 102 354 262 362 2820 2742 2474 277 2197 2136 112 208 2024 1920 280 1640
is_linear=0
shrinkage=0.03


Tree=64
num_leaves=63
num_cat=0
split_feature=20 10 19 3 20 2 5 5 3 2 2 7 7 5 17 17 1 7 8 17 1 20 2 5 5 2 3 3 3 17 8 20 20 17 1 7 20 6 6 17 7 5 7 2 5 8 20 8 3 5 5 2 6 8 20 7 20 7 3 2 2 6
split_gain=143.312 110.858 72.687 44.0959 51.5878 37.3238 45.8703 36.5164 33.8383 33.8224 33.7092 27.1911 22.8001 32.0069 22.9348 35.5594 59.6276 30.4171 25.733 25.6235 25.235 28.6343 22.6269 21.2171 29.8633 23.7547 19.9855 24.7373 21.7663 18.8083 18.6894 18.4766 22.6858 19.6339 19.5468 18.8837 30.1865 31.1655 23.5296 18.2943 18.2322 26.3623 71.9638 39.6049 23.8665 44.366 21.9856 21.9453 18.0543 31.7582 30.1708 27.2806 31.634 23.273 32.8833 19.72 18.6915 18.0385 17.9317 45.3659 24.8305 17.8348
threshold=6.6321986571914104 9.0000000000000018 2.5000000000000004 15.555530749449902 2.0039493990201902 5.5791178674734718 -5.7593772579131484 13.699218255131351 46.63555384836986 5.507783060810076 3.3409260858979981 0.27246464047947333 -0.310995865296187 51.629770035115051 1.0562468779661864 0.75698954133573537 247.15733536568004 0.47068919010811255 0.055868532935496769 0.93642154474085182 600.11925257148766 29.274285509567651 5.5194819963875519 22.444695673624505 7.5091475857546515 5.1374973997595728 3.0443805050564254 -0.40450238691376295 6.5712509654164206 2.7331886708346214 0.25447455554488135 201.41075510857351 68.391808752417475 1.8746226532939227 247.15733536568004 -0.33941385510138072 151.17250594125554 -0.096647578807641285 0.082093779054193697 1.1847641639718225 0.28402247403073361 -7.7575297325357502 0.10640162613544503 5.1805947441178972 1.2924381826058495 0.25648701619405095 30.904081318266055 0.43379996358723366 55.147574396888864 -29.946678415793279 -7.4467570878506999 5.2254874885709919 0.017957477717819085 0.0035960389484195336 51.181998212397907 0.027009487135792657 51.807085811746354 0.09384151720786528 11.461895641081101 5.3837937046318887 5.7102306715535116 0.091057050722312197
decision_type=8 2 2 2 8 2 2 2 2 2 2 2 2 2 2 2 2 2 2 2 2 8 2 2 2 2 2 2 2 2 2 10 10 2 2 2 8 2 2 2 2 2 2 2 2 2 10 2 2 2 2 2 2 2 10 2 10 2 2 2 2 2
left_child=2 10 3 22 5 7 -7 9 -4 11 -2 -5 13 29 15 26 19 18 -16 -17 21 57 23 24 -1 -25 27 -14 40 31 -22 32 33 -12 -33 36 39 -38 -37 -34 41 42 43 -28 -42 -46 -45 -43 53 55 -51 52 -52 54 -30 -50 -54 -20 59 -23 -60 -9
right_child=1 -3 8 4 -6 6 -8 61 -10 -11 12 -13 14 -15 17 16 -18 -19 20 -21 30 58 -24 25 -26 -27 28 -29 48 -31 -32 34 35 -35 -36 38 37 -39 -40 -41 44 47 -44 46 45 -47 -48 -49 49 50 51 -53 56 -55 -56 -57 -58 -59 60 -61 -62 -63
leaf_value=0.016832774596362694 -0.018392346621169935 0.020064692462484043 -0.0020975849107893645 0.0031143480787480561 0.023031561704656967 0.0085805998843037669 -0.020713346429967451 0.010927999631967396 0.018244783153712023 0.024170479242039737 -0.0038596027880205214 -0.01865919821044263 -0.012338043887026702 -0.019221149292887648 0.015901326552406891 -0.01256299899640278 -0.029702894097230956 -0.018806551463074157 0.023254607645705198 0.016814193957908587 -0.020592043781653045 0.008542989832379758 0.037050513040351993 0.014218893845379351 -0.0058432886240017759 0.039489514098968358 -0.001824000232346073 0.0052601883806872463 -0.02824185500189659 -0.015251931197290283 5.9054127866120043e-05 -0.027679233301759643 0.0060647956580063434 0.014772461718664719 -0.0047937774953275619 -0.017682919462711194 -0.025989341770039229 0.0015886779443578833 0.0040191012425895992 -0.012269891681722723 -0.0034920229406433557 0.0050353919219378977 0.014771890662893465 -0.040067533422261478 -0.0039678286392647293 -0.040527847303172292 -0.015195161178332542 -0.015721685996033113 0.027014838485298929 -0.010155031588926378 0.0098285616838130283 0.021022133300830793 -0.017370502998704438 -0.00080053747533176075 0.0035950514842879094 0.0060209309748773063 0.0028979428898543115 0.0051032632915303114 0.0021529913585638049 -0.024831611707176959 0.023115739598205048 0.029546232444878955
leaf_weight=230 100 224 717 224 155 88 104 119 81 52 2488 66 78 106 148 51 100 53 103 54 65 75 53 74 67 63 78 803 65 102 98 50 865 51 100 95 60 93 84 51 133 339 78 71 61 58 61 52 73 167 183 76 90 13611 52 90 74 95 557 70 55 77
leaf_count=230 100 224 717 224 155 88 104 119 81 52 2488 66 78 106 148 51 100 53 103 54 65 75 53 74 67 63 78 803 65 102 98 50 865 51 100 95 60 93 84 51 133 339 78 71 61 58 61 52 73 167 183 76 90 13611 52 90 74 95 557 70 55 77
internal_value=2.44325e-05 -0.000886694 0.00718782 0.0113727 0.00736937 0.00401687 -0.00731206 0.00806598 -1.25078e-05 0.00213294 -0.00110032 -0.0018881 -0.00102075 -0.00302452 -0.000554439 -0.000858838 -0.0132451 0.00325074 0.00418827 0.00256137 0.00262488 0.00448794 0.0186178 0.0162868 0.0117149 0.0260416 -0.00070219 0.00368989 -0.000953479 -0.00259481 -0.00825139 -0.00226309 -0.00185223 -0.00347968 -0.012555 0.00145887 0.00297015 -0.00932477 -0.00753298 0.00503171 -0.0053974 -0.00283132 -0.0097027 -0.0188202 -0.012273 -0.0219762 -0.0287742 0.0022418 -0.000667421 0.00385245 0.00060532 0.00486743 0.00127898 -0.000915605 -0.0141816 0.0155305 -0.00826285 0.014615 0.00182332 -0.00762861 0.00407153 0.0183552
internal_weight=24456 22286 2170 1372 885 730 192 538 798 342 22062 290 21962 4145 17817 16498 205 1319 1266 105 1118 955 487 434 297 137 16293 881 15412 4039 163 3937 3787 2539 150 1248 1069 153 179 916 931 679 288 210 252 119 132 391 14481 753 590 423 347 13728 117 163 164 198 757 145 612 196
internal_count=24456 22286 2170 1372 885 730 192 538 798 342 22062 290 21962 4145 17817 16498 205 1319 1266 105 1118 955 487 434 297 137 16293 881 15412 4039 163 3937 3787 2539 150 1248 1069 153 179 916 931 679 288 210 252 119 132 391 14481 753 590 423 347 13728 117 163 164 198 757 145 612 196
is_linear=0
shrinkage=0.03


Tree=65
num_leaves=63
num_cat=0
split_feature=20 13 13 11 4 6 20 0 19 4 0 0 0 15 0 21 0 0 21 17 21 20 21 19 19 17 16 11 0 11 15 17 20 13 16 20 16 20 21 21 12 0 20 6 15 20 11 11 15 13 6 15 6 6 13 11 0 13 0 15 17 16
split_gain=143.771 103.373 66.4168 84.8008 57.9697 44.8182 41.4112 40.0414 34.6944 29.3896 49.0035 32.7206 26.1534 28.4011 22.0147 21.3506 21.3504 27.0833 21.3855 18.4783 18.4071 18.2159 66.4775 136.595 24.9097 19.0933 22.6735 19.0614 57.7707 18.523 17.5837 17.5764 16.7041 16.5068 18.2309 16.5264 15.7723 15.5731 15.5323 34.1856 15.432 24.4727 29.9257 15.2583 19.0079 15.1211 15.0563 35.6741 23.5464 40.3175 20.7625 19.9556 26.8753 21.7354 19.8093 31.4613 26.0118 19.0793 17.8603 16.9071 16.4366 19.8042
threshold=3.1176223902685902 9.7997819546966642 24.003723606436235 -99.433888187674285 20.655272524519955 -0.36671210619032774 1.7925050432673102 460.05751912901155 2.5000000000000004 51.641265543140555 503.69551545685107 532.96899781843956 338.47706337172906 5.5510793355552817e-09 56.4905538282188 1.2159943321945703 257.52685791239304 332.93610428853952 0.025924569724350303 7.7983646310449233 1.7029728879646504 16.267337256559554 0.81216651374909465 2.5000000000000004 4.5000000000000009 5.1256974348233859 8.3590652167687622 -98.364983623623729 376.83039603348703 -116.00241050108099 2.234283373633436e-08 2.0270840185328365 55.293569055230954 13.358879132113104 8.0332102132231267 70.94379686197901 41.48643621330298 0.35968814765788604 2.4345321194591505 1.9812035493602151 -107.14463437652974 463.61630257761254 84.58543471580056 -0.061382322411134053 1.4782669592848835e-08 0.35968814765788604 -123.00944998717898 -128.37817988323948 1.853971374002357e-08 17.682718661603577 0.17223613962885145 1.3747025300976919e-08 -0.057679691702085971 0.12768705078706691 15.793818478265431 -113.30851263078399 404.52198499892103 21.807140317116431 352.76072856159902 1.5602526418108978e-08 1.9857290026250445 5.7318128810856646
decision_type=8 2 2 2 2 2 8 2 2 2 2 2 2 2 2 8 2 2 8 2 8 8 8 2 2 2 2 2 2 2 2 2 10 2 2 10 2 8 8 8 2 2 8 2 2 8 2 2 2 2 2 2 2 2 2 2 2 2 2 2 2 2
left_child=2 19 4 5 -1 -4 9 12 -8 10 45 -12 13 -6 -3 16 -5 -18 -19 36 -17 22 23 -16 -25 26 33 30 38 -28 31 -24 -21 35 46 -23 -2 -13 39 -29 43 42 -42 -31 -45 -7 47 -35 51 54 58 60 59 -54 55 -50 -56 -55 -49 -53 61 -48
right_child=1 14 3 15 7 6 8 -9 -10 -11 11 37 -14 -15 21 20 17 18 -20 32 -22 25 27 24 -26 -27 29 28 -30 40 -32 -33 -34 34 -36 -37 -38 -39 -40 -41 41 -43 -44 44 -46 -47 48 50 49 -51 -52 52 53 57 56 -57 -58 -59 -60 -61 -62 -63
leaf_value=0.039007044978350773 0.015572283737479731 -0.015351322306369278 0.016876400425664594 0.036115348198987797 0.023801302848527064 -0.029904228450357912 0.024179979320615528 -0.0034229772494119752 -0.0056026902794837951 0.0050442023402782251 0.019172596145167271 0.0032004316354266784 0.028118925591819544 -0.003423441581025317 0.045110118073770862 -0.0090048958930899117 0.0047214084683690925 0.036539066199861144 0.012274912642315028 0.024481617298565413 0.016371946119918272 -0.0012531206571368854 0.0014532060592405763 0.010663764726031909 -0.010553899415574232 -0.014284089837703063 0.021844627481821755 0.0023529574956874218 -0.025310918651610753 -0.015396406865190891 -0.014868638143941227 0.017884623340646465 0.0045378031782481983 -0.014694952170054117 -0.01678285824343451 -0.022918559988694531 0.038987011068834447 -0.017740587383159437 0.0087628136070944905 -0.024563271866032951 -0.014492649984104669 0.0196775939429597 0.012843872928776994 -0.0092130962726272008 0.016207100708897297 -0.013998681144341826 -0.001248718518432888 0.017373162047077832 -0.011269621497744488 0.012428627009992883 0.024043644805349509 -0.030745441546483385 0.01410947690917445 -0.02213285958942245 -0.024665793232295823 0.020566377440339019 0.0019675901974551377 0.0037540755370775091 -0.0024766922372139312 -0.0087405723244396594 0.0056300401772993299 -0.0087324990484760039
leaf_weight=94 55 94 106 58 64 99 75 101 65 121 54 57 133 73 92 50 110 68 65 56 51 64 1071 109 90 98 54 166 103 62 55 61 114 62 66 62 52 71 122 56 66 97 77 53 51 124 18014 64 53 294 72 61 55 50 68 57 63 51 109 66 305 323
leaf_count=94 55 94 106 58 64 99 75 101 65 121 54 57 133 73 92 50 110 68 65 56 51 64 1071 109 90 98 54 166 103 62 55 61 114 62 66 62 52 71 122 56 66 97 77 53 51 124 18014 64 53 294 72 61 55 50 68 57 63 51 109 66 305 323
internal_value=1.16772e-06 -0.000715655 0.00848057 0.00467227 0.0180648 -0.00114928 -0.00403923 0.0126681 0.0104106 -0.00789767 -0.0117671 -0.000203303 0.0186778 0.009375 -0.000939904 0.0158271 0.0198219 0.0158009 0.0248607 0.0174664 0.00384403 -0.00087886 0.00191081 0.0150954 0.00106305 -0.00114068 -0.0010769 -0.000445035 -0.00571802 0.005501 0.0015438 0.00235365 0.0112123 -0.00122877 -0.00115967 -0.0120104 0.027207 -0.00846277 0.000204822 -0.00451642 0.00327889 0.00812954 0.00021399 -0.00374079 0.00328821 -0.0211619 -0.00110666 0.00547475 -0.00121077 0.00499015 0.0106179 -0.00138632 -0.00927912 -0.000913587 -0.00409803 0.00526388 -0.0119395 -0.00915259 0.00492425 -0.0194675 -0.00126601 -0.00138101
internal_weight=24452 22813 1639 1174 465 772 666 371 140 526 405 182 270 137 22536 402 301 243 133 277 101 22442 1925 291 199 20517 20419 1634 447 460 1187 1132 170 19959 19833 126 107 128 344 222 406 240 143 166 104 223 19767 307 19460 535 245 18925 283 156 241 110 131 101 173 127 18642 18337
internal_count=24452 22813 1639 1174 465 772 666 371 140 526 405 182 270 137 22536 402 301 243 133 277 101 22442 1925 291 199 20517 20419 1634 447 460 1187 1132 170 19959 19833 126 107 128 344 222 406 240 143 166 104 223 19767 307 19460 535 245 18925 283 156 241 110 131 101 173 127 18642 18337
is_linear=0
shrinkage=0.03


Tree=66
num_leaves=63
num_cat=0
split_feature=20 13 13 1 15 7 2 4 13 2 2 2 15 4 4 8 8 20 2 19 7 2 8 2 6 12 7 20 8 4 8 4 8 12 1 20 6 4 7 2 7 4 1 1 6 8 2 16 13 1 1 7 2 12 7 12 15 1 20 16 2 2
split_gain=140.159 114.535 85.1284 56.7585 34.298 36.9888 35.4027 32.6199 31.6344 39.2065 30.0146 26.3957 25.5075 25.4543 28.273 25.3039 25.2903 25.1769 24.497 24.4243 24.0133 23.8134 28.2918 29.9668 35.845 23.6522 29.0038 28.4375 24.8146 23.2172 22.3076 21.9063 21.6162 20.424 25.1575 20.1415 18.0811 17.8572 25.7748 17.7905 17.3286 16.7375 16.6292 23.5967 16.1576 37.2934 29.8031 24.526 33.9555 32.4216 41.1521 25.4592 27.9673 32.2223 28.2542 24.4646 24.0403 23.4247 27.9753 22.2713 21.5668 21.4844
threshold=11.243684383646352 7.9699423268201111 20.818584545279716 837.13169250595308 5.3282966143613146e-09 0.25247140497150827 4.8366997329666566 17.255626476850356 50.498843589471157 4.9286018101705933 5.4569160055805392 4.9753644447479317 5.0851804597437758e-09 -12.371441533010449 -26.714811123707644 0.24879566183821825 0.42796053949060903 8.3239899629552365 3.6875539612022563 3.5000000000000004 -0.19535385952776438 5.2159969354248359 0.36735078904461022 5.3521459896643906 -0.27254854248162491 -111.64572086810098 0.19607218948766073 35.783103081728505 0.35228854880124599 -28.396115629533998 0.17678536121665547 23.079297764021501 0.21878541808137089 -104.13368732271026 254.26149972643503 2.0039493990201902 -0.31377689652429236 -11.046923780531248 -0.27593269024799655 5.5853160764234682 -0.016693732980771255 45.055346701825158 67.360263458449666 449.77557958968652 0.03295645955232241 0.22711193437070001 5.2877854060858605 8.7116216581360941 22.693676491647086 551.93563996023011 454.06402102225906 -0.2719430835174616 5.6364885388196297 -98.929788657456086 0.26811463669156593 -112.26438179818147 5.2433469130231927e-09 850.74622158301906 234.13158316262053 1.0000000180025095e-35 5.6989991899800918 4.9753644447479317
decision_type=8 2 2 2 2 2 2 2 2 2 2 2 2 2 2 2 2 8 2 2 2 2 2 2 2 2 2 10 2 2 2 2 2 2 2 8 2 2 2 2 2 2 2 2 2 2 2 2 2 2 2 2 2 2 2 2 2 2 8 2 2 2
left_child=2 -2 7 4 6 19 31 -1 -5 -10 41 -8 -9 14 29 -16 17 20 30 -6 -13 32 23 35 -25 26 -17 28 -27 -3 -15 -4 -22 34 -14 -23 -29 38 -20 -12 -38 -11 -19 -44 61 46 -46 48 56 50 51 -50 53 54 -53 -54 -48 58 -51 -56 -57 -39
right_child=1 13 3 8 5 -7 11 12 9 10 39 16 33 18 15 25 -18 42 37 -21 21 22 -24 24 -26 27 -28 36 -30 -31 -32 -33 -34 -35 -36 -37 40 44 -40 -41 -42 -43 43 -45 45 -47 47 -49 49 57 -52 52 55 -55 59 60 -58 -59 -60 -61 -62 -63
leaf_value=0.038915993363665434 0.02040602569663897 0.002377902110417684 0.031434418305754663 0.021733911361687046 -0.0030555009958757595 0.010286969157782468 -0.013630452719517051 0.028987950252989926 0.029041981196251551 -0.014164927047374657 0.026609006659949523 0.0060730276701111731 0.0031891663072873716 0.0010716931810087484 0.0088595651423601322 0.013534498704114261 0.012634912211619012 -0.0050025611256973614 -0.028581276163458822 -0.028978103005460328 0.017605665591243026 -0.011268538367228522 0.01015461849924177 -0.026889659005248822 -0.0013460395301325119 -0.027843982236592894 -0.0064976233894703909 0.01418180393949151 -0.0036731184577179512 -0.019329182397235523 -0.023130932421084834 0.004724777045677293 -0.0042981773550719634 -0.00084752740687690667 0.02332581459614767 -0.036955600323585358 0.0082294473770835944 0.0027714721857289935 -0.0031642624808346691 0.0016381762148636693 -0.01531129981067785 0.0065945521204007988 0.02043186093225096 -0.0034124479586115247 -0.00095546519776164599 -0.00053503648151570461 -0.034713637658611074 0.013183346463899527 -0.012262221346728695 -0.021836148455650323 0.010288644034068943 0.0072606526069196892 0.009330619271187222 -0.015190288716488901 0.00025776827707886697 -0.021895640986445159 -0.012297754145481369 -0.0018199190458649918 -0.0031148583924069124 -0.021938050002869913 -0.0056379111221758647 -0.0009837929890112397
leaf_weight=57 224 89 59 206 54 54 95 89 56 99 50 300 91 56 594 186 195 53 51 83 76 61 74 58 306 69 99 74 85 87 87 52 85 95 145 51 50 1618 117 52 62 53 136 51 1412 5444 55 55 350 251 171 429 50 101 131 137 197 136 101 58 159 8956
leaf_count=57 224 89 59 206 54 54 95 89 56 99 50 300 91 56 594 186 195 53 51 83 76 61 74 58 306 69 99 74 85 87 87 52 85 95 145 51 50 1618 117 52 62 53 136 51 1412 5444 55 55 350 251 171 429 50 101 131 137 197 136 101 58 159 8956
internal_value=3.41331e-05 -0.0008873 0.00620251 0.00386138 0.00139645 -0.0106064 0.00278977 0.0177482 0.0126457 0.00655591 0.00150391 0.00160506 0.0147898 -0.00110991 0.00280762 0.00443147 0.00261474 0.001044 -0.00138163 -0.0188566 -0.00103211 -0.00403438 -0.00700266 -0.00968567 -0.0054787 0.000215571 0.00657758 -0.00512094 -0.0146127 -0.00840089 -0.0137114 0.0190757 0.00608638 0.0108964 0.0156075 -0.0231889 0.00277393 -0.00129269 -0.0110036 0.0140183 -0.00482221 -0.00693063 0.00975759 0.0139453 -0.00120979 -0.00212639 -0.00440968 -0.00645686 -0.00692674 -0.00565764 -0.00357268 -0.00525388 -0.00294132 0.000433822 0.00300769 -0.00993603 -0.017308 -0.0124126 -0.0164885 -0.00663326 -0.013211 -0.000408966
internal_weight=24577 21741 2836 2359 1843 191 1652 477 516 310 254 1541 420 21517 1395 1219 1446 1251 20122 137 1011 711 550 476 364 625 285 340 154 176 143 111 161 331 236 112 186 19979 168 102 112 152 240 187 19811 9237 3793 2381 2326 2074 1586 1415 1065 719 618 346 252 488 352 189 296 10574
internal_count=24577 21741 2836 2359 1843 191 1652 477 516 310 254 1541 420 21517 1395 1219 1446 1251 20122 137 1011 711 550 476 364 625 285 340 154 176 143 111 161 331 236 112 186 19979 168 102 112 152 240 187 19811 9237 3793 2381 2326 2074 1586 1415 1065 719 618 346 252 488 352 189 296 10574
is_linear=0
shrinkage=0.03


Tree=67
num_leaves=63
num_cat=0
split_feature=20 13 13 4 11 9 11 20 4 4 17 11 9 21 1 17 11 21 2 11 13 11 20 11 20 17 9 4 1 9 21 4 13 20 21 4 4 4 21 21 4 2 2 11 1 20 20 20 21 9 9 9 17 20 1 20 1 4 1 1 20 20
split_gain=98.4248 89.6071 86.925 42.1565 37.8131 33.6954 31.8205 39.0146 33.9092 26.6983 26.1383 26.0194 25.4171 35.3166 65.1125 25.147 24.209 24.3011 39.0452 28.0614 26.9272 25.6562 29.8527 23.262 22.919 25.3695 22.6762 21.4134 22.9619 29.8739 28.5269 20.5041 24.6985 20.2715 25.2695 18.8102 18.6245 17.5392 18.4205 17.3948 17.1146 17.0079 16.9368 16.9254 16.9135 14.6909 26.0188 13.8029 13.7615 11.5231 11.3938 28.4335 28.0655 39.4959 31.7313 31.3402 45.3048 24.4707 34.0202 22.1743 20.5665 25.5107
threshold=6.6321986571914104 11.215816160376294 23.052199039977527 84.733490372482819 -58.267354290735689 0.38263908804748065 -96.890280083976293 0.35968814765788604 69.587337560233962 -14.915794668988598 1.9447083939126635 -128.37817988323948 0.38263908804748065 0.83585823263001158 359.70343467763655 7.7983646310449233 -119.54109695041898 0.83585823263001158 5.3734138049320723 -104.23759265051298 31.14028210242763 -105.29322089751098 1.4609906702845001 -111.82397348053048 91.37355858013936 0.15727072911401391 0.13298770330017987 -26.714811123707644 355.75271741983607 0.41843010855196422 2.8584606511687602 62.570729364939005 19.798410162809187 7.6979648307753665 1.8255482672045453 39.515550523673163 -16.706767858542197 11.179179238998403 0.83585823263001158 1.6459077696899003 -20.803471613835697 4.9908309949127512 5.5762032481620265 -105.05130140008499 488.21567096796304 55.293569055230954 92.183999756867607 51.807085811746354 2.6419840539898205 0.29904536808516374 0.026471048186454741 0.058314952136194094 2.1316282072803015e-14 12.854742279637202 233.16861849404401 49.484152154264407 482.88294978491456 14.66551073191515 72.85339488430121 83.192969287919922 62.346673599554506 83.08871970519246
decision_type=8 2 2 2 2 2 2 8 2 2 2 2 2 8 2 2 2 8 2 2 2 2 8 2 10 2 2 2 2 2 8 2 2 8 8 2 2 2 8 8 2 2 2 2 2 10 8 8 10 2 2 2 2 8 2 8 2 2 2 2 8 8
left_child=2 3 5 15 9 10 8 -8 12 24 31 -11 16 -14 -15 48 -4 18 43 23 -20 22 -22 -19 25 26 41 -28 29 30 -29 32 -1 34 -13 42 -26 -9 -39 -40 -32 -3 -25 -18 -34 -17 -47 -30 -2 -21 -35 52 53 -52 -54 56 59 58 -57 -55 -59 -62
right_child=1 4 6 -5 -6 -7 7 37 -10 11 -12 33 13 14 -16 45 17 19 20 49 21 -23 -24 35 36 -27 27 28 47 -31 40 -33 44 50 -36 -37 -38 38 39 -41 -42 -43 -44 -45 -46 46 -48 -49 -50 -51 51 -53 54 55 -56 57 -58 60 -60 -61 61 -63
leaf_value=0.032442478382612792 0.020059412939078008 0.00033951459953991263 0.015352827398792694 -0.0084886492147553151 -0.020135533519815878 0.031152052422230309 0.022956733415265464 0.016058576571910333 0.017687176194183689 -0.022207784077750061 -0.0035241769219895728 -0.0017641612604202236 0.017884269672081825 0.013614532960345968 -0.028350390184082482 0.024134250958450138 -0.0093845402719711681 0.010314756033942104 0.011779766561904628 0.014607152885711584 -0.025951983966245363 0.0052441410923546004 0.002180701217148453 -0.028078586630847144 0.0071158711325158093 -0.01771106113236947 -0.012954239054284628 -0.025012232441969439 0.019189562652433333 0.011949555525959081 0.0080175678347941572 0.0048643349416835121 0.0012194811067758843 0.0019318668167672053 -0.026615646275736034 0.00096752043637270873 0.026880063630031564 0.0080322310207959473 -0.02247531926149831 0.0016152591383534259 -0.011086586404206424 0.018499515907792672 -0.0054042366664442745 -0.03117814044987913 0.02198879036180015 -0.01040692148765303 0.018343604074668934 0.0029459586486501512 0.040832054952883882 -0.0024492980627452625 0.017392624748172238 -0.00093375775142241801 0.016020855787688883 -0.0092693755726488119 -0.008969158343737944 -0.035109577907446336 0.00025845381441745862 0.015049362781241402 -0.0076729782267648261 -0.032729992337117438 -0.01991823657774008 -0.0013483430904130443
leaf_weight=97 70 77 56 60 92 110 134 71 91 52 75 89 132 79 56 53 53 59 75 121 96 76 52 68 254 60 102 66 85 88 81 105 64 1071 62 73 51 101 50 57 86 116 53 85 78 52 60 105 53 50 55 18138 106 52 79 51 88 55 191 127 77 456
leaf_count=97 70 77 56 60 92 110 134 71 91 52 75 89 132 79 56 53 53 59 75 121 96 76 52 68 254 60 102 66 85 88 81 105 64 1071 62 73 51 101 50 57 86 116 53 85 78 52 60 105 53 50 55 18138 106 52 79 51 88 55 191 127 77 456
internal_value=-5.84543e-05 -0.000807249 0.00581841 0.014275 -0.00104633 0.0164177 0.00248895 0.00971524 0.000142421 -0.000965297 0.0124846 -0.00121407 -0.00121982 0.0069097 -0.0038736 0.0190304 -0.00359182 -0.00484037 -0.00979632 0.000278563 -0.00367568 -0.00887985 -0.0161192 -0.00605815 0.00344006 0.00094514 0.00235417 -0.000474127 0.00203745 -0.00285528 -0.00847398 0.015975 0.0208156 -0.00116026 -0.0120761 -0.0110649 0.0104977 0.00329625 -0.00111612 -0.00974589 -0.00182793 0.0112934 -0.0182726 -0.0229359 0.012702 0.0112689 0.00502118 0.0102753 0.0292673 0.00963464 -0.00107945 -0.00124514 -0.00546561 -0.00720701 0.0053586 -0.00845508 -0.0173795 -0.00556674 -0.0135758 -0.026004 -0.00225306 -0.00406332
internal_weight=24577 22360 2217 348 22012 529 1688 413 1275 21920 419 20749 1184 267 135 288 917 861 437 424 299 224 148 253 1171 866 806 613 511 321 233 344 239 20697 151 194 305 279 208 107 167 193 121 138 142 165 112 190 123 171 20546 19475 1337 1152 185 1097 267 830 242 179 588 533
internal_count=24577 22360 2217 348 22012 529 1688 413 1275 21920 419 20749 1184 267 135 288 917 861 437 424 299 224 148 253 1171 866 806 613 511 321 233 344 239 20697 151 194 305 279 208 107 167 193 121 138 142 165 112 190 123 171 20546 19475 1337 1152 185 1097 267 830 242 179 588 533
is_linear=0
shrinkage=0.03


Tree=68
num_leaves=63
num_cat=0
split_feature=21 16 1 11 21 15 4 11 15 11 3 21 1 11 1 8 3 11 11 7 4 19 1 21 16 4 11 14 7 7 17 16 4 11 21 3 21 4 8 8 8 4 6 4 7 7 4 3 21 8 11 19 21 3 3 8 19 7 1 1 21 21
split_gain=115.379 113.515 58.1892 31.744 50.3831 34.7697 34.0993 37.7678 30.4918 34.229 26.0381 22.5794 27.1762 21.4594 39.0648 38.0894 27.5568 26.8479 28.7509 27.4038 25.0499 27.5724 27.0076 29.2177 21.9145 20.5254 19.2657 17.6589 20.7379 18.4657 16.6317 16.6017 16.5299 16.1129 15.4989 15.3715 33.8548 45.761 37.1394 25.5499 32.1147 20.5657 21.0598 27.4074 20.7092 16.8034 22.4409 15.9289 22.9851 14.6868 18.2104 15.8216 30.4699 21.101 48.6876 19.3344 15.0056 14.6121 14.5225 37.2781 34.5665 23.6375
threshold=0.082061478739839766 11.666920171113992 991.84394670890504 -108.43034163592948 1.0000000180025095e-35 1.6955839617119761e-09 49.634929103620756 -100.28977197138549 3.0547904930207667e-09 -118.58850547487899 19.315809432248553 0.77329550501624056 1193.1273273220252 -105.66210515756049 909.82836450838306 0.026608986020591543 27.864293804574107 -104.32999997621349 -101.99280402366698 -0.27593269024799655 3.6664540240219954 2.5000000000000004 280.34642557336105 0.52703142032427708 1.0000000180025095e-35 38.119511165605111 -58.267354290735689 2.5565967020789988 0.27246464047947333 0.20818256580453912 8.8222212734874805 10.659042820873173 63.031228846168958 -92.515458915187523 0.014996265382266002 55.147574396888864 1.6575003426563104 -3.4762528919411495 0.21878541808137089 0.098373486848135641 0.032324103531000466 48.615958403139508 0.18127009462718305 26.752107861482553 0.05158081401042925 -0.021019694881747594 25.863488683925002 1.9021435927412302 1.1369920923094752 0.46334117244144585 -107.33243521324549 4.5000000000000009 0.41697579079349856 31.471108929698705 22.899830219888553 0.20739983472699833 3.5000000000000004 0.035538664890865775 612.48579760803864 320.38917523516358 0.62229607951379362 0.41697579079349856
decision_type=8 2 2 2 8 2 2 2 2 2 2 8 2 2 2 2 2 2 2 2 2 2 2 8 2 2 2 2 2 2 2 2 2 2 8 2 8 2 2 2 2 2 2 2 2 2 2 2 8 2 2 2 8 2 2 2 2 2 2 2 8 8
left_child=2 11 3 8 -5 6 7 -6 9 -1 -4 12 13 14 15 -2 17 -15 -19 -20 -21 24 -23 -24 33 -7 31 28 -3 30 -29 35 -10 -22 -12 47 38 57 -37 40 -39 42 45 -44 -43 -41 -47 48 -13 50 51 52 55 54 -53 -17 -52 -38 59 60 -18 -60
right_child=1 27 10 4 5 25 -8 -9 32 -11 34 26 -14 16 -16 49 58 18 19 20 21 22 23 -25 -26 -27 -28 29 -30 -31 -32 -33 -34 -35 -36 36 37 39 -40 41 -42 44 43 -45 -46 46 -48 -49 -50 -51 56 53 -54 -55 -56 -57 -58 -59 61 -61 -62 -63
leaf_value=0.0098519986907818474 -0.022213120763805112 0.015952017112332087 0.033457870861374035 -0.014635652855862137 -0.010579347607933663 0.036796085766982282 0.030540642388822401 0.014100570018126745 0.00091909799949232345 -0.018521060173201265 0.024551642898946912 0.021087631452382221 0.018276453324904043 -0.011378675199098765 0.020440249294951196 -0.017053566015486171 -0.0024337137662447414 0.013740475027402138 0.012876816044060083 -0.01807944865042603 -0.0098028234093678439 0.0017645468787911036 -0.0018662144026408592 -0.033555421803433162 0.025983243666302697 0.013138826459646225 -0.014137591931426051 0.028154298209530464 -0.0042592847025529901 0.035698696647305038 0.0051677054336125199 -0.017264189280908216 0.022553155627101661 0.012339463136575893 0.004106912012786082 0.034899276076848132 0.021588602705459668 0.0046829511588293822 0.0034039851180036416 0.010956141770573207 -0.023886356441190047 0.017955742966882959 -0.00082223495365618617 -0.026083259676963511 -0.0015341837251558899 -0.017016985090997288 0.0086469134049756181 -0.0011390585715370365 0.001694210611689594 -0.0092131138301920143 0.02534250017654683 -0.018321125396512081 0.010084759367673175 -0.017243505346123129 0.016244746873803114 0.0034764779763380911 0.0069162687765700467 0.0043082993562462962 -0.029768017359077928 0.010629248904746652 -0.030061607754656248 -0.0029700331352651116
leaf_weight=55 52 150 111 60 98 79 50 127 82 121 62 58 89 123 122 70 116 192 129 78 52 170 53 51 51 59 97 50 65 63 65 54 51 66 72 57 102 55 81 102 97 96 85 70 99 67 55 18419 816 71 62 60 397 71 91 98 111 78 59 100 62 59
leaf_count=55 52 150 111 60 98 79 50 127 82 121 62 58 89 123 122 70 116 192 129 78 52 170 53 51 51 59 97 50 65 63 65 54 51 66 72 57 102 55 81 102 97 96 85 70 99 67 55 18419 816 71 62 60 397 71 91 98 111 78 59 100 62 59
internal_value=-9.35598e-06 -0.000258536 0.0100091 0.00599684 0.0108741 0.0146065 0.00838801 0.00335185 -0.00148003 -0.00964891 0.0227392 -0.000530352 0.00207222 0.00150328 0.00441725 0.00259507 -0.00107804 0.00165742 0.00357298 0.000553169 -0.002517 0.000257665 -0.00561425 -0.0175777 0.00975484 0.026849 -0.000867698 0.0157089 0.00985019 0.0226908 0.0153184 -0.000803883 0.00932126 0.00258147 0.0136782 -0.00075933 0.00278456 0.00066878 0.0165704 -0.00269243 -0.0135857 0.000210817 -0.00386071 -0.0123245 0.00810351 0.00202469 -0.00547096 -0.000951235 0.00300382 0.00386662 0.00484256 0.00289657 0.00556025 -0.00387715 0.00247979 -0.005128 0.0136276 0.0141656 -0.00773137 -0.00396083 -0.0121711 -0.0165066
internal_weight=24563 23536 1027 782 473 413 275 225 309 176 245 23143 2655 2566 1205 1083 1361 965 842 650 521 443 274 104 169 138 20488 393 215 178 115 20391 133 118 134 20337 1044 906 138 726 152 574 379 155 195 224 122 19293 874 1031 960 787 565 222 151 168 173 180 396 278 178 118
internal_count=24563 23536 1027 782 473 413 275 225 309 176 245 23143 2655 2566 1205 1083 1361 965 842 650 521 443 274 104 169 138 20488 393 215 178 115 20391 133 118 134 20337 1044 906 138 726 152 574 379 155 195 224 122 19293 874 1031 960 787 565 222 151 168 173 180 396 278 178 118
is_linear=0
shrinkage=0.03


Tree=69
num_leaves=63
num_cat=0
split_feature=20 13 13 1 9 21 20 12 2 2 5 2 8 1 15 8 5 9 0 8 2 15 8 15 20 9 1 9 1 8 9 13 9 1 1 12 15 13 1 5 1 21 8 8 8 20 15 21 1 21 20 20 8 8 12 21 21 12 15 1 12 20
split_gain=124.067 116.198 77.909 50.9922 72.2975 36.8026 35.8647 42.9855 50.523 31.7157 31.0263 30.4048 53.358 29.5178 28.3961 26.3957 25.7999 24.9869 24.9209 34.626 27.5482 22.9476 22.8922 22.7317 22.2308 30.0442 30.7403 33.415 29.533 27.5026 27.2118 38.1952 31.778 26.5968 35.5307 21.994 21.8219 20.0797 19.0983 19.0684 46.1562 24.065 39.9789 41.296 24.5542 21.4342 18.8132 31.6699 21.8882 18.3894 47.6469 18.0257 18.4097 43.8771 39.6643 25.8205 37.4508 50.6203 32.133 25.5116 23.147 32.5733
threshold=6.6321986571914104 7.9699423268201111 19.798410162809187 320.38917523516358 0.38885406119199667 0.97029111646275712 2.0039493990201902 -102.45538046410174 5.4460108779223058 5.4945438406536793 -7.7575297325357502 5.3026281431250224 0.39668783834501437 212.42024478345402 7.9409338805090669e-23 0.10833366966581705 20.951507415413101 0.10548157985889663 79.894059463513273 0.28691615479486404 4.1881601862092808 6.3125091134027761e-11 0.2754983932500768 4.9033985561496439e-08 67.002938140146924 0.060165080240246034 126.2620865128065 0.03819502046656887 593.49574892646115 0.39247100637370858 0.16114177123650322 18.819762444641501 0.1709260324717983 81.676312705567526 94.745069440593113 -122.54698342879348 3.1763735522036267e-22 16.723626282501773 5.0802633810504654 30.932807372952702 86.711579592112955 2.0628570745054158 0.46129648681995811 0.41982572198142248 0.35430163937862785 115.24981516699802 4.184171523933081e-08 1.3208041207073504 187.35855937619854 1.7678240478036453 0.8563069851691486 8.3239899629552365 0.1977721069280565 0.212911901573027 -100.98342210097569 1.4739805931309302 1.8856084922158751 -110.88086699049911 7.9409338805090669e-23 182.01858577647354 -99.782206255781233 124.8113129700135
decision_type=8 2 2 2 2 8 8 2 2 2 2 2 2 2 2 2 2 2 2 2 2 2 2 2 8 2 2 2 2 2 2 2 2 2 2 2 2 2 2 2 2 10 2 2 2 8 2 10 2 8 8 8 2 2 2 10 8 2 2 2 2 8
left_child=2 -2 23 4 11 6 7 9 -9 16 -11 17 13 14 -13 -7 -5 -4 19 -3 -20 -8 46 -1 30 26 27 29 36 -26 31 -24 -32 -34 -35 -27 -28 -36 -37 -40 -41 42 43 -42 -43 -46 51 -48 -49 50 -17 -22 -53 60 55 -55 57 -57 -59 -58 61 -54
right_child=1 18 3 5 -6 15 21 8 -10 10 -12 12 -14 -15 -16 49 -18 -19 20 -21 22 -23 24 -25 25 35 28 -29 -30 -31 32 -33 33 34 37 38 -38 -39 39 40 41 44 -44 -45 45 -47 47 48 -50 -51 -52 52 53 54 -56 56 59 58 -60 -61 -62 -63
leaf_value=0.024447362757158728 0.020782329155829123 -0.0017652208242971562 -0.034038124793373488 0.00069664175988749626 0.016238088138014462 0.015257224788826504 0.015769030738634709 0.011903868368778129 0.044408634210224535 0.0064145140772452576 -0.019091292521465689 0.010370971882478036 0.021437011162610087 -0.023167996057006833 -0.013946679857326671 0.0083615990897157669 0.024719335373202471 -0.010016258817402958 0.007409715665061576 -0.030409741982451229 -0.013300818630286811 0.04245022052132031 0.023996768604087147 0.0031419184937008788 -0.018541353214478085 -0.014350871635005645 -0.0031688801718971473 -0.028746845267786838 -0.01694369732630344 0.0089143171473856885 -0.018702363729691848 0.0040430188584828471 0.0068641965006375665 -0.02150846474454738 -0.014664020837819272 0.012103111838918391 0.012993172535011284 0.0005964254342928592 0.00054726039106805125 0.0082722896508933916 -0.012480893607184525 0.015094683845677683 0.0066898757158778601 -0.03994678874310921 -0.020051520071214152 0.0061578953792067129 -0.031482247207861608 0.011753642841735306 -0.014334850289872778 0.0058149790864621027 -0.022045786013365338 -0.00076742426070719732 -0.020701252439642673 0.0041989941572574511 -0.0070194101781780515 0.01121201417595148 -0.0062269761082938023 -0.0057472046854143794 -0.033110562527609855 0.006552736931304746 -0.0022439090605877654 -0.003822086007518326
leaf_weight=257 225 101 50 93 153 88 72 286 50 79 92 93 72 76 79 80 70 172 365 60 117 50 92 55 69 96 252 100 97 61 77 1219 508 71 80 115 106 1848 4259 181 222 61 69 63 62 50 50 50 66 121 108 8315 272 960 843 54 251 65 96 317 212 166
leaf_count=257 225 101 50 93 153 88 72 286 50 79 92 93 72 76 79 80 70 172 365 60 117 50 92 55 69 96 252 100 97 61 77 1219 508 71 80 115 106 1848 4259 181 222 61 69 63 62 50 50 50 66 121 108 8315 272 960 843 54 251 65 96 317 212 166
internal_value=5.2005e-05 -0.000619937 0.00685142 0.004546 -0.00190803 0.00831697 0.0120499 0.00929878 0.0168583 0.00166635 -0.00733912 -0.00705093 -0.00112117 -0.00773012 -0.000814237 0.00085834 0.011101 -0.015555 -0.000838586 -0.012562 -0.000752055 0.0269602 -0.000890362 0.0207136 0.000185371 -0.00098169 -0.00688131 -0.015795 -0.00235074 -0.0056886 0.00194191 0.0054605 0.000155314 0.000741735 -0.000816802 -0.000200049 0.00163939 -4.40617e-05 7.00338e-05 -0.000210946 -0.0047663 -0.00925164 -0.0137227 -0.0186707 -7.65673e-05 -0.00839994 -0.00177732 -0.011776 -0.00308546 -0.0032783 -0.00913069 -0.00163408 -0.00151476 -0.00343424 -0.00168108 0.000903341 -0.00313751 -0.0137703 -0.0221669 0.000904345 -0.0103958 -0.0143274
internal_weight=24539 22343 2196 1884 695 1189 792 670 336 334 171 542 320 248 172 397 163 222 22118 161 21957 122 21592 312 9758 5863 685 230 455 130 3895 1311 2584 2507 1999 5178 358 1928 5082 4967 708 527 354 285 173 112 11834 166 116 309 188 11668 11551 3236 2586 1743 783 215 161 568 650 438
internal_count=24539 22343 2196 1884 695 1189 792 670 336 334 171 542 320 248 172 397 163 222 22118 161 21957 122 21592 312 9758 5863 685 230 455 130 3895 1311 2584 2507 1999 5178 358 1928 5082 4967 708 527 354 285 173 112 11834 166 116 309 188 11668 11551 3236 2586 1743 783 215 161 568 650 438
is_linear=0
shrinkage=0.03


Tree=70
num_leaves=63
num_cat=0
split_feature=20 13 16 0 1 3 1 9 20 20 12 0 5 3 13 0 15 0 1 8 1 1 3 12 3 5 4 17 8 20 3 17 8 5 0 20 12 3 3 12 0 0 20 20 1 13 0 1 20 8 1 17 0 8 9 8 9 3 1 20 5 9
split_gain=149.732 86.1432 64.8672 35.3536 27.9636 26.2009 25.5233 45.5971 24.622 23.3831 58.4847 29.0124 25.4643 30.1332 21.2299 20.6588 24.3158 20.1744 29.7892 20.1435 19.9653 19.2369 17.0697 18.6893 15.5609 21.5544 14.7066 14.562 17.3688 14.511 15.7566 13.021 13.279 12.3959 11.9738 25.8368 21.1642 17.2388 26.2737 16.2824 23.6603 45.5361 43.2005 38.6662 19.4057 24.7895 23.6269 17.89 17.0382 33.4111 22.8365 23.6775 29.1224 34.4807 21.8096 35.1603 25.0577 25.7517 21.0354 30.2539 20.4518 26.5478
threshold=6.6321986571914104 24.003723606436235 16.829531358139203 56.4905538282188 355.75271741983607 4.4507616879867014 126.2620865128065 0.10548157985889663 2.4225234403102557e-13 1.7925050432673102 -102.98940403816049 509.45364951394555 22.444695673624505 40.816609482854957 19.798410162809187 463.61630257761254 7.2305518765730566e-10 352.76072856159902 799.72176871691261 0.16153690976172366 63.807103994544107 587.48004771452008 22.899830219888553 -100.2705744626319 40.816609482854957 20.174078811553951 16.653093195873854 4.7980420268203714 0.19989044939695158 0.25416068059599056 25.050812021587301 7.7983646310449233 0.33807427359056491 6.5607647403634006 186.54233507567753 38.273086362953158 -81.328298715234581 48.737503657922957 41.672482870429256 -93.717408068827737 370.07056704191308 425.16425195490052 49.014461036229754 17.348097489993553 10.964348018822653 21.630429976062938 214.79837848030752 299.65738964835555 16.267337256559554 0.45276175849187467 27.826067356312354 2.1316282072803015e-14 486.72097990352205 0.27962085186491953 0.074798172773420171 0.25068251320891838 0.091469123674043043 33.595654686266251 526.18175742024516 12.347912724316052 -22.181823697473366 0.47466229961431644
decision_type=8 2 2 2 2 2 2 2 8 8 2 2 2 2 2 2 2 2 2 2 2 2 2 2 2 2 2 2 2 8 2 2 2 2 2 8 2 2 2 2 2 2 8 10 2 2 2 2 8 2 2 2 2 2 2 2 2 2 2 8 2 2
left_child=1 4 3 -2 14 33 7 -7 -6 10 12 24 13 29 -1 16 17 18 -12 -4 -9 -13 23 -10 25 26 -11 34 -29 -8 -31 -21 -33 -3 35 36 -5 38 -37 48 44 42 -42 -43 -41 46 -46 -45 49 58 51 54 53 -53 55 -50 -56 -58 -36 -60 61 -52
right_child=2 5 19 27 8 6 9 20 22 11 15 21 -14 -15 -16 -17 -18 -19 -20 31 -22 -23 -24 -25 -26 -27 -28 28 -30 30 -32 32 -34 -35 39 37 -38 -39 -40 40 41 43 -44 47 45 -47 -48 -49 50 -51 60 52 -54 -55 56 -57 57 -59 59 -61 -62 -63
leaf_value=0.018596612708676571 -0.019723663700562964 0.025143258626159595 0.026143014415098479 0.024404541182013437 0.0024846723331854895 -0.030888245103236001 -0.029494539639284917 0.0094922761049189962 0.038782106983209295 0.0021682882145978508 -0.0041680296697055117 0.012466036421158965 0.006097795576833695 0.0016896421601995824 -0.00022637213311963163 0.025340675787283821 0.022551067296359965 -0.0082730172004437802 0.023972535177387972 0.020161763450079081 -0.0085835311383738906 0.034455929904610716 0.016639487816819121 0.019802933255930175 0.016304818077478557 0.015821473254372588 -0.016369847826744346 0.002662643277346013 -0.019862928697718427 0.00080582649214193218 -0.021433376661960536 -0.0088969710612526298 0.012159981541335583 0.0068668223070827393 -0.00093893112246303456 4.7727051904385397e-05 0.0031944998358977177 0.00777967396204895 -0.018978767016281681 -0.0150409881114762 -0.041472631874875945 -0.017281771583130229 -0.010380563069646414 -0.00023150885530880518 -0.028651128299312396 -0.00018220769948414087 -0.0054438473490800434 0.022476855359579388 0.0038987105535708585 0.018414773561258233 0.00015289263610193993 0.0072907089160100828 -0.0024967487426111839 0.038871565140106458 0.02285539308769835 -0.019879515277362377 0.0052012554316128558 -0.0046379178595307166 0.00027976636520486887 0.022049095711296367 -0.0017718136833258435 0.010991568769742218
leaf_weight=99 88 70 87 78 51 51 68 108 111 92 69 105 102 103 117 64 66 98 65 53 110 55 139 87 71 57 65 51 76 50 66 51 55 65 848 704 92 220 71 96 60 73 121 69 50 1882 178 56 118 112 3483 73 76 54 53 105 714 359 141 96 11760 215
leaf_count=99 88 70 87 78 51 51 68 108 111 92 69 105 102 103 117 64 66 98 65 53 110 55 139 87 71 57 65 51 76 50 66 51 55 65 848 704 92 220 71 96 60 73 121 69 50 1882 178 56 118 112 3483 73 76 54 53 105 714 359 141 96 11760 215
internal_value=1.23629e-06 0.00750974 -0.000683303 -0.000853588 0.0171536 0.00386074 0.0026894 -0.00564557 0.0219665 0.00456722 0.00133404 0.0100084 -0.00673402 -0.0112998 0.00844677 0.00999852 0.00662983 0.00202316 0.00955871 0.0146058 0.000373909 0.0201921 0.0248988 0.0305842 0.00424068 0.000180866 -0.00556177 -0.000777505 -0.0108671 -0.0185409 -0.0119226 0.00816907 0.00204034 0.0164587 -0.000718655 0.00223974 0.013012 0.000388036 -0.00171756 -0.000884516 -0.00311209 -0.0100267 -0.0208586 -6.97284e-05 -0.00192013 -0.00131632 -0.0106361 0.0100395 -0.000568095 0.00288999 -0.000811598 0.00265638 0.0121823 0.0209176 0.00121493 -0.00733608 0.00291343 0.00190805 0.00127195 0.00915332 -0.00115994 0.000785849
internal_weight=24622 2204 22418 22172 604 1600 1465 269 388 1196 751 445 389 287 216 362 298 232 134 246 218 160 337 198 285 214 157 22084 127 184 116 159 106 135 21957 1165 170 995 775 20792 2585 379 181 198 2206 2110 228 125 18207 1197 17010 1552 203 127 1349 223 1126 1073 1085 237 15458 3698
internal_count=24622 2204 22418 22172 604 1600 1465 269 388 1196 751 445 389 287 216 362 298 232 134 246 218 160 337 198 285 214 157 22084 127 184 116 159 106 135 21957 1165 170 995 775 20792 2585 379 181 198 2206 2110 228 125 18207 1197 17010 1552 203 127 1349 223 1126 1073 1085 237 15458 3698
is_linear=0
shrinkage=0.03


Tree=71
num_leaves=63
num_cat=0
split_feature=20 14 0 1 15 11 0 17 12 11 4 11 11 20 20 12 1 6 9 21 0 20 0 11 17 1 7 15 1 20 9 11 7 9 12 20 20 6 7 11 4 7 7 6 1 20 20 7 12 21 1 20 11 1 4 7 6 0 12 20 6 21
split_gain=115.21 67.1957 53.6523 34.8108 47.9985 30.6174 30.4924 27.6742 27.7628 25.1761 28.186 35.4085 29.532 23.4886 34.7715 22.582 26.904 20.8841 21.3534 20.6955 19.4236 20.9806 25.159 18.9479 37.2948 35.2486 36.5305 36.6702 33.8482 33.7961 38.1147 32.6091 31.0166 29.0449 28.5374 23.3645 29.9935 63.1557 27.0219 64.0015 25.5076 22.2126 35.4292 22.4511 22.0934 28.6726 35.3369 22.025 27.9939 29.1497 38.0922 28.0427 24.9014 24.6132 23.8353 25.5926 23.3472 21.9246 27.445 23.4028 39.7889 36.8495
threshold=3.1176223902685902 6.0820396774200001 244.93883245553252 316.55721303296406 4.0020604480009421e-09 -109.01385142244349 346.08468397078207 2.0917320043305883 -104.04939904118659 -101.45714086616449 13.8844930990017 -106.40060730180099 -108.27484853140699 0.35968814765788604 1.2878994310186551 -114.94426042958814 757.68454940083018 0.036902471983588432 0.28333158758365984 0.78591458771949518 306.80561199496759 31.985005581239651 432.82184282847157 -109.41609090520699 1.8459666816549893 83.192969287919922 -0.33128293760625199 2.6885007426294313e-09 128.39463757823253 13.714036656288203 0.091469123674043043 -115.28997331440449 -0.36248537877486869 0.27116371917429133 -110.57507565106151 116.52470094566353 104.98593786548952 -0.065341727176542394 -0.4260373271332431 -111.23387789899748 -3.4762528919411495 0.38944845973952452 0.38042054963126765 0.13663716352137714 799.72176871691261 34.338688009156606 65.152350133401811 -0.12914164911925316 -103.46910750931798 0.13122009026230202 789.30510954328508 10.381398064005351 -103.8166514111165 6.3068884566498413 -11.046923780531248 -0.14058992657031896 -0.28392629892025129 131.80286702323505 -83.289809304479434 145.80098911164103 -0.30963848136910926 3.1485848041048454
decision_type=8 2 2 2 2 2 2 2 2 2 2 2 2 8 8 2 2 2 2 8 2 8 2 2 2 2 2 2 2 8 2 2 2 2 2 10 10 2 2 2 2 2 2 2 2 10 8 2 2 8 2 10 2 2 2 2 2 2 2 10 2 8
left_child=2 7 -1 5 9 -4 -6 23 20 10 11 -5 -12 -11 -15 -8 -17 -7 -19 -14 -9 22 -22 25 41 26 27 -2 31 30 -30 -27 -33 -26 -28 36 38 -38 39 -31 -37 42 47 -44 -40 -46 -47 48 52 -50 54 -52 53 -25 56 -56 -51 58 -49 -59 -61 -62
right_child=1 -3 3 4 6 17 15 8 -10 13 12 -13 19 14 -16 16 -18 18 -20 -21 21 -23 -24 24 33 28 34 -29 29 35 -32 32 -34 -35 -36 40 37 -39 44 -41 -42 -43 43 -45 45 46 -48 57 49 50 51 -53 -54 -55 55 -57 -58 59 -60 60 61 -63
leaf_value=0.028750173671286031 0.0017909607683752205 0.02012239104233977 -0.010396906164968746 0.0013600620491938157 -0.001261544913913195 0.012467957541073967 0.0070016531961866555 0.016100473480010535 0.012344830186317129 0.019693643222986296 -0.0036886135506823559 -0.028200935814690228 0.022136601122549258 -0.0063621944937369097 0.019306000530271341 0.01740199662988294 0.041074786256998772 -0.013850500919641209 0.0092472016611205993 2.4229725191401224e-05 -0.0090729728797977818 -0.0033077319974562569 0.015461781561260915 0.017536101546013795 -0.0038073752511462024 0.0028126795933213688 0.0045752108972514499 -0.024812814370893378 -0.012499687591334805 -0.001302618802844608 0.016573678167573738 0.0084419442054170825 -0.016683749872586362 -0.035299827302089679 0.016788878941524799 0.01850253546843305 0.0066347317001782353 -0.033897600271785018 0.00058999495841341627 -0.0404440778505075 0.0019493744917406649 0.0016769360502202652 -0.0072388258363415454 -0.032352625252503264 0.010716516149627483 -0.028078641712665556 -0.0014029396027326582 0.025137858471761528 0.023841985677478507 -0.025825401111864127 -0.02734779151566958 -0.0045855279191410244 -0.015109465204159471 -0.0026144718764821158 0.00208908565630398 0.017825480659666937 -0.0013078136866291365 -0.0025251099752273466 0.001056445799149054 -0.023699283615946767 -0.0009306180438097575 -0.021196569876652211
leaf_weight=99 148 138 180 98 51 163 53 70 264 164 151 57 110 114 80 88 89 77 66 58 52 541 130 55 54 171 906 67 50 136 201 51 307 51 212 95 63 75 2205 51 661 1824 83 52 50 89 89 51 50 51 58 283 140 2130 3017 95 107 7078 236 124 420 99
leaf_count=99 148 138 180 98 51 163 53 70 264 164 151 57 110 114 80 88 89 77 66 58 52 541 130 55 54 171 906 67 50 136 201 51 307 51 212 95 63 75 2205 51 661 1824 83 52 50 89 89 51 50 51 58 283 140 2130 3017 95 107 7078 236 124 420 99
internal_value=-5.20362e-05 -0.000672834 0.00742416 0.00608664 0.00900942 -0.000611646 0.0197092 -0.0007999 0.00393795 0.00537635 0.00083561 -0.00962185 0.00593101 0.0113693 0.00426735 0.0243446 0.0294691 0.00515951 -0.00319984 0.0145479 0.00112716 -0.000342769 0.00844058 -0.00103101 -0.00155593 0.000466988 0.00472663 -0.00657601 -0.00085614 0.000143046 0.0107556 -0.0079544 -0.0130908 -0.0192924 0.00690415 -0.000617834 -0.00189866 -0.0154791 -0.00117773 -0.0121359 0.00405116 -0.00143799 -0.0018402 -0.017079 -0.000330843 -0.0092 -0.0148231 -0.00169199 -0.000315313 0.00131952 0.00100114 -0.00852576 -0.00288902 -0.00209946 0.00199693 0.00257504 -0.00933437 -0.00272088 0.00540815 -0.00302371 -0.00849978 -0.00482971
internal_weight=24578 22880 1698 1599 1113 486 281 22742 1057 832 474 155 319 358 194 230 177 306 143 168 793 723 182 21685 16058 5627 1333 215 4294 3765 251 529 358 105 1118 3514 2758 138 2620 187 756 15953 14129 135 2433 228 178 13994 5986 3661 3611 341 2325 2185 3270 3112 158 8008 287 7721 643 519
internal_count=24578 22880 1698 1599 1113 486 281 22742 1057 832 474 155 319 358 194 230 177 306 143 168 793 723 182 21685 16058 5627 1333 215 4294 3765 251 529 358 105 1118 3514 2758 138 2620 187 756 15953 14129 135 2433 228 178 13994 5986 3661 3611 341 2325 2185 3270 3112 158 8008 287 7721 643 519
is_linear=0
shrinkage=0.03


Tree=72
num_leaves=63
num_cat=0
split_feature=20 10 3 10 12 12 4 5 4 4 20 5 3 12 20 12 6 12 4 1 4 3 19 4 7 6 1 20 3 1 3 1 17 12 1 7 6 12 20 1 5 5 5 20 20 7 7 20 1 1 3 20 20 7 7 20 20 6 20 3 15 7
split_gain=130.218 67.7371 49.0018 46.9809 27.1979 24.3889 21.8913 17.2345 24.4238 22.1348 16.8317 16.5425 16.1579 30.0992 25.1475 32.4969 25.0035 36.1147 35.4234 31.7923 21.5242 19.684 33.7658 31.3477 20.308 38.8182 19.4682 18.9931 18.4976 22.499 26.12 20.7474 24.0269 28.6828 24.8116 23.4441 25.3315 35.4028 41.9944 37.9915 29.6361 41.0694 46.7261 40.8331 36.5565 28.6232 33.9278 25.4792 26.7165 25.2586 28.0894 52.122 32.7849 36.7749 28.9518 32.5663 28.3651 24.8498 22.7169 22.5482 35.7009 22.124
threshold=3.1176223902685902 9.0000000000000018 18.775289639545655 3.5000000000000004 -108.02442962227799 -58.169432999648429 6.055412936699196 -9.2680982752518482 -3.0653393556238293 65.265407499425763 1.1262410964097451 -4.5890270637360997 48.737503657922957 -93.287250154809769 19.352189251293755 -108.89912960389412 0.16161945362187294 -99.782206255781233 75.972147171729759 433.45230810734159 17.255626476850356 42.551787029432653 2.5000000000000004 76.873958806123866 -0.31868970433936988 -0.031300104639649044 38.449140556621508 31.404148082624655 35.604459689671906 536.58186418470802 41.120522641096962 383.84321409012506 1.0906263485778356 -101.34229578125206 293.24003780481706 0.38944845973952452 0.3941561502949576 -100.98342210097569 6.1661304709809501 24.727108232335603 -11.908643587816 3.9584680884545986 27.509282087609055 121.74579816547102 24.095389148941354 -0.20308610512899825 -0.033371718436345336 13.298681841841001 230.71603250333703 12.249286541477753 6.5712509654164206 57.587732829686963 34.872832121591458 -1.0000000180025095e-35 0.14600073917141113 24.642820799665454 99.810306735100369 -0.042833117474910136 7.6979648307753665 6.1186982349081456 3.4653437748354766e-09 0.46271158099761062
decision_type=8 2 2 2 2 2 2 2 2 2 8 2 2 2 8 2 2 2 2 2 2 2 2 2 2 2 2 8 2 2 2 2 2 2 2 2 2 2 8 2 2 2 2 10 10 2 2 8 2 2 2 10 8 2 2 10 10 2 8 2 2 2
left_child=2 5 3 4 -1 12 -3 8 -6 10 -9 -5 21 14 15 20 27 18 19 -18 -14 28 23 26 25 -24 -23 -16 31 -30 -31 32 35 34 -34 36 37 39 -39 -2 49 59 44 -44 -43 -46 -47 48 58 -40 51 52 -51 -54 56 -56 -52 -37 -41 -42 -61 -59
right_child=1 6 -4 11 7 -7 -8 9 -10 -11 -12 -13 13 -15 16 -17 17 -19 -20 -21 -22 22 24 -25 -26 -27 -28 -29 29 30 -32 -33 33 -35 -36 57 -38 38 40 47 41 42 43 -45 45 46 -48 -49 -50 50 54 -53 53 -55 55 -57 -58 61 -60 60 -62 -63
leaf_value=-0.011039721389802602 0.0050649058007395768 0.031408564689520156 0.0036760108215536454 0.037811228900595947 0.0021070564538240434 -0.017092507112847669 0.0099659294784274887 0.0087389828211809177 0.027266934793928395 0.02497307017726718 -0.0086361199601863829 0.018485736207201564 0.0031413717546007209 0.016274565336225504 -0.011211381756145968 -0.0071286398332033839 -0.007603447575070945 0.017460399649285786 0.015187364851848946 -0.031519241943713402 0.027859548490748485 -0.025113944619068136 -0.027647841757930378 -0.032177741868564709 0.0013156114521906406 0.0022218341978957816 -0.0059790882423662248 0.0032064494419671821 0.0029646107186550763 -0.0073352589326588285 0.010105470512209362 0.00013058649310035311 0.0022322812542195027 0.013122636138008058 -0.01569400034379214 0.0063529189988287315 0.001623431594244477 -0.030881687363429083 -0.025230152410208193 -0.011568480234089858 0.012433427742722223 -0.024129238572609686 0.0066733122374934908 -0.020108129333239046 0.0058543392567379964 -0.032129561013932668 -0.0057700862608964908 -0.0036430488661830301 0.020085475414161041 -0.026829010435544389 -0.0050057041825172406 -0.032989186218806678 -0.011441548889502882 0.02060061918778552 0.0007351997382439939 -0.022733103921809987 0.011327264416540245 0.0017673926710219839 0.0095970082221901974 0.0021237004721144908 -0.020973609925816109 -0.01048764931709649
leaf_weight=51 597 56 999 80 50 83 180 165 114 52 71 86 50 118 88 62 421 55 53 56 87 52 67 51 748 92 510 1084 1982 415 94 6121 488 190 80 525 942 60 82 86 151 180 256 63 102 61 153 3859 82 50 488 104 79 53 83 147 118 365 95 526 67 207
leaf_count=51 597 56 999 80 50 83 180 165 114 52 71 86 50 118 88 62 421 55 53 56 87 52 67 51 748 92 510 1084 1982 415 94 6121 488 190 80 525 942 60 82 86 151 180 256 63 102 61 153 3859 82 50 488 104 79 53 83 147 118 365 95 526 67 207
internal_value=-1.94517e-05 -0.000790089 0.00789006 0.0141679 0.00956654 -0.000957157 0.0151651 0.0119108 0.0196555 0.0074479 0.00349734 0.0279699 -0.000896999 0.00162566 0.000734072 0.0108137 -0.000413064 -0.0054733 -0.00788161 -0.0104712 0.0189265 -0.00115265 -0.00443631 -0.00986905 -0.000757742 -0.0104589 -0.00779104 0.00211525 -0.000889055 0.00151981 -0.00410088 -0.00125367 -0.00207313 0.00306561 -0.000315692 -0.00247996 -0.00301356 -0.00359286 -0.00624984 -0.00200242 -0.00570397 -0.00297054 -0.00761875 0.00133788 -0.0133703 -0.00718495 -0.0133983 -0.00302698 0.00599223 -0.00923795 -0.00804775 -0.0161499 -0.00639984 0.00148203 -0.00525996 -0.0142976 -0.00181194 0.00164578 -0.00046783 0.00212465 -0.000516861 -0.00267812
internal_weight=24532 22864 1668 669 503 22628 236 452 164 288 236 166 22545 2074 1956 199 1757 585 530 477 137 20471 1520 613 907 159 562 1172 18951 2491 509 16460 10339 758 568 9581 8484 7542 2823 4719 2763 1559 815 319 496 316 214 4122 263 1204 1122 286 182 132 836 230 606 1097 181 744 593 572
internal_count=24532 22864 1668 669 503 22628 236 452 164 288 236 166 22545 2074 1956 199 1757 585 530 477 137 20471 1520 613 907 159 562 1172 18951 2491 509 16460 10339 758 568 9581 8484 7542 2823 4719 2763 1559 815 319 496 316 214 4122 263 1204 1122 286 182 132 836 230 606 1097 181 744 593 572
is_linear=0
shrinkage=0.03


Tree=73
num_leaves=63
num_cat=0
split_feature=21 16 12 2 5 20 20 7 1 12 16 5 6 16 7 1 16 7 5 2 16 9 9 16 2 1 5 1 12 16 9 1 1 6 20 5 14 12 20 2 12 5 5 8 6 21 2 16 9 20 8 16 12 0 9 12 6 14 12 12 2 21
split_gain=111.525 112.843 31.9893 41.6235 35.7482 27.7059 26.5778 27.8892 23.7005 25.5551 20.2429 47.3929 39.5215 35.4939 31.1937 28.7002 47.8777 32.4396 50.9839 43.4503 38.7143 28.8849 25.8114 29.5568 25.8479 25.6795 23.3049 30.0962 37.2792 24.1064 35.9175 19.5622 24.4842 17.6763 17.5467 17.4211 17.5964 16.703 29.9224 16.3165 16.1856 15.7392 27.1537 19.5077 28.1799 15.2273 15.1644 14.9383 30.1574 20.0137 21.3239 19.0462 28.9572 27.7206 18.51 19.2911 14.78 13.8114 13.519 24.3611 13.143 30.9327
threshold=0.059577513970665803 16.829531358139203 -105.27457297711398 5.4839093567989901 34.024426815992804 457.67350575874508 0.8563069851691486 -1.0000000180025095e-35 336.19218487518259 -114.72152498893956 1.0305959579886638e-06 54.742091473830662 -0.28790341498991595 0.084941979197829739 0.11973804021551972 250.56333068208653 0.79451064860705511 0.12314496810073551 -4.3099213126764999 5.6044848094268334 6.245679110262226 0.44930162831599235 0.35131774233020835 3.7422357648722397 5.3662238919002396 92.926819358066112 37.600536977437358 324.91480905299704 -110.28867877777066 4.785501998462947 0.22689877030944763 600.11925257148766 347.56284880783505 -0.065341727176542394 26.023474505580456 31.824453577230653 5.8528188273099966 -126.10251266064104 93.803938268026869 5.7486551705724516 -94.51051989416159 -41.726819091811244 -21.429751208697027 0.34445090380454707 0.14036612846692978 1.5752561636515352 5.6044848094268334 6.7382104107044976 0.27116371917429133 35.783103081728505 0.21474313314631613 0.6580955068869786 -108.02442962227799 511.22692006211508 0.18828902304405973 -106.37842076009848 -0.20384831805894341 14.449291323303997 -97.576520867380026 -104.68198297031491 4.5355110296109267 2.2504274019014505
decision_type=8 2 2 2 2 10 8 2 2 2 2 2 2 2 2 2 2 2 2 2 2 2 2 2 2 2 2 2 2 2 2 2 2 2 8 2 2 2 8 2 2 2 2 2 2 10 2 2 2 8 2 2 2 2 2 2 2 2 2 2 2 8
left_child=2 5 4 -4 8 6 7 -2 46 -10 37 12 14 34 25 39 -17 18 19 20 -18 31 24 -24 -16 -12 27 -20 -29 -30 -31 32 -19 -6 -14 36 -3 38 -8 47 -9 -36 -43 44 45 -44 -1 51 54 -50 -51 52 -15 56 55 -49 -53 -38 59 -27 61 -39
right_child=1 35 3 -5 33 -7 10 40 9 -11 11 -13 13 15 22 16 17 21 26 -21 -22 -23 23 -25 -26 58 -28 28 29 30 -32 -33 -34 -35 41 -37 57 60 -40 -41 -42 42 43 -45 -46 -47 -48 48 49 50 -52 53 -54 -55 -56 -57 -58 -59 -60 -61 -62 -63
leaf_value=-0.024103086079087326 0.016161047561712789 0.0048856607443936492 0.012385608887749491 0.040295473482459786 0.03179839718513764 -0.019293572232127187 0.023732673788679319 0.0047648348621503042 0.01912943365297427 -0.0017880173194990084 0.021697805453345854 -0.030607429583641616 -0.023938799340248805 0.0079576599682277104 8.8194100694222887e-05 0.011760797270910202 -0.048484789906953804 -0.0045462304335745539 -0.027900875608508402 -0.002520374099795635 -0.014761597758053607 -0.021033748184379777 -0.0074755205560112529 0.023737680374042076 -0.024905983716989422 0.0070538502445976654 0.011461216512728821 -0.024555141320452094 0.018673875084739517 0.008956019092001952 -0.023091379536199382 -0.0095634909382278331 0.015974993363602974 0.008601246581723291 -0.024374876088079284 0.033637722542766348 0.034343863876865187 0.0097934633347131605 -0.0026240272822161742 0.016714975582435728 -0.014780203650633875 0.0062758703775776239 -0.02769754546057597 -0.028115578254477844 0.011252929370247704 -0.0045221254152228241 -0.00083570057854932898 -0.01361064101736599 -0.029267560842464554 -0.019174457218858503 0.0061641419242168295 -0.0048698269114053495 -0.022633996012904761 -0.0066226124305588498 0.018790520648745927 0.0074654453787310364 0.012185099511914075 0.013139384133550761 0.017375262146657806 -0.015354862624810913 -0.00069093848472237963 -0.00089451379320691984
leaf_weight=50 171 91 403 54 51 71 70 142 75 170 109 54 87 52 76 118 78 91 64 51 52 56 58 50 72 167 54 63 54 71 55 88 121 71 50 57 50 366 85 55 51 102 50 53 50 52 50 70 52 61 57 53 58 125 50 86 312 65 58 58 18378 725
leaf_count=50 171 91 403 54 51 71 70 142 75 170 109 54 87 52 76 118 78 91 64 51 52 56 58 50 72 167 54 63 54 71 55 88 121 71 50 57 50 366 85 55 51 102 50 53 50 52 50 70 52 61 57 53 58 125 50 86 312 65 58 58 18378 725
internal_value=4.75075e-05 -0.00049106 0.0101287 0.0157643 0.00459191 -0.000712466 -0.000654725 0.00737672 -0.000357781 0.00466702 -0.000783168 -0.00299803 -0.00251347 -0.00423015 0.00408202 -0.00255939 -0.00613521 -0.00849726 -0.0131117 -0.0260644 -0.0352112 -0.00145484 -0.00405362 0.00706024 -0.0121567 0.00939188 -0.00656337 -0.00976074 -0.00488832 0.0020927 -0.0051046 0.00225763 0.00718637 0.0184781 -0.0119099 0.0190121 0.0148223 -0.000422656 0.00935483 0.000966941 -0.00044948 -0.00891981 -0.00633174 -0.0126048 -0.00704803 -0.0160412 -0.0125929 6.33004e-05 -0.0046181 -0.0139326 -0.00698568 0.00299978 -0.00823108 0.00553262 0.00309882 -0.00201823 0.00970209 0.0225753 0.00459243 0.001235 -0.000500975 0.00269669
internal_weight=24439 23515 924 457 467 23252 23181 364 345 245 22817 3193 3139 2491 648 2047 1016 898 542 181 130 356 256 108 148 392 361 307 243 180 126 300 212 122 444 263 206 19624 155 1031 193 357 307 205 152 102 100 976 376 170 118 600 110 490 206 156 365 115 283 225 19469 1091
internal_count=24439 23515 924 457 467 23252 23181 364 345 245 22817 3193 3139 2491 648 2047 1016 898 542 181 130 356 256 108 148 392 361 307 243 180 126 300 212 122 444 263 206 19624 155 1031 193 357 307 205 152 102 100 976 376 170 118 600 110 490 206 156 365 115 283 225 19469 1091
is_linear=0
shrinkage=0.03


Tree=74
num_leaves=63
num_cat=0
split_feature=21 13 12 21 4 11 11 11 3 2 11 1 3 1 4 4 13 7 13 21 7 3 21 11 21 12 21 12 2 3 1 7 16 1 13 9 3 3 21 7 9 21 4 1 9 9 1 21 1 4 3 9 4 1 11 12 19 1 11 9 4 4
split_gain=79.123 75.1683 43.2159 53.2911 33.0756 32.4097 22.8739 31.3922 22.3542 29.0702 22.0826 31.4996 22.0246 21.4123 18.523 22.7904 16.4552 14.7793 23.8978 37.8871 27.0293 16.4743 16.5289 34.3245 27.2158 23.3023 20.8146 16.6361 27.989 16.3888 15.0269 36.6798 28.4182 30.2253 37.1634 25.0097 24.0447 25.0517 24.9383 29.4675 23.6784 28.3664 35.5838 34.5304 27.4181 30.3987 26.3784 36.0975 24.8196 24.4582 27.7562 25.4048 24.9347 25.7126 24.3312 31.4549 23.5841 28.8152 23.3037 23.2374 22.414 42.2826
threshold=0.082061478739839766 10.637535725835024 -108.32196802875795 1.0000000180025095e-35 84.733490372482819 -109.59556975374899 -128.37817988323948 -126.40291758002948 15.555530749449902 5.1313091477673227 -112.43857846303 703.22588612100105 49.207018557803458 947.5207500408286 6.055412936699196 47.925397472630806 29.240372340122985 0.43310341791400547 27.231915238711874 3.8913163609448405 0.48209032019561887 51.954984988807006 1.7373798348813152 -109.01385142244349 1.2879727186889252 -102.72760699218203 2.1075860589952202 -95.788890942309365 5.1535363159114018 28.953817639995304 316.55721303296406 0.21590310411728722 0.15939877883524603 266.91272897809006 21.960077947855606 0.49430726486706172 48.737503657922957 51.360138760545709 2.8803367324642255 -0.25266757244804156 0.31375363882137669 1.2066919308104402 52.343289685944306 280.34642557336105 0.28915223711111654 0.24667592122678264 35.034374466811506 3.9497773963059752 8.5266585970936823 3.2273314045087904 32.990988982110707 0.37645902745497001 21.557488313356803 114.11266110536951 -108.43034163592948 -111.99899973230244 2.5000000000000004 110.22329194126002 -58.267354290735689 0.34734176283726642 15.672571906837952 35.763020213109762
decision_type=8 2 2 8 2 2 2 2 2 2 2 2 2 2 2 2 2 2 2 10 2 2 8 2 8 2 8 2 2 2 2 2 2 2 2 2 2 2 8 2 2 8 2 2 2 2 2 10 2 2 2 2 2 2 2 2 2 2 2 2 2 2
left_child=2 4 5 -4 14 10 -3 -8 -5 -10 11 12 -1 16 -2 -16 -11 30 20 21 -19 22 23 -20 25 -25 -24 28 -28 -22 31 32 36 -34 -35 58 60 -38 39 -39 41 42 44 -43 45 -33 48 49 -42 50 51 -48 53 -51 55 -54 57 -56 -32 -58 -9 -62
right_child=1 6 3 8 -6 -7 7 17 9 13 -12 -13 -14 -15 15 -17 -18 18 19 -21 29 -23 26 24 -26 -27 27 -29 -30 -31 35 40 33 34 -36 -37 37 38 -40 -41 46 43 -44 -45 -46 -47 47 -49 -50 52 -52 -53 54 -55 56 -57 59 -59 -60 -61 61 -63
leaf_value=-0.021259875601206561 0.032714188612751188 -0.017029792118072509 -0.0094042853238767866 0.022892423973164776 -0.0076199435456743769 -0.021732743682673656 0.019769837094227905 -0.0040080192388716584 -0.0034216768448696593 0.023690163841703905 0.017219898931682111 0.011553347844517593 0.004155009199435321 0.032773901276647976 0.0060941357804505632 0.026732597557039786 0.0039475993776939946 0.012362132195158602 -0.022620829661935564 -0.019876777483495298 -0.011809269609098064 0.017717039517329055 0.016764254327249397 0.018836242355769726 -0.012641020538567593 -0.0022339405961143452 0.021438531538714532 -0.0090492662213676207 0.00057901389675003335 0.0093151277364654957 0.000476024314772765 -0.033625655635685411 0.0057629393173453825 0.0074375046687501093 -0.024500687733492146 -0.020508422405020189 0.013056246975257705 -0.0057326097358708023 -0.00301112981400624 0.016678647681404198 -0.0079689032649873075 -0.003695576761395895 0.0052409528623519573 -0.024986091020542223 -0.041092841592353747 -0.0045688349266790529 -0.0070293975293474354 -0.022812027996069333 0.012562579032370543 -0.0046316409399432519 0.0021193294133991002 -0.033391243505936398 -0.0078548437096726369 0.015324326016796896 -0.032961689329802479 0.014192573780002181 -0.014222016638600603 -0.0072917277374792665 -0.019666376945141777 0.0037126723389578229 0.0028707257133866572 -0.0026822715151785803
leaf_weight=75 62 74 83 252 52 52 68 2446 91 59 79 98 51 55 128 77 105 343 74 80 82 52 90 81 98 111 68 111 360 54 8808 51 993 61 69 51 194 80 477 152 73 943 52 73 52 87 68 82 187 92 83 64 101 155 57 135 93 125 51 210 2017 3176
leaf_count=75 62 74 83 252 52 52 68 2446 91 59 79 98 51 55 128 77 105 343 74 80 82 52 90 81 98 111 68 111 360 54 8808 51 993 61 69 51 194 80 477 152 73 943 52 73 52 87 68 82 187 92 83 64 101 155 57 135 93 125 51 210 2017 3176
internal_value=1.7068e-05 -0.000289015 0.00832375 0.0129446 0.0141513 -8.4697e-05 -0.000488999 -0.000435113 0.0162561 0.0108051 0.00368975 -0.00113737 -0.0110212 0.0167054 0.018404 0.0139383 0.0111506 -0.000495806 0.00228061 -0.000110441 0.00788487 0.00142033 0.000549959 -0.00453056 0.000147455 0.00670658 0.00349256 0.00124956 0.00393539 -0.00341487 -0.000704414 -0.0013776 -0.000503569 0.00398082 -0.00957193 0.000236136 -0.00109352 0.00353334 0.000912918 0.00895919 -0.00441174 -0.00745698 -0.0166697 -0.00524837 -0.0226624 -0.0154719 -0.00189643 -0.00368564 0.00678952 -0.00234174 -0.0114696 -0.0199659 -0.000304627 0.00790263 -0.00312332 0.0047637 -0.00696303 -0.0154674 0.000357861 -0.00182071 -0.00164085 -0.000525308
internal_weight=24423 23423 1000 645 319 355 23104 23030 562 310 303 224 126 219 267 205 164 22962 1604 1125 479 1045 993 364 290 192 629 539 428 136 21358 12448 9665 1123 130 8910 8542 903 709 232 2783 1258 242 1016 190 138 1525 1265 260 1183 215 132 968 247 721 236 485 182 8859 303 7639 5193
internal_count=24423 23423 1000 645 319 355 23104 23030 562 310 303 224 126 219 267 205 164 22962 1604 1125 479 1045 993 364 290 192 629 539 428 136 21358 12448 9665 1123 130 8910 8542 903 709 232 2783 1258 242 1016 190 138 1525 1265 260 1183 215 132 968 247 721 236 485 182 8859 303 7639 5193
is_linear=0
shrinkage=0.03


Tree=75
num_leaves=63
num_cat=0
split_feature=21 3 16 10 13 7 7 5 5 7 3 12 12 21 5 5 7 12 13 9 18 13 0 13 7 0 0 5 9 12 0 21 5 3 16 13 17 0 12 12 21 5 0 19 13 3 12 5 12 17 13 16 13 12 10 13 17 3 5 16 3 13
split_gain=90.9335 74.9743 53.5526 45.564 34.5707 49.4841 29.0504 27.9621 28.3572 33.0927 27.2054 35.202 24.7672 23.6803 23.1312 22.7685 30.6609 22.6063 20.5345 42.8475 19.1877 18.0935 24.8007 20.1403 20.4275 20.6818 33.0175 27.9159 21.35 56.0859 34.1464 28.9939 28.4609 29.2056 26.7191 46.0259 31.8844 38.5417 30.2833 30.6734 26.9442 25.5069 25.3157 23.8256 33.4547 30.6877 30.1306 52.1331 27.4545 22.3796 26.9761 38.6137 21.8008 26.0255 21.0614 22.9631 20.0448 21.5948 19.8171 27.8929 24.8789 24.3699
threshold=0.16606176382265053 15.555530749449902 16.829531358139203 2.5000000000000004 28.472805572726916 -0.37035909559121988 0.17987079847918433 9.9081864808287019 -5.7593772579131484 0.19168471387921862 48.286256591728559 -89.757552718633903 -103.79956572095298 0.025924569724350303 -52.984266077622543 -56.714811123707641 0.19990985825500077 -102.17728644623527 13.358879132113104 0.26309680213241299 4.4533416714537558e-07 16.339785092268745 56.4905538282188 16.723626282501773 0.42111948603034938 332.93610428853952 334.80009867568907 19.752704093144654 0.22507583427481584 -90.158420550305465 370.07056704191308 0.51102115235880252 -44.915794668988589 2.1707543100392055 1.0305959579886638e-06 19.955075516297068 2.0270840185328365 618.98078636413106 -105.27457297711398 -108.18404325768948 1.8371784587609952 -21.064106312504151 579.44683504573311 2.5000000000000004 20.985638220013502 43.500746427535454 -101.11406493769918 7.5091475857546515 -103.18754597265648 1.7080977040699745 22.321486883842436 6.4721206946487726 26.647097050140918 -106.12707172905148 2.5000000000000004 24.217832785459411 1.9655963858316055 29.760367269779955 8.6304021089806024 1.0305959579886638e-06 40.072811703047208 27.231915238711874
decision_type=8 2 2 2 2 2 2 2 2 2 2 2 2 8 2 2 2 2 2 2 2 2 2 2 2 2 2 2 2 2 2 8 2 2 2 2 2 2 2 2 8 2 2 2 2 2 2 2 2 2 2 2 2 2 2 2 2 2 2 2 2 2
left_child=1 3 10 6 12 -6 -1 8 9 17 15 14 -3 -5 -12 16 -2 -7 19 -17 -4 56 -23 -24 25 27 -27 -25 29 31 -31 -28 -33 42 35 40 37 49 39 -38 -30 54 -34 44 -35 46 48 -48 -46 50 -36 52 -52 -54 -37 -56 -20 -58 61 60 -60 -26
right_child=2 4 20 13 5 7 -8 -9 -10 -11 11 -13 -14 -15 -16 18 -18 -19 21 -21 -22 22 23 24 58 26 28 -29 34 30 -32 32 33 43 36 41 38 -39 -40 -41 -42 -43 -44 -45 45 -47 47 -49 -50 -51 51 -53 53 -55 55 -57 57 -59 59 -61 -62 -63
leaf_value=0.017686379865210669 -0.0028031865449156608 0.0047706563960836857 0.017405016058190122 0.02115482053842889 0.021780743449652456 -0.0053149172291159629 -0.0042639904003590346 0.0047612810423898122 -0.025155626658789728 -0.020994040750359232 0.017593732495568223 0.021709653445769375 0.022166944664973272 0.046357472109012914 0.001043709366632152 0.0024243272111432474 -0.031673378609668686 0.019546225024935079 0.010321723302897925 -0.023889387133004106 -0.0030089701874673647 -0.018038406150446534 -0.016708772216189161 -0.00091887580446924219 0.012297059757805462 -0.022015928838712472 0.0084996894367265798 0.0045733770921503247 0.026190212094763948 -0.0034563469811183817 -0.034963222938353446 0.012556839614136986 0.011769095156677309 -0.023375792605059502 0.0018308538666248998 0.0030696229160182865 0.0023021428747065117 0.010500580228536446 0.018403102373299392 -0.024469455572275013 -0.001147116942839189 -0.0034917302840725291 -0.011344570278683129 0.00011132404281778834 -0.0019175530345759682 -0.01950085101112229 -0.0044897470884154448 -0.031296054012357043 0.009395726545168178 -0.031852174780021114 -0.0031197243429381739 -0.038630547604213153 -0.028096589102930978 -0.0077553279167964801 0.005215351678006061 -0.012544140356891269 -0.013399171512573957 0.010660310630420489 0.0027941449986203532 -0.0184769818207456 -0.01728213493313108 0.0020068865892324639
leaf_weight=170 95 244 198 82 67 92 79 154 88 75 78 81 105 60 2011 117 50 50 259 105 52 76 72 2854 279 71 335 1175 80 58 66 145 264 75 109 1079 148 67 68 51 54 4790 50 3846 1290 97 404 77 226 53 164 53 108 120 102 180 83 55 469 80 62 798
leaf_count=170 95 244 198 82 67 92 79 154 88 75 78 81 105 60 2011 117 50 50 259 105 52 76 72 2854 279 71 335 1175 80 58 66 145 264 75 109 1079 148 67 68 51 54 4790 50 3846 1290 97 404 77 226 53 164 53 108 120 102 180 83 55 469 80 62 798
internal_value=3.05048e-05 0.00763431 -0.000618512 0.018538 0.00274631 -0.00211146 0.010733 -0.00563876 -0.0108883 -0.00501366 -0.000768697 0.00242747 0.0100529 0.0320535 0.00166978 -0.0011013 -0.0129072 0.00351448 -0.00101804 -0.0100727 0.0131638 -0.000919459 -0.00104486 -0.000979451 -0.000921841 -0.00121377 -0.00175099 0.000683598 -0.00164782 -0.000458405 -0.0203717 -9.28222e-05 -0.00053869 -0.00084065 -0.00278879 -0.0020822 -0.00750094 -0.0109723 0.00127023 -0.00464696 0.0152468 -0.00246213 0.00806424 -0.00130677 -0.00382019 -0.00310895 -0.00230339 -0.00883701 -0.000225927 -0.0133558 -0.0115321 -0.0148021 -0.0114903 -0.0174713 0.00116144 -0.00612476 0.00541481 -0.00380254 0.00223476 -0.0020787 0.000421943 0.00468152
internal_weight=24545 1266 23279 391 875 526 249 459 305 217 23029 2170 349 142 2089 20859 145 142 20714 222 250 20492 20095 20019 19947 18259 14230 4029 14159 6933 124 6809 6474 6329 7226 6285 941 674 267 199 134 6151 314 6015 2169 2094 1997 481 1516 607 554 445 392 228 1361 282 397 138 1688 611 531 1077
internal_count=24545 1266 23279 391 875 526 249 459 305 217 23029 2170 349 142 2089 20859 145 142 20714 222 250 20492 20095 20019 19947 18259 14230 4029 14159 6933 124 6809 6474 6329 7226 6285 941 674 267 199 134 6151 314 6015 2169 2094 1997 481 1516 607 554 445 392 228 1361 282 397 138 1688 611 531 1077
is_linear=0
shrinkage=0.03


Tree=76
num_leaves=63
num_cat=0
split_feature=20 13 13 21 5 20 2 20 19 1 1 12 20 20 5 8 21 6 20 2 0 5 20 2 20 0 8 1 1 8 6 6 2 5 21 21 21 13 6 6 20 19 21 12 1 21 8 6 21 20 21 5 2 13 8 6 2 2 12 21 16 2
split_gain=87.5977 77.1532 64.462 60.0169 39.9987 36.4012 31.0586 26.0184 69.3185 29.8862 29.4458 28.0936 39.5081 36.5063 24.318 35.9622 19.6625 18.6947 18.1955 17.0702 28.8544 16.4046 15.4277 15.0935 20.1255 13.9853 18.0982 13.4839 32.9157 31.0662 19.4304 14.7827 13.4172 11.5473 11.4965 11.2468 20.1184 76.8639 41.8929 11.2242 11.0919 15.7504 10.9023 10.2882 28.6453 44.0867 33.4056 43.0568 36.5509 38.9009 31.704 28.0291 34.8994 24.1985 21.4567 24.8876 20.8328 20.0166 18.5038 28.2003 22.0209 26.3944
threshold=10.381398064005351 9.7997819546966642 20.940839995427613 1.0924818195683101 -9.2680982752518482 0.046908943290210454 5.318077129790777 4.4138646168804856 2.5000000000000004 324.91480905299704 212.42024478345402 -102.26941440867787 0.35968814765788604 1.7925050432673102 -4.8543511900438494 0.23502722270066692 2.0075811633358605 -0.24372450841603663 129.00701694257154 5.5350522894081573 490.00381708321908 -6.4398337005183004 70.245115469862512 5.5662702005478595 0.35968814765788604 79.894059463513273 0.33627748431917631 408.06667929088604 159.48272196148602 0.32861322317081371 0.11976752270329034 0.036902471983588432 5.3450311960149204 -22.181823697473366 0.036504684508943612 0.059577513970665803 0.13122009026230202 25.201097841236493 -0.072645141978559633 -0.088472061489836648 1.1262410964097451 3.5000000000000004 1.127196734056455 -106.37842076009848 29.355371287674455 4.1526952310236114 0.06142278815904146 0.041073489125917469 0.99934464281649615 49.940824566941608 2.5819950205994355 34.903268818436459 5.3248092199434529 15.16531517836655 0.13900284459654258 0.39834213324130469 5.6951033155650679 5.7065846491239443 -107.06087095982343 1.2879727186889252 1.0000000180025095e-35 5.6817892297734778
decision_type=8 2 2 8 2 8 2 8 2 2 2 2 8 8 2 2 8 2 8 2 2 2 10 2 8 2 2 2 2 2 2 2 2 2 8 8 8 2 2 2 8 2 8 2 2 10 2 2 10 8 8 2 2 2 2 2 2 2 2 10 2 2
left_child=2 6 4 7 -1 -6 18 9 -9 10 14 13 39 17 -4 -16 32 -11 22 20 27 -14 -2 24 -19 26 -3 28 29 31 40 -5 34 -21 -7 -27 37 -37 -39 -13 -29 -42 -36 44 45 -38 47 48 49 -46 -49 -50 -53 -45 -55 -56 -51 -57 -48 60 61 -60
right_child=1 25 3 19 5 16 -8 8 -10 11 -12 12 21 -15 15 -17 -18 23 -20 33 -22 -23 -24 -25 -26 35 -28 30 -30 -31 -32 -33 -34 -35 42 36 43 38 -40 -41 41 -43 -44 53 46 -47 58 50 51 56 -52 52 -54 54 55 57 -58 -59 59 -61 -62 -63
leaf_value=0.037713917456567284 0.02522671838067797 -0.0025990321028137075 0.016905475235299058 -0.023644334851373808 -0.0079904392031975857 0.014648855270277107 -0.00040628084056079384 0.047715840850533611 0.0068411061829990807 0.011600492252961872 -0.018101904456360406 0.016404078716295768 0.013195140459528654 0.019993285053924118 -0.022959073428361114 0.01138450516730939 0.0019086082354187962 -0.013535238391348337 0.037758749141626489 -0.0084600390766076186 -0.025491768316078037 -0.0054156730731798183 0.0044379067072938929 -0.017309269890267872 0.0085728777723076445 -0.013404392328608081 -0.024040610454976557 0.0095232336803411054 0.0087735062724600237 0.0068102974195600203 -0.019317202024782695 -0.0050811202588095647 0.011033635037019847 0.0073213832562082802 0.041535916999119384 0.037508461292833091 0.0077462037306312093 0.014825424013490025 -0.017466847211122512 0.032543559858056993 -0.016582207966815022 0.0052714780366645668 0.020957906916737556 0.012238522814370864 0.025960406446406108 -0.015403003779592391 -8.624961982676842e-06 -0.0082295238610585117 -0.0040090010579532159 0.0045146382802426265 -0.035062905293615429 -0.0041822347369214344 -0.038703234910678404 0.00082845838053501345 -0.0026526216750285131 0.0026612018529555714 -0.016440620055913718 -0.01583868155916306 -0.012043057495518173 0.011831810943759798 0.010216713467518875 0.012435814375774219
leaf_weight=63 76 117 75 84 67 61 74 51 134 72 77 71 100 92 52 56 69 62 51 50 52 73 56 70 89 59 50 51 224 91 89 72 98 231 50 59 768 65 79 96 67 52 50 121 65 81 6482 97 454 203 67 54 51 3403 7385 1230 53 54 167 309 108 51
leaf_count=63 76 117 75 84 67 61 74 51 134 72 77 71 100 92 52 56 69 62 51 50 52 73 56 70 89 59 50 51 224 91 89 72 98 231 50 59 768 65 79 96 67 52 50 121 65 81 6482 97 454 203 67 54 51 3403 7385 1230 53 54 167 309 108 51
internal_value=2.98267e-05 -0.00030696 0.00542781 0.00332139 0.0156682 0.0120656 0.0160016 0.00800648 0.0183052 0.00605559 -0.00266301 0.00918163 0.0154539 0.00361682 0.00389621 -0.00521022 0.0161743 -0.00157579 0.0226026 -0.00183798 -0.00411585 0.00535603 0.0165069 -0.00590144 -0.000533954 -0.000501445 -0.00912355 -0.00256039 0.000465881 -0.00707316 -0.00804439 -0.0151636 0.0199529 0.00449326 0.0252803 -0.000433942 -0.000397568 0.00897862 -0.00288876 0.0258204 -0.00206429 -0.00706835 0.0315563 -0.000487756 0.000280979 0.0055221 -0.000264872 -0.00527357 -0.00263349 0.00542416 -0.019338 -0.00726194 -0.0211565 -0.00105579 -0.00119004 -0.00198241 0.000129155 0.00187145 0.000470497 0.00535363 -0.000804127 -0.00628571
internal_weight=24580 21889 2691 2233 458 395 257 1170 185 985 260 725 340 385 183 108 328 293 183 1063 782 173 132 221 151 21632 167 730 471 247 259 156 259 281 161 21465 21406 203 144 167 170 119 100 21203 9010 849 8161 1044 880 321 164 559 105 12193 12072 8669 256 1284 7117 635 326 218
internal_count=24580 21889 2691 2233 458 395 257 1170 185 985 260 725 340 385 183 108 328 293 183 1063 782 173 132 221 151 21632 167 730 471 247 259 156 259 281 161 21465 21406 203 144 167 170 119 100 21203 9010 849 8161 1044 880 321 164 559 105 12193 12072 8669 256 1284 7117 635 326 218
is_linear=0
shrinkage=0.03


Tree=77
num_leaves=63
num_cat=0
split_feature=10 1 4 0 12 0 3 6 18 0 3 6 0 10 5 9 10 6 3 9 0 0 5 12 1 0 3 10 19 12 6 12 0 19 12 0 6 3 4 4 0 9 9 17 1 9 11 17 3 0 1 6 0 6 3 1 1 3 1 3 6 3
split_gain=52.7958 39.2757 25.9739 25.0155 24.6313 26.8557 22.1063 22.7604 20.3301 20.0583 25.9341 19.834 27.5469 31.5965 18.8728 30.6359 17.3919 16.426 18.7927 16.3578 15.8876 20.7223 17.6039 15.8726 21.0039 17.3791 15.9736 29.1437 16.3078 21.4655 27.7917 24.7405 19.686 18.4493 29.9948 31.0802 36.1717 30.4653 29.4572 23.5924 25.5866 23.3328 24.5238 26.2396 33.2226 28.5971 25.2924 22.8818 33.5684 22.4931 32.7812 24.5945 43.8946 25.1037 33.6309 22.632 43.1566 34.4747 29.3168 22.708 21.6496 20.7866
threshold=14.500000000000002 969.28967126211012 -26.714811123707644 79.894059463513273 -126.10251266064104 347.75986480456106 18.775289639545655 0.13171819378387786 4.7889387522831857e-07 255.06403753753102 32.233382889440257 -0.22348446334994795 484.90201967223658 2.5000000000000004 -7.7575297325357502 0.24667592122678264 2.5000000000000004 0.18892496568109432 2.1707543100392055 0.27332270238086892 529.67576121682521 422.04402527346252 28.261057223789152 -71.412246043644032 169.63897583554504 120.68664106525152 2.3995711885542952 4.5000000000000009 1.5000000000000002 -96.54003762818148 0.15414580245239232 -93.717408068827737 340.57813842573205 4.5000000000000009 -120.13844928874529 506.84207711106302 -0.44590936386040431 13.018325120017151 -10.318619449525199 1.5420623672045652 564.53472230683917 0.49233169336646038 0.1159953931798091 0.26435627171938497 9.5422600458443316 0.43913251903445866 -89.447640053359635 2.1316282072803015e-14 5.8746980624174663 226.65576988706903 241.89743683700053 0.20646507606863909 298.02416261293206 0.36232857442634142 18.198428345230202 152.10162911692655 124.39381518308701 14.997749359673902 54.700296164590355 38.090626033657152 -0.080581118254446346 21.304671031126706
decision_type=2 2 2 2 2 2 2 2 2 2 2 2 2 2 2 2 2 2 2 2 2 2 2 2 2 2 2 2 2 2 2 2 2 2 2 2 2 2 2 2 2 2 2 2 2 2 2 2 2 2 2 2 2 2 2 2 2 2 2 2 2 2
left_child=1 2 9 -3 5 -4 20 11 17 -1 -11 12 13 -8 19 -16 -13 18 -2 -9 21 22 -5 25 -25 -6 27 -27 29 -28 -31 -32 -33 -30 -35 38 -37 60 -36 -39 -41 42 46 44 -44 -45 -40 48 -46 50 -50 55 -53 54 -54 56 57 -51 -59 -60 -38 -57
right_child=8 3 4 6 23 -7 7 14 -10 10 -12 16 -14 -15 15 -17 -18 -19 -20 -21 -22 -23 -24 24 -26 26 28 -29 33 30 31 32 -34 34 35 36 37 39 41 40 -42 -43 43 45 47 -47 -48 -49 49 51 -52 52 53 -55 -56 61 -58 58 59 -61 -62 -63
leaf_value=0.0034706990538459072 0.035552540938902109 -0.0140537574841111 -0.0035963217557097474 0.0050074834860521543 0.0093916859559197152 0.019985107314722562 0.0048931102875974918 0.017256988382564401 -0.0017253823815346029 -0.032433260146528482 -0.0054594298315719814 0.004868598819093805 0.014292042409272296 -0.026430352802077929 -0.024904799030879762 0.0018552773142302475 0.020317580088252019 0.0059593295413069422 0.011429991272260557 -0.0063371645715439096 -0.0045021383356876098 0.024013891641536483 0.022400366202106368 0.0034124058960618899 -0.012820733735629326 0.0046263174734397696 -0.001016311077570091 -0.01527489676153366 0.00058873275568448278 -0.01001366016371963 -0.012184452798730712 0.0098340094926776256 -0.010575051887167824 0.017279929286333089 0.0051890537077680914 0.01985357320766248 0.0017413655712324029 -0.013898986730826636 0.0028664239787233232 0.0093775217517114724 -0.00026653421708768368 0.013802269007079301 0.014604778251187368 0.0041970461582780247 0.0089701879342790041 -0.019304980102926493 -0.012577067615153889 -0.027503143798725649 -0.010006488792222136 -0.031009508100881551 0.020572690623548794 -0.039031794164192807 -0.0019658478123105332 -0.0031523680671641271 -0.029834062377755929 -0.012051043677901321 -0.036952358029599557 0.0084212795659400451 -0.0021716364286839961 -0.025123145313225161 -0.016185888727596461 -3.7244528677070239e-05
leaf_weight=56 69 57 71 232 167 110 62 52 55 59 70 141 68 53 73 80 123 59 52 52 51 114 67 111 200 990 3821 70 11990 594 97 201 53 73 300 91 101 72 517 424 593 59 54 304 93 54 116 58 77 53 52 67 60 145 111 200 60 96 86 70 150 365
leaf_count=56 69 57 71 232 167 110 62 52 55 59 70 141 68 53 73 80 123 59 52 52 51 114 67 111 200 990 3821 70 11990 594 97 201 53 73 300 91 101 72 517 424 593 59 54 304 93 54 116 58 77 53 52 67 60 145 111 200 60 96 86 70 150 365
internal_value=1.70648e-06 -4.01028e-05 -0.000317084 0.00519275 -0.000226684 0.010766 0.00614322 0.00278578 0.0142178 -0.0114827 -0.0179509 0.00687031 -0.00072186 -0.00964632 -0.00431755 -0.0109914 0.0121159 0.019072 0.0253645 0.00551191 0.0112203 0.013168 0.00896656 -0.000314438 -0.00703454 -0.000221176 -0.000293528 0.00329893 -0.000472815 -0.00201828 -0.00606426 0.000628809 0.00555066 -2.60722e-05 -0.00166359 -0.00197972 0.00165683 0.000407196 -0.00371607 0.00258027 0.00375946 -0.00470818 -0.00512725 -0.0067518 -0.00835099 0.000608148 2.09633e-05 -0.00913782 -0.00842644 -0.00955385 0.00238343 -0.0107276 -0.0171243 -0.0123709 -0.020124 -0.00807767 -0.0138919 -0.00924943 -0.00456843 -0.0125648 -0.00899385 -0.00430369
internal_weight=24621 24386 23161 1225 22976 181 1168 704 235 185 129 447 183 115 257 153 264 180 121 104 464 413 299 22795 311 22484 22317 1060 21257 4766 945 351 254 16491 4501 4428 1431 1340 2997 1089 1017 2697 2638 2005 1647 358 633 1593 1535 1442 129 1313 383 316 171 930 365 305 252 156 251 565
internal_count=24621 24386 23161 1225 22976 181 1168 704 235 185 129 447 183 115 257 153 264 180 121 104 464 413 299 22795 311 22484 22317 1060 21257 4766 945 351 254 16491 4501 4428 1431 1340 2997 1089 1017 2697 2638 2005 1647 358 633 1593 1535 1442 129 1313 383 316 171 930 365 305 252 156 251 565
is_linear=0
shrinkage=0.03


Tree=78
num_leaves=63
num_cat=0
split_feature=20 14 3 15 6 9 2 5 5 9 1 3 3 20 5 5 1 1 6 3 5 3 2 5 8 20 2 11 6 2 8 19 8 1 1 20 5 3 19 11 8 3 1 20 3 0 3 2 6 11 2 15 8 11 15 3 5 9 9 5 2 6
split_gain=82.8669 44.0138 42.8488 33.3183 25.4312 38.089 24.6309 24.5447 49.64 20.9176 21.205 21.657 20.3739 26.2931 37.3199 32.8259 25.7608 22.3567 30.0196 22.0112 19.9 24.9037 20.5808 46.1734 22.1432 21.5359 19.2598 18.4136 18.0677 16.5809 16.3409 19.3796 33.4914 13.6934 18.0433 27.3759 17.7745 20.451 26.9285 15.4431 15.3371 29.5822 20.4099 15.8359 34.2104 22.4864 25.7628 41.1478 34.5527 26.0813 50.8427 25.8377 35.7834 24.1414 25.8798 23.6048 22.715 22.2929 20.2978 23.6412 20.0216 25.0349
threshold=3.1176223902685902 5.8528188273099966 18.775289639545655 7.2305518765730566e-10 -0.10015504831074638 0.19244269877492484 4.8078613289492642 22.444695673624505 -0.77086414655479973 0.40868708701201806 320.38917523516358 8.6280643821192413 55.147574396888864 40.27725327383331 -39.575229880039934 -7.4467570878506999 21.874315194726055 162.33614532905554 0.0067044820829957894 62.382444035073206 -21.792340240169803 34.548544482532712 5.4173155752694973 -5.7593772579131484 0.11613894898621614 1.4609906702845001 5.428071033778223 -105.13106305994948 -0.4955609592562133 5.1313091477673227 0.35961401163158163 3.5000000000000004 0.19086545355135701 379.51446692379608 404.06776144320457 13.714036656288203 -20.699388648635171 30.285587635364354 4.5000000000000009 -106.92942128424649 0.005536624913256666 17.881221724896204 120.16597798189302 96.236948724377115 36.000238919886108 218.83063449837252 28.482632637256003 5.5886749797207482 -0.3585823365938709 -101.35807498823849 5.5555455498962631 9.6854843153958388e-10 0.18448783327905097 -110.62026924179948 3.3696610137900078e-09 19.513984246786851 -21.064106312504151 0.49233169336646038 0.12245026307140462 4.6276434110427482 5.7486551705724516 -0.12470200184399481
decision_type=8 2 2 2 2 2 2 2 2 2 2 2 2 8 2 2 2 2 2 2 2 2 2 2 2 8 2 2 2 2 2 2 2 2 2 10 2 2 2 2 2 2 2 10 2 2 2 2 2 2 2 2 2 2 2 2 2 2 2 2 2 2
left_child=2 12 3 4 5 -1 -4 8 -6 10 -5 -12 28 -14 -15 30 -17 18 19 -18 21 -8 24 -24 -22 -25 -23 -19 -2 -26 31 32 -16 40 35 -35 -37 38 39 -38 41 -30 -43 57 45 -45 48 -48 -47 50 58 52 -51 54 -52 -54 -55 -42 -50 -60 61 -58
right_child=1 -3 6 9 7 -7 20 -9 -10 -11 11 -13 13 14 15 16 17 27 -20 -21 22 26 23 25 29 -27 -28 -29 33 -31 -32 -33 -34 34 -36 36 37 -39 -40 -41 43 42 -44 44 -46 46 47 -49 49 51 53 -53 55 56 -56 -57 60 -59 59 -61 -62 -63
leaf_value=0.014923429981266197 -0.014012826755642889 0.015959177855058456 0.022829508449291235 0.0016948274992730306 0.01854011001153234 -0.017093238827806934 -0.017777585651492699 0.030402081417587566 -0.017036387776815383 0.03684108936331338 0.01086057448465573 0.031296035173581913 0.012861815629446905 0.018163865054912361 0.0071138029258984783 0.021344975901856311 0.019019060434980525 0.013274392358756526 -0.016839448588623386 -0.0070989843848205747 -0.0040109798112618073 -0.0087799923100899298 0.016461738201299893 -0.013644509802255556 0.0026412893893157543 0.0049657183394926354 0.015384968962324294 -0.0073005782141578645 0.005515162801246659 0.018146437382591619 0.0019074348860273235 -0.028508268530007267 -0.024570457579102367 0.017010777390017513 8.5664655511980429e-05 0.014028226064750925 0.0088931515483328932 -0.012906791304610669 0.020875708142231247 -0.012278600133374912 -0.00063367385873308829 -0.033384121450094076 -0.006514931942981023 0.0030394870085180864 0.0029328781035749202 0.0073831210028646238 -0.020653419529591984 -0.0033343144940344367 0.017886315594437752 -0.031986457464362003 0.017105619392700885 -0.00083814271330833433 -0.0016377598035614937 0.0053740927458812409 -0.010796789304308947 -0.025568233426246378 -0.037187757457868426 0.010446296989194016 0.012610863192912634 -0.0049854312910352855 -0.0053614971384335804 -0.014480552418841695
leaf_weight=56 89 148 51 68 105 80 95 52 52 53 94 95 220 102 64 62 53 151 110 62 90 61 96 177 93 81 56 52 66 188 75 60 55 143 7198 79 51 99 57 76 10561 51 51 291 682 209 241 253 88 96 56 124 119 51 62 53 63 165 108 185 105 146
leaf_count=56 89 148 51 68 105 80 95 52 52 53 94 95 220 102 64 62 53 151 110 62 90 61 96 177 93 81 56 52 66 188 75 60 55 143 7198 79 51 99 57 76 10561 51 51 291 682 209 241 253 88 96 56 124 119 51 62 53 63 165 108 185 105 146
internal_value=7.95398e-05 -0.00029264 0.00668098 0.0126254 0.00618415 -0.0038972 0.00273133 0.0127316 0.00672356 0.0197509 0.0160974 0.021243 -0.000399373 0.00364749 0.00123898 -0.00110263 0.00343406 0.000795784 -0.00570525 0.00499822 0.00161423 -0.00645101 0.00397826 -0.00119647 0.0089058 -0.00780515 0.00281851 0.007994 -0.000599086 0.0130424 -0.00983368 -0.0147364 -0.0076129 -0.000542986 0.000470614 0.00594647 0.00154094 -0.00198203 0.00393396 -0.0037735 -0.0011077 -0.0100901 -0.0201432 -0.000996477 -0.00294991 -0.00473356 -0.00588918 -0.0118082 -0.00388659 -0.00576626 -0.00284801 -0.0121747 -0.0173974 -0.0093031 0.0024775 -0.00911685 -0.013108 -0.000462271 0.00533816 0.00152141 -0.0161174 -0.0214698
internal_weight=24475 22832 1643 655 345 136 988 209 157 310 257 189 22684 1066 846 744 490 428 225 115 937 212 725 354 371 258 117 203 21618 281 254 179 119 21529 7703 505 362 283 184 127 13826 168 102 13658 2932 2250 1959 494 1465 1256 864 392 268 483 118 172 365 10726 381 293 314 209
internal_count=24475 22832 1643 655 345 136 988 209 157 310 257 189 22684 1066 846 744 490 428 225 115 937 212 725 354 371 258 117 203 21618 281 254 179 119 21529 7703 505 362 283 184 127 13826 168 102 13658 2932 2250 1959 494 1465 1256 864 392 268 483 118 172 365 10726 381 293 314 209
is_linear=0
shrinkage=0.03


Tree=79
num_leaves=63
num_cat=0
split_feature=20 13 10 0 4 6 3 3 12 6 13 2 3 12 5 12 6 20 3 20 20 20 4 3 2 2 3 3 20 20 10 3 12 12 3 4 6 16 6 6 20 13 6 6 6 6 3 3 2 20 6 20 20 2 12 20 16 4 4 5 0 12
split_gain=65.6483 82.9644 57.4222 38.1563 35.2047 28.4596 28.0469 31.8382 28.7042 33.6055 25.2867 19.0989 18.9187 30.8491 23.3407 21.5802 18.9073 21.7303 18.0358 17.974 23.9447 16.8802 15.8467 24.7792 27.6623 27.1015 31.787 23.9636 17.906 78.5004 32.3046 33.5478 32.4962 27.6934 22.1308 39.1338 18.3028 17.9341 25.7942 24.4778 17.7839 17.7176 19.8272 18.1405 17.8053 16.9704 16.1603 31.0597 22.9314 18.4992 30.913 16.1246 15.7346 24.4805 35.8223 34.788 26.5972 25.3833 23.4361 22.8298 19.843 19.0968
threshold=6.6321986571914104 23.027738602030471 9.0000000000000018 233.95258875402953 -7.0506909457621791 -0.40545837072443364 21.827867090655904 30.285587635364354 -107.23777846322749 0.24071142867898845 44.291108416770754 5.2784256303558168 26.333251295175103 -107.56352481660947 -9.9153385044011486 -92.217386342813001 0.053407822088009878 1.1262410964097451 41.672482870429256 45.178477364335556 91.37355858013936 3.9913786367212603 -9.575229880039938 58.587560033410959 5.0912055604563866 5.0392062877442294 19.676353691275803 44.688171522538163 71.558467472276121 72.233168069697271 3.5000000000000004 11.678881228284203 -84.649623408955378 -119.14471173462414 63.997020780382705 17.978142158641401 -0.034908647426499677 4.1851380734621442 -0.19137314013611115 0.27627010589067474 22.785429825264053 47.12309132826023 -0.21881553725975642 -0.061382322411134053 0.18127009462718305 0.25623993198045009 27.028543279888552 35.404653097096762 5.6915125679371625 117.80130021960801 0.057920009095933984 177.97656871473905 96.236948724377115 5.2206232632458809 -102.55859171801528 77.95464607271127 1.343098801598416e-06 6.528153597556436 -3.4762528919411495 -32.122609157579724 438.53949011754304 -109.21953995580888
decision_type=8 2 2 2 2 2 2 2 2 2 2 2 2 2 2 2 2 8 2 10 8 8 2 2 2 2 2 2 8 8 2 2 2 2 2 2 2 2 2 2 10 2 2 2 2 2 2 2 2 8 2 8 8 2 2 8 2 2 2 2 2 2
left_child=1 12 22 -3 10 11 8 -8 -7 16 -5 -6 14 18 -1 -16 17 -10 -14 -4 -21 -9 23 24 25 41 -27 40 33 -30 34 -32 37 36 52 -36 -24 46 -39 -40 -26 -2 51 -44 -45 -38 48 49 -33 -48 -51 -43 53 57 55 61 60 -31 -54 -60 -57 -55
right_child=2 3 19 4 5 6 7 21 9 -11 -12 -13 13 -15 15 -17 -18 -19 -20 20 -22 -23 28 -25 27 26 -28 -29 29 30 31 32 -34 -35 35 -37 45 38 39 -41 -42 42 43 44 -46 -47 47 -49 -50 50 -52 -53 58 54 -56 56 -58 -59 59 -61 -62 -63
leaf_value=0.037209556313231584 -0.0070046857108430165 0.019865814171004758 0.028299444387817094 -0.029407992605647106 0.00018567348830401896 -0.011341715104706388 -0.012763940922691687 -0.0011589265391557561 0.016463090032129025 0.021680600871623028 -0.004414644091069197 0.023077657559377889 0.0072390175676366811 -0.006907759281992912 0.011499367519705133 0.033037840663734337 -0.0071223145224226332 -0.0012130710031805919 0.030336928026242688 -0.0027579583777114745 0.019728466503160156 0.015180915306660938 0.0016718269207381775 0.016588215723006734 0.0011990565902079246 -0.0013048867724443735 -0.034067671046907298 -0.0048167893038810914 -0.033706901042776946 -0.017775327951668269 0.0032235903983577063 -0.007156768866459883 -0.026158497938245998 -4.0485355671764369e-05 -0.032744128914936534 -0.0026542629538154282 0.030895150173788091 0.01694943884533566 -0.01463103216597216 0.01120035628623822 0.010938855549795533 0.0027263128484638641 0.023575722036990696 -0.0066461168894062879 0.010386011197601687 0.0075673020601083165 -0.027885121475050824 -0.0052285537702642434 0.010658704990566504 -0.024765003639344984 0.0061711306209271807 -0.018946890397505328 0.0060005722092499577 0.001051442265116538 0.013581585768948901 0.014381733594933757 0.02006029508759578 -0.00022753522464546104 -0.015024004691291006 -0.0012598729013161909 -0.00049713876069429818 -0.017387969205322998
leaf_weight=59 245 98 61 52 51 75 216 412 132 127 118 91 70 74 197 53 102 118 54 79 91 65 104 100 270 56 50 184 67 88 321 314 79 8417 52 147 55 66 93 50 450 70 51 88 145 58 120 313 81 64 52 54 398 90 296 99 89 446 109 7775 417 114
leaf_count=59 245 98 61 52 51 75 216 412 132 127 118 91 70 74 197 53 102 118 54 79 91 65 104 100 270 56 50 184 67 88 321 314 79 8417 52 147 55 66 93 50 450 70 51 88 145 58 120 313 81 64 52 54 398 90 296 99 89 446 109 7775 417 114
internal_value=-4.61235e-06 0.00505856 -0.000412421 0.00180571 0.000658427 0.00223821 0.000783904 -0.00323699 0.00581042 0.00851407 -0.0121869 0.0149147 0.0156652 0.00836392 0.0203016 0.016179 0.00371569 0.00814835 0.01746 0.0144351 0.00932387 0.00109478 -0.000568001 0.00215985 0.00128279 -0.00293777 -0.016933 0.0048257 -0.000804141 -0.00156679 -0.00137944 -0.00540673 -0.00765617 0.000232928 -0.00076095 -0.0106413 0.0107896 -0.00636688 0.00157864 -0.00558402 0.00729316 -0.000643536 0.00318406 0.00754663 0.00395236 0.019093 -0.00812581 -0.0114519 -0.00348578 -0.0196488 -0.0109629 -0.00678809 -0.000561712 0.0021231 0.00467052 0.00139736 0.00500956 -0.00314713 -0.00109323 -0.00145205 0.00237982 -0.00928749
internal_weight=24532 2164 22368 1657 1559 1389 1247 693 554 479 170 142 507 198 309 250 352 250 124 231 170 477 22137 1763 1663 759 106 904 20374 11740 11673 1553 1232 8634 10120 199 217 1153 209 143 720 653 408 284 233 113 944 549 395 236 116 124 9921 1639 1105 809 605 534 8282 7884 516 204
internal_count=24532 2164 22368 1657 1559 1389 1247 693 554 479 170 142 507 198 309 250 352 250 124 231 170 477 22137 1763 1663 759 106 904 20374 11740 11673 1553 1232 8634 10120 199 217 1153 209 143 720 653 408 284 233 113 944 549 395 236 116 124 9921 1639 1105 809 605 534 8282 7884 516 204
is_linear=0
shrinkage=0.03


Tree=80
num_leaves=63
num_cat=0
split_feature=21 16 0 20 20 20 0 4 0 12 20 20 4 20 0 21 12 1 20 0 15 20 19 4 9 12 3 16 9 3 21 19 3 4 16 0 21 16 16 3 1 3 1 21 21 4 20 1 16 16 15 4 1 15 21 20 20 12 0 20 12 12
split_gain=80.4814 71.9342 25.8774 31.5431 25.0083 21.944 25.8405 20.9495 26.6262 33.9187 33.7789 20.9396 21.923 21.0839 50.0691 50.6987 46.3598 35.6222 32.7161 30.9952 28.6174 44.117 28.1558 25.8414 24.3885 29.8078 24.92 25.0482 27.7236 24.3087 25.0022 69.6089 30.3849 27.7045 23.2916 21.9748 21.2558 21.029 25.9601 21.0192 20.6382 22.8253 22.6593 27.0549 42.7882 24.4106 20.5608 21.7623 20.52 22.3639 23.0522 20.957 32.213 27.0982 23.0204 21.9576 39.4965 19.6046 20.955 18.9551 18.3187 22.6527
threshold=0.059577513970665803 16.829531358139203 241.47293370837653 1.0000000180025095e-35 24.642820799665454 181.92557339962852 79.894059463513273 65.265407499425763 332.93610428853952 -100.49965290877398 0.99319722208100114 81.530854627122665 -26.714811123707644 40.27725327383331 352.76072856159902 3.2855707647754406 -91.559779009846267 720.03270314690815 55.886308158878556 368.36657939568454 1.1289994742872817e-09 25.183824074714256 3.5000000000000004 22.454867790911752 0.41491110860543584 -92.480654404942086 33.98056109321346 1.0000000180025095e-35 0.29324757862219825 50.325824258869353 0.49720573738700752 4.5000000000000009 19.513984246786851 75.053282305350265 1.0000000180025095e-35 383.25290196884902 0.13122009026230202 8.6391573781623894 7.8397732171233026 30.285587635364354 363.5044877449306 5.8746980624174663 198.19357092268402 2.5376385399809851 1.3666960022239503 5.6833507317748913 62.346673599554506 789.30510954328508 7.8652849700184548 0.23802813292850489 1.3477144085817722e-08 46.757997377558162 203.31274901183903 3.6979583851016829e-09 2.1881029347616852 32.450017059191808 20.351265370704354 -112.26438179818147 500.56587541831851 227.02008238957603 -109.65238329264314 -105.34671400643144
decision_type=8 2 2 8 8 10 2 2 2 2 8 10 2 8 2 8 2 2 10 2 2 8 2 2 2 2 2 2 2 2 8 2 2 2 2 2 8 2 2 2 2 2 2 8 8 2 8 2 2 2 2 2 2 2 8 8 8 2 2 8 2 2
left_child=2 5 -1 -4 7 11 -7 8 -5 10 57 12 39 14 48 16 29 36 24 -17 21 23 -22 -21 25 26 27 28 -19 30 31 34 -33 -32 -16 -31 -15 38 -13 -2 42 -42 45 44 -44 -8 -20 -48 49 50 51 52 55 54 -53 56 -14 -10 -59 60 -43 -62
right_child=1 -3 3 4 -6 6 40 -9 9 -11 -12 37 13 17 15 19 -18 18 46 20 22 -23 -24 -25 -26 -27 -28 -29 -30 35 33 32 -34 -35 -36 -37 -38 -39 -40 -41 41 59 43 -45 -46 -47 47 -49 -50 -51 -52 53 -54 -55 -56 -57 -58 58 -60 -61 61 -63
leaf_value=0.028289377017912166 -0.026453523606819618 0.015060361060418522 -0.0077555296899801162 -0.0048344637330218748 -0.010406195653744767 -0.021175362025682307 0.014116456777788699 0.022104786915204875 -0.016137816462432966 0.024421557171613369 0.01635701598181669 0.0011177910138548749 -0.00043052529849137497 -0.019754592115721607 0.010059303794164073 -0.031781909474460732 -0.022353891356327815 0.0055368118356540798 0.01124296870273783 -0.042062781609875977 0.01974863743616475 0.0023958776580790676 -0.0089145845671494799 -0.013889914576496395 0.0025428734334969989 -0.037310726547148079 -0.030228540178388354 -0.022438478494983122 -0.01913720432020052 -0.0033061982198234864 -0.00044060606266637997 -0.028444088233963528 0.0042315238065874349 -0.018626988310270109 0.031101183631469173 0.021439783008148271 -0.0010496432347205139 0.011625679937681793 -0.019986473641384124 -0.0014144132371681432 0.019025357110529311 0.018588790350424295 -0.0062626578526224124 0.00055723326378747035 -0.042524885824881495 -0.007001587857844045 -0.022632649591986964 -0.00024094535237444297 -0.010201898160605476 0.016185135557634397 -0.011809793718159199 -0.00015498213050414237 0.0069243285852396671 0.025215484630111806 0.014814076763072184 0.010530596048920414 -0.024115050769591282 -0.0045595909700455982 0.019672122090397513 -0.0060992006295061893 -0.016432919195638253 0.0079790415678173306
leaf_weight=55 58 266 110 110 53 78 59 122 59 132 172 5142 199 54 122 57 82 124 94 52 53 80 71 69 75 51 59 82 60 50 3604 50 51 76 78 89 9429 169 52 62 53 65 58 56 59 275 50 167 77 160 74 196 620 90 174 71 92 86 50 317 51 99
leaf_count=55 58 266 110 110 53 78 59 122 59 132 172 5142 199 54 122 57 82 124 94 52 53 80 71 69 75 51 59 82 60 50 3604 50 51 76 78 89 9429 169 52 62 53 65 58 56 59 275 50 167 77 160 74 196 620 90 174 71 92 86 50 317 51 99
internal_value=-2.53749e-05 -0.000422575 0.00848403 0.00723533 0.00934584 -0.000600468 -0.00460244 0.0107902 0.00849103 0.0114323 0.00670676 -0.000388064 -0.000911746 -0.000818852 0.000541267 -0.0011079 -0.000155459 -0.00166012 -0.00789638 -0.011557 -0.00792325 -0.0148889 0.00339661 -0.0262428 -0.0130493 -0.0161579 -0.0127343 -0.00875529 -0.00256902 0.000291672 -0.000140378 0.00815788 -0.0120648 -0.000821153 0.0183795 0.0125783 -0.00115823 0.00124271 0.000902698 -0.0136353 -0.00340037 0.000440403 -0.00782417 -0.0166048 -0.0247542 -0.00324015 -0.000405968 -0.00548048 0.00485192 0.00554921 0.00441675 0.00525707 0.00277661 0.0105348 0.00690548 -0.00432673 -0.00797536 -0.00184528 0.00442769 -0.00144333 0.00541784 -0.000374885
internal_weight=24450 23501 949 894 784 23235 1170 731 609 499 367 22065 16702 16582 6337 4584 4202 10245 762 382 325 201 124 121 451 376 325 266 184 4120 3981 301 101 3680 200 139 9483 5363 5194 120 1092 585 507 173 117 334 311 217 1753 1676 1516 1442 982 460 370 362 291 195 136 532 215 150
internal_count=24450 23501 949 894 784 23235 1170 731 609 499 367 22065 16702 16582 6337 4584 4202 10245 762 382 325 201 124 121 451 376 325 266 184 4120 3981 301 101 3680 200 139 9483 5363 5194 120 1092 585 507 173 117 334 311 217 1753 1676 1516 1442 982 460 370 362 291 195 136 532 215 150
is_linear=0
shrinkage=0.03


Tree=81
num_leaves=63
num_cat=0
split_feature=20 13 12 15 20 1 20 21 3 12 9 20 20 19 17 13 19 3 15 9 20 20 20 1 20 17 15 17 17 11 11 9 11 20 20 21 21 15 11 13 1 20 11 15 12 12 1 20 15 9 9 9 3 9 1 21 12 1 12 20 11 1
split_gain=57.8624 46.25 33.2991 49.2235 25.6263 21.8441 31.919 40.0484 55.7784 46.5233 34.7219 33.9863 27.3481 71.859 27.2144 42.2555 32.1696 35.4193 34.2865 25.4847 24.691 22.3097 22.2932 21.4198 21.3582 19.9335 72.4501 27.8214 21.9746 23.5092 20.9098 33.9887 40.6091 34.8218 24.9554 23.6854 34.746 22.8911 22.032 22.8432 22.7355 21.4958 24.8782 20.7333 37.4599 31.5517 35.7182 25.2791 20.3115 19.2154 18.8536 25.4597 18.5531 18.0631 17.9381 17.6935 21.9294 17.4143 25.7335 37.2609 20.0836 18.6357
threshold=0.35968814765788604 9.7997819546966642 -97.224080536744495 8.4394051893214577e-09 2.4225234403102557e-13 203.31274901183903 15.732339696597101 0.81216651374909465 21.990820349693454 -105.34671400643144 0.16114177123650322 1.7925050432673102 2.0039493990201902 2.5000000000000004 2.6017407660672967 21.231173949638244 3.5000000000000004 11.678881228284203 5.9885568333170112e-09 0.44930162831599235 6.6321986571914104 1.1262410964097451 6.6321986571914104 498.6201508432776 457.67350575874508 0.94480175897611562 3.956723905034159e-08 0.62413590897539084 1.1039886043643841 -101.67083210199449 -96.193187986637597 0.25356492737759689 -92.801532733997973 32.845560383311103 59.826345117327556 5.9050082110435458 5.4942760549944714 5.3282966143613146e-09 -96.717328833254484 19.215556362807046 27.826067356312354 43.168318447620507 -110.82336672449198 1.0000000180025095e-35 -106.37842076009848 -103.46910750931798 9.5422600458443316 135.22950180266454 4.2746831639518372e-09 0.05073569299980641 0.48868088517266367 0.48291420010294234 28.026889730076054 0.16114177123650322 166.96426238777005 3.1167654585578055 -117.562192755498 225.38891365522753 -105.49984725421497 54.153034697976707 -124.09794377116648 212.42024478345402
decision_type=8 2 2 2 8 2 8 8 2 2 2 8 8 2 2 2 2 2 2 2 8 8 8 2 10 2 2 2 2 2 2 2 2 8 10 10 10 2 2 2 2 8 2 2 2 2 2 10 2 2 2 2 2 2 2 8 2 2 2 10 2 2
left_child=2 55 3 4 -1 25 7 8 12 11 -11 -10 21 -14 15 22 17 20 19 -18 -17 -7 -9 -6 57 26 27 30 -27 -30 35 32 33 -32 -35 36 38 54 39 41 43 -3 -43 47 48 -46 -47 49 53 -41 51 -42 -29 -45 -34 56 -2 58 59 -8 -59 -61
right_child=1 5 -4 -5 23 6 24 14 9 10 -12 -13 13 -15 -16 16 18 -19 -20 -21 -22 -23 -24 -25 -26 28 -28 52 29 -31 31 -33 37 34 -36 -37 -38 -39 -40 40 50 42 -44 44 45 46 -48 -49 -50 -51 -52 -53 -54 -55 -56 -57 -58 60 -60 61 -62 -63
leaf_value=-0.0095826377694828123 -0.0091984758818788193 0.022432669216505018 0.020394560764115884 0.031320245507587163 -0.0049752487359772911 0.022415348990909207 -0.012509575571764159 0.027611401630099862 -0.00041612407494283896 0.0076587744500926308 -0.02379379072492676 0.021066693095862864 0.054660908061898598 0.0076823279945576767 -0.02064436549649519 -0.034903830820101907 0.0096296288881388952 -0.0012284672055230068 -0.015897438786923887 -0.012656638738699258 -0.0085040745228717584 0.0015000985999806568 0.0061600021176283883 0.014630334458636263 -0.018107258099746906 0.018764356731034413 -0.028082249786764862 -0.029074845768821734 -0.0014959817359266295 0.010918013864792271 -0.039223703222603282 -3.7342187195294689e-05 -0.00033986608205186956 -0.0030877448273591759 -0.023144456944295337 -0.01214739867271139 0.022029720780349548 -0.021554605582820588 0.012385865308774205 -0.0067894672974538016 -0.0019545637833195875 0.014263692384084255 -0.013019761401893837 0.010852169995906493 -0.025978892009979222 0.01592769217843722 -0.014592245626728981 -0.011120215942493721 0.013747684255308347 0.0082138483868003237 0.0093823921981339275 -0.021141895210104327 -0.003882304801131194 -0.010043867112201925 -0.016838665692441496 0.022104201116325224 0.013885440777602277 0.013291442675429596 0.010146179401209467 0.022755592502653597 -0.00042058296919534471 0.00095052368721915679
leaf_weight=136 55 71 174 53 81 93 147 74 141 50 83 124 57 60 50 54 420 341 65 51 78 90 106 129 58 73 92 53 549 182 54 905 517 120 104 155 61 60 116 85 5245 64 55 58 84 55 89 78 126 737 129 62 52 100 66 101 109 96 358 53 10783 102
leaf_count=136 55 71 174 53 81 93 147 74 141 50 83 124 57 60 50 54 420 341 65 51 78 90 106 129 58 73 92 53 549 182 54 905 517 120 104 155 61 60 116 85 5245 64 55 58 84 55 89 78 126 737 129 62 52 100 66 101 109 96 358 53 10783 102
internal_value=5.07301e-05 -0.000158262 0.00947995 0.00468111 0.000522051 -0.000297688 0.00049235 0.00405615 0.00979781 0.00242147 -0.0120006 0.00967762 0.0195432 0.0308386 0.000816243 0.0017353 -0.000658387 -0.00635373 0.00437001 0.00719476 -0.0194852 0.0121932 0.0150827 0.00708044 -0.000103195 -0.00134621 -0.00173435 -0.00147074 0.00318481 0.00160547 -0.00129444 -0.00416748 -0.00822143 -0.0177817 -0.0124613 -0.000582148 -0.000332043 -0.00406688 -0.000525767 -0.000740305 -0.00102558 0.00949312 0.00165028 0.00236495 -0.00245176 -0.0114828 -0.00290587 0.0051048 0.00481335 0.00665605 -0.00190654 -0.00218266 -0.0167529 -0.00235316 -0.00223329 0.0122816 0.00613505 -1.11378e-05 0.00471674 -0.00173172 -0.000298373 0.00850453
internal_weight=24569 23996 573 399 346 23731 13534 1937 698 398 133 265 300 117 1239 1189 1009 473 536 471 132 183 180 210 11597 10197 9393 9301 804 731 9196 1826 921 278 224 7370 7215 643 7154 7038 6848 190 119 1412 512 228 144 900 284 822 5436 5307 105 158 583 265 164 11539 660 302 10879 155
internal_count=24569 23996 573 399 346 23731 13534 1937 698 398 133 265 300 117 1239 1189 1009 473 536 471 132 183 180 210 11597 10197 9393 9301 804 731 9196 1826 921 278 224 7370 7215 643 7154 7038 6848 190 119 1412 512 228 144 900 284 822 5436 5307 105 158 583 265 164 11539 660 302 10879 155
is_linear=0
shrinkage=0.03


Tree=82
num_leaves=63
num_cat=0
split_feature=20 13 12 8 13 2 1 16 1 8 7 13 20 20 10 13 8 16 12 13 8 20 19 1 13 13 20 4 7 20 4 2 16 20 2 12 13 1 7 8 13 16 20 15 15 15 4 15 1 15 7 12 19 2 20 16 4 4 15 12 7 20
split_gain=55.8349 54.4638 37.9101 40.4765 40.3269 33.5639 28.0027 27.2144 21.5959 21.4963 20.6846 30.9374 34.2488 31.2091 27.0819 22.1324 22.4896 21.0424 20.6539 19.9292 30.2963 22.8447 22.3952 23.5963 30.026 21.4291 19.8922 21.1832 65.5997 19.7697 19.7524 31.4588 19.4839 26.3222 17.5615 18.91 17.4984 17.0002 16.8989 21.1928 61.4965 20.2904 23.3458 25.9832 25.857 29.3644 30.0449 22.1851 19.1161 21.2361 31.2615 18.2443 17.2362 23.5002 19.0561 31.9789 27.9931 18.4926 16.8019 16.7174 16.2938 16.203
threshold=3.1176223902685902 7.9699423268201111 -98.077216196482411 0.36735078904461022 24.003723606436235 5.1313091477673227 488.21567096796304 1.0000000180025095e-35 132.79363243030551 0.3024611686790955 -0.30776225415752034 16.723626282501773 201.41075510857351 75.046621891925454 4.5000000000000009 20.671958101968034 0.4810836379263615 7.5918448549479356 -103.09439824852198 26.319463611744904 0.42225994745107714 61.767582693634807 2.5000000000000004 305.68852117265305 22.528920073423865 29.642704613296093 80.119018110306712 61.292819611140111 -0.40285184293291548 247.74596569283702 64.783165413498168 5.2784256303558168 1.3964834206088781 116.52470094566353 5.6689267349190358 -112.37238504004948 33.464414835500982 266.91272897809006 -0.26813825007757547 0.026608986020591543 19.107934475826728 1.7789154208040638 45.178477364335556 3.6291461518161392e-09 1.597970854746728e-09 1.5881867761018134e-22 42.110336787975506 2.6820903980392579e-10 1064.6260007940102 4.035025861196013e-09 0.066722573960783307 -105.49984725421497 4.5000000000000009 4.8483674451886047 171.01715923757553 1.0000000180025095e-35 43.596529696273755 23.798336839394654 1.3090772026045481e-09 -109.06234405271483 -0.28814410095547305 44.662384935203256
decision_type=8 2 2 2 2 2 2 2 2 2 2 2 10 10 2 2 2 2 2 2 2 10 2 2 2 2 8 2 2 8 2 2 2 8 2 2 2 2 2 2 2 2 10 2 2 2 2 2 2 2 2 2 2 2 8 2 2 2 2 2 2 8
left_child=2 9 3 4 5 -1 -7 34 -4 -2 11 14 13 15 -3 37 17 19 58 21 25 22 -17 24 -24 -21 -15 32 -29 -14 31 -5 -28 -34 35 -6 -27 -13 52 40 -40 42 43 47 45 46 51 -42 -41 -50 -51 -44 53 -12 55 -55 57 -56 -9 -33 -54 -57
right_child=1 10 8 30 7 6 -8 18 -10 -11 38 12 29 26 -16 16 -18 -19 -20 20 -22 -23 23 -25 -26 36 27 28 -30 -31 -32 59 33 -35 -36 -37 -38 -39 39 48 41 -43 44 -45 -46 -47 -48 -49 49 50 -52 -53 60 54 56 61 -58 -59 -60 -61 -62 -63
leaf_value=-0.013255724513026722 0.021465977100870077 -0.026943074073512381 -0.0045293219328814303 -0.011596116505224597 -0.028908880644370444 0.00085349628517588413 0.022564790912649849 0.0056552315222061405 0.014793170248436781 0.003366718465462327 0.020908143819200205 0.019378792421558679 -0.028705397490125437 0.016432596638453482 0.00037448724110921219 0.020027579600228582 -0.018524095023671784 -0.021987653782696657 0.02016976087461584 -0.019441657659658433 0.0056060238434001803 -0.013556854307891861 -0.010861261167995578 -0.010518199000216553 0.016300535989701749 0.012574164296596651 0.0046120746757052616 -0.031059623161881145 0.010378800305382659 -0.0060664543896526476 0.029042282880229107 0.0052602710150378316 -0.023954830488611786 0.0062895842466284243 0.0053187913862896745 -0.0092128097426823589 -0.0050904426204727866 -0.0015975217817172612 0.022880815282484999 5.2423204406049374e-05 -0.003700153099532992 0.01050426212492688 0.0098649786642797093 -0.023086750554360169 -0.00084299162013286896 -0.038014665030770826 -0.026297675385437112 0.015626071476865379 -0.0019894740206927658 -0.001523457712610252 -0.031204295818049177 -0.012706616209600778 0.0055925257055258202 0.014740843955856689 -0.0061489258814862984 0.010349995098521877 -0.020908233892044117 0.014168676349677537 -0.01518756357745992 0.023272843389741834 -0.01184365419235742 -0.010739346022974527
leaf_weight=50 137 84 59 54 51 90 131 97 417 104 84 66 64 86 53 80 89 52 51 91 259 61 51 89 124 51 844 65 71 76 50 94 52 50 60 296 1796 72 67 16033 352 57 51 52 109 53 93 62 298 63 64 84 87 239 85 50 57 75 53 92 106 91
leaf_count=50 137 84 59 54 51 90 131 97 417 104 84 66 64 86 53 80 89 52 51 91 259 61 51 89 124 51 844 65 71 76 50 94 52 50 60 296 1796 72 67 16033 352 57 51 52 109 53 93 62 298 63 64 84 87 239 85 50 57 75 53 92 106 91
internal_value=1.07527e-05 -0.000454947 0.00526569 0.00235516 -0.000854465 0.00875066 0.0137668 -0.00514303 0.0123937 0.0137017 -0.000606255 -0.00247174 -0.0020108 -0.00150427 -0.0164488 -0.003181 -0.00377165 -0.00327014 0.0038758 -0.00288778 -0.00401489 0.00322131 0.00622718 0.00198545 0.00836808 -0.00530289 0.00263074 0.00151958 -0.00950848 -0.0165459 0.0120532 0.00840794 0.00311337 -0.00921201 -0.00959564 -0.0121824 -0.00459614 0.00850187 -0.000165445 -0.000369564 -0.00465316 -0.00669655 -0.00785285 -0.00330901 -0.0132598 -0.0180562 -0.013271 -0.000775209 -0.000114228 -0.00638646 -0.0166077 -0.00416973 0.00390289 0.00614393 0.00403506 0.00807778 -0.00304893 0.0034038 -0.00176103 0.0142465 -0.00399551 -0.00324063
internal_weight=24524 22879 1645 1169 879 271 221 608 476 241 22638 4326 4189 4049 137 2881 2743 2654 201 2602 2197 405 344 264 175 1938 1168 1082 136 140 290 240 946 102 407 347 1847 138 18312 17438 980 913 856 466 390 281 228 414 16458 425 127 135 874 681 597 380 217 160 150 186 193 141
internal_count=24524 22879 1645 1169 879 271 221 608 476 241 22638 4326 4189 4049 137 2881 2743 2654 201 2602 2197 405 344 264 175 1938 1168 1082 136 140 290 240 946 102 407 347 1847 138 18312 17438 980 913 856 466 390 281 228 414 16458 425 127 135 874 681 597 380 217 160 150 186 193 141
is_linear=0
shrinkage=0.03


Tree=83
num_leaves=63
num_cat=0
split_feature=16 21 3 1 7 12 21 21 15 7 12 2 6 21 12 3 2 2 16 16 2 3 9 2 1 15 9 12 3 7 10 7 9 7 3 21 1 2 2 7 12 10 21 15 12 1 21 16 21 7 2 12 3 12 6 21 21 21 12 1 7 9
split_gain=72.1092 44.6985 59.9031 40.8944 34.4928 28.024 26.3493 24.5009 24.1481 33.152 26.5706 18.818 35.7411 47.8044 35.333 41.4797 27.1071 51.498 23.2001 41.6099 32.4912 27.5052 26.3067 26.3788 29.7679 22.9105 29.9603 28.169 22.2191 22.1652 21.0334 45.6155 20.5768 21.5409 22.6935 21.4576 32.1526 23.8092 20.426 20.3126 25.3467 22.4328 23.4064 33.6602 28.4812 20.1272 24.0701 32.0659 27.2412 24.634 32.6885 31.5543 26.5348 26.6832 23.0999 31.7174 38.6073 30.8413 44.4658 29.3457 27.8523 26.0062
threshold=16.829531358139203 0.33676839252946256 12.826515964319201 1193.1273273220252 0.071413175415498756 -102.72760699218203 2.0948287098729756 1.1829464212548053 3.9640383868064657e-09 -0.42224714329743035 -108.48443346942499 5.1726428232039492 -0.47683623477262665 2.5819950205994355 -91.928615802082064 4.4507616879867014 5.2159969354248359 5.3248092199434529 2.1503016180448689 2.7041909537687538 5.7434012626632596 29.760367269779955 0.42410181550060072 5.318077129790777 88.674191158657663 2.7300770193441162e-09 0.27116371917429133 -101.97623154280208 2.5923281977922801 0.13133254279276921 3.5000000000000004 0.33411417622893064 0.41121989497254191 -0.37426742897757842 12.826515964319201 0.72020167762079057 154.57964025479853 5.8079092752920323 5.7626177890183365 0.19607218948766073 -95.582267856589027 3.5000000000000004 1.8503408115630402 4.9456496421087392e-09 -105.64216972562893 203.31274901183903 0.64996894818873363 1.0000000180025095e-35 0.36715599833097856 -0.092165239713989586 3.8612533794195647 -115.34323251468298 0.24688349618768055 -105.19065035166662 0.0031855319316300705 2.5376385399809851 0.89481587101820359 3.7261505860824102 -92.766034350074037 74.610911525427454 -0.35894225817310849 0.1709260324717983
decision_type=2 8 2 2 2 2 8 8 2 2 2 2 2 8 2 2 2 2 2 2 2 2 2 2 2 2 2 2 2 2 2 2 2 2 2 8 2 2 2 2 2 2 8 2 2 2 10 2 10 2 2 2 2 2 2 10 8 10 2 2 2 2
left_child=1 2 3 4 -1 -6 7 -2 9 -4 -10 12 13 -3 18 -16 -17 -18 28 -20 21 25 23 -23 -25 -21 -27 30 29 -13 31 -28 33 34 -30 36 -34 38 -37 -35 41 -41 44 -44 -43 54 47 -47 -49 50 -48 -51 -53 -54 55 56 -14 60 59 -59 -56 -57
right_child=6 11 8 -5 5 -7 -8 -9 10 -11 -12 14 45 -15 15 16 17 -19 19 20 -22 22 -24 24 -26 26 27 -29 32 -31 -32 -33 35 39 -36 37 -38 -39 -40 40 -42 42 43 -45 -46 46 49 48 -50 51 -52 52 53 -55 57 61 -58 58 -60 -61 -62 -63
leaf_value=0.017702089532801814 0.018670520312331903 -0.030973237621784208 0.017274578980520948 0.03880831972910808 -0.018329699666212961 0.008517256032797571 0.022989526062957802 -0.0096975292637944219 -0.00044421287940284393 -0.0032763611053821902 0.016112066456198431 0.00018554264429367819 0.016106826534959283 0.001523125261068344 0.0080279878473496907 -0.0031940250091448234 -0.046248316132733898 -0.010555740984944769 -0.026871634521457837 0.0046725876152797366 0.011231094519954082 0.011314351229276508 0.019797064237039086 -0.023547912806018888 -0.00070668385177640684 -0.0044549603487309096 -0.040881850843308198 -0.00016541661782743964 -0.020564332190539915 0.011974865367659663 -0.011300933282626302 -0.0063452169370244848 -0.0086810094825565242 -0.00051662541780118519 -0.0045485352932825556 0.00064841764896863012 0.019292904240867267 -0.01534345927475779 0.015909682708428945 -0.0028991768345038773 0.010887027507590762 0.0020446305218019658 -0.0043126902886881282 -0.031194460338221923 -0.02027156673040088 0.0017829296957037853 -0.01374519830137225 -0.0057474520218966062 -0.029624149932836494 0.019919853128617722 0.008536086838362187 -0.020799247383812839 -0.0081956736208604001 0.0029117118969868437 -0.012986170723861842 -0.0020355021156838737 -0.0040376715208691504 -0.0085071899962768077 0.0053792611964324369 -0.03058270118530039 0.00035799553804871149 0.011423851757974071
leaf_weight=231 51 74 76 51 52 102 158 57 178 856 170 364 95 89 73 76 61 90 72 108 120 99 58 69 193 393 96 73 97 236 113 54 51 7627 430 2112 129 80 81 2272 105 174 77 92 72 639 62 215 53 78 1028 50 229 1266 161 190 792 112 93 106 1074 401
leaf_count=231 51 74 76 51 52 102 158 57 178 856 170 364 95 89 73 76 61 90 72 108 120 99 58 69 193 393 96 73 97 236 113 54 51 7627 430 2112 129 80 81 2272 105 174 77 92 72 639 62 215 53 78 1028 50 229 1266 161 190 792 112 93 106 1074 401
internal_value=4.24531e-05 -0.000456041 0.00421006 0.0138003 0.0103956 -0.000607721 0.01522 0.00374688 0.000935168 -0.00158381 0.00766662 -0.000811227 0.000506727 -0.0133287 -0.00138094 -0.0115609 -0.017868 -0.025184 -0.0011825 -0.00479618 -0.0036224 -0.00504933 0.00122384 -0.00180667 -0.00678879 -0.00818737 -0.0100963 -0.0166619 -0.000808395 0.00483489 -0.0212229 -0.028573 -0.00106144 -0.00161796 -0.00752978 0.00142158 0.0113628 0.000629675 0.0012191 -0.00131824 -0.00350709 -0.00407341 -0.0104795 -0.019044 -0.00454257 0.000848113 0.00235699 -0.00187233 -0.0105619 0.00377109 0.00725727 0.00142675 0.000480836 0.00120597 -0.000958326 0.00172278 -0.00186443 -0.00352096 -0.0119488 -0.0193318 -0.00139071 0.00710069
internal_weight=24536 24270 1716 436 385 154 266 108 1280 932 348 22554 6807 163 15747 300 227 151 15447 1448 1376 1256 419 361 262 837 729 336 13999 600 263 150 13399 10946 527 2453 180 2273 2193 10419 2792 2687 415 169 246 6644 3620 907 268 2713 1090 1623 1545 1495 3024 1478 887 1546 311 218 1235 591
internal_count=24536 24270 1716 436 385 154 266 108 1280 932 348 22554 6807 163 15747 300 227 151 15447 1448 1376 1256 419 361 262 837 729 336 13999 600 263 150 13399 10946 527 2453 180 2273 2193 10419 2792 2687 415 169 246 6644 3620 907 268 2713 1090 1623 1545 1495 3024 1478 887 1546 311 218 1235 591
is_linear=0
shrinkage=0.03


Tree=84
num_leaves=63
num_cat=0
split_feature=20 7 2 7 10 8 20 2 20 7 7 3 1 2 15 6 6 7 1 6 20 19 1 8 3 3 8 2 8 8 2 2 6 6 1 1 3 11 15 15 2 7 6 12 1 20 9 9 9 20 2 6 9 9 20 15 19 6 20 6 11 2
split_gain=43.0211 35.5111 35.7827 36.8046 32.2982 25.0238 30.069 24.2562 27.8024 39.5975 23.1015 22.8452 33.4591 30.3778 30.0599 29.2688 31.9313 23.449 53.3352 22.3516 20.8263 19.8069 19.5367 20.6974 15.611 13.859 13.3806 12.7806 21.4765 26.9914 60.2208 51.8078 42.8897 56.6713 35.8511 35.7857 46.827 38.2474 35.4323 31.5072 39.0787 28.8059 28.4301 43.4391 26.305 25.993 27.8965 25.6029 39.2542 29.9837 25.1981 25.0102 30.8018 36.2268 29.7914 33.2124 23.3582 22.2459 23.9734 27.158 21.065 20.861
threshold=4.4138646168804856 -0.35894225817310849 4.8483674451886047 -0.32325063458848241 9.0000000000000018 0.077167376903536158 0.47894238492311508 3.6875539612022563 82.215275776799402 -1.0000000180025095e-35 -0.28016415040243853 6.7830069170506713 640.6517117926436 5.3943475127872427 7.9409338805090669e-23 -0.29961867910230738 -0.21509437602567502 -0.11223937783559189 74.610911525427454 0.30423522383772733 0.35968814765788604 2.5000000000000004 1015.5159270254002 0.23887830129059953 18.960104669017102 34.548544482532712 0.31463978303582857 5.3317423589235142 0.22711193437070001 0.15792976173691423 5.72320709987084 5.7922799446074515 -0.11560960222766048 -0.10015504831074638 799.72176871691261 203.31274901183903 18.198428345230202 -108.43034163592948 3.3042317185065293e-10 3.8797635478161602e-09 5.6689267349190358 -0.07369058201366839 0.20998727392115416 -107.79936273769495 320.38917523516358 46.917081914271108 0.47674710029971618 0.24299078447396241 0.41843010855196422 47.784618085214653 5.3943475127872427 0.017957477717819085 0.27116371917429133 0.35131774233020835 30.904081318266055 2.1928242817311065e-09 3.5000000000000004 0.18127009462718305 28.378817013237004 0.19827571710946026 -117.47723658492149 5.2784256303558168
decision_type=8 2 2 2 2 2 8 2 10 2 2 2 2 2 2 2 2 2 2 2 8 2 2 2 2 2 2 2 2 2 2 2 2 2 2 2 2 2 2 2 2 2 2 2 2 10 2 2 2 10 2 2 2 2 10 2 2 2 10 2 2 2
left_child=1 -1 -3 -4 7 6 -5 8 -2 -10 -7 13 15 -12 22 -13 -17 -18 -19 -6 -20 -22 23 -14 -16 -8 -26 61 29 30 32 35 -29 38 39 56 -37 41 44 42 47 -38 57 -44 -34 50 60 -41 49 -49 -35 -52 54 -54 55 -53 -32 -31 -59 -60 -47 -9
right_child=4 2 3 5 19 10 25 27 9 -11 11 12 14 -15 24 16 17 18 20 -21 21 -23 -24 -25 26 -27 -28 28 -30 34 31 -33 33 45 -36 36 37 -39 -40 40 -42 -43 43 -45 -46 46 -48 48 -50 -51 51 52 53 -55 -56 -57 -58 58 59 -61 -62 -63
leaf_value=0.014692278615089947 0.0032808051452704367 0.018290869984626982 -0.020683471947621841 0.026683798034769154 0.015664609869046765 0.0172724641573576 -0.0025625294899550553 -0.0001826116998736271 -0.039632280797188009 -0.0030689291771162641 2.8514014476019404e-05 0.0046297917683161315 -0.012795752147760461 0.025482347876723131 0.02353210070996847 -0.032438115105384357 -0.021825067419005077 -0.028125822149286248 -0.013273381420876831 -0.0065494846904052871 0.017498247612787125 -0.0019210636333181438 -0.019707189957714741 0.012045627259775189 0.013954213176738848 0.015366518753962439 -0.0039809536420955111 0.0093983148366992252 3.0649203618872784e-05 -0.0049071739323526568 -0.038974741722398905 0.0024750326546048047 -0.022121898625319932 -0.0059317614935452531 0.0097200609993658895 0.01368301229093407 -0.023857920765876769 -0.035638970154381937 -0.034341286281671594 -0.0098914045872895602 0.0030097604743563214 0.0057221883077594174 0.0002395993492433003 -0.032739782616868614 0.007561601337633634 0.014414129791394718 0.017084991511399465 -0.020774528763901727 -0.0063670788477692333 -0.053102077982437455 0.0090640539280178161 0.0087109994270612254 -0.018922442319744732 0.001436141338453559 0.024314008381528158 -0.016662379184197034 -0.014718475497287251 0.017063672271324323 0.010527192160727516 -0.01830051764845848 -0.0049585733733822123 0.0039534686439390556
leaf_weight=253 68 121 64 76 180 70 106 8648 52 54 114 153 50 66 70 52 81 63 56 52 90 98 53 73 88 60 64 422 6790 838 79 200 50 244 126 60 50 62 67 137 90 70 69 74 56 52 58 51 53 56 592 184 119 228 71 61 68 95 61 55 1097 1256
leaf_count=253 68 121 64 76 180 70 106 8648 52 54 114 153 50 66 70 52 81 63 56 52 90 98 53 73 88 60 64 422 6790 838 79 200 50 244 126 60 50 62 67 137 90 70 69 74 56 52 58 51 53 56 592 184 119 228 71 61 68 95 61 55 1097 1256
internal_value=5.07797e-05 0.00424133 0.00264829 0.00141377 -0.000433188 0.00238069 0.0111844 -0.000548424 -0.0116739 -0.0212084 0.000656297 -0.000350874 -0.00213893 0.00945081 0.00458282 -0.00665045 -0.0105745 -0.00756847 -0.00374831 0.0106788 0.00263499 0.00741881 -0.00466325 0.00192575 0.0119011 0.00397106 0.0064259 -0.000461053 -0.00110342 -0.00247947 -0.00109937 -0.00992736 0.000478342 -0.000831945 -0.00562571 -0.0162939 -0.00914021 -0.016698 -0.0174277 -0.00685563 -0.0142836 -0.00669817 -0.00443408 -0.0169355 -0.00651594 0.000235098 -0.00304019 -0.0195165 -0.0276454 -0.0380286 0.00287264 0.00458777 0.000583222 -0.00557993 0.00734724 0.00235149 -0.0279294 -0.00271538 0.00597155 -0.00318071 -0.00407006 0.000342262
internal_weight=24616 1921 1668 1547 22695 1483 242 22463 174 106 1241 1171 991 180 398 593 440 388 307 232 244 188 176 123 222 166 152 22289 12385 5595 3890 589 3301 2879 1705 389 242 182 173 1579 387 120 1192 143 106 2706 1207 297 160 107 1499 1255 663 347 316 245 147 1049 211 116 1149 9904
internal_count=24616 1921 1668 1547 22695 1483 242 22463 174 106 1241 1171 991 180 398 593 440 388 307 232 244 188 176 123 222 166 152 22289 12385 5595 3890 589 3301 2879 1705 389 242 182 173 1579 387 120 1192 143 106 2706 1207 297 160 107 1499 1255 663 347 316 245 147 1049 211 116 1149 9904
is_linear=0
shrinkage=0.03


Tree=85
num_leaves=63
num_cat=0
split_feature=21 13 15 13 7 21 3 4 3 4 11 13 3 21 4 3 11 3 9 7 21 4 11 9 12 11 7 13 13 7 15 5 15 11 21 9 15 9 7 13 12 7 4 11 13 21 15 9 4 13 3 19 2 21 9 15 15 2 3 3 3 9
split_gain=54.006 46.4583 52.9477 42.0381 27.4161 24.0652 22.5858 18.9895 33.273 22.1061 27.7335 30.4201 27.3623 22.3538 19.9818 29.1512 28.4809 40.6636 21.0634 19.8575 27.3932 20.0961 16.9288 16.5618 16.3283 22.8359 18.4243 15.6192 35.443 52.4371 29.1893 29.4842 46.5128 23.4582 25.4033 52.1645 41.9411 41.9258 29.8462 28.03 27.2458 46.5808 27.1829 25.0854 24.8115 24.5639 22.8585 25.236 22.7569 20.0919 33.4424 32.8831 28.4975 26.1465 23.8891 20.1942 19.0285 20.7384 17.9481 17.724 19.9001 28.9029
threshold=0.082061478739839766 30.385524926017613 1.5881867761018134e-22 7.9699423268201111 0.10640162613544503 0.036504684508943612 8.6280643821192413 -26.714811123707644 32.233382889440257 -12.371441533010449 -113.30851263078399 50.498843589471157 37.146371826810459 3.3164132147309355 -7.6318132869812194 4.2020726922954212 -107.4124963630065 33.787673211269059 0.29498689452751142 -0.025246661063717198 1.0477405343012103 -17.587058297216746 -105.51976256837199 0.29498689452751142 -116.92684032180655 -124.09794377116648 -0.1448985226335324 24.450873511318644 24.868286854584039 0.2598988694473397 5.1342777643503295e-09 54.742091473830662 9.3578299619449917e-08 -121.39551599465049 2.2063874639235905 0.11836722495550502 6.0989712737196552e-09 0.06834606806612388 0.24379792557930993 13.627170138528081 -108.64927443343349 -0.26003417316090272 53.088736953546153 -93.320745919147342 21.807140317116431 2.4022276749403901 1.4359057860773666e-08 0.028625216797509626 11.95270932840115 23.425637268170231 13.018325120017151 2.5000000000000004 5.6750877148548602 1.0924818195683101 0.14604654634221162 3.8797635478161602e-09 6.7941114742272693e-09 5.4246176217601194 23.228240582975051 39.336743111637411 32.80557261426776 0.31965865566816204
decision_type=8 2 2 2 2 8 2 2 2 2 2 2 2 10 2 2 2 2 2 2 10 2 2 2 2 2 2 2 2 2 2 2 2 2 10 2 2 2 2 2 2 2 2 2 2 8 2 2 2 2 2 2 2 10 2 2 2 2 2 2 2 2
left_child=1 5 6 -2 -4 -1 -3 8 -5 10 24 12 13 -12 15 -11 17 -17 -19 20 23 -21 -23 -13 25 -9 -27 30 29 -29 49 32 33 -32 37 43 44 46 -39 -38 41 -41 -43 58 -37 -42 47 -35 -40 51 -51 52 55 -52 -53 -16 -30 -58 -36 60 61 -50
right_child=3 2 4 7 -6 -7 -8 9 -10 14 11 19 -14 -15 27 16 -18 18 -20 21 -22 22 -24 -25 -26 26 -28 28 56 -31 31 -33 -34 34 35 36 39 38 48 40 45 42 -44 -45 -46 -47 -48 -49 59 50 53 54 -54 -55 -56 -57 57 -59 -60 -61 -62 -63
leaf_value=0.011462046147682099 0.011774321699960205 0.02032687343635103 -0.002356536741583393 -0.022259541392326356 -0.028739803516390647 0.032301797245083183 0.0031652484755872717 0.019748510324304372 0.0032367628912130988 -0.02693388954595715 -0.0095610266241485317 0.010186333093935481 -0.027949648815042829 0.01175936858380033 0.0080202640946420121 -0.03147551292525743 0.001714331190280803 0.0040182569876840686 -0.016497840365674345 0.0068090661556073811 0.017658792020113098 -0.022733136861839077 -0.00055291967970939968 -0.013431531603024764 0.01594181440066102 -0.011625182526902511 0.006086370990520752 -0.004325079843401909 -0.00041999494692207849 -0.037329028856597446 -0.01530027772914222 -0.016685635518743511 0.020242681137286125 -0.0019953352221452831 0.024690690675901399 -0.011444823812754426 -0.024266406953808103 0.0060281128108026494 0.016140928963937286 0.0075262792892754069 -0.017563664027873207 -0.03818073660240702 -0.011419860863929043 -0.010632448383360443 -0.040181218727546576 0.0047525134612059448 0.0040271598155178674 -0.024416750995442271 -0.016062256987803641 0.024528472796271277 -0.0098702176310750955 0.0078882309907480838 -0.010310232636518776 0.011351731478170908 -0.0043562108597210185 0.023674620949296336 -0.016818130725322473 -0.0017899785220453685 0.0058952906636930095 0.0090130607379370759 -0.02199612661890352 0.0024423209760388496
leaf_weight=380 261 84 77 94 65 57 370 70 89 52 154 51 50 61 304 66 358 112 74 122 162 54 71 54 192 77 163 182 15625 56 93 96 99 78 73 60 60 1254 52 79 50 52 100 50 50 342 81 107 116 110 76 193 59 162 549 98 132 219 122 72 66 216
leaf_count=380 261 84 77 94 65 57 370 70 89 52 154 51 50 61 304 66 358 112 74 122 162 54 71 54 192 77 163 182 15625 56 93 96 99 78 73 60 60 1254 52 79 50 52 100 50 50 342 81 107 116 110 76 193 59 162 549 98 132 219 122 72 66 216
internal_value=-2.3309e-05 0.00682979 0.00137597 -0.000175472 -0.0145499 0.0142478 0.00637822 -0.000310066 -0.0099095 -0.000233514 0.00359495 4.92439e-05 -0.00818914 -0.00348555 -0.000458686 -0.00558701 -0.00372617 -0.0114314 -0.00418864 0.00430431 0.00996022 -0.00182507 -0.0102391 -0.00197212 0.00908611 0.00480239 0.000379256 -0.000297782 -0.000747005 -0.0122144 0.0011828 -0.000385688 9.75021e-05 -0.000537222 -8.66335e-05 -0.00390584 -0.0076425 0.00185573 0.00352035 -0.00485492 -0.00294955 -0.0110986 -0.0207646 0.00817064 -0.0247511 0.00186861 -0.00923001 -0.0150249 -0.00250405 0.00458682 0.0109255 0.00274564 0.0090289 0.00456203 -0.00116501 0.0118858 -0.000575418 -0.00747331 0.0130216 -0.00459679 -0.00707529 -0.00405195
internal_weight=24553 1033 596 23520 142 437 454 23259 183 23076 1281 779 265 215 21795 662 610 252 186 514 267 247 125 105 502 310 240 21133 16214 238 4919 3368 3272 3173 3080 1038 793 2042 1776 683 623 231 152 245 110 392 266 185 522 1551 348 1203 461 238 742 402 15976 351 195 470 398 332
internal_count=24553 1033 596 23520 142 437 454 23259 183 23076 1281 779 265 215 21795 662 610 252 186 514 267 247 125 105 502 310 240 21133 16214 238 4919 3368 3272 3173 3080 1038 793 2042 1776 683 623 231 152 245 110 392 266 185 522 1551 348 1203 461 238 742 402 15976 351 195 470 398 332
is_linear=0
shrinkage=0.03


Tree=86
num_leaves=63
num_cat=0
split_feature=20 13 10 2 19 11 20 4 2 13 8 8 17 17 6 2 2 7 2 13 7 8 2 8 2 2 6 20 20 2 7 2 20 8 7 3 20 8 2 11 8 8 19 20 4 7 2 7 11 4 4 8 13 7 8 2 7 11 7 7 7 6
split_gain=42.4175 56.6642 42.2429 38.9035 26.4973 29.1984 37.6102 28.191 27.5155 28.7976 23.8291 45.453 36.8374 21.378 20.9242 21.0746 17.8433 33.2964 20.0002 17.6981 17.1002 15.4388 15.3009 24.479 29.1989 19.7867 18.5717 18.381 24.7086 16.1291 15.5255 14.4054 13.9649 13.5413 16.6653 15.195 13.3139 19.9601 31.4196 22.4519 21.5694 18.7315 17.6112 22.2406 17.4634 25.0691 16.593 25.1951 20.6953 18.2943 46.2834 16.7284 38.8906 46.024 51.5535 23.5874 22.0518 27.7454 32.9535 23.5908 36.6046 65.7052
threshold=6.6321986571914104 19.798410162809187 9.0000000000000018 4.7619713021063959 2.5000000000000004 -101.45714086616449 2.0039493990201902 64.328086420278154 5.4606649846066917 29.240372340122985 0.15792976173691423 0.096426403613294479 1.0000000180025095e-35 7.5418369803037022 -0.068419516866038851 5.1203864527833467 3.6875539612022563 -0.081625886896514274 4.1881601862092808 18.819762444641501 0.24784144633146712 0.20739983472699833 5.7349270517592901 0.071293583550080322 5.7675698930647767 5.7307626165176986 -0.015025975016363267 181.92557339962852 114.14814612455002 5.7922799446074515 0.31015467550538905 5.5524872368311913 0.25416068059599056 0.10037909554071069 -0.23653074292323537 32.233382889440257 40.74343990171181 0.47152223232921436 5.0605517886005753 -105.20937836045898 0.47706631702093022 0.48830164115214908 4.5000000000000009 37.727665497193051 21.862211967008353 0.05158081401042925 4.6951508915261284 -0.20649902000550388 -94.283935808004486 14.254171099978601 -4.9648197105767888 0.020844218012326724 23.202036890821194 -0.25266757244804156 0.0091740792566037416 5.4042000008392055 -0.3782786077858073 -111.82397348053048 -0.46169450316179489 -0.35198340619827556 -0.30776225415752034 0.22127207018432851
decision_type=8 2 2 2 2 2 8 2 2 2 2 2 2 2 2 2 2 2 2 2 2 2 2 2 2 2 2 8 10 2 2 2 8 2 2 2 10 2 2 2 2 2 2 10 2 2 2 2 2 2 2 2 2 2 2 2 2 2 2 2 2 2
left_child=1 19 16 -3 5 6 7 20 9 -7 11 12 -6 -4 15 -11 17 -2 33 -1 -5 -12 25 24 -24 36 -26 28 -25 30 -29 -8 -16 -18 -35 -36 42 46 41 40 -40 -39 43 -20 45 -45 47 48 -38 50 -49 52 -48 -54 55 -55 57 -53 -59 -58 61 -61
right_child=2 3 13 4 10 8 31 -9 -10 14 21 -13 -14 -15 32 -17 18 -19 22 -21 -22 -23 23 27 26 -27 -28 29 -30 -31 -32 -33 -34 34 35 -37 37 38 39 -41 -42 -43 -44 44 -46 -47 51 49 -50 -51 -52 56 53 54 -56 -57 59 58 -60 60 -62 -63
leaf_value=0.012876822791027158 -0.02600745313355456 0.020639050469961315 0.028966737276451153 -0.0027806283482773738 0.012973562910721251 0.019243734424989667 0.0023849423972961419 0.01360643797339155 0.03066476541676752 -0.022220591760295279 0.014909308847971261 -0.027007914542367582 -0.017813055730714906 0.007480041998218786 0.021405105023748344 0.0035831661797486817 -0.0049241555268721027 0.001019972651364001 0.00058634941469262541 0.032001483110814459 -0.016542676730389106 -0.0013522609771090617 -0.020323224170615189 0.0036628980291328662 -0.012317423458719117 -0.014570824984111823 0.009589519502055879 0.0082054971874352869 0.015147052404548351 -0.00579405030278142 -0.0092553439004154046 0.022889304296644049 0.0016378173383849637 -0.0022399461458000956 0.0067936269573287151 0.022907419660373737 0.026798283551868637 0.0016667633183533326 0.018292777517778892 0.01584980006266833 -0.002317220293480921 -0.01852607589061946 -0.0026276497246789151 0.03309388140733871 0.0033830564987341253 0.0038266195040547626 0.0094096516700945074 0.0046910221249275253 0.0057601159331812099 0.0031807046192506815 -0.024965002247876584 -0.01585296574584914 0.0080778208385183393 -0.018791271807516323 -0.031690438358967461 0.0089681490659713741 0.0079493639315755676 0.0057431384659858342 -0.0072605407433097109 -0.019059960043747874 -0.00090743387813346278 0.01007471809576844
leaf_weight=245 68 98 54 362 81 124 51 77 52 50 59 94 60 177 53 64 71 101 7804 53 104 422 86 677 54 89 94 219 224 262 57 78 80 78 121 94 56 95 58 192 202 72 1524 53 179 52 90 108 164 364 83 197 72 50 132 59 251 250 582 248 6820 96
leaf_count=245 68 98 54 362 81 124 51 77 52 50 59 94 60 177 53 64 71 101 7804 53 104 422 86 677 54 89 94 219 224 262 57 78 80 78 121 94 56 95 58 192 202 72 1524 53 179 52 90 108 164 364 83 197 72 50 132 59 251 250 582 248 6820 96
internal_value=-1.19467e-05 0.00422971 -0.00012868 0.0023264 0.00132459 0.00425741 0.000367348 -0.00309751 0.0104219 0.00750984 -0.00316034 -0.0109683 -0.000160312 0.0126061 0.0015653 -0.00782908 -0.000262065 -0.00994398 -0.00018717 0.0163738 -0.00588083 0.000669195 -0.000304753 0.00245013 -0.0065301 -0.00053598 0.00156742 0.00391396 0.00653163 -0.000473907 0.00457906 0.0148636 0.00961596 0.0067768 0.00961929 0.0139122 -0.000472332 -0.00122494 0.00399273 0.00809689 0.00233287 -0.00709758 0.000329566 0.000887043 0.0091187 0.0187725 -0.00156098 0.0026458 0.0112123 -0.000763996 -0.00825906 -0.00192975 -0.0078939 -0.0128835 -0.0191533 -0.0038206 -0.0016442 -0.00575753 -0.00335098 -0.00107269 -0.00138985 -0.0109237
internal_weight=24586 2207 22379 1909 1811 1095 672 543 423 371 716 235 141 231 247 114 22148 169 21979 298 466 481 21615 1673 234 19942 148 1439 901 538 276 129 133 364 293 215 19853 10241 619 452 260 167 9612 8088 284 105 9622 775 220 555 191 8847 403 313 241 109 8444 1029 832 7415 7164 344
internal_count=24586 2207 22379 1909 1811 1095 672 543 423 371 716 235 141 231 247 114 22148 169 21979 298 466 481 21615 1673 234 19942 148 1439 901 538 276 129 133 364 293 215 19853 10241 619 452 260 167 9612 8088 284 105 9622 775 220 555 191 8847 403 313 241 109 8444 1029 832 7415 7164 344
is_linear=0
shrinkage=0.03


Tree=87
num_leaves=63
num_cat=0
split_feature=21 20 3 9 9 18 7 21 9 3 3 16 8 10 20 16 9 20 0 3 7 20 21 8 12 21 10 0 7 15 20 20 20 3 7 20 11 19 12 0 0 21 9 21 21 0 9 8 21 3 0 3 3 0 8 20 16 7 12 20 21 9
split_gain=64.7141 38.6508 62.8794 38.452 44.8974 35.4817 33.8183 32.9067 25.8463 20.3664 24.6786 23.6535 22.3429 23.8157 37.3946 34.7721 41.5595 33.1626 33.4981 26.9125 31.6841 29.3548 28.6866 30.029 24.7808 21.4045 20.7234 19.9252 40.8259 18.3547 39.8487 18.3074 19.4332 17.8383 19.5003 17.7697 25.7395 22.6098 17.2656 17.1215 16.7189 15.734 33.0708 22.9677 22.8473 21.3217 21.1365 20.5849 18.4874 28.6802 18.6927 17.0743 15.7059 15.6363 15.9562 33.1886 48.9911 44.7791 67.6735 31.1606 27.3465 27.4432
threshold=0.13122009026230202 53.470893917206801 30.808358781307302 0.38263908804748065 0.31181438550862423 4.3595281255945015e-08 0.13133254279276921 0.025924569724350303 0.41688161033386245 30.808358781307302 30.982630568567053 11.666920171113992 0.14830445167824638 3.5000000000000004 53.470893917206801 7.7594537239591155 0.24667592122678264 111.02763474665302 461.79231942019209 28.651903763927056 0.3181480918240141 104.98593786548952 2.1718877380230857 0.063702697436820388 -99.42552450313606 1.0477405343012103 4.5000000000000009 162.20101511018751 -0.0039529303690635223 1.5800609504946629e-10 2.0039493990201902 174.05645694959952 62.346673599554506 37.146371826810459 0.075309247247047587 111.02763474665302 -109.59556975374899 3.5000000000000004 -105.10842763685397 519.09051469224607 568.27141642489266 2.0200260628615507 0.15336224830049974 1.2527108906497901 0.95785035382194261 428.06278480504307 0.054398991083246091 0.055868532935496769 1.7373798348813152 13.018325120017151 444.63633416081854 10.806129727977803 15.180246011363451 56.4905538282188 0.22911617357407324 72.96419909098681 7.1619686108366123 0.30337724356469492 -102.17728644623527 31.985005581239651 2.3362874807272651 0.15517182133508992
decision_type=8 8 2 2 2 2 2 8 2 2 2 2 2 2 8 2 2 8 2 2 2 10 8 2 2 8 2 2 2 2 8 8 10 2 2 10 2 2 2 2 2 10 2 10 10 2 2 2 8 2 2 2 2 2 2 8 2 2 2 8 8 2
left_child=1 3 -3 4 7 9 -7 33 -5 12 -11 27 13 15 24 19 -17 18 52 20 35 25 -21 -24 -15 -22 -19 28 31 -9 -31 32 -12 34 -1 36 37 -2 40 -40 -37 43 51 44 -38 -44 -45 -46 50 -50 -48 -43 -16 -14 55 56 57 59 -59 -55 61 -61
right_child=5 2 -4 8 -6 6 -8 29 -10 10 11 -13 53 14 17 16 -18 26 -20 22 21 -23 23 -25 -26 -27 -28 -29 -30 30 -32 -33 -34 -35 -36 38 41 -39 39 -41 -42 42 45 46 47 -47 48 -49 49 -51 -52 -53 -54 54 -56 -57 -58 58 -60 60 -62 -63
leaf_value=0.014199222341871064 -0.002828090491942888 0.01089787454715181 -0.024133914200673727 0.034668535878000832 -0.0082962829096808657 0.0016392962154500262 0.02864554404205567 0.0093034504215921392 0.012887144120154426 0.016365566612349228 -0.0084630667404936889 0.018545672693713145 -0.017888267588140376 0.0085244613043353318 -0.032839713663650821 0.00090308599107499624 -0.036677024932030372 -0.0015544844185933469 0.0027970032475749464 0.00093095559340768618 0.024587923005590432 -0.0085003342442214486 -0.033008134522136634 -0.0050032620644196862 0.028014828875067805 0.007448876028172147 0.018732252766688665 0.00020978866827861686 0.018013465141908349 0.010967072410559331 0.044484949012383306 -0.016673266417101807 0.01632560377298244 -0.005833041328740747 -0.0020999661061380588 0.023787509742869088 0.00055299961113647095 -0.022171715949711044 0.0048752194141093554 -0.01289046204648912 0.0034967505626380445 -0.0039490907191343247 0.0070949768968883546 0.023840325393890641 -0.024628085683243206 -0.009337862389018901 0.0010241028325512042 -0.0028650930773466824 -0.020765091125902375 0.0075610459913071741 0.017710767800395353 -0.024179435807769906 -0.0091587112127588348 0.0025542404572343326 -0.0010561784746723677 -0.00064796940041347763 -0.03283880169418725 -0.00056730777025222774 -0.038232547334510453 -0.0037690704934671524 0.0022730116878870786 -0.022686210542110501
leaf_weight=179 128 96 87 73 157 96 73 114 152 90 55 65 53 293 51 55 50 91 106 139 77 89 65 73 73 425 89 7920 169 73 57 56 57 113 104 72 1023 94 216 62 74 62 180 57 64 116 123 99 56 73 118 96 51 416 7932 1299 65 83 88 124 130 156
leaf_count=179 128 96 87 73 157 96 73 114 152 90 55 65 53 293 51 55 50 91 106 139 77 89 65 73 73 425 89 7920 169 73 57 56 57 113 104 72 1023 94 216 62 74 62 180 57 64 116 123 99 56 73 118 96 51 416 7932 1299 65 83 88 124 130 156
internal_value=-3.22033e-05 0.00687536 -0.00579723 0.00914797 0.00604157 -0.000251103 0.0134046 0.00956628 0.0200761 -0.00035116 0.000827277 0.000657289 -0.0010216 0.000758441 0.00561264 -0.000235775 -0.0171694 -0.000878531 -0.00901741 0.000265397 0.00101939 0.00730752 -0.00869944 -0.0183365 0.0124776 0.0101214 0.00852426 0.000514241 0.00764753 0.0182106 0.0258908 -0.00282499 0.00418543 0.00420755 0.00822311 -0.000352599 -0.00139804 -0.0110813 0.00528134 0.000881088 0.0135969 -0.000353184 -0.0052803 0.00103603 -0.00111294 0.000645323 0.0069935 -0.0115081 0.00434091 -0.00480071 0.00923376 -0.0163157 -0.0212031 -0.00178551 -0.00170087 -0.00386539 -0.00779652 -0.0061326 -0.0200602 -0.00322852 -0.00908785 -0.0143518
internal_weight=24572 1205 183 1022 797 23367 169 640 225 23198 8412 8322 14786 4440 754 3686 105 388 208 3581 3304 591 277 138 366 502 180 8257 337 244 130 168 112 396 283 2713 2289 222 424 278 146 2067 454 1613 1186 296 427 163 370 129 241 158 102 10346 10293 2361 1062 997 171 826 410 280
internal_count=24572 1205 183 1022 797 23367 169 640 225 23198 8412 8322 14786 4440 754 3686 105 388 208 3581 3304 591 277 138 366 502 180 8257 337 244 130 168 112 396 283 2713 2289 222 424 278 146 2067 454 1613 1186 296 427 163 370 129 241 158 102 10346 10293 2361 1062 997 171 826 410 280
is_linear=0
shrinkage=0.03


Tree=88
num_leaves=63
num_cat=0
split_feature=21 16 2 20 9 9 2 9 21 1 20 1 7 2 0 20 21 6 20 9 12 2 20 20 12 21 1 1 9 11 12 17 6 1 21 20 1 9 11 1 7 19 7 9 10 21 9 21 21 12 6 12 9 7 2 6 16 12 20 20 20 10
split_gain=59.8706 35.4357 30.7101 38.4563 27.2713 29.6378 31.702 22.0619 21.5628 17.6283 16.9584 16.8525 12.9681 33.9124 26.8601 29.2991 24.6105 31.7256 39.1867 24.4067 20.0449 20.5963 17.3991 15.3754 15.1137 21.7339 21.0247 24.1778 39.996 26.6041 19.7171 24.1402 25.2498 20.7707 17.7457 28.4965 18.31 33.1413 28.9663 30.6672 31.623 24.1627 24.3679 45.1674 26.8992 22.6918 37.6199 34.114 33.5233 28.159 24.8504 21.8312 20.4574 21.0621 20.2234 23.7948 19.8934 19.6324 18.4159 18.0283 33.481 31.5323
threshold=0.036504684508943612 16.829531358139203 5.6295283293906353 1.4609906702845001 0.38048828571362009 0.28333158758365984 5.3283559555084734 0.41688161033386245 2.0786040842112006 1093.2210965565102 457.67350575874508 600.11925257148766 0.40093338409106144 5.5791178674734718 434.07069273029805 33.761297086714556 2.5376385399809851 0.30423522383772733 114.14814612455002 0.41843010855196422 -106.29355040282736 5.3096861827450619 15.215222394536951 56.363932116127963 -110.66873751940398 0.16606176382265053 355.75271741983607 344.02680351284408 0.18654831031799904 -101.77758621926348 -111.09095220647049 2.1316282072803015e-14 -0.19137314013611115 1015.5159270254002 6.176122569852466 66.54383256627311 108.00201047138701 0.012352936574298036 -109.68154967206249 130.31180171152153 -0.25266757244804156 4.5000000000000009 0.23912035427743564 0.31181438550862423 3.5000000000000004 1.7678240478036453 0.15517182133508992 3.7261505860824102 1.6575003426563104 -102.64825468796822 -0.076206396317323608 -87.790948483893473 0.048656043765103803 -0.036883317762114835 5.3662238919002396 0.017957477717819085 1.0000000180025095e-35 -107.14463437652974 77.121924346794557 22.785429825264053 20.814426856861456 4.5000000000000009
decision_type=8 2 2 8 2 2 2 2 8 2 10 2 2 2 2 8 8 2 10 2 2 2 8 8 2 8 2 2 2 2 2 2 2 2 10 8 2 2 2 2 2 2 2 2 2 10 2 8 10 2 2 2 2 2 2 2 2 2 8 10 10 2
left_child=2 10 4 -4 5 9 -7 -6 -3 -1 12 -9 24 14 16 -16 20 18 -18 -17 23 22 -22 -14 25 -2 27 34 -29 -30 33 32 -32 -27 36 -36 52 -38 39 -39 -41 42 44 54 45 48 47 49 -40 57 -48 -43 53 -26 -44 -56 -51 -47 -46 60 -54 -61
right_child=1 8 3 -5 7 6 -8 11 -10 -11 -12 -13 13 -15 15 19 17 -19 -20 -21 21 -23 -24 -25 26 30 -28 28 29 -31 31 -33 -34 -35 35 -37 37 38 41 40 -42 51 43 -45 58 46 50 -49 -50 56 -52 -53 59 -55 55 -57 -58 -59 -60 61 -62 -63
leaf_value=0.00781672920669867 -0.015201451196019964 -0.00016429230610423898 -0.019585169829428196 0.013633026563458973 0.03642989056015556 -0.016200998221235028 0.012155474710743875 0.024908840970969511 0.018150953769537747 0.022661401003639659 -0.014656318748650485 0.0021816432869602594 0.0068255201147370773 0.0080716790481289817 -0.017744831760931348 -0.017182477711160715 0.0045319709137613034 -0.015768389734439552 -0.022369399772448971 0.0015282444649686415 0.020514839974275674 -0.012045378342414131 0.0035045966724184955 0.027140328410843555 -0.022208286806941032 0.0011474234332352147 0.00053834671686106117 0.0057123445375289418 -0.0092167511887571493 -0.036233633349603799 -0.0014132585192564873 -0.0078142815690774182 0.018949240759310045 -0.014585160897173858 0.0036929099155323846 -0.024841988136200872 0.011399873869915898 -0.032480225376290583 -0.0021792869971356417 -0.024428007826209068 -0.00115696616869952 -0.0043945589670346171 -0.0068818610943131272 0.00011808960958673008 0.013040527216046045 -0.0040975666859975222 0.00040051276222444497 -0.023907425131148366 -0.024453062976355706 -0.018371525247438021 0.013324733222036488 -0.016153046727773141 -0.00075914371749599956 -0.0032879780903004524 -0.011863378423812059 -0.035731073366883012 0.003717969766547603 0.017437519816862 -0.00047139602132722152 0.0034096951234075319 -0.025448828606373246 -0.012647714898760976
leaf_weight=342 71 93 74 53 54 86 59 56 152 91 72 61 70 602 134 75 427 119 54 359 63 64 355 65 59 3951 6300 75 73 60 79 64 177 76 55 72 150 52 1766 71 195 1037 144 434 222 64 233 66 62 90 314 164 1611 456 86 68 61 92 153 2160 50 115
leaf_count=342 71 93 74 53 54 86 59 56 152 91 72 61 70 602 134 75 427 119 54 359 63 64 355 65 59 3951 6300 75 73 60 79 64 177 76 55 72 150 52 1766 71 195 1037 144 434 222 64 233 66 62 90 314 164 1611 456 86 68 61 92 153 2160 50 115
internal_value=-1.8301e-05 -0.000100701 0.00788122 -0.00572425 0.0101927 0.0070567 -0.00465862 0.0206902 0.0112262 0.0109815 -0.000219329 0.0131785 -0.000174312 0.0019207 -0.000157101 -0.00553823 0.00235687 -0.00196812 0.00147171 -0.00173724 0.00655908 0.00368041 0.00611118 0.0167344 -0.000412208 0.0011471 -0.000827004 -0.00166128 -0.0117615 -0.0215843 0.00141756 0.00857313 0.0126845 0.000846961 -0.00145218 -0.012552 -0.00130961 -0.00246319 -0.00285219 -0.0116208 -0.00743664 -0.0022985 -0.00114022 -0.00606284 1.51619e-05 -0.00101421 0.00282656 -0.00451269 -0.0029477 -0.000279049 0.00783031 -0.00601232 0.000122301 -0.00549439 -0.0150349 -0.0225649 -0.0094822 0.00863279 0.00754107 0.000858417 -0.00151723 0.0025928
internal_weight=24608 23732 876 127 749 578 145 171 245 433 23487 117 23415 2387 1785 568 1217 600 481 434 617 482 418 135 21028 4418 16610 10310 208 133 4347 320 256 4027 10102 127 9975 5524 5374 318 266 5056 3855 732 3123 2748 920 373 1828 307 547 1201 4451 515 298 154 151 156 375 3936 1661 2275
internal_count=24608 23732 876 127 749 578 145 171 245 433 23487 117 23415 2387 1785 568 1217 600 481 434 617 482 418 135 21028 4418 16610 10310 208 133 4347 320 256 4027 10102 127 9975 5524 5374 318 266 5056 3855 732 3123 2748 920 373 1828 307 547 1201 4451 515 298 154 151 156 375 3936 1661 2275
is_linear=0
shrinkage=0.03


Tree=89
num_leaves=63
num_cat=0
split_feature=20 13 1 16 21 20 0 9 11 12 3 9 1 12 9 11 17 20 1 0 17 11 1 21 6 20 3 6 20 6 20 21 21 0 0 3 12 21 9 15 6 0 3 9 20 0 10 3 9 6 12 11 1 21 9 1 3 21 15 15 21 9
split_gain=44.1524 37.2956 41.2355 34.6189 31.5233 23.3652 30.6579 21.4959 18.091 16.9004 34.5332 21.1921 16.8098 26.8079 29.7 33.4173 21.8518 20.1031 24.125 17.8041 17.2556 17.2011 17.1607 24.9657 20.5846 26.1666 27.8672 19.3393 25.7124 20.8588 40.7735 28.5921 36.3779 35.0939 30.532 29.6208 23.2122 22.5856 32.4038 22.3289 21.5534 22.4668 21.4542 19.7625 19.6012 18.7602 29.2307 54.1804 23.7786 22.9022 26.9146 46.9519 19.7701 19.5046 41.7297 37.8744 22.296 19.0809 17.8028 32.7382 18.9865 22.3521
threshold=11.243684383646352 28.472805572726916 112.22693434013551 16.829531358139203 2.2687387276481803 12.347912724316052 423.68029790605505 0.40627827195949767 -104.87783717974798 -105.19065035166662 8.4356769397410378 0.20053149251712291 29.355371287674455 -109.91438846256655 0.060165080240246034 -101.12421001061048 4.7980420268203714 13.714036656288203 540.86962265736213 56.4905538282188 4.0754448137412016 -110.62026924179948 140.03522191946902 0.26033745762689259 -0.47683623477262665 177.97656871473905 34.548544482532712 0.041073489125917469 160.37706538392754 -0.17573782361751797 22.403976404257104 1.9397803519006553 1.5557908610220303 271.0209192288001 538.52919902545557 36.446219459232758 -88.211107588289892 3.4222433558085501 0.40455992053949791 1.9294481204991626e-09 -0.39790584818311009 230.30344958361502 20.991289645430353 0.044061123504435258 18.368847582497803 148.76149039051651 4.5000000000000009 20.480497002503352 0.2216160498121891 0.37037575616845891 -102.07692299106621 -109.01385142244349 72.85339488430121 1.0579271725578903 0.14604654634221162 108.00201047138701 65.899141065777769 0.93437630627831558 1.2573824633997184e-08 9.8764642053671773e-09 2.7559127699215451 0.18280559220476603
decision_type=8 2 2 2 8 8 2 2 2 2 2 2 2 2 2 2 2 8 2 2 2 2 2 8 2 8 2 2 10 2 8 10 10 2 2 2 2 10 2 2 2 2 2 2 8 2 2 2 2 2 2 2 2 8 2 2 2 8 2 2 8 2
left_child=1 2 8 5 7 6 -2 9 -1 -4 -11 -12 13 21 15 -15 17 18 -14 -19 22 -7 23 -21 25 26 -24 29 -29 30 44 32 33 40 35 39 43 -31 -39 42 -32 -42 -34 -35 -26 -25 49 -48 -49 53 51 -51 -53 54 -47 57 58 -56 59 60 -55 -62
right_child=3 -3 4 -5 -6 12 -8 -9 -10 10 11 -13 16 14 -16 -17 -18 19 -20 20 -22 -23 24 45 27 -27 -28 28 -30 37 31 -33 34 36 -36 -37 -38 38 -40 -41 41 -43 -44 -45 -46 46 47 48 -50 50 -52 52 -54 56 55 -57 -58 -59 -60 -61 61 -63
leaf_value=-0.01241107758659965 -0.026333418906449454 0.00075832425989105247 0.0056293590375034955 0.010734215452983158 -0.0034582255957008316 0.0060090028027260153 0.00031633982900530099 0.022840031166465914 0.0069735292932550097 -0.0011894362247115823 0.029947477772831917 0.01167574773193337 0.0024384852653184801 -2.5380855618879712e-06 0.001801857989973529 -0.024725891418801077 -0.013752400302809886 -0.014830407158092217 0.025373093648148434 -0.018918208958435569 0.012155789716109153 0.022528281782499767 0.0043448751797653075 0.0085736435480505118 0.0032555980487999603 -0.020632578078657388 -0.018262985768201557 -0.0018605206046703043 0.0050637414154289127 0.0037348485278683734 -0.026667352838743347 0.0027211871257081248 -0.019606159040488166 0.0092471193657986013 0.00096420765312951664 -0.0010200911826348002 0.017997636852430127 -0.00041278195949510124 -0.026815333031117917 -0.010354776422458667 -0.015033886093762704 0.0060102539538945017 -0.045664531717506736 -0.0015789254106648139 0.019451369352081395 0.0061210526744252996 -0.033316700501101359 0.011219814209775492 -0.013178317724620994 0.011412173427428559 0.011734771617680032 -0.020433412197968348 -0.0028972877300870808 0.0011234830157919253 -0.0034748526756174678 -0.030609701011706601 -0.017552509076893329 -0.022386774014504181 0.0087217791163528412 -0.021713982895771797 -0.0079334912936590875 -0.0010281173405231484
leaf_weight=116 72 1767 357 245 130 416 83 146 68 85 119 113 158 115 1313 85 115 80 55 79 92 65 169 145 144 97 68 5740 526 2734 65 1170 69 165 128 78 61 233 50 80 114 75 51 1768 126 131 76 65 78 162 226 90 160 1381 204 88 79 62 145 73 662 1161
leaf_count=116 72 1767 357 245 130 416 83 146 68 85 119 113 158 115 1313 85 115 80 55 79 92 65 169 145 144 97 68 5740 526 2734 65 1170 69 165 128 78 61 233 50 80 114 75 51 1768 126 131 76 65 78 162 226 90 160 1381 204 88 79 62 145 73 662 1161
internal_value=-3.56581e-06 0.00348449 0.00772801 -0.000455875 0.0102442 -0.00058432 -0.0121524 0.0124181 -0.00524823 0.01013 0.0151649 0.0211362 -0.000499461 0.00212208 0.000159128 -0.0105807 -0.000770713 -0.000692095 0.00845146 -0.00079531 -0.000735025 0.00828345 -0.000798825 -0.00229048 -0.000247445 -0.00759257 -0.00219125 -6.34967e-05 -0.00127855 0.0010072 -0.000387653 -0.00118427 -0.00290634 -0.00141147 -0.0111595 -0.0167251 -7.13001e-05 0.00289948 -0.00515554 -0.0228145 -0.0118908 -0.00669536 -0.0309668 -0.000650516 0.0108575 -0.00202339 -0.00234238 -0.0130271 -0.00208736 -0.00183362 0.00343986 -0.00112765 -0.00926655 -0.00267835 -0.00831069 -0.0136535 -0.00189594 -0.00795023 -0.00152947 -0.00198559 -0.00152946 -0.00353869
internal_weight=24573 2901 1134 21672 950 21427 155 820 184 674 317 232 21272 1994 1513 200 19278 19163 213 18950 18870 481 18778 5067 13711 334 237 13377 6266 7111 4094 3824 2654 2248 406 278 1994 3017 283 200 254 189 120 1933 270 4988 4843 219 143 4624 638 412 250 3986 485 354 3501 266 3422 3277 3204 1823
internal_count=24573 2901 1134 21672 950 21427 155 820 184 674 317 232 21272 1994 1513 200 19278 19163 213 18950 18870 481 18778 5067 13711 334 237 13377 6266 7111 4094 3824 2654 2248 406 278 1994 3017 283 200 254 189 120 1933 270 4988 4843 219 143 4624 638 412 250 3986 485 354 3501 266 3422 3277 3204 1823
is_linear=0
shrinkage=0.03


Tree=90
num_leaves=63
num_cat=0
split_feature=10 4 4 17 9 3 2 12 6 11 12 4 15 2 12 2 4 15 6 19 3 9 4 9 6 9 6 11 4 4 9 3 11 6 2 2 2 4 9 2 3 3 10 6 4 12 2 9 2 15 9 9 6 4 4 4 3 11 7 3 6 3
split_gain=35.1086 14.4763 13.3344 27.1129 18.0667 20.5983 22.0397 51.0847 21.336 14.3156 27.99 14.1329 39.4399 21.41 26.6673 15.7963 36.5769 35.5152 38.1444 29.7324 24.2215 25.9173 24.9404 24.0186 27.4051 34.2515 40.7607 37.3683 24.6808 23.5076 22.9499 22.6502 22.6473 22.0404 31.6135 21.3047 20.8687 36.9474 34.2582 26.5081 25.7901 29.5521 23.7403 22.3877 28.0327 21.8805 23.6271 23.3079 22.3136 21.7751 24.1818 20.3714 20.2735 20.1021 23.3255 55.5434 24.0024 45.3706 21.1845 20.5229 33.3069 23.2742
threshold=15.500000000000002 11.179179238998403 -14.915794668988598 0.15727072911401391 0.19625616926936376 55.147574396888864 5.3378627117996542 -117.93888886665901 -0.28790341498991595 -128.37817988323948 -126.10251266064104 84.733490372482819 6.3736200298783562e-09 5.1374973997595728 -109.74077547787104 5.3317423589235142 78.696389362477206 7.9409338805090669e-23 -0.38958578506234781 2.5000000000000004 39.542780079979103 0.2793137475049719 29.710323916247855 0.39073717599675667 0.073815055506933916 0.22507583427481584 -0.22348446334994795 -100.40463399057299 65.265407499425763 44.308297690327706 0.13298770330017987 42.181327307747402 -94.283935808004486 0.20646507606863909 5.0724311347625148 5.0790700556000781 5.4669631022333594 65.265407499425763 0.37235896011154873 5.4705544567827369 29.583773946111652 24.664102095761354 4.5000000000000009 -0.27254854248162491 66.331371150760162 -112.12969464948124 5.4350456004334893 0.28333158758365984 5.3943475127872427 9.6854843153958388e-10 0.17690233404145109 0.4687255073025281 0.38595715110935297 -3.9299781604612045 48.926345447452007 43.976094999928911 27.028543279888552 -86.454250605699542 -0.44621418317063627 58.587560033410959 0.036902471983588432 48.737503657922957
decision_type=2 2 2 2 2 2 2 2 2 2 2 2 2 2 2 2 2 2 2 2 2 2 2 2 2 2 2 2 2 2 2 2 2 2 2 2 2 2 2 2 2 2 2 2 2 2 2 2 2 2 2 2 2 2 2 2 2 2 2 2 2 2
left_child=2 -2 3 4 -1 6 7 -6 -9 -4 -11 15 13 14 -13 17 36 18 20 23 21 22 -12 24 25 28 -27 -28 35 30 -26 -25 -24 -21 -35 -19 40 39 -39 -38 41 42 -17 -42 45 48 49 -48 -45 -47 -51 -41 -32 -20 55 59 57 -57 -56 61 -61 -55
right_child=1 -3 9 -5 5 -7 -8 8 -10 10 11 12 -14 -15 -16 16 -18 19 53 33 -22 -23 32 31 29 26 27 -29 -30 -31 52 -33 -34 34 -36 -37 37 38 -40 51 43 -43 -44 44 -46 46 47 -49 -50 50 -52 -53 -54 54 58 56 -58 -59 -60 60 -62 -63
leaf_value=0.0087568266392047903 0.023481404756949771 0.0066314486594604592 -0.014372989083914194 -0.012193569418956135 -0.025521226051904551 0.017954648647583643 0.012668685905404927 -0.0099362419465184211 0.004419633699304302 0.017238846662206739 -0.032121230497956274 0.022959817129441281 -0.022776236068457363 -0.013180134108361715 -0.0025665516694841376 -0.0026076363654448146 -0.024043961734555305 -0.0040595950938841783 0.0053196151090795455 0.00219304732121088 0.00018459566554791012 -0.0031356361703036872 -0.02409816279767021 0.015986990674115253 -0.0077050687673573303 0.0028413360256844072 -0.03873607105863365 -0.007308759161868416 0.019986093417475266 0.017077873355963013 0.014375003228128395 -0.0052630398070646648 0.0014204169635195284 -0.009406413069588903 0.0023876751963689455 0.011455305468407459 0.016271105642769144 -0.0056402241951459412 -0.033485209296147025 -0.00062811874729218722 0.0068044227853286295 -0.012874982336713985 -0.016429209411377089 -0.030870664820951573 0.011208806931822291 0.0049182381674978031 -0.022556221166583283 0.00081724278871779846 -0.0053296084105968469 0.005738684985600412 -0.016223638048885686 0.0053842681884015732 -0.0070824355284611765 -0.0019373477437652454 -0.015441761563221613 -0.038509066265874678 -0.0062776541451995179 -0.0025838219173489889 0.0022955181508416684 0.0027098250540968198 -0.026973780679031157 0.0075371046236250537
leaf_weight=427 62 174 67 102 76 58 96 124 365 78 89 54 97 77 111 1659 62 210 484 2003 171 132 61 288 103 156 54 91 83 197 169 53 63 418 399 127 87 153 53 8593 340 368 119 50 123 382 87 68 79 74 113 538 51 1851 62 83 116 51 1597 65 70 266
leaf_count=427 62 174 67 102 76 58 96 124 365 78 89 54 97 77 111 1659 62 210 484 2003 171 132 61 288 103 156 54 91 83 197 169 53 63 418 399 127 87 153 53 8593 340 368 119 50 123 382 87 68 79 74 113 538 51 1851 62 83 116 51 1597 65 70 266
internal_value=-1.70304e-05 0.0111385 -0.000464377 0.00255452 0.00387666 0.000970289 -0.000544888 -0.00280844 0.00076644 -0.000628324 -0.000587535 -0.000649138 -0.00671996 -0.000216931 0.00587552 -0.000557421 -0.00124035 0.000367269 -0.00132108 0.00234658 -0.00905102 -0.013616 -0.0200658 0.00563697 0.00369347 -9.45479e-05 -0.00780397 -0.0191979 0.00543595 0.00893581 0.00393252 0.0126785 -0.0112254 0.000499344 -0.00365063 0.00180386 -0.00112877 -0.000396909 -0.0129314 -0.000115422 -0.0031203 -0.00514721 -0.00354142 0.000186379 -0.00212369 -0.00405707 -0.00201926 -0.0123625 -0.0153906 0.000815073 -0.00754837 -0.000273317 0.00939124 -0.000460619 -0.00113408 -0.00296263 -0.016349 -0.0249564 0.00162374 -0.00146997 -0.0127668 -0.000743891
internal_weight=24479 236 24243 1248 1146 719 661 565 489 22995 22928 22850 339 242 165 22511 12948 9563 5161 4402 516 345 213 1582 1241 721 301 145 420 520 323 341 124 2820 817 337 12886 9424 206 9218 3462 2146 1778 1316 976 853 724 155 129 569 187 9131 220 4645 4161 2502 250 134 1659 2252 135 2117
internal_count=24479 236 24243 1248 1146 719 661 565 489 22995 22928 22850 339 242 165 22511 12948 9563 5161 4402 516 345 213 1582 1241 721 301 145 420 520 323 341 124 2820 817 337 12886 9424 206 9218 3462 2146 1778 1316 976 853 724 155 129 569 187 9131 220 4645 4161 2502 250 134 1659 2252 135 2117
is_linear=0
shrinkage=0.03


Tree=91
num_leaves=63
num_cat=0
split_feature=21 3 2 17 1 21 20 11 12 5 1 3 6 3 7 2 1 7 1 7 7 6 21 7 12 7 12 1 1 21 3 5 1 5 2 12 7 7 12 6 3 1 2 12 2 2 7 20 5 1 12 11 1 21 5 5 19 1 2 20 1 6
split_gain=39.7939 41.0906 45.2244 22.2502 29.4835 24.3497 21.7251 19.63 24.919 19.5381 40.5212 33.9654 32.8483 38.1863 45.9896 30.2622 29.489 49.0062 35.916 25.6206 51.1239 24.353 35.4761 32.9734 23.1173 58.6352 43.9968 32.5527 30.1256 28.7192 24.8807 23.0404 22.4263 20.4488 28.3544 22.8454 19.927 19.7175 19.4757 33.9559 19.8881 19.1367 18.8833 17.5499 17.1591 26.8523 37.1985 39.0265 20.153 19.3628 19.0847 26.9483 18.9404 20.168 29.1001 23.6769 22.9414 26.7579 21.5322 21.7921 19.2251 23.3556
threshold=0.33676839252946256 9.2475016368712168 5.4489801382655303 1.0000000180025095e-35 909.82836450838306 1.1490281787685601 0.8563069851691486 -128.37817988323948 -126.10251266064104 -13.553802075275449 76.546677202459776 5.8746980624174663 0.013597617649865336 16.148601422652654 -0.35198340619827556 4.5355110296109267 58.146194574977308 1.0000000180025095e-35 35.034374466811506 0.097540351007674012 -0.11223937783559189 -0.27254854248162491 1.4542145114132703 -0.016693732980771255 -99.665014180722039 -0.2961450633444897 -98.796220550257985 220.22152511587254 29.355371287674455 1.0695766191844054 12.115730867743901 -31.731193889792575 449.77557958968652 7.1450128633154018 5.6951033155650679 -82.021575312205655 0.48935350274303696 -0.48349972375254863 -79.704574758939586 0.03295645955232241 62.382444035073206 76.546677202459776 5.507783060810076 -104.47974507521864 5.0186685517392915 5.1203864527833467 0.14600073917141113 62.840428565367354 -41.046923780531237 103.75222543194552 -111.89178603055801 -109.86037430524648 482.88294978491456 1.1603138738223804 -39.575229880039934 -36.40551041259075 2.5000000000000004 162.33614532905554 5.4006677048438023 103.25322632912652 558.46206265645662 -0.14892328055370904
decision_type=8 2 2 2 2 10 8 2 2 2 2 2 2 2 2 2 2 2 2 2 2 2 10 2 2 2 2 2 2 8 2 2 2 2 2 2 2 2 2 2 2 2 2 2 2 2 2 8 2 2 2 2 2 8 2 2 2 2 2 10 2 2
left_child=1 2 -1 7 6 -6 -5 -2 -9 10 12 33 13 -10 -15 -13 18 -18 19 20 -14 23 -23 -16 28 29 27 -27 30 -26 -17 -21 -29 34 41 -35 -30 -12 40 -40 44 -11 -43 -7 -39 46 47 -46 -49 -47 -51 -52 53 -53 -55 -56 57 -57 -58 -60 -54 -62
right_child=3 -3 -4 4 5 43 -8 8 9 11 37 15 16 14 21 24 17 -19 -20 31 -22 22 -24 -25 25 26 -28 32 36 -31 -32 -33 -34 35 -36 -37 -38 38 39 -41 -42 42 -44 -45 45 49 -48 48 -50 50 51 52 60 54 55 56 58 -59 59 -61 61 -63
leaf_value=0.0069838708815697734 -0.017633117640560324 0.0018151936810674872 0.032478786519564248 0.016054835780062067 0.0024837902375755248 -0.023060648032097199 0.00096609258136853479 0.016014725106675176 -0.00098172265490575222 0.025779607573432645 0.014431794176445059 0.0062517722690207979 -0.0018544748501460018 0.005393607402220368 -0.0512657932666215 -0.011291332777291618 0.0032361217073418875 -0.037125932184151479 0.012490248661040095 -0.009311079811970038 -0.037583912797799372 -0.0026573397512181418 -0.02886934230089978 -0.0190961956679821 -0.013259657641662466 -0.0073920468113801412 -0.0049799025931653775 -0.045086029727147731 -0.0015587712162821654 0.0088206445242134408 0.0072511701397643515 0.016866438849723303 -0.01667464935604264 0.002898217898305592 -0.0069903678415590021 -0.014858775452735859 0.014105992927215993 0.0033578596981707252 -0.025819251666860509 0.0018004050850868225 -0.017892261827364562 0.014846413641812363 4.0013383768382481e-05 -0.0062826742390800902 -0.036593933038708719 0.0086220663077657602 0.0031691572696414833 -0.02064166166324867 0.0049675376150792412 0.0035621658811087619 -0.012956702097014945 -0.012099989714399757 0.01203510966062216 0.017583062765853745 -0.02336020131869351 0.0075098179397173224 -0.0055317948103686216 -0.012175355302990744 0.011035937841717662 -0.0078967715335458936 -0.009767931472786047 0.0041133201654945028
leaf_weight=241 65 1388 84 86 136 98 6714 74 155 76 68 469 113 59 54 72 54 53 149 55 52 88 98 64 61 98 1528 53 5969 368 610 65 50 548 82 73 73 660 79 80 63 198 127 132 69 173 108 54 55 497 217 224 143 62 50 78 218 294 240 70 161 333
leaf_count=241 65 1388 84 86 136 98 6714 74 155 76 68 469 113 59 54 72 54 53 149 55 52 88 98 64 61 98 1528 53 5969 368 610 65 50 548 82 73 73 660 79 80 63 198 127 132 69 173 108 54 55 497 217 224 143 62 50 78 218 294 240 70 161 333
internal_value=3.84068e-05 0.00406773 0.0136527 -0.000672 0.000712399 -0.00757036 0.00115925 -0.00130595 -0.00123672 -0.00132006 -0.00285116 -0.000579567 -0.00806589 -0.0134585 -0.0187687 -0.00116723 -0.00288721 -0.0169149 0.000602171 -0.00563494 -0.0132732 -0.0234605 -0.0165485 -0.034125 -0.00155964 -0.0042605 -0.0067232 -0.0198855 -0.000692316 0.00565749 0.00527994 0.00489062 -0.031587 0.00439453 0.00901733 0.000790309 -0.00136721 -0.00146751 -0.00174636 -0.0119982 -0.0013108 0.0123 0.0090784 -0.0135004 -0.00102418 -0.00197446 -0.0107082 -0.0190988 -0.0077919 -0.00106589 -0.00171683 -0.00297328 -0.00181033 -0.00397499 -0.0021664 -0.00347245 -0.00234287 -0.00803875 0.00167775 0.00674916 0.0023895 -0.000421325
internal_weight=24528 1713 325 22815 7166 366 6800 15649 15584 15510 5055 10455 1059 518 363 9351 541 107 434 285 165 304 186 118 8882 2158 1729 201 6724 429 682 120 103 1104 483 621 6042 3996 3928 159 3769 401 325 230 3706 3046 286 178 109 2760 2587 2090 1873 1236 1012 950 900 372 528 310 637 494
internal_count=24528 1713 325 22815 7166 366 6800 15649 15584 15510 5055 10455 1059 518 363 9351 541 107 434 285 165 304 186 118 8882 2158 1729 201 6724 429 682 120 103 1104 483 621 6042 3996 3928 159 3769 401 325 230 3706 3046 286 178 109 2760 2587 2090 1873 1236 1012 950 900 372 528 310 637 494
is_linear=0
shrinkage=0.03


Tree=92
num_leaves=63
num_cat=0
split_feature=21 19 10 2 13 2 21 8 2 2 7 21 13 8 2 17 17 0 6 21 0 2 7 0 2 2 6 14 7 1 0 7 2 0 6 6 2 13 0 21 8 6 19 1 6 21 17 13 6 7 6 7 1 7 8 7 1 7 2 7 0 16
split_gain=42.362 36.4449 33.5793 32.9965 30.4888 28.5105 27.3688 23.9326 47.1352 41.5281 34.3864 25.4698 20.6913 33.133 37.6197 24.6488 19.8996 19.2201 19.666 17.5287 23.9159 16.5901 16.5183 16.1157 15.7066 25.4987 15.3288 14.4949 14.6505 13.3808 13.0588 14.5955 27.2442 17.793 14.8264 13.0678 12.1851 24.818 23.9531 41.8895 25.3825 23.7716 23.768 27.0666 22.1768 26.8739 19.9772 18.4961 22.8055 29.4314 23.1309 21.808 20.6349 30.3311 27.4714 25.5325 23.3434 20.2755 23.0715 25.3578 23.5238 20.2632
threshold=0.72020167762079057 3.5000000000000004 9.0000000000000018 5.6494519696505963 21.468642546038478 5.6073387379084787 0.73844146778914566 0.32282197575898042 5.507783060810076 5.6428547104749418 0.12314496810073551 0.31128966559874655 24.576146694735495 0.098373486848135641 5.4806308093631548 1.2725589238375596 7.7983646310449233 346.08468397078207 -0.27662384496083486 0.51102115235880252 363.90475148911202 5.5555455498962631 0.17987079847918433 568.27141642489266 5.6850082520765932 5.7349270517592901 -0.0039581914467943227 6.6049777390744859 -0.021019694881747594 551.93563996023011 319.12354481335905 -0.28016415040243853 5.3378627117996542 388.62309558836859 -0.034908647426499677 -0.034908647426499677 5.3350020674671237 18.510145073565266 423.68029790605505 1.3348445081265103 0.35781331153451829 0.19308528824560603 4.5000000000000009 1064.6260007940102 0.27234068246433335 1.7165365051697654 2.1316282072803015e-14 18.296829066588433 -0.15642700169582818 0.027009487135792657 0.049401428517100839 0.066722573960783307 383.84321409012506 0.35263075975689079 0.10833366966581705 -0.45785204242411298 40.296462964727361 0.28402247403073361 5.5886749797207482 0.29913267191274212 499.01151768460255 4.1241052589055043
decision_type=8 2 2 2 2 2 8 2 2 2 2 8 2 2 2 2 2 2 2 8 2 2 2 2 2 2 2 2 2 2 2 2 2 2 2 2 2 2 2 8 2 2 2 2 2 8 2 2 2 2 2 2 2 2 2 2 2 2 2 2 2 2
left_child=1 4 6 5 17 12 -2 8 10 19 30 -11 13 -3 15 -15 -4 26 -19 20 29 -10 -22 -23 -5 -26 -1 -18 -29 -9 -6 33 35 -32 -34 -33 37 42 39 -38 41 -41 43 44 45 -8 -46 48 49 -40 -50 -52 53 55 -55 56 -49 -57 60 -60 -59 -54
right_child=2 3 16 24 7 -7 36 9 21 11 -12 -13 -14 14 -16 -17 27 18 -20 -21 22 23 -24 -25 25 -27 -28 28 -30 -31 31 32 34 -35 -36 -37 38 -39 47 40 -42 -43 -44 -45 46 -47 -48 52 50 -51 51 -53 61 54 -56 57 -58 58 59 -61 -62 -63
leaf_value=0.013500329644347612 -0.018626021532643887 0.011202808377983153 0.024767788359484469 0.019650118873503649 9.7954709674693812e-05 -0.019409452995187357 0.022929312929542752 -0.0078110615487265228 0.02230102258279907 -0.023750161595212725 0.0050496543279052808 0.0052100065633140765 0.0010774508689664183 -0.038113203585577703 0.0035334058925509454 -0.0099918423249171339 -0.0067165777785703536 0.0036166553073365918 0.022103743486667927 0.0012714908776902839 0.024636607028078288 -0.0020730334831889543 0.0086745553710979636 0.011401702184145424 -0.0080185185158220314 0.013573089819050059 -0.0026526693954464363 0.00053256087434979575 0.023067059765552293 0.011255614233448317 0.010125979237681762 -0.03742110202417654 0.0063434953035579784 -0.012282172696370828 -0.014948567723138973 -0.016417656302939922 -0.025247978852767118 -2.0838864142970003e-05 -0.0036281862720433209 -0.003100547465357715 0.0087540742714443936 -0.023136848153604658 -0.0056203037880836653 -0.011784836500883102 -0.01187035635533467 0.007675612050128326 0.012743799388408661 -0.008763781065121292 0.012934351099197557 -0.035628942181082333 -0.018036378114995966 0.0043674907772599351 0.001907189309048176 -0.0058392059212818287 0.0060354327432626687 -0.0021925171070502239 0.012005542958896531 -0.0078326964885662778 -0.017313156323370469 0.0043831505404355433 -0.026926959119436721 -0.0072200033854908094
leaf_weight=103 73 52 67 75 130 94 157 50 72 51 285 57 562 64 59 51 57 70 203 113 191 125 86 219 91 105 107 51 52 94 54 50 53 75 64 62 95 8929 53 225 114 69 140 56 70 309 50 64 63 50 90 68 3400 226 771 4979 195 158 67 168 92 233
leaf_count=103 73 52 67 75 130 94 157 50 72 51 285 57 562 64 59 51 57 70 203 113 191 125 86 219 91 105 107 51 52 94 54 50 53 75 64 62 95 8929 53 225 114 69 140 56 70 309 50 64 63 50 90 68 3400 226 771 4979 195 158 67 168 92 233
internal_value=-1.89352e-06 0.00328754 -0.000289146 -0.00106934 0.00545798 -0.00388276 -0.000413664 0.00368544 0.00116283 0.0083483 -0.00321884 -0.00855806 -0.00200833 -0.00965278 -0.0159139 -0.0258356 0.0111618 0.012156 0.017394 0.0117772 0.0145873 0.00929292 0.0197299 0.00651354 0.00806784 0.0035586 0.00529643 0.00534587 0.0120216 0.00462703 -0.00804822 -0.0109984 -0.01553 -0.00289628 -0.00533143 -0.0260424 -0.000349136 0.000428245 -0.00102435 -0.00741546 -0.0032117 -0.00786543 0.00554944 0.00799016 0.00989678 0.0128528 -0.0015939 -0.000722595 -0.0077697 -0.0193558 -0.002307 -0.00842738 -0.000501325 -0.00148603 0.00334054 -0.0023273 0.00685939 -0.00276393 -0.00861347 -0.00184976 -0.0149387 0.00132
internal_weight=24658 3467 21191 1153 2314 882 20964 1831 1189 642 773 108 788 226 174 115 227 483 273 534 421 416 277 344 271 196 210 160 103 144 488 358 229 129 117 112 20891 9711 11180 503 408 294 782 642 586 466 120 10677 324 103 221 158 10353 6720 997 5723 259 5464 485 235 250 3633
internal_count=24658 3467 21191 1153 2314 882 20964 1831 1189 642 773 108 788 226 174 115 227 483 273 534 421 416 277 344 271 196 210 160 103 144 488 358 229 129 117 112 20891 9711 11180 503 408 294 782 642 586 466 120 10677 324 103 221 158 10353 6720 997 5723 259 5464 485 235 250 3633
is_linear=0
shrinkage=0.03


Tree=93
num_leaves=63
num_cat=0
split_feature=13 19 13 13 13 2 6 17 15 8 15 15 6 8 8 13 11 8 2 8 11 11 0 13 13 12 8 2 15 15 11 16 11 8 11 2 16 17 8 15 15 8 6 17 17 2 2 12 16 12 12 6 11 2 8 12 10 16 12 2 19 11
split_gain=42.9165 37.7873 38.0876 43.0491 36.3699 31.1591 29.3143 30.1887 27.7937 26.7388 30.4136 32.5285 37.0533 33.6122 27.842 27.7643 29.8897 29.0307 25.9223 35.1921 35.1991 28.8769 23.7556 33.5533 26.3048 23.5717 22.4569 21.2687 20.7999 35.3703 20.2239 21.3967 24.6937 18.7544 16.7709 46.0842 16.4973 17.5163 16.108 15.7242 24.779 24.7206 15.2763 23.4635 19.9957 17.42 21.3999 16.5096 17.1919 16.035 44.1859 15.7334 23.661 30.2396 14.8964 17.9692 14.4357 13.6606 17.7462 29.7776 20.3388 13.2174
threshold=24.450873511318644 2.5000000000000004 9.7997819546966642 23.627021827548209 24.868286854584039 5.6621886377299679 -0.36671210619032774 1.9064159200664494 7.9333080458092652e-09 0.089711246890767274 6.0989712737196552e-09 5.3808392482559612e-09 0.19308528824560603 0.11997401806526865 0.46569694722940685 16.556068428451663 -113.62104990464748 0.292682810550498 5.2123324024566262 0.30052072723888351 -108.75942512467749 -103.8166514111165 446.09065098344206 23.099065292595345 21.527277235226787 -105.49984725421497 0.12865008995541261 5.3412116642196654 3.9640383868064657e-09 2.0326610102258448e-09 -108.51653238792549 1.0000000180025095e-35 -112.32069371513649 0.42621678848354899 -106.48655260014799 5.3096861827450619 7.9972467626390769 1.7913796476202808 0.27164432966009949 6.6556421849825602e-09 1.2573824633997184e-08 0.20578655672143767 0.22883223818491419 0.75698954133573537 1.0000000180025095e-35 4.6765526330624505 5.4382650816025233 -105.49984725421497 1.0305959579886638e-06 -110.48237370737891 -108.64927443343349 0.19308528824560603 -108.20917301199648 4.9183433379537016 0.19086545355135701 -117.93888886665901 3.5000000000000004 1.0000000180025095e-35 -103.71190996626775 5.4839093567989901 2.5000000000000004 -112.5736353005495
decision_type=2 2 2 2 2 2 2 2 2 2 2 2 2 2 2 2 2 2 2 2 2 2 2 2 2 2 2 2 2 2 2 2 2 2 2 2 2 2 2 2 2 2 2 2 2 2 2 2 2 2 2 2 2 2 2 2 2 2 2 2 2 2
left_child=1 5 54 6 26 18 7 -4 -5 -8 11 13 -13 -11 15 -12 17 -17 19 20 -1 25 27 24 36 30 -2 -18 29 -15 31 -20 -33 -9 38 -36 -24 -38 -30 42 41 56 51 44 -44 -46 47 -47 -49 -48 -51 -6 61 -54 -3 -56 -41 58 -55 60 -60 -53
right_child=4 2 3 8 39 -7 9 33 -10 10 14 12 -14 28 -16 16 22 -19 21 -21 -22 -23 23 -25 -26 -27 -28 -29 34 -31 -32 32 -34 -35 35 -37 37 -39 -40 40 -42 -43 43 -45 45 46 49 48 -50 50 -52 52 53 57 55 -57 -58 -59 59 -61 -62 -63
leaf_value=-0.013030180765522851 0.0013950067236568899 0.021533029778711351 0.010569660063021076 0.013399069532124783 -0.00031831745927511559 -0.0039140715414326477 0.0036739323720608864 0.0066486560219131841 -0.0043845769963585411 -0.028139121306258646 -0.0079603748116661138 -0.033782427841249629 -0.0052586881650818719 0.013431365597061812 -0.019767259551740406 0.0021727926589594016 0.0028225538162223525 -0.023983801320816078 0.0010169560341712306 -0.0034325969922216143 0.012782613288267491 0.026560785806198653 -0.00040864931757609798 -0.01346481387667796 0.023247489442766986 -0.008104196626266812 -0.01651418964549356 -0.012368789045208627 0.024117633671883274 -0.013451847488345377 0.023630975782871246 0.02694266485219652 0.0029239252696612052 -0.01760903313755989 0.0072485727556988976 -0.025961712870069525 0.0041383714477730088 0.028134052739992244 0.0018538160085944191 -0.0074347139911019591 0.007185476405310978 -0.0028407482607728145 0.00072271629849727191 -0.0145055069497264 -0.0093035225215135128 0.020945520422537812 0.012337219135941199 0.010877218813495888 -0.0081979144375552149 -0.021926991125413527 0.0044530310482459156 -0.0054517440395656881 0.0072990355930181543 -0.027726316702473594 -0.007910746848386413 0.013039585425924953 -0.027167643808892795 -0.0032754210955821552 -0.030610330745112151 0.008208587355033126 -0.0068299762926557483 0.010439371115439949
leaf_weight=53 92 95 350 334 12591 218 609 50 103 51 307 84 80 53 66 81 443 71 169 298 407 113 135 50 132 58 198 101 50 241 104 87 69 65 118 54 60 50 69 57 102 201 3873 81 65 119 105 261 50 71 276 81 84 82 52 121 83 103 63 52 67 110
leaf_count=53 92 95 350 334 12591 218 609 50 103 51 307 84 80 53 66 81 443 71 169 298 407 113 135 50 132 58 198 101 50 241 104 87 69 65 118 54 60 50 69 57 102 201 3873 81 65 119 105 261 50 71 276 81 84 82 52 121 83 103 63 52 67 110
internal_value=-1.18818e-06 0.00265648 0.0011302 0.000359237 -0.000323621 0.00659968 -0.000790483 0.00619493 0.00920706 -0.00191038 -0.00339253 -0.00811023 -0.0199846 -0.00502172 -0.00086597 1.96009e-05 0.00220627 -0.010122 0.00828909 0.004592 0.00978672 0.0129443 0.00414456 0.00943204 0.0124963 0.00973692 -0.0108474 -1.54176e-05 -0.00296178 -0.00857645 0.0121622 0.00843102 0.0164053 -0.00709582 0.00272073 -0.00326771 0.00663293 0.0152007 0.0113314 -0.000158763 -0.00573654 -0.00961148 -2.2193e-05 0.00140841 0.00167879 0.00558403 0.00669048 0.0114738 0.00779403 0.00212471 -0.000992109 -0.000552099 -0.00512944 -0.00887158 0.0120399 0.0067331 -0.0192432 -0.0125825 -0.0161877 -0.0108658 -0.0185 0.00370691
internal_weight=24518 5651 4075 3807 18867 1576 3370 465 437 2905 2296 800 164 636 1496 1430 1123 152 1358 758 460 600 971 427 377 487 290 544 585 294 429 325 156 115 291 172 245 110 119 18577 443 341 18134 4901 4820 947 882 430 311 452 347 13233 642 451 268 173 140 367 264 182 130 191
internal_count=24518 5651 4075 3807 18867 1576 3370 465 437 2905 2296 800 164 636 1496 1430 1123 152 1358 758 460 600 971 427 377 487 290 544 585 294 429 325 156 115 291 172 245 110 119 18577 443 341 18134 4901 4820 947 882 430 311 452 347 13233 642 451 268 173 140 367 264 182 130 191
is_linear=0
shrinkage=0.03


Tree=94
num_leaves=63
num_cat=0
split_feature=20 14 1 7 7 7 11 1 9 8 1 11 1 20 5 8 19 9 1 20 6 4 1 7 4 0 5 6 20 20 11 9 0 0 9 4 20 20 0 4 11 0 19 0 0 1 11 5 0 11 19 9 0 6 16 20 7 1 0 16 16 16
split_gain=57.8302 32.7765 26.1497 26.457 23.7286 22.7326 26.4481 22.8477 25.63 22.3613 20.6117 19.1159 47.8945 38.6788 47.0667 28.8066 26.2443 31.1639 25.2002 32.8559 23.0652 21.3083 19.0823 18.0798 33.0834 18.9027 22.2424 28.9166 26.3307 30.2909 42.628 23.2783 22.3184 36.4857 32.9493 22.1506 19.3377 17.5847 17.5108 16.6679 37.2579 19.2065 15.7386 19.9372 15.6288 18.8083 18.2926 16.8958 16.417 15.1167 15.0336 18.7397 14.9809 19.0052 14.5339 17.9685 13.88 27.5734 36.2497 39.0524 41.115 35.4948
threshold=11.243684383646352 2.1286661276630032 114.11266110536951 -0.37426742897757842 0.20818256580453912 -0.34811207252147586 -89.447640053359635 1142.6428715872551 0.13828186878563112 0.37317227180739115 336.19218487518259 -99.677805244452983 363.5044877449306 0.99319722208100114 32.224978683628713 0.083713826176211384 2.5000000000000004 0.09334572154674349 947.5207500408286 2.7049843814447656 -0.13263448259777985 -0.38398253563826196 20.853479686455056 -0.37426742897757842 79.610692270359223 611.76870678736566 -31.731193889792575 -0.29543910940845292 72.96419909098681 42.72785331828576 -108.92721258366198 0.39649565991265884 541.59351240340266 455.39381939388358 0.45114818442390098 26.752107861482553 104.98593786548952 0.7349718554098551 532.96899781843956 -12.371441533010449 -104.50207164106548 323.10979622597557 4.5000000000000009 340.57813842573205 330.82366948889455 40.296462964727361 -106.84417462698998 14.413707642385452 475.18378138997554 -107.59023267533598 3.5000000000000004 0.22689877030944763 383.25290196884902 0.21346449131147163 1.0000000180025095e-35 8.3239899629552365 -0.2173754654462394 837.13169250595308 329.14680418113755 2.6588631469711146 8.6391573781623894 6.6340276775598683
decision_type=8 2 2 2 2 2 2 2 2 2 2 2 2 8 2 2 2 2 2 8 2 2 2 2 2 2 2 2 10 10 2 2 2 2 2 2 8 8 2 2 2 2 2 2 2 2 2 2 2 2 2 2 2 2 2 8 2 2 2 2 2 2
left_child=2 23 22 10 -3 -5 7 11 -9 -8 -4 13 20 14 15 -7 18 -18 19 38 -13 -17 -1 24 25 26 27 -2 29 -28 -31 36 33 42 -35 -27 -30 -14 49 41 -41 -29 43 -33 -24 -46 47 -47 -48 -15 51 -19 -32 -54 55 -52 57 58 -25 -60 61 -61
right_child=1 4 3 5 -6 6 9 8 -10 -11 -12 12 37 16 -16 21 17 50 -20 -21 -22 -23 44 56 -26 35 28 39 31 30 52 32 -34 34 -36 -37 -38 -39 -40 40 -42 -43 -44 -45 45 46 48 -49 -50 -51 54 -53 53 -55 -56 -57 -58 -59 59 60 -62 -63
leaf_value=0.0092651843557675223 -0.023187358461577316 0.0047808053991239925 0.024424165283452787 -0.014114202735945582 0.029084672558036716 0.011199713905897133 0.018620719307271594 0.031560346354501986 0.0049656787951444757 -0.0022504584050019741 0.0079783020468195895 -0.0017323021300964885 0.014265486398034054 0.0057182885217480356 0.014678553636470923 -0.030105212748619829 -0.010455491257126668 0.01079630129681579 -0.0037744144546358206 0.033768737703780916 -0.026872161774542824 -0.0087923760209601409 0.0066826433876858039 0.0077509301225314672 -0.021227156018509583 0.0010050029330886901 0.00025981108404293254 -0.010396226772751945 0.006407488918759756 -0.029352303137769924 0.0053989034191134471 0.0060750806173775346 0.020959468621598639 -0.023469524593996021 0.0085817259725402394 -0.017647415771692369 -0.017673256567076724 -0.0024054803140461443 -0.0017026873509166762 -0.025436184065043926 0.0038667369560088688 0.012611567280678587 -0.0026605730255444843 0.023016584124928765 -0.020534578659512762 -0.0026887253189003483 0.011914719886201268 -0.025366849612225503 -0.0094959291708297464 0.026799849979108049 -0.002017986144392042 -0.012837895358513509 -0.015771347076147794 0.006016440584379083 0.018395942789363438 0.019430690341306706 -0.00054044943056417571 -0.0086905669327401978 0.0016079115078891635 -0.0097211166446213599 0.0093092212698154021 -0.040672113726956442
leaf_weight=108 86 107 105 58 54 51 197 52 86 60 199 53 100 55 97 53 110 57 56 84 86 201 84 813 84 95 924 51 53 79 92 149 91 66 50 143 67 130 63 74 81 87 71 108 78 71 84 50 51 70 108 62 124 50 133 51 15355 219 2149 99 58 50
leaf_count=108 86 107 105 58 54 51 197 52 86 60 199 53 100 55 97 53 110 57 56 84 86 201 84 813 84 95 924 51 53 79 92 149 91 66 50 143 67 130 63 74 81 87 71 108 78 71 84 50 51 70 108 62 124 50 133 51 15355 219 2149 99 58 50
internal_value=6.11968e-05 -0.000381694 0.0041283 0.00546729 0.0130616 0.00425101 0.00478637 0.00346771 0.0151418 0.0137582 0.0137201 0.00246452 -0.00352899 0.0042338 -0.00342645 -0.00921358 0.00786067 0.00366347 0.0144962 0.0182578 -0.0173673 -0.0133402 -0.00192151 -0.000483591 -0.00281489 -0.00219811 -0.00136409 -0.00799665 -5.40927e-05 -0.00257507 -0.0101464 0.00482654 0.00750371 0.00470499 -0.00969906 -0.0102291 -0.00707254 0.00487314 0.0111854 -0.00347424 -0.0101964 0.00409507 0.0098131 0.0132561 -0.00482707 -0.00773303 -0.00376784 -0.012191 0.0038159 0.017643 0.00745847 -0.00152168 -0.00435386 -0.00951189 0.0111109 0.00494022 -0.000156954 0.00158076 0.0022931 0.00040724 -0.0120055 -0.0203093
internal_weight=24432 21529 2903 2377 161 2073 2015 1758 138 257 304 1620 369 1251 402 305 849 521 328 272 139 254 526 21368 2625 2541 2303 379 1924 1269 345 655 535 444 116 238 120 230 188 293 155 138 328 257 418 334 256 121 135 125 411 119 266 174 292 159 18743 3388 3169 2356 207 149
internal_count=24432 21529 2903 2377 161 2073 2015 1758 138 257 304 1620 369 1251 402 305 849 521 328 272 139 254 526 21368 2625 2541 2303 379 1924 1269 345 655 535 444 116 238 120 230 188 293 155 138 328 257 418 334 256 121 135 125 411 119 266 174 292 159 18743 3388 3169 2356 207 149
is_linear=0
shrinkage=0.03


Tree=95
num_leaves=63
num_cat=0
split_feature=16 12 1 3 12 1 6 7 6 8 0 12 15 15 15 0 0 1 9 7 15 13 3 9 3 0 1 8 9 0 9 8 9 9 17 10 6 0 11 7 11 1 15 3 0 1 6 17 15 0 13 15 16 8 12 1 12 9 11 7 0 3
split_gain=21.8446 20.6357 14.6804 25.324 47.1153 31.7184 33.2734 26.5773 19.0975 33.1141 27.4454 25.5311 20.904 29.3261 26.9608 24.9594 28.9172 24.9453 22.872 20.2308 40.1209 26.6762 23.777 19.2228 18.0097 24.3176 28.4425 24.7279 26.5165 33.0633 42.993 26.7909 22.6729 39.8078 21.6578 22.7436 19.9943 19.6934 19.5593 19.8525 19.3024 18.5419 17.9959 22.3534 50.5462 24.7593 17.929 28.6003 18.3927 46.4826 40.8427 33.3323 24.3859 25.9051 24.1658 20.5723 20.3363 18.2885 17.6959 16.9414 26.6144 19.2875
threshold=11.666920171113992 -99.782206255781233 316.55721303296406 50.807212978079811 -93.287250154809769 15.043486661636253 0.18892496568109432 -0.41850624127896369 0.11191684816561244 0.23098423916020441 209.88630218065003 -73.177431428032421 4.9800704829392021e-09 3.775628704194183e-09 7.0187890875572345e-09 363.90475148911202 422.04402527346252 626.44561965476407 0.24667592122678264 -0.1995460595273286 7.9409338805090669e-23 44.291108416770754 13.634954221758102 0.48868088517266367 30.62864566117015 559.01692137798307 366.68566761337007 0.47900281364268521 0.091469123674043043 478.27416669850356 0.28139640304518859 0.071293583550080322 0.2043772350163309 0.33579847937934476 2.7549166506590708 4.5000000000000009 -0.031300104639649044 458.56302180646952 -99.799166242691385 0.23912035427743564 -74.734908543044284 563.58210457948064 2.1481977000317193e-08 47.041926700479507 329.14680418113755 612.48579760803864 0.22883223818491419 2.3860621640770798 5.8167939457339324e-09 283.23485358280055 22.945467319542555 4.369792728886538e-09 1.0305959579886638e-06 0.24285474406199151 -103.28685569119951 79.612019521457214 -114.72152498893956 0.21196941907997427 -115.52025001487499 -0.077390912044377189 375.00972806679005 65.899141065777769
decision_type=2 2 2 2 2 2 2 2 2 2 2 2 2 2 2 2 2 2 2 2 2 2 2 2 2 2 2 2 2 2 2 2 2 2 2 2 2 2 2 2 2 2 2 2 2 2 2 2 2 2 2 2 2 2 2 2 2 2 2 2 2 2
left_child=2 -2 3 46 5 -5 7 -7 24 10 -10 23 13 15 -14 -12 18 -16 -17 -18 22 -22 -21 42 34 26 -26 28 37 31 -31 36 41 -34 35 -4 -30 -28 -33 -40 -37 -27 43 -11 -45 -46 -1 48 51 -50 54 52 53 -48 -51 -54 -55 -49 -35 -9 61 -61
right_child=1 -3 8 4 -6 6 -8 59 9 11 12 -13 14 -15 17 16 19 -19 -20 20 21 -23 -24 -25 25 32 27 -29 29 30 -32 38 33 58 -36 40 -38 -39 39 -41 -42 -43 -44 44 45 -47 47 57 49 50 -52 -53 55 56 -56 -57 -58 -59 -60 60 -62 -63
leaf_value=-0.0019575349132614842 0.0096576772553515888 -0.0086571379130906609 0.0025134471460508123 0.016532686770535727 0.030247920607258991 -0.015174333366458532 -0.0068579673189378808 0.011080232678730154 0.011675237712417063 0.0020040625600325924 0.0024963386146739444 -0.01728045633790316 -0.030063399513778479 0.017051010436632416 -0.017950521826019715 -0.0083224967814471938 0.0024123588089675139 0.0074786646927317568 -0.03406696450518211 0.013438132589328147 -0.011883671967169412 -0.040095415614983615 -0.0079184330570126835 -0.014925553393259178 0.0072860602123920775 -0.00079406476630405952 -0.017777814943235302 -0.023780541006061764 -0.021580270136764737 0.0045399310010214959 -0.021971530902254229 0.008114005288642475 -0.01435298124437823 0.024018871781925827 -0.010654178380434002 0.014530057147229936 -0.0017097528662197875 0.00015483766863633126 -0.0096907816795261757 0.0098607980968876616 -0.0045907873174933301 0.020202898560535341 0.01546394847153899 0.013660827039034458 -0.03335818503051996 -0.0051226814384930409 0.015558884532348645 -0.00245829987171732 -0.030669460615350141 0.0015143238623591669 -0.014179332755590067 0.015846432638432727 0.0026775727110604445 0.014097200615905992 0.024657788599366678 -0.018362387354937521 0.00070761844566879064 -0.026341736800968647 0.0015324791332211674 0.0021027563348235117 0.01473113841249035 -0.013701605331734753
leaf_weight=9014 348 65 3852 120 54 60 383 290 83 2456 256 67 68 54 80 62 190 60 63 62 77 50 183 63 240 54 167 53 63 92 135 450 101 52 104 252 159 82 136 70 58 125 82 57 62 51 120 60 53 186 132 148 71 106 51 100 2228 55 78 251 108 95
leaf_count=9014 348 65 3852 120 54 60 383 290 83 2456 256 67 68 54 80 62 190 60 63 62 77 50 183 63 240 54 167 53 63 92 135 450 101 52 104 252 159 82 136 70 58 125 82 57 62 51 120 60 53 186 132 148 71 106 51 100 2228 55 78 251 108 95
internal_value=3.19253e-05 0.00676125 -0.000188778 -0.000835284 0.00304668 0.00190057 0.00040866 0.00387447 0.000657946 -0.00092962 -0.00491707 0.000881143 -0.00606868 -0.00425517 -0.0146994 -0.00549202 -0.00846806 -0.00707655 -0.0214651 -0.00554427 -0.0096037 -0.0232171 -0.00248126 0.00132635 0.00169388 -0.000611658 -0.00223953 -0.00386839 -0.00307198 -0.00107479 -0.011254 0.00156678 0.00591716 -0.000301457 0.00280545 0.00314426 -0.00742017 -0.0118953 0.00461476 -0.0030315 0.0109494 0.0138994 0.00170981 0.0012746 -0.00921414 -0.0207714 -0.0012642 0.00062395 0.00115488 -0.00467286 -0.000866129 0.00204312 0.00125914 0.00202375 0.00657724 -0.00966172 0.00132149 -0.0140094 0.0106417 0.00542897 0.00180271 -0.00226357
internal_weight=24547 413 24134 13685 1361 1307 1187 804 10449 4126 1288 2838 1205 997 208 943 687 140 125 562 372 127 245 2771 6323 2057 1647 1407 1354 1105 227 878 410 231 4266 4162 222 249 656 206 310 179 2708 2626 170 113 12324 3310 3195 422 369 2773 2625 2454 237 171 2334 115 130 744 454 346
internal_count=24547 413 24134 13685 1361 1307 1187 804 10449 4126 1288 2838 1205 997 208 943 687 140 125 562 372 127 245 2771 6323 2057 1647 1407 1354 1105 227 878 410 231 4266 4162 222 249 656 206 310 179 2708 2626 170 113 12324 3310 3195 422 369 2773 2625 2454 237 171 2334 115 130 744 454 346
is_linear=0
shrinkage=0.03


Tree=96
num_leaves=63
num_cat=0
split_feature=20 21 20 20 19 11 3 8 13 9 3 1 1 20 13 21 13 21 20 11 20 13 8 0 0 3 21 6 6 9 0 5 5 19 8 8 3 11 0 9 6 0 21 1 11 5 20 9 6 9 9 0 8 9 21 3 1 5 9 11 1 1
split_gain=76.5592 30.4708 47.8847 38.1627 116.857 24.7876 22.8149 22.0143 23.4762 20.5531 20.6472 25.121 20.9072 28.8362 20.0511 18.8555 38.2647 28.3102 32.5415 23.1666 27.6628 25.1057 43.5949 36.1968 20.7311 27.7071 24.1122 20.2145 19.8421 19.4682 18.4084 34.4559 17.9375 17.8531 23.0378 25.8555 29.4008 26.7392 33.8506 22.8148 17.7096 20.8304 17.6496 16.813 16.6506 16.4944 16.3369 16.2145 15.7454 15.7242 15.9323 15.2119 20.7801 15.4749 15.0301 37.1063 33.5972 34.5907 31.3283 29.898 53.0628 35.6605
threshold=0.35968814765788604 0.87045578646147159 16.267337256559554 7.1263426434096706 2.5000000000000004 -87.39238786151823 28.482632637256003 0.06142278815904146 38.476500636829996 0.015970188816422318 37.612520103678506 76.546677202459776 587.48004771452008 78.526857014363813 -3.5216215127893089 0.16606176382265053 24.928813636336304 0.26033745762689259 104.09204080522402 -110.51906731357398 44.143457404289713 25.0306518294129 0.096426403613294479 543.28388406387 466.87115725032606 15.775395922358301 0.62229607951379362 -0.10377335406756892 0.38595715110935297 0.26100076732728722 481.57237785965953 -5.7593772579131484 -15.595919771082949 2.5000000000000004 0.14298185245660092 0.19086545355135701 18.775289639545655 -103.73128094062848 521.0348211381181 0.19851509948148663 0.28396365229315818 308.69491785584955 0.79953813055806056 375.89987449959659 -104.60191666818399 21.347011731139453 95.398145010945768 0.22321165353945907 0.15841530280183494 0.31375363882137669 0.14400264517487885 79.894059463513273 0.28500407836924874 0.2385900801779979 1.0327450839717303 40.816609482854957 51.814614458191556 39.008641655498955 0.31375363882137669 -96.193187986637597 739.09065577657464 27.826067356312354
decision_type=8 8 8 8 2 2 2 2 2 2 2 2 2 8 2 8 2 8 8 2 8 2 2 2 2 2 8 2 2 2 2 2 2 2 2 2 2 2 2 2 2 2 8 2 2 2 8 2 2 2 2 2 2 2 10 2 2 2 2 2 2 2
left_child=7 2 3 5 -5 33 44 -1 -9 -4 15 -12 49 -14 -3 16 -11 18 47 42 24 22 -22 40 26 -26 -21 -18 29 32 -31 -32 43 34 39 -36 -37 38 -38 -2 41 -24 -19 -23 -6 -10 -34 -17 -27 50 -13 52 53 -16 55 59 -57 -58 -59 -53 61 -61
right_child=1 14 9 4 6 -7 -8 8 45 10 11 12 13 -15 51 17 27 19 -20 20 21 28 23 -25 25 48 -28 -29 -30 30 31 -33 46 -35 35 36 37 -39 -40 -41 -42 -43 -44 -45 -46 -47 -48 -49 -50 -51 -52 54 -54 -55 -56 56 57 58 -60 60 -62 -63
leaf_value=0.02602718802687614 -0.015585595718067554 0.013247997440782417 -0.014581101841531784 0.05266871202078003 -0.014716303281767188 0.024843134700657923 0.021780253103112473 0.015343025234090483 -0.0012636532869306394 0.029077682052704213 -0.022409329850452193 0.0090159032980145354 -0.022144698018829026 0.0020548828022385183 -0.012869955666104389 -0.0081701004257875263 0.01398391825894482 0.0062014820056661736 0.0083214652880348929 -0.024939991876758126 0.018592094635103074 -0.02165199433690158 -0.0064357516728341573 0.012621646157042546 -0.012846664393054588 0.013375435624537723 -0.0024368332689080167 -0.006589815704659982 0.019171837767340487 0.015669749992038001 -0.015149909412721171 0.014069324730496321 -0.0023738542777617406 -0.0080606900559117393 0.027876840767107513 0.019939676815923301 0.019352536069927737 -0.014204092241921706 -0.0060626802064718734 0.0056120611775134291 -0.00069932477711699909 -0.029013800042035479 0.02523699715601737 0.0019572512454846328 0.008104724257829642 0.015507067831918983 0.013554199306245305 -0.030801200157315547 -0.0054978835093037739 0.012099436467247348 -0.010460216425474464 0.00029516377273536553 -0.022240584475387421 0.0089726437554030567 -0.00015632761585534439 0.0036068365755764875 -0.007387611233543671 -0.011530965661297419 -0.042779926000272521 -0.019888420198728548 -0.029470989495319753 -0.0015937064557930026
leaf_weight=72 80 91 81 64 52 50 50 240 224 66 63 61 89 87 55 57 75 261 54 87 62 58 62 54 104 111 84 98 90 186 63 83 148 107 56 99 95 75 92 104 59 92 52 50 62 68 94 58 61 104 96 3988 69 60 13637 203 668 69 50 106 75 926
leaf_count=72 80 91 81 64 52 50 50 240 224 66 63 61 89 87 55 57 75 261 54 87 62 58 62 54 104 111 84 98 90 186 63 83 148 107 56 99 95 75 92 104 59 92 52 50 62 68 94 58 61 104 96 3988 69 60 13637 203 668 69 50 106 75 926
internal_value=-1.66489e-05 -0.000255568 0.00219325 0.00788817 0.018624 0.00463864 0.00509955 0.0105509 0.00841151 0.000220927 0.00065903 -0.0048535 -0.00227719 -0.0102384 -0.000725407 0.00187538 0.00982746 0.000934774 -0.010785 0.00200429 0.000496858 0.00305191 -0.0038794 -0.00914741 -0.00578922 -0.000692129 -0.0139642 0.00235854 0.00600699 0.00424417 0.00943685 0.00144374 -0.000694311 0.00317874 0.00518984 0.00908481 0.00610075 0.000815601 0.00688305 -0.00363874 -0.0146995 -0.0200241 0.00943423 -0.0108041 -0.00234232 0.00268145 0.00384339 -0.0197512 0.0066889 0.00310987 -0.00288389 -0.000789948 -0.00935258 -0.00149471 -0.000709591 -0.00194927 -0.00726081 -0.010065 -0.0249079 -0.000915976 -0.00527547 -0.00349025
internal_weight=24437 23833 3836 986 228 758 164 604 532 2850 2769 500 437 176 19997 2269 239 2030 169 1861 1548 1101 329 267 447 276 171 173 772 682 332 146 350 708 601 417 361 262 187 184 213 154 313 108 114 292 242 115 172 261 157 19906 184 115 19722 6085 990 787 119 5095 1107 1032
internal_count=24437 23833 3836 986 228 758 164 604 532 2850 2769 500 437 176 19997 2269 239 2030 169 1861 1548 1101 329 267 447 276 171 173 772 682 332 146 350 708 601 417 361 262 187 184 213 154 313 108 114 292 242 115 172 261 157 19906 184 115 19722 6085 990 787 119 5095 1107 1032
is_linear=0
shrinkage=0.03


Tree=97
num_leaves=63
num_cat=0
split_feature=16 7 7 7 10 11 1 19 11 13 13 16 16 2 2 6 5 11 17 6 13 15 6 2 13 13 13 15 2 1 6 17 15 16 7 11 17 2 3 19 6 5 3 6 15 11 6 5 11 19 3 5 7 7 19 11 2 11 11 10 1 15
split_gain=24.0183 23.2895 18.5707 17.3055 24.561 72.2084 43.7676 41.37 33.6179 26.3461 21.7977 18.1443 20.1583 17.769 32.2183 21.2712 17.1671 17.5957 24.5031 16.9547 25.6977 16.7961 30.2456 39.2415 16.4361 20.6829 16.3609 20.5997 19.0784 28.388 16.088 17.1276 30.5697 16.6977 16.4862 15.6827 17.5488 15.6372 19.5005 19.4267 22.5119 15.5286 15.1477 17.123 17.7053 16.5756 14.7979 36.4143 14.6578 14.6134 14.7689 14.588 14.5375 26.4417 22.3804 14.6304 14.1887 15.0059 13.7324 13.6657 35.3205 28.3007
threshold=10.137992316028393 0.33411417622893064 0.43310341791400547 0.27246464047947333 3.5000000000000004 -99.070750354720346 215.27735170372154 3.5000000000000004 -89.026714179096174 23.202036890821194 19.00981396144774 6.6340276775598683 2.2606425080792785 4.953129244218351 4.79361020996474 0.29956514375224053 -45.82708943004139 -105.82031922230799 1.0000000180025095e-35 0.12768705078706691 22.528920073423865 3.5591445381967481e-09 0.08632417071821942 5.5194819963875519 18.391498242888932 18.035587566945633 24.928813636336304 1.5323495740249746e-09 5.4770369579859102 659.90267568991055 0.30423522383772733 4.4826494745403869 4.184171523933081e-08 53.721818657544212 0.039070690788689084 -118.58850547487899 3.1845254867889063 5.5791178674734718 22.701691292756703 2.5000000000000004 -0.027509172414899249 42.06986006599616 52.51979483358091 0.26492599715247206 7.7570011021334989e-09 -111.70004647075699 0.21346449131147163 1.8870379913629007 -118.58850547487899 3.5000000000000004 32.990988982110707 12.199533607587954 0.29196967991610828 0.32153431878790611 2.5000000000000004 -109.01385142244349 5.6989991899800918 -110.72425812080199 -103.88742417018948 3.5000000000000004 114.11266110536951 4.6508902482802745e-09
decision_type=2 2 2 2 2 2 2 2 2 2 2 2 2 2 2 2 2 2 2 2 2 2 2 2 2 2 2 2 2 2 2 2 2 2 2 2 2 2 2 2 2 2 2 2 2 2 2 2 2 2 2 2 2 2 2 2 2 2 2 2 2 2
left_child=2 30 3 10 11 6 7 -6 -7 -9 13 12 16 14 15 41 49 42 26 48 -21 -8 23 -23 25 35 -19 28 58 37 31 32 34 -33 -2 -15 -37 38 -30 -39 -41 51 43 44 52 -45 47 -22 -4 50 -5 -1 -18 55 56 -54 57 -55 -28 61 -61 -12
right_child=1 -3 19 4 5 8 21 9 -10 -11 59 -13 -14 24 -16 -17 17 18 -20 20 46 22 -24 -25 -26 -27 27 -29 29 -31 -32 33 -34 -35 -36 36 -38 39 -40 40 -42 -43 -44 45 -46 -47 -48 -49 -50 -51 -52 -53 53 54 -56 -57 -58 -59 -60 60 -62 -63
leaf_value=0.014451301469362359 0.016697103343266129 0.019366483603585134 -0.0099728888166802261 -0.028872828478103175 -0.037182151555828748 0.023871879520848755 0.0054429832090633909 0.0026823208835862933 -0.0044887014348059884 -0.025408110311576002 -0.0003070781396584182 -0.014804896881673918 0.013076796786460492 -0.0035884499042294917 -0.015141538189843708 -0.012747377176554157 0.011146238681241091 -0.017735692930902956 0.00420611215890173 -0.016153746171687008 -0.024015471253803638 -0.031182417485232958 0.0049026531326618588 -7.9204684839798853e-05 0.017798661000150089 -0.010977810406640394 0.0092945138805556448 0.01431219586323608 -0.011137839148697608 0.0091853374432204135 -0.0082261088201671505 0.022005028414443649 -0.019676560020109393 0.0035764115986049822 -0.0054490791375820446 0.011453450326609891 -0.0046764213972104087 -0.018918848323604364 -0.035744644947490599 0.01473759397645207 -0.011713669984531935 0.022731404898442189 -0.0082672040556743109 -0.0026875563495559617 0.017775464132428167 0.015233337920126988 0.0039124481168908692 0.010370602327234604 0.005800487134529987 0.0015375118235410269 -0.0065909820365703713 -0.0044387418096337242 -0.021013582316892484 0.0034129613802275239 0.0076591004494291088 -0.0017699057165355908 0.0074025528172129082 -0.016435407693497835 -0.0032360320657841553 -0.004725866391798751 0.00383254165000361 -0.0048870643951253899
leaf_weight=64 72 97 55 50 99 81 90 62 69 57 13739 85 90 109 108 51 90 78 372 88 60 84 81 64 101 66 87 54 67 58 88 86 52 91 51 399 71 88 52 50 66 52 110 63 53 173 410 50 1033 58 58 84 83 50 259 62 56 106 747 573 1779 1331
leaf_count=64 72 97 55 50 99 81 90 62 69 57 13739 85 90 109 108 51 90 78 372 88 60 84 81 64 101 66 87 54 67 58 88 86 52 91 51 399 71 88 52 50 66 52 110 63 53 173 410 50 1033 58 58 84 83 50 259 62 56 106 747 573 1779 1331
internal_value=-2.48005e-06 0.00613743 -0.000271714 -0.00050113 -0.00233043 -0.00746793 -0.0126045 -0.0229356 0.0108827 -0.0108724 -0.000120689 -0.00121327 -0.000833497 0.0039633 -0.00151801 0.00438072 -0.00125643 -0.000703478 -0.0026015 0.00275398 -0.00125732 -0.00549476 -0.00979842 -0.0178232 0.0065996 0.00482111 -0.00448328 -0.00365539 -0.00446506 -0.010018 0.00318372 0.00605141 -0.00060978 0.0126037 0.00754465 0.00663784 0.00901205 -0.013484 -0.0220987 -0.00837549 -0.000283749 0.00879008 0.00224888 0.00341859 0.00121884 0.0104582 0.00128978 -0.00843282 0.00499469 -0.0106028 -0.0170769 0.00377209 -4.74586e-05 -0.00169832 0.0017559 -0.0128537 -0.00545813 -0.0100925 -0.00191932 -0.000379932 0.0017464 -0.000711885
internal_weight=24612 537 24075 22379 3852 687 537 218 150 119 18527 3165 3080 1105 359 251 2990 2824 1719 1696 608 319 229 148 746 645 1347 1269 1215 381 440 352 175 177 123 579 470 323 119 204 116 200 1105 995 759 236 520 110 1088 166 108 148 706 616 471 145 212 156 834 17422 2352 15070
internal_count=24612 537 24075 22379 3852 687 537 218 150 119 18527 3165 3080 1105 359 251 2990 2824 1719 1696 608 319 229 148 746 645 1347 1269 1215 381 440 352 175 177 123 579 470 323 119 204 116 200 1105 995 759 236 520 110 1088 166 108 148 706 616 471 145 212 156 834 17422 2352 15070
is_linear=0
shrinkage=0.03


Tree=98
num_leaves=63
num_cat=0
split_feature=20 7 20 0 1 1 1 15 15 15 21 6 6 7 3 15 16 7 21 18 3 6 21 1 20 5 20 7 6 1 7 12 20 20 6 3 2 7 7 4 7 4 6 2 2 21 15 1 21 12 7 2 21 1 3 21 3 5 3 6 20 4
split_gain=26.77 34.7713 22.8225 41.2502 22.6813 29.59 27.4779 38.7219 35.9574 26.1262 24.8314 21.708 54.2298 21.3918 20.8779 30.0416 30.5928 37.9767 25.0852 24.893 24.8716 28.9093 21.4171 20.9829 30.1448 36.6522 47.8877 65.8582 45.3147 29.4979 26.0355 45.4546 34.7597 25.454 25.0294 29.0917 29.1464 22.8578 23.8047 19.9316 19.5753 19.5344 19.3922 18.4287 27.6501 25.4259 24.3327 19.1151 18.33 18.1519 18.0768 18.0026 30.5509 24.6337 58.0053 40.0315 38.7808 27.8888 37.1398 23.066 42.2276 56.6018
threshold=11.243684383646352 -0.38642952479959986 12.347912724316052 423.68029790605505 647.04402261877658 536.58186418470802 363.5044877449306 5.9340961446270513e-09 1.6340187480266704e-08 7.9409338805090669e-23 0.0023731366481001153 0.18127009462718305 -0.19137314013611115 -0.0039529303690635223 18.352755906325704 7.5502300876422502e-08 5.7318128810856646 0.24784144633146712 5.9050082110435458 4.4533416714537558e-07 8.8261916303099017 0.057920009095933984 0.10778985921110752 84.718117099031716 67.002938140146924 -5.1244544751674495 86.063342041033721 0.011581815072471803 -0.027509172414899249 99.039274249284219 0.3181480918240141 -108.72276643810595 49.484152154264407 52.468484681583156 -0.36671210619032774 62.382444035073206 5.7150619125803912 -0.19115992804910051 -0.013410649569713494 83.569806059736209 -0.310995865296187 37.747871392291906 0.42125034317557836 5.2647372739416864 5.318077129790777 2.4514814426379603 1.0552450001778073e-08 72.85339488430121 0.014996265382266002 -80.550508686743839 0.40980048384558038 5.318077129790777 0.26033745762689259 257.81172220839352 34.375544298931807 3.2092721665376653 44.121349054453155 33.580971728510058 33.401928627396508 -0.050072129576258277 27.068222689366653 36.156958227589961
decision_type=8 2 8 2 2 2 2 2 2 2 8 2 2 2 2 2 2 2 10 2 2 2 8 2 8 2 8 2 2 2 2 2 10 8 2 2 2 2 2 2 2 2 2 2 2 10 2 2 8 2 2 2 8 2 2 10 2 2 2 2 8 2
left_child=1 -1 3 -2 5 6 8 9 -3 13 -6 12 -7 -8 15 16 18 20 22 -17 41 -22 -4 24 33 26 27 -26 37 30 31 32 -25 -16 -27 36 43 -28 -39 51 -33 -18 -30 46 -45 -46 47 -36 -12 -50 -24 52 -31 54 55 57 -56 58 -53 -55 61 -61
right_child=2 4 14 -5 10 11 7 -9 -10 -11 48 -13 -14 -15 23 19 17 -19 -20 -21 21 -23 50 29 25 34 28 -29 42 39 -32 40 -34 -35 35 -37 -38 38 -40 -41 -42 -43 -44 44 45 -47 -48 -49 49 -51 -52 53 -54 59 56 -57 -58 -59 -60 60 -62 -63
leaf_value=0.012315315652677719 -0.029750063887582376 0.00031833529843384561 0.016531814650668473 0.0013188756214160668 -0.0087172165752241477 -0.025699463733922567 0.0005338015910927896 0.027441045478672571 -0.021435635917347998 -0.0065246569619260052 0.018077098542451858 -0.02817494903855464 0.012465486351451643 0.022479535001562904 0.0042276657443322194 0.014515477955707762 -0.0058339471785494919 -0.026113629570463672 -0.015518621852029565 -0.0092313088191782727 -0.0018964242218778684 -0.02841618097697695 -0.0015157979236929066 -0.036121367668965829 -0.00032354505003863714 0.014544590592703648 0.0023005672080272975 -0.041816550080071797 0.0078745887698458208 -0.013412711397403335 -0.023629551829868242 -0.011729819978464324 -0.0044377788897448532 0.014665172718884935 -0.005579918981904396 -0.019159704989029303 -0.010260265082030033 -0.028140192652415286 -0.0077135754344653485 -0.0084588575465204489 0.009237162957645274 0.016091819803999818 -0.011516178694536101 0.026946193356724345 0.009484298379431674 -0.010395278936737905 0.018626579524655091 0.014022867966373011 0.0040528104109441776 0.022539582692552358 0.0039609346514793507 -0.0032075577710517947 0.0025447531835502838 0.003523664399161346 0.0084842874570232301 -0.027042338290666958 -0.0070777666461086129 -0.025639230048252363 -0.026715931286889826 -0.027190960109448405 0.00020961828366877538 0.0052755477158697665
leaf_weight=321 64 1081 62 94 94 61 80 75 72 131 124 50 72 79 922 182 77 95 106 50 90 62 6248 55 72 174 109 65 378 110 75 52 71 272 288 53 122 75 162 223 164 68 52 67 363 68 56 52 605 51 593 1112 3990 1708 485 82 204 58 63 120 1920 80
leaf_count=321 64 1081 62 94 94 61 80 75 72 131 124 50 72 79 922 182 77 95 106 50 90 62 6248 55 72 174 109 65 378 110 75 52 71 272 288 53 122 75 162 223 164 68 52 67 363 68 56 52 605 51 593 1112 3990 1708 485 82 204 58 63 120 1920 80
internal_value=4.14029e-05 0.00302047 -4.97368e-05 -0.011374 0.00185744 -0.000161461 0.00121495 0.00837668 -0.00105751 0.00336889 0.00578236 -0.0115234 -0.0050999 0.01151 3.37946e-05 -0.00122705 -0.00156077 -0.00970589 -0.00110391 0.00937998 -0.00438761 -0.0128287 -0.000880348 0.000725115 0.00279372 0.000675032 -0.00388655 -0.0201704 -0.000989438 6.94219e-05 -0.00774094 -0.00419786 -0.0184434 0.00661567 0.004026 0.00230191 0.0034392 -0.00905736 -0.0142688 0.000390873 0.00415876 0.00448827 0.00550838 0.00531808 0.00915301 0.00633104 0.00048446 -0.00254951 0.00753867 0.00552216 -0.00104055 0.000590405 0.00211346 -0.000480509 -0.00317438 -0.00686707 0.00387307 -0.00550449 -0.00448965 0.000930225 -0.00115988 -0.0142427
internal_weight=24609 2896 21713 158 2575 1701 1518 365 1153 290 874 183 133 159 21555 7633 7401 392 7009 232 297 152 6903 13922 3350 2156 913 137 776 10572 417 342 126 1194 1243 1069 1016 346 237 10155 216 145 430 894 498 431 396 340 780 656 6841 9932 4100 5832 2004 1315 689 1233 1175 3828 2120 200
internal_count=24609 2896 21713 158 2575 1701 1518 365 1153 290 874 183 133 159 21555 7633 7401 392 7009 232 297 152 6903 13922 3350 2156 913 137 776 10572 417 342 126 1194 1243 1069 1016 346 237 10155 216 145 430 894 498 431 396 340 780 656 6841 9932 4100 5832 2004 1315 689 1233 1175 3828 2120 200
is_linear=0
shrinkage=0.03


Tree=99
num_leaves=63
num_cat=0
split_feature=21 16 7 5 11 16 6 6 9 21 21 0 1 21 15 17 11 1 4 6 21 4 4 15 4 5 6 5 15 16 11 16 0 21 11 1 1 9 9 0 11 5 6 9 17 9 9 9 12 15 6 1 1 1 9 6 9 21 9 4 5 0
split_gain=37.1282 22.2499 18.405 38.4803 22.945 20.3281 25.7571 32.2123 42.6989 32.4721 28.0432 40.8258 23.6317 24.1988 21.0256 36.2869 56.7374 22.2937 28.3837 26.1742 25.2441 35.5546 48.9631 25.1115 23.2534 37.5395 36.0204 22.5558 21.8003 32.249 18.4686 21.8042 20.6763 18.4616 18.1013 28.4938 19.0014 26.5659 55.9599 25.3636 31.1319 20.6316 18.099 22.3094 21.6013 21.8551 23.124 24.6993 19.5292 30.9084 29.7632 36.6066 23.4257 25.1957 40.9699 22.7983 22.1826 35.4517 20.9266 20.8683 20.2851 26.9115
threshold=0.77329550501624056 17.68244621507942 -0.30372896947743783 45.111184883117907 -113.16335250401099 1.0000000180025095e-35 -0.41770968887551957 -0.23557080605988642 0.44325212931327523 1.6459077696899003 1.3992072946133203 310.89938261630806 399.26724342851355 2.6626254411495451 6.6556421849825602e-09 0.8151260854551613 -111.94703683586199 626.44561965476407 -1.7816072927023348 -0.076206396317323608 3.8352823710386104 -14.915794668988598 -7.6318132869812194 6.0989712737196552e-09 4.4822833886649454 5.5184177968844006 0.22127207018432851 -28.400501526836091 1.1639248224511225e-08 1.0305959579886638e-06 -106.073200381419 7.3231204322789241 531.3455777159071 2.6626254411495451 -111.34450672070598 171.75696985459803 147.24697969140354 0.29498689452751142 0.16936441400232563 538.52919902545557 -104.06354007439749 11.528421728381902 -0.36265298362233306 0.49430726486706172 2.1316282072803015e-14 0.34525564479347276 0.40627827195949767 0.45695018054075748 -93.717408068827737 5.9885568333170112e-09 -0.24372450841603663 433.45230810734159 86.711579592112955 112.22693434013551 0.37442861025320978 -0.038680715377330081 0.39269942108824579 1.1036658781512252 0.4809281544220681 -14.0324097533468 36.385758135102158 511.22692006211508
decision_type=8 2 2 2 2 2 2 2 2 8 8 2 2 8 2 2 2 2 2 2 8 2 2 2 2 2 2 2 2 2 2 2 2 8 2 2 2 2 2 2 2 2 2 2 2 2 2 2 2 2 2 2 2 2 2 2 2 10 2 2 2 2
left_child=-1 2 3 42 -5 -4 -7 10 14 -10 -8 -12 13 -11 17 16 -16 18 20 -19 21 -9 -23 27 -21 26 -26 -20 29 -18 32 -32 -17 -30 35 -13 37 38 -36 40 41 -38 44 48 45 -2 -47 -48 50 56 51 -44 55 54 -54 -52 57 -50 59 -55 61 -61
right_child=1 -3 5 4 -6 6 7 8 9 12 11 34 -14 -15 15 30 28 19 23 24 -22 22 -24 -25 25 -27 -28 -29 33 -31 31 -33 -34 -35 36 -37 39 -39 -40 -41 -42 -43 43 -45 -46 46 47 -49 49 -51 52 -53 53 58 -56 -57 -58 -59 -60 60 -62 -63
leaf_value=0.0026688205857628589 -0.022587983124795253 0.0087777832514334443 0.00053560634505558143 -0.026543787576551181 -0.0065399964371075231 0.0048996352424916442 0.0026951456086836902 0.0062250755163781998 -0.026797766380853228 0.0043162614589228347 0.0021738560317802087 0.012929261782495625 0.0097990959486924101 -0.021744333060288969 0.0089084910817444317 -0.0074745122958407842 -0.013371609414532555 0.0086704030611059243 0.016140476085287944 0.0048175186255285819 0.0033560087987221775 -0.032973717881464644 -0.0024066547073521897 0.023096749092158128 -0.035150955588641494 -0.0008703224639844228 -0.0071324219821253783 0.0021848713743906818 -0.0010554738191887736 -0.040480042850352164 0.019273439768109132 -0.00025027246087789537 0.010615653812579097 -0.023006147664954079 -0.014563707675319164 -0.013709995879908092 -0.036396841610968109 -0.0051124643379787229 -0.055145796574926111 0.0046426897061367829 -0.005861468596049235 -0.011208295325803407 0.011726092704802109 -0.015643578763989793 0.010372266475307312 0.0027564420677413039 -0.021738885747076109 -0.001036396274441167 -0.014292548658840101 -0.013857938004158703 -0.0078168302337578727 -0.0096811582720310423 0.0033991082040768748 0.0084426033909299533 -0.030831505810912648 0.006321495780490253 0.013723796043453402 0.010606680084019899 0.0087503499155944398 -0.01004727513495577 0.007831639633129937 -0.0013803752646419137
leaf_weight=3718 88 225 10692 88 125 495 223 78 92 50 215 57 63 87 99 257 98 101 109 92 199 94 94 56 87 140 79 2003 99 67 87 124 72 52 79 95 74 52 50 71 143 50 278 90 56 156 115 94 86 69 138 96 52 104 78 392 243 125 115 764 96 558
leaf_count=3718 88 225 10692 88 125 495 223 78 92 50 215 57 63 87 99 257 98 101 109 92 199 94 94 56 87 140 79 2003 99 67 87 124 72 52 79 95 74 52 50 71 143 50 278 90 56 156 115 94 86 69 138 96 52 104 78 392 243 125 115 764 96 558
internal_value=0.000124735 -0.000584383 -0.000686659 -0.00251231 -0.0148899 -0.000247941 -0.00164805 -0.00223941 -0.00108207 -0.0121448 -0.00680419 -0.00919545 -0.00530463 -0.0122708 -0.000288905 -0.00418322 -0.0108424 0.000899494 0.00200163 -0.00490837 -0.00471707 -0.0107466 -0.0177838 0.00344419 -0.00836733 -0.0123342 -0.0219394 0.00291242 -0.0170388 -0.0245568 0.000945096 0.00785273 -0.0034954 -0.00871627 -0.0128362 -0.00370106 -0.0154993 -0.0233434 -0.0305964 -0.0112424 -0.0154681 -0.0264111 -0.00181349 -0.000996608 -0.0070716 -0.00924612 -0.00597652 -0.012477 -0.000579121 0.00471668 -0.00161745 0.00622002 -0.00289571 -0.00455438 -0.0172178 0.00263241 0.00756395 0.000438632 -0.00353884 -0.00447252 -0.00542504 -0.00639289
internal_weight=24624 20906 20681 4006 213 16675 5983 5488 4379 292 1109 886 200 137 4087 955 415 3132 2633 499 465 266 188 2168 398 306 166 2112 316 165 540 211 329 151 671 152 519 181 129 338 267 124 3793 3284 509 453 365 209 3194 523 2671 374 2297 1767 130 530 454 211 1637 1522 1418 1322
internal_count=24624 20906 20681 4006 213 16675 5983 5488 4379 292 1109 886 200 137 4087 955 415 3132 2633 499 465 266 188 2168 398 306 166 2112 316 165 540 211 329 151 671 152 519 181 129 338 267 124 3793 3284 509 453 365 209 3194 523 2671 374 2297 1767 130 530 454 211 1637 1522 1418 1322
is_linear=0
shrinkage=0.03


end of trees

feature_importances:
nn_norm_range_sep=589
abs_bistatic_doppler_hz=504
nn_norm_ang_sep=462
rx_elevation_deg=443
log_R=379
rss_max=347
rss_total_db=345
frac_v=341
abs_frac_v=316
k_factor_db=315
frac_u=302
rms_delay_spread=297
bistatic_range_m=271
abs_frac_u=263
rx_azimuth_deg=242
az_off_boresight=241
n_targets=160
aoa_spread_w=143
zoa_spread_w=130
n_mpc=92
dom_excess_delay=12
first_rss_minus_dom=6

parameters:
[boosting: gbdt]
[objective: regression]
[metric: rmse]
[tree_learner: serial]
[device_type: cuda]
[data_sample_strategy: bagging]
[data: ]
[valid: ]
[num_iterations: 3000]
[learning_rate: 0.03]
[num_leaves: 63]
[num_threads: 0]
[seed: 42]
[deterministic: 0]
[force_col_wise: 0]
[force_row_wise: 1]
[histogram_pool_size: -1]
[max_depth: -1]
[min_data_in_leaf: 50]
[min_sum_hessian_in_leaf: 0.001]
[bagging_fraction: 0.8]
[pos_bagging_fraction: 1]
[neg_bagging_fraction: 1]
[bagging_freq: 1]
[bagging_seed: 400]
[bagging_by_query: 0]
[feature_fraction: 0.65]
[feature_fraction_bynode: 1]
[feature_fraction_seed: 30056]
[extra_trees: 0]
[extra_seed: 12879]
[early_stopping_round: 0]
[early_stopping_min_delta: 0]
[first_metric_only: 0]
[max_delta_step: 0]
[lambda_l1: 0]
[lambda_l2: 1]
[linear_lambda: 0]
[min_gain_to_split: 0]
[drop_rate: 0.1]
[max_drop: 50]
[skip_drop: 0.5]
[xgboost_dart_mode: 0]
[uniform_drop: 0]
[drop_seed: 17869]
[top_rate: 0.2]
[other_rate: 0.1]
[min_data_per_group: 100]
[max_cat_threshold: 32]
[cat_l2: 10]
[cat_smooth: 10]
[max_cat_to_onehot: 4]
[top_k: 20]
[monotone_constraints: ]
[monotone_constraints_method: basic]
[monotone_penalty: 0]
[feature_contri: ]
[forcedsplits_filename: ]
[refit_decay_rate: 0.9]
[cegb_tradeoff: 1]
[cegb_penalty_split: 0]
[cegb_penalty_feature_lazy: ]
[cegb_penalty_feature_coupled: ]
[path_smooth: 0]
[interaction_constraints: ]
[verbosity: -1]
[saved_feature_importance_type: 0]
[use_quantized_grad: 0]
[num_grad_quant_bins: 4]
[quant_train_renew_leaf: 0]
[stochastic_rounding: 1]
[linear_tree: 0]
[max_bin: 255]
[max_bin_by_feature: ]
[min_data_in_bin: 3]
[bin_construct_sample_cnt: 200000]
[data_random_seed: 175]
[is_enable_sparse: 1]
[enable_bundle: 1]
[use_missing: 1]
[zero_as_missing: 0]
[feature_pre_filter: 1]
[pre_partition: 0]
[two_round: 0]
[header: 0]
[label_column: ]
[weight_column: ]
[group_column: ]
[ignore_column: ]
[categorical_feature: ]
[forcedbins_filename: ]
[precise_float_parser: 0]
[parser_config_file: ]
[objective_seed: 16083]
[num_class: 1]
[is_unbalance: 0]
[scale_pos_weight: 1]
[sigmoid: 1]
[boost_from_average: 1]
[reg_sqrt: 0]
[alpha: 0.9]
[fair_c: 1]
[poisson_max_delta_step: 0.7]
[tweedie_variance_power: 1.5]
[lambdarank_truncation_level: 30]
[lambdarank_norm: 1]
[label_gain: ]
[lambdarank_position_bias_regularization: 0]
[eval_at: ]
[multi_error_top_k: 1]
[auc_mu_weights: ]
[num_machines: 1]
[local_listen_port: 12400]
[time_out: 120]
[machine_list_filename: ]
[machines: ]
[gpu_platform_id: -1]
[gpu_device_id: -1]
[gpu_device_id_list: ]
[gpu_use_dp: 0]
[num_gpu: 1]

end of parameters

pandas_categorical:null
