tree
version=v4
num_class=6
num_tree_per_iteration=6
label_index=0
max_feature_idx=21
objective=multiclass num_class:6
feature_names=bistatic_range_m abs_bistatic_doppler_hz log_R rx_elevation_deg rx_azimuth_deg az_off_boresight frac_u frac_v abs_frac_u abs_frac_v n_mpc rss_max rss_total_db k_factor_db dom_excess_delay rms_delay_spread aoa_spread_w zoa_spread_w first_rss_minus_dom n_targets nn_norm_range_sep nn_norm_ang_sep
feature_infos=[11.489456688024401:859.78271023567504] [0.00457646671884584:1334.6562562807101] [1.7482826245451584:6.0635325142464014] [-14.510203302948:79.802158906949103] [-29.985003060425299:89.978920185373198] [-59.985003060425299:59.978920185373198] [-0.49989691462365204:0.49996464895039949] [-0.4998175337355093:0.49998628115944754] [2.5258113836912344e-05:0.49996464895039949] [2.957833454786396e-05:0.49998628115944754] [1:20] [-135.93833662636999:-27.575337708879498] [-135.93327734786425:-27.575337708879498] [-7.1111958389131189:60] [0:80.241415323251985] [0:1.6263598985340585e-06] [0:136.36361773934283] [0:27.802742572532459] [0:2.5460783456986198e-06] [1:5] [0:541.05583222151301] [0:10.2096658555279]
tree_sizes=3470 3355 3343 2212 566 1587 3443 3428 3416 2475 579 1635 3456 3428 3427 2811 579 1843 3432 3424 3420 2604 579 1626 3451 3427 3434 2712 685 1734 3446 3427 3431 2810 686 1952 3454 3424 3433 2809 579 1849 3456 3441 3441 2917 680 1634 3437 3438 3434 2805 788 1835 3453 3436 3436 2912 893 1739 3465 3429 3452 3045 992 1732 3453 3443 3450 3033 997 1736 3454 3444 3450 3154 785 1841 3456 3450 3425 3164 681 1844 3448 3456 3447 3458 1105 1737 3469 3442 3438 3368 999 1629 3448 3464 3444 3482 890 1951 3469 3463 3443 3247 1107 1632 3456 3459 3448 3481 885 2079 3458 3461 3443 3462 1002 1735 3453 3456 3467 3446 782 1957 3468 3464 3462 3256 1109 2057 3476 3463 3453 3481 996 1962 3471 3459 3458 3485 997 1744 3463 3451 3438 3458 992 2054 3463 3463 3450 3243 902 1743 3468 3467 3452 3477 893 2274 3468 3465 3450 3383 1106 1955 3466 3471 3467 3477 1117 2496 3475 3449 3458 3492 783 1748 3483 3452 3458 3284 1115 2609 3448 3466 3445 3465 1000 2492 3482 3442 3457 3492 780 3457 3467 3468 3446 3496 901 2059 3491 3455 3454 3464 887 3144 3467 3461 3449 3490 1120 3477 3481 3467 3449 3485 887 3357 3458 3469 3480 3478 886 3459 3482 3448 3464 3486 1112 3468 3482 3464 3455 3475 1109 3462 3483 3461 3468 3482 1334 3147 3460 3471 3469 3464 998 2925 3485 3471 3457 3466 1327 3147 3472 3465 3464 3464 1112 3264 3499 3446 3472 3475 1323 3459 3497 3485 3466 3483 1109 3461 3476 3449 3471 3480 1330 3474 3489 3461 3454 3456 1118 3461 3484 3468 3454 3459 1225 3464 3488 3460 3454 3456 1128 3447 3478 3457 3464 3470 1338 3470 3492 3504 3464 3472 1238 3471 3497 3484 3472 3461 1117 3254 3487 3474 3476 3461 1238 2711 3512 3452 3471 3480 1349 3355

Tree=0
num_leaves=31
num_cat=0
split_feature=10 21 13 20 19 13 11 21 1 1 12 13 1 13 20 19 10 20 13 12 3 1 21 12 11 12 21 0 13 12
split_gain=4846.21 2168.15 442.065 318.203 514.297 418.844 179.391 94.1932 52.3945 32.6465 27.2053 21.1576 17.4361 17.7675 16.7775 39.0144 15.9725 11.2912 7.15548 7.11789 6.79267 5.23596 4.9253 4.03095 2.82928 3.6853 1.90921 1.81858 1.92479 1.70679
threshold=14.500000000000002 0.043232463202910056 30.461738675272041 10.727285793358801 2.5000000000000004 24.281935350989681 -125.13396182283049 1.0480736821806302 929.54083285078661 1037.5400207049954 -101.20673879308079 12.996134670395287 10.780575984860951 24.680225099050549 40.12142563848861 2.5000000000000004 2.5000000000000004 39.622557959714662 21.433920580311128 -105.665668666529 53.410281121703058 2.8837109234001854 0.92788864074659105 -120.23515184502051 -110.28954678206848 -111.56710361082882 0.83894326458078805 337.43858755193907 24.336023856210428 -114.32888310954944
decision_type=2 8 2 8 2 2 2 10 2 2 2 2 2 2 8 2 2 10 2 2 2 2 10 2 2 2 10 2 2 2
left_child=1 2 19 4 5 -3 -5 -7 11 -10 -4 -8 13 -13 15 16 -14 -11 -6 -1 24 -15 -20 -16 25 29 -19 28 -26 -17
right_child=-2 3 10 6 18 7 8 -9 9 17 -12 12 14 21 23 20 -18 26 22 -21 -22 -23 -24 -25 27 -27 -28 -29 -30 -31
leaf_value=-0.40278615140700724 -0.99506925853380113 -0.5067066837907771 -0.16941390602155354 -0.19896753126222755 -0.060979467926099644 -0.23008282579404604 -0.071925299072581453 -0.03996348747095789 -0.11090035947657689 -0.073014383704800428 -0.28812887351375743 -0.094623405454028198 -0.038046758132357812 -0.048616508439795522 -0.028313383748103837 -0.026598516531631651 -0.11407106653797279 -0.030157378716217872 -0.048978630040964949 -0.61785767781156198 -0.050366955141815661 -0.0093726179107227886 -0.010668523116877035 -0.0010903887711726651 -0.035933318057016495 -0.045806923018143979 -0.0002312584197947179 -0.00092473108752831601 -0.0087391627659456766 -0.00016713224410822708
leaf_weight=9.5922670960426366 12.174800585955381 10.37624818459153 17.570450797677047 11.621400523930786 9.9150854125618917 12.082567431032659 11.667305260896681 12.95878392085433 17.893267463892698 9.5000339858233911 10.330135043710468 9.223608445376156 14.849511478096248 11.575282108038662 14.987916801124809 12.4976172298193 11.805867347866297 9.5000337623059785 9.5461509674787504 10.19171657040715 9.2694504186511022 27.808351468294859 51.466202314943075 808.05633450299501 9.2233291082084161 10.23790043592453 14.618983987718819 112.29408839717507 24.995234586298466 14.987917356193066
leaf_count=208 264 225 381 252 215 262 253 281 388 206 224 200 322 251 325 271 256 206 207 221 201 603 1116 17522 200 222 317 2435 542 325
internal_value=-0.0410068 -0.0313445 -0.358828 -0.0188372 -0.101262 -0.254015 -0.0112783 -0.135441 -0.00925465 -0.0582648 -0.220403 -0.00695308 -0.00623098 -0.0356209 -0.00486791 -0.0173175 -0.0731483 -0.0290362 -0.023081 -0.536011 -0.00950032 -0.0208134 -0.0166969 -0.00157031 -0.00740396 -0.0205237 -0.0111234 -0.00418668 -0.0157212 -0.011263
internal_weight=1332.82 1320.64 47.6846 1272.96 106.345 35.4176 1166.61 25.0414 1154.99 51.5123 27.9006 1103.48 1091.81 48.6072 1043.21 220.161 26.6554 33.6191 70.9274 19.784 193.506 39.3836 61.0124 823.044 184.236 37.7234 24.119 146.513 34.2186 27.4855
internal_count=28901 28637 1034 27603 2306 768 25297 543 25045 1117 605 23928 23675 1054 22621 4774 578 729 1538 429 4196 854 1323 17847 3995 818 523 3177 742 596
is_linear=0
shrinkage=1


Tree=1
num_leaves=31
num_cat=0
split_feature=12 1 1 20 19 20 15 1 13 1 20 12 0 21 20 21 15 11 6 11 4 5 8 7 15 20 15 4 9 21
split_gain=414.238 53.1888 80.9442 40.1981 39.6562 37.1741 18.9593 12.9882 12.5897 14.6361 10.7376 9.12096 9.05607 8.03064 7.91281 6.3199 5.58812 3.72973 3.47419 3.45809 5.03356 3.48217 3.37467 3.14246 2.5185 3.02213 2.70077 3.31749 2.02223 1.89457
threshold=-122.57097345066471 970.9031270305386 1015.793849819555 37.643773380943557 2.5000000000000004 1.1483989195491753 3.3587710350239321e-09 4.780027304635456 24.571581007899585 326.9792580792386 15.576401126173002 -108.47419349478868 293.13468262150553 1.7352980708459553 105.36487700988052 3.4222433558085501 4.8631489664516836e-08 -120.14995136771648 0.059442272483674514 -110.46921082502149 20.809337120963402 20.363947160593703 0.17537881653924539 -0.12632599740747771 4.0215063214650103e-09 45.067223368827008 5.0251324264188653e-09 27.008293533379256 0.17607134841226549 5.9040107705961953
decision_type=2 2 2 8 2 10 2 2 2 2 10 2 2 10 8 8 2 2 2 2 2 2 2 2 2 8 2 2 2 10
left_child=14 3 -3 4 5 22 10 15 9 11 -7 13 -4 -6 -1 -5 17 -9 -13 20 -10 -21 -2 -14 29 -26 27 -27 -23 -19
right_child=1 2 12 7 8 6 -8 16 19 -11 -12 18 23 -15 -16 -17 -18 24 -20 21 -22 28 -24 -25 25 26 -28 -29 -30 -31
leaf_value=-4.4803943126707786 -4.9408540214121635 -4.6493217158427633 -4.8930929783706896 -4.9831605366833909 -4.7918362111105361 -4.8426707015082844 -4.7235021108900686 -4.9443617692177373 -4.917534588238051 -5.0072115197410625 -4.9675983596166695 -4.9901715907270443 -4.9470804864538058 -4.9468625402180058 -4.80369091408713 -4.8677855377186292 -4.9453412415896389 -5.0108233058662108 -4.9158979040235238 -5.0093008780375179 -4.9964437422824464 -4.9994343960115009 -5.006738427072098 -5.0077589346361551 -4.9478638181981651 -5.0025601207893162 -5.0048605524796015 -4.9326047462770539 -4.9427632338046017 -4.9629911485160898
leaf_weight=2.9111006762832412 2.2513460163027066 1.8472707103937871 3.0265550184994927 1.8637809809297334 1.6493488103151344 3.2986976206302643 2.3998025190085173 1.7070761919021595 2.4987634476274216 4.205839466303587 3.0265550669282675 2.6636871788650742 2.5482439119368818 1.8060369472950695 1.7977901697158802 1.6575954332947722 3.1749964598566294 120.84778712503612 1.93798485212028 22.777516663074501 3.8842164482921362 1.6493488103151328 3.9172034244984388 4.5851896926760656 2.5894776675850188 2.3008415643125808 22.241468707099557 2.5317504238337278 3.0265550669282675 1.7153227627277372
leaf_count=353 273 224 367 226 200 400 291 207 303 510 367 323 309 219 218 201 385 14654 235 2762 471 200 475 556 314 279 2697 307 367 208
internal_value=-4.97375 -4.98355 -4.88519 -4.98925 -4.95491 -4.88679 -4.82587 -5.00233 -4.97829 -4.93671 -4.89351 -4.90023 -4.95327 -4.84874 -4.55249 -4.91752 -5.00457 -5.00596 -4.95423 -4.99397 -4.96218 -5.0015 -4.98152 -4.98552 -5.00684 -4.99271 -4.99775 -4.96521 -4.96383 -5.01008
internal_weight=238.339 233.63 12.0073 221.623 60.9929 14.8936 8.72506 160.63 46.0993 12.2629 6.32525 8.05706 10.16 3.45539 4.70889 3.52138 157.109 153.934 4.60167 33.8364 6.38298 27.4534 6.16855 7.13343 152.227 29.6635 27.0741 4.83259 4.6759 122.563
internal_count=28901 28330 1456 26874 7396 1806 1058 19478 5590 1487 767 977 1232 419 571 427 19051 18666 558 4103 774 3329 748 865 18459 3597 3283 586 567 14862
is_linear=0
shrinkage=1


Tree=2
num_leaves=31
num_cat=0
split_feature=12 1 1 1 20 20 20 11 5 11 12 0 21 7 20 3 21 21 5 19 20 20 19 5 6 0 12 13 3 21
split_gain=177.122 135.879 68.2577 30.05 27.9471 28.4554 27.9215 23.0776 14.457 12.5457 11.7114 14.6662 11.5806 9.75981 8.78347 6.54604 8.39477 5.7381 5.50947 6.89814 2.37957 2.01958 2.17154 6.01669 8.29458 3.48265 1.08921 0.845389 0.827205 1.79805
threshold=-124.6052459138575 950.56252485243806 1037.5400207049954 7.2287652825019606 33.962221812438308 1.3053784027135953 28.488293251829752 -102.19119911294648 50.709324003732959 -114.45298390662099 -109.97734514880595 337.43858755193907 1.5133949959522803 0.038800366453183972 3.6129695438774054 25.807944860251254 0.64617319096792514 2.1057144962494956 -22.218248976809182 3.5000000000000004 14.594061126450502 294.38216490566305 3.5000000000000004 20.363947160593703 0.37120748434796563 514.80045010272511 -113.10289905470042 23.339902398423352 40.890365462401761 2.0253538415575307
decision_type=2 2 2 2 10 8 8 2 2 2 2 2 10 2 8 2 8 10 2 2 10 10 2 2 2 2 2 2 2 10
left_child=-1 3 -3 7 5 -4 10 13 21 -10 15 12 14 -2 -12 27 -17 26 19 -13 -14 22 -8 28 25 -25 -18 -5 -24 -30
right_child=1 2 4 6 -6 -7 8 -9 9 -11 11 18 20 -15 -16 16 17 -19 -20 -21 -22 -23 23 24 -26 -27 -28 -29 29 -31
leaf_value=-4.8097720098662116 -4.950764476840841 -4.8437749753406703 -5.1810948457289898 -5.1958693500087625 -5.2048115548178426 -4.9359272520489634 -5.2118746407975971 -5.2005764834645198 -5.0394838857789814 -5.1888862234554916 -5.1604345352395882 -5.091605936636368 -5.2015743848259275 -5.1378240439515057 -5.0087913982590013 -5.1797941149797433 -4.9834795907983649 -5.1394987036899886 -5.2057865842509949 -5.2006590366234651 -5.1427382927719627 -5.1554023840116727 -5.2097851739723637 -5.1996570930757073 -5.0904141803615106 -5.1396523641169338 -5.1157033767815419 -5.1533913973595862 -5.1555532026354385 -5.2047089569298555
leaf_weight=2.3223886783234766 1.6317657977342628 3.0333239464089266 1.8213486089371174 1.3541624783538286 3.7307176548056304 2.0312437289394429 78.060678464360535 2.2005134131759396 1.536974424961955 2.7083249948918819 1.6655990760773467 1.801036077551547 2.46457572747022 1.5302036120556293 1.8890566723421207 1.713015547022225 1.3541624872013962 2.2614513551816344 17.001510041300207 2.2208265149965882 2.4104092298075557 1.4354122416116297 35.533263181336224 9.1270551756024343 1.7739528594538567 2.268222167622298 1.4692663014866387 1.3541624997742472 2.3020762330852458 3.6765511557459831
leaf_count=343 241 448 269 200 551 300 11529 325 227 400 246 266 364 226 279 253 200 334 2511 328 356 212 5248 1348 262 335 217 200 340 543
internal_value=-5.17197 -5.17795 -5.01207 -5.18841 -5.10976 -5.02987 -5.19213 -5.08135 -5.20261 -5.11989 -5.15506 -5.17125 -5.11908 -5.01138 -5.06176 -5.10974 -5.08647 -5.05888 -5.1936 -5.14559 -5.17249 -5.20559 -5.20625 -5.19765 -5.16837 -5.18609 -5.01963 -5.1754 -5.2068 -5.18617
internal_weight=195.683 193.361 10.6166 182.744 7.58331 3.85259 177.382 5.36248 138.423 4.2453 38.9592 29.453 8.42964 3.16197 3.55466 9.50622 6.7979 5.08488 21.0234 4.02186 4.87498 134.177 132.742 54.6811 13.1692 11.3953 2.82343 2.70832 41.5119 5.97863
internal_count=28901 28558 1568 26990 1120 569 26198 792 20444 627 5754 4350 1245 467 525 1404 1004 751 3105 594 720 19817 19605 8076 1945 1683 417 400 6131 883
is_linear=0
shrinkage=1


Tree=3
num_leaves=20
num_cat=0
split_feature=10 21 13 12 20 13 12 20 19 21 13 20 19 1 13 21 1 3 1
split_gain=8052.77 1633.33 560.401 309.434 275.336 417.007 95.6617 44.0185 133.179 24.6384 4.25706 5.84643 13.6163 3.21031 2.92677 1.53546 1.22953 0.683758 0.464889
threshold=14.500000000000002 0.043232463202910056 30.219913679714292 -105.58655635571731 1.6737139421197751 26.932530606080388 -100.24864561563315 10.727285793358801 2.5000000000000004 0.14501666308455705 24.234325592416571 26.115274366154903 3.5000000000000004 13.176988001787953 21.831754522699871 0.49671902741587504 528.21938074982813 54.087313585483358 100.65999394287252
decision_type=2 8 2 2 8 2 2 8 2 8 2 8 2 2 2 8 2 2 2
left_child=1 2 3 -1 5 -3 -4 8 -6 -9 11 12 -11 -13 -10 -15 -7 -17 -16
right_child=-2 4 6 -5 7 16 -8 9 14 10 -12 13 -14 15 18 17 -18 -19 -20
leaf_value=-3.4971903048172828 -2.2041417180783123 -3.3155621101383304 -3.7166268259987989 -2.92439779711323 -3.5867164726156999 -3.8043918822414011 -3.4700483412493313 -3.7283487905484565 -3.7645958251626928 -3.7291587664937413 -3.8092621132680597 -3.7667758379112044 -3.8068021394389673 -3.780034595460307 -3.7887652650656123 -3.8076024810688711 -3.7721935701320017 -3.7873449665301937 -3.8081566124292183
leaf_weight=5.6899479031562814 7.1530773639678955 6.3673226237297085 10.702521055936817 5.8797070682048815 8.3723519146442396 6.6111775934696206 5.7441378831863386 9.3206765651702881 5.4460929930210105 8.8054445385932958 534.17806112766266 5.7712328732013694 12.355315446853636 7.0988873839378357 8.0743070244789141 100.38693800568581 5.4189980030059814 7.5053122341632843 22.190796822309494
leaf_count=210 264 235 395 217 309 244 212 344 201 325 19715 213 456 262 298 3705 200 277 819
internal_value=-3.76688 -3.78375 -3.41564 -3.16219 -3.79799 -3.6119 -3.6184 -3.80289 -3.75471 -3.806 -3.80713 -3.79885 -3.77423 -3.80308 -3.79794 -3.80489 -3.79137 -3.80639 -3.80383
internal_weight=783.072 775.919 28.0163 11.5697 747.903 18.3975 16.4467 729.505 44.0835 685.422 676.101 141.923 21.1608 120.762 35.7112 114.991 12.0302 107.892 30.2651
internal_count=28901 28637 1034 427 27603 679 607 26924 1627 25297 24953 5238 781 4457 1318 4244 444 3982 1117
is_linear=0
shrinkage=1


Tree=4
num_leaves=4
num_cat=0
split_feature=21 20 20
split_gain=41.9807 40.1262 52.7412
threshold=0.75228651233371868 16.121959567414155 5.7203375950920803
decision_type=8 10 8
left_child=1 2 -1
right_child=-2 -3 -4
leaf_value=-7.8028908445376057 -7.8252758950872323 -7.8105475570244982 -7.2562547887131146
leaf_weight=0.63351410516771078 12.305216686916536 1.3337665447616016 0.12152316543506358
leaf_count=1272 24707 2678 244
internal_value=-7.78811 -7.62066 -7.46278
internal_weight=14.394 2.0888 0.755037
internal_count=28901 4194 1516
is_linear=0
shrinkage=1


Tree=5
num_leaves=14
num_cat=0
split_feature=21 20 20 21 20 2 8 0 2 6 10 20 20
split_gain=1033.17 403.999 87.0504 48.4369 17.4838 14.8694 13.027 2.95011 1.14975 1.70936 1.005 0.517995 0.368948
threshold=0.043232463202910056 0.13028891852209953 2.3562746189955655 1.0233377004214352 0.58555727809401004 4.2436616487258965 0.1369588784727043 394.72406602217956 4.4969804159043507 0.23614713619975294 16.500000000000004 4.528915043210656 108.48807894012901
decision_type=8 8 8 10 8 2 2 2 2 2 2 8 8
left_child=1 -1 3 -2 -3 6 -4 -5 9 -7 11 -10 -8
right_child=2 4 5 7 -6 8 12 -9 10 -11 -12 -13 -14
leaf_value=-5.5696501646500858 -5.2142380143381883 -5.2859716082431811 -5.3980799048239581 -5.4869217911823096 -4.5322226275152753 -5.5727739733653436 -5.5386092063460852 -5.5696199670201159 -5.5523109542145477 -5.5127655000284035 -5.5386092079449645 -5.5857188097788022 -5.5703705357202189
leaf_weight=1.546929568983616 1.5329193281941123 0.97209517750889196 1.0842709825374188 0.93470690771937515 2.3133995877578846 2.1451523387804632 0.93470691144466622 1.5422663972713051 1.7198497573845088 0.9347069077193737 0.93470690259709954 116.81033264100552 1.6637782910838712
leaf_count=331 328 208 232 200 495 459 200 330 368 200 200 24994 356
internal_value=-5.54425 -4.89308 -5.57318 -5.36814 -4.64293 -5.58103 -5.49172 -5.5309 -5.58412 -5.55131 -5.5849 -5.58531 -5.56055
internal_weight=135.07 4.83242 130.237 4.00989 3.28549 126.228 3.68276 2.47697 122.545 3.07986 119.465 118.53 2.59849
internal_count=28901 1034 27867 858 703 27009 788 530 26221 659 25562 25362 556
is_linear=0
shrinkage=1


Tree=6
num_leaves=31
num_cat=0
split_feature=20 13 19 13 12 21 1 20 20 21 20 3 1 1 13 20 19 15 13 13 11 1 20 21 21 15 4 19 4 13
split_gain=1049.35 771.675 245.772 182.812 141.84 85.7692 78.7373 56.0799 44.0015 77.301 38.9333 37.2245 19.9703 17.4582 19.7486 16.8776 31.0603 19.9545 9.65734 7.46251 5.48186 5.38056 3.91946 3.10377 2.45927 2.83663 2.3183 3.288 2.22461 2.09648
threshold=4.1186842531238508 10.566789456201848 2.5000000000000004 21.074601644934464 -124.6052459138575 0.67203394054469012 929.54083285078661 1.3053784027135953 12.632152635411302 0.87199091447903354 34.496125087209059 24.508189650801302 1037.5400207049954 10.780575984860951 24.234325592416571 42.935671899378058 2.5000000000000004 2.5695037380124157e-09 22.657120729884657 24.680225099050549 -114.26092647464249 2.8837109234001854 27.115954322018904 0.75228651233371868 0.33900696510507156 1.6926121746260152e-09 80.709324003732959 3.5000000000000004 2.8539446245161755 25.286280988777964
decision_type=8 2 2 2 2 10 2 10 8 10 8 2 2 2 2 8 2 2 2 2 2 2 10 10 8 2 2 2 2 2
left_child=2 -2 3 -1 -3 7 8 11 9 -6 -8 -5 -12 14 -10 16 17 22 -11 -4 -18 -16 -15 -14 25 -17 -26 -28 -20 -22
right_child=1 4 19 5 6 -7 10 -9 13 18 12 -13 23 15 21 24 20 -19 28 -21 29 -23 -24 -25 26 -27 27 -29 -30 -31
leaf_value=-0.26522056861698412 -0.15156077446553973 -0.11706802756568242 -0.025920509036373038 -0.14853204806396067 -0.12390243245173348 -0.024137090116069779 -0.087864544017367319 -0.21962477111589937 -0.0572774879862223 -0.023935720615573777 -0.041542338227504409 -0.057799224490080396 0.0035636034731498963 -0.013753430139897408 -0.0074507726696892221 0.034402949590937815 0.0038776672495033993 -0.072744937525381012 0.0051069491365327638 0.025694620363046202 0.02357906676778429 0.032578923375850437 0.029744985969612656 0.040676356033431962 0.040032551634096997 -0.0005418530763830491 0.036741417583988675 -0.0019551951739431709 0.033321971360034557 0.036888344378431762
leaf_weight=28.705365836620331 63.410805199295282 16.046733424067497 9.9982371628284472 29.92755464464426 10.901263248175381 19.467467900365591 17.553828861564398 18.451331380754709 9.3533264845609647 10.753459315747021 16.538277454674244 20.916891321539879 8.867450855672363 9.370373863726865 11.65211248397827 14.981116581708196 17.818348124623299 11.395758286118506 9.2817814797162992 18.422737024724483 49.315944612026215 26.330082409083843 9.4915417321026307 15.502652022987602 706.13795369490981 9.0741817280650121 13.19788904115558 8.7919595316052419 33.288385391235352 122.95833140984178
leaf_count=387 1388 366 200 407 238 283 359 251 207 238 353 285 200 203 262 334 408 238 209 368 1134 592 205 350 16430 203 301 200 751 2829
internal_value=-5.94343e-05 0.0169149 -0.124522 -0.156202 0.0262584 -0.118384 0.028372 -0.144141 0.0314234 -0.00859883 -0.0277886 -0.11304 -0.000528525 0.0339497 0.00420196 0.0353918 0.0230391 -0.0234274 0.0168203 0.00727304 0.0305192 0.0204226 0.00853103 0.027845 0.0389751 0.0217255 0.0395144 0.0218577 0.0274285 0.0332364
internal_weight=1367.9 1222.01 145.89 117.469 1158.6 88.7632 1142.56 69.2958 1084.09 64.2249 58.4622 50.8444 40.9084 1019.87 47.3355 972.533 220.35 30.2577 53.3236 28.421 190.093 37.9822 18.8619 24.3701 752.183 24.0553 728.128 21.9898 42.5702 172.274
internal_count=28901 26750 2151 1583 26390 1290 26111 942 24914 1403 1197 692 873 23511 1046 22465 4986 631 1181 568 4355 854 408 550 17479 537 16942 501 960 3963
is_linear=0
shrinkage=0.05


Tree=7
num_leaves=31
num_cat=0
split_feature=12 20 19 20 1 1 3 1 13 1 15 20 15 3 9 7 20 5 20 12 15 9 8 12 7 11 7 5 13 12
split_gain=250.656 43.863 39.3713 32.5309 24.2552 48.265 21.2496 12.0057 10.394 13.0468 9.72758 13.3647 17.1502 9.46435 7.7941 12.8685 7.06884 6.15975 6.10477 6.10151 4.34396 5.26367 5.42212 3.20388 3.09696 3.04285 4.5407 3.3737 2.48729 1.97308
threshold=-123.56602457468775 38.633729384789255 2.5000000000000004 0.58555727809401004 970.9031270305386 1037.5400207049954 8.398018070654647 4.780027304635456 24.571581007899585 326.9792580792386 4.0215063214650103e-09 15.576401126173002 5.6493077092355175e-10 9.8249031139026126 0.1836818923469288 0.21921762170658801 1.8514795658007903 1.0322889867700502 41.541395141797658 -120.23515184502051 4.0909228730652385e-09 0.108235828528652 0.24998892870304348 -103.39163643340497 0.44888485318285914 -110.46921082502149 -0.20856418176548172 20.363947160593703 42.588095011036422 -107.45395095820449
decision_type=2 8 2 10 2 2 2 2 2 2 2 10 2 2 2 2 8 2 10 2 2 2 2 2 2 2 2 2 2 2
left_child=18 2 3 28 7 -6 -5 17 9 13 11 12 16 -4 -15 -16 -8 -3 -1 -9 -21 22 29 -13 -23 26 -10 -27 -2 -22
right_child=1 4 8 6 5 -7 10 19 25 -11 -12 23 -14 14 15 -17 -18 -19 -20 20 21 24 -24 -25 -26 27 -28 -29 -30 -31
leaf_value=0.3645290686976006 -0.034265034112558213 -0.010870216551655893 -0.027211445085859029 -0.0089451147476033877 0.21945947648056618 -0.034124185882823996 0.069482076815041413 0.033932030435357349 0.059122302053737419 -0.034338943717583621 0.18754373637896998 -0.028397541462490253 0.0029476789747245194 0.011146841369845919 0.17521916909811419 0.0081346508378743378 0.22972327008268156 0.1002614384549577 0.15514505605380102 -0.03634075478858162 0.087497250718921574 -0.030021330708582483 -0.020572018986893439 0.046044805400263802 0.028243857961509789 -0.035729900885642478 -0.017712479735249208 0.0090365251668197248 0.01486626520139997 0.010743094098434429
leaf_weight=2.9147771056741476 4.3675512024201479 1.9561823499388997 1.8334815623238672 3.2909501623362347 2.0286644841544339 4.3564996425993741 2.5155593343079108 2.8439150331541887 1.8883475093171007 4.4898970262147486 4.8440025104209781 2.0908263549208659 2.1540337242186069 2.6140062399208555 2.6463558813557038 1.8333829338662324 2.0984926046803585 1.7558099012821911 3.2682765303179622 113.71345706051216 1.6411402435041986 23.429867079481486 3.2961780172772706 1.7490692352876065 1.7343353484757242 21.861723486334093 4.8543121535330966 4.7258588867262006 4.134007983841002 1.6937667452730263
leaf_count=215 404 223 207 315 227 488 248 363 228 515 463 240 202 302 305 211 206 200 242 14586 200 2844 397 200 210 2807 587 607 383 206
internal_value=-0.000451562 -0.00901314 0.022573 0.0691886 -0.0238121 0.0652501 0.104432 -0.0279536 -0.00547485 0.0302851 0.127655 0.0865068 0.124273 0.0629724 0.0867639 0.120801 0.170298 0.0518182 0.290858 -0.0302832 -0.0317613 -0.0147746 0.0224936 0.00801846 -0.0250796 -0.0203329 0.00866257 -0.0277337 -0.011324 0.0599856
internal_weight=238.625 232.442 73.9919 27.2445 158.45 6.38516 18.7429 152.065 46.7474 13.4171 15.452 10.608 6.76809 8.92723 7.09375 4.47974 4.61405 3.71199 6.18305 148.353 145.509 31.7953 6.63109 3.8399 25.1642 33.3302 6.74266 26.5876 8.50156 3.33491
internal_count=28901 28444 8351 2582 20093 715 1795 19378 5769 1540 1476 1074 634 1009 820 516 454 423 457 18955 18665 3853 799 440 3054 4229 815 3414 787 406
is_linear=0
shrinkage=0.05


Tree=8
num_leaves=31
num_cat=0
split_feature=12 1 1 1 20 12 11 20 20 5 0 21 4 4 21 19 20 12 11 1 4 6 21 19 12 20 5 20 6 9
split_gain=119.973 98.8379 33.3199 25.199 21.962 21.615 18.3596 17.7566 22.8435 11.0554 6.68773 6.47787 6.61913 7.86309 6.31602 6.2985 7.18118 6.21567 5.51357 4.38102 2.67257 7.88375 6.95392 3.52754 5.24905 2.17996 1.72139 1.65629 1.91657 0.592646
threshold=-119.7081168315482 950.56252485243806 1037.5400207049954 8.2238632934143272 27.586895119021104 -126.16484913710499 -102.19119911294648 33.962221812438308 1.3053784027135953 5.9285852077149004 409.23150812905055 2.1057144962494956 8.9180713613352722 64.869426294194554 3.8182997163836903 3.5000000000000004 1.6737139421197751 -91.322434739054003 -110.28954678206848 994.59851916768662 51.061892849493454 0.41872485588807545 3.1750709723453503 4.5000000000000009 -111.66920938884746 268.34511236132755 17.751671890218205 20.39368656702565 -0.030066764341237114 0.027441862156178946
decision_type=2 2 2 2 8 2 2 10 8 2 2 10 2 2 8 2 8 2 2 2 2 2 8 2 2 10 2 10 2 2
left_child=5 3 19 6 11 -1 9 8 -4 -2 14 12 15 17 -7 16 -5 18 26 -3 25 23 -23 29 -25 -6 -14 -13 -29 -22
right_child=1 2 7 4 20 10 -8 -9 -10 -11 -12 27 13 -15 -16 -17 -18 -19 -20 -21 21 22 -24 24 -26 -27 -28 28 -30 -31
leaf_value=0.27691629839207377 0.022553962885054988 0.093270429198919785 -0.014864685867952754 0.01094599106344123 -0.038308233312389889 0.18794058058064902 -0.029823069686606481 -0.032618835451433792 0.17611797493462172 0.18833262157056707 0.028414984571291824 -0.03189431704146406 0.054335059119327025 0.07393308861291549 0.032804030582496438 -0.00023815157893469172 0.14843393731799023 0.05688629981199475 -0.031625167615373116 0.2659696436385704 -0.0016648886461242294 0.10435422954961476 -0.02415109369533476 0.058918856234746131 -0.024730670953913875 0.014452230130620129 -0.0064011633539101873 0.039913155500766427 -0.024278816617520061 -0.037915256151587154
leaf_weight=2.5803305357694635 1.9759246115572771 2.2667668736539799 2.3914338727481672 1.6826760857366081 94.373882326297462 1.574744315352292 2.4694143692031494 3.5176206901669502 2.860151933040469 2.0048445970751345 3.1483219442889094 8.18121628789231 2.0320168957114353 2.813654521945864 1.5677748410962513 2.4056262946687639 1.846693222410976 2.459586667828261 12.789443179499356 2.3830464668571949 1.2843521386385024 1.3376438543200513 1.3606219333596519 1.8950066706165678 4.3530965559184551 1.5181506541557608 1.5870415437966583 1.3455522977747036 1.377030139788985 22.097687768749893
leaf_count=299 257 214 259 207 14801 201 341 448 310 260 399 1225 263 386 201 321 228 342 1803 224 200 200 203 286 658 238 205 200 205 3440
internal_value=-0.000221172 -0.00890418 0.116967 -0.0192723 -0.0231704 0.169935 0.0710802 0.0493459 0.100683 0.127095 0.0940916 0.00974246 0.0224326 0.00841424 0.137147 0.0650468 0.0997734 -0.00458553 -0.0165384 0.213189 -0.0330571 -0.0196362 0.0505457 -0.0274688 0.00526825 -0.0373324 0.0320812 -0.0215832 0.0096457 -0.036074
internal_weight=195.481 186.61 13.419 173.191 166.741 8.87117 6.45018 8.76921 5.25159 3.98077 6.29084 38.5205 27.6167 21.6817 3.14252 5.935 3.52937 18.8681 16.4085 4.64981 128.22 32.3284 2.69827 29.6301 6.2481 95.892 3.61906 10.9038 2.72258 23.382
internal_count=28901 27874 1556 26318 25427 1027 891 1118 569 517 798 5401 3769 2978 402 791 435 2622 2313 438 20026 4987 403 4584 944 15039 468 1632 405 3640
is_linear=0
shrinkage=0.05


Tree=9
num_leaves=22
num_cat=0
split_feature=13 20 11 13 3 21 21 13 20 20 21 0 21 7 1 13 1 20 1 15 7
split_gain=837.697 707.55 192.604 127.174 98.252 71.5605 57.2143 64.1716 42.79 24.6491 52.4462 17.6303 4.77707 4.77251 2.87009 2.69331 3.53775 7.92466 3.50855 1.20996 0.0908861
threshold=15.534684945666465 2.0894628097485701 -106.97850435098248 39.053596650998998 25.046102322502502 0.11681868556503351 0.14501666308455705 33.18923079133652 41.541395141797658 10.727285793358801 0.8510401002031831 471.16260077819658 1.4924626111795802 0.026583401015575884 759.68446809534464 24.680225099050549 716.11390766342663 42.531405721011659 10.780575984860951 2.7159290801869103e-09 -0.11449741803006218
decision_type=2 8 2 2 2 10 8 2 8 8 10 2 10 2 2 2 2 8 2 2 2
left_child=4 2 11 14 -1 -5 7 -3 -6 10 -8 -2 13 -12 -4 16 18 -18 -11 -20 -19
right_child=1 6 3 5 8 -7 9 -9 -10 15 12 -13 -14 -15 -16 -17 17 20 19 -21 -22
leaf_value=0.17756087849918056 0.054887641169276871 0.16838055360337023 0.19372973126163379 0.14911479288501728 0.13149815247088781 -0.0325827071749396 0.11791549518010608 -0.032599903986454203 -0.029393741270089202 0.0022612791729768734 -0.029145616463318116 -0.03634178818254833 -0.038750423227487812 0.030154289935739678 0.28515331182305398 -0.041885610072479207 0.035785996994945661 -0.019386135912884326 -0.017369902708367548 -0.040021887774021034 -0.037650282496414555
leaf_weight=63.898149626329541 7.5989291481673762 6.2905170954763898 15.11957356333733 13.526055272668604 5.832291005179286 8.1549306400120241 6.7289119847118846 8.1423147413879615 9.7508007790893299 5.5094833858311167 5.8157454188913098 12.7876706328243 22.703469794243574 5.7565164845436811 14.428406583145259 489.99948695488274 5.2790523469448125 5.1425117235630777 8.6147445831447822 93.390997419133782 7.6008995119482243
leaf_count=867 210 200 215 395 200 238 241 258 335 215 203 353 831 201 205 19328 201 200 338 3664 295
internal_value=0.000317034 -0.0193999 0.128911 0.179786 0.150418 0.082349 -0.035398 0.0602315 0.0351218 -0.0375886 -4.93314e-05 -0.00136037 -0.025894 0.000404768 0.246245 -0.0400852 -0.0327823 -0.0114708 -0.0362161 -0.0382961 -0.0322268
internal_weight=822.071 742.59 71.6156 51.229 79.4812 21.681 670.975 14.4328 15.5831 656.542 41.0046 20.3866 34.2757 11.5723 29.548 615.537 125.538 18.0225 107.515 102.006 12.7434
internal_count=28901 27822 1616 1053 1079 633 26206 458 535 25748 1468 563 1255 404 420 24280 4882 686 4196 4002 495
is_linear=0
shrinkage=0.05


Tree=10
num_leaves=4
num_cat=0
split_feature=21 20 20
split_gain=38.1844 31.3158 53.6043
threshold=0.75228651233371868 16.121959567414155 5.7203375950920803
decision_type=8 10 8
left_child=1 2 -1
right_child=-2 -3 -4
leaf_value=-0.018585897164079511 -0.038401164617389801 -0.023453687677723017 0.48591784393448223
leaf_weight=0.80447010061471302 11.699894834106088 1.286554603197146 0.21622195123927568
leaf_count=1195 24140 2339 321
internal_value=-0.00138553 0.152338 0.275869
internal_weight=14.0071 2.30725 1.02069
internal_count=28901 4194 1516
is_linear=0
shrinkage=0.05


Tree=11
num_leaves=14
num_cat=0
split_feature=20 20 21 12 0 8 20 1 0 6 18 3 6
split_gain=468.624 103.992 130.511 57.2863 14.0421 11.4849 4.96999 1.22392 1.19918 1.70616 1.04635 0.365685 0.330684
threshold=3.2166863544211104 0.13028891852209953 1.0233377004214352 -103.28949717993699 139.32493045172254 0.1369588784727043 4.528915043210656 542.91592906725907 179.49145490248551 0.24036871675157914 3.0975867628170013e-07 12.74592083738125 0.12041628648152726
decision_type=8 8 10 2 2 2 8 2 2 2 2 2 2
left_child=1 7 3 -3 5 -2 -6 -1 9 -8 -10 -7 -4
right_child=4 2 12 -5 6 11 8 -9 10 -11 -12 -13 -14
leaf_value=0.020708932011758673 0.1330409177466548 0.47178579275969068 -0.025871714912063932 0.18071374496343409 0.035651154372129144 0.0055739126312672298 -0.028355034882635927 -0.028265724330648792 -0.041451182488662475 0.031800326708324604 0.0064356466319139827 -0.026067935258716507 0.0044219774927869134
leaf_weight=1.2665628343820619 1.2404765808023515 5.9895626008510616 1.6197483721189212 4.7975787697359884 1.4740677489899099 0.93684883695095922 2.1030421243049209 2.0726287709549069 111.04551607696339 0.92620138032361865 0.8994785463437438 1.6536162169650195 0.98509574960917234
leaf_count=200 254 506 330 406 331 200 455 328 25027 200 203 353 200
internal_value=-5.16439e-05 0.239486 0.297824 0.368646 -0.0357112 0.049617 -0.0389169 -0.00919802 -0.0401721 -0.00663475 -0.0410128 -0.0162593 -0.0163667
internal_weight=137.01 16.7312 13.392 10.7871 120.279 3.83094 116.448 3.33919 114.974 3.02924 111.945 2.59047 2.60484
internal_count=28901 1970 1442 912 26931 783 26148 528 25885 655 25230 553 530
is_linear=0
shrinkage=0.05


Tree=12
num_leaves=31
num_cat=0
split_feature=20 13 19 12 10 1 21 20 19 20 20 15 0 20 1 13 1 13 12 3 1 15 21 7 4 13 15 13 21 4
split_gain=763.851 598.392 219.844 104.878 90.5877 65.0952 30.5555 26.9887 60.3651 26.3545 23.7586 22.8665 22.7482 20.7892 20.2712 18.9881 16.737 16.5926 16.5738 13.6974 7.96904 5.32597 3.18147 2.31084 3.82356 2.29395 3.53723 1.68387 1.49854 1.515
threshold=6.780489744390251 10.566789456201848 2.5000000000000004 -124.6052459138575 2.5000000000000004 929.54083285078661 0.76423292771274853 42.531405721011659 2.5000000000000004 17.971141621251455 34.496125087209059 2.5695037380124157e-09 416.11307756393154 1.3053784027135953 13.176988001787953 24.234325592416571 1037.5400207049954 21.433920580311128 -100.48321352745198 55.427341955119857 2.8837109234001854 1.6239532545442143e-08 0.74112266772669455 -0.1541701785743825 -1.0000000180025095e-35 25.95567989279893 6.2152146016876117e-09 20.737771477275292 0.14501666308455705 81.712722824332971
decision_type=8 2 2 2 2 2 10 8 2 10 8 2 2 10 2 2 2 2 2 2 2 2 10 2 2 2 2 2 8 2
left_child=2 -2 4 -3 6 7 13 8 9 -5 -7 -11 -6 18 15 -9 -12 -4 -1 21 -17 23 -18 24 -10 26 -26 -25 -16 -30
right_child=1 3 17 5 12 10 -8 14 19 11 16 -13 -14 -15 28 20 22 -19 -20 -21 -22 -23 -24 27 25 -27 -28 -29 29 -31
leaf_value=-0.038299213796133658 -0.12118187514910153 -0.088176630701916878 -0.046359284748834703 -0.10232206603088156 -0.18352291300417753 -0.067914476044589431 -0.014166331316513143 -0.058278230930328016 -0.0010901330758011757 0.025781218050536028 -0.035879982594984837 -0.066636386059942418 -0.11647061183258185 -0.13717856306697512 0.017102706859374744 -0.017492862928817805 0.0022408848608409648 0.022108052753738255 -0.10203440574559208 -0.029952853897656985 0.034222201706057914 -0.0019374897157110726 0.040432186756868202 0.012811787551843052 -0.0067570802588343918 0.03609663929847165 0.034406549501889816 0.037659302461244486 0.03944338779870258 0.022453017151889562
leaf_weight=21.856307666748762 72.033885363489389 18.571628492325544 10.614615075290201 10.917579740285872 43.00796777755022 18.135077107697725 15.241201091557741 8.7550776824355108 12.38137326389551 15.641020510345701 17.749788176268339 10.241295486688612 29.826977327466011 19.75097182393074 10.080169279128313 9.565834701061247 8.5517814196646249 36.292320434004068 21.905214972794056 9.1389079391956312 26.053230304270983 12.089428093284367 14.670622300356625 8.6066982559859735 9.8574887327849883 40.257529281079769 9.4732035547494888 123.67268251255155 670.11803043633699 17.909198153764009
leaf_count=273 1641 445 218 214 357 361 200 200 296 320 378 210 247 236 251 226 203 746 273 218 614 289 347 207 228 965 219 2974 16722 447
internal_value=-4.44582e-05 0.0173744 -0.0885737 0.0266983 -0.117676 0.0287846 -0.0788574 0.031786 0.0178948 -0.0407272 -0.0219156 -0.0119057 -0.158013 -0.0939211 0.0366623 0.00380141 -0.000422663 0.00597023 -0.0717692 0.0276 0.0202352 0.0301578 0.0270412 0.0320577 0.0241423 0.0293166 0.0141157 0.0361509 0.0387426 0.0390344
internal_weight=1352.97 1154.47 198.496 1082.44 151.589 1063.87 78.7537 1004.76 262.277 36.7999 59.1073 25.8823 72.8349 63.5125 742.482 44.3741 40.9722 46.9069 43.7615 225.477 35.6191 216.338 23.2224 204.249 71.9696 59.5882 19.3307 132.279 698.107 688.027
internal_count=28901 26299 2602 25942 1638 25671 1034 24496 6096 722 1175 530 604 760 18400 1016 873 964 546 5374 840 5170 550 4904 1723 1428 447 3181 17384 17169
is_linear=0
shrinkage=0.05


Tree=13
num_leaves=31
num_cat=0
split_feature=12 20 1 1 19 20 3 1 13 1 17 12 21 20 15 20 9 8 15 20 4 9 15 11 4 5 5 8 6 3
split_gain=174.111 35.6471 22.6615 36.5 22.2716 34.1643 16.6342 11.3514 9.63365 11.7637 8.91232 8.87702 6.07468 5.32286 4.45031 4.76581 5.00493 3.94912 3.66961 6.16465 3.64884 3.5761 3.26702 3.17287 4.58839 3.35318 2.60559 2.5464 2.28292 2.07131
threshold=-122.57097345066471 38.633729384789255 970.9031270305386 1037.5400207049954 2.5000000000000004 0.58555727809401004 19.669872964424354 4.780027304635456 24.571581007899585 326.9792580792386 2.5961107408536086 -108.47419349478868 3.5997518269815152 8.7335878678296073 4.0909228730652385e-09 45.067223368827008 0.108235828528652 0.24998892870304348 3.3587710350239321e-09 15.576401126173002 32.252582420541756 0.30034081306057742 4.6191360847799572e-09 -110.46921082502149 20.809337120963402 20.363947160593703 -43.05705056003044 0.25160624036137996 -0.05762745041660499 36.921186726181055
decision_type=2 8 2 2 2 10 2 2 2 2 2 2 8 10 2 8 2 2 2 10 2 2 2 2 2 2 2 2 2 2
left_child=21 4 7 -4 5 -2 13 12 9 10 11 -6 -3 -7 26 -16 17 -17 19 29 -13 -1 -18 24 -10 -25 27 28 -9 -8
right_child=1 2 3 -5 8 6 18 14 23 -11 -12 20 -14 -15 15 16 22 -19 -20 -21 -22 -23 -24 25 -26 -27 -28 -29 -30 -31
leaf_value=0.22381550651777837 -0.028321253825377098 -0.011855544619961439 0.17781987724486273 -0.033728814512300802 0.13385134748095609 0.056889561523104905 0.13668166877686791 0.054751601257613303 0.052128185835746771 -0.03396487259469097 -0.027384086899868779 -0.01523423272695321 0.096044321639676258 -0.014259208486912561 0.043686972589718945 0.050140323176529611 0.023530479496103263 -0.019586351196015712 0.15608719026778672 0.010273682713336445 0.063970996863946819 0.10254430799325283 -0.03551173678531596 -0.035345425692659742 -0.022729595415987368 0.0096836061443360336 -0.03705660968716179 -0.031940548971559922 -0.011863586925994936 0.04753230833888978
leaf_weight=6.4850324820727101 9.3073668382130581 2.052703675348313 2.6008202135562906 4.1074227220378816 3.219203783199192 4.976060676388447 2.5909977313131094 1.5024554221890887 2.6342989071272314 4.2424091654829681 1.8645309340208767 2.4400051762349904 1.8395477207377542 4.1106256186030805 2.4086760440841353 3.2548607941716945 1.9318887158297027 3.1066061113961041 5.0109541099518538 2.6737969079986215 1.7558316462673245 3.7771634161472321 20.975835378747433 20.577970521990217 3.7856640904210508 4.6544551327824593 100.1832537879236 3.200303312856704 2.0582550703547886 2.8149274103343487
leaf_count=361 759 223 277 437 356 411 200 208 327 478 201 284 200 339 300 392 244 374 397 238 204 210 2646 2784 470 630 13994 443 285 217
internal_value=-0.000447842 -0.00916676 -0.0233518 0.0607181 0.0183906 0.0499717 0.0826338 -0.0277045 -0.00422573 0.0297572 0.0593596 0.0818337 0.0483481 0.0264806 -0.0301709 -0.0131462 -0.019112 0.0180544 0.116966 0.0781851 0.0238436 0.192248 -0.0297565 -0.01921 0.0108725 -0.0269867 -0.0350453 -0.00430722 0.0220868 0.104927
internal_weight=236.144 225.882 149.223 6.70824 76.6591 31.4847 22.1774 142.514 45.1744 13.522 9.27957 7.41504 3.89225 9.08669 138.622 31.6779 29.2692 6.36147 13.0907 8.07972 4.19584 10.2622 22.9077 31.6524 6.41996 25.2324 106.944 6.76101 3.56071 5.40593
internal_count=28901 28330 20025 714 8305 2569 1788 19311 5736 1525 1000 820 423 750 18888 3950 3656 766 1038 719 488 571 2890 4211 797 3414 14938 936 493 417
is_linear=0
shrinkage=0.05


Tree=14
num_leaves=31
num_cat=0
split_feature=12 1 1 1 20 21 11 20 20 9 5 21 21 19 20 20 3 1 1 6 5 6 21 19 0 20 20 20 6 5
split_gain=91.7827 78.0502 22.9138 22.2477 20.091 17.5798 15.3696 12.6802 16.8839 10.8066 7.9652 5.30971 7.21862 10.8243 8.10765 6.30753 9.69855 4.32294 5.21667 3.75998 2.79667 7.56684 6.79741 3.54323 5.21199 3.18558 2.19814 1.64398 1.90919 1.04068
threshold=-119.7081168315482 950.56252485243806 8.2238632934143272 1037.5400207049954 27.586895119021104 2.8479990022404604 -102.19119911294648 33.962221812438308 1.3053784027135953 0.21264772823849756 5.9285852077149004 2.1057144962494956 0.22263645563770154 3.5000000000000004 1.5043401189030952 10.210083150364351 21.130486560568652 294.54525376187559 119.521527784463 0.085300218101734174 21.061892849493454 0.41872485588807545 2.9736706688119803 4.5000000000000009 404.10310293767958 78.98970743997161 268.34511236132755 20.39368656702565 -0.049735402444112335 -14.589498024840447
decision_type=2 2 2 2 8 10 2 10 8 2 2 10 10 2 10 10 2 2 2 2 2 2 8 2 2 8 10 10 2 2
left_child=5 2 6 -3 11 9 10 8 -5 -1 -2 12 29 14 -14 -16 -17 18 -15 -20 26 23 -23 -22 -25 -26 -6 -13 -29 -4
right_child=1 3 4 7 20 -7 -8 -9 -10 -11 -12 27 13 17 15 16 -18 -19 19 -21 21 22 -24 24 25 -27 -28 28 -30 -31
leaf_value=-0.0051201774157423538 0.021653748767149796 0.16406475526954686 0.0049182030389289646 -0.016883808598533917 -0.038035368989477548 0.21352659050171827 -0.029542035562258963 -0.032188026324530349 0.13477671192097479 0.11506444322127465 0.15977074646285158 -0.0314448939399216 -0.0054478610866345398 -0.020161862831129255 0.13731041007401357 -0.029227249457371613 0.092292333540135427 -0.034634487883321262 0.0055079770524373538 0.1015590985568238 -0.035680129145431311 0.10231671622043031 -0.024171874510283381 -0.032169636348089149 -0.0051020231805254546 0.085523802091351492 0.01517831146122495 0.040366170042175707 -0.02405280651980941 -0.034666242090251619
leaf_weight=2.8436402413062751 2.0177757875062543 5.9927468365058312 2.0250256750732669 2.6597470897249886 87.956820907536894 3.8588088438846171 2.3917110930196932 3.3213438647799194 3.7603820944204918 4.040176925715059 2.4295775447972119 7.7944861818104973 2.884498084895319 3.2276913765817881 3.1381327654235056 2.3023724760860214 2.664884798694402 4.7642337568104267 1.9930390017107142 1.3832339006476102 21.88553699944169 1.370480255689474 1.3640784951858214 3.3044901881366977 1.4976059277541958 1.2908519483171392 1.4862415124662218 1.3325639222748591 1.347643041051924 4.7035387041978565
leaf_count=278 235 593 202 236 14789 369 312 381 333 395 282 1214 360 492 405 317 366 724 302 210 3586 202 201 512 232 200 250 201 204 468
internal_value=-0.00021279 -0.0081316 -0.0183724 0.0948933 -0.0223467 0.136064 0.0654535 0.0410281 0.0781386 0.0710652 0.112585 0.00840007 0.0192634 0.0326402 0.0657861 0.0889506 0.040508 -0.00213085 0.022789 0.0590742 -0.0324559 -0.0184926 0.0496432 -0.0266354 0.00630283 0.048352 -0.0369931 -0.0208156 0.0102411 -0.023658
internal_weight=193.033 182.291 166.557 15.7342 159.717 10.7426 6.83906 9.74147 6.42013 6.88382 4.44735 39.5613 29.0867 22.3581 10.9899 8.10539 4.96726 11.3682 6.60396 3.37627 120.156 30.713 2.73456 27.9785 6.09295 2.78846 89.4431 10.4747 2.68021 6.72856
internal_count=28901 27874 26318 1556 25427 1027 891 1118 569 673 517 5401 3769 3099 1371 1047 683 1728 1007 512 20026 4987 403 4584 944 432 15039 1632 405 670
is_linear=0
shrinkage=0.05


Tree=15
num_leaves=25
num_cat=0
split_feature=13 21 20 10 11 20 21 13 20 13 19 20 7 13 21 5 1 20 15 7 20 19 11 8
split_gain=637.337 373.242 125.324 285.643 95.2234 67.449 61.8099 19.7147 14.175 13.1155 12.4472 25.533 4.32281 4.12483 5.21759 4.68733 3.38967 2.4314 3.24968 1.75245 1.39262 6.57927 0.359864 0.0942856
threshold=19.168181372221017 0.11681868556503351 6.780489744390251 14.500000000000002 -106.89958807727949 6.780489744390251 0.7138594032304596 39.053596650998998 0.87237327942997267 32.639944170141426 2.5000000000000004 51.010070102668358 0.065335678749290707 24.759349785532965 0.64617319096792514 0.2354733250562511 11.906877329270801 34.496125087209059 3.5995164886964373e-09 0.16102604940849299 16.121959567414155 2.5000000000000004 -99.118836506842243 0.37519976245671838
decision_type=2 8 8 2 2 8 10 2 10 2 2 8 2 2 8 2 2 8 2 2 8 2 2 2
left_child=2 4 -1 10 12 6 -3 -6 -9 -8 11 -4 -2 14 15 -7 -16 18 -18 -20 21 -15 -12 -11
right_child=1 5 3 -5 7 13 9 8 -10 23 22 -13 -14 20 16 -17 17 -19 19 -21 -22 -23 -24 -25
leaf_value=0.1976526769019023 -0.029576395861933908 0.12301072480556559 0.086959147327208122 0.14274795504839696 0.15880509306154236 0.032457413330996797 0.025824572813687226 0.12040801426822174 0.033732713354780265 -0.037132825720763721 -0.041041991416990116 -0.034233847126931304 0.017998422627183399 0.018654012986469209 0.0054059473388222944 -0.027919337028571013 0.012396095133490829 -0.041035985538248665 -0.03957853266254685 -0.005142724065505924 -0.042083450439030307 -0.039150042779995869 -0.019607401108244594 -0.020057942729439834
leaf_weight=24.344879515469074 9.4679695032537001 10.658301193267105 6.2538767922669685 61.286355003714561 25.696176342666149 5.5596380699425945 14.775750808417795 11.455372475087646 9.2905254755169135 15.786419063806536 25.759857026860121 9.9309047944843751 7.8742813970893621 5.383486587554219 5.0803969483822575 5.3130919057875872 5.219297323375943 61.083634607493877 12.983615877106788 5.4715110342949629 440.19939190521836 26.109265804290771 5.1986971627920866 5.3126217424869537
leaf_count=422 243 328 217 1132 389 218 488 252 204 596 989 345 203 211 207 209 200 2511 504 213 18605 1023 200 201
internal_value=0.000293183 -0.022625 0.0967112 0.0724485 0.0916342 -0.0345288 0.0229641 0.12829 0.0849288 -0.00928936 -0.0200076 0.0149309 -0.00817139 -0.0392346 -0.0293751 0.00308704 -0.0332946 -0.0356503 -0.0206545 -0.0301582 -0.041273 -0.0289988 -0.0381688 -0.0339357
internal_weight=815.495 682.721 132.775 108.43 63.7843 618.936 46.5331 46.4421 20.7459 35.8748 47.1433 16.1848 17.3423 572.403 100.711 10.8727 89.8385 84.7581 23.6744 18.4551 471.692 31.4928 30.9586 21.099
internal_count=28901 26600 2301 2003 1149 25451 1430 703 456 1185 1751 562 446 24021 4085 427 3658 3484 906 717 19936 1234 1189 797
is_linear=0
shrinkage=0.05


Tree=16
num_leaves=4
num_cat=0
split_feature=21 20 20
split_gain=34.9095 24.998 46.8508
threshold=0.75228651233371868 16.121959567414155 5.7203375950920803
decision_type=8 10 8
left_child=1 2 -1
right_child=-2 -3 -4
leaf_value=-0.019750822929886089 -0.038213576670473731 -0.023023253125515952 0.42368384091610295
leaf_weight=0.90016872790875424 11.015935874078421 1.2338509117544161 0.37884372810367395
leaf_count=1067 23533 2059 449
internal_value=-0.00138048 0.140977 0.239869
internal_weight=13.5288 2.51286 1.27901
internal_count=28901 4194 1516
is_linear=0
shrinkage=0.05


Tree=17
num_leaves=16
num_cat=0
split_feature=20 20 3 7 20 2 21 8 10 2 6 9 18 20 20
split_gain=310.254 60.5926 49.1162 19.0361 15.2837 13.1042 12.9304 10.0462 7.13749 1.20543 1.72664 1.15832 1.07075 0.420988 0.377465
threshold=2.3562746189955655 0.87237327942997267 15.541018018632101 0.089213535483785758 0.13028891852209953 4.2436616487258965 0.043232463202910056 0.1369588784727043 2.5000000000000004 4.4969804159043507 0.25626312058815631 0.18551941466532998 3.5694059804617999e-07 4.528915043210656 99.974246585522209
decision_type=8 8 2 2 8 2 8 2 2 2 2 2 2 8 8
left_child=1 4 -3 -4 11 7 -7 -2 -6 10 -8 -1 13 -11 -9
right_child=5 2 3 -5 8 6 9 14 -10 12 -12 -13 -14 -15 -16
leaf_value=0.017437659791583012 0.12153660947026197 0.058763231330721033 0.37656795424700606 0.14969479140100803 0.043444986620409215 0.064399456448795078 -0.028067253749066646 0.0061888298617613618 0.15960582206989157 -0.010594225571485755 0.032903300707689598 -0.029169840770189217 0.0076521917579229553 -0.041413413557094297 -0.025913792919962531
leaf_weight=1.390651902183895 1.398008235730231 3.3699736921116736 4.5895563885569564 3.6440948178060353 3.5803766786120832 2.203235215973109 2.040285632014275 0.91209730925038679 2.9234741204418242 1.9375877580605447 0.89777753641828895 2.2867263439111412 0.8525283494964242 103.60435538040474 1.6280422867275763
leaf_count=200 280 209 291 231 298 520 458 200 243 468 201 328 205 25009 357
internal_value=-8.41851e-05 0.168 0.242536 0.303243 0.0689564 -0.0337448 -0.0370155 0.0476245 0.109971 -0.0396244 -0.00581233 -0.0115847 -0.0404953 -0.0409524 -0.0158945
internal_weight=137.259 21.7849 11.6036 8.23365 10.1812 115.474 111.536 3.93815 6.50385 109.333 2.93806 3.67738 106.394 105.542 2.54014
internal_count=28901 1790 721 522 1069 27111 26322 789 541 26221 659 528 25562 25477 557
is_linear=0
shrinkage=0.05


Tree=18
num_leaves=31
num_cat=0
split_feature=20 13 19 12 13 1 21 20 13 20 19 1 13 1 3 3 3 20 1 11 13 21 20 5 5 21 5 7 9 8
split_gain=588.153 479.785 220.411 87.7688 56.7297 40.4941 39.18 36.4857 33.5581 17.9756 32.518 20.466 16.8089 15.0821 13.3958 13.0115 12.5383 8.19983 7.61554 4.67466 5.08453 4.34346 2.78327 1.84002 1.55914 1.56064 1.41497 1.33318 1.31304 1.77985
threshold=10.727285793358801 10.566789456201848 2.5000000000000004 -124.6052459138575 24.456192578429498 929.54083285078661 0.77466426013281253 1.3053784027135953 17.351889941871814 42.935671899378058 2.5000000000000004 13.176988001787953 24.234325592416571 1037.5400207049954 27.864089452676904 21.642589536793704 55.427341955119857 55.058093160993657 2.8837109234001854 -110.28954678206848 25.286280988777964 0.8510401002031831 0.74367021316366411 -35.909161223613914 51.712722824332957 0.14501666308455705 -55.304086863206798 0.0078425887476152329 0.108235828528652 0.37109170176010037
decision_type=8 2 2 2 2 2 10 10 2 8 2 2 2 2 2 2 2 10 2 2 2 10 10 2 2 8 2 2 2 2
left_child=2 -2 4 -3 22 9 7 14 -4 10 15 12 -11 -7 -6 -5 19 -15 -14 20 -12 -10 -1 -21 25 -13 -27 -26 -23 -30
right_child=1 3 8 5 6 13 -8 -9 21 11 16 24 18 17 -16 -17 -18 -19 -20 23 -22 28 -24 -25 27 26 -28 -29 29 -31
leaf_value=-0.10858175186600688 -0.10269483714119076 -0.072052445164992415 -0.075482219828436017 0.011246471578979095 -0.076886464859088843 -0.041915020250054794 -0.0085749124068360532 -0.13073271221586355 -0.009004021638711137 -0.053801176705548251 -0.0069273183269942945 0.016667004255304926 -0.0173445227553292 -0.015736692841626005 -0.024349792478212062 -0.050267107049007345 -0.02883549180349966 0.032744421953363849 0.03357884662017465 0.012840366929544142 0.028492159286924692 0.04011206531682121 -0.14168584002879164 0.036410889644302488 0.0054999850872537188 0.01504721694734229 0.039400162455920672 0.033699709481829765 0.026563586888208784 0.0032015329536696081
leaf_weight=42.06185469776392 75.285370334982872 20.773153502494097 9.6405113674700242 14.199527271091936 36.975351452827454 22.793858703225851 21.6946766898036 27.991210222244263 10.245014369487761 9.1917788758873922 15.769704625010489 9.9038664661347866 9.589018698781727 15.673576086759565 19.680165413767099 19.65230817347765 8.5973057113587839 17.471358574926853 24.469783589243889 10.333596546202896 25.78045567125082 12.517681833356617 38.705809719860554 132.24091301113367 8.1114162206649816 7.661879636347293 613.79069828987122 8.8345603309571725 31.433179598301649 11.290872536599634
leaf_count=274 1799 527 200 280 399 455 252 287 231 215 378 265 235 346 213 387 217 386 600 267 617 292 252 3411 202 206 16468 221 734 263
internal_value=-3.2428e-05 0.0181882 -0.0652298 0.0274301 -0.094145 0.0296234 -0.0690139 -0.0842233 0.00707622 0.0321388 0.0197733 0.0361557 0.00278538 -0.0115014 -0.0593759 -0.0248822 0.027705 0.0100292 0.0191559 0.0304865 0.0152024 0.0201824 -0.125985 0.0348039 0.0383742 0.0387992 0.0391246 0.0212602 0.0256591 0.020604
internal_weight=1332.36 1070.12 262.236 994.839 187.109 974.066 106.341 84.6467 75.1273 918.127 226.574 691.553 43.2506 55.9388 56.6555 33.8518 192.722 33.1449 34.0588 184.125 41.5502 65.4867 80.7677 142.575 648.302 631.356 621.453 16.946 55.2417 42.7241
internal_count=28901 25578 3323 25232 1763 24966 1237 867 1560 23849 5528 18321 1010 1117 612 667 4861 732 835 4673 995 1478 526 3678 17311 16888 16674 423 1290 997
is_linear=0
shrinkage=0.05


Tree=19
num_leaves=31
num_cat=0
split_feature=12 20 21 1 1 1 12 1 20 19 12 3 4 11 9 1 13 5 5 3 15 5 8 20 19 5 15 19 13 21
split_gain=135.307 28.1109 24.1168 17.987 15.7448 27.5192 12.6108 11.0363 9.66226 21.7715 10.34 9.76228 7.92582 8.88162 7.83051 8.90581 11.3241 5.7361 5.36982 4.56899 3.88545 3.74362 3.62605 5.30758 2.90537 3.58201 2.79567 3.15228 2.61956 2.2136
threshold=-119.236977173944 38.633729384789255 1.3143043041448452 291.29997937089553 970.9031270305386 1015.793849819555 -123.56602457468775 4.780027304635456 0.58555727809401004 2.5000000000000004 -109.21878585425297 8.398018070654647 6.1706009774639456 -105.06344176377299 0.1836818923469288 341.55937810804852 38.145639886235912 3.673282561215601 24.748184772370255 19.669872964424354 4.0909228730652385e-09 24.370786309170953 0.21158868063332562 49.855127280267304 3.5000000000000004 19.907087016737954 5.6898683875744967e-09 3.5000000000000004 22.279832038731985 5.9040107705961953
decision_type=2 8 8 2 2 2 2 2 10 2 2 2 2 2 2 2 2 2 2 2 2 2 2 8 2 2 2 2 2 10
left_child=2 8 -1 6 7 -6 -4 17 -2 11 14 -10 -13 18 -11 16 -16 -3 -14 -15 29 28 23 -22 -25 -26 27 -24 -12 -9
right_child=1 4 3 -5 5 -7 -8 20 9 10 21 12 13 19 15 -17 -18 -19 -20 -21 22 -23 26 24 25 -27 -28 -29 -30 -31
leaf_value=0.21286128631481069 -0.029578953054172505 -0.012170836410174874 0.15186920972525622 -0.011767425666124412 0.15956978324265836 -0.026014151551698745 0.025181813375865808 -0.036352823325480919 -0.013094212520780565 -0.016102884940570848 0.012638136597186076 0.1293843182582364 -0.019578409260442492 0.025628507715371392 0.13879679849773652 -0.015013926800303945 0.0011526236319394703 0.091234372366699318 0.054555754474855014 0.10876055702832899 0.071001610709812424 0.021431049181178462 0.04476313852290937 -0.034519938042039337 -0.013775163918709581 0.056036747468434116 -0.038949154227906735 -0.028527869087170435 -0.031280838912053882 0.017602930257888141
leaf_weight=5.2346263821236825 10.325537587050347 2.0844264761544764 6.1621731389313963 3.6618485432118177 2.1811805106699476 4.7636357415467501 3.3419253672473097 96.677252688910812 3.8918933742679682 4.48786998260766 3.4305944354273477 3.9082644912414279 5.2735580625012597 3.3058595340698913 3.3797415238805115 2.4122375971637666 2.293688743840903 1.9416545489802954 3.049152803607285 5.2385583939030766 1.5846906122751567 4.3948082351125777 1.7907310333102997 4.6332554323598734 4.0374732390046129 1.9794142660684881 12.879639453254638 2.1295787002891302 21.749553323257715 1.3844036334194241
leaf_count=325 1087 217 387 241 222 484 210 14506 275 525 479 268 351 224 375 277 254 202 203 355 207 604 246 607 535 263 1688 292 3037 208
internal_value=-0.000447954 -0.0105623 0.12728 0.0806295 -0.0240077 0.0450211 0.11396 -0.0279768 0.0135014 0.0204969 -0.00157422 0.0568014 0.0698951 0.0496409 0.0347801 0.0616861 0.0916606 0.0459284 0.0105204 0.0826516 -0.0306582 -0.017662 -0.0139284 0.00654502 -0.00831706 0.0139043 -0.0283685 0.00724379 -0.025043 -0.0354211
internal_weight=233.609 215.209 18.4006 13.1659 138.067 6.94482 9.5041 131.123 77.1413 66.8158 42.1485 24.6673 20.7754 16.8671 12.5735 8.08567 5.67343 4.02608 8.32271 8.54442 127.096 29.575 29.0348 12.2348 10.6501 6.01689 16.7999 3.92031 25.1801 98.0617
internal_count=28901 27760 1141 866 19636 706 597 18930 8124 7274 5534 1740 1422 1133 1472 929 629 419 554 579 18511 4062 3797 1595 1395 798 2202 538 3516 14714
is_linear=0
shrinkage=0.05


Tree=20
num_leaves=31
num_cat=0
split_feature=12 1 1 20 1 21 11 20 20 8 17 1 21 20 7 9 4 6 19 0 12 11 1 21 20 5 9 5 2 0
split_gain=71.5665 62.3564 20.8931 18.0908 14.9584 12.6913 12.1795 9.58406 12.9958 5.11894 7.38987 5.03449 6.801 8.28983 8.95757 12.6083 3.27796 6.83686 3.37249 4.31787 3.26331 7.82495 2.83209 2.82758 2.67752 2.6146 1.94784 2.5721 1.84019 1.58257
threshold=-119.7081168315482 950.56252485243806 7.2287652825019606 27.586895119021104 1037.5400207049954 0.094525482650554257 -102.19119911294648 33.962221812438308 1.3053784027135953 0.39990623326918767 1.0000000180025095e-35 301.15234253754704 1.8386770076978654 3.2166863544211104 0.14937604983072109 0.12090062882184684 50.363947160593703 0.41872485588807545 3.5000000000000004 514.80045010272511 -126.16484913710499 -122.34380149563049 399.76506738658156 2.6367506372545653 294.38216490566305 16.653354192698004 0.22848265912793544 -12.599677588796597 4.9947755343268883 440.89327001892303
decision_type=2 2 2 8 2 10 2 10 8 2 2 2 8 8 2 2 2 2 2 2 2 2 2 8 10 2 2 2 2 2
left_child=5 2 6 9 29 -1 25 8 -6 11 22 12 13 -4 15 -15 24 18 -18 -20 -7 -22 -11 -19 -5 -2 -13 -28 -14 -3
right_child=1 4 3 16 7 20 -8 -9 -10 10 -12 26 28 14 -16 -17 17 23 19 -21 21 -23 -24 -25 -26 -27 27 -29 -30 -31
leaf_value=0.016817152233570495 0.042588127628929648 0.15755201556036841 -0.019851483719589849 -0.037742678785497731 -0.01810883819304723 0.18659315490319872 -0.028002313715219218 -0.031752872130957337 0.10758075713957807 0.023736979262888744 -0.018652987104488799 -0.037158205706566312 0.021072588014705795 -0.0067265445285406671 -0.011733300444294893 0.15658797279760556 -0.0393135070034972 0.080775091118694187 -0.019252530660233802 0.04609059872189477 0.029961614931053 0.14554650754831816 0.10521192874277269 -0.0046075614139455849 0.024120378895980999 0.14241878683873371 0.027623932730904494 -0.021862911836995822 -0.03457189351593469 0.068085766677072099
leaf_weight=3.1044740071520218 2.4523382494226116 3.964649565983569 3.1479485961608589 81.923253085464239 2.8436687607318172 3.3334710672497767 2.0165137299336484 3.1392012764699757 4.6216805670410386 2.6843409561552125 2.9451034823432565 7.7027053106576249 1.2534338189288989 1.6120868404395885 2.045446839183569 2.7373067997395992 15.407167353201665 1.3789059403352459 9.688634667079894 2.3176195994019508 3.7446626774035421 2.4234689152799502 2.3423229870386422 1.4646518439985803 1.149487133603543 1.9381145848892627 3.1946604000404513 6.0575327943079129 4.7267919699661434 3.4603311223909259
leaf_count=253 254 234 413 14751 217 269 245 331 352 360 393 970 202 231 296 393 2671 200 1610 385 369 238 315 212 207 200 403 764 763 204
internal_value=-0.000206344 -0.00737424 -0.0174407 -0.0212703 0.0782796 0.111572 0.0649391 0.0347923 0.0632201 0.00730495 0.0407411 -0.00187382 0.0181002 0.0426425 0.0719304 0.106114 -0.0314441 -0.0165434 -0.0245622 -0.00406514 0.137982 0.0893443 0.0728608 0.0470398 -0.03661 0.104902 -0.0201506 -0.003748 -0.021561 0.128888
internal_weight=190.822 178.216 160.186 153.779 18.0295 12.6061 6.40697 10.6046 7.46535 40.4497 7.97177 32.4779 15.523 9.54279 6.39484 4.34939 113.33 30.257 27.4134 12.0063 9.5016 6.16813 5.02666 2.84356 83.0727 4.39045 16.9549 9.25219 5.98023 7.42498
internal_count=28901 27874 26318 25539 1556 1027 779 1118 569 5417 1064 4353 2217 1252 924 624 20122 5164 4752 1995 768 607 675 412 14958 454 2136 1167 965 438
is_linear=0
shrinkage=0.05


Tree=21
num_leaves=23
num_cat=0
split_feature=13 20 19 16 20 12 13 21 21 20 12 20 19 7 10 13 1 21 20 20 21 21
split_gain=512.126 311.764 88.5012 85.4317 185.884 79.954 35.4595 19.4751 19.393 10.265 12.0439 4.01309 14.8542 3.57175 2.36044 1.79487 3.55799 2.17198 0.778769 0.660113 0.751786 0.377376
threshold=19.168181372221017 6.780489744390251 2.5000000000000004 17.616020730864069 6.780489744390251 -106.95297482846199 39.053596650998998 0.14501666308455705 0.033272778204350907 39.144900674245008 -108.56146731675449 17.086170864996756 2.5000000000000004 0.10072050127445921 5.5000000000000009 24.680225099050549 10.780575984860951 0.49671902741587504 5.1257949667634106 34.496125087209059 1.8273303894542952 0.74112266772669455
decision_type=2 8 2 2 8 2 2 8 10 8 2 8 2 2 2 2 2 8 10 8 8 10
left_child=3 2 5 4 -1 13 -7 -3 -8 10 -6 12 -9 -2 21 16 -13 -18 -4 20 -19 -11
right_child=1 7 18 -5 9 6 8 11 -10 14 -12 15 -14 -15 -16 -17 17 19 -20 -21 -22 -23
leaf_value=0.14314303178371676 -0.025204693926850957 0.025455202992082898 -0.037808210654948146 0.12107852903996526 -0.025834757990892455 0.13247382657997012 0.08519164045300881 0.031031147153757706 0.00076379725874282077 -0.018703906429760817 0.060156347736185278 0.0077140560721649671 -0.038462970715831324 0.014151746242836742 -0.0010060825695028886 -0.041988078502735421 -0.0031237942868524654 -0.012994557362323703 -0.013004439949517877 -0.040110563549613197 -0.036936960196138326 -0.040786495796443972
leaf_weight=28.135315205901861 12.34391621500254 11.287021128460765 17.857122331857685 69.618240300565958 7.3860283214598903 39.090257436037064 19.451271999627359 9.0257702749222499 10.218195738270877 4.922794962301853 7.0613074228167534 4.795286424458026 34.173363594338298 9.2867672573775035 5.2477288767695427 406.38190846517682 5.1509672682732344 8.8765067458152753 5.5070645585656166 59.355095379054546 6.5899050720036039 22.883023358881474
leaf_count=747 283 503 675 1103 223 526 395 360 207 200 214 207 1365 213 204 18382 226 357 208 2619 265 932
internal_value=0.00027507 -0.0220549 0.0529254 0.0813513 0.0436822 0.075183 0.10123 -0.037755 0.0570876 -0.0169663 0.0173679 -0.0391353 -0.0235697 -0.00842898 -0.0320428 -0.0404537 -0.0326938 -0.0351821 -0.0327355 -0.0373188 -0.0248195 -0.037662
internal_weight=804.645 659.39 113.755 145.254 75.6362 90.3904 68.7597 545.636 29.6695 47.5009 14.4473 534.349 43.1991 21.6307 33.0535 491.15 84.7678 79.9725 23.3642 74.8215 15.4664 27.8058
internal_count=28901 26600 2304 2301 2007 1421 925 24296 602 1724 437 23941 1725 496 1287 22216 3666 3512 883 3301 622 1132
is_linear=0
shrinkage=0.05


Tree=22
num_leaves=4
num_cat=0
split_feature=21 20 20
split_gain=31.9156 20.1877 39.0701
threshold=0.75228651233371868 16.121959567414155 5.7203375950920803
decision_type=8 10 8
left_child=1 2 -1
right_child=-2 -3 -4
leaf_value=-0.020433816598554415 -0.038017000382075242 -0.022575802000599485 0.36433278976920502
leaf_weight=0.96112634296878752 10.373724743374622 1.1815750303794628 0.58033826982136716
leaf_count=945 22892 1820 571
internal_value=-0.00137347 0.130658 0.210782
internal_weight=13.0968 2.72304 1.54146
internal_count=28901 4194 1516
is_linear=0
shrinkage=0.05


Tree=23
num_leaves=14
num_cat=0
split_feature=20 21 3 7 0 20 4 9 0 6 11 18 5
split_gain=233.554 36.4622 42.7101 35.7621 13.9154 9.81823 9.32875 7.37143 1.27515 1.67547 1.17147 1.14083 0.297733
threshold=4.528915043210656 0.51004512266520752 10.570072486480601 0.12234909405079543 139.32493045172254 1.0183291502908953 21.129120003084655 0.15852328538617869 179.49145490248551 0.25626312058815631 -104.71172522512298 3.7041799850761763e-07 24.748184772370255
decision_type=8 10 2 2 2 8 2 2 2 2 2 2 2
left_child=1 2 -1 5 6 -4 -2 -3 9 -6 -9 -10 -8
right_child=4 7 3 -5 8 -7 12 10 11 -11 -12 -13 -14
leaf_value=0.0096700764596845783 0.11675937018815503 0.077660802874135626 0.12998820342386061 0.076046308242609023 -0.027659308571960396 0.2811081381529163 -0.024914680844057169 -0.030719521631330318 -0.041385284539385142 0.032638108568589015 0.0098490369596304847 0.009123524457523546 0.0040643082278065549
leaf_weight=4.6050192145630815 1.470308776246384 2.6934417262673369 4.7530475095845794 6.9388643754646182 1.9520204691216352 6.688830249477177 1.4705137996934368 2.7214334700256657 97.787713250378147 0.904507240280509 2.7049928354099331 0.79896471463143826 1.0003169763367621
leaf_count=222 289 375 208 314 448 292 294 386 25026 207 383 204 200
internal_value=-0.000104252 0.117616 0.148719 0.181259 -0.0362499 0.233825 0.0475618 0.0229176 -0.0399386 -0.00505411 -0.0121109 -0.0408884 -0.0153917
internal_weight=136.49 31.1056 22.9858 18.3807 105.384 11.4419 3.94114 8.11987 101.443 2.85653 5.42643 98.5867 2.47083
internal_count=28901 2241 1109 833 26660 500 775 1132 25885 655 769 25230 494
is_linear=0
shrinkage=0.05


Tree=24
num_leaves=31
num_cat=0
split_feature=20 13 19 12 21 20 1 13 16 20 19 1 0 3 1 10 13 13 12 1 1 15 11 7 11 21 20 11 19 5
split_gain=472.944 401.173 154.888 75.3894 40.7329 37.6552 37.0529 32.1513 27.9998 17.89 28.5717 17.3388 17.0725 13.0926 11.4709 10.7842 8.98547 7.87361 7.11388 6.78928 4.86883 4.51514 4.25325 2.15678 3.21746 2.00155 1.78378 1.39464 4.09479 4.12092
threshold=10.727285793358801 11.133080923498037 2.5000000000000004 -123.56602457468775 1.0816043847884951 1.8514795658007903 929.54083285078661 43.156094796643117 8.7377241664332637 42.935671899378058 2.5000000000000004 11.906877329270801 409.23150812905055 55.427341955119857 1037.5400207049954 2.5000000000000004 24.234325592416571 28.279867719665038 -96.046455739482937 2.8837109234001854 716.11390766342663 1.9637112386468244e-08 -112.10594045085948 -0.1541701785743825 -110.28954678206848 0.8510401002031831 20.39368656702565 -113.17267155455899 3.5000000000000004 32.235762208331955
decision_type=8 2 2 2 10 10 2 2 2 8 2 2 2 2 2 2 2 2 2 2 2 2 2 2 2 10 10 2 2 2
left_child=2 -2 4 -3 5 7 9 12 22 10 15 16 -1 21 -8 -5 -11 -16 20 -18 -9 23 -4 24 -12 -24 -26 28 -13 -30
right_child=1 3 8 6 -6 -7 14 18 -10 11 13 27 -14 -15 17 -17 19 -19 -20 -21 -22 -23 25 -25 26 -27 -28 -29 29 -31
leaf_value=-0.11164421793541653 -0.088759892931556519 -0.053941750457050755 -0.008057798026122491 0.0069476440271555714 -0.023799319256703019 -0.13621537689364402 -0.035329998002844275 -0.047545396068097816 -0.068852611378847003 -0.038939140758542538 0.0013566248826973656 0.039010918138365228 -0.062968912468967367 -0.03182852726388339 -0.015370968774309657 -0.04788172384990616 -0.017196972873472917 0.03249113772346645 -0.069704663711990508 0.031922831335222876 -0.011894904244738796 -0.0061061618882407905 0.0023845729073374592 0.036160760359388651 0.012977694657659432 0.029100162196664982 0.035759974667265763 0.039013938602110138 0.027100529195235968 -0.01369497997140001
leaf_weight=54.377167403697968 80.792516060173512 27.251622121781111 11.427240099757908 16.619748458266258 31.590414691716433 31.735233623534441 24.086092382669449 20.418931920081377 9.5279694311320764 8.5870767645537835 13.173216324299572 47.287870518863201 34.610266722738743 8.2160781845450384 15.831413105130194 17.928847681730986 9.6118309013545531 16.713206842541695 18.745580591261387 20.846166126430035 18.918192874640226 7.9594917707145214 8.5127751529216749 106.98823053389788 13.720848493278025 44.431267313659191 32.467248592525721 530.23370359092951 17.422076933085926 8.569741912186144
leaf_count=314 2017 728 262 320 265 246 474 234 201 203 350 1311 200 218 356 346 243 375 202 527 217 213 200 2883 373 1046 882 15197 479 236
internal_value=-2.35212e-05 0.0175028 -0.0552813 0.0266864 -0.077065 -0.086291 0.0291406 -0.0746709 0.00693901 0.0317198 0.0191679 0.0359238 -0.0936229 0.0270478 -0.00988161 -0.0220524 0.00353571 0.00944435 -0.0445419 0.0163679 -0.0311201 0.0299887 0.019039 0.0317419 0.0233106 0.0249284 0.0294106 0.0380099 0.0303171 0.0136408
internal_weight=1308.6 1024.31 284.295 943.515 210.396 178.805 916.263 147.07 73.8993 859.632 217.074 642.558 88.9874 182.525 56.6307 34.5486 39.0451 32.5446 58.0827 30.458 39.3371 174.309 64.3713 166.35 59.3613 52.944 46.1881 603.513 73.2797 25.9918
internal_count=28901 25578 3323 25192 1763 1387 24841 1139 1560 23726 5507 18219 514 4841 1115 666 922 731 625 770 451 4661 1477 4483 1578 1246 1255 17297 2031 715
is_linear=0
shrinkage=0.05


Tree=25
num_leaves=31
num_cat=0
split_feature=12 20 1 1 21 1 1 13 20 19 12 3 6 20 4 20 1 13 2 5 4 15 9 7 5 10 7 21 21 15
split_gain=105.957 24.6465 14.4992 21.7953 13.8733 13.7032 10.2551 10.1776 9.35423 15.4536 9.35954 7.76482 7.7622 7.07369 19.9881 7.07824 7.07196 13.8039 7.26413 5.79289 4.24353 3.95067 3.73093 4.29027 3.64012 4.70976 3.47727 2.53014 2.20774 1.31721
threshold=-119.236977173944 38.633729384789255 970.9031270305386 1015.793849819555 1.3143043041448452 291.29997937089553 4.780027304635456 22.920659856938233 0.58555727809401004 2.5000000000000004 -109.21878585425297 8.398018070654647 -0.010825765547146203 2.3562746189955655 13.272700403780552 16.566618968308504 291.29997937089553 38.145639886235912 5.5411780915532782 6.2285005235226487 24.360326638644803 4.0909228730652385e-09 0.108235828528652 0.023430928936791332 6.576430541810752 2.5000000000000004 0.45240396915002284 1.1961951059265903 5.9040107705961953 4.6191360847799572e-09
decision_type=2 8 2 2 8 2 2 2 10 2 2 2 2 8 2 10 2 2 2 2 2 2 2 2 2 2 2 10 10 2
left_child=4 8 6 -4 -1 7 19 -6 -2 11 16 -10 -9 20 -15 -16 17 18 -11 -3 -13 28 23 -23 -12 -26 29 -17 -8 -24
right_child=1 2 3 -5 5 -7 21 12 9 10 24 13 -14 14 15 27 -18 -19 -20 -21 -22 22 26 -25 25 -27 -28 -29 -30 -31
leaf_value=0.16267365005164156 -0.029805676290029344 -0.01332071308350451 0.13386998583663839 -0.025525043581409574 0.020015594404271971 -0.011954568356590492 -0.035935047758118822 0.17358801560091336 -0.013881589053942206 0.14238466196922386 -0.029341074408169715 -0.014570098062023314 0.052783990356611132 0.16551033148473673 0.075804857471909459 -0.03137825022174591 -0.01575358949484568 -0.020187986364586911 0.018623985995985484 0.08823424648190803 0.047407964407588793 -0.013178557927746488 0.0085543166917043285 0.061560093336077107 -0.01351830890136229 0.055444019277851635 0.036458169117955928 0.02728177094373271 0.018081585062109801 -0.032065413200747968
leaf_weight=6.7487207809463179 10.522483759094028 2.2078768583014607 2.6428453139960775 4.5939631527289748 3.6707470999099305 3.6877839700318873 90.078459662850946 3.5930222249589896 4.0236154571175602 3.022670538630333 18.24954108893872 4.112802396062766 3.641801888123152 3.7760507473722109 4.432338958606123 2.9084233595058331 4.4158137901686132 3.2277839253656566 2.1652910797856748 2.008716887794435 5.5922032846137881 3.9292692528106308 1.8115575066767693 2.3029040051624179 7.5169412209652355 2.5103801619261503 1.4482796369120476 2.4870926905423403 1.3654551771469412 18.420957889873534
leaf_count=361 1083 219 258 448 201 219 14494 208 256 282 2622 211 211 256 298 234 507 351 202 200 288 496 252 291 1010 337 201 200 220 2560
internal_value=-0.000445507 -0.00976499 -0.0230147 0.0418708 0.104747 0.0692445 -0.0271202 0.0954002 0.0121978 0.0189918 -0.000576115 0.0474039 0.126573 0.0581189 0.0804427 0.0354911 0.033333 0.0580269 0.102088 0.0426985 0.0222353 -0.029921 -0.0128338 0.0191321 -0.0165765 0.00720891 -0.0224609 -0.00430074 -0.0349416 -0.0281969
internal_weight=231.116 209.774 130.81 7.23681 21.3421 14.5934 123.573 10.9056 78.9634 68.4409 41.1084 27.3325 7.23482 23.3089 13.6039 9.82786 12.8316 8.41575 5.18796 4.21659 9.70501 119.357 27.913 6.23217 28.2769 10.0273 21.6808 5.39552 91.4439 20.2325
internal_count=28901 27760 19636 706 1141 866 18930 597 8124 7274 5534 1740 419 1422 923 661 1472 916 484 419 499 18511 3797 787 4062 1347 3010 434 14714 2812
is_linear=0
shrinkage=0.05


Tree=26
num_leaves=31
num_cat=0
split_feature=12 1 1 20 11 1 21 20 20 5 4 9 21 7 8 20 16 3 5 6 19 0 3 20 20 3 0 13 5 8
split_gain=57.5986 51.2266 19.2446 17.1953 11.3613 10.643 9.78135 7.67794 10.4926 4.85784 4.73798 6.15413 7.23696 5.37621 8.22088 5.5007 5.11821 4.4921 3.03613 6.96 3.65224 5.03128 3.20402 2.67668 2.6745 2.09369 3.2903 2.00277 4.07439 1.49474
threshold=-119.7081168315482 950.56252485243806 8.2238632934143272 27.586895119021104 -102.19119911294648 1037.5400207049954 0.094525482650554257 33.962221812438308 1.3053784027135953 5.9285852077149004 8.9180713613352722 0.12090062882184684 2.6191848788546657 0.0078425887476152329 0.41761488335448421 20.39368656702565 1.0000000180025095e-35 23.393774608406002 21.061892849493454 0.41872485588807545 4.5000000000000009 404.10310293767958 29.600659941228304 294.38216490566305 60.677416131254056 31.525097899718002 434.92434940099309 21.557395007260848 -10.190448456792048 0.16213722087386276
decision_type=2 2 2 8 2 2 10 8 8 2 2 2 10 2 2 8 2 2 2 2 2 2 2 10 10 2 2 2 2 2
left_child=6 2 4 10 9 -3 -1 8 -7 -2 11 -4 16 14 15 25 17 -13 23 20 -20 -22 -23 -5 -21 -12 -27 -8 -29 -15
right_child=1 5 3 18 -6 7 27 -9 -10 -11 13 12 -14 29 -16 -17 -18 -19 19 24 21 22 -24 -25 -26 26 -28 28 -30 -31
leaf_value=0.013959322048814369 0.019684380148033549 0.10570221509041607 -0.028938607813934591 -0.037459401770987777 -0.02893836490000623 -0.01878903295458802 0.059409066120964742 -0.031339179546969048 0.089883103185273872 0.12424883716564475 -0.031042243676970994 0.15048780419296576 -0.026129635521985384 -0.00036950259819981988 0.085277337361146316 0.053322971902129826 0.013488229258544124 0.027616429687062773 -0.034871737385334341 -0.0038191259227376255 -0.031361610850175442 -0.0047062255742181779 0.087100129623957481 0.024530837500245258 0.080440880276304041 -0.027220765957843784 0.051233105617843534 0.17026290418720533 0.062336035900031998 -0.033753114821675478
leaf_weight=3.3103073327802131 2.1135134780779499 8.7370982901193237 2.2215630649588993 76.812277330085635 2.2356663630343965 2.953765373211354 3.8389116753824046 2.9794661914929756 5.3703029546886674 3.1601473088376224 7.4008424668572905 1.8155132913962038 1.6574434824287889 4.8180073322728285 2.4730871892534196 2.590295208618044 2.4600000074133277 1.7577707609161732 19.309805197175599 1.4131456669420017 2.9798165406100461 1.4712237184867276 1.2628676570020614 1.1362453559413552 1.3854367588646708 1.8443053164519383 1.5958439828827975 3.9036108264699605 3.2260087197646481 10.198082609102128
leaf_count=238 207 678 283 14820 265 202 269 295 367 310 935 207 208 658 324 340 285 201 3537 203 492 232 200 219 200 235 203 282 233 1394
internal_value=-0.000198086 -0.00658736 -0.0164823 -0.0206036 0.0569429 0.0666717 0.0946394 0.0303638 0.0534418 0.0921601 0.0068404 0.0351772 0.0548966 -0.00306108 0.0167063 -0.000953956 0.0777062 0.1093 -0.0311631 -0.0161304 -0.0248844 0.00903386 0.0496683 -0.0362565 0.0480891 -0.0173306 0.0125151 0.115788 0.135103 -0.0237336
internal_weight=188.432 174.154 154.113 146.604 7.50933 20.0406 14.2788 11.3035 8.32407 5.27366 40.8328 9.91229 7.69073 30.9205 15.9044 13.4313 6.03328 3.57328 105.771 27.8223 25.0237 5.71391 2.73409 77.9485 2.79858 10.841 3.44015 10.9685 7.12962 15.0161
internal_count=28901 27874 26318 25427 891 1556 1027 1118 569 517 5401 1264 965 4137 2085 1764 699 408 20026 4987 4584 944 432 15039 403 1369 438 768 515 2052
is_linear=0
shrinkage=0.05


Tree=27
num_leaves=24
num_cat=0
split_feature=13 20 16 20 21 12 21 13 19 20 21 12 3 13 20 19 7 13 1 21 11 20 15
split_gain=423.964 256.93 74.7776 136.438 66.0572 52.3798 19.058 13.9641 9.74154 18.5321 7.53648 10.6955 6.65699 4.86369 4.25183 13.5473 3.95804 1.413 3.55596 1.21256 0.690285 0.260261 0.616666
threshold=19.490159316263036 6.780489744390251 17.616020730864069 6.780489744390251 0.7138594032304596 -106.95297482846199 0.14501666308455705 39.053596650998998 2.5000000000000004 39.144900674245008 1.6381906322763102 -103.82260391626399 14.955218900942802 11.133080923498037 17.086170864996756 2.5000000000000004 0.042327484692073238 24.680225099050549 10.780575984860951 0.49671902741587504 -106.3789829194145 34.496125087209059 4.3520076196853615e-09
decision_type=2 8 2 8 10 2 8 2 2 8 10 2 2 2 8 2 2 2 2 8 2 8 2
left_child=2 4 3 -1 5 16 -3 -7 9 -5 11 -6 -9 -10 15 -8 -2 18 -16 -20 -11 22 -21
right_child=1 6 -4 8 10 7 14 12 13 20 -12 -13 -14 -15 17 -17 -18 -19 19 21 -22 -23 -24
leaf_value=0.10911817673418114 -0.025901431284751971 0.024510692803198522 0.10545067564762436 0.072988072975084542 -0.03035881998296704 0.10847134369345046 0.02757806123034753 0.083230602594709435 0.0084413990217561807 -0.0095593211625373039 -0.040084355796034678 0.037538325015970403 0.03222747824000901 -0.041011263818016938 0.0071334485576087991 -0.038137451032876205 0.017017006556968618 -0.04190089815746157 -0.0089779498051623888 -0.0094180467508617784 -0.036743493737722677 -0.039787760003272124 -0.033743248245836452
leaf_weight=36.337587045505643 9.9428102746605909 11.448680322617292 73.988322287797928 6.6649379096925294 10.072877453640103 37.336710659787059 9.4979097172617895 13.438054472208025 5.6690870989114037 4.8237665984779623 14.560806298628448 11.207921884953977 15.28319713845849 27.116678142920136 4.8576017171144477 31.923874862492085 9.6024601589888317 378.82963560335338 4.7375828791409731 4.7990388832986364 6.2131340876221621 53.114953460171819 9.5349329411983472
leaf_count=919 212 543 1145 227 288 391 393 212 223 200 477 321 242 1065 222 1320 204 18335 221 200 257 2492 397
internal_value=0.000262195 -0.0219727 0.0687441 0.0366199 0.0431234 0.0667628 -0.0375662 0.0877582 -0.0166654 0.0127657 -0.0136161 0.0054803 0.0580882 -0.0324635 -0.0390416 -0.0227742 -0.00501392 -0.0404666 -0.0329677 -0.0357268 -0.0266437 -0.0374471 -0.0267444
internal_weight=791.003 630.189 160.814 86.8252 121.445 85.6032 508.744 66.058 50.4876 17.7018 35.8416 21.2808 28.7213 32.7858 497.296 41.4218 19.5453 455.874 77.0441 72.1865 11.0369 67.4489 14.334
internal_count=28901 26412 2489 2195 2282 1107 24130 691 1890 602 1175 609 454 1288 23777 1713 416 22064 3514 3364 457 3164 597
is_linear=0
shrinkage=0.05


Tree=28
num_leaves=5
num_cat=0
split_feature=21 21 20 17
split_gain=28.6781 16.5985 21.38 1.22277
threshold=0.75228651233371868 0.41557197021610309 16.121959567414155 0.36774904737152919
decision_type=8 8 10 2
left_child=1 3 -3 -1
right_child=-2 2 -4 -5
leaf_value=-0.024352263949795658 -0.037807940737332443 0.29179334623573533 -0.016739140444537157 0.038766525295421655
leaf_weight=1.4034550711221574 9.7617471841513161 0.77406318759312864 0.67110940019483678 0.13957483772537671
leaf_count=2006 22127 1065 923 200
internal_value=-0.0013617 0.119185 0.200267 -0.00564375
internal_weight=12.7499 2.9882 1.44517 1.54303
internal_count=28901 4194 1988 2206
is_linear=0
shrinkage=0.05


Tree=29
num_leaves=15
num_cat=0
split_feature=20 20 21 10 2 8 8 3 2 6 18 11 1 6
split_gain=183.603 24.9349 36.0888 15.2013 13.5665 10.5796 8.80429 6.21161 1.31045 1.73033 1.20848 1.01543 0.387017 0.375301
threshold=4.528915043210656 0.13028891852209953 1.0233377004214352 3.5000000000000004 4.2436616487258965 0.18760680264704013 0.1369588784727043 27.685245025700002 4.4969804159043507 0.26507503993051379 4.0178907839455498e-07 -98.673703629521142 594.32163446188258 0.21583607054910739
decision_type=8 10 10 2 2 2 2 2 2 2 2 2 2 2
left_child=1 11 3 5 6 -3 -2 -7 9 -6 -10 -1 -4 -8
right_child=4 2 12 -5 8 7 13 -9 10 -11 -12 -13 -14 -15
leaf_value=-0.030657114440366173 0.11169240460284087 0.037613147554439348 -0.031451926728920554 0.1845101009102777 -0.027483350455835401 0.06338374229469998 -0.025592767431894415 0.15398768686005457 -0.041350156352762263 0.034311114978547184 0.011021168788407445 0.01142488447190578 0.00077022108613745499 0.0064481438401118047
leaf_weight=2.7086218488402674 1.5513018087949602 6.9794535273686131 3.0146296210587034 8.8398982244543731 1.9164412543177607 5.522632165811955 1.5744341565296065 6.8278227974660695 91.685744270216674 0.86261707590892911 0.73448154516518116 1.657876077108084 1.1524665383622048 0.90209577442146838
leaf_count=328 298 270 524 310 452 212 348 263 25029 203 201 200 201 200
internal_value=-0.000125605 0.0935345 0.108285 0.128027 -0.0359021 0.0943905 0.0460117 0.121256 -0.0398101 -0.00429872 -0.0408204 -0.0155278 -0.0241161 -0.015424
internal_weight=135.931 36.7034 32.3369 28.1698 99.2271 19.3299 4.02783 12.3505 95.1993 2.77906 92.4202 4.3665 4.1671 2.47653
internal_count=28901 2241 1713 988 26660 748 775 475 25885 655 25230 528 725 548
is_linear=0
shrinkage=0.05


Tree=30
num_leaves=31
num_cat=0
split_feature=20 13 19 12 1 10 16 21 20 19 1 1 13 20 3 3 20 20 13 3 1 11 13 11 1 5 5 13 0 1
split_gain=387.738 339.893 114.774 66.283 34.4352 31.2041 24.3874 20.2468 19.8399 30.5395 20.4204 18.443 13.3419 12.0243 11.9269 11.338 10.4352 9.76402 8.36416 7.19438 6.83674 4.72239 4.83282 3.90915 2.09399 2.05097 1.40195 1.39696 2.46419 2.25224
threshold=10.727285793358801 11.133080923498037 2.5000000000000004 -124.6052459138575 970.9031270305386 2.5000000000000004 9.0889782735242708 0.76423292771274853 42.935671899378058 2.5000000000000004 13.176988001787953 1015.793849819555 24.234325592416571 1.3053784027135953 21.642589536793704 55.427341955119857 27.586895119021104 1.0183291502908953 28.464822817120126 24.508189650801302 2.8837109234001854 -110.28954678206848 25.286280988777964 -112.10594045085948 121.62522148950102 -35.909161223613914 -55.304086863206798 21.341676123364575 119.24729813073951 55.919989825391859
decision_type=8 2 2 2 2 2 2 10 8 2 2 2 2 10 2 2 10 10 2 2 2 2 2 2 2 2 2 2 2 2
left_child=2 -2 5 -3 8 7 23 13 9 14 12 -6 -10 19 -5 21 -16 -7 -13 -1 -14 22 -11 -4 -25 -23 -12 29 -29 -28
right_child=1 3 6 4 11 17 -8 -9 10 15 26 18 20 -15 16 -17 -18 -19 -20 -21 -22 25 -24 24 -26 -27 27 28 -30 -31
leaf_value=-0.054505856321310421 -0.079351776115038852 -0.053562540769300719 -0.0072211299987592686 0.010477364002030268 -0.066246282269445275 -0.06946601093621102 -0.062864785148118649 -0.0009990192657394596 -0.046376240991832011 -0.0083046426565885258 0.01305535909341851 -0.019490166078757681 -0.016396936341541154 -0.080037814445806849 -0.077603509991827302 -0.026874096597163173 -0.0095932827994822147 -0.1025312232268627 0.026706700781873677 -0.017518577937217696 0.032352824334387957 0.0097963984527468448 0.027043272992097519 0.008690743395585029 0.031052542025879284 0.035431739187321835 0.0035597923622635464 0.009342823609259452 0.039253018911086526 0.032961790329188424
leaf_weight=35.838837292045355 83.057382680475712 24.674630329012871 11.610381353646515 15.300665482878683 11.120162986218928 71.469810485839844 9.7754205353558046 20.864885870367289 10.005711674690245 15.325539499521254 7.1099829971790305 17.866916015744209 9.7493605613708514 32.698514815419912 11.252306029200557 8.8534319996833784 11.047088433057068 46.265343591570854 19.426321424543858 22.486802998930216 21.884813647717237 9.3388663381338102 23.560362879186869 16.138806030154228 35.178533762693405 117.75532138720155 7.6975711956620207 7.7173962406814089 494.49509881809354 53.194082956761122
leaf_count=335 2167 693 273 286 220 401 210 205 243 391 217 388 257 278 204 246 200 260 422 211 578 270 600 393 857 3410 222 237 15211 1531
internal_value=-1.65885e-05 0.0168272 -0.047852 0.0258076 0.0281104 -0.0651222 0.00683728 -0.0455171 0.0305169 0.0172288 0.0350949 -0.0126507 0.00126005 -0.0556 -0.0232022 0.0260064 -0.0457691 -0.0832135 0.00464313 -0.0407815 0.0172865 0.0289712 0.0132532 0.018479 0.0243205 0.0336392 0.0375591 0.0378448 0.0388129 0.0293625
internal_weight=1282.76 980.433 302.327 897.376 872.701 229.624 72.7031 111.889 824.288 212.434 611.854 48.4134 41.6399 91.0242 37.6001 174.834 22.2994 117.735 37.2932 58.3256 31.6342 165.98 38.8859 62.9277 51.3173 127.094 570.214 563.104 502.212 60.8917
internal_count=28901 25578 3323 25192 24927 1763 1560 1102 23970 5560 18410 957 1010 775 702 4858 404 661 810 546 835 4671 991 1481 1250 3680 17400 17201 15448 1753
is_linear=0
shrinkage=0.05


Tree=31
num_leaves=31
num_cat=0
split_feature=12 20 1 1 4 5 20 8 1 20 19 12 9 2 3 20 5 5 5 9 12 15 8 12 5 4 10 15 19 13
split_gain=84.5117 21.7252 13.1762 17.6653 12.1528 12.7635 21.3252 10.3816 9.53253 9.06611 11.2539 8.4873 6.64849 7.89435 6.38661 5.81063 14.5911 6.36882 5.66196 5.1719 4.09406 4.00734 3.74413 5.11044 3.62958 3.58668 4.26598 2.92347 3.03737 2.86681
threshold=-119.236977173944 38.633729384789255 970.9031270305386 1015.793849819555 79.68254693315447 32.690161149900952 53.130173181578108 0.20447825251207699 4.780027304635456 0.58555727809401004 2.5000000000000004 -109.21878585425297 0.1836818923469288 5.3414410989425614 8.398018070654647 2.3562746189955655 -17.058929412596544 25.578050892877652 10.020384047223152 0.2689002043083108 -111.56710361082882 4.0909228730652385e-09 0.21158868063332562 -113.22740267872798 -5.6396733613551993 36.576430541810758 2.5000000000000004 5.6898683875744967e-09 3.5000000000000004 17.861004155333863
decision_type=2 8 2 2 2 2 8 2 2 10 2 2 2 2 2 10 2 2 2 2 2 2 2 2 2 2 2 2 2 2
left_child=4 9 8 -4 5 6 -1 -8 18 -2 14 12 -12 -14 -11 24 -17 19 -3 -18 -15 -10 23 -23 -16 -13 -27 28 -24 -25
right_child=1 2 3 -5 -6 -7 7 -9 21 10 11 25 13 20 15 16 17 -19 -20 -21 -22 22 27 29 -26 26 -28 -29 -30 -31
leaf_value=0.14215416775141632 -0.029935304904249019 -0.014105856627021364 0.11406349048525272 -0.025184630321801495 0.15930694753851571 -0.0077439659726231741 0.078283263199170103 -0.025476636563662489 -0.034432188214427402 -0.014347345936429241 -0.01570507771487175 -0.028649036578008515 0.11134531978878004 -0.020154892488658298 -0.01525397729058682 0.13486104172445967 -0.033778346921733635 0.076657639419713944 0.084361319346843072 0.042506169028203811 0.053299494684004613 0.063717180446507371 0.045899961923569182 0.031669455910266514 0.04048560421567271 -0.012484117140492997 0.052956726141214376 -0.038646821636717003 -0.027602843113399639 -0.024102963483435758
leaf_weight=7.3314842809923064 10.637331889010964 2.2978554116562009 3.1006673565134415 4.4814787954092026 4.4074472668580711 4.478113214019686 3.4897047188133001 4.4333065180107951 85.29278530459851 4.1051595830358591 4.4040997144766125 17.261053232010461 2.8588742134161285 3.2070058705285218 4.2373698027804503 4.5987984272651437 3.9442751212045515 3.5540818362496793 2.1001026332378387 3.0353687517344952 2.588557596318422 2.2348472224548486 1.7546557127498112 2.2838273933157351 6.1359300217591244 7.2201499366201451 2.6019926001317799 11.680635296739636 1.9304446391761301 6.9713152213953435
leaf_count=358 1075 219 289 417 208 213 204 260 14078 241 496 2589 307 361 204 281 261 223 200 200 292 310 256 325 295 990 357 1674 282 992
internal_value=-0.000445051 -0.00895669 -0.0220021 0.0384155 0.088163 0.065355 0.0859702 0.0238761 -0.026226 0.0112093 0.0178182 0.000394713 0.0320995 0.0555334 0.0406537 0.0497134 0.0687235 0.03066 0.0398317 0.000566269 0.0156685 -0.0291456 -0.0117224 0.00944597 0.0183774 -0.0154909 0.00814334 -0.0271614 0.00972231 -0.00859425
internal_weight=228.659 204.519 124.129 7.58215 24.1401 19.7326 15.2545 7.92301 116.546 80.39 69.7527 40.1417 13.0585 8.65444 29.611 25.5058 15.1325 10.5337 4.39796 6.97964 5.79556 112.149 26.8557 11.49 10.3733 27.0832 9.82214 15.3657 3.6851 9.25514
internal_count=28901 27760 19636 706 1141 937 744 464 18930 8124 7274 5534 1472 929 1740 1422 923 661 419 461 653 18511 3797 1595 499 4062 1347 2202 538 1317
is_linear=0
shrinkage=0.05


Tree=32
num_leaves=31
num_cat=0
split_feature=12 1 1 20 11 20 20 21 3 20 19 0 7 12 21 3 5 6 19 0 3 7 6 5 20 0 6 20 8 21
split_gain=46.6279 42.4877 17.4821 16.0167 9.78661 8.14983 13.7183 7.66079 7.52665 4.84081 13.9628 5.85824 5.78867 7.22342 5.6458 5.63733 3.14268 6.65208 3.64871 4.78884 3.0971 2.93484 2.89008 2.67464 2.67196 2.67004 2.0344 1.99255 1.98993 3.09482
threshold=-119.7081168315482 950.56252485243806 8.2238632934143272 27.586895119021104 -102.19119911294648 1.8514795658007903 34.496125087209059 0.094525482650554257 39.540557010590909 3.2166863544211104 2.5000000000000004 351.60970545938602 -0.012709160256349604 -108.17619233661797 1.4354646537794702 25.807944860251254 21.061892849493454 0.41872485588807545 4.5000000000000009 404.10310293767958 30.277836318400354 0.038800366453183972 -0.022655468443628642 20.687319053081403 294.38216490566305 382.80623025206108 -0.1941485067273184 24.595913451509755 0.36507325167239474 2.8479990022404604
decision_type=2 2 2 8 2 10 10 10 2 10 2 2 2 2 10 2 2 2 2 2 2 2 2 2 10 2 2 10 2 8
left_child=7 2 4 9 21 22 -7 -1 26 14 11 -11 13 15 -4 -12 24 18 -18 -20 -21 -2 -3 -15 -5 -19 -8 -14 29 -9
right_child=1 5 3 16 -6 6 8 28 -10 10 12 -13 27 23 -16 -17 17 25 19 20 -22 -23 -24 -25 -26 -27 -28 -29 -30 -31
leaf_value=0.011612159115527128 0.11066705028688172 -0.020971988947405824 -0.0309656626974288 -0.037133970796022486 -0.02863275715944133 0.12093315755593798 0.02960382180941426 0.059238523806375565 0.09004816293297474 0.12887812523620773 -0.0050925222878926832 0.021708846232524809 -0.033075714895826128 -0.021404724321253302 0.041312385197652408 0.10893298685419657 -0.03442892123827565 -0.0040929631485339809 -0.030913593529065593 -0.0047215416148120555 0.085191664789592683 0.026965396038487334 0.037305029703488736 0.040791735753638592 0.024934641284564581 0.07952169620242619 -0.024302352585529197 0.022166038474494849 0.045181096493162064 0.14305026247721161
leaf_weight=3.4951448384672412 3.2022211411967891 3.302919344510884 11.754816836211829 71.624994821380824 2.161880151834338 7.5205727978609493 1.6784309237264148 4.340724369045347 1.9630037136375904 2.4626246355474031 1.4951696344651302 2.795977829489857 9.4313519708812219 5.9258166183717593 2.505974986590445 2.260800123680383 18.124783260282136 1.4294777694158269 2.8197585390880713 1.4724760875105871 1.2966963229700921 2.5066961119882762 3.295121749863033 1.320704697165638 1.1233754479326308 1.4036602051928637 4.1666233916766906 1.2152064666152 3.4795552608557045 4.617399926763027
leaf_count=225 290 201 1155 14807 245 567 200 268 200 237 213 269 1587 955 246 322 3504 203 476 230 202 227 200 213 232 200 495 204 215 285
internal_value=-0.000194056 -0.00580216 -0.0154997 -0.0196779 0.0528784 0.0576164 0.0766117 0.0811759 0.0250389 0.00643946 0.0186925 0.0844698 -0.000309051 0.0240719 -0.0163898 0.0720152 -0.0304626 -0.0149325 -0.0239763 0.0100021 0.0488132 0.0834124 0.00921144 -0.00649724 -0.0358504 0.0472718 -0.00675952 -0.0254085 0.0984053 0.112466
internal_weight=186.194 170.261 148.334 140.464 7.8708 21.9267 15.3286 15.9328 7.80806 41.1684 26.9077 5.2586 21.649 11.0025 14.2608 3.75597 99.2952 26.5469 23.7137 5.58893 2.76917 5.70892 6.59804 7.24652 72.7484 2.83314 5.84505 10.6466 12.4377 8.95812
internal_count=28901 27874 26318 25427 891 1556 1155 1027 795 5401 4000 506 3494 1703 1401 535 20026 4987 4584 944 432 517 401 1168 15039 403 695 1791 768 553
is_linear=0
shrinkage=0.05


Tree=33
num_leaves=25
num_cat=0
split_feature=13 20 16 20 12 1 21 0 5 12 21 13 13 20 19 11 20 20 13 1 5 21 16 3
split_gain=361.711 186.09 83.6595 131.865 45.6823 22.3562 19.6207 16.0959 15.2534 10.9202 8.13242 7.9949 5.8134 2.91863 10.3475 2.36303 2.35164 1.66795 1.26681 2.3682 0.676792 1.69543 0.448903 0.0627935
threshold=21.130238862014327 6.780489744390251 21.274836997293729 10.210083150364351 -99.750703764332698 391.16474600665606 0.5441064204832452 386.18213564170259 29.087164252513354 -103.99280141373549 0.11681868556503351 33.18923079133652 10.566789456201848 17.086170864996756 2.5000000000000004 -106.97850435098248 2.0894628097485701 26.115274366154903 24.680225099050549 13.176988001787953 -19.010750727536095 1.6458295479366101 10.38920517087641 44.864454773528109
decision_type=2 8 2 8 2 2 8 2 2 2 8 2 2 8 2 2 10 8 2 2 2 8 2 2
left_child=2 4 3 7 8 -6 -5 -1 9 15 -3 -7 -8 14 -12 16 -2 -14 19 -15 21 -21 23 -19
right_child=1 10 -4 6 5 11 12 -9 -10 -11 13 -13 17 18 -16 -17 -18 22 -20 20 -22 -23 -24 -25
leaf_value=0.10322705400904973 -0.040960629540686827 0.0094740336346399757 0.094743618413544783 0.055436129223194124 0.01332460208980512 0.11034708923927437 0.015153851985736969 0.046996053960876499 0.060287022274197556 0.025502086745390208 0.019809200219720845 0.057788150463989288 -0.013471824435944449 0.0032379372117812902 -0.039290464371478206 -0.0030997013516669563 -0.0079971465596407366 -0.041212762723681295 -0.041818354341884321 0.0044552685257839087 -0.037832748336248084 -0.035697609108719379 -0.016369634061216349 -0.025580875341415416
leaf_weight=36.187593080103397 16.417373232543472 8.3604421392083168 75.679003939032555 7.0468545779585838 14.791816832497714 19.072597390040755 6.482659049332141 23.654524961486459 9.0222233887761814 16.9319585505873 9.1893082689493877 18.476030308753252 10.675400188192725 4.2679804712533942 28.562724413350224 11.861588831990955 8.685487225651741 33.005059026181698 354.58493838831782 4.1658934280276299 41.080931270495057 5.307209186255931 4.4531179461628199 7.3940788228064775
leaf_count=317 428 425 1338 288 208 227 269 208 204 378 396 220 475 206 1229 289 226 1545 18404 200 2036 254 208 346
internal_value=0.000254757 -0.0240241 0.0533083 0.0284388 0.0325275 0.0665697 -0.0186026 0.0821377 0.00361025 -0.00680277 -0.0383732 0.0866551 -0.0277627 -0.0392869 -0.0247649 -0.0218823 -0.0302987 -0.0329525 -0.0405624 -0.0318354 -0.0348018 -0.0193006 -0.0371942 -0.0390387
internal_weight=775.357 570.779 204.578 128.899 115.259 52.3404 69.0572 59.8421 62.9186 53.8964 455.519 37.5486 62.0103 447.159 37.752 36.9644 25.1029 55.5277 409.407 54.822 50.554 9.4731 44.8523 40.3991
internal_count=28901 25284 3617 3351 2155 735 2826 525 1420 1203 23129 447 2575 22875 1625 902 654 2470 21250 2640 2506 454 2094 1891
is_linear=0
shrinkage=0.05


Tree=34
num_leaves=5
num_cat=0
split_feature=21 21 20 13
split_gain=25.7704 13.6394 15.8551 1.22324
threshold=0.75228651233371868 0.41557197021610309 16.121959567414155 17.351889941871814
decision_type=8 8 10 2
left_child=1 3 -3 -1
right_child=-2 2 -4 -5
leaf_value=0.038691417955922812 -0.037589717456058561 0.24478377703668219 -0.016338820819960753 -0.024400767470117209
leaf_weight=0.14064611721551545 9.1892943280981836 1.0649185365473386 0.64472434381605126 1.4100774907856246
leaf_count=200 21332 1238 750 2006
internal_value=-0.00135621 0.10889 0.176623 -0.00575308
internal_weight=12.4497 3.26037 1.70964 1.55072
internal_count=28901 4194 1988 2206
is_linear=0
shrinkage=0.05


Tree=35
num_leaves=17
num_cat=0
split_feature=20 20 12 2 12 11 21 9 5 8 2 6 16 3 9 20
split_gain=149.727 22.2009 12.8909 11.9194 8.48463 13.2292 7.83862 7.40249 6.12273 2.82477 1.30162 1.76416 1.19493 1.00047 0.999005 0.348008
threshold=2.3562746189955655 0.13028891852209953 -108.56146731675449 4.2436616487258965 -70.990920784017291 -79.466517318935686 0.043232463202910056 0.12090062882184684 -12.201653098870848 0.23001140482065277 4.4969804159043507 0.26892904537840884 64.345857898953156 12.915121936944653 0.2323682732156627 4.528915043210656
decision_type=8 10 2 2 2 2 8 2 2 2 2 2 2 2 2 8
left_child=1 13 14 4 5 -2 -5 -4 -9 -10 11 -8 15 -1 -3 -12
right_child=3 2 7 6 -6 -7 10 8 9 -11 12 -13 -14 -15 -16 -17
leaf_value=0.010624070011694877 -0.022716177339136983 0.16681927061829932 0.11488873858035974 0.028888903591705841 -0.027714658289709395 0.17035658229128683 -0.027287683376315132 0.083226251324765757 -0.010062534066596983 0.04114978933831661 -0.012381499790696729 0.035541867047768391 0.01128798348945184 -0.03092212825914117 0.092026010180633333 -0.041306104633163893
leaf_weight=1.6979187966790048 1.1854954203590771 6.3311300724744823 5.2791221116203859 3.7445946428924799 1.9550855525303623 1.0818838467821479 1.8784650163725021 4.8783002933487341 4.8732125586830035 4.2657223381102085 2.1113241002894938 0.83294794429093599 0.72617497202008963 2.7943173011299223 6.3167898745741695 85.271577064180747
leaf_count=200 220 204 234 1042 365 201 457 227 232 203 616 202 211 328 204 24873
internal_value=-0.00014469 0.0848331 0.0990922 -0.0324269 0.0427226 0.093352 -0.0361943 0.0674118 0.0430714 0.0155425 -0.0391632 -0.00361055 -0.0402044 -0.0161438 0.138945 -0.0407552
internal_weight=135.224 36.4365 31.9443 98.7875 4.22246 2.26738 94.5651 19.2964 14.0172 9.13893 90.8205 2.71141 88.1091 4.49224 12.6479 87.3829
internal_count=28901 1790 1262 27111 789 421 26322 854 651 435 26221 659 25562 528 408 25489
is_linear=0
shrinkage=0.05


Tree=36
num_leaves=31
num_cat=0
split_feature=20 10 19 12 1 21 11 20 0 13 20 19 1 3 3 1 13 13 1 9 13 11 13 13 21 5 2 9 11 19
split_gain=322.341 293.088 91.2214 62.8176 35.5762 27.0974 22.811 21.9014 21.3556 22.0257 18.4338 27.2292 16.5593 11.6693 10.56 9.19798 7.59787 6.42228 6.04299 4.33098 4.2256 3.92654 4.62232 3.16419 2.64062 2.11301 1.79142 1.65698 1.48554 4.29922
threshold=10.727285793358801 11.500000000000002 2.5000000000000004 -123.56602457468775 929.54083285078661 1.0816043847884951 -118.70641856077899 1.8514795658007903 490.14945025768407 43.156094796643117 42.935671899378058 2.5000000000000004 11.906877329270801 55.427341955119857 21.642589536793704 1037.5400207049954 28.279867719665038 24.234325592416571 2.8837109234001854 0.26265325588900629 20.782465376289263 -110.28954678206848 25.286280988777964 12.57383450715824 0.8510401002031831 -35.909161223613914 3.8474093132952647 0.34123351662649887 -113.17267155455899 4.5000000000000009
decision_type=8 2 2 2 2 10 2 10 2 2 8 2 2 2 2 2 2 2 2 2 2 2 2 2 10 2 2 2 2 2
left_child=2 3 5 -2 10 7 -4 8 9 -1 11 14 17 21 -5 -6 -17 -12 -19 -11 -8 22 -13 -14 -22 -23 -25 -24 29 -28
right_child=1 -3 6 4 15 -7 20 -9 -10 19 12 13 23 -15 -16 16 -18 18 -20 -21 24 25 27 26 -26 -27 28 -29 -30 -31
leaf_value=-0.079727278787045261 -0.041547537547646819 -0.079306111731229798 -0.061817999494727507 0.011622406343005475 -0.031580292438653228 -0.01546032439564184 -0.0085240680950050482 -0.097185959169265382 -0.020154261741077428 -0.050853178540740007 -0.03087396628924978 -0.0062796039029273335 0.004342233712586639 -0.028891488264986734 -0.042105734792555367 -0.015557948375685374 0.031692460815742084 -0.016279334297046096 0.030602524123570441 -0.020206812793082004 -0.00018284203969935967 0.0085534867095166511 0.037224939001699896 0.0086336484310879438 0.029420002349061919 0.034908097859146295 0.034827767502803468 0.0071561367205595057 0.038712535798250382 -0.00014506373844702449
leaf_weight=84.230112439021468 33.907592691481113 73.103740785270929 9.3416677713394147 14.332372486591337 26.52245950140059 35.26282674074173 11.53074625879526 39.703685220330954 36.243261899799109 25.489405680447817 9.5872887149453145 15.964945413172243 7.6839314028620711 8.5768975317478162 22.648683380335569 16.571454314514995 15.589025562629104 9.7670570928603428 18.736072808504105 24.249983571469784 9.0996487122029048 8.978989150375126 15.186141969636084 6.0903372652828685 42.419833740219474 111.01159248501062 54.127651402726769 7.1734179873019457 452.63474017195404 10.444103237241507
leaf_count=527 992 1992 201 261 508 254 271 262 243 229 233 414 251 250 413 379 356 264 506 217 232 276 433 201 1080 3406 1678 204 14917 324
internal_value=-1.08113e-05 0.0161681 -0.0420317 0.0243141 0.0270461 -0.0565422 0.00721402 -0.0633374 -0.0549204 -0.0641068 0.0298938 0.0168676 0.0345227 0.0254524 -0.0215251 -0.0103345 0.0076106 0.00260477 0.0145304 -0.0366045 0.0182474 0.0285595 0.0141002 0.0368032 0.0242875 0.033023 0.0372706 0.0282975 0.0375905 0.0292552
internal_weight=1256.21 938.638 317.571 865.535 831.627 245.179 72.3919 209.916 170.213 133.97 772.944 203.873 569.071 166.892 36.9811 58.6829 32.1605 38.0904 28.5031 49.7394 63.0502 158.315 38.3245 530.981 51.5195 119.991 523.297 22.3596 517.206 64.5718
internal_count=28901 25578 3323 25331 24954 1763 1560 1387 1139 838 23831 5531 18300 4857 674 1123 735 925 770 446 1481 4677 995 17375 1312 3682 17229 637 17045 2002
is_linear=0
shrinkage=0.05


Tree=37
num_leaves=31
num_cat=0
split_feature=12 20 5 5 1 1 20 1 20 19 13 1 6 6 7 8 5 4 11 3 7 21 11 15 5 9 7 7 3 6
split_gain=68.9127 19.1125 14.0951 18.1445 11.7087 13.8427 10.9724 8.82926 8.68117 8.071 8.02462 13.2716 11.7323 13.5807 7.66937 5.63445 5.5888 5.43962 4.97191 6.91666 4.63094 4.29646 4.28087 4.03711 3.91798 3.68778 3.9321 3.43749 2.31547 2.76695
threshold=-119.236977173944 38.633729384789255 50.709324003732959 34.040744419176306 970.9031270305386 1015.793849819555 53.130173181578108 4.780027304635456 0.58555727809401004 2.5000000000000004 41.514724588676437 326.9792580792386 0.21204711935227397 0.35374451123308576 -0.20856418176548172 0.20447825251207699 12.335649290283355 6.1706009774639456 -105.06344176377299 19.669872964424354 -0.28705046249361205 0.77466426013281253 -102.75028836962798 4.0909228730652385e-09 26.006817665102805 0.108235828528652 0.023430928936791332 0.45240396915002284 55.427341955119857 0.1130283412148073
decision_type=2 8 2 2 2 2 8 2 10 2 2 2 2 2 2 2 2 2 2 2 2 10 2 2 2 2 2 2 2 2
left_child=2 8 3 6 7 -6 -1 16 -2 17 11 12 14 -14 -11 -8 -3 -10 24 21 22 -20 -12 28 -19 26 -25 -27 -9 -30
right_child=1 4 -4 -5 5 -7 15 23 9 10 20 -13 13 -15 -16 -17 -18 18 19 -21 -22 -23 -24 25 -26 27 -28 -29 29 -31
leaf_value=0.11427469392018615 -0.029949766969009209 -0.014947966185998291 0.14913909568981662 -0.027035930299857337 0.094807009946353937 -0.024777681871066454 0.068432562478158654 -0.035526289777015656 0.072192202384211451 0.067064376940509179 0.055714429614274391 -0.035768299380715171 0.18358564720224779 0.0069957754312246594 -0.016149042651714903 -0.0075873494340394079 0.081010588016543927 -0.024440221493840703 0.038355670782760587 0.072178152518561023 -0.033195538919491889 -0.032495693511383705 -0.027594100426515653 -0.011494490419826704 0.031001918427256837 -0.026985680247359031 0.061190288085172552 0.037873249680118931 -0.026712138045970193 0.049758465256809416
leaf_weight=8.7906963974237531 10.648503843694924 2.399811037350446 4.6886253817938268 4.8092987728305161 3.6699719447642556 4.3538830764591694 3.8842666572891185 76.698512374423444 6.7830499112606075 3.5079032238572863 2.5020708683878192 5.8025310486555099 1.8455224102363004 1.8969789156690238 6.4302856074646115 4.5094343298114836 2.1835564095526934 6.9265488376841011 3.2363893585279566 7.2144761402159929 15.320189781021329 3.3293000608682632 1.9316954980604357 3.658412082586441 4.3332999479025602 18.532322801649574 2.31440085824579 1.4049076116643844 1.763454137835653 1.0941204712726174
leaf_count=387 1059 219 200 209 323 383 219 14185 371 401 386 712 205 211 735 254 200 383 204 399 2438 210 298 482 240 2798 305 212 322 200
internal_value=-0.000438127 -0.00819826 0.0759548 0.0545458 -0.0209916 0.0343633 0.0776088 -0.0253006 0.010319 0.0166852 0.00134546 0.0235157 0.049384 0.114426 0.0166689 0.0311316 0.037089 0.0349816 0.0225164 0.0415903 -0.0206004 0.00288222 0.0210201 -0.0283349 -0.00231521 -0.0106558 0.0214064 -0.0208247 -0.0338889 0.00787605
internal_weight=226.464 199.782 26.6823 21.9937 118.073 8.02386 17.1844 110.049 81.7087 71.0602 39.2372 19.4832 13.6807 3.7425 9.93819 8.3937 4.58337 31.8231 25.04 13.7802 19.754 6.56569 4.43377 105.466 11.2598 25.91 5.97281 19.9372 79.5561 2.85757
internal_count=28901 27760 1141 956 19636 706 757 18930 8124 7274 5534 2390 1552 416 1136 473 419 1740 1385 762 3144 414 684 18511 623 3797 787 3010 14714 522
is_linear=0
shrinkage=0.05


Tree=38
num_leaves=31
num_cat=0
split_feature=12 1 1 20 11 1 3 20 20 21 20 19 20 7 12 21 4 6 19 0 3 5 20 1 21 5 8 8 8 6
split_gain=38.2243 35.7332 15.8477 14.9121 8.49374 7.21404 6.28728 6.2525 7.89295 6.1429 4.9232 10.7856 5.62428 5.54275 6.25144 5.39225 3.25235 6.3535 3.65785 4.58282 3.14206 2.8047 2.66136 2.63061 2.61633 2.54048 2.06879 2.46553 1.99189 1.91247
threshold=-119.7081168315482 950.56252485243806 8.2238632934143272 27.586895119021104 -102.19119911294648 1037.5400207049954 15.335793201911851 2.3562746189955655 28.488293251829752 0.094525482650554257 3.2166863544211104 2.5000000000000004 11.135100155593252 -0.012709160256349604 -108.17619233661797 1.4354646537794702 51.061892849493454 0.41872485588807545 4.5000000000000009 404.10310293767958 30.668316841600653 16.653354192698004 294.38216490566305 275.27140246555507 2.5335613411725806 20.687319053081403 0.13491942372830715 0.081231910200692897 0.25160624036137996 0.27649891680647182
decision_type=2 2 2 8 2 2 2 8 10 10 10 2 10 2 2 8 2 2 2 2 2 2 10 2 8 2 2 2 2 2
left_child=9 2 4 10 21 28 -7 -8 -9 -1 15 12 -12 14 23 -4 22 18 -18 -20 -21 -2 -5 -13 -19 29 27 -15 -3 -16
right_child=1 5 3 16 -6 6 7 8 -10 -11 11 13 -14 26 25 -17 17 24 19 20 -22 -23 -24 -25 -26 -27 -28 -29 -30 -31
leaf_value=0.0097713057637590136 0.028627194273181833 0.043543407366695333 -0.031033627605932541 -0.03678970106977833 -0.02833171291056193 -0.018784708466175283 -0.015002580456477314 0.11701669226635621 0.00084244273506475754 0.085138649401104757 0.12058263781480139 0.094137453117452793 0.022012631859600958 -0.02537859707678183 -0.034230144727579057 0.038767640681744514 -0.033962513589834542 0.078283404378911167 -0.030436832973159741 -0.0049828543145422222 0.085141178660028877 0.1056235324270976 0.025260629482543012 0.010427405759186562 -0.0041605609648958887 0.040157236195547764 -0.036929651202972702 0.048028830219096041 0.10149089676948196 0.023250607570121387
leaf_weight=3.6509554805234119 3.1321893786080199 5.2942610266618475 11.825550278648732 66.821532069239765 2.092304506339131 5.0496251028962424 2.3783560837619024 3.027760686352849 2.3180844360031188 13.822300584055482 2.32900714175776 2.2474651159718659 3.5592105039395392 1.5390648017637436 4.4728291849605792 2.6157614681869754 17.014618315733976 1.4277731631882509 2.6628187326714405 1.4901684653013958 1.2974839378148315 3.0049226391129196 1.1131005859933794 1.7104259459301827 1.4354584673419586 1.3385908352211116 7.4687397270463407 1.1340858312323687 5.5406014118343592 1.1784109994769094
leaf_count=215 264 214 1147 14793 227 442 217 304 233 812 200 304 306 271 761 254 3472 201 461 231 201 253 246 231 202 224 1319 200 224 200
internal_value=-0.000187785 -0.0050151 -0.0145075 -0.0187313 0.0491577 0.0507004 0.0224909 0.0485347 0.074712 0.0707724 0.00613968 0.018525 0.0728462 0.000747317 0.0243725 -0.0166986 -0.0297247 -0.0136804 -0.0230173 0.0111182 0.0483683 0.075844 -0.0354213 0.0673615 0.0465728 -0.00535368 -0.0246536 0.0103616 0.0792477 -0.0205505
internal_weight=183.993 166.52 142.912 134.682 8.22942 23.6087 12.7738 7.7242 5.34585 17.4733 41.4191 26.9778 5.88822 21.0896 10.9477 14.4413 93.263 25.3283 22.4651 5.45047 2.78765 6.13711 67.9346 3.95789 2.86323 6.98983 10.1419 2.67315 10.8349 5.65124
internal_count=28901 27874 26318 25427 891 1556 1118 705 537 1027 5401 4000 506 3494 1703 1401 20026 4987 4584 944 432 517 15039 535 403 1168 1791 471 438 961
is_linear=0
shrinkage=0.05


Tree=39
num_leaves=25
num_cat=0
split_feature=13 20 16 19 20 12 21 13 4 21 21 3 13 5 20 19 9 20 5 21 16 1 0 21
split_gain=310.075 165.973 73.2803 108.934 53.2824 38.2341 34.3996 12.4486 10.1087 8.21404 7.18246 4.72217 4.20385 3.20258 3.04459 9.52652 3.0247 2.49705 1.64303 2.63548 1.12548 2.46911 0.569728 0.382557
threshold=21.130238862014327 6.780489744390251 17.616020730864069 2.5000000000000004 26.115274366154903 -106.95297482846199 1.1374320131621654 39.053596650998998 15.410501975159553 0.14501666308455705 0.45538001125295807 1.7660614181742103 29.411839465065388 23.018534200725156 17.086170864996756 2.5000000000000004 0.22667465384250376 2.0894628097485701 4.6440446586729012 1.6694932823424551 0.49016612411916455 33.408550363003009 307.19245287240807 0.3093991004139936
decision_type=2 8 2 2 8 2 10 2 2 8 10 2 2 2 8 2 2 10 2 8 2 2 2 8
left_child=2 5 3 4 16 13 7 -7 -9 -3 -6 -5 -8 17 15 -11 -1 -2 19 -13 23 -22 -23 -16
right_child=1 9 -4 11 10 6 12 8 -10 14 -12 18 -14 -15 20 -17 -18 -19 -20 -21 21 22 -24 -25
leaf_value=0.065832613510469706 -0.040705105497104287 0.0060461880216506414 0.086048145607804924 0.013977821658346511 0.030744046732257446 0.079095551346001131 0.011377295944995324 0.0021569531161722087 0.055697822049313887 0.017345542236275435 -0.035634643395520318 0.012730015148207331 -0.038800013837159288 0.0071305520164441048 -0.021850861290034562 -0.039050604647786993 0.09554468921116599 -0.0056577125224468025 -0.040322151015678799 -0.03581540319328861 0.0071380755491031195 -0.01179521187309009 -0.037748607192902212 -0.041630079216368
leaf_weight=30.2859738599509 14.706216681748634 10.047105511650443 77.924941694363952 4.8023908175528041 4.9951168559491679 36.879346130415797 6.0457992013543871 13.797593256458638 23.830968156456947 9.5843891706317645 12.264100704342125 4.2932470832020044 10.25866312533617 7.7683506142348051 5.9404379948973656 26.809505067765713 32.361449886113405 8.0515234433114529 37.872088059782982 5.3317768257111302 3.880084132775667 3.6617155317217138 19.168352231383324 348.13464371114969
leaf_count=216 382 544 1341 200 202 394 210 208 360 427 495 202 357 201 331 1195 230 209 1645 251 209 202 1059 19415
internal_value=0.000247605 -0.0234311 0.0478587 0.024872 0.0612904 0.0280071 0.0441592 0.0584182 0.0366296 -0.0380715 -0.0157919 -0.0308763 -0.0206117 -0.0199204 -0.039146 -0.0241319 0.0824408 -0.0290656 -0.0356062 -0.0150016 -0.040514 -0.0282019 -0.0342556 -0.0413607
internal_weight=758.696 548.565 210.131 132.206 79.9066 121.338 90.8124 74.5079 37.6286 427.226 17.2592 52.2995 16.3045 30.5261 417.179 36.3939 62.6474 22.7577 47.4971 9.62502 380.785 26.7102 22.8301 354.075
internal_count=28901 25284 3617 3323 1143 2155 1364 797 568 23129 697 2180 567 791 22804 1622 446 591 2063 453 21182 1436 1261 19746
is_linear=0
shrinkage=0.05


Tree=40
num_leaves=4
num_cat=0
split_feature=21 20 20
split_gain=23.0801 12.3582 21.6503
threshold=0.75228651233371868 5.7203375950920803 16.121959567414155
decision_type=8 8 10
left_child=1 -1 -3
right_child=-2 2 -4
leaf_value=-0.022613209317378064 -0.037361942265222235 0.23469667074632528 -0.021292086916169448
leaf_weight=1.1845819955051449 8.6531286387762503 1.3207203692290936 1.044304100476438
leaf_count=1400 20494 1632 1290
internal_value=-0.00134944 0.0992915 0.148925
internal_weight=12.2027 3.54961 2.36502
internal_count=28901 4194 2922
is_linear=0
shrinkage=0.05


Tree=41
num_leaves=16
num_cat=0
split_feature=20 20 21 0 7 4 10 20 21 0 6 17 11 2 7
split_gain=124.727 14.6501 16.9211 12.8507 11.5556 7.66818 6.33797 3.3943 2.59361 1.38102 1.69502 1.30805 0.984758 0.371037 0.298598
threshold=4.528915043210656 0.13028891852209953 0.80118877076059414 139.32493045172254 0.12234909405079543 21.129120003084655 3.5000000000000004 1.3053784027135953 1.0480736821806302 179.49145490248551 0.26892904537840884 9.8007598042501751 -98.248354707585278 5.1224625032078546 -0.11049127033841087
decision_type=8 10 10 2 2 2 2 10 10 2 2 2 2 2 2
left_child=1 12 4 5 6 -2 7 -3 -4 10 -5 -11 -1 -10 -7
right_child=3 2 8 9 -6 14 -8 -9 13 11 -12 -13 -14 -15 -16
leaf_value=-0.031064424996795771 0.10088722487457871 0.044119330908770696 0.038719860029489205 -0.026805775031996194 0.041351970083626025 0.0040960670959702605 0.14383751980059994 0.10121750379696691 0.00010899068851738189 -0.041276947445015047 0.035024596618916701 0.013828220446834315 0.010018121564189348 -0.031589160600751974 -0.024921466799323312
leaf_weight=2.8437928666826346 1.7440862474031744 7.5146640280727324 1.3727973909117288 1.7858868094626816 11.900971364928408 0.99879724485799881 8.7793926931917667 7.8983714780770242 1.1859842690173543 80.6183185656555 0.84522199351340532 0.64781931415200233 1.7286154101602722 3.0602820450440049 1.4699271547142407
leaf_count=328 321 202 200 445 295 200 204 212 200 25029 210 201 200 516 294
internal_value=-0.000164696 0.0653113 0.0744586 -0.0351559 0.0867124 0.0428706 0.106499 0.0777633 -0.00546124 -0.0395327 -0.00276767 -0.0406749 -0.0165224 -0.0244026 -0.0153852
internal_weight=134.395 46.2849 41.7125 88.1101 36.0934 4.21281 24.1924 15.413 5.61906 83.8972 2.63111 81.2661 4.57241 4.24627 2.46872
internal_count=28901 2241 1713 26660 894 775 561 414 819 25885 655 25230 528 716 494
is_linear=0
shrinkage=0.05


Tree=42
num_leaves=31
num_cat=0
split_feature=20 10 19 12 1 5 11 21 20 12 20 19 1 10 3 1 13 15 13 1 13 11 13 13 5 5 5 9 13 2
split_gain=270.26 253.608 71.2527 55.4379 33.0858 22.1642 19.4176 19.0483 19.5857 19.1149 18.9455 25.7997 16.3468 11.2219 10.963 9.90499 7.5422 7.1445 5.77757 5.68493 3.99682 3.87972 4.4101 3.14949 2.53512 2.16143 1.85197 1.65611 1.43172 2.7056
threshold=10.727285793358801 11.500000000000002 2.5000000000000004 -123.56602457468775 950.56252485243806 34.040744419176306 -118.70641856077899 1.0719377145741902 1.3053784027135953 -100.24864561563315 42.935671899378058 2.5000000000000004 11.906877329270801 2.5000000000000004 55.427341955119857 1037.5400207049954 26.563944534443063 1.3281603365247944e-09 24.234325592416571 2.8837109234001854 20.782465376289263 -110.28954678206848 25.286280988777964 12.57383450715824 20.363947160593703 -35.909161223613914 -55.304086863206798 0.34123351662649887 21.341676123364575 4.088051183244545
decision_type=8 2 2 2 2 2 2 10 10 2 8 2 2 2 2 2 2 2 2 2 2 2 2 2 2 2 2 2 2 2
left_child=2 3 5 -2 10 7 -4 8 9 16 11 13 18 -5 21 -6 -1 -17 -12 -20 -8 22 -13 -14 -22 -23 -25 -24 -28 -30
right_child=1 -3 6 4 15 -7 20 -9 -10 -11 12 14 23 -15 -16 17 -18 -19 19 -21 24 25 27 26 -26 -27 28 -29 29 -31
leaf_value=-0.032833014084935545 -0.036698642015620425 -0.073576582861165751 -0.055493874481277676 0.0090856280787079743 -0.035046456028317359 -0.082323989916713219 -0.0084288400847992249 -0.0066940618985673233 -0.071924264400713714 -0.055227010346042285 -0.029239596249259543 -0.006500394580140777 0.0036755531283148555 -0.043727162474028504 -0.027502767061612466 0.031238781390147075 0.0028063552936453424 -0.014907281209504783 -0.01580387595754711 0.029935812147963922 0.028879966082227912 0.0073818207608032987 0.036852950415917456 0.0072918540956415619 -6.7262405432996726e-05 0.034361155535249911 0.027880131799904336 0.0064529822866081152 0.0063467345346095968 0.038626447821972484
leaf_weight=29.438902733847499 35.827335257083178 72.405418932437897 9.6613106764852983 17.645334346219897 23.339713936671615 43.003419550135732 11.494017668068407 31.968997417017817 61.087953535839915 64.658948438242078 9.811924481764434 15.887625765055416 7.544855596497654 21.532070580869913 8.7564654685556871 14.985952703282239 28.693279085680842 16.750903137028217 9.84869432449341 17.802979506552219 40.562916330993176 8.6609656382352096 14.362886307761075 5.8294608723372212 9.2404407374560815 104.68618659302592 51.986491339281201 7.0204245150089264 7.0307741798460475 426.82980809174478
leaf_count=230 1099 2061 212 313 441 293 278 223 385 427 242 424 263 383 267 347 225 388 274 496 1069 282 428 205 243 3403 1830 209 250 15175
internal_value=-5.7509e-06 0.015526 -0.0373277 0.0234147 0.0261828 -0.0494555 0.00698594 -0.0425577 -0.0487229 -0.0366926 0.0289812 0.015669 0.0338679 -0.0203064 0.0245839 -0.0110252 -0.0154919 0.00717124 0.00195756 0.0136617 0.0175663 0.0277735 0.0132776 0.0362539 0.0236135 0.0323822 0.0367454 0.0276064 0.0370831 0.0381191
internal_weight=1228.36 898.546 329.81 826.141 790.314 258.852 70.9587 215.848 183.879 122.791 735.237 198.552 536.685 39.1774 159.375 55.0766 58.1322 31.7369 37.4636 27.6517 61.2974 150.618 37.2709 499.221 49.8034 113.347 491.677 21.3833 485.847 433.861
internal_count=28901 25578 3323 25331 24954 1763 1560 1507 1159 810 23913 5556 18357 696 4860 1041 455 735 925 770 1481 4680 995 17432 1312 3685 17286 637 17101 15425
is_linear=0
shrinkage=0.05


Tree=43
num_leaves=31
num_cat=0
split_feature=12 20 4 1 1 4 20 20 1 8 3 0 15 21 5 20 6 7 21 6 20 15 8 20 20 20 19 16 13 15
split_gain=56.2263 16.8717 10.5395 10.5297 11.4984 9.93039 11.0094 8.36256 8.18202 8.06496 7.66791 7.82567 7.84849 6.18405 6.90506 6.03541 10.2126 10.209 5.35032 5.30944 6.95466 4.09047 3.81209 5.03454 3.69363 6.92728 3.19089 3.28778 3.08679 3.06487
threshold=-119.236977173944 38.633729384789255 80.709324003732959 970.9031270305386 1015.793849819555 62.690161149900952 53.130173181578108 0.58555727809401004 4.780027304635456 0.20447825251207699 8.1778695571650157 603.34851862249104 3.042223522066912e-09 0.87199091447903354 -40.235640133615298 27.586895119021104 -0.068855200176926243 0.19978218816825336 3.8785946424267403 0.27649891680647182 13.162809062982001 4.0909228730652385e-09 0.21158868063332562 49.299887434997707 2.7725522379621403 18.461628974732854 3.5000000000000004 2.14926272484526 21.831754522699871 5.6898683875744967e-09
decision_type=2 8 2 2 2 2 8 10 2 2 2 2 2 10 2 8 2 2 8 2 10 2 2 8 8 10 2 2 2 2
left_child=2 7 5 8 -5 6 -1 -2 18 -8 -9 12 13 24 -15 17 -17 19 -3 20 -14 -10 23 -23 -12 -26 -25 28 -28 -24
right_child=1 3 -4 4 -6 -7 9 10 21 -11 11 -13 15 14 -16 16 -18 -19 -20 -21 -22 22 29 26 25 -27 27 -29 -30 -31
leaf_value=0.097635798093288262 -0.029923085212324209 -0.015482808031994845 0.12474006987865904 0.082441724566792121 -0.024442513521846686 -0.01181082335863155 0.062535883596629746 -0.023979786765174368 -0.033322322093560959 -0.025505697941689671 0.0094144055918990565 -0.034771109750132499 0.097948029609022255 0.063049934427812857 -0.015429287998220499 0.003142332505952332 0.13948114398242067 -0.026474085156542017 0.07688247281459161 -0.0055784773430745498 0.013750326489857892 0.075495540881904133 0.012414692104055722 -0.033601994432874656 0.10067805260948332 -0.0019024529780872922 0.087704895709789454 -0.016985634172352573 -0.0038849891539358933 -0.038328524163094672
leaf_weight=9.9260450056754141 10.622421933803706 2.4619406079873452 5.5071585490368307 4.1257104771211734 4.2521498803980649 5.1712586665526032 4.1531123635359117 9.6061017583124322 74.315965512301773 4.430556807667017 6.5522257573902607 4.6919149761088192 6.4162059342488709 2.2540467963553921 19.404655412305154 2.1402352298609921 3.0847043865360311 4.7931181550957263 2.2942389538511625 2.8635998507961631 4.2202269700355828 1.4856977174058608 3.4536137999966749 4.0230982480570665 3.4878572025336325 2.5412267004139721 1.2521107029169818 2.6797607075423002 1.4180590263567865 10.620597115717826
leaf_count=399 1044 217 215 348 358 209 225 970 13861 239 468 465 463 305 2624 204 295 357 202 208 304 218 540 602 345 252 200 403 227 1662
internal_value=-0.000430541 -0.00740623 0.0658979 -0.0199452 0.0313714 0.0477141 0.0640972 0.00967241 -0.0243383 0.0191726 0.0158392 0.0222456 0.0273902 0.011536 -0.00483972 0.0490605 0.0931104 0.0323048 0.0346877 0.0535605 0.0685934 -0.0274848 -0.00947109 0.0121849 0.0380075 0.0633214 -0.004161 0.0197835 0.0512584 -0.0258793
internal_weight=224.25 195.061 29.1881 112.383 8.37786 23.681 18.5097 82.6785 104.005 8.58367 72.0561 62.45 57.7581 34.24 21.6587 23.5181 5.22494 18.2932 4.75618 13.5 10.6364 99.2489 24.9329 10.8587 12.5813 6.02908 9.37303 5.34993 2.67017 14.0742
internal_count=28901 27760 1141 19636 706 956 744 8124 18930 464 7274 6183 5690 3828 2929 1862 499 1363 419 982 767 18511 3797 1595 899 597 1403 804 427 2202
is_linear=0
shrinkage=0.05


Tree=44
num_leaves=31
num_cat=0
split_feature=12 1 1 20 20 20 3 11 3 21 1 2 3 11 7 8 4 19 9 20 2 6 20 3 7 1 6 13 20 9
split_gain=30.9393 30.3864 14.7871 11.5024 7.8236 10.9289 15.2112 7.46143 6.24325 4.84403 4.15952 7.08697 11.9353 5.63023 6.84406 4.84047 3.40006 6.21446 6.19733 7.84404 7.62261 2.81963 2.81648 2.50426 2.28356 1.84381 1.77658 1.74001 4.95129 1.20086
threshold=-119.7081168315482 883.2628233153406 8.2238632934143272 27.586895119021104 1.3053784027135953 34.496125087209059 22.681323361075954 -102.19119911294648 40.111632302115858 0.094525482650554257 301.15234253754704 5.1282847159506018 33.211815804580105 -108.20828876515598 -0.012709160256349604 0.39990623326918767 51.061892849493454 3.5000000000000004 0.20713026708365281 60.677416131254056 5.192100097994282 -0.0075217834007144093 294.38216490566305 35.447374157153405 0.038800366453183972 575.5904210305531 -0.20592886456736084 21.557395007260848 71.374607698076616 0.25476592942660875
decision_type=2 2 2 8 10 8 2 2 2 10 2 2 2 2 2 2 2 2 2 8 2 2 10 2 2 2 2 2 10 2
left_child=9 2 7 10 21 6 -6 24 26 -1 11 12 -4 14 -13 29 22 -18 19 -19 -21 -3 -5 -20 -2 -17 -7 -11 -29 -12
right_child=1 4 3 16 5 8 -8 -9 -10 27 15 13 -14 -15 -16 25 17 18 23 20 -22 -23 -24 -25 -26 -27 -28 28 -30 -31
leaf_value=0.0082356371287413532 0.091657123578254576 -0.032731901959816144 0.11396312790002937 -0.03635325527245372 0.02771984867185269 0.020730359023586855 0.14035096319298243 -0.028021423487521735 0.067846346099955976 0.037660191282166022 -0.037327541361439488 0.075231124288112142 -0.02720736794168372 -0.025993463235806116 -0.0188677806968876 -0.0013084743952880523 -0.035052976639734355 -0.026074257466101671 -0.034485283276840771 -0.0030973265140345528 0.13940418307084601 0.024027480637394325 0.028672561514208585 0.023526893949958667 0.022692483423956675 0.05658648165456022 -0.026802157549007794 0.11864386319656045 0.039137313974874945 -0.0089756204583049497
leaf_weight=3.7894090092740997 3.7960488698445278 3.374690020456911 3.1145200985483878 61.534947942942381 6.7100940835662213 2.0533692720346215 5.5140095995739102 2.023700987454502 2.5583133562467992 5.1363071114756176 7.9567626155912903 3.1966692530550072 1.8465331904590128 7.9112634304910854 2.9833813318982756 2.4868062739260504 12.549885024316612 1.6504726340062925 4.6666855965740988 1.3695469251833861 1.7132033780217168 3.4030266851186779 1.0109535208903253 1.9335740781389175 2.7356947045773268 1.959249652456492 4.9995839502662376 5.1553595536388448 5.0184037839062512 7.8333793585188687
leaf_count=204 300 230 393 14608 287 244 236 211 267 258 1004 419 233 1182 392 276 2591 304 862 252 315 232 240 357 217 217 594 261 254 988
internal_value=-0.000182677 -0.00421933 -0.0142377 -0.0186683 0.0416872 0.055698 0.0852965 0.0460089 0.0135624 0.0615129 0.00371463 0.019967 0.0656691 0.000591597 0.0335043 -0.0118066 -0.0287692 -0.0120394 0.0142202 0.0526377 0.0908438 -0.00480839 -0.0348675 -0.0166309 0.0696206 0.0299099 -0.0121079 0.0733862 0.0864382 -0.0246346
internal_weight=181.986 162.886 134.273 125.718 28.6131 21.8354 12.2241 8.55544 9.61127 19.0995 39.2886 19.0524 4.96105 14.0913 6.18005 20.2362 86.4293 23.8834 11.3335 4.73322 3.08275 6.77772 62.5459 6.60026 6.53174 4.44606 7.05295 15.3101 10.1738 15.7901
internal_count=28901 27874 25887 24996 1987 1525 523 891 1002 1027 5217 2732 626 2106 811 2485 19779 4931 2092 873 567 462 14848 1219 517 493 838 768 515 1992
is_linear=0
shrinkage=0.05


Tree=45
num_leaves=26
num_cat=0
split_feature=13 20 16 19 20 12 21 13 21 1 21 3 13 20 19 5 6 20 4 21 16 1 0 20 21
split_gain=269.608 148.583 64.0432 91.0458 38.9724 32.6753 26.9332 9.53474 9.26937 9.14005 8.19371 4.26896 4.059 3.10331 8.73466 3.09656 2.84968 2.35901 1.49187 2.79288 1.21333 2.6363 0.643516 0.557912 0.42535
threshold=21.130238862014327 6.780489744390251 21.274836997293729 2.5000000000000004 26.115274366154903 -106.95297482846199 1.1374320131621654 39.053596650998998 0.61767401481492312 569.65759523350312 0.14501666308455705 1.4778229948736101 29.411839465065388 17.086170864996756 2.5000000000000004 23.347589582020007 1.0000000180025095e-35 2.0894628097485701 34.644044658672904 1.6167957243987103 0.49016612411916455 30.516228094165005 301.08467140651811 128.45906376359252 0.3093991004139936
decision_type=2 8 2 2 8 2 10 2 8 2 8 2 2 8 2 2 2 10 2 8 2 2 2 8 8
left_child=2 5 3 4 16 15 7 -7 -6 -9 -3 -5 -8 14 -12 17 -1 -2 19 -13 24 -22 -23 -20 -15
right_child=1 10 -4 11 8 6 12 9 -10 -11 13 18 -14 20 -16 -17 -18 -19 23 -21 21 22 -24 -25 -26
leaf_value=0.08227484696189015 -0.040676234490797922 0.0064232636871736325 0.079754206018698093 0.013044226145075988 0.040005382435616327 0.067554021069130638 0.011056842310720058 0.0029842967786330057 -0.035572751308213378 0.051242366017698063 0.014931584067052944 0.014621115241443397 -0.038593509707055981 -0.020988734735353069 -0.038810001024948144 0.006258649609669955 0.055897152395986263 -0.0066854672664899131 -0.041424348178072813 -0.035763337265320896 0.0097938269118112847 -0.010065931750622807 -0.037503648905383394 -0.016892645907936571 -0.041541216725569083
leaf_weight=36.192724745720625 14.569171328097587 9.9608088359236717 77.12542824074626 4.7679661177098742 4.924618218094114 39.935422653332353 6.0766639877110711 16.66119421645999 12.145144186913965 23.330052878707647 9.9979103896766883 4.1177026499062777 9.7655783463269472 5.6678634770214558 25.217448089271784 7.9049075152724981 31.605761330574751 8.2713453955948353 32.253223996609449 5.3089219350367776 3.63000803254545 3.4142464138567474 18.294912224635482 4.566713845357298 325.13167163729668
leaf_count=239 379 574 1310 206 202 398 217 237 497 331 460 200 350 338 1162 203 208 215 1432 259 206 201 1074 203 19408
internal_value=0.000243185 -0.022891 0.0436233 0.022683 0.0541761 0.0242169 0.0385201 0.050228 -0.0127612 0.0317003 -0.0377651 -0.0297435 -0.0200232 -0.0389033 -0.0235614 -0.0201461 0.0709695 -0.0291637 -0.0343376 -0.0144631 -0.0403501 -0.0274389 -0.0338217 -0.0389088 -0.0412534
internal_weight=740.837 527.829 213.008 135.883 84.8682 126.514 95.7689 79.9267 17.0698 39.9912 401.315 51.0145 15.8422 391.354 35.2154 30.7454 67.7985 22.8405 46.2466 9.42662 356.139 25.3392 21.7092 36.8199 330.8
internal_count=28901 25284 3617 3351 1146 2155 1364 797 699 568 23129 2205 567 22804 1622 791 447 594 2094 459 21182 1436 1275 1635 19746
is_linear=0
shrinkage=0.05


Tree=46
num_leaves=5
num_cat=0
split_feature=21 7 20 20
split_gain=20.4048 11.5475 12.8069 17.7423
threshold=0.75228651233371868 0.16476233365769122 5.7203375950920803 16.121959567414155
decision_type=8 2 8 10
left_child=1 2 -1 -4
right_child=-2 -3 3 -5
leaf_value=-0.018617161509253105 -0.03712177143952413 -0.023452805340851195 0.257371932596339 -0.01654594032876652
leaf_weight=0.80641126184492018 8.1455794045759813 1.2787867723091038 1.144513643113896 0.65829672745894641
leaf_count=855 19563 1379 1216 700
internal_value=-0.00133227 0.0894895 0.136004 0.187133
internal_weight=12.0336 3.88801 2.60922 1.80281
internal_count=28901 4194 2766 1916
is_linear=0
shrinkage=0.05


Tree=47
num_leaves=14
num_cat=0
split_feature=20 0 20 21 7 1 11 12 5 3 17 12 12
split_gain=105.755 12.553 11.8685 12.5177 8.52708 6.20486 8.42506 4.68068 4.17812 2.52489 1.29974 0.969291 0.277638
threshold=4.528915043210656 179.49145490248551 0.13028891852209953 0.80118877076059414 0.12234909405079543 142.28704808227954 -81.76873362405199 -109.97734514880595 -34.983732254878184 39.540557010590909 9.8007598042501751 -97.964616623679291 -97.78122629695936
decision_type=8 2 10 10 2 2 2 2 2 2 2 2 2
left_child=2 5 11 4 7 6 -2 -4 -7 12 -3 -1 -5
right_child=1 10 3 9 -6 8 -8 -9 -10 -11 -12 -13 -14
leaf_value=-0.031169978099424137 -0.020937647876930348 -0.041236969659158247 0.11794572661768482 -0.031139398060303764 0.035697669341575207 0.053526213586142062 0.13676573285730714 0.065394250795439715 -0.032911907661896923 0.037807422896375419 0.013667301232690103 0.0094828587461028378 -0.0025369460787643991
leaf_weight=2.8808378765825191 1.0018952372483922 75.538348920177668 10.612326615955679 2.8614103468135017 12.798391920980064 1.0106114780064688 1.1935584703460334 16.756553596351299 3.6700658346526316 1.403639980824664 0.6525510773062706 1.7564031488727767 1.3308433773927393
leaf_count=328 222 25014 218 430 285 204 265 343 739 205 216 200 200
internal_value=-0.000190106 -0.0347534 0.0562887 0.0638984 0.0734411 0.0269178 0.0807675 0.0892105 -0.00811177 -0.00534875 -0.0405958 -0.0168215 -0.0242968
internal_weight=133.467 83.067 50.4004 45.7632 40.1673 6.87613 2.19545 27.3689 4.68068 5.59589 76.1909 4.63724 4.19225
internal_count=28901 26660 2241 1713 894 1430 487 561 943 819 25230 528 630
is_linear=0
shrinkage=0.05


Tree=48
num_leaves=31
num_cat=0
split_feature=20 13 19 12 1 20 19 10 16 1 1 3 21 10 21 3 13 9 14 5 11 13 1 3 5 6 5 5 0 13
split_gain=227.582 221.613 56.653 47.323 28.2287 19.6917 22.6794 18.2239 16.6846 14.7991 11.6622 10.2999 9.9481 8.73379 6.75081 6.43359 6.3144 4.81832 4.66508 4.5419 3.67854 4.5232 3.00866 3.50853 2.78766 2.73866 2.16297 1.84286 1.99497 1.69721
threshold=10.727285793358801 12.57383450715824 2.5000000000000004 -123.56602457468775 970.9031270305386 42.935671899378058 2.5000000000000004 2.5000000000000004 9.0889782735242708 10.780575984860951 1015.793849819555 55.427341955119857 0.7256591603840471 2.5000000000000004 0.026296650163411355 28.184324440776653 28.464822817120126 0.2228596735667159 1.110145840208496 4.3273577075798011 -110.28954678206848 25.286280988777964 298.21227907806309 35.258430900982951 -3.5933761460906495 -0.037858733009295424 -35.909161223613914 -55.304086863206798 93.742953318703613 21.341676123364575
decision_type=8 2 2 2 2 8 2 2 2 2 2 2 10 2 10 2 2 2 2 2 2 2 2 2 2 2 2 2 2 2
left_child=2 18 7 -3 5 6 13 12 22 19 -6 20 15 -5 -9 17 -12 -1 -2 25 21 -8 23 24 -4 -7 -22 -11 -29 -30
right_child=1 3 8 4 10 9 11 14 -10 27 16 -13 -14 -15 -16 -17 -18 -19 -20 -21 26 -23 -24 -25 -26 -27 -28 28 29 -31
leaf_value=-0.061551314901899135 -0.043277884608008028 -0.034226099217672314 -0.00071169026881530385 0.0071373213296788184 -0.04837792429483162 -0.0041168862822459967 -0.0089601250796545861 -0.0425592152058583 -0.049506950336625839 0.0067348193241463629 -0.015477108247916458 -0.02615908059127528 -0.00073008047363830959 -0.039236139922824292 -0.066490332905008179 -0.02101051247397168 0.025265680099517435 -0.03192326314827084 -0.069711773658318085 -0.016497607006408326 0.0064737546111029252 0.026931778661362857 0.030982914120849726 -0.012226305256426965 0.033406270101301309 0.034762708171577096 0.033740549258915675 0.0056122514512954424 0.026864411431909836 0.038113678840772394
leaf_weight=29.65175118483603 35.432244101539254 33.14502751454711 10.240055790171027 18.010631535202265 13.332234356552361 7.3055409267544791 14.171490950509904 61.777309723198414 10.158487025648354 5.7295857463031998 18.23603891953826 8.9357756860554201 23.989605817943811 21.516129374504089 77.905835654586554 44.198676206171513 17.861280176788568 33.193733785301447 52.888421714305878 16.341298464685678 8.4274012576788646 20.497660346329212 22.780216617509723 13.178267974406479 13.277753675356509 10.147131398320196 98.230769447982311 5.5239149145781985 48.717882407829165 406.08449232205749
leaf_count=200 201 1076 259 318 257 201 396 292 228 214 407 287 202 380 369 315 399 223 300 403 290 573 567 320 335 279 3384 207 1828 15239
internal_value=-2.5564e-06 0.01489 -0.0333509 0.0234884 0.0261195 0.0287339 0.014909 -0.0436644 0.00679519 0.0339429 -0.0102031 0.0237484 -0.0298872 -0.018451 -0.0562841 -0.0363544 0.00482042 -0.0466475 -0.0597103 0.00193199 0.0270655 0.0124206 0.0170711 0.00784217 0.0191276 0.0191469 0.0316663 0.0362549 0.0366069 0.0369703
internal_weight=1200.89 860.535 340.352 772.214 739.069 689.64 189.79 270.717 69.6348 499.85 49.4296 150.263 131.034 39.5268 139.683 107.044 36.0973 62.8455 88.3207 33.794 141.327 34.6692 59.4763 36.6961 23.5178 17.4527 106.658 466.056 460.326 454.802
internal_count=28901 25578 3323 25077 24737 23786 5521 1763 1560 18265 951 4823 1102 698 661 763 806 423 501 834 4643 969 1481 891 594 480 3674 17431 17243 17067
is_linear=0
shrinkage=0.05


Tree=49
num_leaves=31
num_cat=0
split_feature=12 20 1 1 9 20 5 1 3 0 15 9 20 5 21 1 21 20 6 9 9 5 10 1 15 8 3 1 15 19
split_gain=46.3241 14.8531 9.36829 9.57532 8.34709 7.98677 7.65012 7.56353 6.98912 7.20774 6.56183 6.48076 10.8566 5.40802 5.43123 5.23016 5.17138 7.41359 6.56188 12.3829 8.04272 4.97988 4.28572 4.53502 4.12564 3.74963 4.55628 8.22133 3.06196 2.95318
threshold=-119.236977173944 38.633729384789255 970.9031270305386 1015.793849819555 0.40651704945738049 0.58555727809401004 49.682546933154462 4.780027304635456 8.1778695571650157 603.34851862249104 3.042223522066912e-09 0.11703862133233757 18.461628974732854 -37.572785647883663 0.87199091447903354 151.18952849845104 1.0943361044180604 5.1257949667634106 -0.084776678877403797 0.14696874563190646 0.17189428642923812 13.026003040901054 1.5000000000000002 399.76506738658156 4.0909228730652385e-09 0.21158868063332562 27.181352807695554 127.80838079698201 5.6898683875744967e-09 3.5000000000000004
decision_type=2 8 2 2 2 10 2 2 2 2 2 2 8 2 10 2 10 10 2 2 2 2 2 2 2 2 2 2 2 2
left_child=4 5 7 -4 6 -2 11 21 -7 10 13 -1 -13 -10 22 -14 17 -12 20 -20 -18 -3 23 -15 -9 26 -26 -28 29 -27
right_child=1 2 3 -5 -6 8 -8 24 9 -11 16 12 15 14 -16 -17 18 -19 19 -21 -22 -23 -24 -25 25 28 27 -29 -30 -31
leaf_value=0.0025900720913809897 -0.029814967139365003 -0.01571104191958653 0.071713129911738074 -0.024131630985829346 0.0016383789809491303 -0.023547333438313382 0.1186101938432117 -0.032722493499230211 0.056856295143853645 -0.03457136893975743 0.058053948405186129 0.11723835828056746 0.06084945765345115 -0.0057941880078011395 -0.014023444477063211 -0.0088238562898610047 0.078750331310337221 -0.021214096625108533 -0.0025282990447364996 0.12512903232222095 -0.023528132285989461 0.072097517057631122 -0.019200991959848011 0.067051254339046226 -0.014760796574665455 0.048232693384565685 0.11281692519432847 -0.0069229721181881801 -0.038112221675767201 -0.026443002294508845
leaf_weight=5.3862724867649474 10.523220859467981 2.4969102190807462 4.5984638840891412 4.160940773319453 5.5314837964251637 9.3589647109620255 5.7421542517840862 69.451137063093483 4.4699426479637578 4.540514565538615 4.3708065412938639 5.467999644577505 4.7093483866192392 2.903266298118985 18.380563388578594 4.6802701819688082 2.2387538105249458 5.7133447858504951 2.5785154816694513 5.8231913270428777 3.9243898163549602 2.429972842335701 2.9647619971074164 5.7731557325460017 6.0549130681902215 1.6834678067825757 1.5327982911840088 3.0565326865762472 9.9978430923074466 1.7131073456257579
leaf_count=200 1023 212 371 335 200 932 202 13751 496 441 247 202 217 213 2095 216 201 322 227 514 351 207 207 425 907 267 238 475 1644 271
internal_value=-0.000422072 -0.00665013 -0.018895 0.0283769 0.0578924 0.00909249 0.0693624 -0.0233454 0.015025 0.0209703 0.0257384 0.0504676 0.0665665 0.0111188 0.00269562 0.028614 0.0449648 0.0152812 0.0632144 0.0898488 0.0194316 0.0324542 0.0281148 0.0445963 -0.0265984 -0.00830479 0.0131845 0.0460984 -0.0251114 0.0131212
internal_weight=222.257 190.739 107.176 8.7594 31.5175 83.5634 25.986 98.4167 73.0402 63.6812 59.1407 20.2439 14.8576 34.4917 30.0217 9.38962 24.649 10.0842 14.5649 8.40171 6.16314 4.92688 11.6412 8.67642 93.4898 24.0387 10.6442 4.58933 13.3944 3.39658
internal_count=28901 27760 19636 706 1141 8124 915 18930 7274 6183 5690 752 548 3828 3422 433 1862 569 1293 741 552 419 812 638 18511 3797 1595 713 2202 538
is_linear=0
shrinkage=0.05


Tree=50
num_leaves=31
num_cat=0
split_feature=12 1 1 20 4 7 6 20 20 3 5 9 7 8 20 21 9 4 19 2 6 3 19 19 20 6 7 9 3 0
split_gain=25.6483 26.1259 12.8103 15.1534 7.63423 9.28624 7.37042 8.84147 5.98192 6.0239 5.18169 4.59185 4.52114 6.49402 5.43376 4.25046 6.35381 3.43524 6.27386 6.15074 5.75684 3.41537 3.4149 5.14654 2.99617 2.65185 2.39555 1.95649 1.84289 3.15322
threshold=-119.7081168315482 970.9031270305386 8.2238632934143272 27.586895119021104 8.9180713613352722 0.11836722495550502 0.34634523695017999 6.780489744390251 17.086170864996756 37.85009402503831 5.9285852077149004 0.30419827513804171 0.0078425887476152329 0.41761488335448421 20.39368656702565 2.8479990022404604 0.21264772823849756 51.061892849493454 3.5000000000000004 5.3086097004577413 0.34634523695017999 33.622714750817309 2.5000000000000004 3.5000000000000004 358.01915913724105 -0.0036841965391918303 -0.14604335082776296 0.097863270114476833 31.525097899718002 448.19898058117855
decision_type=2 2 2 8 2 2 2 10 10 2 2 2 2 2 8 10 2 2 2 2 2 2 2 2 10 2 2 2 2 2
left_child=15 2 10 4 5 22 7 -3 -9 25 26 -7 13 14 28 16 -1 24 -19 27 21 -21 -4 -24 -5 -10 -2 -20 -6 -30
right_child=1 6 3 17 12 11 -8 8 9 -11 -12 -13 -14 -15 -16 -17 -18 18 19 20 -22 -23 23 -25 -26 -27 -28 -29 29 -31
leaf_value=-0.015674936967211301 0.035530695362260889 -0.010612888935567354 -0.031610834234835204 -0.036197092607212877 -0.031444708857466454 0.13215810287943125 0.10399863314602015 0.10783788792918592 0.024575728441957538 0.081827702925431386 0.071699786238576341 0.021626086492144807 -0.023820517701267203 0.069175395993471916 0.050398088247415346 0.079151030181660198 0.056644942706270365 -0.034919991719025566 0.02417148383468036 -0.01856107111860681 0.11535575109638081 0.057279765610028101 0.085660176949879263 -0.014584714787117642 0.032132225659212088 -0.030920089914698579 -0.029390079196105992 -0.034196793938074517 -0.0281829528723571 0.04602203231386863
leaf_weight=4.3261042479425713 1.4759281622245928 8.1074009560979974 2.9646749547682703 59.753855325747281 7.6705741845071342 2.1107148458249876 3.3819534718059003 2.9341193065047273 4.1168569992296478 2.5559674403630197 5.0729800453409553 2.0149416769854724 15.029456990072502 2.9719941304065287 2.7027257294394085 9.1804989445954543 6.990971967112273 12.274317400064323 1.1480174390599129 2.9427221904043126 1.1737376751843838 1.4390676405746488 1.2877878597937535 2.3655624114908278 0.91611822415143251 2.7175020887516359 2.3396347193047387 4.4640283056069165 2.0375080085359532 1.7472958373837171
leaf_count=257 201 494 353 14866 921 250 206 203 387 204 509 238 1946 363 338 460 416 2618 234 539 202 264 206 378 228 256 319 911 236 203
internal_value=-0.000176401 -0.00350176 -0.0120368 -0.0161945 0.00787182 0.0423945 0.0437293 0.0293662 0.0544885 0.0290445 0.0430044 0.0929262 -0.00459201 0.0126619 -0.00298211 0.0546554 0.0299715 -0.0284183 -0.0115044 0.0149865 0.048399 0.0123617 0.00283011 0.0315658 -0.034661 0.00137918 -0.00211412 -0.0204069 -0.0186115 0.00853331
internal_weight=180.215 159.717 135.904 127.015 42.9032 10.7437 23.8138 20.4318 12.3244 9.39033 8.88854 4.12566 32.1596 17.1301 14.1581 20.4976 11.3171 84.1119 23.4419 11.1676 5.55553 4.38179 6.61803 3.65335 60.67 6.83436 3.81556 5.61205 11.4554 3.7848
internal_count=28901 27874 26424 25533 5440 1276 1450 1244 853 748 891 488 4164 2094 1771 1027 673 20093 4999 2102 957 803 788 584 15094 643 520 1145 1375 439
is_linear=0
shrinkage=0.05


Tree=51
num_leaves=25
num_cat=0
split_feature=13 20 16 19 20 12 21 13 21 5 21 3 13 20 19 5 9 20 4 21 16 1 5 21
split_gain=234.801 134.012 57.6082 76.7686 33.1466 28.1179 21.5012 8.51942 8.19142 7.8283 7.32325 4.39282 3.9357 3.16244 8.08251 3.03423 2.47213 2.25984 1.68483 2.8251 1.30213 2.84247 0.707976 0.468633
threshold=21.130238862014327 6.780489744390251 17.616020730864069 2.5000000000000004 26.115274366154903 -106.95297482846199 1.1374320131621654 39.053596650998998 0.14501666308455705 -14.589498024840447 0.59017216486717261 1.2397211526974201 29.411839465065388 17.086170864996756 2.5000000000000004 23.662914151428005 0.22465023602099879 2.0894628097485701 34.644044658672904 1.6059352760045151 0.49016612411916455 27.564586380197252 15.260201080116554 0.3093991004139936
decision_type=2 8 2 2 8 2 10 2 8 2 8 2 2 8 2 2 2 10 2 8 2 2 2 8
left_child=2 5 3 4 16 15 7 -7 -3 -9 -6 -5 -8 14 -10 17 -1 -2 19 -13 23 -22 -23 -15
right_child=1 8 -4 11 10 6 12 9 13 -11 -12 18 -14 20 -16 -17 -18 -19 -20 -21 21 22 -24 -25
leaf_value=0.048855265465846509 -0.040619855002517025 0.0069055412860446743 0.074118571128513042 0.01416714791224266 0.032392429313771905 0.059605339610701386 0.010865197406126431 -0.0020428497532326579 0.013057636260974961 0.042366538778215168 -0.035426108275800922 0.015402028670664536 -0.038388408191283058 -0.020113559551561168 -0.038563225175941136 0.0058563537843499885 0.072100981293768629 -0.0073505313213215575 -0.040031304752569913 -0.03561598914812996 0.012888959017605721 -0.037262243600826292 -0.0085201740084926755 -0.041451416471073005
leaf_weight=33.638104974292219 14.38116979412735 9.8525453750044107 77.513739971444011 4.5277010668069115 4.8538244646042621 42.225753116421402 6.0935681704431781 15.107211535796521 10.339432418346403 27.43285370990634 11.907313763163982 4.0478688003495336 9.3118463661521655 5.41140500549227 23.739728707820177 7.959166381508112 38.596494894474745 8.4184525329619646 34.519272909499705 5.1958031821995965 3.3686448866501477 17.479116080328826 3.2161965975537896 303.52033854089677
leaf_count=208 378 605 1305 204 202 397 224 202 492 366 495 203 343 346 1130 205 238 222 1641 260 201 1090 201 19400
internal_value=0.000241639 -0.0223307 0.0399091 0.0201977 0.047553 0.0211313 0.033897 0.0437025 -0.0374436 0.0269108 -0.0150686 -0.0301577 -0.0194315 -0.0386495 -0.022976 -0.0202005 0.0620909 -0.0291606 -0.0349576 -0.0139522 -0.04018 -0.0266593 -0.0333941 -0.0411438
internal_weight=722.658 507.857 214.8 137.286 88.9957 130.93 100.171 84.7658 376.927 42.5401 16.7611 48.2906 15.4054 367.075 34.0792 30.7588 72.2346 22.7996 43.7629 9.24367 332.996 24.064 20.6953 308.932
internal_count=28901 25284 3617 3323 1143 2155 1364 797 23129 568 697 2180 567 22804 1622 791 446 600 2080 463 21182 1436 1291 19746
is_linear=0
shrinkage=0.05


Tree=52
num_leaves=6
num_cat=0
split_feature=21 1 20 20 9
split_gain=18.2882 9.90242 15.2715 13.294 1.19366
threshold=0.75228651233371868 371.55627451530205 6.2622022233134356 16.121959567414155 0.042979352023171387
decision_type=8 2 8 10 2
left_child=1 4 -3 -4 -1
right_child=-2 2 3 -5 -6
leaf_value=0.035374555605403861 -0.036872825714212458 -0.020175382117755158 0.25518170714556704 -0.01342106837656531 -0.025703967591898486
leaf_weight=0.18915652440046327 7.6727942652360062 0.93685211139382085 0.99152885959483672 0.47491818407434039 1.5935367144411428
leaf_count=201 18699 897 914 438 1693
internal_value=-0.00131512 0.0818998 0.132028 0.19802 -0.00883975
internal_weight=11.8588 4.18599 2.4033 1.46645 1.78269
internal_count=28901 4194 2300 1352 1894
is_linear=0
shrinkage=0.05


Tree=53
num_leaves=16
num_cat=0
split_feature=20 2 20 3 12 11 5 11 20 0 8 3 2 6 17
split_gain=90.8039 10.823 10.3634 8.7599 7.40212 12.2285 6.44548 9.27103 5.66152 5.46916 5.05169 4.37016 1.44701 1.66125 1.29548
threshold=2.3562746189955655 4.2436616487258965 0.24170990294489453 41.484097735395203 -70.990920784017291 -78.769354337974931 25.212019929739252 -107.96055647295849 4.528915043210656 494.61462084535606 0.20977749328728026 14.181259813155551 4.4969804159043507 0.26892904537840884 9.8007598042501751
decision_type=8 2 10 2 2 2 2 2 8 2 2 2 2 2 2
left_child=2 4 11 6 5 -2 7 -4 9 -3 -9 -1 13 -10 -14
right_child=1 8 3 -5 -6 -7 -8 10 12 -11 -12 -13 14 -15 -16
leaf_value=0.03874402577476569 -0.023590975813363144 -0.033235657032019798 0.10688976576014005 0.10719508905525282 -0.027754338210764937 0.1543748522621291 0.010875112834296775 0.0022078585590599698 -0.026148972943545113 0.046773269785395602 0.058397812430872498 -0.03367344160838457 -0.041195134526366112 0.035720550274456586 0.01361902701306042
leaf_weight=2.6095819915644825 1.2878314421977868 3.2528501248452821 7.1765199510846243 8.8229929176159185 1.9611472233664236 1.2508800162468106 8.8496186125557852 6.5186521061696228 1.6699134872760626 3.327257183380425 9.6975358615163696 3.9384368183091283 70.780455258442089 0.82866626884788275 0.65397530514746904
leaf_count=246 214 216 230 252 344 207 264 231 438 221 344 372 24999 217 231
internal_value=-0.000214655 -0.0310023 0.0544901 0.0636009 0.0384232 0.0829418 0.0488057 0.062121 -0.0353062 0.00805446 0.0372506 -0.00350349 -0.0392214 -0.00128467 -0.0405122
internal_weight=132.626 85.013 47.6133 41.0653 4.49986 2.53871 32.2423 23.3927 80.5131 6.58011 16.2162 6.54802 73.933 2.49858 71.4344
internal_count=28901 27111 1790 1172 789 421 963 750 26322 437 575 618 25885 655 25230
is_linear=0
shrinkage=0.05


Tree=54
num_leaves=31
num_cat=0
split_feature=20 15 19 11 1 21 20 13 11 0 13 1 20 19 1 1 13 15 20 6 13 1 9 9 13 21 9 12 1 21
split_gain=192.958 198.873 57.2161 50.3228 25.758 18.6912 17.7129 17.2266 16.2537 14.1956 14.3532 9.58086 12.5054 12.7115 7.52364 6.63422 6.67228 5.39781 4.87404 5.33885 3.85323 3.51612 4.917 8.71364 3.4307 4.00542 3.08328 2.2338 1.92338 2.01165
threshold=13.162809062982001 7.4356511232580896e-08 2.5000000000000004 -125.13396182283049 950.56252485243806 1.0816043847884951 1.8514795658007903 25.95567989279893 -117.88422945741749 490.14945025768407 43.156094796643117 13.176988001787953 40.12142563848861 2.5000000000000004 2.8837109234001854 1037.5400207049954 28.279867719665038 2.8402073637594096e-09 27.586895119021104 0.34983775240596421 22.279832038731985 322.36990468859602 0.26265325588900629 0.1426897139859831 12.57383450715824 0.25602468579802506 0.26265325588900629 -119.7081168315482 275.27140246555507 1.2070180529028152
decision_type=8 2 2 2 2 10 10 2 2 2 2 2 8 2 2 2 2 2 8 2 2 2 2 2 2 8 2 2 2 10
left_child=2 3 5 -2 7 6 9 11 -4 10 -1 -5 13 -13 -9 -6 -17 -7 19 -16 -10 22 23 -15 -14 -26 -12 -20 29 -22
right_child=1 -3 8 4 15 17 -8 14 20 -11 26 12 24 21 18 16 -18 -19 27 -21 28 -23 -24 -25 25 -27 -28 -29 -30 -31
leaf_value=-0.056233497342648077 -0.040492069857083896 -0.061808071722582861 -0.04412718652142187 -0.020817461895693244 -0.02675900743077618 0.009597180730576315 -0.071354207066702466 -0.0074442270033661913 -0.0034406252432114186 -0.010803600731156202 -0.034950021432507077 -0.035312765870764838 -0.0061127460275327552 0.020858977603838934 0.02629288082521479 -0.013048628468714175 0.033154920494452254 -0.02571041822708783 0.015861438462579237 -0.016178809481534571 -0.0042769914292782266 0.034283366585976346 0.025703191894194052 -0.051341300635666325 -0.0097160406880278504 0.032646590467826218 -0.011356383261635163 0.037110140937650055 0.034736396862061716 0.022971513081725493
leaf_weight=96.162091875448823 29.297853015363216 75.84550978988409 11.783796638250349 15.876046707853673 23.952097777277231 20.814362682402134 49.958072505891323 10.651385555043815 16.946599293500185 40.38655374199152 30.049895484000444 16.92834585160017 6.4940804671496144 7.704857056960468 43.484373956918716 16.409778101369742 13.272780036553741 20.695968493819237 14.924820069223641 8.1716445572674257 9.3450499381870049 14.079255459830163 12.91245770268142 7.1895221248269081 5.4702392183244228 103.09406826272607 27.533582869917154 381.28309886343777 22.41476096585393 21.21384116448462
leaf_count=524 990 2361 282 491 452 208 288 409 448 237 233 416 233 217 1378 395 320 206 592 259 266 410 362 202 203 3824 213 15130 653 605
internal_value=1.11267e-07 0.0147473 -0.0289193 0.0227618 0.0254559 -0.0394439 -0.0447027 0.0282082 0.00790196 -0.0375137 -0.0444148 0.0154177 0.0188264 4.30738e-05 0.0334563 -0.00771771 0.00801886 -0.00819697 0.0344434 0.0193945 0.0171691 0.0148224 0.00412084 -0.0150296 0.0283447 0.0304429 -0.0240551 0.0363517 0.0237039 0.0147673
internal_weight=1174.35 807.042 367.305 731.197 701.899 285.601 244.09 648.264 81.704 194.132 153.746 189.749 173.873 58.8144 458.515 53.6347 29.6826 41.5103 447.864 51.656 69.9203 41.8861 27.8068 14.8944 115.058 108.564 57.5835 396.208 52.9737 30.5589
internal_count=28901 25125 3776 24710 24468 1823 1409 23456 1953 1139 838 5864 5568 1445 17592 1012 715 414 17359 1637 1849 1220 780 419 4123 4027 446 15722 1543 871
is_linear=0
shrinkage=0.05


Tree=55
num_leaves=31
num_cat=0
split_feature=12 20 20 1 1 3 0 5 4 20 8 11 13 1 19 1 13 1 12 8 0 21 15 6 12 5 11 5 16 13
split_gain=38.9023 13.0556 10.8537 6.6196 7.83231 6.34773 6.63449 6.3102 8.08191 7.11791 6.92548 6.00142 8.95678 7.46864 5.71385 5.68134 5.44801 5.01166 11.7641 11.4849 6.02931 4.68517 6.07707 4.42502 3.7564 2.65495 3.09732 1.99582 2.76439 4.26376
threshold=-119.236977173944 0.58555727809401004 38.633729384789255 970.9031270305386 1015.793849819555 8.1778695571650157 603.34851862249104 50.709324003732959 62.690161149900952 53.130173181578108 0.20447825251207699 -110.28954678206848 39.053596650998998 294.54525376187559 2.5000000000000004 4.780027304635456 24.234325592416571 60.777413851734202 -107.688514291218 0.24998892870304348 479.16156652294006 1.3256380276142401 3.1763735522036267e-22 0.059442272483674514 -112.40153094532677 20.363947160593703 -104.71172522512298 29.087164252513354 1.0000000180025095e-35 16.124342799716739
decision_type=2 10 10 2 2 2 2 2 2 8 2 2 2 2 2 2 2 2 2 2 2 8 2 2 2 2 2 2 2 2
left_child=7 15 5 17 -5 -3 11 8 9 -1 -11 12 13 -7 21 -2 23 18 19 20 -4 22 -13 -16 -14 -18 -27 -19 -29 -30
right_child=1 2 3 4 -6 6 -8 -9 -10 10 -12 14 24 -15 16 -17 25 27 -20 -21 -22 -23 -24 -25 -26 26 -28 28 29 -31
leaf_value=0.07584669969654774 0.036447936342439625 -0.023073617995429396 0.1667094665553549 0.06166776103624283 -0.023714163254428138 0.11441093525639906 -0.034353099481005962 0.092424673297226548 -0.013739604339091521 0.053766820974597035 -0.025737707382643679 0.045398052826103347 -0.032310708691136364 0.024401762507617119 -0.0089950439322027294 -0.036682043872307585 -0.030834849202927995 -0.029534828134555182 -0.027100707461503983 -0.015684030901800414 0.018317374259326086 0.064474225588147013 -0.010792769375144997 0.06652256677949718 0.04146729590071746 -0.025719691565124655 0.053024985905592174 -0.026482456698019508 -0.027048378259061003 0.057758570607032593
leaf_weight=11.868489087559288 2.0788843333721152 9.1018932033330184 1.3572737798094781 5.1257564593106499 4.0445274882949889 5.0115745044313362 4.3876439826563001 7.0281100384891033 5.5412016054615378 4.6118632191792139 4.490972007624805 8.0000550695695054 3.2767949770204732 4.8520514159463346 3.3056807289831376 35.662292215973139 11.863471938297153 42.988304347265512 8.5745898936875147 2.5023829499259591 1.355471392162144 6.4040425717830649 9.6877207127399725 3.0716075524687767 1.8956806152127683 1.5894822976551963 1.5484430049546061 4.9764977865852407 1.811534563079477 2.4320250265300274
leaf_count=421 372 895 205 395 311 319 418 239 200 235 229 329 348 308 400 6377 2125 8803 1455 402 205 280 398 371 202 249 243 947 318 426
internal_value=-0.000413429 -0.0059558 0.000755836 -0.0125436 0.0253813 0.0142531 0.0197591 0.0517814 0.0380396 0.0517238 0.0158774 0.0241778 0.0506657 0.0764561 0.0145171 -0.031817 -0.00428929 -0.0181134 0.00822979 0.0613333 0.117467 0.0307114 0.0156913 0.0314647 -0.00293403 -0.0205053 0.0165616 -0.0250953 -0.00353138 0.0233012
internal_weight=220.446 186.906 149.165 75.1684 9.17028 73.9961 64.8942 33.5406 26.5125 20.9713 9.10284 60.5066 15.0361 9.86363 45.4705 37.7412 21.3787 65.9981 13.7897 5.21513 2.71275 24.0918 17.6878 6.37729 5.17248 15.0014 3.13793 52.2084 9.22006 4.24356
internal_count=28901 27760 21011 13737 706 7274 6183 1141 956 744 464 5690 1177 627 4513 6749 3458 13031 2340 837 410 1055 727 771 550 2687 492 10691 1755 744
is_linear=0
shrinkage=0.05


Tree=56
num_leaves=31
num_cat=0
split_feature=12 1 1 20 5 20 20 3 20 20 5 5 17 7 3 3 7 3 4 5 6 19 0 20 19 7 0 20 5 1
split_gain=21.197 22.4766 12.1154 9.90865 6.13829 6.94905 10.8268 9.25302 4.53375 9.5349 4.78333 4.17434 4.04411 5.93696 4.03144 4.66609 5.56521 3.919 3.821 3.58124 6.1806 3.66827 4.24728 3.37506 3.34585 2.43969 2.19832 3.50693 2.17908 2.05715
threshold=-119.7081168315482 883.2628233153406 8.2238632934143272 27.586895119021104 29.464678488205802 1.3053784027135953 34.496125087209059 22.681323361075954 3.2166863544211104 4.528915043210656 42.77234346716871 5.9285852077149004 2.1316282072803012e-14 -0.039023398063903862 19.306530252211353 40.594165334858111 -0.16608844977113521 40.111632302115858 10.989249272463901 21.061892849493454 0.41872485588807545 4.5000000000000009 523.51895498014358 358.01915913724105 3.5000000000000004 -0.15821918776456753 509.95642052590705 16.566618968308504 8.2105959807627027 179.04403837205402
decision_type=2 2 2 8 2 10 10 2 10 10 2 2 2 2 2 2 2 2 2 2 2 2 2 10 2 2 2 10 2 2
left_child=12 2 11 8 5 -3 7 -7 18 -10 14 25 13 -1 -11 16 24 28 -4 23 21 -21 -23 -5 -16 -2 -18 -28 -8 -15
right_child=1 4 3 19 -6 6 17 -9 9 10 -12 -13 -14 29 15 -17 26 -19 -20 20 -22 22 -24 -25 -26 -27 27 -29 -30 -31
leaf_value=0.062228960507656056 0.036694080201271274 -0.005073338024551774 0.02135498701342356 -0.035584094922409208 -0.012403387012588521 0.034676726988511021 -0.025867208036666329 0.12858931132857862 0.097239071867347593 -0.027454974429692927 0.068071127416077418 0.064424636825716683 0.083268742611355917 0.026318905147997829 0.11111153597894022 -0.031907307216527937 -0.022574141425792442 0.055717044035936358 -0.033789963313263609 -0.032448250823177031 0.050544776720183565 -0.013154926880868202 0.072155205511673925 0.039772638386227424 0.017415377771301446 -0.02924639032429199 0.070520748039118994 -0.022836215673342822 0.02917902103783095 -0.017735091854743586
leaf_weight=7.4980198559351345 1.4391829832457026 5.4933312081266257 3.5998674721922734 53.975698239635676 5.3552536009810865 6.0069242799654647 4.6398022470530123 5.6596937379799783 2.1706344580743488 8.7911747230682593 1.6517752348445354 5.4841789910569787 5.684885373339057 3.9634220874868324 1.5595560723450117 3.1768176390323788 3.749433179385953 2.4847058090381324 10.077125756070016 14.144459266681229 2.6971221542917192 3.940969856455923 1.1207477720454333 0.73757712822407484 2.2345805335789919 2.3034893819130939 1.1518223343882723 1.1974420971237121 1.6923033797647804 4.7052310244180262
leaf_count=366 200 360 341 14648 340 224 550 211 331 1395 259 530 267 201 213 493 631 252 955 3338 607 730 208 200 304 320 202 210 200 238
internal_value=-0.000163497 -0.00274788 -0.0122603 -0.0167377 0.0344675 0.0442318 0.0570753 0.0867905 0.00361113 0.0158081 0.00463035 0.0401521 0.0487894 0.0325207 -0.0029311 0.0143436 0.0307615 0.0129197 -0.0188094 -0.0271033 -0.00945349 -0.0199635 0.0145214 -0.0338726 0.0710717 -0.00149948 -0.000795571 0.0303251 -0.00918251 0.00304583
internal_weight=178.387 156.536 125.204 115.977 31.332 25.9768 20.4834 11.6666 39.3602 25.6832 23.5126 9.22685 21.8516 16.1667 21.8608 13.0697 9.89283 8.81681 13.677 76.6166 21.9033 19.2062 5.06172 54.7133 3.79414 3.74267 6.0987 2.34926 6.33211 8.66865
internal_count=28901 27874 25887 24996 1987 1702 1328 435 5217 3921 3680 891 1027 789 3470 2027 1543 893 1296 19779 4931 4532 938 14848 517 520 1026 412 750 439
is_linear=0
shrinkage=0.05


Tree=57
num_leaves=26
num_cat=0
split_feature=13 20 10 19 12 20 13 1 5 21 21 12 20 19 0 4 21 20 11 2 16 1 5 21 1
split_gain=204.697 121.29 53.0521 68.7912 24.804 24.7997 11.4022 12.7803 10.6113 9.16811 8.18433 7.19223 3.22133 7.56957 3.19663 1.99957 4.44821 1.86883 2.28142 1.40228 1.39566 2.98533 0.755841 0.511955 0.020242
threshold=21.130238862014327 6.780489744390251 14.500000000000002 2.5000000000000004 -99.750703764332698 26.115274366154903 33.18923079133652 575.5904210305531 29.087164252513354 0.56029386686749461 0.14501666308455705 -103.99280141373549 17.086170864996756 2.5000000000000004 356.14312614481958 34.644044658672904 1.5133949959522803 2.3562746189955655 -106.97850435098248 4.7704769308228512 0.49016612411916455 24.355803615340353 15.609649133086604 0.3093991004139936 2.0056130304367454
decision_type=2 8 2 2 2 8 2 2 2 8 8 2 8 2 2 2 10 10 2 2 2 2 2 8 2
left_child=2 4 3 5 8 14 -6 -8 11 -7 -3 17 13 -12 -1 16 -5 18 -2 -17 23 -22 -23 -14 -25
right_child=1 10 -4 15 6 9 7 -9 -10 -11 12 -13 20 -15 -16 19 -18 -19 -20 -21 21 22 -24 24 -26
leaf_value=0.064139553432826707 -0.041132363073590715 0.0073851016705442796 0.069560768558116673 0.026491227114667011 0.060813683111777733 0.04015569748230724 -0.017885951270681304 0.044107991673160603 0.039928080671582794 -0.035382409533648081 0.011712623838572673 0.012959213176459981 -0.019233611063956255 -0.038318262193799607 0.040463225298349947 -0.0100882980130611 -0.036189563386903101 -0.0047612834143234382 -0.01093425002875285 -0.041309579068793685 0.01534790630171225 -0.036983656624840856 -0.0072182839279868712 -0.021367432361396304 -0.04152551249343852
leaf_weight=42.400178265757859 17.003432380035527 9.7467678841203451 77.121189415454865 3.9596227696165434 32.836582330986857 4.9002057556062972 13.525432793423532 18.919012581929564 11.310537591576574 11.831525018438695 10.596853464841841 19.785495931282643 5.1721275271847844 22.405599413439631 34.196589875966311 4.9204272152855983 5.7342169117182493 10.344684194773436 11.02859686128795 30.943740649148822 3.1814890280365971 16.607041887007657 3.0609572511166334 3.3871504031121722 280.02325089927763
leaf_count=247 357 636 1291 200 370 205 218 305 231 494 521 409 354 1101 200 236 290 243 231 1481 200 1099 203 232 19199
internal_value=0.000239027 -0.0217758 0.0365576 0.0178653 0.0184993 0.042307 0.0403813 0.0185019 -0.00234364 -0.0122427 -0.037108 -0.0111 -0.0383848 -0.0223817 0.0542269 -0.0320381 -0.0105034 -0.023518 -0.0300374 -0.037416 -0.0400036 -0.0258416 -0.0329246 -0.0410318 -0.0413606
internal_weight=704.943 488.935 216.008 138.887 134.754 93.3285 65.281 32.4444 69.4727 16.7317 354.181 58.1622 344.434 33.0025 76.5968 45.558 9.69384 38.3767 28.032 35.8642 311.432 22.8495 19.668 288.583 283.41
internal_count=28901 25284 3617 3353 2155 1146 735 523 1420 699 23129 1203 22804 1622 447 2207 490 902 588 1717 21182 1436 1302 19746 19431
is_linear=0
shrinkage=0.05


Tree=58
num_leaves=7
num_cat=0
split_feature=21 7 20 1 20 9
split_gain=16.679 9.14544 9.48821 12.3202 9.31316 0.822832
threshold=0.75228651233371868 0.16476233365769122 5.7203375950920803 371.55627451530205 16.121959567414155 0.053001212878730657
decision_type=8 2 8 2 10 2
left_child=1 2 -1 5 -5 -4
right_child=-2 -3 3 4 -6 -7
leaf_value=-0.018730772071462759 -0.03661785336428424 -0.023627797387281178 0.034590174240744863 0.2562528931261327 -0.0098247736338432073 -0.018850437941328322
leaf_weight=0.81532036897261184 7.2365611141722175 1.2982203880383165 0.20124988604220706 0.98359496268676672 0.30841368524124846 0.81811695118085481
leaf_count=721 17935 1230 201 685 215 815
internal_value=-0.00128094 0.0763923 0.113583 0.151818 0.216163 0.00360467
internal_weight=11.6615 4.42492 3.1267 2.31138 1.29201 1.01937
internal_count=28901 4194 2766 1916 900 1016
is_linear=0
shrinkage=0.05


Tree=59
num_leaves=15
num_cat=0
split_feature=20 0 3 21 21 6 1 0 7 4 6 16 8 0
split_gain=78.5866 12.309 8.24251 10.3581 9.93576 5.75494 6.05935 5.08257 3.45823 3.05051 1.86377 1.44757 0.630635 0.0658593
threshold=4.528915043210656 179.49145490248551 8.9865578250530671 0.51004512266520752 0.011862585384144402 -0.10023906732827557 142.28704808227954 442.43059571932855 0.065335678749290707 10.286877340620602 0.055581612516465657 66.714568115585337 0.24998892870304348 462.60453593353657
decision_type=8 2 2 10 10 2 2 2 2 2 2 2 2 2
left_child=2 5 10 4 -4 -2 -7 -6 13 -8 -1 -3 -10 -5
right_child=1 11 3 8 7 6 9 -9 12 -11 -12 -13 -14 -15
leaf_value=0.017990470728608026 -0.029311198563332586 -0.041153234070299229 0.022684728213571263 -0.031284931329335415 0.049951263501487923 0.11264784472540562 0.051619427697643876 0.099786500193889724 0.0065319985830162609 -0.027794419735274373 -0.024195681568397371 0.017819020139272411 0.048266703895224028 -0.0099806873095176982
leaf_weight=4.6277265006210646 2.336971754208208 66.481093828333542 12.93673424865119 2.8196867215447128 13.771866863593463 1.5356705393642185 1.050657382467763 14.107337451539932 1.9174504147376878 1.9725035256706176 3.9016281168442219 0.53796025132760406 1.6780243166722355 1.8602252067066727
leaf_count=239 485 25027 276 302 275 296 200 282 228 376 202 203 200 200
internal_value=-0.000239707 -0.0338864 0.0434053 0.0511427 0.0612573 0.0267309 0.0555643 0.0777508 2.91674e-05 0.00577525 -0.00182098 -0.0404249 0.0322744 -0.0260648
internal_weight=131.536 73.9149 57.6207 49.0913 40.8159 6.8958 4.55883 27.8792 8.27539 3.02316 8.52935 67.0191 3.59547 4.67991
internal_count=28901 26660 2241 1800 870 1430 878 557 930 576 441 25230 428 502
is_linear=0
shrinkage=0.05


Tree=60
num_leaves=31
num_cat=0
split_feature=20 15 19 11 1 13 21 21 11 10 1 20 19 1 5 11 7 20 6 5 15 13 1 9 9 21 13 4 0 6
split_gain=164.648 174.435 47.1752 44.8319 24.0582 16.9193 16.2551 15.4011 14.0623 12.0851 8.80584 11.7702 11.0905 7.26094 6.726 11.9889 6.37342 4.95202 5.13166 4.86888 4.63915 3.66549 3.39177 4.64114 8.57768 3.33195 3.61253 2.2521 2.02715 1.99377
threshold=13.162809062982001 7.4356511232580896e-08 2.5000000000000004 -125.13396182283049 950.56252485243806 25.95567989279893 1.0816043847884951 0.029732198310055455 -117.88422945741749 2.5000000000000004 13.176988001787953 40.12142563848861 2.5000000000000004 2.8837109234001854 27.527021151785554 -104.09966008882999 -0.27082048271196507 27.586895119021104 0.34983775240596421 -5.9683299719815492 2.8402073637594096e-09 22.279832038731985 322.36990468859602 0.26265325588900629 0.14696874563190646 0.25602468579802506 12.57383450715824 82.695386254239608 119.24729813073951 -0.2178331613506099
decision_type=8 2 2 2 2 2 10 10 2 2 2 8 2 2 2 2 2 8 2 2 2 2 2 2 2 8 2 2 2 2
left_child=2 3 6 -2 5 10 7 14 -4 -9 -5 12 -12 -7 15 -1 -6 18 29 -18 -8 -10 23 24 -14 -13 -27 28 -19 -15
right_child=1 -3 8 4 16 13 20 9 21 -11 11 25 22 17 -16 -17 19 27 -20 -21 -22 -23 -24 -25 -26 26 -28 -29 -30 -31
leaf_value=-0.0027500552047209129 -0.036569825609829736 -0.058229080378235924 -0.040160379522264117 -0.019819093586862839 -0.036151619692170844 -0.0072569763529763236 0.0099136277760045466 -0.036597607586474533 -0.0035246255232766277 -0.073366491167265221 -0.032300052562899584 -0.0086235947358891726 0.020867140846483827 0.010496326139951176 -0.04872399663678937 -0.035872408189036323 -0.017511646442949707 0.0053059926022303435 -0.01631102276332971 0.016765029408013422 -0.022494371021428067 0.023089886638422635 0.03382739994280947 0.025141796561681147 -0.05066079323424269 -0.0060140998249654121 0.031998543397613328 0.010618617548878547 0.036973603450250858 0.033859727658592513
leaf_weight=42.880166918039322 30.495493434369564 74.282143920660019 12.000607237219809 16.12410875223577 13.193980036303399 10.68999572470784 20.92798900604248 47.091228064149618 16.858646389096975 49.547005534172058 17.576386954635382 5.6006765849888325 7.7165772020816847 15.684256633743642 37.169886957854033 75.151750102639198 16.641622604802251 5.4950801953673354 8.1487987320870143 24.136909572407603 21.410924475640059 51.390793351456523 13.367851622402666 12.499056940898297 7.2228763699531555 6.3655739836394778 97.269022664055228 9.6167759858071786 355.67553093284369 25.885255694389343
leaf_count=235 1077 2412 292 515 247 436 205 278 457 293 435 211 216 523 201 413 312 234 268 452 209 1392 400 355 203 244 3736 408 15153 862
internal_value=2.44868e-06 0.0141279 -0.0262174 0.0218849 0.0246004 0.0274066 -0.0354613 -0.0402653 0.00768791 -0.0560076 0.0145856 0.0179931 -0.00015641 0.0328235 -0.0301674 -0.0239635 -0.00728816 0.0338572 0.0184593 0.00269246 -0.00661608 0.0165597 0.0141302 0.00368174 -0.0147237 0.0276068 0.0296285 0.0358667 0.0365078 0.0254983
internal_weight=1148.12 773.688 374.429 699.406 668.91 614.938 294.179 251.84 80.25 96.6382 183.742 167.618 58.3827 431.196 155.202 118.032 53.9725 420.506 49.7183 40.7785 42.3389 68.2494 40.8064 27.4385 14.9395 109.235 103.635 370.787 361.171 41.5695
internal_count=28901 25125 3776 24710 24468 23456 1823 1409 1953 571 5864 5568 1445 17592 838 648 1012 17359 1637 764 414 1849 1220 780 419 4123 3980 15722 15387 1385
is_linear=0
shrinkage=0.05


Tree=61
num_leaves=31
num_cat=0
split_feature=12 20 20 3 0 1 1 1 6 20 15 11 1 21 0 4 6 1 12 8 7 15 5 11 8 20 9 1 17 4
split_gain=32.2749 12.5036 9.37151 5.7994 6.14223 5.73895 6.81955 5.45148 5.41823 8.60851 8.87296 6.48495 7.65111 6.26168 5.74747 4.95982 6.27699 4.87711 10.9568 9.96702 3.95529 5.61527 6.65549 7.04376 7.7337 3.0934 2.2054 2.19123 2.0359 1.98552
threshold=-119.236977173944 0.58555727809401004 38.633729384789255 8.1778695571650157 603.34851862249104 970.9031270305386 1037.5400207049954 4.780027304635456 0.0036057264633151402 31.070947089663953 3.7604593776149113e-09 -110.3876261691445 341.55937810804852 0.60248456170242959 258.55789982233506 80.709324003732959 -0.030066764341237114 60.777413851734202 -107.688514291218 0.24998892870304348 0.10503903073396793 1.5881867761018134e-22 28.651250446324401 -102.47733057106849 0.24402108506667466 42.935671899378058 0.2228596735667159 771.89019116886914 0.20756069917883316 55.212019929739256
decision_type=2 10 8 2 2 2 2 2 2 10 2 2 2 10 2 2 2 2 2 2 2 2 2 2 2 8 2 2 2 2
left_child=15 7 3 -3 8 17 -7 -2 20 11 -11 12 -10 -13 -15 16 25 18 19 -4 21 27 23 24 -23 -1 -18 -5 -20 -19
right_child=1 2 5 4 -6 6 -8 -9 9 10 -12 13 -14 14 -16 -17 26 29 28 -21 -22 22 -24 -25 -26 -27 -28 -29 -30 -31
leaf_value=0.081127057751506193 0.034698481026084638 -0.022610492629807008 0.1085087509760649 -0.027884710562624655 -0.034135868683157385 0.049997320261276616 -0.031609127873910403 -0.036379564062068138 0.10796796420410258 0.01559364597399206 0.15298515601282894 0.049913743270698072 0.003852645183368913 0.043413180776541271 -0.026122111004484416 0.080468398035813737 -0.010744902855436285 -0.02938639912181076 -0.036604153870145074 -0.015053834750443949 -0.014759425674370073 0.018095239364967531 -0.01994696253508017 0.00012607441599676343 0.12971531768899136 0.027657239043115935 0.0262038463228224 0.025629406288274231 0.020236797761487759 -0.0047975623275707431
leaf_weight=6.5078082736581617 2.1482324856333426 8.8632423728704435 2.9329748949967342 5.48216974642129 4.2423671195283532 6.4291512123309067 3.0786431636661291 33.699382426217198 3.2737265746109259 2.3339798306114981 2.0313383615575731 5.3944820850156292 3.1361048510298133 2.9832595316693196 10.968871256802229 7.7825651373714209 6.423917925916613 38.485898720100522 6.9004240320064119 2.4205888607539237 11.411613213364033 3.010657218284913 3.0596520551480353 3.5134377172216693 3.3104896871373057 6.6922038746997705 8.2184962225146574 1.8219144614413378 1.2823667908087371 10.920242176856844
leaf_count=228 404 861 459 654 398 477 229 6345 225 260 226 498 216 327 1201 249 217 8328 1267 378 1075 244 226 281 268 234 277 218 236 2363
internal_value=-0.000405409 -0.00524396 0.00126451 0.0135852 0.0187129 -0.0114738 0.0230796 -0.031294 0.022831 0.0376761 0.0961245 0.0245476 0.0644226 0.00881947 -0.0093449 0.0461527 0.0341033 -0.0169726 0.00909916 0.0590644 0.00796334 0.0208919 0.0396784 0.0583575 0.0862857 0.0578754 0.0103431 -0.0130574 -0.0264626 -0.0241545
internal_weight=218.76 183.135 147.288 74.8373 65.9741 72.4503 9.50779 35.8476 61.7317 30.1218 4.36532 25.7564 6.40983 19.3466 13.9521 35.625 27.8424 62.9425 13.5364 5.35356 31.6099 20.1983 12.8942 9.83458 6.32115 13.2 14.6424 7.30408 8.18279 49.4061
internal_count=28901 27760 21011 7274 6183 13737 706 6749 5690 2713 486 2227 441 1786 1528 1141 956 13031 2340 837 2977 1826 954 787 512 462 494 872 1503 10691
is_linear=0
shrinkage=0.05


Tree=62
num_leaves=31
num_cat=0
split_feature=12 1 1 20 21 4 21 16 1 7 5 1 13 21 21 19 5 1 20 0 9 3 15 4 21 4 12 12 20 15
split_gain=17.4747 19.2906 10.4115 12.6377 6.86601 7.16039 8.52839 6.92381 6.08274 6.05729 5.27605 5.72965 4.84595 4.69202 4.73128 4.26778 7.3097 7.04899 4.79929 5.32313 4.55723 4.25444 6.35232 4.06471 7.36836 8.02714 3.81505 3.82904 2.9885 2.06888
threshold=-119.7081168315482 970.9031270305386 7.2287652825019606 27.586895119021104 0.22263645563770154 8.9180713613352722 2.6191848788546657 1.0000000180025095e-35 1037.5400207049954 0.057081427810437908 34.869426294194554 229.69764808736605 22.279832038731985 2.2620462995635005 1.5232930078593501 3.5000000000000004 20.363947160593703 41.530747010624104 87.102489319905359 359.66633839642208 0.21264772823849756 15.335793201911851 1.0000000180025095e-35 -4.8948745624056045 4.1733410201028009 67.594790791610777 -110.26116020908326 -91.322434739054003 358.01915913724105 5.3671730831954486e-09
decision_type=2 2 2 8 10 2 10 2 2 2 2 2 2 10 8 2 2 2 8 2 2 2 2 2 8 2 2 2 10 2
left_child=23 2 13 4 -4 6 7 9 -3 -6 26 -12 -10 14 -2 28 -17 -18 -19 -20 -21 -14 -23 -1 25 -25 29 -28 -5 -7
right_child=1 8 3 15 5 10 -8 -9 12 -11 11 -13 21 -15 -16 16 17 18 19 20 -22 22 -24 24 -26 -27 27 -29 -30 -31
leaf_value=0.072174853230926414 0.00087347819993610068 0.062595025371618512 -0.028548796172205706 -0.038556934812875227 0.032750506922989149 0.050791960336687925 -0.027698648513410331 0.0096602920687613118 -0.025813300387497573 0.16252066389080155 0.096983085089708043 -0.0036881623081833066 -0.010974380641783046 -0.015079017823008915 0.08813563966269311 -0.028650078855413586 0.094588334182156508 -0.027835871879239523 -0.025519731947261044 0.11858276577883409 -0.00098656755786049742 0.0010817686084912228 0.092298447254219179 0.0071453570692491288 -0.019912792707074148 0.092617315953589033 -0.03150333905106268 0.02258806543846667 0.029262225521024129 -0.0097183670731119352
leaf_weight=7.6244254945777401 2.2983321477659056 11.233817288419235 9.3781432295218092 42.444412472657859 2.2333521950058648 2.6851904622744804 1.95228507486172 2.7132535711862147 4.5114945543464282 1.8918098472058771 1.8190582389943308 2.6937531102448702 3.5361500205472103 2.3939481130801141 3.9255924203898749 21.194669389165938 1.5046859905123717 5.5479292387608439 1.5633252849802377 1.130206860834734 1.2470442936755715 3.4187921930570164 3.3906980205792934 5.8720058645121744 5.1990174921229491 4.4825673517771065 12.586830309359362 3.5153429803904155 0.99328425154089928 1.8438502117060123
leaf_count=338 207 624 1181 11631 236 317 248 307 339 200 203 301 275 216 353 5456 298 1117 309 202 222 264 262 265 229 203 2039 570 272 218
internal_value=-0.000155839 -0.00204636 -0.010114 -0.0140576 0.00737859 0.0178404 0.0541299 0.0780443 0.0363132 0.112362 0.00356795 0.0471226 0.0137467 0.0401153 0.0604936 -0.0262708 -0.0119399 0.0199797 0.000258022 0.0374397 0.0741399 0.0317526 0.0525047 0.0436723 0.0261843 0.0490449 -0.00769708 -0.0190641 -0.0363825 0.028855
internal_weight=176.825 153.647 127.556 118.938 43.3129 33.9347 8.7907 6.83842 26.091 4.12516 25.144 4.51281 14.8571 8.61787 6.22392 75.6256 32.1879 10.9932 9.48851 3.94058 2.37725 10.3456 6.80949 23.178 15.5536 10.3546 20.6312 16.1022 43.4377 4.52904
internal_count=28901 27874 26424 25645 5456 4765 1117 774 1450 436 3648 504 1118 779 560 20189 8286 2176 1910 780 424 804 526 1027 686 468 3144 2609 11903 535
is_linear=0
shrinkage=0.05


Tree=63
num_leaves=27
num_cat=0
split_feature=13 21 16 19 11 21 11 0 12 20 21 5 21 15 12 15 3 1 13 21 1 21 20 8 9 1
split_gain=180.367 79.9165 67.2035 89.2466 33.7543 22.0319 13.7839 11.416 11.3988 11.3007 11.1286 10.2433 8.72304 5.22614 4.13168 4.05404 3.88005 2.53513 2.37134 1.48309 0.845826 0.459966 0.287404 1.62844 0.0737554 0.0453668
threshold=24.234325592416571 0.043232463202910056 17.616020730864069 2.5000000000000004 -110.96333704280848 0.77466426013281253 -87.054311641607484 387.89075678486205 -99.467900237246866 10.727285793358801 0.029732198310055455 34.040744419176306 1.1165922018082501 1.5881867761018134e-22 -101.96785674784697 4.4833598785808521e-09 27.864089452676904 1195.5853786747452 15.292859959755058 1.2253022749276601 31.867493227758356 1.4701083707103353 16.121959567414155 0.35629370019929146 0.0059208448089902452 2.0056130304367454
decision_type=2 8 2 2 2 8 2 2 2 8 10 2 10 2 2 2 2 2 2 10 2 10 8 2 2 2
left_child=2 8 3 4 11 10 7 -7 16 12 -6 -1 13 -3 20 -16 -2 22 -17 -20 -5 -14 23 -11 -24 -26
right_child=1 9 -4 14 5 6 -8 -9 -10 17 -12 -13 21 -15 15 18 -18 -19 19 -21 -22 -23 24 -25 25 -27
leaf_value=-0.039926668699576839 0.019010692365568408 -0.011156285334985973 0.066456553760828832 -0.02008983129061764 0.046011088061590183 0.060469489302417884 -0.033129226011470135 -0.0050995848840308666 0.04293009600379441 -0.037863248723861681 0.087623584118489556 0.020320121451598349 -0.020122002358142363 0.033015461120941052 0.025508728950235128 0.010578665635844727 -0.013580402595672067 0.0028513864392915467 -0.0027418827223384653 -0.03900575781681289 -0.040499227269525616 -0.040224943110863026 -0.019995906427885287 0.0022535991149920539 -0.020793870371950005 -0.041619766752541219
leaf_weight=15.143088154494766 16.866013990715146 17.010571838356562 74.596219757571816 9.2027022670954448 44.837734412401915 15.338074844330553 9.7303882939740998 10.936984498053787 34.106045255437493 8.4479115810245275 29.644737836904824 11.695311231538652 7.4886507270857718 9.697239753790198 4.7833020994439748 3.8766655204817679 17.703571101650596 3.2467274460941553 3.8399711241945651 11.56827483139932 46.620123003609478 17.184947072528303 3.1551407156512132 3.307436621747911 3.2754440745338789 253.75414797104895
leaf_count=289 243 351 1658 505 326 318 212 226 365 511 215 223 355 200 257 200 256 236 229 691 2557 815 231 200 240 18613
internal_value=0.00023809 -0.0259134 0.0258362 0.0116459 0.0359965 0.0481293 0.0154462 0.0339901 0.0228595 -0.0362085 0.0635147 -0.0138862 -0.0143191 0.0054946 -0.0301386 -0.0121426 0.00240777 -0.040229 -0.0222785 -0.0306861 -0.0375474 -0.0351449 -0.0407519 -0.0272844 -0.0412535 -0.041436
internal_weight=687.057 395.244 291.814 217.217 137.326 110.488 36.0054 26.2751 68.6756 326.568 74.4825 26.8384 51.3814 26.7078 79.891 24.0682 34.5696 275.187 19.2849 15.4082 55.8228 24.6736 271.94 11.7553 260.185 257.03
internal_count=28901 22417 6484 6190 1836 1324 783 544 734 21683 541 512 1721 551 4354 1292 499 19962 995 920 3062 1170 19794 711 19083 18853
is_linear=0
shrinkage=0.05


Tree=64
num_leaves=8
num_cat=0
split_feature=21 7 20 1 1 19 11
split_gain=15.0663 7.901 8.08661 9.16316 5.94892 3.20081 0.822606
threshold=0.75228651233371868 0.16476233365769122 5.7203375950920803 371.55627451530205 950.56252485243806 2.5000000000000004 -100.26897978113449
decision_type=8 2 8 2 2 2 2
left_child=1 2 -1 6 5 -5 -4
right_child=-2 -3 3 4 -6 -7 -8
leaf_value=-0.018755988712476551 -0.036349070255828578 -0.023420777710316153 -0.018753899605847082 0.26216858018308142 0.015701941458221604 0.023938978051486887 0.034786961271275799
leaf_weight=0.8173054965736859 6.8217675645864793 1.2722320345346814 0.80876054349937887 0.61630280772806312 0.58767645084299147 0.39526553562609479 0.19860273765516201
leaf_count=660 17117 1136 816 416 331 267 200
internal_value=-0.00124629 0.0706699 0.103023 0.13582 0.185467 0.227258 0.00387296
internal_weight=11.5179 4.69615 3.42391 2.60661 1.59924 1.01157 1.00736
internal_count=28901 4194 2766 1916 900 683 1016
is_linear=0
shrinkage=0.05


Tree=65
num_leaves=15
num_cat=0
split_feature=20 2 20 0 9 1 8 5 6 20 5 6 1 16
split_gain=68.9638 10.4622 8.55707 11.4633 7.90796 5.39553 6.98165 5.31922 7.81358 5.15922 4.14858 3.29984 2.2173 1.44606
threshold=2.3562746189955655 4.4969804159043507 1.3053784027135953 442.43059571932855 0.32803685070388694 142.28704808227954 0.2726992791925778 24.370786309170953 0.038295664546009973 4.528915043210656 -36.925997893292809 0.022352814988881423 723.69168670041006 66.714568115585337
decision_type=8 2 10 2 2 2 2 2 2 8 2 2 2 2
left_child=2 5 4 -4 7 6 -2 8 -1 11 -7 -3 -6 -11
right_child=1 9 3 -5 12 10 -8 -9 -10 13 -12 -13 -14 -15
leaf_value=0.083947607580885472 0.12008174747916603 -0.024904938979810991 0.026911696626521171 0.10188640257787374 0.0093969327744867891 0.053230382043866986 -0.020739987510324867 -0.00028300613418524292 0.014243044940175188 -0.041108198555399739 -0.032879004899990134 0.035249758699600932 -0.034866657764214118 0.017851226678377494
leaf_weight=9.108594297198584 1.4189913240261387 3.840275045018644 10.722340580308813 10.758712351322172 5.4859721427783361 1.0162666800897584 0.98258007783442736 5.7371014507953078 7.4813013942912221 62.370944801950827 3.6466981864068648 3.323045673314482 4.2082245552446693 0.53713730908930302
leaf_count=367 288 231 225 226 261 210 200 226 302 25015 752 200 200 215
internal_value=-0.000260013 -0.0299719 0.0433076 0.0673243 0.0256454 0.0252843 0.0733067 0.0414749 0.0551107 -0.0358201 -0.00802621 0.00390032 -0.0112814 -0.0403333
internal_weight=130.638 77.1359 53.5022 21.4811 32.0212 7.06454 2.40157 22.327 16.5899 70.0714 4.66296 7.16332 9.6942 62.9081
internal_count=28901 27111 1790 451 1339 1450 488 878 669 25661 962 431 461 25230
is_linear=0
shrinkage=0.05


Tree=66
num_leaves=31
num_cat=0
split_feature=20 10 19 11 1 13 21 20 11 0 10 20 3 19 1 1 21 1 13 5 12 5 3 10 6 0 13 12 20 3
split_gain=142.126 153.852 39.0611 36.4822 23.2755 15.1559 13.0808 14.6132 12.1237 10.8168 11.7602 9.61526 12.0522 8.54943 8.30345 7.66403 7.56581 7.34803 6.59335 5.71793 7.12072 4.90355 6.65163 6.15861 4.66697 3.9888 3.5015 2.63288 2.6253 2.17771
threshold=13.162809062982001 11.500000000000002 2.5000000000000004 -119.64363759951699 825.32924173751462 25.95567989279893 1.0480736821806302 1.8514795658007903 -117.88422945741749 490.14945025768407 2.5000000000000004 46.768050367741004 23.035620631285905 2.5000000000000004 10.780575984860951 2.8837109234001854 0.60248456170242959 81.792126204049552 23.447924800850362 50.709324003732959 -126.16484913710499 -30.055721283697668 24.508189650801302 2.5000000000000004 0.093759445269394157 119.24729813073951 22.279832038731985 -109.21878585425297 28.935070710465954 21.130486560568652
decision_type=8 2 2 2 2 2 10 10 2 2 2 8 2 2 2 2 8 2 2 2 2 2 2 2 2 2 2 2 8 2
left_child=2 3 6 19 5 11 7 9 -4 10 24 12 -5 -14 -13 -7 -6 -15 -8 20 -2 -18 -23 -24 -1 -17 -10 -19 29 -27
right_child=1 -3 8 4 16 15 18 -9 26 -11 -12 14 13 17 -16 25 21 27 -20 -21 -22 22 23 -25 -26 28 -28 -29 -30 -31
leaf_value=-0.011016787895392953 -0.02988835172419271 -0.059868588815261373 -0.03666082953152091 0.023654815530592656 -0.03148980779248968 -0.0081155952867839332 -0.024314656555251123 -0.060008649523503189 -0.0038289575258548141 -0.0073668181123743154 -0.04914299276599899 -0.0162283368280942 -0.056700518031859264 -0.039110322503936007 0.029566486528421837 -0.0043602273401151387 -0.026001962356970616 -0.0037513943999519534 0.013039596232796023 -0.042078000870378038 0.0088609517467048652 0.031520830684738342 0.018814221207302473 -0.028883852087980517 -0.036076065194780141 0.035779426724559783 0.022370679055603415 0.033047703108665887 0.036924991428785296 0.013444629462049119
leaf_weight=45.706980573013425 18.993167363107201 64.184735868126154 12.181082794442771 29.117926569655538 16.048959942534566 10.495104702189563 24.883313845843077 52.872306194156408 16.691352363675833 41.932331286370754 82.987430520355701 10.467435127124189 9.6672542206943017 8.6200093608349579 90.17636751011014 6.271127186715602 8.8299836162477714 9.5119516048580444 20.860546413809061 14.631847884505985 28.323313336819414 23.10149534419179 12.639273582026364 12.474928079172969 31.940145581960678 19.60096169821918 49.655949234962463 8.5657221842557174 314.03816709108651 27.61062696389854
leaf_count=297 277 2169 303 791 356 466 240 286 465 232 426 399 246 259 3438 283 201 302 201 200 414 541 261 258 208 703 1384 272 14210 990
internal_value=2.78129e-06 0.0135469 -0.0240115 0.0205626 0.0242332 0.0277858 -0.0321781 -0.0365755 0.00732115 -0.0301944 -0.0360709 0.0150647 0.000120996 -0.0188516 0.0246908 0.0333219 -0.00223179 -0.0035942 -0.00736548 -0.0158144 -0.00698996 0.00640021 0.0127419 -0.00507753 -0.0216526 0.034524 0.0158205 0.0145034 0.0352092 0.0232672
internal_weight=1123.08 743.37 379.711 679.186 617.237 544.143 301.183 255.439 78.5284 202.567 160.635 166.127 65.4829 36.3649 100.644 378.016 73.0946 26.6977 45.7439 61.9483 47.3165 57.0457 48.2157 25.1142 77.6471 367.521 66.3473 18.0777 361.25 47.2116
internal_count=28901 25125 3776 24879 24034 22414 1823 1382 1953 1123 824 5616 1779 925 3837 16798 1620 801 441 845 691 1296 1129 519 505 16569 1849 574 16346 1693
is_linear=0
shrinkage=0.05


Tree=67
num_leaves=31
num_cat=0
split_feature=12 20 3 9 20 7 21 1 1 10 20 3 11 0 5 12 9 10 9 6 20 8 21 12 3 8 8 21 12 5
split_gain=27.2939 10.1647 9.89103 8.12136 7.22793 6.46877 6.12167 6.21151 5.27412 4.843 7.65711 4.48584 4.44479 4.32819 4.04253 4.01262 3.93431 7.88994 7.63209 6.05889 9.66802 8.63673 3.93162 3.87587 6.82604 8.12599 11.3944 4.73278 3.75619 3.74413
threshold=-115.64064265246751 0.58555727809401004 38.36334948499016 0.42838707904027978 38.633729384789255 0.45240396915002284 1.3256380276142401 334.16319585860003 4.780027304635456 2.5000000000000004 102.52136105942002 8.1778695571650157 -100.86991713647798 603.34851862249104 47.699501169675209 -107.7750516721235 0.18156806482681045 3.5000000000000004 0.22848265912793544 -0.030066764341237114 31.070947089663953 0.13265886466952195 0.41557197021610309 -107.11014854094769 26.333251295175103 0.1369588784727043 0.054670057083601627 0.89677185905878909 -106.09401121008196 33.642081215829954
decision_type=2 10 2 2 10 2 8 2 2 2 8 2 2 2 2 2 2 2 2 2 8 2 10 2 2 2 2 10 2 2
left_child=2 8 29 6 11 23 -4 9 -2 10 -8 -3 15 14 16 -7 17 22 -18 -20 21 -21 -13 24 -6 26 -26 -27 -19 -1
right_child=1 4 3 -5 5 12 7 -9 -10 -11 -12 13 -14 -15 -16 -17 18 28 19 20 -22 -23 -24 -25 25 27 -28 -29 -30 -31
leaf_value=-0.035711159523416997 0.033938159351696466 -0.021513770389394202 0.079996124432045956 -0.011472998211404489 -0.032575551438847605 0.0011273692838842948 0.09558763887355072 -0.015891625407095548 -0.035868261280609784 0.0049591557464341296 0.01589324520536909 0.026683386185373345 -0.022162733256599301 -0.032617048554629664 -0.031627850465004277 0.11855438882104644 0.082412602115837064 0.0044717421846980415 -0.0032933556658091031 0.068384030063000797 0.11674983295686577 -0.0087895197434516622 -0.030229052297372629 -0.025448633208934437 -0.025709112770009077 0.048594903575012685 0.12176005938094159 -0.021698654300140546 0.079261564186861297 0.030591903055295935
leaf_weight=5.3149301635567099 2.1788839108776292 8.3405544082634133 13.804389387834815 5.0505896506365389 8.8086720879655367 1.1344905989244607 6.8476811116561365 4.3081925867591053 30.796937350416556 5.0577903129160404 5.660403875168412 3.2134904814884111 1.1256880019791422 3.4395902170799673 2.8539383583702147 1.1293180820066484 5.3471766621805719 3.0902125411666939 14.149957630317656 4.7937796539627096 2.4092497504316279 9.1735354303382319 10.906583452597259 37.844721590867266 1.5900644385255889 2.215359087102116 2.6117368324194103 8.4298488961067033 3.0384533507749438 2.3096687886863947
leaf_count=466 432 822 571 214 1645 211 331 216 6110 234 273 354 221 325 264 211 494 204 1307 408 212 780 1201 7584 280 409 460 1557 200 202
internal_value=-0.000390102 -0.00593608 0.0363153 0.0459286 0.000188257 -0.0117699 0.0541456 0.0350477 -0.0303927 0.047724 0.0633692 0.0111662 0.0473255 0.0158035 0.0191242 0.0780825 0.0222136 0.00427743 0.031947 0.0207735 0.040561 0.0204968 -0.0163686 -0.015732 0.000214521 0.0204967 0.07174 -0.00415321 0.0474681 -0.0144081
internal_weight=216.976 168.622 48.3536 40.729 135.646 64.8899 35.6785 21.8741 32.9758 17.5659 12.5081 70.7565 3.3895 62.416 58.9764 2.26381 56.1224 20.2487 35.8737 30.5265 16.3766 13.9673 14.1201 61.5004 23.6557 14.847 4.2018 10.6452 6.12867 7.6246
internal_count=28901 26506 2395 1727 19964 12990 1475 1097 6542 814 604 6974 665 5905 5449 422 5271 1959 3312 2819 1442 1188 1555 12325 4418 2706 740 1966 404 668
is_linear=0
shrinkage=0.05


Tree=68
num_leaves=31
num_cat=0
split_feature=12 1 1 20 5 6 20 20 20 20 3 5 3 3 4 7 5 5 19 0 6 11 5 17 7 16 20 3 20 1
split_gain=14.5774 16.4923 9.93112 8.45353 5.0932 5.65779 9.00757 5.01215 4.49749 7.81966 4.24247 3.95215 3.91178 4.42424 5.12346 4.28694 5.3916 3.73253 6.04909 5.84775 5.58419 3.53489 3.52255 3.41308 4.8106 3.41251 3.29053 3.20908 2.09324 1.96752
threshold=-119.7081168315482 883.2628233153406 8.2238632934143272 27.586895119021104 29.464678488205802 0.34634523695017999 1.5043401189030952 28.488293251829752 3.2166863544211104 4.528915043210656 40.111632302115858 42.77234346716871 19.306530252211353 40.594165334858111 7.7769146953148862 -0.023695187057494845 3.9873858556310506 21.061892849493454 3.5000000000000004 404.10310293767958 0.37120748434796563 -106.5941033566905 -19.010750727536095 2.1316282072803012e-14 -0.039023398063903862 1.0000000180025095e-35 358.01915913724105 33.622714750817309 24.106935118450803 171.81099926685553
decision_type=2 2 2 8 2 2 10 10 10 10 2 2 2 2 2 2 2 2 2 2 2 2 2 2 2 2 10 2 10 2
left_child=23 2 21 8 5 6 -3 -8 22 -10 -9 12 28 14 -14 16 -16 26 -19 -20 27 -2 -4 24 -1 -23 -5 -21 -11 -26
right_child=1 4 3 17 -6 -7 7 10 9 11 -12 -13 13 -15 15 -17 -18 18 19 20 -22 25 -24 -25 29 -27 -28 -29 -30 -31
leaf_value=0.050708369230957485 0.059879073820682388 -0.027916533689414266 0.018864402750188618 -0.034697747823646929 -0.013179393604438032 0.08432836386220019 0.065001467454221501 -0.0099817942943027111 0.086214202763872608 -0.036831603451172409 0.05773402647958651 0.060538024649608474 0.078744454349092344 -0.031500567837565274 -0.025922872552001354 -0.032073798784204369 0.073372071406894529 -0.033309307428164826 -0.018262578809681681 -0.017416204163858355 0.11759900284088259 -0.030612527354064126 -0.03359777432586715 0.068942573625975709 0.022550949047135973 0.042185942435950002 0.039609819786919041 0.056915180284065517 0.020809172825246417 -0.019292391224410881
leaf_weight=8.5239910897798907 5.2813271586783239 5.3602623806800755 3.7852085595950493 47.222979054786265 5.5077870686072856 4.4443598305806518 9.5666221296414768 6.4880792354233554 2.4400300681591061 7.1656417597550979 2.410350930178538 1.8448964855633674 2.6608076835982493 3.014598069479689 1.6157152703963307 3.2658878180663962 2.3976437048986554 9.8116699936799741 5.0130339011084279 2.7591635452117789 1.1428200448863206 2.6668950826860955 9.8304476798512024 6.5287933978252113 4.2408733302727333 1.8708400407340375 0.74103552638553083 1.4480779310688374 1.2631435592193156 5.0553133641369641
leaf_count=377 479 328 360 14619 324 268 574 580 373 1227 215 292 413 472 227 531 337 2398 1012 541 204 325 936 275 200 228 229 284 216 239
internal_value=-0.000147091 -0.00138528 -0.0102787 -0.0147603 0.0288918 0.0372588 0.0254353 0.0415614 0.00367401 0.0158095 0.0123402 0.00516062 -0.00210831 0.0147957 0.0304322 0.00539446 0.0362003 -0.0252876 -0.00680465 0.0190126 0.0513154 0.0355831 -0.0187203 0.0395821 0.0257336 0.00159924 -0.0327642 0.0141846 -0.0269027 0.000132592
internal_weight=175.368 151.019 117.242 107.423 33.7775 28.2697 23.8253 18.4651 39.284 25.6684 8.89843 23.2283 21.3834 12.9547 9.94005 7.27925 4.01336 68.1388 20.1748 10.3631 5.35006 9.81906 13.6157 24.349 17.8202 4.53774 47.964 4.20724 8.42879 9.29619
internal_count=28901 27874 25887 24996 1987 1702 1457 1108 5217 3921 795 3680 3470 2027 1543 1184 564 19779 4931 2092 955 891 1296 1027 789 553 14848 825 1443 439
is_linear=0
shrinkage=0.05


Tree=69
num_leaves=27
num_cat=0
split_feature=13 21 10 19 11 21 12 20 20 3 5 21 3 21 0 15 1 15 11 10 1 21 20 8 9 1
split_gain=160.081 72.784 61.5569 80.2797 29.751 18.9097 12.838 11.1638 11.0756 9.94096 9.47678 9.46241 8.55656 7.90613 4.78096 4.51597 2.49549 1.1126 2.91556 0.878204 1.84522 0.482034 0.318766 1.67482 0.101217 0.0505838
threshold=24.234325592416571 0.043232463202910056 14.500000000000002 2.5000000000000004 -110.96333704280848 0.7256591603840471 -87.041824313256484 6.780489744390251 10.727285793358801 27.864089452676904 36.994936960030103 0.029732198310055455 24.172568065369703 1.1165922018082501 160.37631664968353 1.5881867761018134e-22 1195.5853786747452 4.4833598785808521e-09 -101.99224197610248 2.5000000000000004 139.77480776301402 1.4701083707103353 16.121959567414155 0.36148465981924632 0.0059208448089902452 2.0056130304367454
decision_type=2 8 2 2 2 8 2 8 8 2 2 10 2 10 2 2 2 2 2 2 2 10 8 2 2 2
left_child=2 9 3 4 10 11 7 -7 13 -2 -1 -6 -9 15 -5 -3 22 18 -16 20 -19 -15 23 -10 -24 -26
right_child=1 8 -4 14 5 6 -8 12 16 -11 -12 -13 -14 21 17 -17 -18 19 -20 -21 -22 -23 24 -25 25 -27
leaf_value=-0.037435168842404692 0.033289736925212081 -0.011405397837956415 0.0631746131781106 0.020814571989125518 0.041850934564608609 0.060745347310652287 -0.033073208847746761 -0.033234158298871823 -0.037671869680980727 -0.0058731870363256953 0.021148058844575261 0.07961996736541159 0.040241042558303297 -0.019495485160097185 -0.033190889312654515 0.028998924578045766 0.0025609243911988433 0.0058331815251948665 0.013880339621428006 -0.039669736101872743 -0.035916873105506959 -0.040065631307307087 -0.019171338763212899 0.0033948831652615089 -0.020579675933707832 -0.041548352547313837
leaf_weight=16.262897563166923 46.824075577780604 17.11778756137938 73.300458669662476 3.6127000460401169 45.923689194023609 14.240788441151382 9.708825462497769 7.9998853560537109 8.1134957941249013 24.105775905773044 10.664121635258196 30.632885626517236 6.0796287283301353 7.2685067337006357 9.1003432357683778 10.21222113445401 3.2734133936464787 4.0052581680938593 4.1993153067305666 49.322015886195004 5.6090111890807748 16.29108105879277 3.0088643180206409 3.1987807136029005 3.2348299920558921 236.661351791583
leaf_count=310 485 345 1635 209 310 283 207 278 510 249 203 207 211 361 572 206 254 237 264 2807 333 809 236 201 254 18599
internal_value=0.000237436 -0.0253673 0.0238724 0.01039 0.0325603 0.0436025 0.0142821 0.0310909 -0.0358525 0.0200835 -0.0143075 0.0577954 -0.000942469 -0.0141738 -0.0308594 0.00418291 -0.0400655 -0.0336926 -0.018397 -0.0367797 -0.0196131 -0.0347716 -0.0406223 -0.0267268 -0.0411572 -0.0413522
internal_weight=669.972 379.31 290.662 217.361 141.513 114.586 38.0291 28.3203 308.38 70.9299 26.927 76.5566 14.0795 50.8896 75.8486 27.33 257.491 72.2359 13.2997 58.9363 9.61427 23.5596 254.217 11.3123 242.905 239.896
internal_count=28901 22417 6484 6220 1839 1326 809 563 21683 734 513 517 489 1721 4381 551 19962 4190 836 3354 570 1170 19794 711 19083 18853
is_linear=0
shrinkage=0.05


Tree=70
num_leaves=8
num_cat=0
split_feature=21 21 7 13 0 1 12
split_gain=13.9614 7.16116 7.11018 5.96936 3.37632 2.25048 0.390713
threshold=0.75228651233371868 0.49671902741587504 0.16476233365769122 21.388884930460097 601.35660965990758 371.55627451530205 -102.72890355888491
decision_type=8 8 2 2 2 2 2
left_child=1 4 3 -3 -1 6 -5
right_child=-2 2 -4 5 -6 -7 -8
leaf_value=-0.028342800597358872 -0.03607413285289595 -0.011574436845001722 -0.016240632579360925 -0.0091781323631435919 0.067963558562868828 0.20061990916033701 0.035554162566476609
leaf_weight=2.0826109725894688 6.4385026716190614 0.37400362957851174 0.63271896884543821 0.2808827231056098 0.29129542014561594 1.0249630251491906 0.1866387826448751
leaf_count=2253 16450 211 412 300 315 608 200
internal_value=-0.00122016 0.0671966 0.112672 0.146792 0.00011595 0.175199 0.0207383
internal_weight=11.3116 4.87311 2.49921 1.86649 2.37391 1.49248 0.467522
internal_count=28901 4194 1626 1052 2568 885 500
is_linear=0
shrinkage=0.05


Tree=71
num_leaves=15
num_cat=0
split_feature=20 2 20 3 6 11 11 20 5 11 8 3 7 17
split_gain=60.3245 10.2902 7.25439 5.85537 5.23975 5.8506 7.49079 4.98605 4.55564 5.58965 4.08704 3.81356 3.21031 1.46779
threshold=2.3562746189955655 4.4969804159043507 0.24170990294489453 41.484097735395203 -0.10023906732827557 -71.008742673764985 -81.76873362405199 4.528915043210656 25.212019929739252 -107.96055647295849 0.20977749328728026 14.181259813155551 -0.10206285222616325 10.325175061569528
decision_type=8 2 10 2 2 2 2 8 2 2 2 2 2 2
left_child=2 4 11 8 -2 6 -6 12 9 -4 -11 -1 -3 -9
right_child=1 7 3 -5 5 -7 -8 13 -10 10 -12 -13 -14 -15
leaf_value=0.030659112142252767 -0.029102133006372235 0.033992283406301761 0.075299835846580149 0.077169572650673007 -0.005530019392151672 -0.024195796417701927 0.12786549738527092 -0.041061482905163621 0.0049421421393394671 -0.0025729289768705796 0.044196131691273594 -0.034245790071507624 -0.024971598139847975 0.01851571816691178
leaf_weight=3.0055954833514988 2.2820034658070663 3.3734156191349038 9.1960342116653866 11.125649913912637 1.5280052162706883 1.364405043423174 1.8959565991535781 58.554170507472008 9.9372479787562025 7.3400475573726114 11.361188926966859 4.2566495009232312 3.9005794033873826 0.52033116295933723
leaf_count=256 468 200 247 266 282 253 350 25008 253 226 349 362 231 222
internal_value=-0.000278951 -0.0293925 0.0388867 0.0456844 0.025227 0.0516734 0.0805416 -0.0355011 0.0346772 0.0447315 0.0266409 -0.00692428 0.00317707 -0.0402372
internal_weight=129.641 73.4189 56.2224 48.9602 7.07037 4.78837 3.42396 66.3485 37.8345 27.8973 18.7012 7.26224 7.274 59.0745
internal_count=28901 27111 1790 1172 1450 889 632 25661 963 750 575 618 431 25230
is_linear=0
shrinkage=0.05


Tree=72
num_leaves=31
num_cat=0
split_feature=20 15 11 19 1 13 5 20 12 16 1 20 1 21 3 0 16 21 5 3 21 6 13 20 4 9 1 21 21 5
split_gain=122.272 136.508 36.1421 32.3348 20.9936 13.7717 12.4358 10.9274 14.2075 10.62 8.26077 9.09792 6.78063 5.91872 5.81363 5.36294 7.17477 5.19968 4.7068 6.2452 5.40895 4.51744 5.00371 4.29731 4.34774 4.19728 3.54017 2.54845 4.02566 2.4856
threshold=13.162809062982001 7.4356511232580896e-08 -125.13396182283049 2.5000000000000004 825.32924173751462 25.95567989279893 34.040744419176306 1.3053784027135953 -100.71548677935338 9.0889782735242708 13.176988001787953 42.935671899378058 2.8837109234001854 0.60248456170242959 47.900583667663859 399.43012386818651 1.0000000180025095e-35 0.59017216486717261 -30.803323692053709 24.508189650801302 1.4016824059918602 0.093759445269394157 22.542906562124823 27.586895119021104 -4.3664139694547393 0.29252696386161242 855.21418239958655 1.6694932823424551 1.3256380276142401 52.695386254239608
decision_type=8 2 2 2 2 2 2 10 2 2 2 8 2 8 2 2 2 10 2 2 10 2 2 8 2 2 2 10 10 2
left_child=3 2 -2 6 5 10 7 8 25 14 -4 15 -7 -6 -5 16 -12 -9 -15 -20 -21 -17 -23 24 -14 -1 -10 28 -26 -25
right_child=1 -3 4 9 13 12 -8 17 26 -11 11 -13 23 18 -16 21 -18 -19 19 20 -22 22 -24 29 27 -27 -28 -29 -30 -31
leaf_value=-0.0092782814339433545 -0.030575462727625291 -0.05291287300944273 -0.018597560990598016 0.020248969573056864 -0.026841007618694693 -0.0067753297098885239 -0.051247016633554736 -0.046588639666239468 -0.018750107755994998 -0.037341400686006603 -0.04421440738058692 0.027722666106802497 -0.015784888319317042 -0.02589840878753516 -0.021885999080800911 0.029540839101246066 0.0099887114462399729 -0.021463984207271563 0.030973323916535206 0.01724960546298315 -0.026368855077350612 0.021362781238536986 -0.03311893507380282 0.035685807848177604 0.02588328413842568 0.015138873215588248 -0.039759203570376322 0.037779673969890598 -0.020797458349303275 0.0075982659947815756
leaf_weight=44.343735378235579 32.443053744733334 69.926562523469329 16.428618095815182 57.585077159106731 17.130750944837928 10.792574483901261 52.893119357526302 61.000141482800245 42.250180376693606 10.609597105532883 10.650826821103696 90.907145332545042 7.3665097858756772 8.8291243985295278 8.6741855908185226 19.9363196156919 12.204305058345197 35.121958624571562 22.203086482360959 13.432124890387062 13.042447723448275 7.4877559542655936 7.4175494164228439 308.05154441669583 13.196288000792267 27.765818908810616 43.942019939422607 17.831803014501929 5.9633875489234924 8.7153327874839288
leaf_count=339 1245 2461 562 1617 380 498 314 357 218 270 251 3270 264 203 244 568 287 205 529 278 269 201 200 14925 471 212 227 663 213 422
internal_value=6.0286e-06 0.0129615 0.0201849 -0.0219834 0.0229231 0.026371 -0.029219 -0.0244568 -0.0162147 0.00694809 0.0142235 0.017952 0.0317086 -0.00190202 0.0144896 0.00234728 -0.0160653 -0.0377239 0.00585886 0.0120244 -0.00441626 0.0145367 -0.0061274 0.0328743 0.017682 0.000202028 -0.029794 0.0245867 0.0110431 0.0349394
internal_weight=1098.14 713.957 644.031 384.186 611.587 536.95 307.317 254.424 158.302 76.8689 165.033 148.604 371.917 74.6375 66.2593 57.6968 22.8551 96.1221 57.5068 48.6777 26.4746 34.8416 14.9053 361.125 44.358 72.1096 86.1922 36.9915 19.1597 316.767
internal_count=28901 25125 24710 3776 24468 22812 1823 1558 996 1953 5642 5346 17170 1656 1861 1530 538 562 1322 1160 547 992 401 16937 1590 551 445 1375 684 15347
is_linear=0
shrinkage=0.05


Tree=73
num_leaves=31
num_cat=0
split_feature=12 20 3 5 3 9 21 15 21 1 13 1 9 20 10 1 5 7 11 13 0 16 4 6 8 15 1 1 8 16
split_gain=22.8889 9.75106 8.14658 7.13065 7.73969 6.8661 6.51802 6.41891 6.90837 5.80544 5.28712 8.67962 5.15154 6.33337 5.1449 5.05127 4.1727 4.14882 5.0122 5.30772 4.9641 6.1916 3.84308 3.4597 4.10645 3.1995 4.96125 3.04187 3.03287 2.67669
threshold=-115.64064265246751 0.58555727809401004 38.36334948499016 -43.05705056003044 52.801050853769461 0.42838707904027978 1.8035841543719602 4.0215063214650103e-09 0.60248456170242959 412.55759749678754 25.673209504932256 594.32163446188258 0.10591266724547578 105.36487700988052 2.5000000000000004 4.780027304635456 15.937368538318504 0.11410634629177975 -105.37938421376698 22.186399794434461 235.95098952514454 0.46063955098402293 64.422054842850812 0.04680076328561001 0.28618164117793571 4.3520076196853615e-09 229.69764808736605 59.33875344304861 0.24402108506667466 1.0000000180025095e-35
decision_type=2 10 2 2 2 2 10 2 8 2 2 2 2 8 2 2 2 2 2 2 2 2 2 2 2 2 2 2 2 2
left_child=2 15 22 9 7 12 -6 8 14 -3 17 -12 -4 25 23 -2 -10 18 -9 20 -20 -22 -1 28 -25 26 -14 -19 -5 -18
right_child=1 3 5 4 6 -7 -8 10 16 -11 11 -13 13 -15 -16 -17 29 27 19 -21 21 -23 -24 24 -26 -27 -28 -29 -30 -31
leaf_value=-0.035563556360075375 0.032313399245992469 0.00024080309409635987 0.014046704076005374 -0.024098460395695805 0.10561146558044365 -0.011537231701350195 0.0027242537888108394 -0.0040011302172258427 -0.029647782479402654 0.087378549811083936 -0.0044504259943878161 0.1195485691055227 0.078129585425457559 0.013889054225805825 -0.033431210107283775 -0.035526335971865462 -0.012473580497814746 0.025649066307466134 0.0091715422833264122 -0.017178987086337711 0.12230865491429599 0.0074104972901948927 0.032251615780616742 0.083035580657405017 0.0052258919813042018 0.097997371296962565 0.01690798427161171 -0.027410103272446987 0.032190928082405312 0.028934036701078254
leaf_weight=5.2042025537230074 2.2473607279825982 3.5357490880414844 9.251900968141852 4.0142195404041594 1.9868016806431121 5.056305535370484 3.2891646965872496 14.431700753280893 42.797593804076314 3.1750587853603065 2.7829443223308781 1.7266308895777909 6.7300149656366637 6.7794417338445774 3.6500266212970018 29.120481016812846 12.282063096296044 2.5709005673415968 3.6777200289070633 2.6890236493200064 2.8978685436304668 1.8717735251411793 2.2344640893861651 3.3183725459966817 3.0274859801866114 8.0777773917652649 7.0238832244649529 11.904460014775394 3.5876925981137902 4.5269289875868708
leaf_count=467 469 456 360 416 271 203 449 1554 8281 409 382 237 229 264 358 6073 2291 310 379 311 337 218 201 324 295 256 240 1438 372 844
internal_value=-0.000382996 -0.0051925 0.0330049 0.000761443 -0.00205652 0.0412436 0.0521235 -0.00480971 -0.0134678 0.0474532 0.0101599 0.0561076 0.0484075 0.0586691 0.0134971 -0.0298178 -0.0215201 0.00374447 0.0156507 0.0393488 0.0572569 0.0863181 -0.013785 0.0271929 0.0516789 0.0713574 0.0501298 -0.016938 0.00312106 -0.000323349
internal_weight=215.47 165.112 50.358 133.744 127.033 42.9193 5.27597 121.757 77.2044 6.71081 44.553 4.50958 37.863 28.6111 17.5978 31.3678 59.6066 40.0434 25.5681 11.1364 8.44736 4.76964 7.43867 13.9478 6.34586 21.8317 13.7539 14.4754 7.60191 16.809
internal_count=28901 26506 2395 19964 19099 1727 720 18379 13258 865 5121 619 1475 1115 1725 6542 11533 4502 2754 1286 871 555 668 1407 619 693 469 1748 788 3135
is_linear=0
shrinkage=0.05


Tree=74
num_leaves=31
num_cat=0
split_feature=12 21 1 5 12 9 21 7 1 6 20 10 9 1 0 21 4 21 4 20 0 17 20 5 9 9 0 17 5 4
split_gain=12.0338 14.435 7.24964 6.93719 7.13526 10.0091 19.3384 22.9633 5.34621 5.15078 7.29036 5.54912 6.43349 4.05817 4.13423 3.65669 3.47566 6.39981 7.19308 3.25185 4.29706 4.31441 4.27457 3.12019 2.98365 4.41818 2.89152 2.50772 2.41956 2.41282
threshold=-119.7081168315482 2.3117284276794106 970.9031270305386 -47.54163992418119 -107.21141680752049 0.24620742753748967 1.4603657370400203 0.01120190719577341 8.2238632934143272 0.34634523695017999 6.780489744390251 3.5000000000000004 0.27506815384479927 275.27140246555507 570.52114672491507 0.82612068769416214 -4.8948745624056045 4.1733410201028009 69.006206533053373 27.586895119021104 337.43858755193907 1.0000000180025095e-35 3.6129695438774054 16.653354192698004 0.34123351662649887 0.36049324189110293 694.01929078466503 2.2604491533311308 34.040744419176306 7.7769146953148862
decision_type=2 8 2 2 2 2 8 2 2 2 10 2 2 2 2 10 2 8 2 10 2 2 8 2 2 2 2 2 2 2
left_child=16 2 3 -2 5 6 13 -8 23 10 -4 12 -12 14 15 -5 -1 18 -18 20 21 22 -6 -3 -7 -26 -10 -21 -27 -22
right_child=1 8 9 4 19 24 7 -9 26 -11 11 -13 -14 -15 -16 -17 17 -19 -20 27 29 -23 -24 -25 25 28 -28 -29 -30 -31
leaf_value=0.060518349975014818 0.078362283872735972 -0.015824725983782536 -0.013899225105582995 0.097275465235287795 -0.0017723411712895658 -0.036080836937140252 0.1885625038309407 -0.002558750309376032 -0.031340324467224789 0.076167398740934367 0.051414624600590889 0.081736074820740467 -0.025322679503462921 -0.027553103917483807 -0.025217524985724955 -0.0029323498546497072 0.003417174946923303 -0.021117377048200825 0.080038192487761173 -0.032481571790918165 0.01660778726835864 -0.019162380754987159 0.080765010560217135 0.052004081155204843 0.070560707524573094 -0.022902798625863502 0.037238214873599455 0.030042008167681405 0.034180301346527442 -0.029283047324367581
leaf_weight=8.5764267891645449 1.8383586835116137 2.5103819335345179 9.0576630956493389 1.4548296302091412 2.5122366603463933 6.0440485225990424 2.8681116513907909 2.6027482128702104 41.154338464606553 4.3897835654206574 4.7578239471185944 4.5553290396928787 4.339969324413687 5.3028570730239153 1.5016693116631357 1.3566624927334487 6.4119846760295358 5.5085614016279587 5.0334323067218065 19.497251348802823 3.1207169736735549 2.9852053436916322 2.9982595681212834 2.6243652603588998 1.1494032633490849 6.4371414252091208 0.78710415679961443 0.97187197394669056 1.5174632023554293 10.160251130117102
leaf_count=345 347 232 465 234 212 1064 546 496 11792 221 283 259 258 837 259 218 262 223 206 5630 447 249 254 243 206 1170 226 281 276 1454
internal_value=-0.000142444 -0.000733651 0.00988066 0.00167762 -0.00130733 0.0169209 0.0444646 0.111293 -0.0233307 0.031516 0.0200369 0.0419627 0.0159257 -0.000458274 0.0317698 0.0608382 0.0358207 0.0206522 0.040837 -0.0144427 -0.000792109 0.0253092 0.0486437 0.0216685 -0.0115664 0.00666861 -0.0292161 -0.0282519 -0.00941233 -0.0180919
internal_weight=174.026 148.496 101.42 74.3191 72.4807 30.2349 15.0869 5.47086 47.0762 27.1006 22.7108 13.6531 9.09779 9.61602 4.31316 2.81149 25.5304 16.954 11.4454 42.2458 21.7767 8.4957 5.5105 5.13475 15.1481 9.10401 41.9414 20.4691 7.9546 13.281
internal_count=28901 27874 15381 14014 13746 5226 2559 1042 12493 1367 1167 776 541 1517 743 452 1027 686 468 8520 2609 708 466 475 2667 1632 12018 5911 1446 1901
is_linear=0
shrinkage=0.05


Tree=75
num_leaves=28
num_cat=0
split_feature=13 21 16 19 11 21 12 20 0 5 12 11 21 0 12 15 3 1 15 21 1 21 20 8 9 1 17
split_gain=142.27 66.7348 56.7067 67.7868 25.6641 15.0732 11.753 10.8982 10.5257 9.53062 9.08233 7.85747 7.21116 4.28864 4.09905 3.84178 2.98484 2.47794 2.1117 1.6115 0.842641 0.510028 0.353163 1.70174 0.129108 0.0559193 0.0204195
threshold=24.234325592416571 0.043232463202910056 17.616020730864069 2.5000000000000004 -110.96333704280848 0.7256591603840471 -87.041824313256484 10.727285793358801 387.89075678486205 37.594790791610762 -99.467900237246866 -100.86991713647798 1.1165922018082501 405.89538710306152 -101.96785674784697 4.4833598785808521e-09 27.864089452676904 1195.5853786747452 2.9544387894295567e-08 1.2253022749276601 31.867493227758356 1.4701083707103353 16.121959567414155 0.36324471777429063 0.0059208448089902452 2.0056130304367454 4.0945838482958781
decision_type=2 8 2 2 2 8 2 8 2 2 2 2 10 2 2 2 2 2 2 10 2 10 8 2 2 2 2
left_child=2 10 3 4 9 11 8 12 -7 -1 16 -6 13 -3 20 -16 -2 22 19 -17 -5 -14 23 -9 -24 -26 -22
right_child=1 7 -4 14 5 6 -8 17 -10 -11 -12 -13 21 -15 15 18 -18 -19 -20 -21 26 -23 24 -25 25 -27 -28
leaf_value=-0.037472890086819775 0.013795781924869539 0.022569904420644257 0.060922106793596914 -0.019496956339163346 0.070227040994723988 0.052525518154900086 -0.032822090130517977 -0.037459311202033101 -0.0077778962537224262 0.021524210592783033 0.034936468578086334 0.036724627312420842 -0.018766717253410881 -0.015392332484104709 0.025260046551141703 -0.00025711560458600537 -0.014174049239517173 0.0025615954386136127 0.010317936931436979 -0.038753620588946484 -0.041323744984685086 -0.039896361365559831 -0.018333224825474111 0.0043061450139870302 -0.020362307436721735 -0.041477149948480896 -0.020710525733431642
leaf_weight=16.289985967800028 18.176833942532539 13.49347396846861 70.144026067107916 8.8602210599929077 33.716567659750581 17.286439958028502 9.4922832110896689 7.7507373373955497 11.594264874234794 10.490818383172153 36.770835432223976 45.374668322503567 7.0284031331539198 14.314980410039423 4.8029032284393933 3.5586089007556483 17.97843723744154 3.2728529376909137 3.6345042288303375 10.701921500265597 38.896010561846197 15.429036128334699 2.8701589461415997 3.1171176759526134 3.1943687079474321 220.87754420656711 3.2565540093928576
leaf_count=311 251 267 1579 532 220 336 200 507 226 201 370 296 366 284 273 228 248 271 202 686 2475 804 241 204 269 18584 207
internal_value=0.00023868 -0.0247976 0.0221503 0.00945128 0.029321 0.0393309 0.0131605 -0.0354819 0.0288664 -0.0144191 0.0177899 0.0517052 -0.0139419 0.00317209 -0.0293039 -0.0109826 -0.000119549 -0.0398968 -0.0215319 -0.0297935 -0.037088 -0.0343655 -0.0404894 -0.0261267 -0.0410596 -0.0412679 -0.0402481
internal_weight=652.375 364.275 288.1 217.956 144.245 117.464 38.373 291.349 28.8807 26.7808 72.9261 79.0912 50.2659 27.8085 73.7107 22.6979 36.1553 241.083 17.895 14.2605 51.0128 22.4574 237.81 10.8679 226.942 224.072 42.1526
internal_count=28901 22417 6484 6190 1836 1324 808 21683 562 512 734 516 1721 551 4354 1292 499 19962 995 914 3062 1170 19794 711 19083 18853 2682
is_linear=0
shrinkage=0.05


Tree=76
num_leaves=6
num_cat=0
split_feature=20 20 1 3 9
split_gain=12.8259 9.50712 7.05822 7.45568 0.911365
threshold=16.121959567414155 5.7203375950920803 371.55627451530205 19.306530252211353 0.062997293746927821
decision_type=8 8 2 2 2
left_child=1 -1 4 -4 -3
right_child=-2 2 3 -5 -6
leaf_value=-0.025918422455488116 -0.035790160550809254 0.034009932944661897 0.02188461647370523 0.20089822248677025 -0.020956034505219739
leaf_weight=1.6423525602585902 6.0802014619985121 0.21030420289025786 1.2033350456913481 1.0230402178131042 1.0010051103163276
leaf_count=1396 15746 200 404 343 951
internal_value=-0.00119319 0.0633858 0.102277 0.140915 -0.000348557
internal_weight=11.1602 5.08004 3.43768 2.22638 1.21131
internal_count=28901 4319 1898 747 1151
is_linear=0
shrinkage=0.05


Tree=77
num_leaves=16
num_cat=0
split_feature=20 0 9 0 20 1 8 20 9 5 5 6 8 20 16
split_gain=53.1915 10.0357 7.02386 6.68095 8.76676 4.9021 6.11618 4.7188 4.57002 4.30468 3.90252 2.98168 2.40285 1.88257 1.47171
threshold=2.3562746189955655 179.49145490248551 0.12448803030367551 442.43059571932855 1.3053784027135953 142.28704808227954 0.14309368513879853 4.528915043210656 0.064781131367979597 -18.275501139313395 -36.925997893292809 0.025988512650803323 0.20034466732090131 0.87237327942997267 66.714568115585337
decision_type=8 2 2 2 8 2 2 8 2 2 2 2 2 8 2
left_child=2 5 8 9 13 6 -2 11 -1 -4 -7 -3 -11 -5 -9
right_child=1 7 3 4 -6 10 -8 14 -10 12 -12 -13 -14 -15 -16
leaf_value=0.030875678008975938 0.12545424381154613 -0.025330757839790191 0.036720295769585423 -0.0077677461427374077 0.076989431923985691 0.050339733613399218 -0.0048571770033135168 -0.041012184185272624 0.086839489006491008 -0.031502845210433068 -0.032640413547083781 0.030819660651757799 0.0062777843803851659 0.030277150155729817 0.018702292481282523
leaf_weight=8.7798363115871343 1.0418482493842034 3.9145010801730686 5.6763256415724799 5.8624434007797426 9.0263785300776362 1.078786619007589 1.4829368165228514 54.963931187987328 8.3994379504583776 6.6361426450312146 3.5222725598141542 3.5598635557107627 8.7756463547702861 5.4982150665018699 0.51568126399070024
leaf_count=225 201 226 202 225 265 226 287 24995 215 245 736 205 325 211 235
internal_value=-0.000310062 -0.0288363 0.0351949 0.0231037 0.0428001 0.0247525 0.069252 -0.0351942 0.0615097 0.00298649 -0.00767056 0.00189341 -0.0109184 0.0116047 -0.0401358
internal_weight=128.734 70.0798 58.6544 41.4752 20.387 7.12584 2.52479 62.954 17.1793 21.0881 4.60106 7.47436 15.4118 11.3607 55.4796
internal_count=28901 27111 1790 1350 599 1450 488 25661 440 751 962 431 570 436 25230
is_linear=0
shrinkage=0.05


Tree=78
num_leaves=31
num_cat=0
split_feature=20 10 11 21 1 13 13 21 20 3 1 5 1 19 21 4 3 21 10 12 5 3 20 5 12 2 16 21 20 3
split_gain=105.961 121.168 29.7728 27.2116 20.4634 16.7924 14.5227 13.6152 8.83585 10.9535 7.47983 7.40273 7.20242 6.84435 5.82766 5.75553 5.18383 4.91503 4.84934 6.73715 4.50782 5.89766 6.08126 4.48892 5.54179 4.11054 4.05007 3.80702 2.73782 2.24849
threshold=13.162809062982001 11.500000000000002 -119.64363759951699 0.77466426013281253 825.32924173751462 23.842418421859055 25.95567989279893 0.3670215638358581 46.768050367741004 23.035620631285905 10.780575984860951 33.152164272903356 2.8837109234001854 3.5000000000000004 0.60248456170242959 12.941070587403452 19.903513243275654 1.7137962444792603 2.5000000000000004 -101.31527209031158 -30.803323692053709 24.508189650801302 48.291838458251355 50.709324003732959 -126.16484913710499 4.088051183244545 5.7021094619651906 1.4475722338512453 28.935070710465954 21.130486560568652
decision_type=8 2 2 10 2 2 2 10 8 2 2 2 2 2 8 2 2 10 2 2 2 2 10 2 2 2 2 10 8 2
left_child=3 2 23 7 6 17 8 11 9 -4 -10 18 -8 -11 -6 27 -9 -5 19 -1 -16 -22 -23 24 -2 -14 -15 -7 29 -27
right_child=1 -3 4 5 14 15 12 16 10 13 -12 -13 25 26 20 -17 -18 -19 -20 -21 21 22 -24 -25 -26 28 -28 -29 -30 -31
leaf_value=0.0045969703366483851 -0.024802728304502704 -0.055664816080286367 0.022503812747141794 -0.03194288939840919 -0.026892187333113316 -0.023015692683716591 -0.007999404091958982 -0.067598860131428531 -0.015023571342919618 -0.040932250348705256 0.028300017394515042 -0.043114228438220416 -0.0069259586450656496 -0.014441819468498927 -0.025120640409832879 0.026128831197283653 -0.033879137134603374 -0.0022170792441175173 -0.027655811983661394 -0.022974396016167652 0.030587003567559778 -0.033603812711210962 0.014673000034785336 -0.035676635348363794 0.0088033534322172202 0.034971403272379652 0.030952140819792879 0.013966769064588694 0.036036160670985182 0.011483325390407993
leaf_weight=40.062113765627146 20.236308157443997 58.793134219944477 27.507185555994511 36.43283705227077 17.076437667012215 12.041798200458292 10.515380213037131 27.137481959536672 10.680717155337332 16.928130328655243 82.500999670475721 38.778039565309882 5.9001680407673112 12.796382678672673 8.9196104984730464 43.3656219355762 25.852295111864805 22.37682893872261 79.899539023637772 47.80325486138463 21.5468725617975 9.7355480622500217 15.676470508798955 15.693644542247055 28.191985040903095 17.668114630505443 6.6354633662849665 13.956527937203644 274.63294609449804 25.869837075471878
leaf_count=255 289 2149 766 358 379 273 528 210 440 431 3397 202 302 399 207 1071 201 220 425 305 522 200 323 207 402 687 207 316 14109 1006
internal_value=9.09315e-06 0.0123909 0.0188333 -0.0202626 0.0224984 -0.00139031 0.0261585 -0.0295418 0.0134918 -0.000851421 0.0232274 -0.0235364 0.0320461 -0.0186496 -0.00218677 0.0151775 -0.0520801 -0.0208585 -0.0187824 -0.010493 0.00570326 0.0119598 -0.00439427 -0.0132874 -0.00545702 0.0333661 0.00181526 -0.00338064 0.0341327 0.0215862
internal_weight=1075.21 687.505 628.712 387.706 564.59 128.174 491.635 259.533 157.049 63.8672 93.1817 206.543 334.586 36.36 72.9549 69.3639 52.9898 58.8097 167.765 87.8654 55.8785 46.9589 25.412 64.1219 48.4283 324.071 19.4318 25.9983 318.171 43.538
internal_count=28901 25125 24879 3776 24034 2291 22414 1485 5616 1779 3837 1074 16798 925 1620 1713 411 578 892 560 1296 1137 523 845 691 16569 606 589 16346 1693
is_linear=0
shrinkage=0.05


Tree=79
num_leaves=31
num_cat=0
split_feature=12 20 3 5 3 15 21 9 21 5 4 9 0 5 5 4 19 1 10 6 7 15 8 12 4 3 5 11 12 20
split_gain=19.4411 9.31545 6.78349 6.36365 7.04546 5.98308 6.21597 5.55975 5.42529 5.33161 5.4578 5.60454 5.20722 5.03089 5.0265 8.96449 5.20117 4.83805 4.73244 4.22522 5.2721 6.40775 4.73716 4.37878 4.13598 3.7388 3.72105 3.39702 5.26882 5.11665
threshold=-115.64064265246751 0.58555727809401004 38.36334948499016 -43.05705056003044 52.801050853769461 4.0215063214650103e-09 0.60248456170242959 0.41121447051053256 1.8035841543719602 51.712722824332957 64.040744419176306 0.17012050474899623 269.35112871174556 -36.925997893292809 -21.833794477543332 -2.0495262818463593 2.5000000000000004 4.780027304635456 2.5000000000000004 -0.13954810523580893 -0.22108287666594381 5.7415125860852971e-09 0.16944116090293507 -107.83609859001149 45.937368538318509 13.133373799281651 34.869426294194554 -108.85112383013649 -103.82260391626399 18.461628974732854
decision_type=2 10 2 2 2 2 8 2 10 2 2 2 2 2 2 2 2 2 2 2 2 2 2 2 2 2 2 2 2 10
left_child=2 17 26 12 5 6 18 9 -6 10 11 -4 -3 -13 15 -7 -17 -2 27 -16 21 -21 -23 -22 -8 -25 -1 -5 -29 -30
right_child=1 3 7 4 8 14 24 -9 -10 -11 -12 13 -14 -15 19 16 -18 -19 -20 20 23 22 -24 25 -26 -27 -28 28 29 -31
leaf_value=-0.035278409786460276 0.030801137647566451 -0.006203930570601938 0.012448964778791163 0.068549552574360448 0.095705264573946264 -0.028287590630807703 -0.029048546445517395 -0.0045522832619974106 0.003052048384043347 0.081911817636516629 -0.0056368717098069839 0.021140521966396569 0.075667260987019466 0.084485257325152302 -0.01870786081929619 0.13169193311019387 0.018432321186294089 -0.035170617556550675 -0.033224475608864643 0.10750444247484835 -0.026293874600771108 0.050809061678828385 -0.03054957417983678 0.061012741589534028 0.00051229689939094538 -0.00032803627047744331 0.031680169461333223 -0.033333835598682901 0.057596621659075253 -0.018092914942818544
leaf_weight=4.980321922339499 2.3137340995017466 2.9388089196290821 9.5152927422896081 2.5329253771342382 2.1986982778180399 2.0096151535399267 40.79437151318416 6.5342318133916706 3.2571923823561519 7.232499452540651 6.7218734882771969 5.8019393810536775 4.0156744047999382 9.0303961515892244 13.470625384245066 1.8177786241285505 2.1795986904762685 27.554049576399848 3.552614068146795 1.9497994866687802 7.8855709019117102 2.6740642497316012 2.5651503915432841 2.8013876122422543 16.458056302042678 7.1381310406140983 2.257740076398477 3.6173769165761813 5.3944702558219388 2.8366775214672089
leaf_count=460 507 366 361 248 290 232 8218 252 430 266 270 217 499 338 1550 206 248 6035 342 206 918 280 268 347 3315 883 208 355 505 266
internal_value=-0.000384938 -0.00449736 0.0303511 0.00127226 -0.00147274 -0.00418376 -0.0127218 0.0374951 0.0494317 0.0446016 0.033633 0.0442693 0.0446398 0.0626071 0.0102072 0.0491725 0.0859823 -0.0292278 0.0124585 0.00303387 0.0150113 0.0482205 0.0124634 -0.000232276 -0.0206879 0.0209574 -0.013082 0.0251698 0.0112829 0.0323777
internal_weight=214.031 161.956 52.0743 132.089 125.134 119.678 75.1865 44.8362 5.45589 38.302 31.0695 24.3476 6.95448 14.8323 44.4917 6.00699 3.99738 29.8678 17.9341 38.4847 25.0141 7.18901 5.23921 17.8251 57.2524 9.93952 7.23806 14.3815 11.8485 8.23115
internal_count=28901 26506 2395 19964 19099 18379 13258 1727 720 1407 1246 925 865 555 5121 693 454 6542 1725 4428 2832 758 548 2074 11533 1230 668 1407 1163 771
is_linear=0
shrinkage=0.05


Tree=80
num_leaves=31
num_cat=0
split_feature=12 1 21 2 17 16 15 7 1 3 21 9 8 7 20 1 0 9 7 1 20 2 13 3 1 12 4 5 7 21
split_gain=10.2409 13.4257 8.42521 7.52356 8.27968 9.15875 7.44916 9.967 6.25083 6.27981 5.5283 5.34106 7.6527 8.51988 7.29212 5.31197 5.02788 4.68958 4.27047 4.15499 4.99428 4.9069 6.52951 7.59998 8.2226 3.93556 3.72743 3.43476 3.29696 3.18335
threshold=-108.17619233661797 929.54083285078661 0.094525482650554257 5.6633658804557063 3.7029978924851994 0.77879772260711644 1.4627684554571115e-09 -0.093649703428379624 883.2628233153406 25.807944860251254 0.7138594032304596 0.27289297276847707 0.089420343587780962 -1.0000000180025095e-35 34.496125087209059 21.551039076036655 471.16260077819658 0.1836818923469288 -0.08629100988753978 2.8837109234001854 42.531405721011659 5.1282847159506018 44.415595504503059 33.211815804580105 301.15234253754704 -114.53251311469153 26.698993973960956 -46.513005515764092 0.35023085582459151 1.6059352760045151
decision_type=2 2 10 2 2 2 2 2 2 2 8 2 2 2 8 2 2 2 2 2 8 2 2 2 2 2 2 2 2 10
left_child=2 19 15 4 5 8 7 -3 9 -4 -9 12 -11 14 -14 -1 28 -7 25 -2 21 22 -21 24 -24 -5 -8 -17 -13 -18
right_child=1 6 3 18 -6 17 26 10 -10 11 -12 16 13 -15 -16 27 29 -19 -20 20 -22 -23 23 -25 -26 -27 -28 -29 -30 -31
leaf_value=0.053545440152383141 0.035516755626769848 -0.0036393102372248515 -0.02159957504889401 0.062592632580983756 -0.02566551621178428 0.020663447730850423 -0.035402069912786542 0.11980812212198207 0.080973615536378732 0.10994211086565245 0.028760520146484558 -0.030522121682538997 0.10728602986633312 -0.014892920600665896 0.012071324769699821 0.029168363563195535 0.086031592400335713 0.12369729639524096 -0.0310485209800648 -0.016266248611690581 -0.031459231892983656 -0.02008281484673078 0.1360043082269568 -0.026896556270978381 0.010747204686717223 -0.010979454841303249 0.02129424095271823 -0.035223391525002069 0.02456243166455728 -0.0040380899532718303
leaf_weight=1.5245741338003433 2.7565421122126272 5.2039284545462605 5.9624681384302667 2.25698693888262 4.4934624356683344 2.0453250152058908 4.5526402457617214 3.868733423762027 4.592022126307711 3.2046067169867571 3.7974984946195027 6.5535700849723062 3.2866023539099904 5.9618657610844767 4.3332921694964162 1.6876976750791097 1.6658144588582231 3.7660206593573093 7.2441374887712282 6.4034053417854002 36.908944664988667 19.212809439050034 2.0420552974101174 1.7842551865614948 2.631266848416999 3.5588006656616935 5.1142312828451395 11.7459040840622 3.3380210162140429 1.4163738111965356
leaf_count=203 692 291 732 326 503 234 229 215 526 340 211 621 331 651 437 232 258 431 1130 819 9503 3201 273 258 352 513 258 1616 316 219
internal_value=-0.0001367 -0.00603836 0.0182678 0.0261317 0.0347222 0.0410248 0.0268656 0.0503754 0.0310026 0.0225489 0.0832302 0.0318087 0.0496365 0.0288436 0.0608212 -0.0147497 0.00684053 0.0957918 -0.0072659 -0.0166024 -0.0191629 -0.00448948 0.0185734 0.0506695 0.0798048 0.0225668 -0.00622273 -0.0256733 -0.0113848 0.0537914
internal_weight=172.914 94.2763 78.6375 63.6794 50.6194 46.126 22.537 12.8702 40.3146 35.7226 7.66623 29.7601 16.7864 13.5818 7.61989 14.9582 12.9738 5.81135 13.0599 71.7393 68.9827 32.0738 12.861 6.45758 4.67332 5.81579 9.66687 13.4336 9.89159 3.08219
internal_count=28901 19209 9692 7705 5668 5284 1206 719 4619 4387 426 3195 1781 1484 768 1987 1414 665 2037 18003 17761 5343 1645 932 625 839 487 1848 937 477
is_linear=0
shrinkage=0.05


Tree=81
num_leaves=28
num_cat=0
split_feature=13 20 16 19 11 21 12 5 20 1 5 21 12 15 13 20 11 20 21 21 1 11 21 1 9 1 17
split_gain=127.971 59.9857 54.3562 66.4222 25.2076 15.1381 11.3669 12.5377 10.603 9.86013 9.02387 8.03818 3.80104 2.73898 2.24526 2.11139 3.05768 1.88812 5.06345 1.49645 0.757184 1.18347 0.357283 0.212675 0.181159 0.0987431 0.0713187
threshold=24.981578417489043 6.780489744390251 17.616020730864069 2.5000000000000004 -110.96333704280848 0.7256591603840471 -99.467900237246866 29.087164252513354 34.496125087209059 575.5904210305531 37.594790791610762 0.029732198310055455 -101.96785674784697 4.4833598785808521e-09 14.440642854600364 2.3562746189955655 -103.75673970734698 16.121959567414155 0.7256591603840471 1.2253022749276601 31.867493227758356 -109.41696959530249 1.1165922018082501 1195.5853786747452 0.0059208448089902452 2.0056130304367454 4.1402118715233778
decision_type=2 8 2 2 2 8 2 2 8 2 2 10 2 2 2 10 2 8 10 10 2 2 10 2 2 2 2
left_child=2 6 3 4 10 11 7 15 -7 -8 -1 -6 20 -14 -15 16 -2 18 -3 -16 21 -5 -20 24 -19 -26 -22
right_child=1 17 -4 12 5 8 9 -9 -10 -11 -12 -13 13 14 19 -17 -18 23 22 -21 26 -23 -24 -25 25 -27 -28
leaf_value=-0.037623317254361015 -0.039734775958782269 0.021787133297214767 0.058618811984035304 -0.035384952489555734 0.034026478601918778 0.024449570872674003 -0.0056345676991066797 0.036856956058600066 -0.03350717799035826 0.039734528709862396 0.018819531704792315 0.066297904387282211 0.015538375582290587 0.011902822880893227 -0.001961542108310785 -0.0022245025669474232 -0.0077472587793724198 -0.017068840981570858 -0.016320996166579154 -0.038736461944855458 -0.041326858779660997 -0.0010118721915263675 -0.039395644954036108 -0.015813751162613753 -0.019377065195308466 -0.041645641895588281 -0.019343314852444227
leaf_weight=17.155728612095125 19.761022794060409 4.2378242835402515 67.772369107231498 4.8569795843213805 51.463744530454278 32.005721256136894 18.590542702004313 10.584857176057993 9.4297203645110113 31.556299549527466 10.816999693401156 35.3193987775594 5.7776779979467419 3.4257130343467024 3.7499807681888369 10.780764208175242 12.578766715712847 2.6769058816134921 4.2727420218288943 10.882332877255974 40.616394617594779 4.4802288385108096 13.414981805719433 2.4779001483693719 3.0177368335425845 201.35376786626875 3.0040793297812343
leaf_count=340 409 236 1599 217 330 693 222 241 204 376 215 226 344 200 256 256 261 241 258 744 2753 200 812 222 272 18123 204
internal_value=0.000241352 -0.0253007 0.0195505 0.00798406 0.0266546 0.0359899 0.00623609 -0.00967649 0.0107812 0.0231339 -0.0159008 0.0477661 -0.0298448 -0.0125466 -0.0218763 -0.0216756 -0.0278986 -0.0394172 -0.0235469 -0.0300401 -0.0372537 -0.0205853 -0.0349932 -0.0409581 -0.0411816 -0.0414128 -0.0402803
internal_weight=636.061 335.304 300.757 232.985 156.191 128.219 103.852 53.7054 41.4354 50.1468 27.9727 86.7831 76.7934 23.8357 18.058 43.1206 32.3398 231.452 21.9255 14.6323 52.9577 9.33721 17.6877 209.526 207.048 204.372 43.6205
internal_count=28901 21806 7095 6801 2008 1453 1821 1223 897 598 555 556 4793 1419 1053 1023 670 19985 1223 1000 3374 417 1070 18762 18620 18395 2957
is_linear=0
shrinkage=0.05


Tree=82
num_leaves=5
num_cat=0
split_feature=21 7 20 20
split_gain=11.9219 6.04854 6.05698 6.152
threshold=0.75228651233371868 0.16476233365769122 5.7203375950920803 16.121959567414155
decision_type=8 2 8 10
left_child=1 2 -1 -4
right_child=-2 -3 3 -5
leaf_value=-0.018825048682223317 -0.035534847973875204 -0.023136418480263748 0.13556788822147151 -0.01553769633151072
leaf_weight=0.82273383357096908 5.7860782455536528 1.235965484549524 2.6017410261556511 0.59434288227930665
leaf_count=566 15146 986 1560 356
internal_value=-0.00115872 0.0603479 0.0855171 0.110462
internal_weight=11.0409 5.25478 4.01882 3.19608
internal_count=28901 4194 2766 1916
is_linear=0
shrinkage=0.05


Tree=83
num_leaves=16
num_cat=0
split_feature=20 0 21 20 9 6 12 11 3 7 20 6 17 15 5
split_gain=46.9434 9.96182 6.15327 8.11169 5.10045 4.76717 5.15098 6.17625 4.67373 4.80778 4.50113 3.06909 1.4956 1.33678 0.773386
threshold=2.3562746189955655 179.49145490248551 0.011862585384144402 0.58555727809401004 0.108235828528652 -0.10023906732827557 -70.990920784017291 -81.76873362405199 41.484097735395203 -0.19278352202142199 4.528915043210656 0.034356832110889808 10.325175061569528 2.1555956852647437e-09 2.7812600323216512
decision_type=8 2 10 10 2 2 2 2 2 2 8 2 2 2 2
left_child=2 5 -1 4 -4 -2 7 -7 9 -5 11 -3 -12 -6 -11
right_child=1 10 3 8 13 6 -8 -9 -10 14 12 -13 -14 -15 -16
leaf_value=0.0061409838557848285 -0.028544467617083232 -0.02603879735446725 0.0471675795968583 0.0072843417940261362 -0.034515709291741817 -0.0051296619814676083 -0.023696121933439653 0.11500480926404227 0.084753035296848245 0.068430053447327013 -0.040961855605594732 0.030472942474279535 0.019432256636538067 0.0055581355482425994 0.035797303291369549
leaf_weight=17.212693787529133 2.1451216121204206 4.0571118800435224 3.3520136943552634 8.2789910205174237 4.3985902057029316 1.5001833026763081 1.299079397460444 2.1320823633577675 8.8109794741030765 7.7430844102054879 51.691830518655479 3.577848237240687 0.49773815646767616 2.9894415542948991 8.172567804111166
leaf_count=505 440 229 204 206 301 261 234 371 200 202 24989 202 241 204 214
internal_value=-0.000334029 -0.0282515 0.031936 0.0417215 0.00350183 0.0251502 0.0493817 0.0749913 0.0536895 0.0394621 -0.0348779 0.000905551 -0.0400314 -0.019571 0.0547802
internal_weight=127.859 66.901 60.9584 43.7457 10.74 7.07647 4.93135 3.63227 33.0056 24.1946 59.8245 7.63496 52.1896 7.38803 15.9157
internal_count=28901 27111 1790 1402 653 1450 889 632 749 602 25661 431 25230 505 416
is_linear=0
shrinkage=0.05


Tree=84
num_leaves=31
num_cat=0
split_feature=20 10 11 19 1 13 5 20 12 16 20 3 1 1 19 3 21 5 3 20 0 0 1 9 5 12 1 20 7 3
split_gain=91.3101 107.446 26.8501 23.4233 19.1593 14.1307 9.33341 9.68839 11.186 8.69704 8.33761 10.091 7.11372 6.90672 5.82699 5.14319 4.98863 4.97225 5.43017 5.29579 4.67537 4.04816 4.02676 3.64122 3.5732 4.92265 2.93154 2.79536 2.4397 2.25204
threshold=13.162809062982001 11.500000000000002 -119.64363759951699 2.5000000000000004 825.32924173751462 25.95567989279893 34.040744419176306 1.3053784027135953 -100.71548677935338 9.0889782735242708 46.768050367741004 23.035620631285905 10.780575984860951 2.8837109234001854 3.5000000000000004 47.900583667663859 0.60248456170242959 -31.754683705355294 24.508189650801302 48.291838458251355 437.86385096349255 119.24729813073951 243.01039506522403 0.29252696386161242 50.709324003732959 -126.16484913710499 855.21418239958655 28.935070710465954 -0.36897063821078818 21.130486560568652
decision_type=8 2 2 2 2 2 2 10 2 2 8 2 2 2 2 2 8 2 2 8 2 2 2 2 2 2 2 8 2 2
left_child=3 2 24 6 5 10 7 8 23 15 11 -4 -12 -7 -13 28 -6 -18 -19 -20 -9 -15 -16 -1 25 -2 -10 29 -5 -23
right_child=1 -3 4 9 16 13 -8 20 26 -11 12 14 -14 21 22 -17 17 18 19 -21 -22 27 -24 -25 -26 -27 -28 -29 -30 -31
leaf_value=-0.006929277928421242 -0.023080319831628223 -0.053886982094751262 0.021805681951885987 -0.0081419907620075213 -0.024620182308417688 -0.0076967213764718824 -0.043106090414888248 -0.021688651324039535 -0.014732146426112626 -0.033765813143363126 -0.014614832714373258 -0.037989976241096242 0.027625175644023937 -0.0073441563398358688 -0.015017548712879162 -0.020141606199898462 -0.027865206373996251 0.030112203195383852 -0.030058490873969342 0.014448960372117235 -0.044128860930406244 0.034499637618087449 0.030516052012919671 0.015760417555761724 -0.031684442193746054 0.0084642148691687034 -0.03341247704663837 0.035557043498048467 0.02307535153382468 0.010550246256858457
leaf_weight=45.137989278882742 20.684575788676739 55.937409773468971 26.610000912100077 6.6574396435171357 17.628863962367177 10.57885913364589 55.584069289267063 52.320795800536871 43.438382934778929 10.449809331446884 10.754424110054968 17.515988433733582 78.904663996770978 5.8426317460834971 12.62322571128607 8.8934695590287429 8.5228408295661193 20.836833024397492 10.217453729361299 15.575461804866789 47.176240012049675 16.687487429007888 6.5461687631905079 27.685299813747406 16.432119283825159 27.927536761388183 45.447120234370232 256.89290263317525 48.497100539505482 25.11571716144681
leaf_count=342 294 2124 748 204 392 564 320 296 217 274 460 442 3377 318 399 258 200 513 210 321 266 676 207 209 213 397 228 14058 1488 1017
internal_value=8.88254e-06 0.0118218 0.0179669 -0.0186134 0.0216148 0.0253185 -0.0245311 -0.020429 -0.0127479 0.00654236 0.0127305 -0.00117699 0.0224533 0.0313689 -0.0179839 0.0135369 -0.00222452 0.00524495 0.0117547 -0.0036458 -0.0326618 0.0327467 0.0012738 0.00179333 -0.0122337 -0.00515273 -0.0245489 0.0335528 0.0192294 0.0206933
internal_weight=1053.12 661.835 605.898 391.288 540.854 468.072 316.79 261.206 161.709 74.4978 152.954 63.2954 89.6591 315.118 36.6854 64.048 72.7815 55.1526 46.6297 25.7929 99.497 304.539 19.1694 72.8233 65.0442 48.6121 88.8855 298.696 55.1545 41.8032
internal_count=28901 25125 24879 3776 24034 22414 1823 1558 996 1953 5616 1779 3837 16798 925 1861 1620 1296 1149 531 562 16569 606 551 845 691 445 16346 1692 1693
is_linear=0
shrinkage=0.05


Tree=85
num_leaves=31
num_cat=0
split_feature=12 20 3 5 3 15 21 9 13 1 1 1 21 10 4 9 20 7 11 11 9 9 11 11 12 21 3 6 3 10
split_gain=16.5625 8.89853 5.73324 5.71481 6.43097 5.52008 5.58494 4.79936 4.68702 6.53769 4.63001 4.57654 4.52304 4.38521 4.09517 4.03851 5.7123 3.87069 4.45079 5.83171 3.79811 4.95488 3.73557 3.59677 4.17733 4.18602 3.19467 5.66201 3.28952 3.00741
threshold=-115.64064265246751 0.58555727809401004 38.36334948499016 -43.05705056003044 52.801050853769461 4.0215063214650103e-09 0.60248456170242959 0.41121447051053256 25.673209504932256 594.32163446188258 4.780027304635456 412.55759749678754 1.8035841543719602 2.5000000000000004 45.937368538318509 0.10591266724547578 105.36487700988052 0.24436059171005645 -105.37938421376698 -104.09966008882999 0.21868958494958471 0.31733452197221729 -117.24791703851399 -101.77605691466098 -97.608955248340919 1.8386770076978654 14.572345772661203 0.04680076328561001 31.943562335699202 2.5000000000000004
decision_type=2 10 2 2 2 2 10 2 2 2 2 2 10 2 2 2 8 2 2 2 2 2 2 2 2 10 2 2 2 2
left_child=2 10 22 11 5 6 13 15 17 -10 -2 -3 -6 26 -8 -4 29 18 20 -20 -7 -22 -1 -21 -25 -26 -5 -28 -29 -17
right_child=1 3 7 4 12 8 14 -9 9 -11 -12 -13 -14 -15 -16 16 -18 -19 19 23 21 -23 -24 24 25 -27 27 28 -30 -31
leaf_value=-0.035309344964694539 0.029346350833636362 -0.00014034698805008905 0.011244351144882841 -0.013205564144278113 0.087268214180126896 -0.024228686605181182 -0.028414945169018265 -0.0046896855624767725 -0.0032831614406009235 0.10281973073674751 -0.034804708871482154 0.075246848557997154 0.0034599286807389567 -0.033019282192630256 0.0013734430528780008 0.076036041167383217 0.0075312110608789333 -0.023146869845503935 0.098697690403987709 -0.029988128474693704 0.058016588315460804 -0.015143318866487799 0.032069698178259561 0.070463737959851683 0.038764928600976682 -0.032079586886373163 0.0006790750546814587 0.098789740199475826 0.015248230982810321 0.033839678184352767
leaf_weight=4.8039878415875146 2.3801300423219827 3.5737541406415403 9.7341512364801002 3.8568334495648768 2.4038667976856241 9.6309971683658677 38.868451070040464 6.5558778014965355 2.6686551996972421 2.0348789421841502 26.099005720345303 3.5992642000783235 3.2184858941473067 3.4604617338627577 16.110861077671871 13.847705264575785 6.7345526516437522 9.057958622928707 1.7759476082865155 2.4440873193088946 3.3996847195085147 4.2067700102925301 2.2598612878937265 2.9188352511264402 3.2092169926036149 3.1436066990718246 5.7552775323856631 2.834254607791082 2.3178319071885198 9.6877808647695929
leaf_count=454 547 431 342 368 308 995 8153 243 351 268 5995 434 412 328 3380 388 233 1025 203 283 317 392 214 330 366 358 533 248 202 271
internal_value=-0.000374535 -0.00381704 0.0280784 0.00177481 -0.000901473 -0.00356978 -0.011951 0.0343596 0.0101801 0.0525991 -0.0286297 0.0422657 0.0470596 0.011576 -0.0198173 0.0407173 0.0495325 0.00399881 0.0124778 0.0329208 -0.00445063 0.020497 -0.0124497 0.0159722 0.0298278 0.00411336 0.0234599 0.036445 0.0697936 0.0607541
internal_weight=212.593 158.969 53.6239 130.49 123.317 117.695 73.204 46.5601 44.4906 4.70353 28.4791 7.17302 5.62235 18.2247 54.9793 40.0042 30.27 39.7871 30.7291 13.4917 17.2375 7.60645 7.06385 11.7157 9.27166 6.35282 14.7642 10.9074 5.15209 23.5355
internal_count=28901 26506 2395 19964 19099 18379 13258 1727 5121 619 6542 865 720 1725 11533 1407 1047 4502 3321 1540 1781 709 668 1358 1048 724 1407 1011 450 659
is_linear=0
shrinkage=0.05


Tree=86
num_leaves=31
num_cat=0
split_feature=5 1 12 1 21 6 12 20 4 9 16 5 1 5 7 8 21 7 3 1 6 20 8 8 1 1 4 5 21 20
split_gain=9.59543 8.57234 12.4625 7.97391 6.24145 6.06536 5.54196 4.25493 5.06795 4.07803 4.54768 3.99996 3.91329 3.76087 5.48853 3.86108 5.84902 3.99007 3.7246 3.60802 3.33449 3.84935 4.65321 4.08577 3.04509 3.60047 2.53251 2.10251 1.8765 1.8591
threshold=58.624593675095007 883.2628233153406 -108.81658844294347 13.176988001787953 1.8507802138074951 0.41872485588807545 -126.16484913710499 52.196589708306213 10.989249272463901 0.11919789988736441 1.0000000180025095e-35 42.77234346716871 248.78938267172853 29.464678488205802 -0.33713541404118946 0.25160624036137996 0.74112266772669455 0.16102604940849299 27.864089452676904 8.2238632934143272 0.21583607054910739 28.488293251829752 0.14309368513879853 0.028340462598304809 404.78250024120206 134.93817743138553 80.709324003732959 16.653354192698004 0.64617319096792514 47.639729392921907
decision_type=2 2 2 2 10 2 2 8 2 2 2 2 2 2 2 2 8 2 2 2 2 8 2 2 2 2 2 2 8 10
left_child=1 2 3 -1 13 6 -5 8 9 -4 18 29 -7 14 -3 17 -17 -16 -11 27 21 22 -8 -23 25 -24 28 -9 -25 -10
right_child=-2 4 7 5 -6 12 20 19 11 10 -12 -13 -14 -15 15 16 -18 -19 -20 -21 -22 23 24 26 -26 -27 -28 -29 -30 -31
leaf_value=0.064882133120297433 0.097075265446381898 -0.025060512103759626 -0.028441485178072462 0.032251664828074893 0.074402944456203587 0.085422721725536124 -0.016150548642154358 -0.016073444003670175 -0.025224389364582562 0.087200914156847303 -0.0072548860027289155 0.040830185519851785 0.0015845454585995467 -0.020129052853117727 -0.016081476827897592 0.081785481067907589 0.012556710412713463 0.039428788483290622 -0.0036326728375348201 -0.034239017288763364 -0.032533223711404449 0.044822789197893648 0.0052527063524068418 0.01910339815309452 -0.001710252537968935 0.089935305223246081 0.025410333735201119 0.042169866522093855 -0.032640910413188194 0.026552450413119474
leaf_weight=5.909013155149295 1.8056863979436457 4.2126279217191067 2.0934429089538762 10.719166111201046 4.4842465571127832 2.8502062717452654 4.4634174155071404 2.5463722303975374 22.406736596021808 3.5757952416315675 3.0871225851587951 1.9149017895106226 2.2401537941768765 5.2750487083103508 6.1908177922014191 6.1412455181125551 6.0746719487942746 4.9855668128002435 1.3951008846051989 31.108840632485226 8.6011870950460416 1.7844745735637868 1.9968052769545481 1.3237175194080952 2.5079203054774553 3.1027806377969682 1.8379293798934666 1.8625732113141564 14.177814750000833 1.0738739466760308
leaf_count=782 304 224 344 1516 242 343 444 275 4500 528 493 372 270 275 340 303 300 273 206 10541 1503 397 202 314 246 313 413 202 3366 216
internal_value=-0.000123436 0.00379844 -0.00220867 0.0141453 0.0246154 0.00770273 0.00197977 -0.0163648 -0.00393081 0.0244523 0.0398168 -0.0157731 0.0548456 0.0158296 0.0231645 0.0325205 0.0509147 0.00988509 0.0653692 -0.0283605 -0.00676473 0.0011301 0.0222241 -0.0126271 0.0439996 0.0630741 -0.0206611 0.011779 -0.0273324 -0.0218685
internal_weight=171.749 169.944 132.579 61.5146 37.3642 55.6056 50.5152 71.0648 35.547 10.1515 8.05802 25.3955 5.09036 32.88 27.6049 23.3923 12.2159 11.1764 4.9709 35.5178 39.796 31.1949 12.0709 19.1239 7.60751 5.09959 17.3395 4.40895 15.5015 23.4806
internal_count=28901 28790 26774 8140 2016 7759 7146 18634 6599 1668 1288 4931 613 1717 1465 1216 603 613 734 12035 6952 5455 1202 4253 745 515 3892 477 3680 4716
is_linear=0
shrinkage=0.05


Tree=87
num_leaves=31
num_cat=0
split_feature=13 20 16 19 11 21 12 12 5 1 0 5 21 12 1 0 5 20 20 21 3 11 21 1 21 1 9 4 1 17
split_gain=114.054 56.4614 50.2791 58.8296 22.7677 13.3573 10.1606 9.95072 11.2792 8.56222 8.3493 8.2499 7.14006 4.45547 4.15455 2.56035 2.50442 2.29204 1.92858 4.63975 1.30562 0.968498 0.905726 0.406896 0.364818 0.221474 0.220291 0.975044 0.125453 0.0302499
threshold=24.981578417489043 6.780489744390251 21.274836997293729 2.5000000000000004 -110.96333704280848 0.7256591603840471 -87.041824313256484 -99.467900237246866 25.578050892877652 575.5904210305531 387.89075678486205 37.594790791610762 0.029732198310055455 -98.227130331846425 67.943082952209963 507.06946013603857 -5.9683299719815492 63.739414573086357 16.121959567414155 0.7256591603840471 2.0153265397466202 -103.75673970734698 0.51004512266520752 10.780575984860951 1.1165922018082501 1195.5853786747452 0.017568433303301493 10.596064230345752 2.0056130304367454 4.1402118715233778
decision_type=2 8 2 2 2 8 2 2 2 2 2 2 10 2 2 2 2 8 8 10 2 2 10 2 10 2 2 2 2 2
left_child=2 7 3 4 11 12 10 8 15 -9 -7 -1 -6 20 -15 21 -17 -16 19 -3 -5 -2 -22 -24 -21 26 27 -20 -28 -25
right_child=1 18 -4 13 5 6 -8 9 -10 -11 -12 -13 -14 14 17 16 -18 -19 25 24 22 -23 23 29 -26 -27 28 -29 -30 -31
leaf_value=-0.037412614019710987 -0.041570936306460117 0.01925735313609208 0.057107668046721141 -0.002902924746346442 0.031123046537531784 0.042895821544878483 -0.033188886597213689 -0.0059989350499847164 0.0291647413099929 0.035897913060559346 -0.0079909636034514852 0.01639290465971906 0.061019102579388577 0.03053302140867134 0.0012209691279441988 0.013601799825186348 -0.02385981546150294 -0.040407824927489233 0.0028555082708310686 -0.01588251873640751 -0.0080168535076463859 -0.018632911426735926 -0.018612481133380761 -0.041385955410355925 -0.039208659537952509 -0.015481875040433883 -0.018854606596230342 -0.035085062090810269 -0.041847920825353518 -0.020525526633321915
leaf_weight=16.747925602830954 13.621859548613429 4.4372452218085554 63.786899834871292 3.1082355305552474 52.189133509993553 19.442622628062963 9.6548595223575813 18.692716080695391 13.124927452765403 32.759489165619016 12.858412533067165 11.14482743386179 36.861870039254427 4.6140196584165141 6.1345783863216639 7.5092658950015947 8.506383082829414 6.0310728028416625 2.1594281252473593 4.190304990857844 3.1324137924239031 10.827742865309121 4.8813754608854643 43.850966953672469 12.692646563984452 2.4354051202535629 2.9293756028637281 5.015128668397665 183.5130726872012 3.2132240599021316
leaf_count=334 305 255 1520 204 326 383 207 217 300 381 253 222 231 275 390 202 228 383 200 266 208 242 327 3091 804 233 282 465 17673 227
internal_value=0.000243242 -0.0247329 0.0181213 0.00728991 0.0244737 0.0331668 0.00960376 0.00534127 -0.00966033 0.0208525 0.0230071 -0.0160908 0.0440384 -0.028976 -0.00584861 -0.0226529 -0.00652806 -0.020918 -0.0392237 -0.0230553 -0.0354339 -0.0325439 -0.0371853 -0.0387595 -0.0346311 -0.040856 -0.041094 -0.0247132 -0.0415892 -0.0404184
internal_weight=620.067 322.415 297.652 233.866 158.9 131.007 41.9559 105.042 53.5902 51.4522 32.301 27.8928 89.051 74.9659 16.7797 40.4653 16.0156 12.1657 217.373 21.3202 58.1862 24.4496 55.078 51.9456 16.883 196.052 193.617 7.17456 186.442 47.0642
internal_count=28901 21806 7095 6829 2011 1455 898 1821 1223 598 636 556 557 4818 1001 977 430 773 19985 1223 3817 547 3653 3475 1070 18762 18620 665 17955 3318
is_linear=0
shrinkage=0.05


Tree=88
num_leaves=9
num_cat=0
split_feature=21 21 3 0 6 13 6 3
split_gain=10.5239 7.07919 4.41677 3.16654 1.37807 0.930369 2.62596 0.482002
threshold=0.67203394054469012 0.49671902741587504 32.308427364858758 601.35660965990758 0.45219081230114183 24.234325592416571 -0.084776678877403797 56.175088511826957
decision_type=8 8 2 2 2 2 2 2
left_child=1 3 5 -1 -2 -3 -7 -6
right_child=4 2 -4 -5 7 6 -8 -9
leaf_value=-0.028716065758288237 -0.03584314617117354 0.019172159395757993 -0.012739845187736396 0.062728793376422773 -0.0093158377746293212 0.1817164774111725 0.017217794461478905 0.04195313025715415
leaf_weight=2.1443185624521042 6.0246855689474614 0.49420578159333817 0.43280061020050198 0.35493648605188355 0.28737063474545821 0.74750730907544805 0.54879855512990383 0.093636391931795515
leaf_count=2203 23747 209 211 365 913 316 232 297
internal_value=-0.00112671 0.0610412 0.110015 -0.0015143 -0.0294231 0.133619 0.149901 0.024539
internal_weight=11.1283 4.72257 2.22331 2.49926 6.40569 1.79051 1.29631 0.381007
internal_count=28901 3652 1084 2568 25249 756 548 1210
is_linear=0
shrinkage=0.05


Tree=89
num_leaves=15
num_cat=0
split_feature=20 2 3 21 7 5 6 3 7 15 1 16 10 1
split_gain=41.8867 11.6096 5.14762 6.01587 6.16348 4.56114 3.78611 3.65712 2.92215 1.96937 1.92266 1.50078 1.02193 0.0183356
threshold=4.528915043210656 4.4969804159043507 8.9865578250530671 0.51004512266520752 0.12234909405079543 -8.8708799969153489 0.10983552343188753 28.971133861232406 0.065335678749290707 8.6812917383733667e-10 74.970063919291718 66.714568115585337 2.5000000000000004 367.20419068816358
decision_type=8 2 2 10 2 2 2 2 2 2 2 2 2 2
left_child=2 5 12 4 6 7 -4 -2 13 -10 -7 -3 -1 -5
right_child=1 11 3 8 -6 10 -8 -9 9 -11 -12 -13 -14 -15
leaf_value=-0.020346155326269804 0.0067193340086933147 -0.040908448912298084 0.033207690079036616 -0.012404882477512209 0.011777630588430735 0.031332159220383592 0.069501997700827003 0.10372062756608649 0.047480536880761731 -0.011331461303495438 -0.030709799035276972 0.019660126988902991 0.0093710858106713681 -0.032361262873262887
leaf_weight=5.2835964906262225 1.9137680931016825 48.592992688063532 20.782202618895099 2.0913602700456977 16.521243200171739 0.9370004279771823 14.331236180849372 1.3456242349930105 2.2538746814243504 1.9715984151698647 2.7542305293027312 0.49222853779792786 4.5393084066454321 3.1398137309588492
leaf_count=237 326 24977 313 201 278 222 215 229 228 200 653 253 204 301
internal_value=-0.000355189 -0.0314043 0.0259728 0.0313047 0.0379075 0.026195 0.0495352 0.061715 -0.00492456 0.023122 -0.011639 -0.0399207 -0.00701639 -0.0276541
internal_weight=126.95 56.0358 70.9142 61.0913 51.6347 6.95062 35.1134 3.25939 9.45665 4.22547 3.69123 49.0852 9.8229 5.23117
internal_count=28901 26660 2241 1800 870 1430 528 555 930 428 875 25230 441 502
is_linear=0
shrinkage=0.05


Tree=90
num_leaves=31
num_cat=0
split_feature=20 15 11 21 1 13 1 21 20 20 0 21 2 19 7 5 5 17 11 8 13 3 20 21 21 6 8 20 2 3
split_gain=78.8978 95.8421 26.3916 19.7676 17.4526 14.0586 11.54 11.146 10.4641 7.74783 8.2439 7.09658 8.55258 10.2627 6.01481 5.61065 5.3864 5.08485 5.29134 4.38239 4.3256 4.27343 4.21529 4.21009 3.23897 3.1385 3.22439 3.07294 3.27455 2.9821
threshold=13.162809062982001 7.4356511232580896e-08 -125.13396182283049 0.77466426013281253 771.89019116886914 23.842418421859055 13.176988001787953 0.3670215638358581 42.935671899378058 40.12142563848861 425.46608033365658 0.38750198261974655 5.1115645487169861 2.5000000000000004 -0.26703318830380457 33.152164272903356 -17.058929412596544 0.11588461543312785 -107.25041167555248 0.14309368513879853 29.243407325363808 19.903513243275654 0.74367021316366411 1.7137962444792603 1.4475722338512453 -0.13085282197319389 0.29608234858683674 56.095129759300356 4.3843758502084169 22.490761278311052
decision_type=8 2 2 10 2 2 2 10 8 8 2 10 2 2 2 2 2 2 2 2 2 2 10 10 10 2 2 10 2 2
left_child=3 2 -2 7 6 23 17 15 11 10 -6 -8 13 -13 20 19 24 18 -4 -1 -11 -9 -21 -5 -7 26 -16 28 -10 -14
right_child=1 -3 4 5 9 16 8 21 27 14 -12 12 29 -15 25 -17 -18 -19 -20 22 -22 -23 -24 -25 -26 -27 -28 -29 -30 -31
leaf_value=-0.0028494363386555813 -0.024084682393231222 -0.047083175491709747 -0.014521670288403272 -0.028553940420663393 -0.043363837668891306 -0.020931594109913354 -0.032840636152244938 -0.058330257522316145 -0.0040258750144901304 -0.041934307171406476 0.0088841960944309965 -0.054767416049676922 0.036582422178561155 0.011024667558215984 -0.020061732845667229 -0.036089644092506909 0.025473557032336822 -0.036502171566111741 0.023152833589613408 -0.011003104408668578 0.0096667366036360929 -0.028697994758017344 -0.029913011166224714 -0.0010689940116680112 0.013169865076070576 0.030704704129536881 0.022799518118860732 0.027302348838910084 0.039947240202028098 0.017134490947891483
leaf_weight=50.274341613985598 34.721947126090527 62.469520481303334 15.177842469885944 37.239044822752476 16.377785434015102 12.389653548598293 6.5764967808499923 28.609323734417558 4.2114311521872869 7.0444770418107501 12.839893797412513 6.9415391366928842 34.554593006148934 22.485897678881884 7.4815164357423791 40.477092161774635 41.760183343663812 6.9796329569071531 21.199502293020487 61.325219662860036 7.5922869052737951 27.042702302336693 59.23882451467216 22.045805873349309 13.546460418030618 25.399883248843253 8.1024935562163574 168.94791343156248 116.21127105504274 52.555242350324988
leaf_count=262 1491 2461 466 363 280 281 246 211 255 200 220 225 1378 728 208 206 1057 200 651 321 215 200 310 215 308 740 225 9642 7036 2095
internal_value=9.71876e-06 0.0112651 0.0176704 -0.0171631 0.0203914 -0.000905986 0.024259 -0.0248634 0.0268323 -0.00043002 -0.0208689 0.0144503 0.0173758 -0.00578469 0.0104856 -0.0194554 0.014565 -0.000275534 0.00746581 -0.0153272 -0.0162617 -0.0446919 -0.0204641 -0.0185206 -0.00329268 0.0201977 0.00225389 0.0320324 0.0383889 0.0251767
internal_weight=1031.82 637.871 575.402 393.949 540.68 126.981 455.841 266.968 412.484 84.8383 29.2177 123.114 116.537 29.4274 55.6207 211.315 67.6963 43.357 36.3773 170.838 14.6368 55.652 120.564 59.2849 25.9361 40.9839 15.584 289.371 120.423 87.1098
internal_count=28901 25125 24710 3776 24468 2291 22359 1485 21114 2109 500 4600 4426 953 1609 1074 1713 1245 1117 892 415 411 631 578 589 1194 433 16514 7291 3473
is_linear=0
shrinkage=0.05


Tree=91
num_leaves=31
num_cat=0
split_feature=12 20 5 3 15 21 9 6 1 3 0 13 21 21 8 5 3 3 10 5 21 7 8 5 5 11 12 20 16 0
split_gain=13.9212 8.46239 5.14648 5.80854 5.11571 5.0526 5.02917 4.60887 4.42813 4.42762 4.41658 4.3034 6.95846 9.16639 8.6937 7.09131 7.05004 4.1432 4.06988 4.03203 3.73898 4.55156 4.58262 3.72718 3.53447 2.96438 4.71618 4.11231 2.52949 3.96147
threshold=-115.64064265246751 0.58555727809401004 -43.05705056003044 52.801050853769461 4.0215063214650103e-09 0.60248456170242959 0.42838707904027978 -0.13954810523580893 4.780027304635456 38.36334948499016 269.35112871174556 25.77259598042065 1.3904153779081152 1.9241788745760602 0.130563467193654 29.087164252513354 13.133373799281651 56.933711578146507 2.5000000000000004 15.937368538318504 1.3256380276142401 -0.24655016374161273 0.20623291685101244 -14.320209767335248 34.040744419176306 -108.85112383013649 -103.82260391626399 18.461628974732854 1.0000000180025095e-35 443.80615033560707
decision_type=2 10 2 2 2 8 2 2 2 2 2 2 10 10 2 2 2 2 2 2 8 2 2 2 2 2 2 10 2 2
left_child=6 8 10 4 5 18 9 23 -2 24 -3 12 16 14 -14 -15 -9 -5 25 -7 -11 -22 -23 -6 -1 -4 -27 -28 -21 -30
right_child=1 2 3 17 7 19 -8 11 -10 20 -12 -13 13 15 -16 -17 -18 -19 -20 28 21 22 -24 -25 -26 26 27 -29 29 -31
leaf_value=-0.033665386358070613 0.027979244572351653 -0.0066262661876838828 0.060931057691505003 0.075656402272040235 0.031964640410633745 -0.027788675612999504 -0.015541050112209173 0.045412308118529893 -0.034417561376249774 0.054181366453437879 0.067190429834572754 0.071054936448557718 0.13998456384063054 -0.028455002885259508 0.016615557229563031 0.055454636010088834 -0.033741977485699425 -0.0031875575159777529 -0.032771013865287822 -0.010435953643650018 0.060980061019423576 0.03439721149221673 -0.010858754974035514 -0.02395200473495411 0.034565776478828983 -0.033305623756403106 0.04936706016913011 -0.017722656994365284 0.05853797561597545 -0.025201601989974218
leaf_weight=3.8885902191977948 2.4449363185558495 2.979572135489434 2.7889872863888785 3.1609967460390189 2.9244968355633327 37.126473425421864 5.9434780708979815 2.8944326357450434 24.71378774009645 17.472191627370194 4.3968539102934301 2.8859383803792298 2.2476233160123247 5.762427876237779 3.1027382710017264 3.0147288057487458 9.4755531146656704 2.6493870115373284 3.3542969888076186 11.422183834249152 5.1416184112895307 9.7683586063794827 10.894030540948732 12.140282064909114 2.134925723541528 3.5859573264606341 5.9535736560355828 2.7749394972342998 2.8984829266555616 1.5040538990870116
leaf_count=370 589 349 260 392 356 8086 258 272 5953 596 516 323 250 791 345 414 891 328 313 2263 219 407 453 1479 203 339 526 245 538 279
internal_value=-0.000365836 -0.00316914 0.00223326 -0.000373571 -0.00298654 -0.011217 0.0258251 0.010192 -0.0280062 0.031022 0.0401421 0.0214756 0.013688 0.0365557 0.0823239 0.0030899 -0.0132095 0.0445163 0.0108856 -0.0189805 0.036512 0.0229728 0.0111367 -0.011783 -0.00800385 0.0220142 0.00928594 0.0284088 0.00210796 0.0305603
internal_weight=211.446 156.203 129.044 121.668 115.857 71.4089 55.2432 44.4482 27.1587 49.2997 7.37643 29.3834 26.4975 14.1275 5.35036 8.77716 12.37 5.81038 18.4578 52.9512 43.2762 25.804 20.6624 15.0648 6.02352 15.1035 12.3145 8.72851 15.8247 4.40254
internal_count=28901 26506 19964 19099 18379 13258 2395 5121 6542 2048 865 3286 2963 1800 595 1205 1163 720 1725 11533 1475 1097 860 1835 573 1407 1163 771 3135 817
is_linear=0
shrinkage=0.05


Tree=92
num_leaves=31
num_cat=0
split_feature=21 5 20 3 3 1 17 7 6 21 4 9 21 7 1 3 20 4 9 9 7 1 9 5 11 8 19 21 6 5
split_gain=9.52418 9.34706 7.85928 9.15309 8.78868 6.83057 6.69276 7.05701 8.08462 6.15439 6.1731 5.55756 5.5289 7.80537 5.32022 5.16381 4.67979 5.59005 6.95324 5.20128 9.7271 4.41315 4.28877 6.36674 4.02817 3.843 3.7992 3.76415 4.25221 5.71915
threshold=0.22263645563770154 58.624593675095007 28.488293251829752 58.875689852195208 35.447374157153405 7.2287652825019606 1.0000000180025095e-35 -0.17773973960296027 -0.093193460310539086 2.6191848788546657 8.9180713613352722 0.03724237536125586 1.7495593578187503 0.11410634629177975 970.9031270305386 43.957074715818358 25.113767066858205 33.096564434070856 0.43437640898072699 0.2228596735667159 -0.08629100988753978 8.2238632934143272 0.21264772823849756 -7.8558181565021501 -107.25041167555248 0.23803898204266119 3.5000000000000004 0.3670215638358581 0.42737537488848348 21.061892849493454
decision_type=10 2 10 2 2 2 2 2 2 10 2 2 8 2 2 2 8 2 2 2 2 2 2 2 2 2 2 10 2 2
left_child=5 2 3 9 21 -1 7 8 -6 10 12 -12 13 -2 -7 24 17 -13 19 20 -19 -4 -8 -24 25 -9 -10 -23 -29 -30
right_child=1 -3 4 -5 6 14 22 15 26 -11 11 16 -14 -15 -16 -17 -18 18 -20 -21 -22 27 23 -25 -26 -27 -28 28 29 -31
leaf_value=0.050774395752304795 -0.011122019518037081 0.10538512377238876 0.026467002922861332 0.10013822271658429 -0.019933242161080916 -0.030910381807235716 0.0086982359748976803 0.087171211970184612 0.10765360106654157 -0.023567546085890116 0.074312470443473569 -0.029237544073526769 0.10983271681791924 0.074721535980376994 0.012061731276006987 -0.03477523485272524 0.062761764992511196 0.089411066605536146 0.077559834442101433 -0.026164871676208359 -0.016766769138832658 0.043777660339476956 0.13768808358304463 0.024706818660471582 -0.028461238392572225 -0.00031556188118136584 0.01620691272340154 -0.030206747581692669 -0.028033755405278457 0.076058382276707706
leaf_weight=2.6739851918537161 5.1090665080118915 1.6457344507798553 4.6945095583796492 2.7924320078454912 3.053613050142304 29.574104998493567 3.7022877288982263 1.642292178003119 2.6056509367190301 6.6759724172297865 2.3561221440322688 9.7733214637264663 2.5637949858792135 4.0422968836501241 8.8242847276851517 10.265276665333657 2.2602138160727909 2.7291041195858279 2.6818391031119972 7.7194921695627272 4.5141075919382301 1.236335927620529 1.7279958717990682 3.3302416265942147 2.0496916831471106 2.3774982783943415 2.2628853006754071 32.500864413101226 2.0205150600522774 1.4723444001283494
leaf_count=499 349 269 1267 293 404 5732 446 219 346 721 251 1011 201 277 1710 1357 241 251 253 733 416 363 202 389 329 317 300 9611 469 341
internal_value=-0.000121608 0.0121542 0.0101504 0.0246511 -0.000335926 -0.0152122 0.0186509 0.00439311 0.040376 0.0186049 0.025423 0.0132415 0.0550716 0.0304218 -0.0209795 -0.0143806 0.00612878 -0.000584056 0.016004 0.000803436 0.0292325 -0.0153751 0.0536345 0.07966 0.0201525 0.0456724 0.0751538 -0.0212054 -0.0245605 0.0230068
internal_weight=170.878 129.806 128.16 53.2178 74.942 41.0724 33.0174 24.2569 7.92215 50.4253 43.7494 32.0342 11.7152 9.15136 38.3984 16.3348 29.6781 27.4179 17.6445 14.9627 7.24321 41.9246 8.76053 5.05824 6.06948 4.01979 4.86854 37.2301 35.9937 3.49286
internal_count=28901 21243 21156 5580 15576 7658 4263 3208 1048 5449 4334 3414 920 626 7442 2160 3164 2837 1663 1421 667 11313 1055 591 974 536 646 10926 10644 810
is_linear=0
shrinkage=0.05


Tree=93
num_leaves=30
num_cat=0
split_feature=13 20 16 19 20 11 12 5 11 21 1 12 15 0 5 13 20 21 21 21 11 1 11 21 9 4 1 1 17
split_gain=102.49 53.0396 46.2798 52.7261 20.8218 17.0321 8.72823 10.092 7.85937 11.7242 7.33213 3.75493 2.74883 2.44582 2.33411 2.06687 1.95744 4.42119 1.5525 1.52772 0.973387 0.773774 1.20256 0.363895 0.238447 0.976446 0.254479 0.131573 0.108936
threshold=24.981578417489043 6.780489744390251 17.616020730864069 2.5000000000000004 68.742823115392625 -109.10109310553399 -99.467900237246866 25.578050892877652 -93.785934994882282 0.033272778204350907 575.5904210305531 -101.96785674784697 4.4833598785808521e-09 507.06946013603857 -5.9683299719815492 13.611816505295758 16.121959567414155 0.7256591603840471 0.45538001125295807 1.2253022749276601 -103.75673970734698 31.867493227758356 -109.32853715277248 1.1165922018082501 0.017568433303301493 10.596064230345752 1195.5853786747452 2.0056130304367454 4.1402118715233778
decision_type=2 8 2 2 8 2 2 2 2 10 2 2 2 2 2 2 8 10 8 10 2 2 2 10 2 2 2 2 2
left_child=2 6 3 4 5 -1 7 13 9 -7 -8 21 -13 20 -15 -14 17 -3 -6 -17 -2 22 -5 -19 25 -18 27 -26 -23
right_child=1 16 -4 11 18 8 10 -9 -10 -11 -12 12 15 14 -16 19 24 23 -20 -21 -22 28 -24 -25 26 -27 -28 -29 -30
leaf_value=-0.0028462012531563028 -0.04138514263187066 0.018159725019667564 0.054847766162411493 -0.035047323588758172 -0.0056553798463720977 0.026065369486039422 -0.0062093547185957196 0.026085335075101235 0.018354728807090822 0.066871209670542178 0.032254971408357938 0.016694206588470484 0.011929013062704337 0.012559320478442347 -0.023576967957976563 -0.00088613975844181064 0.0035273544764489566 -0.015645310566754562 -0.038934960290800708 -0.038489099502539266 -0.01825482399281866 -0.04117586478039939 4.0958699654427232e-05 -0.039060409502521161 -0.018645145013766976 -0.03471849431520297 -0.015021525327454217 -0.041809368227735538 -0.018140302676437608
leaf_weight=33.071887226775289 13.159371541813016 4.5244316579774049 62.268741473555565 4.6236130530014643 5.4340336173772847 36.43435749784112 18.748704968951643 13.700788012705742 36.815923863090575 37.295427628792822 33.976262360811234 5.6436651498079327 3.2267589764669564 7.6497544785961553 8.3807388981804234 3.6262922873720553 2.113101433031261 4.1400557337328836 11.319273313507436 10.165177918039261 10.702506152912976 36.754004548303783 4.3117751460522395 12.130244098603724 2.8956488762050858 4.7287746015936136 2.3778462894260883 171.44600016903132 2.8091120077297091
leaf_count=259 302 266 1504 216 287 245 213 313 241 251 385 353 200 205 225 265 206 272 598 743 245 2747 201 798 298 460 243 17657 210
internal_value=0.000247143 -0.0241831 0.016943 0.00655678 0.0224185 0.0285838 0.0044434 -0.00968389 0.037928 0.0473252 0.0187163 -0.0290053 -0.0115166 -0.0223061 -0.00660781 -0.0212793 -0.0390255 -0.0226187 -0.0290671 -0.0293302 -0.0321623 -0.0367794 -0.0198155 -0.0343532 -0.0407515 -0.0239628 -0.041263 -0.0415332 -0.0400278
internal_weight=604.474 310.674 293.8 231.531 160.371 143.618 106.318 53.5932 110.546 73.7298 52.725 71.1604 22.6619 39.8924 16.0305 17.0182 204.356 20.7947 16.7533 13.7915 23.8619 48.4985 8.93539 16.2703 183.561 6.84188 176.719 174.342 39.5631
internal_count=28901 21806 7095 6801 2008 1123 1821 1223 724 496 598 4793 1419 977 430 1053 19985 1223 885 1008 547 3374 417 1070 18762 666 18096 17955 2957
is_linear=0
shrinkage=0.05


Tree=94
num_leaves=8
num_cat=0
split_feature=21 2 7 6 3 17 1
split_gain=9.80577 4.97068 6.72076 3.87033 5.28164 3.6003 1.31321
threshold=0.75228651233371868 5.5743214575657252 -0.020030487700321228 -0.084776678877403797 19.306530252211353 1.0000000180025095e-35 587.32640895481211
decision_type=8 2 2 2 2 2 2
left_child=1 3 6 4 -1 -6 -3
right_child=-2 2 -4 -5 5 -7 -8
leaf_value=-0.021991443630946902 -0.034932136748289037 0.020604303510201434 -0.015844900513625627 -0.028384458582693031 0.13247333788023949 -0.011740332733857935 0.1777302202566465
leaf_weight=1.0429105698713128 5.1801903656596542 0.46891880461771696 0.60748611965391297 2.0387884874944597 0.67066469616838809 0.38067712126940023 0.55121947864245158
leaf_count=623 13684 262 454 1469 457 259 309
internal_value=-0.00110676 0.0524242 0.106748 0.0144024 0.0517677 0.0999877 0.151457
internal_weight=10.9409 5.76067 1.62762 4.13304 2.09425 1.05134 1.02014
internal_count=28901 4194 1216 2978 1251 716 571
is_linear=0
shrinkage=0.05


Tree=95
num_leaves=14
num_cat=0
split_feature=20 0 21 5 12 2 6 1 8 20 5 6 17
split_gain=37.3377 9.47028 5.33888 6.74958 6.9792 10.0874 8.0192 4.41643 5.24769 4.05436 3.51252 2.99489 1.70349
threshold=2.3562746189955655 179.49145490248551 0.011862585384144402 25.212019929739252 -103.28949717993699 5.0344857296783951 0.038295664546009973 142.28704808227954 0.1369588784727043 4.528915043210656 -36.925997893292809 0.043045894276071868 11.037477435838026
decision_type=8 2 10 2 2 2 2 2 2 8 2 2 2
left_child=2 7 -1 4 6 -6 -4 8 -2 11 -9 -3 -11
right_child=1 9 3 -5 5 -7 -8 10 -10 12 -12 -13 -14
leaf_value=0.0035186957338081727 0.1145646860325375 -0.026932740967129318 0.093769953051688115 0.0043142298674599669 0.065372774274819898 -0.014200405390818419 0.025784506602622593 0.045650421639534464 -0.0046582911228053719 -0.040855477335172447 -0.032254762531509655 0.027929374641169971 0.025262000251478775
leaf_weight=18.050757749006152 1.1829805293818949 4.2666184678673753 10.674824971705679 12.85432565351948 5.8018798467237529 8.9375399721320719 8.5241505249869061 1.1886355918832139 1.4693118440918622 45.809298820444383 3.3328525008400893 3.7156092883087695 0.36794874537736177
leaf_count=498 218 230 282 385 228 352 226 253 270 25029 709 201 201
internal_value=-0.000376161 -0.0271003 0.0268921 0.0356463 0.0470504 0.0192854 0.066356 0.0243152 0.065326 -0.034228 -0.00721599 -0.00112895 -0.0398043
internal_weight=126.177 61.3333 64.8435 46.7927 33.9384 14.7394 19.199 7.17378 2.65229 54.1595 4.52149 7.98223 46.1772
internal_count=28901 27111 1790 1402 1088 580 508 1450 488 25661 962 431 25230
is_linear=0
shrinkage=0.05


Tree=96
num_leaves=31
num_cat=0
split_feature=13 21 16 11 19 20 20 20 13 5 5 1 20 20 1 1 0 5 4 0 1 12 0 2 20 8 10 3 20 17
split_gain=69.2904 69.595 27.8076 26.3712 20.5673 15.7528 14.7744 9.90162 9.39833 11.082 13.4828 9.24735 8.95213 8.78833 8.22052 7.87013 7.00713 6.3249 6.07399 5.61964 5.5648 4.86584 4.54686 4.26824 4.16799 4.03347 4.02884 3.72502 3.67843 4.18591
threshold=21.130238862014327 0.7256591603840471 21.274836997293729 -125.13396182283049 2.5000000000000004 18.461628974732854 47.639729392921907 40.12142563848861 38.145639886235912 -23.837695975412831 -32.597863332229927 970.9031270305386 1.8514795658007903 3.2166863544211104 62.747651318965701 9.374926949100816 399.43012386818651 -0.46368444422054894 10.596064230345752 249.91991818949603 994.59851916768662 -114.95369573210478 389.56893863254658 5.2719956613777574 294.38216490566305 0.1506233518936724 3.5000000000000004 22.879422737767054 72.802870174596208 1.0000000180025095e-35
decision_type=2 8 2 2 2 10 8 8 2 2 2 2 10 10 2 2 2 2 2 2 2 2 2 2 10 2 2 2 8 2
left_child=2 5 4 -3 7 12 8 22 9 10 -5 16 17 -14 -6 25 27 18 -2 -10 21 -7 -1 -9 -17 -8 -16 -11 29 -28
right_child=1 3 -4 6 14 20 15 23 19 11 -12 -13 13 -15 26 24 -18 -19 -20 -21 -22 -23 -24 -25 -26 -27 28 -29 -30 -31
leaf_value=-0.039037026244861495 -0.0077719081834269829 -0.027395803635243687 -0.053123140425977468 0.0057937367817256216 -0.018080949607111801 -0.021663939288921137 -0.026202171559399828 0.018562223175352575 -0.009936258896997209 0.016700516212768541 -0.074840244086375671 -0.037479799192015439 -0.015101992100375003 -0.057249984614593401 0.033360765044786043 0.033640563862556379 0.029253195558839602 -0.0010282109592494757 -0.034332664142326705 0.024488087211906106 -0.020681098989119878 0.025138201118622347 -0.017868907125855149 -0.022047249244241184 -0.0087930337477976749 0.016273140691027161 -0.033007443501760478 -0.027390767547842754 0.027339934432158333 0.010514487607635499
leaf_weight=68.772148341871798 41.820984689518809 27.742270030081272 53.968375530093908 10.500248434022071 21.886472409591079 5.6917260177433482 7.4992241337895438 16.145890798419721 12.797848568297921 7.5397748304531023 8.9907446233555675 8.1975236944854242 24.629784107208252 25.969232799485326 22.464764950796962 232.24136139824986 35.84519125893712 63.24580907355994 45.054142622277141 105.4292574711144 10.365060230717061 37.885669445618987 44.361230254173279 9.4090845156460983 5.554437717422843 15.338683927431701 7.9354820242151662 10.102258708328007 11.8225289741531 13.610977817326782
leaf_count=317 225 1247 722 269 621 246 212 394 478 214 230 232 205 216 696 14088 1112 362 243 3940 399 1635 205 230 337 435 204 287 345 349
internal_value=1.12625e-05 0.0081925 -0.0213258 0.0192402 -0.0131882 -0.0129607 0.0221059 -0.0246655 0.0117748 -0.00133181 -0.033238 0.00911924 -0.0193886 -0.0374241 0.00734563 0.0299347 0.0168179 -0.0131022 -0.0217805 0.0207096 0.0108751 0.0186764 -0.030966 0.00334303 0.0326167 0.00181155 0.0174555 -0.00866218 0.00608853 -0.00626752
internal_weight=1012.82 742.441 270.377 487.779 216.409 254.662 460.037 138.688 199.403 81.1757 19.491 61.6847 200.72 50.599 77.7202 260.634 53.4872 150.121 86.8751 118.227 53.9425 43.5774 113.133 25.555 237.796 22.8379 55.8338 17.642 33.369 21.5465
internal_count=28901 25284 3617 21925 3351 3359 21732 1146 6660 2242 499 1743 1280 421 2205 15072 1659 859 468 4418 2079 1881 522 624 14425 647 1731 501 974 553
is_linear=0
shrinkage=0.05


Tree=97
num_leaves=31
num_cat=0
split_feature=12 20 9 3 1 9 5 21 13 1 20 4 16 3 3 2 15 8 1 5 8 7 1 7 21 7 7 10 21 7
split_gain=11.8711 7.86641 4.67609 4.45213 5.16226 7.24663 5.53538 5.84607 5.37628 4.26573 4.01717 3.90472 5.75177 3.69098 7.6155 3.66409 3.59465 4.39308 3.20421 8.88535 3.85575 5.7719 3.42285 3.08135 2.98614 2.7293 10.4627 5.96862 6.29404 9.56698
threshold=-115.39480646469498 0.58555727809401004 0.42838707904027978 52.801050853769461 771.89019116886914 0.41688161033386245 -9.1906628790365978 0.47620907959037806 38.145639886235912 4.780027304635456 37.643773380943557 69.646616852762421 1.0000000180025095e-35 27.181352807695554 28.516317826706551 5.1334706481459254 8.3470384313472956e-09 0.18159555121908436 129.92889339680355 5.9285852077149004 0.25985464094573413 -0.0039946848287275563 660.13722619001703 0.0034422438712535812 0.043232463202910056 0.24436059171005645 0.19182226892795698 2.5000000000000004 1.3777565518118953 -0.012709160256349604
decision_type=2 10 2 2 2 2 2 10 2 2 10 2 2 2 2 2 2 2 2 2 2 2 2 2 10 2 2 2 10 2
left_child=2 9 18 4 10 6 7 -6 -9 -2 25 13 -13 -12 -15 23 -16 -18 19 -1 21 -20 -22 -5 -8 26 27 -3 -29 -30
right_child=1 3 -4 15 5 -7 24 8 -10 -11 11 12 -14 14 16 -17 17 -19 20 -21 22 -23 -24 -25 -26 -27 -28 28 29 -31
leaf_value=0.0050458101627662254 0.027118412978387924 -0.018113884354806011 -0.015826133361769103 -0.028707344188485136 -0.020432109173568681 0.065051542031250062 0.023837740667567338 0.088157760860338122 0.0034903044950318181 -0.033976505402172751 -0.033928131298749234 -0.028152786584882173 0.070976939440281314 0.080835646408865425 -0.026676519349030432 0.081165809308374692 0.082707074124966792 -0.023493493881315851 0.0036406024332425479 0.075133261076439334 -0.017220432013979898 0.058066351204420733 0.030134993784905917 0.043689622597605338 -0.024340787876859216 -0.01710106315837329 0.090409550086955212 -0.0095512239840887473 0.078014628017745488 -0.029333494284572825
leaf_weight=8.036106775514785 2.487120118224996 17.341550434706733 6.0187970751430839 2.1070106502156731 3.0990884655620983 5.4139839152339846 3.3718750968109825 3.8964801807887861 3.1771153835579753 23.295343287521973 23.252795645035803 2.0461211164947608 2.0273743686266243 1.3790514424908913 11.672926615923641 2.1661344543099403 0.94109186762944008 1.279734064126387 9.2247577444650251 9.8135194373317045 9.8893879689276201 9.6717305725906044 4.8746949923224747 1.8162002712488172 12.232453438686205 10.622254516929386 2.7072263332083821 7.8133950291667178 6.4028992077801412 2.2743456379976079
leaf_count=315 629 2016 262 279 205 387 254 287 234 5896 6316 400 396 375 3179 261 200 271 373 384 457 391 225 240 920 1271 314 630 601 213
internal_value=-0.000360487 -0.00266049 0.0238066 0.00251216 0.000252832 0.0174538 0.00540077 0.0324442 0.0552718 -0.0272905 -0.00585079 -0.016801 0.0254493 -0.0217992 -0.00238277 0.041023 -0.0155157 0.033216 0.0286507 0.0455208 0.0186496 0.0330155 -0.000665187 0.00687452 -0.0131214 0.00418355 0.0106619 0.00186813 0.0227154 0.0497545
internal_weight=210.353 152.824 57.529 127.041 120.952 31.191 25.777 10.1727 7.0736 25.7825 89.7608 42.5991 4.0735 38.5256 15.2728 6.08935 13.8938 2.22083 51.5102 17.8496 33.6606 18.8965 14.7641 3.92321 15.6043 47.1617 36.5394 33.8322 16.4906 8.67724
internal_count=28901 26392 2509 19867 19134 2229 1846 672 521 6525 16905 11261 796 10465 4157 733 3784 471 2145 699 1446 764 682 519 1174 5644 4234 3934 1329 814
is_linear=0
shrinkage=0.05


Tree=98
num_leaves=31
num_cat=0
split_feature=21 5 20 3 3 1 17 21 6 21 21 20 21 15 10 7 3 3 1 1 7 17 21 6 5 8 21 12 20 2
split_gain=8.93362 8.0207 6.7609 7.9613 7.71699 6.3246 5.86937 6.61649 6.35361 5.58166 5.39778 6.20914 9.4252 10.8801 5.89227 10.0147 9.14922 5.8791 4.99475 4.01099 3.84428 4.20212 3.58271 4.16846 5.24581 3.56878 4.10713 2.99279 2.49779 2.42431
threshold=0.22263645563770154 58.624593675095007 28.488293251829752 35.447374157153405 58.875689852195208 7.2287652825019606 1.0000000180025095e-35 0.93643878339850162 -0.037858733009295424 2.2957387333778505 1.3777565518118953 2.0894628097485701 0.74112266772669455 1.5364944555653749e-09 3.5000000000000004 -0.1541701785743825 27.483833971796503 29.952750054077804 970.9031270305386 8.2238632934143272 0.21144853756033924 1.7202865406550554 0.3670215638358581 0.42737537488848348 21.061892849493454 0.096102248600723264 2.9736706688119803 -123.56602457468775 105.36487700988052 5.1058395652675062
decision_type=10 2 8 2 2 2 2 10 2 10 10 10 10 2 2 2 2 2 2 2 2 2 8 2 2 2 8 2 10 2
left_child=5 2 4 19 9 -1 7 8 -5 10 11 -2 13 -13 15 16 -12 -14 27 -4 21 28 -21 -24 -25 26 -9 -7 -8 -17
right_child=1 -3 3 6 -6 18 20 25 -10 -11 14 12 17 -15 -16 29 -18 -19 -20 22 -22 -23 23 24 -26 -27 -28 -29 -30 -31
leaf_value=0.047692211085983344 -0.029749482324817274 0.095643849653398116 0.024799028030302577 -0.0084473322438408226 0.090275363123038965 0.009870064909869275 -0.03171481330562495 -0.015046255384109454 0.11179966422365946 -0.017171389870511599 0.0011811597802313845 0.1103436311421911 -0.023672149924453045 -0.007240773228799147 0.087671368560803306 0.022796254784147648 0.13731170096730236 0.041453518326595939 0.011174226966614475 0.042479836976889403 0.088189132060337114 0.071660136267657978 -0.029603778203704911 -0.027542588510910817 0.07221128500584946 -0.017479566639893116 0.067445581350618206 -0.036460140630774615 0.032159612528597746 -0.034500455149316413
leaf_weight=2.798278155270963 6.2275691966060576 1.8284116501454264 4.8333446474280199 1.705317355692388 3.0691883873660117 3.6008398481644681 2.867468548240141 2.3677326194010719 1.5415076545905346 8.7208323667291534 2.2773752205539513 4.1695646299049294 9.1892531854100525 2.9879519210662693 5.0759924629237503 1.9470559328328825 1.7408093679696319 4.2526409400161356 8.978552059736101 1.2703580688685179 3.1275749783962965 1.5588606456294654 30.879300458356738 1.9186657762620611 1.5551664773374794 16.450852387584746 2.0954055127222082 24.734313201857734 1.5641106432303784 4.5003571328707039
leaf_count=534 518 299 1352 223 316 897 371 301 201 930 262 322 837 230 563 260 200 388 1791 390 362 201 9568 447 363 2190 267 6164 203 600
internal_value=-0.00011607 0.012143 0.0102165 0.000307963 0.0234565 -0.0145995 0.0181317 0.0045449 0.0615253 0.0177863 0.0252118 0.0108914 0.0239864 0.066387 0.047778 0.0224701 0.0757677 -0.00162452 -0.0203938 -0.0144371 0.0501265 0.0204813 -0.0202924 -0.0237496 0.0232741 -0.00670502 0.0289393 -0.0304367 -0.00740029 -0.0164598
internal_weight=169.835 129.723 127.894 73.7357 54.1586 40.112 33.2788 24.1608 3.24683 51.0894 42.3686 26.827 20.5994 7.15752 15.5416 10.4656 4.01818 13.4419 37.3137 40.4568 9.11801 5.99044 35.6235 34.3531 3.47383 20.914 4.46314 28.3352 4.43158 6.44741
internal_count=28901 21243 21156 15576 5580 7658 4263 3208 424 5449 3956 2231 1777 552 1725 1322 462 1225 7442 11313 1055 773 10926 10644 810 2784 568 7061 574 860
is_linear=0
shrinkage=0.05


Tree=99
num_leaves=31
num_cat=0
split_feature=13 20 16 19 11 21 12 12 5 13 5 1 21 12 20 15 12 15 13 20 8 21 1 12 7 9 15 1 1 17
split_gain=92.2344 50.0425 43.1679 46.9302 18.7956 11.8741 8.19485 7.86763 9.71569 7.51959 7.33677 6.44741 5.49269 4.4732 3.28742 3.05049 3.01907 2.31556 3.54124 1.98723 4.14941 1.41493 0.758397 1.21927 0.713443 0.274873 0.989286 0.26556 0.147927 0.0299057
threshold=24.981578417489043 6.780489744390251 21.274836997293729 2.5000000000000004 -110.96333704280848 0.7256591603840471 -87.485438723296781 -99.467900237246866 34.422054842850805 19.406703527506675 37.594790791610762 575.5904210305531 0.029732198310055455 -101.96785674784697 2.3562746189955655 3.1307836171789049e-09 -105.0391618292273 4.4833598785808521e-09 13.314049004689105 16.121959567414155 0.38438003415759842 1.2253022749276601 31.867493227758356 -109.21878585425297 -0.28329732536127755 0.017568433303301493 7.9409338805090669e-23 1195.5853786747452 2.0056130304367454 4.1402118715233778
decision_type=2 8 2 2 2 8 2 2 2 2 2 2 10 2 10 2 2 2 2 8 2 10 2 2 2 2 2 2 2 2
left_child=2 7 3 4 10 12 9 8 14 -7 -1 -9 -6 22 16 -11 -2 -15 -19 20 24 -20 23 -5 -3 26 -21 28 -27 -24
right_child=1 19 -4 13 5 6 -8 11 -10 15 -12 -13 -14 17 -16 -17 -18 18 21 25 -22 -23 29 -25 -26 27 -28 -29 -30 -31
leaf_value=-0.03715057299599548 -0.041230694711130021 -0.0099223131628225283 0.053876468033556807 -0.035072088749314917 0.027186563794293524 0.040631812246762308 -0.030525899141568537 -0.0063571222714141652 0.035647349050070012 0.016065928968411313 0.013565517631892125 0.029501442352435594 0.052967240808937666 0.016617728391873449 0.0037662066594758847 -0.025371487698703416 -0.010721147033273442 0.024140847142588458 -0.0021053696684043758 -0.034374987449257953 0.016023046937577522 -0.038331272941944945 -0.041119908063094249 0.00029985259573292748 -0.039684929037956902 -0.018166414773564284 0.004397171171409594 -0.014661317153183681 -0.041772762356936374 -0.020153802947846178
leaf_weight=16.180600863881416 16.996293301694092 3.3394781416282102 58.366169705986977 4.6333034792914995 53.032029586844146 17.248068714514375 10.263132804073392 18.780149842612445 8.8177146734669787 7.4800655459985146 11.487824562005697 34.938556212931871 38.647214014083147 5.6509057264775064 11.347261636517942 8.4158385498449206 16.480165543034676 3.1596296653151539 3.7572081452235606 4.4790808670222759 4.7964694509282708 9.7668327717110497 35.192804730497301 4.2630945937708002 12.149300428107379 2.8205544650554648 2.0556909628212452 2.3346847938373685 160.58301980886608 3.1369685782119632
leaf_count=325 360 205 1425 218 322 327 212 209 201 200 231 389 235 361 274 226 350 201 283 456 289 735 2732 200 746 310 210 255 17645 243
internal_value=0.000248675 -0.023639 0.015819 0.00606761 0.0207326 0.0283932 0.00664266 0.00370584 -0.00975321 0.018709 -0.0163548 0.0170782 0.0385086 -0.0280524 -0.0192674 -0.00607566 -0.0269577 -0.00907589 -0.0182261 -0.0388254 -0.0221754 -0.029105 -0.0366526 -0.0198045 -0.0342589 -0.0406467 -0.0232133 -0.0411907 -0.0414783 -0.0399601
internal_weight=590.6 299.918 290.682 232.316 162.755 135.086 43.4071 107.36 53.6414 33.144 27.6684 53.7187 91.6792 69.5607 44.8237 15.8959 33.4765 22.3346 16.6837 192.558 20.2852 13.524 47.2262 8.8964 15.4888 172.273 6.53477 165.738 163.404 38.3298
internal_count=28901 21806 7095 6829 2011 1455 898 1821 1223 629 556 598 557 4818 1083 426 710 1425 1059 19985 1223 1018 3393 418 951 18762 666 18096 17955 2975
is_linear=0
shrinkage=0.05


Tree=100
num_leaves=7
num_cat=0
split_feature=20 20 7 1 3 11
split_gain=9.04925 6.44998 4.55587 3.87894 5.31828 0.699223
threshold=16.121959567414155 5.7203375950920803 0.16476233365769122 371.55627451530205 19.306530252211353 -101.34132419006598
decision_type=8 8 2 2 2 2
left_child=1 -1 3 5 -5 -3
right_child=-2 2 -4 4 -6 -7
leaf_value=-0.025578323721386992 -0.034632501309662972 -0.017872583300375312 -0.017874184207869778 0.01954298165530597 0.16530813678654865 0.031243641955562465
leaf_weight=1.5865036466711933 4.9174991189065613 0.73817935879924645 0.74149873032001778 1.2638858220452689 1.3623429336003026 0.25639486513682552
leaf_count=1152 13079 575 323 237 256 200
internal_value=-0.00109366 0.0497438 0.0767988 0.0958591 0.119892 0.00410544
internal_weight=10.8663 5.94881 4.3623 3.6208 2.62623 0.994574
internal_count=28901 4319 1898 1268 493 775
is_linear=0
shrinkage=0.05


Tree=101
num_leaves=17
num_cat=0
split_feature=20 11 1 9 0 20 8 5 20 9 6 4 8 17 6 5
split_gain=33.0876 9.30888 7.25082 4.79837 4.89061 5.59852 4.11221 4.0475 3.74452 3.65242 2.86929 2.45313 1.9465 1.62241 1.44372 1.38207
threshold=2.3562746189955655 -81.76873362405199 142.28704808227954 0.12448803030367551 442.43059571932855 1.3053784027135953 0.1369588784727043 -19.403935769654247 4.528915043210656 0.064781131367979597 0.043045894276071868 -6.8290581208231087 0.20034466732090131 11.037477435838026 0.043045894276071868 -56.769616474043097
decision_type=8 2 2 2 2 8 2 2 8 2 2 2 2 2 2 2
left_child=3 8 6 9 7 14 -3 -5 10 -1 -2 -4 -9 15 -6 -10
right_child=1 2 11 4 5 -7 -8 12 13 -11 -12 -13 -14 -15 -16 -17
leaf_value=0.020221433676644095 -0.026847249569623449 0.13007575041790181 0.039945360443178389 0.030487432161888203 0.021613858968874779 0.055214364931328731 0.0034264340313231566 -0.032256377551734716 0.016522570649756724 0.064565460434147626 0.026672050801800559 -0.031759694204060017 0.0008100503210655397 0.02426945159419798 -0.010227775533208496 -0.040819280786296951
leaf_weight=10.215327191399412 4.2542835942003885 0.98574003903195495 0.72973780927714171 6.1651126735378083 6.433146029943603 10.948052374413237 1.0284714575391261 7.0351608006749347 0.57391848252154787 10.179180973675102 3.7875140036921948 3.1294244872406116 9.8698595471214485 0.38846348319202662 5.9827720122411847 43.859415944083594
leaf_count=220 227 207 203 201 226 281 216 241 325 220 202 868 338 218 210 24815
internal_value=-0.000391401 -0.0264761 0.0295623 0.0245559 0.0151159 0.0307399 0.0879988 -0.00132671 -0.0331355 0.0443375 -0.00147872 -0.0127706 -0.0139838 -0.038659 0.00665186 -0.0397313
internal_weight=125.566 58.737 5.87337 66.8286 46.4341 23.364 2.01421 23.0701 52.8636 20.3945 8.0418 3.85916 16.905 44.8218 12.4159 44.4333
internal_count=28901 27111 1494 1790 1350 599 423 751 25617 440 429 1071 579 25188 436 25140
is_linear=0
shrinkage=0.05


Tree=102
num_leaves=31
num_cat=0
split_feature=13 21 19 11 20 16 1 20 19 3 0 21 20 3 1 10 20 20 9 9 1 6 21 2 21 20 3 19 11 21
split_gain=60.6661 75.2003 19.1626 18.1712 17.388 12.9996 12.4008 12.1734 11.4409 10.852 9.638 6.91936 14.3471 5.98437 5.68839 5.51182 9.41177 5.06126 5.01362 4.36509 4.16132 4.16075 4.12166 6.65838 3.81674 3.78309 3.65066 4.58896 4.22044 6.57578
threshold=15.534684945666465 0.77466426013281253 2.5000000000000004 -121.46638553121049 38.633729384789255 16.805869259624284 10.780575984860951 6.780489744390251 2.5000000000000004 22.681323361075954 377.92877726165756 0.33900696510507156 16.566618968308504 36.732904999869355 970.9031270305386 2.5000000000000004 1.0183291502908953 41.541395141797658 0.2323682732156627 0.18551941466532998 341.55937810804852 0.10196957770965144 1.9241788745760602 5.3414410989425614 1.5568963816871153 8.7335878678296073 33.622714750817309 3.5000000000000004 -113.44069520170999 1.4016824059918602
decision_type=2 8 2 2 8 2 2 8 2 2 2 10 10 2 2 2 10 10 2 2 2 2 10 2 10 10 2 2 2 10
left_child=5 2 11 17 8 7 19 -1 9 25 -11 15 -13 -4 26 21 -17 -3 -14 -6 22 -2 23 -10 -25 -5 -8 -28 -29 -30
right_child=1 3 13 4 6 -7 14 -9 20 10 -12 12 18 -15 -16 16 -18 -19 -20 -21 -22 -23 -24 24 -26 -27 27 28 29 -31
leaf_value=-0.043381096406270199 0.00071576913897835747 -0.030058427407735767 0.023207395536160996 -0.0012937567720860386 -0.027930222492904774 -0.051359168583621689 0.036807314184443746 -0.00059682891865503462 -0.028168640050753466 -0.049100091215959575 -0.0016359559877713978 -0.04768698745738971 0.029257947455136293 -0.022309893095423163 0.0034980505146400692 -0.0096311792823895771 -0.041654312428594908 0.0022507339908250791 -0.018067691626958152 0.011114031860108876 0.032149088874902108 -0.018021159094767057 0.02225072812951398 0.027007196978988676 -0.013468576968862606 0.026480814719086816 0.032185876312969396 -0.024663630571146809 -0.032925510750691493 0.031470183306208238
leaf_weight=27.049452915787697 70.220274220220745 22.07118022069335 39.339166204445064 28.169509048573673 10.810244869440796 52.710013816133142 164.29181004781276 40.892604012973607 12.949049437418578 18.895518006756902 23.283735288307071 47.376374559476972 8.5847421018406784 7.9592397166416049 18.429132798686624 54.724336520768702 39.552418923005462 25.267404159530997 12.455540941096841 17.252548752352595 36.497378785163164 50.163990409113467 42.443764911964536 17.554689653217796 7.756506085395813 20.588310649618506 47.648956880904734 7.0771914320066598 4.2168407849967506 16.83748594019562
leaf_count=314 536 231 1681 354 305 471 10923 475 502 224 275 524 208 340 1170 300 216 264 303 486 1497 383 1662 710 313 259 2962 423 267 1066
internal_value=9.43721e-06 0.00480437 -0.0139728 0.0162538 0.0190857 -0.0328833 0.0270586 -0.0180125 0.00803175 -0.00524991 -0.0235437 -0.0188911 -0.0326954 0.0152445 0.0304742 -0.0143602 -0.0233622 -0.0131233 0.00169323 -0.00436996 0.0182943 -0.00717603 0.0117118 -0.000248426 0.0145631 0.0107307 0.0325219 0.0228727 0.00653481 0.0176646
internal_weight=993.069 872.417 330.376 542.041 494.703 120.652 286.564 67.9421 208.138 90.9371 42.1793 283.078 68.4167 47.2984 258.501 214.661 94.2768 47.3386 21.0403 28.0628 117.201 120.384 80.704 38.2602 25.3112 48.7578 240.072 75.7805 28.1315 21.0543
internal_count=28901 27822 4212 23610 23115 1079 17196 789 5919 1112 499 2191 756 2021 16405 1435 516 495 511 791 4807 919 3161 1482 1023 613 15962 4711 1680 1333
is_linear=0
shrinkage=0.05


Tree=103
num_leaves=31
num_cat=0
split_feature=12 3 7 0 1 21 21 1 3 0 7 20 11 1 8 8 21 16 20 5 21 20 11 15 21 15 13 21 15 8
split_gain=10.1855 6.53132 5.35594 5.19643 6.59343 5.08794 8.93877 7.1675 6.494 4.8316 7.19199 4.40194 6.31952 6.27063 5.49036 9.33543 4.36694 4.28584 4.06962 4.0446 4.03305 4.24793 3.53925 3.37986 5.16213 6.10691 4.62294 5.07056 6.76962 4.75981
threshold=-110.26116020908326 8.398018070654647 0.41814606913926128 603.34851862249104 759.68446809534464 1.9241788745760602 1.7811307953807152 4.780027304635456 19.669872964424354 204.24296040933402 -0.051806482868851582 126.76165273359852 -125.13396182283049 298.21227907806309 0.20623291685101244 0.12662236195282087 1.3583307457589153 1.0000000180025095e-35 10.727285793358801 -43.05705056003044 0.033272778204350907 35.049681879180262 -98.673703629521142 3.4605304507376284e-09 0.76423292771274853 3.1763735522036267e-22 20.695627527051958 1.3777565518118953 5.7415125860852971e-09 0.20977749328728026
decision_type=2 2 2 2 2 8 8 2 2 2 2 8 2 2 2 2 10 2 8 2 10 10 2 2 10 2 2 8 2 2
left_child=1 -1 3 11 -5 6 9 -7 -8 10 -2 13 -13 14 15 17 20 -3 22 -11 -15 -22 -9 24 25 -21 -25 28 29 -28
right_child=5 2 -4 4 -6 7 8 18 -10 19 -12 12 -14 16 -16 -17 -18 -19 -20 23 21 -23 -24 26 -26 -27 27 -29 -30 -31
leaf_value=-0.034957552168052346 -0.019102808834638319 -0.0012062543048630969 -0.022302494854974739 -0.03304766719016141 0.034761971363078882 0.041771561220302983 -0.0090958366328299026 0.05645531389257176 0.10190790492626318 0.049441330156682506 0.076439214021401442 0.039837704623361614 -0.029714754063636696 -0.0027835593859514909 0.028295851729186219 0.11696144219252502 -0.014778201727660235 0.065139777699945431 -0.029022851834812777 0.016961733427355925 0.074347731467860459 0.0060951918669096853 -0.025702250687320329 -0.018273522064297224 -0.034966962459589093 -0.036930149797811507 -0.010799250935899127 0.071388180860117487 -0.034605453841481483 0.084562736649895179
leaf_weight=4.7047118113841853 2.9008617848157892 4.679929702775552 5.9187351912260056 7.4871396196540436 5.2196165623608977 3.6653943860437712 1.795668611070141 1.9664900295902057 2.7539204284548759 2.1703073184471569 3.5464510335586956 4.8638747353106746 6.3726698695681971 5.9009908912703439 17.588194088777527 5.8000718739349395 7.699687879299745 3.9931553029455245 37.26252947631292 15.639758042991163 5.2500859687570474 3.8922138924244791 1.5540014253929255 8.9440746726468223 19.171916460385546 6.6843000203371048 1.9192543274257365 3.322671632282435 4.4688917605672032 2.0917054603341967
leaf_count=360 241 267 445 651 453 968 319 316 490 302 294 561 734 247 1083 335 488 228 10472 1599 289 214 249 982 3021 683 243 436 575 265
internal_value=-0.00035528 0.0175163 0.0208062 0.0242853 -0.00468922 -0.00468527 0.00323942 -0.0179055 0.0643517 -0.00152521 0.0366588 0.029847 0.00118712 0.0355965 0.0495962 0.0719794 0.0146032 0.0329162 -0.0241404 -0.00584918 0.0296254 0.0487561 0.0225264 -0.00852836 -0.0166344 -6.61639e-05 0.00770411 0.0272799 0.0042895 0.0458829
internal_weight=209.229 89.3711 84.6664 78.7476 12.7068 119.858 75.4098 44.4484 4.54959 70.8602 6.44731 66.0409 11.2365 54.8043 32.0614 14.4732 22.743 8.67309 40.783 64.4129 15.0433 9.1423 3.52049 62.2426 41.496 22.3241 20.7466 11.8025 8.47985 4.01096
internal_count=28901 6841 6368 5813 1104 22060 10320 11740 809 9511 535 4709 1295 3414 1974 836 1440 495 11461 8976 630 503 565 8817 6539 2282 2278 1548 1091 508
is_linear=0
shrinkage=0.05


Tree=104
num_leaves=31
num_cat=0
split_feature=21 3 5 1 8 5 19 7 20 6 4 19 9 3 20 20 1 20 21 21 20 6 5 19 20 8 8 17 9 21
split_gain=8.41591 7.39039 6.24127 5.84234 5.35647 4.77595 5.5233 8.1425 10.534 9.27682 6.98489 6.51944 11.3776 6.42853 4.87287 4.89952 4.68889 4.5091 4.55915 4.4047 3.81267 3.57371 2.98937 2.85183 3.01715 2.87296 3.74419 2.51592 2.92392 3.35517
threshold=0.22263645563770154 14.572345772661203 58.624593675095007 7.2287652825019606 0.41761488335448421 -31.754683705355294 2.5000000000000004 -0.2161386413849766 26.512983595722051 -0.05358518902820885 47.060152985187408 4.5000000000000009 0.21476118640563382 38.136668296552905 6.2622022233134356 26.512983595722051 970.9031270305386 0.24170990294489453 0.41557197021610309 2.0374121857143606 4.1186842531238508 -0.43842931260202306 -46.513005515764092 3.5000000000000004 94.012006442053021 0.36148465981924632 0.079275834996289887 0.4256466212338495 0.12673533251396132 2.9736706688119803
decision_type=10 2 2 2 2 2 2 2 10 2 2 2 2 2 10 10 2 10 10 10 8 2 2 2 10 2 2 2 2 10
left_child=3 4 5 -1 17 14 7 9 20 -7 -8 27 13 -13 -3 -16 22 -2 -19 21 -9 -6 -5 24 -17 26 -25 28 29 -12
right_child=1 2 -4 16 19 6 10 8 -10 -11 11 12 -14 -15 15 23 -18 18 -20 -21 -22 -23 -24 25 -26 -27 -28 -29 -30 -31
leaf_value=0.044719673155936904 0.054116398909730468 -0.02772806515941157 0.091299075934306959 0.020447421297744756 -0.0057815432983378857 0.00014769235300247994 -0.018565442731416439 0.0036054988014325774 -0.025502217384728881 0.10235280935333456 0.056585495974270109 0.1476821184135893 -0.0065123640227701327 0.020761756582712902 0.082937392301274365 0.02771848950442515 0.010349211501062995 0.046760678878018679 -0.031426670973743083 -0.026649384531274717 0.064044728477973656 0.08249830071063835 -0.034724415321633485 0.065564485919330839 -0.031857399726010732 0.090745088036388949 -0.017546285405930007 0.031589465373973051 -0.02450131235383524 -0.025065401474375693
leaf_weight=2.9263796093873671 0.98947889241390541 1.8671711569186324 1.9159819819033146 2.0612315293401471 1.5129517607856557 3.4807603401131937 24.224769143387675 4.2262396330479586 10.320612983778117 5.1447748672217148 1.9588339857291523 2.1199924836400914 4.3778883588965982 2.0251071956008673 5.3003905660007193 3.830888232216239 9.1268308996222896 1.1563578061759496 21.457007866818458 1.735013729194179 6.3936288917902848 2.5382573544047773 25.111147580668334 1.2330075686331858 2.7966826267074794 1.5640668137930331 2.6728228251449764 3.6004413131158799 9.6747851734980923 1.4187271734699605
leaf_count=571 203 212 295 536 215 289 5222 205 884 428 326 285 657 273 627 416 1871 245 4538 292 311 362 6525 216 304 271 468 555 1608 236
internal_value=-0.000110882 0.0121665 0.018596 -0.0140137 -0.00963398 0.0162722 0.0105555 0.0272611 0.00928263 0.065409 0.000214716 0.0183044 0.0513023 0.101762 0.0380275 0.046208 -0.0198207 -0.0202112 -0.0256175 0.0301324 0.0423728 0.0549119 -0.029962 0.0250117 0.00169811 0.0486311 0.016707 -0.000533629 -0.0110121 0.0243973
internal_weight=168.762 129.537 100.148 39.2256 29.3891 98.2316 78.9666 29.566 20.9405 8.62554 49.4005 25.1758 8.52299 4.1451 19.265 17.3979 36.2992 23.6028 22.6134 5.78622 10.6199 4.05121 27.1724 12.0975 6.62757 5.4699 3.90583 16.6528 13.0523 3.37756
internal_count=28901 21243 15422 7658 5821 15344 13161 2511 1794 717 10650 3846 1279 558 2183 2057 7442 4848 4783 973 516 577 7061 1666 720 946 684 2567 2169 562
is_linear=0
shrinkage=0.05


Tree=105
num_leaves=29
num_cat=0
split_feature=13 20 10 19 11 21 11 21 3 5 2 9 2 8 7 20 8 15 13 1 21 7 17 21 9 15 1 1
split_gain=82.3517 47.481 39.9504 43.3911 16.8062 10.5959 7.56508 7.42231 7.15882 6.8189 6.4089 5.34339 4.99168 3.12205 2.52178 2.01731 3.98963 0.932299 2.67199 0.923703 0.776951 0.762911 0.713427 0.756629 0.310522 1.09434 0.273437 0.162312
threshold=24.981578417489043 6.780489744390251 14.500000000000002 2.5000000000000004 -110.96333704280848 0.7256591603840471 -87.490400287026276 1.1165922018082501 27.864089452676904 37.594790791610762 5.267722469642 0.25664638271421836 4.3843758502084169 0.24188157151441117 0.042327484692073238 16.121959567414155 0.38438003415759842 4.0215063214650103e-09 22.718418718418473 10.780575984860951 1.4701083707103353 -0.28705046249361205 4.1402118715233778 0.64617319096792514 0.017568433303301493 1.5881867761018134e-22 1195.5853786747452 2.0056130304367454
decision_type=2 8 2 2 2 8 2 10 2 2 2 2 2 2 2 8 2 2 2 2 10 2 2 10 2 2 2 2
left_child=2 7 3 4 9 11 10 8 13 -1 -7 -6 -5 -2 -10 16 21 18 -14 -19 -9 -3 23 -21 25 -17 27 -26
right_child=1 15 -4 12 5 6 -8 20 14 -11 -12 -13 17 -15 -16 24 -18 19 -20 22 -22 -23 -24 -25 26 -27 -28 -29
leaf_value=-0.036847182320812875 0.0067028691941390123 -0.0087869849482111791 0.051712265828843154 0.025254279035396572 0.02423980423360729 0.03397292174058085 -0.030367630991532064 -0.010979570297949858 -0.025416830885693038 0.012128777425351119 -0.009699140988390165 0.04923559001364624 0.01223329125611998 0.028916403063759717 0.0028705905295303442 -0.034187403764554133 0.015333968780904856 -0.01205381009130529 -0.035933180778320702 -0.013471337877369968 -0.038166317526431605 -0.039574423667187442 -0.011554056440474549 -0.041249856141022348 -0.017737738632790524 0.0069343321293745515 -0.014381721222631533 -0.041735576691003889
leaf_weight=15.747102257329974 33.0184445255436 3.1934121102094695 57.119869157671928 3.3094375086948267 52.322598966769874 20.457694405689836 10.12936354242265 5.0492551801726231 14.939059557393197 11.673338037915526 13.210419138893483 40.652279509231448 4.3593789576552799 30.828982069157064 15.219954364001749 4.3551250542514026 4.8595404634252191 5.2513209679163984 5.7051074639894068 3.9249117835424832 8.8284012190997583 11.79362693428993 3.5786898024380207 39.151457247324288 2.755588444415479 1.8978393930010495 2.3015918945893645 150.38015284575522
leaf_count=319 310 203 1414 244 313 382 208 274 232 237 247 244 341 289 237 464 299 387 446 314 479 748 281 3128 323 202 268 17632
internal_value=0.000255914 -0.02307 0.0146778 0.00527493 0.0189664 0.0261045 0.00565164 0.0031989 0.00831356 -0.0163042 0.0170517 0.0355766 -0.0289284 0.0177093 -0.0115074 -0.0386131 -0.0217445 -0.032177 -0.0158501 -0.0349833 -0.0296775 -0.0339743 -0.0372571 -0.0390819 -0.0405373 -0.0224713 -0.0411157 -0.0414216
internal_weight=576.014 289.421 286.593 229.473 164.193 136.772 43.7975 107.884 94.0064 27.4204 33.6681 92.9749 65.2803 63.8474 30.159 181.537 19.8466 61.9709 10.0645 51.9064 13.8777 14.987 46.6551 43.0764 161.69 6.25296 155.437 153.136
internal_count=28901 21806 7095 6831 2011 1455 898 1821 1068 556 629 557 4820 599 469 19985 1223 4617 787 3830 753 951 3659 3442 18762 666 18096 17955
is_linear=0
shrinkage=0.05


Tree=106
num_leaves=9
num_cat=0
split_feature=21 21 0 13 6 6 11 3
split_gain=8.13081 5.3776 2.90418 1.86173 2.67577 1.32909 0.414445 0.410561
threshold=0.67203394054469012 0.49671902741587504 601.35660965990758 24.234325592416571 -0.084776678877403797 0.45219081230114183 -104.61267896506749 56.175088511826957
decision_type=8 8 2 2 2 2 2 2
left_child=1 2 -1 -3 -5 -2 -6 -7
right_child=5 3 -4 4 6 7 -8 -9
leaf_value=-0.028850255584533281 -0.035155347557677928 0.0090149248499779427 0.05703101222303867 0.13764598900741915 0.027654358992735224 -0.0085499393284060969 -0.0126223683132015 0.039508085810596248
leaf_weight=2.1625190434861046 5.272293098794762 0.7831011560338087 0.43088050012011081 1.166973193816377 0.31738933674933223 0.25754486746154825 0.41914870958134676 0.12353002541931346
leaf_count=2141 23547 316 427 475 200 818 263 392
internal_value=-0.00106086 0.0514702 -0.00268128 0.0902911 0.109107 -0.0280862 0.0106641 0.0243554
internal_weight=10.9334 5.28001 2.5934 2.68661 1.90351 5.65337 0.736538 0.381075
internal_count=28901 3652 2568 1084 774 25249 463 1210
is_linear=0
shrinkage=0.05


Tree=107
num_leaves=14
num_cat=0
split_feature=20 2 10 6 6 6 6 16 7 9 11 16 1
split_gain=29.7642 11.3012 4.62678 4.63623 7.15353 8.53334 4.23817 4.68031 3.70535 2.33702 2.14303 1.72441 1.008
threshold=4.528915043210656 4.4969804159043507 3.5000000000000004 0.33849516893287573 -0.1147449103149447 -0.28266701520590048 -0.10023906732827557 1.0000000180025095e-35 -0.11049127033841087 0.19729130183676927 -100.15797358308349 69.882078552192453 633.39631692923365
decision_type=8 2 2 2 2 2 2 2 2 2 2 2 2
left_child=2 6 3 4 5 -1 -2 8 -8 -4 12 -3 -6
right_child=1 11 9 -5 10 -7 7 -9 -10 -11 -12 -13 -14
leaf_value=-0.002961322729848526 -0.027424417942480211 -0.040739926343985461 0.052270115161963698 0.041022242945816217 -0.011886058888761757 0.061603031223861487 0.0011656540166614874 -0.010683705405806942 0.10871375818820531 0.020309625536617765 0.0062024737126029177 0.026022854219260608 -0.039598114323421127
leaf_weight=11.917995815398173 1.9016692109871662 40.705603665672243 12.384823527419943 9.240632009226827 7.7869880027137706 7.8563523842021787 1.1321516762254786 1.9309585725422946 1.9305597133934482 13.685925382422282 6.8603378816042149 0.35266468208283186 6.8437275567557663
leaf_count=404 394 25013 247 315 265 267 200 340 341 272 251 217 233
internal_value=-0.00040527 -0.0296954 0.0200965 0.0108945 0.00333696 0.0244207 0.0266217 0.048345 0.0790304 0.0368624 -0.0162859 -0.0395614 -0.0265528
internal_weight=124.53 47.9536 76.5768 50.506 41.2654 19.7743 6.89534 4.99367 3.06271 26.0707 21.4911 41.0583 14.6307
internal_count=28901 26660 2241 1722 1457 671 1430 878 541 519 786 25230 498
is_linear=0
shrinkage=0.05


Tree=108
num_leaves=31
num_cat=0
split_feature=16 20 19 12 3 1 13 13 1 1 7 21 1 21 21 1 3 0 7 20 7 8 1 0 13 9 21 13 9 7
split_gain=53.3267 72.0658 29.4687 17.3958 12.8234 12.2456 11.0911 8.94821 8.55855 8.38481 7.98642 7.88422 6.52825 5.34145 10.0163 5.27732 5.22248 5.62059 4.77214 4.76313 4.50401 4.04565 4.01891 3.32944 3.11481 3.11041 3.03294 2.95957 2.91119 2.69724
threshold=21.274836997293729 28.935070710465954 2.5000000000000004 -119.7081168315482 58.875689852195208 970.9031270305386 24.680225099050549 15.759353664721845 2.8837109234001854 59.33875344304861 -0.27082048271196507 0.22263645563770154 437.81897968421259 0.76423292771274853 0.3670215638358581 1037.5400207049954 22.681323361075954 391.23527532044608 -0.1541701785743825 40.12142563848861 0.069637226570863589 0.37109170176010037 226.90533684943102 119.24729813073951 33.76093301191748 0.11919789988736441 1.8273303894542952 25.400593181358136 0.21081660831352747 -0.20520360936107448
decision_type=2 8 2 2 2 2 2 2 2 2 2 8 2 10 10 2 2 2 2 8 2 2 2 2 2 2 10 2 2 2
left_child=1 2 7 -3 12 6 9 -1 -8 20 -7 -11 18 14 25 -12 24 -18 22 -13 29 -20 26 -10 -15 -9 -4 -23 -27 -5
right_child=-2 3 4 5 -6 10 8 13 23 11 15 19 -14 16 -16 -17 17 -19 21 -21 -22 27 -24 -25 -26 28 -28 -29 -30 -31
leaf_value=-0.041612217994654858 -0.050689679016592597 -0.0077841892383586422 -0.011423608901660639 -0.0083836424078143137 -0.042500602507227245 -0.039894373501661008 -0.012962968497721187 -0.001890058384080172 -0.0070683974974270402 -0.036233834841558586 -0.012544374560012526 -0.0032785517869043409 0.037329181442954162 -0.0028974200655748831 -0.038202614397266979 0.030153518591406605 -0.035591543215633785 0.0018360660527718432 0.025574083170286602 0.029652728920267147 0.01025288390727817 -0.029725369069842356 -0.029542495952497329 0.033328949153123955 0.023330937719211891 -0.027955656576131541 0.023601125791282776 0.01227408467643403 -0.012286553113303553 -0.051029434602432228
leaf_weight=33.961343485862017 48.052229303866625 57.866176337003708 11.620475396513942 7.659982023760679 9.5173885561525804 10.711425403133033 10.366501916199921 46.028818724676967 4.8933011423796406 5.1346581727266312 13.459660381078724 13.352094889618456 25.104167830199003 28.631210761144757 50.707644099369645 13.671027754433451 19.414463913068175 19.53755072876811 41.307558608241379 56.303456152789295 10.782076078467069 5.7543305279687056 10.942613010294735 223.02782211825252 17.518634021282196 41.702863125130534 11.224227428436278 10.121772431768475 109.25460791401565 7.1625855956226605
leaf_count=219 1425 2921 365 213 329 219 707 228 344 235 283 636 914 335 262 287 205 207 1516 2681 311 200 353 15688 205 208 353 351 545 200
internal_value=8.87071e-06 0.0028038 -0.0102838 0.0176271 0.0105589 0.0215428 0.0245498 -0.0174305 0.0304137 0.0104693 -0.0053093 0.0188661 0.0152353 -0.0148455 -0.0185477 0.00927797 -0.00397983 -0.0172425 0.00879877 0.0233832 -0.0138447 0.0174914 -0.005993 0.0324346 0.00734261 -0.0133207 0.00605309 -0.00380807 -0.0167707 -0.0309137
internal_weight=974.793 926.74 492.35 434.391 125.593 376.525 338.682 366.757 238.288 100.395 37.8421 74.7902 116.075 332.796 247.694 27.1307 85.1019 38.952 90.971 69.6556 25.6046 57.1837 33.7873 227.921 46.1498 196.986 22.8447 15.8761 150.957 14.8226
internal_count=28901 28635 6709 21926 4344 21189 20416 2365 16251 4165 773 3426 4227 2230 1278 570 952 412 3187 3317 739 2098 1089 16032 540 976 718 551 753 413
is_linear=0
shrinkage=0.05


Tree=109
num_leaves=31
num_cat=0
split_feature=12 3 7 6 20 12 7 21 16 13 0 13 11 21 0 0 15 20 15 0 5 8 5 8 11 20 13 9 15 21
split_gain=8.7852 5.90153 5.03348 5.27939 4.9469 6.04909 5.91801 12.322 7.86325 9.59372 7.71824 6.89007 7.90122 6.84256 5.06476 7.70981 4.34481 4.13626 3.95789 3.8642 3.79892 4.2512 8.95758 10.7184 3.52171 3.35217 3.20099 3.84297 3.82438 3.85763
threshold=-110.26116020908326 8.398018070654647 0.45240396915002284 0.11718121991858955 1.1483989195491753 -122.57097345066471 -0.23933494133939523 0.76423292771274853 1.0000000180025095e-35 48.705521328815593 389.56893863254658 27.219175491380167 -113.61752769991348 0.3670215638358581 448.19898058117855 507.06946013603857 1.3176693139489263e-08 42.050117281447008 3.3160173851031247e-09 386.18213564170259 -43.05705056003044 0.066717135992877999 7.5301496918469022 0.028340462598304809 -106.05335628152899 38.633729384789255 19.063462316754382 0.108235828528652 9.8701543936188471e-09 1.1823377758281353
decision_type=2 2 2 2 10 2 2 10 2 2 2 2 2 8 2 2 2 10 2 2 2 2 2 2 2 8 2 2 2 8
left_child=1 -1 18 24 5 -3 7 -6 13 11 -9 12 16 -8 -12 -16 -10 -17 20 -5 -2 22 -22 -24 -4 -23 27 -20 29 -28
right_child=2 4 3 19 6 -7 8 10 9 -11 14 -13 -14 -15 15 17 -18 -19 26 -21 21 25 23 -25 -26 -27 28 -29 -30 -31
leaf_value=-0.034572852046412673 0.026815468422135696 0.022930468853362317 0.051018601182303697 0.12687219117709878 -0.018955640140668018 -0.037113414457720963 0.047329838224435344 0.01880056330293026 0.01424154921956724 -0.020365023688117146 0.14442499255826996 0.10911702920709386 -0.023417064516136649 -0.012626414728482178 -0.026743048475103434 0.13018243830459247 0.078952955566169158 0.021136982034042864 0.028905825795700481 0.0036351567937923587 -0.02228982129886806 -0.0087609604758079034 -0.025307721808544143 0.1250276801347838 -0.030714600831558764 -0.032568064373910501 -0.0021471531725152384 -0.028870498395353595 -0.019132729085278688 0.042349961368248472
leaf_weight=4.446448983391746 4.6559420491103074 7.7373101403936753 1.0591839491389712 1.021450481610374 4.6019345081877008 7.1067746083717775 4.8516158377751744 5.2801118784118453 4.8682437806855949 5.1835406580939889 3.2072657586541018 3.5077475351281464 3.8610419426113367 24.496107238112018 1.6652012583799667 1.5538710725959402 6.2303623212501407 2.0310710938647389 3.0841777066234508 1.0167667779605833 6.160759939113631 29.99326138664037 1.5097119437996311 1.9426983618177471 2.6636548775713891 30.228231198387221 7.4835950094275248 9.3504723217338306 5.1413676438387483 12.472633680328725
leaf_count=336 1019 642 200 203 330 590 369 432 218 348 318 221 241 1865 202 205 279 267 268 202 1337 6751 322 415 503 6804 1063 814 732 1771
internal_value=-0.000348931 0.0165618 -0.00405532 0.0379121 0.0195663 -0.00634429 0.024971 0.0488523 0.0159555 0.0367752 0.0713122 0.053036 0.0338729 -0.00148177 0.0986418 0.0520406 0.0540915 0.0864868 -0.00652995 0.0868263 -0.0131422 -0.0161472 0.0136426 0.0683683 -0.00158189 -0.0210477 0.00659401 -0.0134553 0.0166624 0.0263573
internal_weight=208.413 90.6286 117.784 5.76106 86.1822 14.8441 71.3381 18.3395 52.9987 23.6509 13.7375 18.4674 14.9596 29.3477 8.45741 5.25014 11.0986 3.58494 112.023 2.03822 74.4906 69.8347 9.61317 3.45241 3.72284 60.2215 37.5322 12.4347 25.0976 19.9562
internal_count=28901 6841 22060 1108 6368 1232 5136 1316 3820 1586 1124 1166 934 2234 839 637 497 472 20952 405 16296 15642 2087 737 703 13555 4656 1082 3574 2834
is_linear=0
shrinkage=0.05


Tree=110
num_leaves=31
num_cat=0
split_feature=21 3 5 1 8 1 20 21 5 19 9 8 3 5 0 11 5 0 3 19 20 21 6 6 21 20 1 8 6 5
split_gain=7.92241 6.5339 5.41256 5.35505 5.01595 4.41058 4.21282 5.37775 4.12844 4.60431 7.29589 7.50334 7.11517 6.48446 6.42419 7.20814 9.35031 6.2855 5.17704 5.01612 4.46157 3.9613 3.8444 4.86661 4.17148 5.71875 5.22413 3.58822 3.10454 2.87306
threshold=0.22263645563770154 14.572345772661203 58.624593675095007 7.2287652825019606 0.41761488335448421 970.9031270305386 0.24170990294489453 0.38750198261974655 -31.754683705355294 2.5000000000000004 0.17607134841226549 0.096102248600723264 40.111632302115858 17.060152985187404 397.82738619251603 -115.31320111852499 31.362143035595501 507.06946013603857 30.121650842570904 4.5000000000000009 6.2622022233134356 2.0374121857143606 0.35374451123308576 0.18008998904272136 1.4475722338512453 61.991614294045654 149.21190459743852 0.32067872663398816 -0.43842931260202306 -46.513005515764092
decision_type=10 2 2 2 2 2 10 10 2 2 2 2 2 2 2 2 2 2 2 2 10 10 2 2 10 10 2 2 2 2
left_child=3 4 8 -1 6 29 -2 -8 20 10 18 -12 27 -11 -15 -16 17 -17 -10 -19 -3 28 23 24 -22 -26 -27 -13 -6 -5
right_child=1 2 -4 5 21 -7 7 -9 9 13 11 12 -14 14 15 16 -18 19 -20 -21 22 -23 -24 -25 25 26 -28 -29 -30 -31
leaf_value=0.041617733884169464 0.051193131364739644 -0.027542668116184405 0.083941874396320379 0.019473357112820652 -0.0055371287107514912 0.00963045593371116 0.058327911620601226 -0.031081341557604798 0.028745071020842606 -0.017755257801572628 0.097056086576300452 -0.027747466660893439 0.065936103740625793 -0.0069328802544615532 -0.0078146189243083076 -0.030283436087569643 0.12884860629266062 -0.0047772411862383171 -0.036597214602633349 0.11113321376266289 -0.0028527234374450695 -0.026116471501322736 0.091565501746115038 -0.029414065032534825 0.089669850267867085 0.060540458947844648 -0.031030225141043088 0.0253871689503899 0.076337974691313593 -0.034392993767900039
leaf_weight=3.0695533567341036 1.0506252283230484 1.8317085024900759 2.0809020318556577 2.1080900472588828 1.4957897700369374 9.2596456557512266 0.91042486845981585 20.751006761798635 4.4795480603352216 23.385467807180248 3.9509440523106631 5.244533444405536 5.3551637586206198 12.743254098342735 4.5240943004610061 2.5574711586814338 2.7569470587186515 1.4682538675842818 5.85838446195703 1.2330254134722054 3.8057754765031904 1.645061007235199 2.6621148809790611 2.2023541480302811 4.9633274028310543 1.8204884402221075 2.5434902962297201 5.4695986519800499 2.7195103209232911 23.997890907456171
leaf_count=612 224 202 318 570 205 1949 201 4582 373 5117 326 469 438 1938 723 521 541 292 487 246 411 273 304 250 553 235 329 490 372 6491
internal_value=-0.000107383 0.0121318 0.0180691 -0.0134666 -0.00874466 -0.0192606 -0.0193843 -0.0249154 0.0158558 0.0104757 0.0254173 0.0423653 0.0240203 0.000831462 0.0180446 0.0420648 0.0679611 0.0205535 -0.00824557 0.0638622 0.0357649 0.0293047 0.0433187 0.0298508 0.0411672 0.0576655 0.0113346 -0.000770453 0.0517938 -0.0294853
internal_weight=167.944 129.509 100.937 38.4352 28.5724 35.3656 22.7121 21.6614 98.8559 79.0267 30.3582 20.0202 16.0693 48.6685 25.283 12.5398 8.0157 5.25875 10.3379 2.70128 19.8293 5.86036 17.9976 15.3354 13.1331 9.32731 4.36398 10.7141 4.2153 26.106
internal_count=28901 21243 15422 7658 5821 7442 4848 4783 15344 13161 2511 1651 1315 10650 3846 2005 1574 1071 860 538 2183 973 2057 1743 1419 1039 564 959 577 7061
is_linear=0
shrinkage=0.05


Tree=111
num_leaves=31
num_cat=0
split_feature=13 20 16 19 12 21 21 13 21 3 9 12 15 1 1 13 20 7 5 20 21 7 21 15 9 15 1 6 1 17
split_gain=73.9478 44.973 36.8435 37.1993 15.1643 9.21121 7.85014 7.42365 6.74136 6.51038 5.35698 3.83329 3.6898 3.27532 3.00069 2.78085 2.4091 2.36339 2.15862 2.06732 3.85647 1.94037 0.768042 0.57251 0.343886 1.07471 0.281953 0.250759 0.171695 0.112211
threshold=24.981578417489043 6.780489744390251 17.616020730864069 2.5000000000000004 -113.22740267872798 0.7256591603840471 0.033272778204350907 15.759353664721845 1.1165922018082501 27.864089452676904 0.39027416001478327 -105.11076162384948 2.8812523222914257e-09 10.780575984860951 564.47681136333119 10.566789456201848 9.2083514607932972 0.042327484692073238 33.152164272903356 16.121959567414155 0.8510401002031831 0.08558398761677434 1.4701083707103353 3.7176646081069482e-09 0.017568433303301493 1.5881867761018134e-22 1195.5853786747452 -0.35002081171099725 2.0056130304367454 4.1402118715233778
decision_type=2 8 2 2 2 8 10 2 10 2 2 2 2 2 2 2 10 2 2 8 10 2 10 2 2 2 2 2 2 2
left_child=2 8 3 4 18 6 -6 -7 9 14 12 29 -9 -13 -2 -15 -17 -11 -1 20 -3 -14 -10 -18 25 -21 28 -25 -26 -5
right_child=1 19 -4 11 5 7 -8 10 22 17 -12 13 21 15 -16 16 23 -19 -20 24 -22 -23 -24 27 26 -27 -28 -29 -30 -31
leaf_value=-0.040623144803644033 0.0021842481959398695 0.010097445155041511 0.050449326978930557 -0.039567833484328491 0.020386878068015195 0.041358074688610705 0.050312107708280068 0.0097106961100098636 -0.010712829463956767 -0.025134023645320504 0.024460318025905436 0.029746541923694237 -0.040477048830206863 0.021458488941740943 0.024381916064599034 0.010035363294938648 -0.0099231320299436026 0.002266428682123818 -0.0060875210861518689 -0.033816729848378295 -0.035800384372451886 -0.0081309171254479781 -0.037955914218810227 -0.01168781562997648 -0.017442666500349979 0.0071880985940125965 -0.014088349307812519 -0.039073815176320074 -0.041700257104260702 -0.01652786986398639
leaf_weight=9.2244724538177287 24.305382704827935 6.2425557943061039 53.962310446426272 32.572085611987859 63.490768392570317 9.8157788999378663 34.757652563974261 8.886039695702495 4.9997876612469563 14.774448145180944 10.074549832381306 3.0285546504892435 11.478693279437724 2.9175442205742028 40.725763905793428 3.5842980495654073 3.4151136521250054 15.402311642654238 8.8581441910937411 4.1216543670743704 13.055881939362733 8.3532859561964852 8.4201412908732873 2.0313512128777917 2.7120669935829929 1.8828001925721762 2.2678646305575967 13.082641318440425 141.05674546537921 2.5730430446565151
leaf_count=211 224 396 1357 2547 386 201 212 210 281 230 230 221 291 227 375 313 330 239 202 457 827 212 472 201 339 209 281 1296 17616 201
internal_value=0.000261958 -0.0225138 0.0136955 0.00482 0.0173045 0.0226359 0.0313739 0.00469791 0.00265901 0.00741443 -0.00538453 -0.0275218 -0.0163252 -0.0130628 0.0162443 -0.0191862 -0.0252451 -0.0115246 -0.0249107 -0.0383959 -0.0211876 -0.0278971 -0.0292529 -0.0322342 -0.0404275 -0.0217684 -0.0410414 -0.0363468 -0.0413663 -0.038385
internal_weight=562.074 279.967 282.106 228.144 164.939 146.857 98.2484 48.6083 108.628 95.2079 38.7926 63.2046 28.718 28.0595 65.0311 25.0309 22.1134 30.1768 18.0826 171.34 19.2984 19.832 13.4199 18.5291 152.041 6.00445 146.037 15.114 143.769 35.1451
internal_count=28901 21806 7095 6801 2008 1595 598 997 1821 1068 885 4793 680 2045 599 1951 1931 469 413 19985 1223 503 753 1793 18762 666 18096 1497 17955 2748
is_linear=0
shrinkage=0.05


Tree=112
num_leaves=7
num_cat=0
split_feature=20 20 0 3 6 1
split_gain=7.54064 5.26553 3.93875 3.35144 4.51148 2.62567
threshold=16.121959567414155 5.7203375950920803 527.1413022096566 19.306530252211353 -0.084776678877403797 587.32640895481211
decision_type=8 8 2 2 2 2
left_child=1 -1 3 -3 -5 -4
right_child=-2 2 5 4 -6 -7
leaf_value=-0.025290367471107779 -0.034018282033714757 -0.025582648868583708 0.012486844969420844 0.097284179370651203 -0.02004682073281382 0.14911037698307131
leaf_weight=1.5410620434122426 4.4431291697401312 1.4375274070771424 0.68674188335717268 1.0803450734529205 0.8795003979903393 0.77579723436792847
leaf_count=1040 11842 613 211 472 384 239
internal_value=-0.00104214 0.0437693 0.0662468 0.0232749 0.055647 0.11608
internal_weight=10.8441 6.40097 4.85991 3.39737 1.95985 1.46254
internal_count=28901 4319 1898 1448 856 450
is_linear=0
shrinkage=0.05


Tree=113
num_leaves=18
num_cat=0
split_feature=20 11 1 21 20 9 2 5 3 3 12 5 16 15 5 20 7
split_gain=26.6459 9.05751 6.66671 4.43176 5.62117 4.81749 3.50332 3.75956 3.46756 3.23156 3.34106 2.41216 1.48345 1.1767 0.994402 1.13045 0.360828
threshold=2.3562746189955655 -81.76873362405199 142.28704808227954 0.011862585384144402 0.58555727809401004 0.097863270114476833 5.8010161323488303 21.061892849493454 15.914574232021801 41.484097735395203 -103.28949717993699 -36.925997893292809 69.882078552192453 2.1555956852647437e-09 -56.769616474043097 4.528915043210656 -0.093649703428379624
decision_type=8 2 2 10 10 2 2 2 2 2 2 2 2 2 2 8 2
left_child=3 6 8 -1 5 -5 12 -8 -3 10 -6 -4 14 -7 -2 16 -16
right_child=1 2 11 4 9 13 7 -9 -10 -11 -12 -13 -14 -15 15 -17 -18
leaf_value=0.00051034719417629622 0.010100255710368412 0.0038933777620298476 0.039852712874261592 0.040201088857834272 0.040411619279236581 -0.035317964473663706 -0.023343233119851359 0.080734257461393011 0.1210499515171512 0.060795937085024648 0.0049192138844890727 -0.031475636354985514 0.024252762925329428 0.0013363873060793171 -0.0032031435022294493 -0.040670438618973029 -0.025144070701538342
leaf_weight=19.083315986674279 0.75434300163760681 1.0021120951278157 0.73075417871587189 3.6929235251154759 17.024465208873153 4.9417859606910488 1.2416991695063195 0.54111839411780238 1.0964065354783086 10.754564721602945 10.978356576990338 3.0098397734109303 0.38883271720260382 3.3554084300994873 3.6087096713017681 37.893205701257102 3.8258361578918993
leaf_count=489 406 202 209 201 366 309 519 226 221 208 236 862 208 210 201 20569 214
internal_value=-0.000421072 -0.0252317 0.0298764 0.0211325 0.0287276 -0.00118326 -0.0323714 0.0259063 0.0844161 0.0377779 0.0271464 -0.0120738 -0.0351058 -0.0219455 -0.0361111 -0.0370816 -0.0161364
internal_weight=123.924 54.0929 5.83911 69.8308 50.7475 11.9901 48.2537 1.78282 2.09852 38.7574 28.0028 3.74059 46.4709 8.29719 46.0821 45.3278 7.43455
internal_count=28901 27111 1494 1790 1402 653 25617 745 423 749 602 1071 24872 519 24823 24604 415
is_linear=0
shrinkage=0.05


Tree=114
num_leaves=31
num_cat=0
split_feature=16 20 19 12 3 1 1 13 13 20 1 1 0 21 6 7 21 20 7 0 8 17 0 10 1 2 20 1 21 21
split_gain=47.8986 63.548 25.3809 15.7838 11.5876 11.4069 10.6835 7.87682 7.47171 8.49044 7.11849 6.40914 6.11925 11.2426 4.96032 4.42464 4.35789 9.41319 4.85948 5.26101 3.89553 3.8791 3.85681 4.24932 3.665 3.5477 3.4179 3.30333 2.8641 2.6969
threshold=21.274836997293729 28.935070710465954 2.5000000000000004 -119.7081168315482 58.875689852195208 970.9031270305386 10.780575984860951 15.759353664721845 24.680225099050549 73.417490318252959 1037.5400207049954 437.81897968421259 475.64524449237007 1.0233377004214352 -0.13085282197319389 -0.1541701785743825 0.76423292771274853 1.8514795658007903 0.045546327619339529 387.89075678486205 0.4215745487805585 1.0000000180025095e-35 490.14945025768407 2.5000000000000004 226.90533684943102 4.088051183244545 66.172693040206667 2.8837109234001854 1.8273303894542952 1.2844211443763303
decision_type=2 8 2 2 2 2 2 2 2 8 2 2 2 10 2 2 10 10 2 2 2 2 2 2 2 2 10 2 10 10
left_child=1 2 7 -3 11 6 21 -1 9 12 -7 15 13 -8 -15 24 17 22 29 -20 -17 27 23 -9 28 -10 -12 -5 -4 -18
right_child=-2 3 4 5 -6 10 8 16 25 -11 26 -13 -14 14 -16 20 18 -19 19 -21 -22 -23 -24 -25 -26 -27 -28 -29 -30 -31
leaf_value=-0.038755336001642118 -0.049597758831648936 -0.0072146817749975424 -0.011090067922906318 -0.010908398142903931 -0.039638613098006432 -0.026064786245928076 -0.065681143463596894 -0.0078528590859546464 -0.0095578660487099353 0.028830064241612049 -0.010012895144718018 0.037033869132210122 0.023369155747942402 0.036966370138061963 -0.013433304601036753 0.022894208100987218 0.019978055901561216 -0.034692597388928978 -0.032173827497655454 0.0028602391258042586 -0.01062173141401504 -0.024745075226445104 0.0018115562241963576 -0.024843780597431711 -0.028131695007205412 0.033001670579228606 0.031982940361438714 0.027230597052695638 0.023105445571752949 -0.0045512001910663295
leaf_weight=34.28244739305228 45.267548799514771 58.347641868516803 11.68886903766543 9.8291515614837426 9.8268156964331848 19.021601647138596 7.1288244230672744 85.407694594934583 4.6117578698322168 45.509433394297957 7.2318942137062594 23.940369247458875 14.074395351111887 6.4365147296339318 13.263405476696787 45.606742155738175 21.372641598805785 57.479874882847071 21.98336511105299 19.794291283935308 10.024871905334292 11.977538319304584 41.483719820156693 65.593555495142937 11.159156043082476 199.76078080758452 11.649145854637025 11.212650104425848 10.934894960373638 21.845922522246838
leaf_count=220 1366 3046 371 310 347 388 273 403 350 2102 219 893 586 270 557 1720 240 294 246 221 378 335 211 310 360 15151 354 353 347 245
internal_value=1.22438e-05 0.00254838 -0.00963032 0.0168143 0.00996429 0.0206996 0.0237301 -0.0161764 0.0267811 0.0142146 -0.00513402 0.0145734 -0.0023468 -0.0161924 0.00402399 0.00821665 -0.0137571 -0.0170735 -0.00391878 -0.0158958 0.0167737 -0.00313648 -0.0116599 -0.0153484 -0.00595169 0.0319994 0.016203 0.00972829 0.00571631 0.0077566
internal_weight=957.748 912.48 492.425 420.055 123.182 361.707 323.804 369.244 290.785 86.4126 37.9026 113.355 40.9031 26.8287 19.6999 89.4145 334.961 249.965 84.9962 41.7777 55.6316 33.0193 192.485 151.001 33.7829 204.373 18.881 21.0418 22.6238 43.2186
internal_count=28901 28635 6709 21926 4344 21189 20416 2365 19493 3992 773 4227 1702 1027 827 3187 2230 1278 952 467 2098 923 979 713 1089 15501 573 663 718 485
is_linear=0
shrinkage=0.05


Tree=115
num_leaves=31
num_cat=0
split_feature=12 3 7 21 7 2 1 20 8 8 21 1 20 9 5 21 21 3 15 5 8 5 8 20 21 21 8 0 9 0
split_gain=7.67729 5.37975 4.82628 4.87727 4.72169 4.42767 5.94596 3.93337 3.79425 8.70522 10.1735 7.28724 5.31085 5.59068 6.22865 4.86873 3.94289 3.74534 3.61693 3.53921 4.10322 8.14786 9.22708 3.1935 2.99023 9.86204 7.8376 5.94388 5.41677 3.05223
threshold=-110.26116020908326 8.398018070654647 0.45240396915002284 0.76423292771274853 0.41814606913926128 5.7093478236983088 759.68446809534464 44.546471965589106 0.20623291685101244 0.12662236195282087 2.9736706688119803 298.21227907806309 51.010070102668358 0.21681393354837988 32.690161149900952 3.1176181480668155 0.11681868556503351 26.151492609792552 3.3160173851031247e-09 -43.05705056003044 0.066717135992877999 7.5301496918469022 0.028340462598304809 38.633729384789255 1.9241788745760602 1.3777565518118953 0.12662236195282087 392.95541096089056 0.112749485615133 391.23527532044608
decision_type=2 2 2 8 2 2 2 10 2 2 10 2 8 2 2 10 10 2 2 2 2 2 2 8 10 10 2 2 2 2
left_child=1 -1 18 -4 5 8 -7 -5 9 15 11 -11 16 -14 -15 -3 -10 -9 19 -2 21 -21 -23 -22 25 28 -27 -28 29 -20
right_child=2 4 3 7 -6 6 -8 17 12 10 -12 -13 13 14 -16 -17 -18 -19 24 20 23 22 -24 -25 -26 26 27 -29 -30 -31
leaf_value=-0.034189495202090907 0.025813705785519427 -0.00013401430980661676 0.092455753832791726 -0.030552811644446176 -0.022126654825845738 -0.032829262499829127 0.031182089454725989 -0.018962971907426816 -0.0070774175481618934 0.13296139741635751 -0.0018287982344925833 0.033941824202331917 -0.037847505056894548 -0.022869600781489793 0.059264016853835838 0.053674130686715109 0.040489181960501684 0.091858375326154929 0.069982692898821003 -0.021703847570934343 -0.0084489431481487073 -0.024955619923485259 0.11339729803282313 -0.03204907927012185 -0.014213818217020672 0.119149660285439 -0.030915990840956066 0.056237354755258678 -0.022045573601963502 -0.0028395599748558273
leaf_weight=4.2100594160147002 4.7358627952635279 13.696385657414803 1.5337028116919116 2.6253898399882019 5.8407978026662022 7.2614531794097266 5.4864270817488432 0.82936037541367191 5.3208500393666354 4.9058417563792309 3.5553565719164908 4.0286356993019581 6.9541292458306989 3.6967662344686696 3.7635086181107908 5.0626386357471347 17.812379052629694 0.80538000981323421 2.0381488411221778 5.9554556065704665 29.699429774191231 1.4579931430052977 2.1612933818250895 28.588881220202893 11.255021553719414 2.3464588816277674 2.6256107171066114 3.4638392098713666 13.248403923586009 2.5916568778920919
leaf_count=314 1063 883 293 584 426 629 475 206 242 323 219 265 809 423 431 327 810 200 200 1298 6907 297 440 6648 1395 240 282 372 1441 254
internal_value=-0.000348689 0.0158042 -0.00347978 0.0374809 0.0185724 0.0217203 -0.00501583 0.00387506 0.0266754 0.0394134 0.0702454 0.0962235 0.0153268 -0.00818406 0.0206721 0.0163691 0.0297085 0.0497769 -0.00595171 -0.0124109 -0.0154145 0.0138236 0.0643263 -0.0203695 0.00652825 0.0155956 0.0569818 0.0195989 -0.00591662 0.0359549
internal_weight=207.557 91.5952 115.962 5.79383 87.3852 81.5444 12.7479 4.26013 68.7965 31.2489 12.4898 8.93448 37.5476 14.4144 7.46027 18.759 23.1332 1.63474 110.168 72.5989 67.8631 9.57474 3.61929 58.2883 37.5691 26.3141 8.43591 6.08945 17.8782 4.62981
internal_count=28901 6841 22060 1108 6368 5813 1104 948 4709 1980 770 588 2729 1677 854 1210 1052 406 20952 16296 15642 2087 737 13555 4656 2809 864 654 1945 454
is_linear=0
shrinkage=0.05


Tree=116
num_leaves=31
num_cat=0
split_feature=20 3 8 1 21 17 17 16 5 1 5 9 6 12 5 21 1 0 2 3 21 13 8 2 11 5 7 3 21 9
split_gain=7.48049 6.57139 7.12248 5.65048 4.91105 4.71756 5.84051 10.6607 5.62531 5.50745 5.47585 6.34008 7.41373 5.07261 4.77265 5.94035 6.91043 4.9169 4.73308 4.71225 4.27364 3.93835 4.88048 4.71186 7.46187 5.46687 8.16808 3.41297 3.33572 3.25664
threshold=0.87237327942997267 14.572345772661203 0.41761488335448421 7.2287652825019606 1.5852988216045352 2.7906489684097502 1.686067760157741 6.485813718313965 58.624593675095007 883.2628233153406 -34.499239155479621 0.17770754034449923 0.35374451123308576 -100.84812347606062 31.362143035595501 0.86048930426634562 67.943082952209963 465.78101805789953 5.0222967567853773 27.685245025700002 2.0374121857143606 25.904579398516308 0.41549561257422846 5.5442747696377488 -108.20828876515598 -1.3196020764101986 0.074024210562573259 8.398018070654647 0.3670215638358581 0.36049324189110293
decision_type=10 2 2 2 10 2 2 2 2 2 2 2 2 2 2 10 2 2 2 2 10 2 2 2 2 2 2 2 10 2
left_child=3 2 28 -1 -5 6 8 -8 9 10 11 -3 18 -11 17 -16 -17 -12 -13 -18 27 -19 23 24 -23 -25 -27 -4 -2 -20
right_child=1 5 20 4 -6 -7 7 -9 -10 13 14 12 -14 -15 15 16 19 21 29 -21 -22 22 -24 25 -26 26 -28 -29 -30 -31
leaf_value=0.039735405310225284 0.022759625559721389 -0.011665411236673921 0.087257215469647736 -0.027930313976716761 0.05571782739696151 -0.027159724087975415 0.13845783789633742 -0.010608483118371176 0.083448772211388245 0.015058416336958164 -0.026266741591625745 0.080391558207915992 0.1226332941909245 0.061248561851298892 0.072988257971654022 0.057468752482539201 0.040844838854731086 -0.022535213406664464 0.02994006447013672 -0.032816174943453291 -0.025588563022012553 0.14635095106477158 -0.030500658591956682 -0.023873503686644634 -0.0027196028973040286 0.092660713244113083 -0.026735537388150439 0.0038793131290832182 -0.030299423032867374 -0.03206593311320198
leaf_weight=3.1615264322608736 2.7176480336347657 5.1165603697299966 2.4016485223546642 26.523151889443401 0.95889582368545234 4.9242869490990415 1.7196828790474696 1.9097975590266285 2.0882044536992908 16.004568998469047 20.424872180330567 1.7827314294408996 1.971408736426383 9.4207058759639022 3.2489839338231876 3.4177671176148587 1.9182330007897697 6.2759778500767451 3.6936280836816886 8.2273332392796856 1.5614860792411489 1.080470091546887 2.6375016953097656 4.0925061549060073 1.3473378409398744 2.6519470518687713 1.7650226643308995 2.0722094590310007 19.341719857649878 2.8620558416005224
leaf_count=738 605 574 317 6690 242 719 262 290 308 706 5002 205 219 415 380 422 252 1612 376 1080 255 300 720 1142 375 684 456 274 4309 292
internal_value=-0.000103667 0.0113703 -0.00991721 -0.0156185 -0.0231579 0.0169185 0.019252 0.0746721 0.0165219 0.0142659 0.00703466 0.0324744 0.0534746 0.0338432 -0.000280409 0.0213559 0.00482531 -0.00961068 0.0257426 -0.0164739 0.0345671 0.00796492 0.0226446 0.036942 0.0869637 0.0150262 0.0488221 0.056402 -0.0230592 0.00220855
internal_weight=167.32 136.676 28.0947 30.6436 27.482 108.582 103.657 3.62948 100.028 97.9396 72.5143 15.4264 10.3098 25.4253 57.088 16.8123 13.5633 40.2756 8.33842 10.1456 6.03534 19.8508 13.5748 10.9373 2.42781 8.50948 4.41697 4.47386 22.0594 6.55568
internal_count=28901 21750 5900 7151 6932 15850 15307 552 14755 14683 13562 1730 1145 1121 11832 1968 1676 9864 958 1332 986 5099 3704 3050 675 2375 1140 591 4914 668
is_linear=0
shrinkage=0.05


Tree=117
num_leaves=31
num_cat=0
split_feature=10 21 20 19 3 13 2 13 21 0 5 1 12 2 3 13 7 13 20 17 11 15 10 1 1 7 1 1 20 21
split_gain=66.2082 81.7376 19.5094 18.4741 9.81361 8.62918 9.76161 7.24919 11.4903 10.3419 6.79886 5.8387 5.95369 4.05176 5.85011 6.48501 3.37725 2.15677 1.57635 1.49892 2.04005 1.9055 0.788097 0.5598 1.49338 0.709217 0.482305 0.307387 0.215467 0.0925925
threshold=14.500000000000002 0.7256591603840471 6.780489744390251 2.5000000000000004 40.368598835203805 32.639944170141426 5.2544215514521078 38.571081445025136 0.033272778204350907 340.88822806306661 26.006817665102805 575.5904210305531 -95.85608925520917 4.5575428432732101 33.424215478877656 18.453471173906532 0.042327484692073238 21.032560027963502 41.541395141797658 0.79129788574020055 -105.06344176377299 6.8460914806176039e-09 2.5000000000000004 751.3739194627907 790.77634060914158 0.33954006844580148 0.92711230713892612 176.22926772786954 8.3083276378800424 3.5554645873328403
decision_type=2 8 8 2 2 2 2 2 10 2 2 2 2 2 2 2 2 2 8 2 2 2 2 2 2 2 2 2 8 10
left_child=1 3 5 4 7 6 -3 8 -1 -10 11 -9 -13 14 29 -16 -6 -5 -17 23 22 -22 -21 26 -25 -26 -15 -7 -28 -4
right_child=-2 2 13 17 16 27 -8 10 9 -11 -12 12 -14 19 15 18 -18 -19 -20 20 21 -23 -24 24 25 -27 28 -29 -30 -31
leaf_value=0.016376083537703815 0.049139175839120509 0.033071634527334769 -0.038941309848787339 0.0039726832167564776 -0.028664749634669646 -0.013974459802486742 -0.017170201820713476 -0.026261265899308706 0.019115283737268937 0.071193910267046717 0.035766580305419016 -0.012186834102730663 0.030417432778009557 -0.008075501610240652 0.065638557306608517 0.01348059574855971 0.0058136524617919899 -0.039844871707290674 -0.032750385518586847 -0.0081397763792487275 0.022100327604204564 -0.023219660799753513 -0.039305447768190761 0.0026260130580307343 -0.037572421604662787 -0.008519892691571147 -0.015055953224909222 -0.035693985476133921 -0.041142407218744279 -0.015551307203190454
leaf_weight=80.232287780381739 51.293204486370087 21.392670785076916 8.9830727577209508 3.1349414284341064 13.130820348393176 3.9992175595834878 16.173526640981436 16.219178094994277 17.719236033037305 22.428133831825107 13.987705982290207 15.170472473371774 15.851507062558087 1.6902629886753846 3.0123077584430566 2.3776188245974499 13.718515117652712 16.685473557561636 3.5266759409569195 3.1657109600491848 3.5428197840228686 3.7412732942029834 11.266205841675401 3.1556494715623584 16.475275595206771 3.1754078799858689 2.2987013226374984 11.823437851853667 147.08199718920514 2.4516512402333319
leaf_count=551 2701 294 734 286 237 201 222 244 211 267 201 216 225 207 200 204 247 1520 303 241 318 335 857 218 1089 210 283 594 18106 200
internal_value=0.000264833 -0.0100014 -0.028611 0.011984 0.0164039 -0.00150567 0.0115565 0.0205653 0.027649 0.0492319 0.00641783 -0.00283336 0.009853 -0.0352745 -0.0131977 0.0161995 -0.011472 -0.0330564 -0.0148774 -0.0374927 -0.0231436 -0.00117007 -0.0334396 -0.0391422 -0.0286163 -0.0335177 -0.0405327 -0.0313613 -0.0408438 -0.0355803
internal_weight=548.905 497.612 269.333 228.278 208.458 53.3889 37.5662 181.609 120.38 40.1474 61.2289 47.2412 31.022 215.945 20.3513 8.9166 26.8493 19.8204 5.90429 195.593 21.716 7.28409 14.4319 173.877 22.8063 19.6507 151.071 15.8227 149.381 11.4347
internal_count=28901 28637 24642 3995 2189 1311 516 1705 827 478 878 712 441 23331 1527 593 484 1806 507 21804 1751 653 1098 20053 1574 1299 18479 795 18389 934
is_linear=0
shrinkage=0.05


Tree=118
num_leaves=8
num_cat=0
split_feature=21 2 7 6 3 17 1
split_gain=7.00541 4.1433 5.27246 2.99382 3.88051 3.02844 0.734307
threshold=0.75228651233371868 5.5743214575657252 -0.020030487700321228 -0.084776678877403797 19.306530252211353 1.0000000180025095e-35 587.32640895481211
decision_type=8 2 2 2 2 2 2
left_child=1 3 6 4 -1 -6 -3
right_child=-2 2 -4 -5 5 -7 -8
leaf_value=-0.022495351473170083 -0.033702760723649583 0.018997927169403149 -0.016484504945151812 -0.028466171009074642 0.10404712790524102 -0.013731926709406714 0.14203864367986768
leaf_weight=1.0754596887418328 4.2277837132278355 0.50685159201384711 0.64504560512432341 2.0336981546570336 0.98454822806525122 0.46376946994860191 0.83942448747984599
leaf_count=533 11338 215 394 1329 487 229 356
internal_value=-0.00102148 0.0418767 0.087847 0.00959792 0.0396444 0.0761283 0.123556
internal_weight=10.7766 6.5488 1.99132 4.55748 2.52378 1.44832 1.34628
internal_count=28901 4194 1216 2978 1251 716 571
is_linear=0
shrinkage=0.05


Tree=119
num_leaves=15
num_cat=0
split_feature=20 0 21 7 4 3 7 10 8 1 9 6 17 12
split_gain=23.7963 11.0237 3.98114 3.86525 4.30373 4.29715 4.13148 3.52026 3.57363 2.57196 2.39163 1.81482 1.74427 0.910113
threshold=4.528915043210656 179.49145490248551 1.5737954836096752 0.12600708796594165 27.008293533379256 42.40295649551026 -0.29078162796202339 3.5000000000000004 0.23399555862659208 111.71064025701551 0.30788803511349988 0.072919649414059609 11.037477435838026 -108.56146731675449
decision_type=8 2 10 2 2 2 2 2 2 2 2 2 2 2
left_child=3 2 9 5 10 6 -1 8 -8 -2 -5 -4 -3 -6
right_child=1 12 11 4 13 -7 7 -9 -10 -11 -12 -13 -14 -15
leaf_value=-0.0083677717535080194 0.10360265553654829 -0.040612670630395892 -0.029470708829619104 -0.0013408712337111524 -0.0047248242667330747 0.047658598034657482 -0.015121448696819532 0.046686614316494214 0.02848495318573346 0.011300643235834559 0.042189521072537289 0.02483069388387308 0.026773132345235158 -0.030554565137829254
leaf_weight=12.164057532558216 1.0038477720227106 36.186524344142526 2.3491206333274031 5.7596303115133241 7.3449566385243115 13.933043847093357 7.2079449559096327 11.011652003740892 10.305372670525683 1.6594685834133995 5.8219956003595144 1.8732691786717621 0.33796354942023754 6.164215075084936
leaf_count=338 201 24997 499 205 245 352 231 295 330 332 207 398 233 205
internal_value=-0.00044449 -0.0284646 0.0266688 0.0171058 0.000782843 0.0244549 0.0155568 0.0256969 0.0106905 0.064875 0.0221556 -0.00523816 -0.0392923 -0.0178045
internal_weight=123.123 43.4102 6.88571 79.7129 25.0908 54.6221 40.689 28.525 17.5133 2.66332 11.5816 4.22239 36.5245 13.5092
internal_count=28901 26660 1430 2241 862 1379 1131 764 561 533 412 897 25230 450
is_linear=0
shrinkage=0.05


Tree=120
num_leaves=31
num_cat=0
split_feature=16 20 19 12 3 1 1 10 1 6 15 13 5 3 21 1 8 4 13 6 5 7 6 7 20 9 20 7 20 6
split_gain=43.2111 56.5194 30.7334 12.7938 11.1975 10.1558 10.9734 9.10035 8.23833 5.42417 5.22021 4.8028 7.04269 4.07321 4.37967 3.9188 3.38563 3.29378 3.27527 4.05104 2.98641 5.28583 3.16453 2.94889 4.01757 3.41752 2.99146 2.64817 2.6258 3.41566
threshold=21.274836997293729 40.12142563848861 2.5000000000000004 -119.7081168315482 54.669656823439404 11.906877329270801 970.9031270305386 2.5000000000000004 1037.5400207049954 0.34303579166425485 4.4651103380608753e-08 23.145666156488151 3.9873858556310506 28.024319203877102 0.7138594032304596 437.81897968421259 0.05252673905711714 22.762786449548205 23.711915637860788 -0.15136607697366641 1.9231506267991014 -0.020030487700321228 -0.037858733009295424 -0.1541701785743825 28.935070710465954 0.36049324189110293 14.135605358048151 -0.35390075323955633 56.095129759300356 0.34303579166425485
decision_type=2 8 2 2 2 2 2 2 2 2 2 2 2 2 10 2 2 2 2 2 2 2 2 2 8 2 8 2 10 2
left_child=1 2 7 -3 15 20 10 9 -8 13 28 12 -9 14 -1 16 -4 -15 19 -18 22 -22 -5 24 25 26 -20 -17 -7 -30
right_child=-2 3 4 5 -6 6 8 11 -10 -11 -12 -13 -14 17 -16 27 18 -19 23 -21 21 -23 -24 -25 -26 -27 -28 -29 29 -31
leaf_value=-0.016082923302896093 -0.048682476704101689 -0.004933584667052 0.035780061889426201 -0.013799762201491886 -0.024012338554509238 0.036533204015973174 -0.025563002764613083 -0.0034542292616138604 0.023039180241029023 -0.026374669874410908 -0.010557658344389096 -0.03458668597182487 -0.026368175965486636 0.020318306956787449 0.0086504912405287442 -0.003905291504452583 0.016478371072091991 -0.0029777147518676313 -0.0020874161618625784 -0.018685982379388146 0.0096073923138214282 -0.041957176978333031 0.032106231658268425 0.022484486565610931 0.035598796932685549 0.016862896018344963 -0.05056632577655689 0.038010592375093764 0.028619317538042123 0.00707054119094719
leaf_weight=71.202542369253933 42.557876691222191 52.435427274554968 11.599616818130015 5.8907916508615044 19.25262944586575 95.52076015714556 17.05278744827956 55.280733743682504 15.870845727622507 30.226914439350367 7.7731707403436303 60.09991292282939 85.590735020115972 24.392549300566316 23.084435602650046 4.2081652814522412 12.618454202078281 37.166620710864663 6.5870207538828325 19.665504637174308 8.9454586552456057 9.3869414888322336 7.5882884105667472 40.640224208123982 5.1201045075431457 6.4226981913670897 5.3235540287569156 24.745512457564473 111.90535351540893 22.907174678519368
leaf_count=617 1307 2946 464 221 740 7235 361 265 336 259 576 321 410 214 200 203 343 325 251 534 210 220 284 1886 222 249 203 1196 7931 1624
internal_value=1.46672e-05 0.0023096 -0.00782829 0.0177892 0.0108454 0.0217268 0.0248543 -0.0153722 -0.00214579 -0.0073458 0.028581 -0.0227304 -0.017464 -0.00351046 -0.0100002 0.015885 0.0113122 0.00643046 0.00803013 -0.00485956 -0.00486447 -0.0176003 0.0124764 0.0144976 0.000304268 -0.0108842 -0.0259939 0.0319915 0.0299417 0.0250368
internal_weight=941.063 898.505 543.228 355.277 156.183 302.842 271.03 387.044 32.9236 186.073 238.106 200.971 140.871 155.846 94.287 136.931 107.977 61.5592 96.3776 32.284 31.8115 18.3324 13.4791 64.0936 23.4534 18.3333 11.9106 28.9537 230.333 134.813
internal_count=28901 28635 8674 19961 6005 19283 18348 2669 697 1595 17651 1074 675 1356 817 5722 4323 539 3851 877 935 430 505 2974 1015 711 454 1399 17446 9555
is_linear=0
shrinkage=0.05


Tree=121
num_leaves=31
num_cat=0
split_feature=12 3 7 6 20 12 7 21 5 16 13 16 8 21 1 12 8 8 11 21 17 6 4 8 20 0 11 5 8 3
split_gain=6.58852 4.8799 4.54451 4.72053 4.34434 5.47359 4.84604 10.5354 7.27288 6.86259 8.25837 6.17033 8.18846 6.06215 4.50622 3.50905 3.44198 13.5207 6.1337 8.66001 6.12433 8.65648 5.47758 8.25394 5.37722 4.11755 5.31251 5.98863 3.91477 2.9672
threshold=-110.26116020908326 8.398018070654647 0.45240396915002284 0.11718121991858955 1.1483989195491753 -122.57097345066471 -0.23933494133939523 0.76423292771274853 34.040744419176306 1.0000000180025095e-35 48.705521328815593 4.654483847272946 0.30624398062102381 0.3670215638358581 298.21227907806309 -106.02518903688248 0.25365004255388618 0.24794497821915187 -76.814820727773892 1.6694932823424551 0.39541070261671635 0.12041628648152726 45.937368538318509 0.066717135992877999 38.633729384789255 499.24764071780254 -102.19119911294648 13.440469990257702 0.024916342300738147 36.732904999869355
decision_type=2 2 2 2 10 2 2 10 2 2 2 2 2 10 2 2 2 2 2 10 2 2 2 2 8 2 2 2 2 2
left_child=1 -1 16 15 5 -3 7 -6 -9 13 11 12 14 -8 -11 -4 17 18 20 -20 22 -22 -2 28 25 26 27 -18 -24 -28
right_child=2 4 3 -5 6 -7 9 8 -10 10 -12 -13 -14 -15 -16 -17 24 -19 19 -21 21 -23 23 -25 -26 -27 29 -29 -30 -31
leaf_value=-0.033790317265638484 -0.024047628732841834 0.020141361784911906 0.051013150278638446 0.081391668947070214 -0.01926195549236414 -0.036944319121604917 0.042644542359885497 0.086397765508807553 0.011450533343834262 0.12223973744475031 -0.020249178575530852 0.001555748047147341 0.010799389691285119 -0.012730670174368498 0.03940441845429473 -0.030687699200103793 0.067350165381904872 0.11845674443868222 0.11681851311471014 -0.024825700186186211 -0.0049016525456949218 0.11087805761780539 -0.0037758583691805681 -0.012140138832236032 -0.031930623322944954 -0.03566361190525013 -0.020205989375393994 -0.0070993991405268533 0.092247263573484395 0.034142710574405113
leaf_weight=3.9828083193860939 31.434015873586759 8.0866179210133851 1.058304738951849 2.1681179599836469 4.6530381741467908 6.851958029670639 5.13347149640322 9.7306369068101031 5.125219433568418 4.6677290690131548 5.1356056695804 5.4374621356837451 5.1899250512942672 24.485855042468756 4.2652310889679939 2.6375101839657873 5.2759306444786569 1.4388006925582884 1.4628578582778591 1.4047744357958434 4.1530212436337033 1.5611285814084113 1.3889834275469199 10.319070907076819 23.101792592322454 5.4523993369657546 12.059109545079989 4.4370405692607164 2.6526306159794331 2.160598567686975
leaf_count=294 6180 667 201 410 314 565 387 736 388 261 330 324 302 1847 239 502 468 273 222 213 641 241 216 1678 4568 568 1152 394 413 206
internal_value=-0.00034796 0.0149654 -0.00290174 0.0366018 0.0175051 -0.00671756 0.0224309 0.0433154 0.0628941 0.0142822 0.0331926 0.0475263 0.0639522 -0.00205403 0.0906371 -0.00141109 -0.00535592 0.00327663 -0.00185511 0.0589527 -0.00629869 0.0385327 -0.0125965 0.0124024 -0.0144255 -6.55403e-05 0.00914962 0.0358524 0.0650436 -0.0102473
internal_weight=206.912 92.7456 114.166 5.86393 88.7628 14.9386 73.8242 19.5089 14.8559 54.3153 24.696 19.5603 14.1229 29.6193 8.93296 3.69581 108.302 55.8153 54.3765 2.86763 51.5089 5.71415 45.7947 14.3607 52.4869 29.3851 23.9327 9.71297 4.04161 14.2197
internal_count=28901 6841 22060 1108 6368 1232 5136 1316 1124 3820 1586 1166 822 2234 500 703 20952 10573 10320 435 9885 882 9003 2335 10379 3060 2220 862 629 1358
is_linear=0
shrinkage=0.05


Tree=122
num_leaves=31
num_cat=0
split_feature=21 12 0 15 21 20 5 17 10 8 7 12 7 1 21 0 8 1 7 9 3 12 8 15 19 9 1 13 21 21
split_gain=7.20397 5.61268 6.20374 5.79151 5.46299 7.26506 6.32069 5.37558 6.21966 6.44928 5.10354 4.84471 6.0069 4.62821 4.44596 4.43388 4.01481 4.34255 3.72921 4.68686 3.84081 4.03509 5.39444 3.62634 3.75192 4.10839 4.95137 3.12682 4.34849 9.20494
threshold=0.22263645563770154 -108.17619233661797 576.23355792397558 1.4627684554571115e-09 0.7256591603840471 17.086170864996756 -41.658643033459093 3.7029978924851994 3.5000000000000004 0.43671813516986557 0.34658562273499266 -113.52917804825098 -0.13437212166283172 7.2287652825019606 0.67203394054469012 392.95541096089056 0.45948024950976857 994.59851916768662 -0.051806482868851582 0.27289297276847707 40.368598835203805 -122.57097345066471 0.23611193100931452 1.2539240895133367e-09 4.5000000000000009 0.20713026708365281 294.54525376187559 20.578503213123025 1.8273303894542952 2.0943699962124005
decision_type=10 2 2 2 10 10 2 2 2 2 2 2 2 2 10 2 2 2 2 2 2 2 2 2 2 2 2 2 8 10
left_child=13 2 7 4 5 -3 -6 8 14 10 11 15 -13 -1 -2 -10 17 -15 19 -16 -20 -22 -23 24 -8 26 -26 28 -5 -30
right_child=1 3 -4 27 6 -7 23 -9 9 -11 -12 12 -14 16 18 -17 -18 -19 20 -21 21 22 -24 -25 25 -27 -28 -29 29 -31
leaf_value=0.036913508366314011 0.071504494811400157 0.084165201762220837 -0.0093316778567920696 -0.018623224512730983 0.072750110924231656 -0.008395139779789524 -0.018865868405303621 -0.023342424704917791 0.051515353823790959 -0.014486191038767308 0.12920646554045984 0.12312837806225573 0.014005459520844088 -0.034273479648955489 0.054424398934255304 -0.021612097406512168 0.029938175355943099 0.008042395145340232 -0.035179596980579965 6.8258360287164685e-06 -0.011729602839793844 -0.012781639676327651 0.082829098936686205 0.06546150451157505 0.092179938614134815 -0.012183814664671127 -0.020761040826400411 -0.030431651281159617 0.12056341334678296 -0.015946613960186731
leaf_weight=3.3067675295751533 2.8766507004620498 4.4201157832285389 12.339521790854631 6.9267256710445544 1.9705604574410269 3.2078763712197542 20.096397405723117 3.8159316537203267 3.1271731778979337 2.2589948454406112 2.4369017062708735 2.5683634391753039 2.3971821257146049 23.302060752408583 8.1410824272315931 3.3366824536351487 3.0264961771899834 7.6369941080920398 5.0894363160478031 6.9771865824004635 6.5336455316282818 2.1319650786463162 2.5326197125250474 0.78013475751504302 1.9218992316164096 3.7856616800418124 0.98754231038037688 15.163061825558543 1.0942673870595174 2.5293784955283627
leaf_count=679 317 598 1409 914 512 434 5367 394 201 202 222 336 314 5149 848 214 663 1688 605 727 485 312 371 206 618 1294 317 2910 205 474
internal_value=-9.96004e-05 0.0120548 0.0220612 0.00128337 0.0137612 0.0487784 0.00341843 0.0292448 0.0336023 0.0585504 0.0706231 0.048742 0.0816264 -0.0126444 0.0205408 0.0159285 -0.0183869 -0.0239035 0.0138102 0.0308688 -0.00289331 0.0134614 0.0445879 -0.00390955 -0.00821231 0.022062 0.0583401 -0.0165939 0.00420672 0.0424363
internal_weight=166.719 129.447 66.5633 62.8836 37.1702 7.62799 29.5422 54.2238 50.4079 16.1253 13.8663 11.4294 4.96555 37.2723 34.2826 6.46386 33.9656 30.9391 31.4059 15.1183 16.2877 11.1982 4.66458 27.5716 26.7915 6.6951 2.90944 25.7134 10.5504 3.62365
internal_count=28901 21243 7601 13642 8708 1032 7676 5603 5220 1444 1264 1065 650 7658 3776 415 7442 6837 3510 1575 1935 831 683 7279 7155 2289 935 4934 1392 679
is_linear=0
shrinkage=0.05


Tree=123
num_leaves=31
num_cat=0
split_feature=10 21 20 19 3 9 13 21 2 5 5 1 11 13 2 3 21 6 7 13 11 9 7 12 9 2 9 1 20 1
split_gain=59.9383 74.593 18.7033 16.5078 8.8425 8.04712 6.32403 10.1699 8.8058 6.69897 6.21325 5.42665 6.08144 4.06758 4.69923 7.4489 3.4213 3.40517 3.17089 2.108 1.71407 3.86973 1.75336 2.68811 0.342254 0.353666 0.279819 0.461252 0.277931 0.193628
threshold=14.500000000000002 0.7256591603840471 6.780489744390251 2.5000000000000004 40.368598835203805 0.43437640898072699 38.571081445025136 0.033272778204350907 5.1694701248302115 26.342613166875253 34.422054842850805 575.5904210305531 -94.346178411232586 24.680225099050549 4.6477937739410029 33.424215478877656 1.5458097811977554 -0.010825765547146203 0.08558398761677434 21.032560027963502 -96.068437505610433 0.2228596735667159 0.34658562273499266 -108.2502061887854 0.0059208448089902452 3.8474093132952647 0.39591921107519129 279.37509202847008 8.3083276378800424 2.0056130304367454
decision_type=2 8 8 2 2 2 2 10 2 2 2 2 2 2 2 2 10 2 2 2 2 2 2 2 2 2 2 2 8 2
left_child=1 3 5 4 6 10 7 -1 -9 11 16 -8 -13 14 15 -4 17 -3 -6 -5 22 -22 26 -24 -15 -26 -16 -28 -27 -30
right_child=-2 2 13 19 18 -7 9 8 -10 -11 -12 12 -14 24 20 -17 -18 -19 -20 -21 21 -23 23 -25 25 28 27 -29 29 -31
leaf_value=0.01490238325935582 0.048014919450109737 -0.026894785731020904 -0.031577990201804157 0.003762354461650744 -0.026203935190831969 0.038536067904257655 -0.02607467344313194 0.019234659885502992 0.066529630050449109 0.03482322704981438 0.023771338773837566 -0.011066710037939976 0.031775375097698719 -0.011654283214283481 -0.039284827586048371 0.039688832789515321 -0.040136890747322698 0.0110771881389135 0.0074266967228471571 -0.039690080999352714 0.031910506989232645 -0.03436045452651286 -0.034448421640548288 0.017478102627321867 -0.01167351637690516 -0.01389725605746631 -0.03102856455523368 -0.0021327268046247485 -0.016787282204994022 -0.041652638480334507
leaf_weight=80.683887940831482 48.495601654052734 10.585643701255325 6.6585348611697546 3.152093893382701 14.80746039329097 9.1984087191522104 16.099665771238506 19.146325528156012 22.033490865956992 14.111873806454239 9.3430908368900401 17.256696302443743 14.298457922413947 2.0124586261808863 39.130611681379378 6.0392569974064827 12.646530552767215 11.206007502041755 11.95817517954856 15.76569609483704 2.9115792042575803 4.0838573868386447 4.2793694417923698 3.8580709137022478 2.0115171275101593 2.2224550493992865 2.5768725839443514 2.5076691694557667 2.618474604561924 124.39571323012933
leaf_count=548 2614 227 324 301 268 228 242 222 256 201 245 242 201 276 2938 293 379 241 216 1505 206 290 322 291 277 308 205 200 366 17372
internal_value=0.000268164 -0.00973087 -0.0281093 0.0110018 0.0150602 -0.00157909 0.0189657 0.025534 0.0455174 0.0058064 -0.0106796 -0.00332538 0.00872589 -0.0349147 -0.0247005 0.0027405 -0.0204332 -0.00773903 -0.0114523 -0.0326246 -0.0305198 -0.00623645 -0.0335869 -0.0106109 -0.0402117 -0.0405582 -0.0374872 -0.01947 -0.0409147 -0.0412752
internal_weight=536.096 487.6 258.286 229.314 210.396 52.9797 183.63 121.864 41.1798 61.7667 43.7813 47.6548 31.5552 205.306 72.0458 12.6978 34.4382 21.7917 26.7656 18.9178 59.348 6.99544 52.3526 8.13744 133.261 131.248 44.2152 5.08454 129.237 127.014
internal_count=28901 28637 24642 3995 2189 1311 1705 827 478 878 1150 715 443 23331 5046 617 1031 468 484 1806 4429 496 3933 613 18285 18067 3320 405 17900 17738
is_linear=0
shrinkage=0.05


Tree=124
num_leaves=6
num_cat=0
split_feature=20 20 0 3 6
split_gain=6.52036 4.63247 3.24651 2.95288 3.75385
threshold=16.121959567414155 5.7203375950920803 527.1413022096566 19.306530252211353 -0.084776678877403797
decision_type=8 8 2 2 2
left_child=1 -1 3 -3 -5
right_child=-2 2 -4 4 -6
leaf_value=-0.025106154717243513 -0.033378497152007462 -0.025267140367476317 0.10335484492196892 0.08566172037707287 -0.019728994014102514
leaf_weight=1.5127790649057749 4.023551437407149 1.3943992093700228 1.6632154119433833 1.2600803912791918 0.85329187873867163
leaf_count=978 10860 576 610 510 346
internal_value=-0.0010055 0.0401768 0.0602489 0.0214162 0.0504401
internal_weight=10.7073 6.68377 5.17099 3.50777 2.11337
internal_count=28901 4319 1898 1448 856
is_linear=0
shrinkage=0.05


Tree=125
num_leaves=17
num_cat=0
split_feature=20 11 1 21 5 12 2 6 0 8 5 5 17 5 20 0
split_gain=21.6859 8.73144 5.76996 3.8941 5.31435 4.04223 8.2699 5.78317 3.44998 3.40017 3.29455 2.28897 1.52223 0.972708 0.99712 0.317394
threshold=2.3562746189955655 -81.76873362405199 142.28704808227954 0.011862585384144402 25.212019929739252 -103.28949717993699 5.0344857296783951 0.038295664546009973 661.27071774032459 0.1369588784727043 21.061892849493454 -36.925997893292809 11.037477435838026 -56.769616474043097 4.528915043210656 513.02153930979455
decision_type=8 2 2 10 2 2 2 2 2 2 2 2 2 2 8 2
left_child=3 8 9 -1 5 7 -7 -5 12 -3 -10 -4 13 -2 15 -15
right_child=1 2 11 4 -6 6 -8 -9 10 -11 -12 -13 -14 14 -16 -17
leaf_value=-0.00068522777986172951 0.0099572139251237323 0.11386534701069438 0.038511033522416166 0.068843111375294072 -0.00088956441671946744 0.05321086966043144 -0.015688120705967909 0.016352821643535419 -0.022477731272043711 0.0025566035475777333 0.075172266735103216 -0.030993151654889459 0.025833290035985265 -0.025457823232985038 -0.040537288612565572 -0.004529946886717727
leaf_weight=19.511273845680989 0.75723059312440355 1.1903307808097474 0.75881438155193093 12.949106879765168 14.14789841417223 6.6185629323590609 9.3908365324605256 9.6854501618072373 1.1411362303188077 1.0674046064959837 0.60509472549892962 2.8327185375383115 0.35653218580409884 3.9645868143998095 33.743277804576792 3.6777157511096448
leaf_count=483 446 223 226 291 376 240 340 217 487 200 258 845 209 216 20060 200
internal_value=-0.000462128 -0.0240195 0.0297308 0.0184151 0.0253559 0.0347446 0.0142496 0.0480245 -0.0316253 0.0781796 0.026411 -0.0111192 -0.0345622 -0.0356601 -0.03671 -0.0170762
internal_weight=122.398 50.0948 5.84927 72.3031 52.7919 38.644 16.0094 22.6346 44.2456 2.25774 1.74623 3.59153 42.4993 42.1428 41.3856 7.6423
internal_count=28901 27111 1494 1790 1402 1088 580 508 25617 423 745 1071 24872 24824 24603 416
is_linear=0
shrinkage=0.05


Tree=126
num_leaves=31
num_cat=0
split_feature=16 20 19 12 3 1 1 5 10 1 20 8 21 8 20 9 3 13 5 20 1 8 13 6 4 6 5 7 15 7
split_gain=39.0692 50.3046 26.7924 11.4651 11.3541 8.86805 11.4706 9.82762 8.4094 7.80618 5.154 6.90013 7.7866 5.11381 5.52761 5.71494 4.86912 4.84701 6.60379 4.51469 4.36967 3.64218 3.53502 4.37368 3.16807 4.28926 3.57398 4.35351 2.91665 2.86869
threshold=21.274836997293729 42.935671899378058 2.5000000000000004 -123.56602457468775 54.669656823439404 970.9031270305386 67.943082952209963 39.646616852762406 2.5000000000000004 1037.5400207049954 4.6586989236735665e-13 0.11654172045347001 0.76423292771274853 0.066717135992877999 99.974246585522209 0.13866686834417766 28.184324440776653 23.145666156488151 3.9873858556310506 1.3053784027135953 437.81897968421259 0.05252673905711714 23.711915637860788 -0.15136607697366641 50.687319053081403 -0.2264406901641452 -22.945499466258088 -0.20856418176548172 1.7266396087540077e-07 -0.36488444536153891
decision_type=2 8 2 2 2 2 2 2 2 2 10 2 10 2 8 2 2 2 2 10 2 2 2 2 2 2 2 2 2 2
left_child=1 2 8 -3 20 6 7 13 10 -7 -1 -12 16 -5 15 -15 -13 18 -10 -19 21 -4 23 -23 26 -26 27 -24 -8 -22
right_child=-2 3 4 5 -6 9 28 -9 17 -11 11 12 -14 14 -16 -17 -18 19 -20 -21 29 22 24 -25 25 -27 -28 -29 -30 -31
leaf_value=0.013552458824993209 -0.047854261011417827 -0.0083624935197736325 0.03576194650761224 -0.020992927100435235 -0.023158126592881495 -0.025563479120754719 0.030954225918793918 -0.039228672589428935 -0.002459618322836444 0.022005293585321207 0.0092517670064374957 -0.031357871164240145 0.0076367874255200479 -0.037814304684770109 0.032303008850624218 0.015932739858779073 -0.0084980270113934175 -0.018460183466584873 -0.024531025868532407 -0.046308850554248382 -0.0061178332556091767 0.016483675114185997 -0.027703522137256954 -0.019644814185097698 -0.040091857074386367 0.012489788419034899 0.03012705882773304 0.019111282388198911 -0.014555488828723302 0.0380588093305557
leaf_weight=26.529397113248706 39.96328766271472 37.64583483338356 11.653218531049786 8.2658226042985898 21.526356084272265 17.68108518794179 187.99238702375442 9.1582629242911917 55.805010023526847 15.041105378419159 35.913793437182903 56.857296967878938 28.012377083301544 6.0728310551494404 32.089120668359101 15.446779265999792 40.635424910113215 30.823709616437554 86.268572457134724 30.889541822485626 3.9763742089271572 12.625883514061568 6.6263706777244851 20.925622205249965 4.9219955941662201 10.338973348960279 30.757539971731607 13.26733448542654 3.042082542553544 25.295383911579847
leaf_count=232 1247 2199 487 463 858 368 14394 490 273 313 315 329 241 319 1813 813 235 208 422 208 205 352 272 584 216 454 1536 546 233 1305
internal_value=1.61006e-05 0.00209079 -0.00713835 0.0174366 0.00992781 0.0207484 0.0238028 0.00653111 -0.0141996 -0.00369384 -0.00651993 -0.00988199 -0.015387 0.0138204 0.0194743 -0.000240321 -0.0220128 -0.0212159 -0.0159394 -0.0329155 0.0151289 0.0104242 0.00712922 -0.00596559 0.0137845 -0.00589156 0.019712 0.00293819 0.0301575 0.0320538
internal_weight=926.049 886.085 553.65 332.435 161.915 294.789 262.067 71.0328 391.735 32.7222 187.948 161.419 125.505 61.8746 53.6087 21.5196 97.4927 203.787 142.074 61.7133 140.389 111.117 99.4637 33.5515 65.9122 15.261 50.6512 19.8937 191.034 29.2718
internal_count=28901 28635 9213 19422 6456 19107 18426 3799 2757 681 1646 1415 1081 3467 3028 1132 564 1111 695 416 6150 4640 4135 936 3199 670 2529 818 14627 1510
is_linear=0
shrinkage=0.05


Tree=127
num_leaves=31
num_cat=0
split_feature=20 3 11 7 11 12 21 16 2 1 5 20 21 13 9 12 20 6 5 19 21 4 9 0 1 9 20 20 9 7
split_gain=6.15026 5.09659 5.04128 4.56924 7.82783 7.60566 8.88326 6.69164 6.62733 6.57823 7.53804 10.8483 5.96269 5.39184 4.88898 4.23448 3.63477 3.67625 4.72056 3.7141 3.3419 3.18506 3.08795 4.48991 2.99946 2.96991 2.95784 3.48244 6.37274 3.00967
threshold=1.3053784027135953 7.9505326112734256 -102.75028836962798 -0.23933494133939523 -104.80807291205848 -110.26116020908326 0.76423292771274853 1.0000000180025095e-35 5.2719956613777574 13.176988001787953 -21.469670732744316 45.067223368827008 0.41557197021610309 19.770428501728961 0.37596967867951042 -120.23515184502051 16.566618968308504 0.04680076328561001 32.690161149900952 2.5000000000000004 1.4119425963930903 17.400322411203405 0.23800604769771552 271.55970894932108 4.780027304635456 0.42622788806125006 28.045633300042855 41.11617390859211 0.23429021797581487 0.22752691371348102
decision_type=10 2 2 2 2 2 10 2 2 2 2 10 10 2 2 2 10 2 2 2 10 2 2 2 2 2 8 10 2 2
left_child=15 22 3 4 5 6 -3 12 -8 -9 11 -11 -5 20 -10 -1 -4 -18 19 21 -12 -19 23 -2 -17 -15 -14 28 -28 -29
right_child=1 2 16 7 -6 -7 8 9 14 10 13 -13 26 25 -16 24 17 18 -20 -21 -22 -23 -24 -25 -26 -27 27 29 -30 -31
leaf_value=0.016620679454803406 0.056081391117746453 -0.018552133552841629 0.016371962500683065 0.036413535489887891 0.10851719247315522 -0.015478529705736502 0.01246436010575862 0.091714335227653598 0.10951055420840822 0.090320531849884894 0.059327497701814308 -0.019097686040242381 -0.029041931479931685 -0.024623815552122938 0.030614640988141584 0.024756327473676294 -0.031929543349122118 0.063251914545356822 0.075122328629899357 -0.029283851146976028 0.0041806981007949575 -0.013118968099136147 -0.037313485166595266 -0.018890074782228334 -0.024659599609807029 0.036434671058144762 0.061015189935971062 -0.024817896357673001 -0.030227458282241815 0.014835899441437672
leaf_weight=9.4239561348222178 1.9713635522639377 4.5030065635219332 13.998335434473118 7.4792871648678547 2.2585497150430456 7.9746477659791708 5.94380339793861 2.638173210900276 5.4572301451116791 5.9765356595162293 4.2070226012729153 2.9079322991892695 12.249096615239976 12.186639881692825 4.3318304282147437 2.6074662540340787 12.947704560356218 1.754638636717573 1.0650665881112216 6.3173533589579165 6.1652963061351329 2.1509487996809185 7.8076924555934966 5.1476286919787526 29.982305689132772 1.4370249914936719 4.1911860466934776 12.259591357083993 2.2647715851198882 6.6617359980009496
leaf_count=1665 400 295 2441 879 224 745 428 258 472 554 227 270 1607 1713 374 578 3025 200 243 1469 333 246 1575 1044 6645 202 388 2103 210 1142
internal_value=-0.000352673 0.00958584 0.0123879 0.0177377 0.0339864 0.0245086 0.0402538 0.0112559 0.0571879 0.0271677 0.0194346 0.0561985 -0.00159133 0.00411916 0.0806712 -0.0116579 -0.00321252 -0.0147249 0.00600189 -0.00725134 0.0297983 0.0270913 -0.0174636 0.0062211 -0.0200866 -0.0161323 -0.00989299 0.000100429 0.0292458 -0.0108129
internal_weight=206.268 164.254 149.327 111.093 30.4691 28.2105 20.2359 80.6243 15.7329 35.5186 32.8805 8.88447 45.1057 23.996 9.78906 42.0137 38.234 24.2357 11.288 10.2229 10.3723 3.90559 14.9267 7.11899 32.5898 13.6237 37.6264 25.3773 6.45596 18.9213
internal_count=28901 21480 18469 11801 3024 2637 1326 8777 1134 3477 3299 824 5300 2475 846 7421 6668 5662 2576 2377 560 446 3011 1444 7223 1915 4936 3843 598 3245
is_linear=0
shrinkage=0.05


Tree=128
num_leaves=31
num_cat=0
split_feature=21 12 0 15 3 17 16 2 21 21 19 20 20 11 9 7 1 20 6 1 10 1 16 13 21 21 17 5 7 15
split_gain=6.69719 4.88033 5.56832 5.51674 5.18191 4.78462 5.50034 5.42228 6.39571 4.69669 7.15426 4.59743 9.04716 4.52187 4.31773 6.90974 4.22236 4.0011 3.95593 6.99643 3.44111 6.03228 3.30655 3.02941 4.12446 8.03843 2.98219 2.95222 4.13039 4.06579
threshold=0.22263645563770154 -108.17619233661797 576.23355792397558 1.4627684554571115e-09 7.3194466635838156 3.7029978924851994 0.77879772260711644 5.458284485937507 2.1361170061336754 0.7256591603840471 3.5000000000000004 24.106935118450803 27.586895119021104 -107.25041167555248 0.27289297276847707 -0.039023398063903862 7.2287652825019606 194.99239088385153 0.34983775240596421 970.9031270305386 3.5000000000000004 255.91777953637151 8.3363245508820878 20.578503213123025 1.8273303894542952 2.0943699962124005 2.280738011664083 -1.0000000180025095e-35 -0.08629100988753978 7.9409338805090669e-23
decision_type=10 2 2 2 2 2 2 2 10 10 2 10 8 2 2 2 2 10 2 2 2 2 2 2 8 10 2 2 2 2
left_child=16 2 5 4 -3 6 7 14 20 10 -6 -11 -13 -14 15 -2 -1 -15 -18 -20 21 -9 -8 24 -5 -26 -25 -4 29 -29
right_child=1 3 27 23 9 -7 22 8 -10 11 -12 12 13 17 -16 -17 18 -19 19 -21 -22 -23 -24 26 25 -27 -28 28 -30 -31
leaf_value=0.034332938815295394 0.056215903938269432 -0.027863767351750768 -0.035299169584834977 -0.018262644288258311 0.079133082475635691 -0.022745650895518731 0.089955714744371626 0.08350968747071931 -0.016111482610736912 -0.015285169822529263 -0.025885787482885076 0.10590796383873102 0.077219556932058231 -0.013442017666626661 -0.0090798300370699969 -0.0038424746277358635 -0.025305293387739472 0.067484621133773154 -0.021957556115315441 0.079539572287331717 0.1009862010187824 -0.0048318488225406863 0.013615713904644576 -0.036093555699564052 0.11042877197284134 -0.015439180522798301 0.035108019049273131 0.083105718461424352 -0.022858473807040976 -0.0093846880098788291
leaf_weight=3.4489298063563174 8.937147944350734 5.4275257386034346 4.942347400705331 6.8136090474436095 5.4538997901836446 3.673509070998989 4.9567895280197272 2.5127986947773042 2.541431472171098 9.8421758048934898 1.6216351490002126 1.9722202683333308 1.0289288501953748 10.994427201105276 13.438653422053902 9.0131705215899292 27.765340444981121 0.75232315098401159 3.5740453056059787 1.7773306737653909 3.8130612933309749 4.0681917584734038 2.3955200937343761 13.769162762560882 1.2300407725851985 2.4619209410157055 0.84170493041165173 1.7224099972518192 3.7286011418327663 1.7852996372384948
leaf_count=722 757 1274 811 903 698 372 441 316 353 2615 207 671 388 4178 1185 763 6239 286 754 375 445 512 213 3338 226 453 204 232 597 240
internal_value=-9.55657e-05 0.0118799 0.0210852 0.00171202 0.0138218 0.0277317 0.0316836 0.0239806 0.0500779 0.021601 0.054839 0.0102679 0.0272087 0.00825357 0.0120118 0.0274481 -0.0121041 -0.0033714 -0.0178048 0.018968 0.0662553 0.0354655 0.0696909 -0.0160167 0.00435565 0.041094 -0.0300056 -0.00893413 0.0111725 0.0443925
internal_weight=166.304 129.739 67.5289 62.2096 37.0931 55.3503 51.6768 44.3245 12.9355 31.6656 7.07553 24.5901 14.7479 12.7757 31.389 17.9503 36.5656 11.7468 33.1167 5.35138 10.3941 6.58099 7.35231 25.1164 10.5056 3.69196 14.6109 12.1787 7.23631 3.50771
internal_count=28901 21243 7601 13642 8708 5603 5220 4566 1798 7439 905 6534 5020 4817 2768 1520 7658 4464 7442 1129 1213 828 654 4934 1392 679 3542 1998 1158 472
is_linear=0
shrinkage=0.05


Tree=129
num_leaves=29
num_cat=0
split_feature=16 21 20 19 21 3 2 1 5 5 13 3 13 3 11 20 3 20 7 13 1 5 9 16 2 20 1 17
split_gain=54.3607 67.255 16.5752 14.3899 8.5572 7.69486 7.38494 5.85957 6.45613 9.92991 7.26061 5.18957 4.87065 4.85434 4.42558 3.84459 5.90478 3.18615 2.99878 2.26506 1.96374 1.80869 0.622895 0.397438 0.37047 0.29279 0.205583 0.107004
threshold=17.616020730864069 0.7256591603840471 6.780489744390251 2.5000000000000004 1.7137962444792603 40.368598835203805 5.2544215514521078 221.20352517374451 -19.403935769654247 -1.8742963512112494 20.138060995618634 19.306530252211353 24.680225099050549 17.702907373423503 -108.75465574160349 48.768299069439912 23.035620631285905 20.39368656702565 0.042327484692073238 21.032560027963502 67.943082952209963 -10.588822232989648 0.00379979468035252 7.7161125874849246 3.8474093132952647 8.3083276378800424 2.0056130304367454 3.5066434764264298
decision_type=2 8 8 2 10 2 2 2 2 2 2 2 2 2 2 8 2 8 2 2 2 2 2 2 2 8 2 2
left_child=1 3 4 5 6 7 -3 -1 -9 -10 -11 -8 14 -12 27 16 21 -18 -7 -5 -17 -16 -14 -22 -24 -26 -27 -4
right_child=-2 2 12 19 -6 18 11 8 9 10 13 -13 22 -15 15 20 17 -19 -20 -21 23 -23 24 -25 25 26 -28 -29
leaf_value=-0.0067970631481375403 0.047009872453620358 0.028090120203490179 -0.04086524935792734 0.0063117916528882146 -0.038478719029776912 -0.027843013556928555 0.015885839069832021 8.7260612677720421e-05 0.043672902213369613 0.032331458618615673 0.017241481546823752 -0.034325825502854762 -0.0038677030808759935 -0.013002274174300874 0.0049804236757693375 -0.0043294676344827242 -0.005259772551042304 0.044741598303903111 0.0048527375624189371 -0.039521314525331371 -0.041478039989462756 -0.034239857976441405 -0.011133289729354224 -0.0097011848106884971 -0.013438336014839021 -0.016424702292423665 -0.041619901973862332 -0.01734786418000905
leaf_weight=21.830074958503246 45.755000891163945 21.504088574554771 23.234339192975316 2.9440736714750555 11.607886611018328 12.653983653523031 8.0878877490758931 31.347816853318363 46.692736033815891 34.34464169992134 26.71521878708154 11.239893490448592 1.3985385033301998 24.483420911710709 3.8989358367398408 6.3219249662943229 5.0519030876457691 6.8258182485587886 13.903120718896387 14.866649850737303 12.328413582872598 8.6391490963287669 1.9596239831298579 1.8437698706984518 2.1728638177737594 2.5687816659919909 117.40607514977455 2.6374667808413506
leaf_count=201 2522 390 1794 298 290 231 206 283 390 309 296 287 204 272 201 583 208 281 253 1505 1347 444 286 201 320 381 17423 204
internal_value=0.000272931 -0.00947521 -0.0274427 0.0100084 -0.0024096 0.0136729 0.00851903 0.0172722 0.020506 0.0253095 0.0148972 -0.0135664 -0.0340844 0.00280676 -0.0230268 -0.0130573 0.000498259 0.0247177 -0.0111712 -0.0320124 -0.0284787 -0.0225766 -0.0400893 -0.0382558 -0.0404633 -0.0408396 -0.0412207 -0.0392026
internal_weight=524.264 478.509 248.727 229.782 52.4398 211.971 40.8319 185.414 163.584 132.236 85.5433 19.3278 196.288 51.1986 70.7817 44.9099 24.4158 11.8777 26.5571 17.8107 20.4941 12.5381 125.506 14.1722 124.107 122.148 119.975 25.8718
internal_count=28901 28607 24616 3991 1308 2188 740 1704 1478 1104 769 493 23308 568 5023 3025 1134 489 484 1803 1891 645 18285 1548 18134 17967 17804 1998
is_linear=0
shrinkage=0.05


Tree=130
num_leaves=9
num_cat=0
split_feature=21 2 7 6 3 17 1 12
split_gain=6.07543 3.34967 4.45322 2.67396 3.27178 2.71771 0.645471 0.175724
threshold=0.75228651233371868 5.5743214575657252 -0.020030487700321228 -0.084776678877403797 19.306530252211353 1.0000000180025095e-35 587.32640895481211 -102.36008938579072
decision_type=8 2 2 2 2 2 2 2
left_child=1 3 6 4 -1 7 -3 -6
right_child=-2 2 -4 -5 5 -7 -8 -9
leaf_value=-0.022033357140464355 -0.033072286562475468 0.017342571399100375 -0.016668752149166435 -0.028029710501052591 0.017384215270985336 -0.014288436782463419 0.12458723736889632 0.10730714770906805
leaf_weight=1.0322459969320366 3.8448030126164658 0.54801662814861862 0.65562935249181464 1.9428105002298268 0.53202036285074727 0.4881048718089005 1.0186154909461036 0.60537438309984148
leaf_count=486 10416 200 359 1258 226 215 371 257
internal_value=-0.000983867 0.0384923 0.0778159 0.00899466 0.0363233 0.0676589 0.108446 0.0930577
internal_weight=10.6676 6.82282 2.22226 4.60056 2.65775 1.6255 1.56663 1.13739
internal_count=28901 4194 1216 2978 1251 716 571 483
is_linear=0
shrinkage=0.05


Tree=131
num_leaves=18
num_cat=0
split_feature=20 0 12 5 1 20 2 10 21 3 1 20 21 21 16 20 6
split_gain=19.2701 8.6948 3.81899 4.7902 4.51366 3.49608 3.48212 3.318 3.22558 3.18035 3.13078 3.10496 2.61608 2.30559 1.59946 0.933413 0.355836
threshold=2.3562746189955655 179.49145490248551 -70.990920784017291 27.061013354462755 412.55759749678754 0.24170990294489453 5.8010161323488303 2.5000000000000004 0.026296650163411355 14.181259813155551 688.12131289199158 3.2166863544211104 0.3670215638358581 2.6367506372545653 69.882078552192453 4.528915043210656 0.034356832110889808
decision_type=8 2 2 2 2 10 2 2 10 2 2 8 10 10 2 8 2
left_child=5 2 3 4 13 9 14 8 -7 -1 -9 -8 -10 -2 15 16 -3
right_child=1 6 -4 -5 -6 7 11 10 12 -11 -12 -13 -14 -15 -16 -17 -18
leaf_value=0.020449069873779532 0.13204442374697839 -0.026322877744299169 -0.027073216542859949 -0.024031220826372632 -0.0038731317067325377 -0.003438846578549367 0.072733285509280196 0.015696799893800985 0.003735742438657571 -0.035306463442067421 0.048381372096070269 -0.022050736062502067 0.046053886317625831 0.022062581816722309 0.027214584496261452 -0.040432940023749808 -0.0044802851747001915
leaf_weight=3.6386138527304857 1.2502840955276091 4.0184173885500067 1.8183636091998769 1.339920643949881 1.4003091426566241 19.757539096055552 0.6309216570225562 16.078994795680053 6.8842695015482596 4.9108755285851657 15.101296321954576 1.1121398697723623 7.2691134822089225 1.2148208604194222 0.32944821706041694 31.204114838561509 3.750024581560865
leaf_count=263 238 219 375 264 253 433 270 221 237 355 207 475 250 232 209 19913 204
internal_value=-0.000470387 -0.0232956 0.0254461 0.0451989 0.0692039 0.0170436 -0.0320432 0.0209708 0.00970746 -0.0119207 0.0325382 0.0262656 0.027075 0.0998533 -0.0352168 -0.0364122 -0.0174923
internal_weight=121.709 48.0688 7.0237 5.20533 3.86541 73.6407 41.0451 65.0912 33.9109 8.54949 31.1803 1.74306 14.1534 2.4651 39.302 38.9726 7.76844
internal_count=28901 27111 1450 1025 699 1790 25661 1172 744 618 428 745 487 470 24916 24871 423
is_linear=0
shrinkage=0.05


Tree=132
num_leaves=31
num_cat=0
split_feature=16 20 19 12 3 1 1 1 1 10 20 8 21 15 21 13 3 1 5 8 16 5 9 9 15 21 20 0 1 5
split_gain=35.2391 44.4129 23.1524 10.5492 10.2879 8.25867 10.7064 7.55855 7.15717 6.35458 6.72885 7.07586 7.51252 4.7343 4.64276 8.22495 4.5301 4.25058 4.21724 3.57694 3.56875 5.71035 3.30189 5.82552 7.38402 4.08885 3.11293 5.26184 3.93723 10.3595
threshold=21.274836997293729 42.935671899378058 2.5000000000000004 -123.56602457468775 54.669656823439404 13.176988001787953 970.9031270305386 123.72799524476201 1037.5400207049954 2.5000000000000004 4.6586989236735665e-13 0.11654172045347001 0.76423292771274853 2.3680410599304334e-07 0.026296650163411355 23.145666156488151 28.184324440776653 437.81897968421259 17.751671890218205 0.05252673905711714 1.0305959579886638e-06 1.9231506267991014 0.14492213452109762 0.2228596735667159 1.3988250085010349e-09 0.88360649376596312 43.982981424847161 160.37631664968353 67.943082952209963 40.824473432431255
decision_type=2 8 2 2 2 2 2 2 2 2 10 2 10 2 10 2 2 2 2 2 2 2 2 2 2 10 10 2 2 2
left_child=1 2 7 -3 17 20 13 -1 -8 10 -9 -12 16 26 -11 18 -13 19 -16 -4 21 -5 25 24 -24 -21 27 -7 29 -28
right_child=-2 3 4 5 -6 6 8 9 -10 14 11 12 -14 -15 15 -17 -18 -19 -20 22 -22 -23 23 -25 -26 -27 28 -29 -30 -31
leaf_value=0.011283474085778383 -0.046969428483009869 -0.0080060528288373144 0.035446175366922295 0.030922987050835418 -0.021793680362968672 -0.023756944716170007 -0.024119368809441228 0.015786609259970323 0.021517822547838281 -0.010424643526256288 0.0082618290334986536 -0.033609492285450494 0.0059209381690117982 -0.028043178172963465 -0.0072411245877829324 -0.046396745899253071 -0.010704283038600802 0.0315464074024032 -0.029299264223462906 -0.013807387406592458 -0.033887850536040605 -0.014713793129224231 0.010382530316478462 0.0087975752896337633 -0.053523907906073809 0.031480570833141867 0.019348370964206649 0.04129617411306799 0.027355194734343769 -0.06255335053910048
leaf_weight=28.490820910781622 37.540050610899925 37.825254207476974 11.166148493997751 10.987630728632215 21.905446018092334 2.6660498706623903 18.024191531352699 24.279443494975567 14.68516835849732 65.378491837531328 32.639010588638484 54.25233740825206 25.63775419909507 3.0923873819410801 44.431527646258473 37.79135013744235 37.569983300752938 27.985292062163353 42.987382058054209 5.8483305079862502 6.5778454951941967 15.069647542200981 7.9485375918448016 54.799597940407693 8.7032060148194414 20.564837387762964 21.667306313291196 55.753873080946505 131.70694034639746 3.6600715536624193
leaf_count=200 1190 2284 475 372 890 265 375 209 306 352 280 304 215 246 242 232 210 1256 235 267 203 510 318 2246 348 939 1491 5544 9702 252
internal_value=1.42014e-05 0.00188288 -0.00671641 0.0166227 0.00934961 0.0199208 0.0229839 -0.0132129 -0.00359962 -0.0151508 -0.00818316 -0.0121392 -0.01783 0.0269608 -0.0214498 -0.0270784 -0.0244539 0.0144505 -0.0182967 0.00981559 -0.00364348 0.00496162 0.00656223 0.000889647 -0.0241588 0.0213152 0.0278762 0.0379776 0.0239017 0.00558629
internal_weight=911.636 874.096 552.379 321.716 158.921 283.891 251.256 393.458 32.7094 364.967 174.379 150.099 117.46 218.547 190.589 125.21 91.8223 137.016 87.4189 109.031 32.6351 26.0573 97.8645 71.4513 16.6517 26.4132 215.454 58.4199 157.034 25.3274
internal_count=28901 28635 9213 19422 6456 19107 18101 2757 681 2526 1501 1288 987 17420 1025 768 514 6150 477 4640 1006 882 4135 2929 666 1206 17377 5809 11568 1743
is_linear=0
shrinkage=0.05


Tree=133
num_leaves=31
num_cat=0
split_feature=20 3 11 7 11 21 12 15 2 7 21 20 7 0 5 0 9 21 12 7 10 0 16 16 6 11 20 9 0 12
split_gain=5.64572 4.56476 4.43754 4.05216 6.66828 6.77645 7.78874 6.13147 5.64264 5.35803 6.97676 4.73543 4.50452 4.14475 4.11221 4.04711 5.52425 6.91152 3.86462 3.65863 4.74008 3.78465 3.58071 5.96847 5.883 10.2637 3.25496 3.05608 4.12699 2.99078
threshold=1.3053784027135953 7.9505326112734256 -102.75028836962798 -0.23933494133939523 -104.80807291205848 0.76423292771274853 -110.26116020908326 7.4356511232580896e-08 5.2719956613777574 -0.0039946848287275563 0.45538001125295807 19.921369285771352 0.2317162253633854 448.19898058117855 26.342613166875253 523.51895498014358 0.10591266724547578 1.5133949959522803 -120.23515184502051 0.40176133879923637 2.5000000000000004 293.13468262150553 5.1651684406230194 1.0000000180025095e-35 -0.13954810523580893 -116.59342223328049 70.683534118871961 0.23800604769771552 271.55970894932108 -117.60660552061394
decision_type=10 2 2 2 2 10 2 2 2 2 8 10 2 2 2 2 2 10 2 2 2 2 2 2 2 2 10 2 2 2
left_child=18 27 3 4 5 -3 8 9 -7 15 12 -12 -11 -10 -15 16 -5 -18 -1 -4 21 -21 23 -13 29 -26 -27 28 -2 -25
right_child=1 2 19 7 -6 6 -8 -9 13 10 11 22 -14 14 -16 -17 17 -19 -20 20 -22 -23 -24 24 25 26 -28 -29 -30 -31
leaf_value=0.015540480053260655 0.053417121841952742 -0.018907084148698589 -0.0083880286064971932 -0.027520880952741064 0.098337914295426335 0.011504038670786969 -0.013157144523206829 0.064682810890245579 0.10933403295080096 0.083061121006596517 -0.021385071245958481 0.0036688401062503328 0.013728985911934073 0.062714922560782302 -0.014162836668012619 -0.038768762808939865 0.066912459024045329 -0.0096714115002911293 -0.019433061666831668 0.10904011805970315 -0.025021597201917614 -0.00036062179505560738 -0.031133155971766496 0.039226312363200982 -0.013062476252127368 0.1403196696298514 0.030399170912182711 -0.037074634010458178 -0.018193181148408007 -0.029840875740959529
leaf_weight=9.5945708262734097 2.0531915517058223 6.6783273237524616 33.904324804898351 7.8037864712532672 2.4915106255793944 6.0540161029203015 5.5885298504726899 3.9773596758022904 4.1404064021771765 4.7517630917718625 10.030314078205263 18.092842854326598 4.7531662215478718 4.1386421213392177 2.1554030973929912 7.8159046231303364 4.3303093032445767 6.1047453292412683 31.627300929627381 1.2535597771639031 1.4116270074155182 1.207590607809834 2.6785723865032196 1.9172326282132424 2.0483692977577466 2.7850584916304779 1.6502700406126676 7.4105139572639018 4.9690960802836344 2.3925388845382267
leaf_count=1727 422 612 5984 704 241 416 561 430 336 211 1318 2643 211 424 221 829 375 529 5694 246 241 237 389 226 286 509 301 1546 1022 282
internal_value=-0.000352802 0.00938464 0.0119831 0.0169299 0.0320105 0.0231518 0.0361427 0.0108029 0.052649 0.00723326 0.0165342 0.00715338 0.0529973 0.0734273 0.0380557 -0.0109452 0.00237349 0.0251814 -0.0111175 -0.00279002 0.0378818 0.0707662 0.0166002 0.02192 0.0496089 0.0764148 0.112539 -0.0166736 0.00679306 0.00248522
internal_weight=205.811 164.589 150.156 112.379 31.2468 28.7553 22.077 81.1322 16.4885 77.1549 51.1001 41.5952 9.50493 10.4345 6.29405 26.0547 18.2388 10.4351 41.2219 37.7771 3.87278 2.46115 31.5649 28.8863 10.7935 6.4837 4.43533 14.4328 7.02229 4.30977
internal_count=28901 21480 18469 11801 3024 2637 2217 8777 1134 8652 5889 5467 422 846 645 2763 1645 904 7421 6668 660 483 4583 4219 1413 905 810 3011 1444 508
is_linear=0
shrinkage=0.05


Tree=134
num_leaves=31
num_cat=0
split_feature=21 3 8 21 20 12 17 17 16 5 3 1 6 1 20 19 20 8 9 3 9 1 6 17 4 9 5 20 1 0
split_gain=6.16479 4.29652 4.34698 4.91618 4.79607 5.64134 4.09905 4.84434 8.45528 5.0141 3.99931 3.98571 3.80038 6.27422 3.63817 5.28765 5.80519 4.74068 3.4033 6.96328 6.2769 4.66734 4.50386 3.96111 3.63736 3.7689 5.64157 3.28411 4.5931 3.16476
threshold=0.22263645563770154 14.572345772661203 0.37519976245671838 0.38750198261974655 7.6804025059101306 -108.9025076844835 2.7906489684097502 1.686067760157741 6.485813718313965 58.624593675095007 15.744685529427501 7.2287652825019606 0.34983775240596421 970.9031270305386 28.488293251829752 3.5000000000000004 1.5043401189030952 0.0055781290147356452 0.17770754034449923 33.622714750817309 0.42224924273822412 13.176988001787953 -0.15889298720274522 1.0000000180025095e-35 -16.400057271348295 0.34503074440316756 4.9251621720173029 14.594061126450502 57.574248050374955 428.44249939005056
decision_type=10 2 2 10 10 2 2 2 2 2 2 2 2 2 10 2 10 2 2 2 2 2 2 2 2 2 2 10 2 2
left_child=11 2 3 -2 -4 -6 7 9 -9 10 29 -1 -13 -14 15 16 -12 -16 21 -20 22 -19 23 -21 -24 26 -26 -17 -29 -3
right_child=1 6 4 -5 5 -7 -8 8 -10 -11 14 12 13 -15 17 27 -18 18 19 20 -22 -23 24 -25 25 -27 -28 28 -30 -31
leaf_value=0.033154191645111235 0.059636984299492782 0.098165370031287558 0.068593495502338869 -0.026393766558792199 0.05902836544478525 -0.033938118084155679 -0.026192150233770219 0.11913743372547295 -0.010462000476248704 0.077411061414414603 -0.015819608292115522 -0.024788697224467353 -0.021464903976717298 0.073807788414887582 0.077685612735295187 -0.02890097458097507 0.044085696110412909 0.042592130389591358 -0.022146337114674883 -0.024277652443014171 -0.020196625135260375 -0.027734884458291816 -0.0081841741067887244 0.052479467330284892 0.075627908639967809 0.1097036925165485 -0.0095231302353912563 0.074178425796200972 -0.0083305872249941331 -0.00050136518846475772
leaf_weight=3.5166023075580588 0.88341609621421469 1.4239324165973817 2.4999337370973072 17.42911122890655 1.3893943430157394 4.1744819766608989 4.5719224121421576 2.0381088675931114 1.8946498621953649 2.2308688397752121 4.3347896052291643 26.932485668803565 3.4649217725964272 1.9083776371553538 1.0055928886868049 5.9726442766841492 22.89955643704161 1.8473582647275222 11.179154667537658 3.9983778978930875 5.2135066331829876 15.242466945666818 1.6270905856508839 1.5334419085411353 3.1470378816593367 2.8811336752260104 3.2902600767556578 1.503942345618271 4.6510898106498644 1.2074465964687986
leaf_count=752 211 259 450 4159 327 981 680 282 263 336 263 6204 728 401 202 930 1389 383 2245 542 683 3156 208 208 436 404 456 222 686 220
internal_value=-8.62439e-05 0.0116769 -0.00615823 -0.0193705 0.0226729 -0.00526673 0.016229 0.0184277 0.067238 0.0157331 0.0134448 -0.0115105 -0.0172219 0.0186437 0.0112389 0.0224563 0.0343282 0.00230993 -0.000701914 0.00866367 0.0248189 -0.0181985 0.0394027 0.00177666 0.0566781 0.0676992 0.0366766 -0.00478795 0.0193796 0.0652203
internal_weight=165.893 130.071 26.3763 18.3125 8.06381 5.56388 103.694 99.1225 3.93276 95.1897 92.9588 35.8224 32.3058 5.3733 90.3274 39.362 27.2343 50.9654 49.9598 32.87 21.6908 17.0898 16.4773 5.53182 10.9455 9.31843 6.4373 12.1277 6.15503 2.63138
internal_count=28901 21243 5821 4370 1451 1308 15422 14891 545 14346 14277 7658 7442 1129 13798 3540 1652 10258 10140 6601 2843 3539 2151 750 1401 1306 892 1888 908 479
is_linear=0
shrinkage=0.05


Tree=135
num_leaves=31
num_cat=0
split_feature=10 21 20 19 13 2 12 15 9 0 3 13 5 5 21 13 7 17 11 15 20 10 1 1 7 1 20 11 20 21
split_gain=49.5331 62.9848 17.0751 13.2144 7.34611 7.70458 7.24755 7.64083 7.79832 4.13782 5.36725 5.5362 3.85382 5.58559 2.3935 2.0574 1.75719 1.62898 2.13539 1.96604 1.33328 0.889685 0.667897 1.57642 0.759694 0.512353 0.3528 0.971375 0.260222 0.157664
threshold=14.500000000000002 0.7256591603840471 6.780489744390251 2.5000000000000004 32.639944170141426 5.2544215514521078 -111.22547329670412 3.9378708286102166e-09 0.13349254223644549 190.69780999238455 33.424215478877656 18.12161870968789 -17.845882162283246 1.0322889867700502 0.029732198310055455 21.032560027963502 -0.16197844271919101 0.79129788574020055 -105.06344176377299 6.8460914806176039e-09 41.541395141797658 2.5000000000000004 751.3739194627907 790.77634060914158 0.33954006844580148 0.92711230713892612 2.3562746189955655 -102.66990783387799 8.3083276378800424 3.5144462225817454
decision_type=2 8 8 2 2 2 2 2 2 2 2 2 2 2 10 2 2 2 2 2 8 2 2 2 2 2 10 2 8 10
left_child=1 3 4 6 5 -3 14 8 -8 10 29 -12 -10 -14 -1 -5 -15 22 21 -20 -13 -19 25 -24 -25 -11 -6 -28 -27 -4
right_child=-2 2 9 15 26 -7 7 -9 12 17 11 20 13 16 -16 -17 -18 18 19 -21 -22 -23 23 24 -26 28 27 -29 -30 -31
leaf_value=-0.021725576507282195 0.046111119106200492 0.028406968839005339 -0.038473228843788843 0.0040528597319523093 -0.038143164667894969 -0.016361546708716656 -0.010657645757872806 0.031511387237345694 -0.0018807329998844662 -0.0069838340155576363 0.06014148011708359 0.011138680521209384 0.036785604107836677 0.019329113499350487 0.0068580117386381756 -0.039347781022645072 -0.0018050927175999798 -0.0055472121003021443 0.025300227963016866 -0.022030674228187455 -0.031826064842023383 -0.038984798727028126 0.0054166894722239133 -0.036957150552797441 -0.0066461407385324306 -0.013599887715470979 0.0022052997822908349 -0.033170832188085024 -0.040933778853783687 -0.0131717397823094
leaf_weight=17.016919904854156 43.254638999700546 22.028108227998018 7.9123568367213055 3.1227281298488423 8.1483136722818017 15.634326909668742 34.246363463811576 57.246125107631087 20.881709785666317 1.6090120831504453 3.1927868658676735 2.5108079398050922 34.180302358232439 18.729415483772755 11.696935648098586 14.019684489350764 19.300859749317169 2.871379682794216 3.3261475288309166 3.4552139081060886 3.1244457215070716 10.131187135819346 2.9045696039684143 14.707677523139866 2.9547405987977982 2.1345056151039898 3.3059623460285374 3.3274628152139485 123.6467821309343 2.1746933525428176
leaf_count=295 2438 302 733 329 438 214 367 524 226 233 214 229 337 204 203 1477 210 242 320 333 284 856 222 1082 217 312 202 203 18077 201
internal_value=0.000283032 -0.00922291 -0.0271494 0.00941415 -0.00188982 0.00988027 0.012847 0.0164747 0.00952199 -0.0341986 -0.011283 0.0162801 0.0169799 0.0223852 -0.0102428 -0.0316541 0.00883179 -0.0367005 -0.0213685 0.00145234 -0.0138893 -0.0325242 -0.0385933 -0.0271547 -0.0325143 -0.0402142 -0.0306047 -0.0175609 -0.0405809 -0.0346984
internal_weight=512.796 469.542 239.1 230.441 52.4442 37.6624 213.299 184.585 127.339 186.656 18.9151 8.82804 93.0923 72.2106 28.7139 17.1424 38.0303 167.741 19.7839 6.78136 5.63525 13.0026 147.957 20.567 17.6624 127.39 14.7817 6.63343 125.781 10.0871
internal_count=28901 28637 24642 3995 1311 516 2189 1691 1364 23331 1527 593 1007 713 498 1806 414 21804 1751 653 513 1098 20053 1574 1299 18479 795 405 18389 934
is_linear=0
shrinkage=0.05


Tree=136
num_leaves=8
num_cat=0
split_feature=21 20 7 1 1 3 3
split_gain=5.68195 3.04647 2.89072 2.23493 3.26576 0.838182 0.769352
threshold=0.75228651233371868 5.7203375950920803 0.16476233365769122 950.56252485243806 371.55627451530205 13.990203996331852 19.903513243275654
decision_type=8 8 2 2 2 2 2
left_child=1 -1 3 4 5 -3 -6
right_child=-2 2 -4 -5 6 -7 -8
leaf_value=-0.022498982023636774 -0.032731409207536234 0.033416141030399277 -0.018882505726177393 6.4406748078500304e-06 0.026218901198859296 -0.019785711086140537 0.11918087942802985
leaf_weight=1.1712635654548682 3.6602229583295403 0.21979140531039165 0.81760990072507411 1.1190411618881624 1.0085405304416795 0.88753706122224685 1.6991821144038111
leaf_count=710 9995 202 415 435 254 814 429
internal_value=-0.000967508 0.0371841 0.0508701 0.0636628 0.0784555 0.00162028 0.100966
internal_weight=10.5832 6.92297 5.7517 4.93409 3.81505 1.10733 2.70772
internal_count=28901 4194 2922 1916 1699 1016 683
is_linear=0
shrinkage=0.05


Tree=137
num_leaves=17
num_cat=0
split_feature=20 11 1 21 5 7 2 7 4 5 5 17 5 20 3 2
split_gain=17.1549 8.5119 5.07124 3.35179 4.58885 3.64661 3.31829 3.08139 6.57544 2.91423 2.17424 1.52444 0.966263 1.01089 0.734266 0.328159
threshold=2.3562746189955655 -81.76873362405199 142.28704808227954 0.011862585384144402 25.212019929739252 -0.25096107987502853 5.8010161323488303 0.08558398761677434 16.0452199744898 21.061892849493454 -36.925997893292809 11.037477435838026 -56.769616474043097 4.528915043210656 21.297761818879057 5.5506321694412009
decision_type=8 2 2 10 2 2 2 2 2 2 2 2 2 8 2 2
left_child=3 6 14 -1 5 -5 11 -7 -9 -8 -4 12 -2 15 -3 -14
right_child=1 2 10 4 -6 7 9 8 -10 -11 -12 -13 13 -15 -16 -17
leaf_value=-0.0017775749655018097 0.010316192353866166 0.021003204937041664 0.037568471462975636 -0.00052182925100475791 -0.0020766885943607686 0.050935714712290525 -0.021821761336614131 0.051873303358942795 -0.01202874206309275 0.069987494372067596 -0.030386999294556145 0.026567673815364415 -0.025048119799627785 -0.040396353285174706 0.095629787341895492 -0.0038389976085958094
leaf_weight=19.889301931369118 0.74552728224079956 1.2506222617812477 0.77915050880983683 7.6938926500733933 14.470869393320752 18.315532189328223 1.0705713160568855 6.5966755002737036 7.9268490525428206 0.66746395488735288 2.6327718365937463 0.34202936617657542 3.8697378446813682 30.195057336532045 1.1171650697942821 3.596451482269913
leaf_count=475 482 223 245 207 369 474 459 218 262 286 826 220 216 19726 200 200
internal_value=-0.000489671 -0.0226043 0.0304121 0.0157687 0.0220319 0.0304818 -0.0307232 0.0375464 0.0184678 0.0261202 -0.00987077 -0.0338659 -0.0350646 -0.0362065 0.0741538 -0.0164919
internal_weight=121.16 46.2665 5.77971 74.8931 55.0038 40.5329 40.4868 32.8391 14.5235 1.73804 3.41192 38.7488 38.4068 37.6612 2.36779 7.46619
internal_count=28901 27111 1494 1790 1402 1088 25617 849 480 745 1071 24872 24824 24603 423 416
is_linear=0
shrinkage=0.05


Tree=138
num_leaves=31
num_cat=0
split_feature=16 20 19 12 3 1 1 1 10 15 8 0 15 1 13 5 20 8 16 5 7 20 0 1 5 8 9 9 13 6
split_gain=31.9198 39.3333 19.9482 9.68809 9.37582 7.84975 10.037 6.50273 6.44332 4.56325 5.15527 5.10426 4.40629 4.15469 3.67791 5.83932 3.68534 3.50935 3.17825 5.3789 3.17454 3.13866 5.17162 3.88574 9.31833 4.69391 3.11434 5.54196 9.21482 4.89544
threshold=21.274836997293729 42.935671899378058 2.5000000000000004 -123.56602457468775 54.669656823439404 13.176988001787953 970.9031270305386 1037.5400207049954 2.5000000000000004 1.5364944555653749e-09 0.1147396087554139 523.51895498014358 2.3680410599304334e-07 437.81897968421259 23.145666156488151 3.9873858556310506 1.3053784027135953 0.05252673905711714 1.0305959579886638e-06 1.9231506267991014 -0.36897063821078818 43.982981424847161 160.37631664968353 67.943082952209963 40.824473432431255 0.064954244841742628 0.14492213452109762 0.26470397142530194 41.514724588676437 0.072919649414059609
decision_type=2 8 2 2 2 2 2 2 2 2 2 2 2 2 2 2 10 2 2 2 2 10 2 2 2 2 2 2 2 2
left_child=1 2 8 -3 13 18 12 -8 9 10 -1 -12 21 17 15 -10 -16 -4 19 -5 -15 22 -7 24 25 -23 -19 28 29 -28
right_child=-2 3 4 5 -6 6 7 -9 14 -11 11 -13 -14 20 16 -17 -18 26 -20 -21 -22 23 -24 -25 -26 -27 27 -29 -30 -31
leaf_value=0.0086852657355896475 -0.046233173499879043 -0.0076374083365988894 0.035105969572120255 0.030404844289854821 -0.020683960901146724 -0.023149355107784941 -0.022572155208288824 0.021013187670169065 -0.0011061889442502543 0.014809190424494689 -0.017741575160885543 0.0069366991445912705 -0.026515380986471427 -0.010369822553651452 -0.015428402792604188 -0.021820693611263181 -0.040129773961311607 0.020588223066758379 -0.031935637949414883 -0.014330801970356553 0.037615550018400487 -0.033220039633039815 0.04121765363474951 0.026687537902117232 -0.057974592794147489 0.028078219808424794 -0.010597059016060596 0.011074866015955772 0.015437631830856474 -0.068711867725563605
leaf_weight=33.923956776969135 35.203704871237278 38.004825124517083 10.695702238008378 10.527433463372294 22.223349737934768 2.6989816557615987 18.398743093013763 14.332093775272368 55.763941653072834 23.077080210670829 106.43309099972248 25.453352733515203 3.140614278614521 3.5794812301173833 31.302376229315996 86.706311533227563 32.321571070700884 25.530235284008086 6.7594208708032966 15.164559314027427 23.216320686042309 2.8618822712451282 51.88243515137583 126.1357486480847 3.8665676042437553 18.039041637443006 7.1292499518021968 44.778843188658357 11.41535025741905 7.4004704775288701
leaf_count=309 1133 2367 464 361 920 287 383 298 272 201 939 225 262 202 205 423 211 1097 210 521 1308 218 5522 9669 272 1375 216 1854 444 224
internal_value=1.4762e-05 0.00168931 -0.0063405 0.0158523 0.00876078 0.0191287 0.0222221 -0.00342996 -0.0123107 -0.0055962 -0.00850792 -0.0129624 0.0262438 0.0137705 -0.0184079 -0.0137771 -0.0284037 0.00919037 -0.00385524 0.00445222 0.031063 0.0271747 0.0376756 0.0231535 0.00481821 0.0185513 0.00597929 0.000492165 -0.0175058 -0.0427154
internal_weight=897.967 862.763 550.951 311.812 155.969 273.808 241.356 32.7308 394.982 188.887 165.81 131.886 208.625 133.746 206.094 142.47 63.6239 106.95 32.4514 25.692 26.7958 205.485 54.5814 150.903 24.7675 20.9009 96.2541 70.7239 25.9451 14.5297
internal_count=28901 28635 9213 19422 6456 19107 18101 681 2757 1646 1508 1164 17420 6150 1111 695 416 4640 1006 882 1510 17377 5809 11568 1743 1593 4135 2929 1010 440
is_linear=0
shrinkage=0.05


Tree=139
num_leaves=31
num_cat=0
split_feature=20 3 11 1 1 7 19 5 2 5 6 5 15 6 12 7 7 10 20 0 9 1 3 9 8 20 9 5 2 1
split_gain=5.15563 4.09767 3.93998 3.93802 8.54348 5.96284 4.88651 4.53494 5.34128 4.36916 9.59871 4.38737 4.34145 4.10275 3.53172 3.48496 3.43328 4.36507 3.27236 3.23786 3.01129 3.87103 3.42516 2.93157 4.22939 3.52071 3.16388 3.98049 3.55855 2.90091
threshold=1.3053784027135953 7.9505326112734256 -102.75028836962798 62.747651318965701 52.704013039366508 -0.20103433173061733 2.5000000000000004 33.152164272903356 5.5674260571832805 19.907087016737954 -0.0075217834007144093 -44.801913282109496 4.0215063214650103e-09 0.32276141607464576 -120.23515184502051 -0.0039946848287275563 0.40176133879923637 2.5000000000000004 149.21340263899552 293.13468262150553 0.23800604769771552 272.21377552757656 2.0153265397466202 0.21081660831352747 0.09386839141789062 16.566618968308504 0.1871392183968297 6.576430541810752 4.9499146940240761 4.780027304635456
decision_type=10 2 2 2 2 2 2 2 2 2 2 2 2 2 2 2 2 2 8 2 2 2 2 2 2 10 2 2 2 2
left_child=14 20 3 4 9 7 12 8 13 11 -11 -3 15 -5 -1 -7 23 19 -10 -18 21 -2 -23 26 25 -25 27 -4 -29 -16
right_child=1 2 16 5 -6 6 -8 -9 18 10 -12 -13 -14 -15 29 -17 17 -19 -20 -21 -22 22 -24 24 -26 -27 -28 28 -30 -31
leaf_value=0.014627477665414388 -0.031158192294565613 0.049915021876530616 -0.022485866897861639 0.069357379244494727 0.10108092109807494 -0.035233048566049328 -0.011149473476542781 -0.0023577420455260564 -0.010764810474658819 0.095391682764688235 -0.0069055352845398864 -0.01824048845209604 0.037469710318209469 -0.0012519943317941358 0.025288593553607908 0.012859288646875279 0.10079050249528479 -0.024731030063667475 0.055943347539200487 -7.8093756574856339e-05 -0.036829883925774923 0.078239556065883981 -0.0030342443406500331 0.070381594093326394 -0.033137658891248804 -0.014203739611306844 0.053671392971866176 -0.0074242155518819165 0.066336026784663521 -0.023523958317964253
leaf_weight=9.7416615008842182 2.8882460646564141 2.1237598818261256 8.6278613852336985 11.722929998533809 3.0816599280806258 4.1820755200460651 31.705359427840449 8.2380530694499594 6.4514482569647971 3.6275838357396433 4.2973427213728428 8.683601677301338 12.779594845371319 2.4122574240900576 2.5787446743343052 12.794291220954619 1.3805484453914714 1.3735013073310256 1.4552195337600995 1.1926104285521431 7.0386288124136627 1.4259567370172597 2.6311447058105841 1.1400796197122018 14.199648002861066 2.2713237972930074 2.0367288484703749 3.0318111546803275 2.1480362745933235 28.101253544329666
leaf_count=1788 600 234 1548 1062 291 256 3536 786 929 271 321 957 649 219 607 784 259 230 209 224 1516 274 506 205 2583 408 361 451 320 6616
internal_value=-0.000356727 0.0091913 0.0116062 0.016208 0.0349224 0.0114295 0.00234504 0.0292046 0.0405912 0.0194676 0.0453619 -0.00175408 0.0166186 0.0580209 -0.0105489 -0.000289021 -0.00242349 0.0366038 0.00641539 0.0671018 -0.015912 0.00725422 0.0353538 -0.00795617 -0.021467 0.0236109 0.00744399 -0.00253892 0.0289482 -0.0187524
internal_weight=205.363 164.941 150.957 113.555 21.8139 91.7412 61.4613 30.2799 22.0419 18.7323 7.92493 10.8074 29.756 14.1352 40.4217 16.9764 37.4021 3.94666 7.90667 2.57316 13.984 6.94535 4.0571 33.4555 17.6111 3.4114 15.8444 13.8077 5.17985 30.68
internal_count=28901 21480 18469 11801 2058 9743 6855 2888 2419 1783 592 1191 1510 1281 7421 1040 6668 660 1138 483 3011 1444 780 6008 3203 613 2805 2478 771 7223
is_linear=0
shrinkage=0.05


Tree=140
num_leaves=31
num_cat=0
split_feature=21 10 11 0 10 6 17 17 8 15 3 3 13 21 21 15 5 1 1 9 21 2 21 5 20 20 9 21 8 3
split_gain=5.6488 4.03385 4.30471 5.46319 4.53505 7.03746 7.25231 5.21624 4.93681 4.28867 4.67634 4.67124 4.15287 5.10835 6.42676 4.01333 3.87218 4.00262 4.28445 5.10212 3.50543 4.30329 5.39731 8.45218 4.69929 8.37253 4.57807 3.46417 3.34183 4.81926
threshold=0.22263645563770154 5.5000000000000009 -108.20828876515598 576.23355792397558 3.5000000000000004 -0.23443587353984438 1.0000000180025095e-35 1.8838551127732854 0.22008367336294479 1.4627684554571115e-09 7.3194466635838156 43.957074715818358 20.578503213123025 1.8273303894542952 2.0943699962124005 1.3825823835592871e-08 -46.513005515764092 2.8837109234001854 811.50581098087707 0.1871392183968297 3.3529560023888902 5.1282847159506018 0.56029386686749461 20.687319053081403 68.742823115392625 24.106935118450803 0.20713026708365281 0.67203394054469012 0.4134865702846558 36.057828924272059
decision_type=10 2 2 2 2 2 2 2 2 2 2 2 2 8 10 2 2 2 2 2 8 2 8 2 10 8 2 10 2 2
left_child=16 2 3 4 15 -6 8 -8 -7 10 -4 20 13 -11 -15 27 -1 -18 -19 -20 21 24 -23 -24 25 -12 -25 -2 29 -29
right_child=1 -3 9 -5 5 6 7 -9 -10 12 11 -13 -14 14 -16 -17 17 18 19 -21 -22 22 23 26 -26 -27 -28 28 -30 -31
leaf_value=0.03912997518542688 0.066966052231774667 -0.028033701813747619 -0.027064155216627209 -0.0081203890416812023 -0.0063541083578554708 -0.021056549996594408 0.12158988211394664 0.024539375381814787 0.058578704470163827 -0.014623932407904161 0.030032054260177334 -0.03157381089643007 -0.029460116507077718 0.11556210874707727 -0.0087281207058080516 -0.031860723089551853 0.041780139481298363 -0.034897414844560153 0.03659266093228055 -0.024484788752340864 -0.027619463142044432 0.070565685591086211 -0.018666157346127765 0.11345525094490212 -0.0026636885831033798 0.13820207195247911 -0.0024925516326003965 -0.028820062061412629 0.048273316306110522 0.019893227556829762
leaf_weight=2.5766274149063966 3.0324022306594989 5.2682663693558425 5.0890848273411384 11.838329891208557 4.2460345444269523 3.1758970613591373 5.0051254425197849 2.5893843721132725 2.8330412351060659 5.818042023456659 5.6945447558537241 2.9584801066666842 13.910144525812939 1.1551491019781683 1.7604286374989895 2.8559187646023929 1.8686597765190516 18.793793471297256 5.1610999865224576 6.6936256213812158 1.9415510434191663 2.4513240252854338 11.461549572646616 1.1928443663055091 2.5868337549036369 2.2697653990471727 1.322863132227212 5.8960468462901252 5.4973427265649661 18.581131521961652
leaf_count=562 329 858 1201 1313 346 246 386 200 219 781 558 692 2877 215 328 306 420 4430 294 381 448 656 3311 229 380 222 254 667 610 2103
internal_value=-8.9996e-05 0.0114543 0.0133254 0.0220716 0.0287528 0.0488881 0.0653851 0.0952054 0.0194901 0.0035025 0.0138613 0.0210188 -0.0132805 0.0128681 0.0574526 0.0176768 -0.0109124 -0.0159269 -0.0206543 0.00288409 0.0272741 0.0320704 0.0145701 0.000693759 0.0556988 0.0728376 0.0691183 0.0227739 0.0162855 0.00748856
internal_weight=165.525 130.432 125.163 65.5507 53.7123 17.8495 13.6034 7.59451 6.00894 59.6126 36.9688 31.8798 22.6438 8.73362 2.91558 35.8628 35.0938 32.5172 30.6485 11.8547 28.9213 26.9797 16.4286 13.9773 10.5511 7.96431 2.51571 33.0069 29.9745 24.4772
internal_count=28901 21243 20676 7269 5302 1455 1051 586 465 13407 8724 7457 4683 1172 543 3847 7658 7310 7224 675 6677 5949 4398 4038 1551 780 483 3578 3325 2770
is_linear=0
shrinkage=0.05


Tree=141
num_leaves=31
num_cat=0
split_feature=10 21 20 19 9 12 15 9 5 13 2 3 4 5 21 6 21 13 11 9 7 12 5 1 9 2 9 1 20 17
split_gain=45.0502 58.0009 16.1856 11.9503 6.99052 6.53638 6.94316 7.11246 5.28539 4.19592 4.42326 6.1708 3.48792 5.00909 3.15806 3.08938 2.24676 2.03188 1.81682 3.78198 1.87853 2.62748 1.62885 0.688971 0.69099 0.428339 0.349472 0.516527 0.347108 0.196787
threshold=14.500000000000002 0.7256591603840471 6.780489744390251 2.5000000000000004 0.43437640898072699 -111.22547329670412 3.9378708286102166e-09 0.13349254223644549 34.422054842850805 24.680225099050549 4.6477937739410029 33.424215478877656 12.154117837716752 1.0322889867700502 1.5458097811977554 -0.010825765547146203 0.029732198310055455 21.032560027963502 -96.068437505610433 0.2228596735667159 0.34658562273499266 -108.2502061887854 17.751671890218205 0.92711230713892612 0.00379979468035252 3.8474093132952647 0.39591921107519129 294.54525376187559 8.3083276378800424 2.5065462800409839
decision_type=2 8 8 2 2 2 2 2 2 2 2 2 2 2 10 2 10 2 2 2 2 2 2 2 2 2 2 2 8 2
left_child=1 3 4 5 8 16 7 -7 14 10 11 -4 -9 -14 15 -3 -1 -5 20 -20 26 -22 -15 -11 -25 -26 29 -28 -27 -12
right_child=-2 2 9 17 -6 6 -8 12 -10 23 18 -13 13 22 -16 -17 -18 -19 19 -21 21 -23 -24 24 25 28 27 -29 -30 -31
leaf_value=-0.02132681823653387 0.045228233714299376 -0.026670772367787407 -0.030438685827642521 0.0041611318868940176 0.034705587642103748 -0.010577845710435664 0.029617393786836879 -0.0021229719706164474 0.020667221720866252 -0.0019023554723943137 -0.041397601218545278 0.035117225808754628 0.034416520097586639 -0.0022845141335680517 -0.039964198801439255 0.0097199050428614896 0.0063965290477767684 -0.039187718863591132 0.033476159961342199 -0.033613764453502511 -0.033645637365442432 0.019095491156592266 0.017977034892021081 -0.0022210400793974713 -0.0098264052521057667 -0.01230933174426263 -0.030187567818840438 0.0004214669715723123 -0.041560430903808281 -0.022887738336124421
leaf_weight=16.798052634112544 40.813140317797661 10.284745171200488 5.9881350826472035 3.1112530622631356 9.4273044578731042 34.187228109221905 57.639916367363185 20.937574587762356 9.4408320458605868 1.2861156314611424 29.091794671490788 6.392675930634141 34.670107775367796 19.052551236003637 11.737121537793426 11.273091963492332 11.771736261900513 13.299979929812251 2.8268658760935095 3.6710650892928243 3.8156380197033295 3.7222912642173469 19.247925071511418 1.3002969496883441 1.8414113605394948 2.0576341180130839 2.3499416336417207 2.2955722054466605 105.31078170752153 6.0886324164457619
leaf_count=293 2351 223 298 342 237 364 525 225 254 210 2411 319 339 206 363 245 205 1464 216 280 310 303 208 214 304 343 205 200 17544 504
internal_value=0.000290644 -0.00897407 -0.0266777 0.00872901 -0.00212628 0.0119177 0.0153362 0.00873037 -0.010859 -0.0338189 -0.0232228 0.00350507 0.0157969 0.0208979 -0.0201402 -0.00805395 -0.0100738 -0.0312026 -0.0293184 -0.00385484 -0.0326599 -0.00841548 0.00809627 -0.0398359 -0.0402563 -0.0406849 -0.0369302 -0.0176667 -0.0411186 -0.0389153
internal_weight=501.731 460.918 230.202 230.716 52.1631 214.305 185.735 128.095 42.7358 178.039 66.2426 12.3808 93.9082 72.9706 33.295 21.5578 28.5698 16.4112 53.8618 6.49793 47.3639 7.53793 38.3005 111.796 110.51 109.21 39.8259 4.64551 107.368 35.1804
internal_count=28901 28637 24642 3995 1311 2189 1691 1364 1150 23331 5046 617 1007 713 1031 468 498 1806 4429 496 3933 613 414 18285 18204 18053 3320 405 17887 2915
is_linear=0
shrinkage=0.05


Tree=142
num_leaves=8
num_cat=0
split_feature=20 20 7 0 19 0 9
split_gain=5.28903 3.76142 2.56875 2.29939 3.63594 1.50327 0.602972
threshold=16.121959567414155 5.7203375950920803 0.16476233365769122 407.71708414692358 2.5000000000000004 293.13468262150553 0.088350190675754461
decision_type=8 8 2 2 2 2 2
left_child=1 -1 3 5 -5 -3 -6
right_child=-2 2 -4 4 6 -7 -8
leaf_value=-0.024598403666063241 -0.032443283336296161 0.042158862244316947 -0.017565432337847114 0.11106994070755079 0.026817925392054267 -0.022372614506197923 -0.017908759567399513
leaf_weight=1.4382242756473749 3.5147055394118061 0.66074673424737018 0.71855301896721357 2.127839837761714 0.33569984745554471 1.0454066442980545 0.73801345899846638
leaf_count=879 9602 211 242 481 200 333 440
internal_value=-0.000937444 0.0354883 0.0522423 0.0637063 0.0838033 0.00896257 0.00226407
internal_weight=10.5792 7.06448 5.62626 4.90771 3.20155 1.70615 1.07371
internal_count=28901 4319 1898 1268 724 544 640
is_linear=0
shrinkage=0.05


Tree=143
num_leaves=15
num_cat=0
split_feature=20 2 12 5 16 1 5 20 1 12 3 16 7 20
split_gain=15.2933 10.5193 3.63694 4.40205 3.75411 3.18388 5.0824 4.09164 4.44352 4.82302 3.18315 1.93009 1.40829 1.25968
threshold=4.528915043210656 4.4969804159043507 -70.990920784017291 27.061013354462755 1.0000000180025095e-35 174.31786986738854 2.538456127386397 1.0183291502908953 839.95475992628315 -116.09967596130706 14.572345772661203 73.358885894741704 -0.12203482865649561 0.47894238492311508
decision_type=8 2 2 2 2 2 2 10 2 2 2 2 2 10
left_child=5 2 3 4 -2 6 -1 10 9 -9 -7 -3 -11 -12
right_child=1 11 -4 -5 -6 7 -8 8 -10 12 13 -13 -14 -15
leaf_value=0.07177852624658157 0.094650948520123263 -0.040332377908657839 -0.026271269827132494 -0.023197597401531711 -0.0024052603216639921 0.017395332126145139 0.0023460584852693454 0.03283145126975958 0.036448516887163412 -0.024526266703307084 -0.032175869617358493 0.032304631162018073 0.0017961291547908889 -0.0060356562314181732
leaf_weight=4.5060216112760818 2.5945374637376553 28.935088424535937 1.6747118530329308 1.2344308672472832 1.3112052862998096 8.7321609299397114 5.1899688786361367 9.435532205738129 18.095532272476703 7.4993781169178027 7.5448377089342129 0.23831251356750727 12.32602319854777 11.289710844517685
leaf_count=201 460 25024 351 243 233 310 231 200 317 200 256 206 330 383
internal_value=-0.000492812 -0.0258132 0.0272001 0.0460629 0.0682195 0.0126608 0.0383075 0.00888102 0.0176625 0.00522426 -0.00629474 -0.0386881 -0.00886047 -0.0176013
internal_weight=120.607 35.9883 6.81489 5.14017 3.90574 84.6192 9.69599 74.9232 47.3565 29.2609 27.5667 29.1734 19.8254 18.8345
internal_count=28901 26660 1430 1012 693 2241 432 1809 829 620 980 25230 530 639
is_linear=0
shrinkage=0.05


Tree=144
num_leaves=31
num_cat=0
split_feature=16 20 19 12 3 1 1 1 13 1 20 21 3 11 20 21 0 1 7 15 8 9 9 6 7 6 20 0 1 5
split_gain=28.9711 34.854 17.1762 8.76683 8.37918 7.46467 9.37908 5.98956 5.94456 4.52076 4.8143 7.09146 9.31782 5.50804 5.30462 5.19137 4.63257 4.45879 4.24558 4.09614 3.63269 3.67252 6.28897 4.74501 3.52794 3.21026 3.13932 5.07569 3.7991 8.35155
threshold=21.274836997293729 42.935671899378058 2.5000000000000004 -123.56602457468775 57.873578278531802 13.176988001787953 970.9031270305386 1015.793849819555 15.534684945666465 153.79100135998604 1.3053784027135953 0.7256591603840471 22.681323361075954 -103.02004185032099 21.449195254958756 0.029732198310055455 490.14945025768407 341.55937810804852 -0.40576117859604638 2.3680410599304334e-07 0.05252673905711714 0.14492213452109762 0.23429021797581487 -0.080849320534073663 0.093034464129901032 -0.065365955195785461 43.982981424847161 160.37631664968353 67.943082952209963 40.824473432431255
decision_type=2 8 2 2 2 2 2 2 2 2 10 10 2 2 10 10 2 2 2 2 2 2 2 2 2 2 10 2 2 2
left_child=1 2 8 -3 17 -5 19 -8 -1 -10 13 15 -13 16 -14 -12 -11 20 -19 26 -4 -22 23 -23 -9 -15 27 -7 29 -28
right_child=-2 3 4 5 -6 6 7 24 9 10 11 12 14 25 -16 -17 -18 18 -20 -21 21 22 -24 -25 -26 -27 28 -29 -30 -31
leaf_value=-0.030888949325909576 -0.04554342768544431 -0.0070836801196645198 0.034261722459761675 -0.0040837119585954854 -0.023391939395063358 -0.022502197430868988 -0.027530051259056505 -0.003384429764682069 0.0089976684932963555 -0.0055304582682696333 -0.013208749873099924 0.014597864055852953 -0.0030898305689902347 -0.0019835746099669672 -0.04205939518282991 -0.037171424390544661 0.020405794874618754 -0.020699270326466776 0.031792825998434492 -0.025070440285192938 0.020054052100360736 0.0012236201285989188 0.0067639522379269309 -0.049200815118359872 0.0385836008432206 -0.019807470557515063 0.017811036576467123 0.041135537322601334 0.02602034588052787 -0.053573515614582484
leaf_weight=35.037236568517983 33.00290597230196 38.318116782233119 9.5615662205964309 32.253748438321054 17.592867894098163 2.7348184939473859 13.611262465827165 11.480872485786678 29.572093727067113 39.464612672105432 43.81364303547889 31.613520227372646 17.786850331351161 42.971085449680686 16.486391158774495 49.689081663265824 29.106757158413529 3.622607751749455 35.342088188976049 3.1867103651165962 22.57322789169848 8.1712112380191719 46.59986390080303 9.7291213506832701 7.6860465565696359 61.156003806740046 20.231896484270695 48.200491438619792 121.0009176870808 4.0821516560390592
leaf_count=244 1077 2458 404 2330 741 312 283 340 214 275 221 428 216 212 200 250 202 201 1957 278 941 303 1852 361 227 302 1450 5497 9632 293
internal_value=1.32939e-05 0.00151919 -0.00598072 0.0151146 0.00820215 0.0183454 0.0214649 -0.00323731 -0.0114646 -0.00950277 -0.0111723 -0.0174173 -0.00474574 -0.00534149 -0.0224962 -0.0262015 0.00561387 0.0124424 0.0265167 0.0255207 0.006554 0.00315694 -0.00297245 -0.027336 0.0145237 -0.0125408 0.0264651 0.0373512 0.0224201 0.00418319
internal_weight=885.68 852.677 549.89 302.787 153.193 264.469 232.215 32.7782 396.697 361.66 332.088 159.389 65.8868 172.698 34.2732 93.5027 68.5714 135.6 38.9647 199.437 96.635 87.0734 64.5002 17.9003 19.1669 104.127 196.25 50.9353 145.315 24.314
internal_count=28901 28635 9213 19422 6456 19107 18101 681 2757 2613 2353 1362 891 991 416 471 477 6245 2158 17420 4087 3629 2563 664 567 514 17377 5809 11568 1743
is_linear=0
shrinkage=0.05


Tree=145
num_leaves=31
num_cat=0
split_feature=20 3 11 1 1 7 7 21 12 7 3 19 0 5 12 11 9 17 16 8 7 16 10 7 9 1 7 10 8 3
split_gain=4.70335 3.67054 3.4364 3.4629 7.1999 5.35223 4.51493 7.25526 5.00109 4.2971 6.61594 5.67192 4.72217 3.96644 6.00261 5.3357 4.55482 3.74924 7.30887 3.29514 5.24007 4.24916 5.08277 3.44025 4.80323 3.56508 3.20588 4.01719 3.0447 3.30509
threshold=1.3053784027135953 7.9505326112734256 -102.75028836962798 62.747651318965701 52.704013039366508 -0.20103433173061733 -0.015926538370726752 0.81245566011013159 -123.56602457468775 0.042327484692073238 56.175088511826957 4.5000000000000009 452.95593458962355 33.152164272903356 -126.16484913710499 -120.71817642107548 0.42429057272692278 2.1316282072803012e-14 4.4276492678901329 0.25365004255388618 -0.22444753090587352 1.0305959579886638e-06 1.5000000000000002 0.35788127504903749 0.13866686834417766 234.38705736971954 0.40176133879923637 2.5000000000000004 0.12215082163761239 21.459458062544702
decision_type=10 2 2 2 2 2 2 10 2 2 2 2 2 2 2 2 2 2 2 2 2 2 2 2 2 2 2 2 2 2
left_child=19 -2 3 4 9 13 -7 8 -8 11 12 -3 -11 14 -5 -16 28 -9 -19 20 -1 22 23 24 -22 -26 -4 -28 -17 -30
right_child=1 2 26 5 -6 6 7 17 -10 10 -12 -13 -14 -15 15 16 -18 18 -20 -21 21 -23 -24 -25 25 -27 27 -29 29 -31
leaf_value=-0.035994702951630354 -0.015164897157658775 -0.023109292026049316 -0.007466486315446952 0.10725137287927185 0.091187975809697466 -0.020069202960808386 0.083177521385497652 -0.014148105914211621 0.018384748354730637 0.10499062956849695 -0.018144212934240466 0.050324554599983931 0.012212825574005668 -0.0021821279886262575 -0.032590571077283095 0.0040153200093827552 -0.0070528711079138667 0.0575212890230982 -0.031956084878936648 -0.025053615905229212 -0.0017629756207264689 0.079757079601235292 -0.028669429116411928 -0.026401099169451294 0.01644877012244899 0.10994326631492866 0.063630056272851052 -0.024428353563933539 0.0029731579778486178 0.073240316332927755
leaf_weight=5.2636671941727426 13.568422063719479 8.2856539589120146 32.959828162682243 1.8815198689699233 3.3709472524933517 15.707683039596303 3.4421485252678403 22.814779109787199 11.701614674180744 2.9992148248711601 2.5647385844495147 2.6704121297225356 2.5377001136075705 8.1973697638604772 2.4842495885677733 3.105934259481729 4.3754156195791438 4.8555338325677448 2.9183108499273658 18.231687795952894 3.6846369953127613 1.3703111141221596 5.3718100748956203 1.6458908142521975 2.2163910632953057 1.8987239522393791 2.685877187643201 1.3352152149891481 2.1233065855922186 8.7927705058827978
leaf_count=918 1762 747 5943 200 309 1753 219 3057 743 383 252 241 324 765 286 389 556 482 290 3409 772 234 970 361 461 394 441 219 257 1065
internal_value=-0.000360299 0.0089734 0.0112159 0.0154536 0.0327424 0.0109515 0.00227999 0.0102215 0.0373521 0.0183736 0.0437729 -0.00249857 0.0708416 0.0275499 0.0378981 0.0270332 0.0363495 -0.00396757 0.0241176 -0.0100145 0.00331389 0.0174462 0.00700564 0.0280966 0.04129 0.0726476 -0.00200294 0.0353483 0.0494606 0.060969
internal_weight=205.062 165.379 151.81 114.829 22.4287 92.4006 61.4401 45.7324 15.1438 19.0577 8.10165 10.9561 5.53691 30.9606 22.7632 20.8817 18.3974 30.5886 7.77384 39.6831 21.4514 16.1878 14.8175 9.44564 7.79975 4.11512 36.9809 4.02109 14.022 10.9161
internal_count=28901 21480 18469 11801 2058 9743 6855 5061 962 1783 795 988 707 2888 2419 2402 2337 4099 772 7421 3741 2762 2675 2070 1635 855 6668 660 1756 1322
is_linear=0
shrinkage=0.05


Tree=146
num_leaves=31
num_cat=0
split_feature=20 3 8 1 21 17 17 16 0 5 2 3 3 9 9 6 1 11 12 1 21 13 3 7 0 1 7 0 10 1
split_gain=5.19872 4.13664 6.30358 4.12296 4.33399 4.00838 4.01229 6.40056 3.78504 3.78096 3.71011 3.6065 3.34792 3.25053 4.8538 3.26086 3.40892 6.23171 5.01391 3.83234 3.03827 2.81665 5.41811 5.67028 5.21907 6.13105 4.47554 4.80856 6.13945 5.21139
threshold=0.87237327942997267 14.572345772661203 0.41761488335448421 7.2287652825019606 1.5852988216045352 2.7906489684097502 1.686067760157741 6.485813718313965 485.16634563078708 58.624593675095007 5.1005015623409315 15.744685529427501 62.421723189207903 0.49080079384941838 0.44931227344593522 -0.41496582169055868 883.2628233153406 -99.118836506842243 -100.84812347606062 673.74091845486112 0.3670215638358581 41.147850943467887 23.393774608406002 -0.1541701785743825 559.8520192677521 129.92889339680355 -0.20520360936107448 535.24129519341261 3.5000000000000004 57.574248050374955
decision_type=10 2 2 2 10 2 2 2 2 2 2 2 2 2 2 2 2 2 2 2 10 2 2 2 2 2 2 2 2 2
left_child=3 2 20 -1 12 6 9 -8 10 11 -4 -3 -5 14 15 -13 17 19 -18 21 -2 26 -23 24 25 -24 -17 28 29 -28
right_child=1 5 8 4 -6 -7 7 -9 -10 -11 -12 13 -14 -15 -16 16 18 -19 -20 -21 -22 22 23 -25 -26 -27 27 -29 -30 -31
leaf_value=0.031251398567698679 0.022076378750275183 0.060701747190055555 0.0017606130150003511 -0.031299802230690094 0.051477362156517339 -0.026642128002845794 0.10041416095598331 -0.010035079773379037 -0.024911859966940734 0.065383392039929752 0.085914419742402631 -0.018606152027410668 0.0306523608694526 0.064831608932249138 -0.026718643925209951 -0.029060205917814719 0.01146971795414432 -0.031253121456029667 0.059275386516833464 -0.025623477093546777 -0.028752763400328181 0.081818547657469917 0.059997176637914811 -0.0028863405317644613 0.1101343107525493 -0.022474895799355799 0.046390323255409267 -0.031468868625405863 0.063027680288865948 -0.034522488091587006
leaf_weight=3.6295735958265167 2.7499155341647628 2.7824301795335478 2.1883789392886701 21.289194634184248 1.0422980000730602 4.7160108817042783 2.4269708525389442 1.8552011480787767 1.4479130159597842 2.5753568375948817 2.4285611312370747 6.9831789328018194 1.6236509811133144 1.7065179230412466 7.8048185296356678 5.760369995143269 14.280142486561093 7.5639507170999449 8.5910615214379487 4.430310006486252 16.943725726450793 3.3701537788147133 3.7748756135115489 12.665081438492047 1.5653828863287342 3.5089321319246665 2.2663990909932181 2.918035794631578 6.4466536419931799 4.1025836701737717
leaf_count=941 686 406 305 6341 302 667 313 239 235 369 339 1009 484 248 1132 798 568 1389 341 729 4228 637 499 2196 222 463 263 404 746 476
internal_value=-8.70408e-05 0.0106012 -0.00724827 -0.0128535 -0.0205206 0.0147308 0.0167769 0.0597224 0.0338569 0.0144365 0.0534413 0.0125001 -0.0258115 0.010527 0.0089038 0.0123192 0.0151712 0.00848822 0.0311577 0.0148936 -0.0209314 0.0192231 0.0303578 0.0190206 0.0474839 0.0223498 0.00555555 0.0192083 0.0321897 -0.00334165
internal_weight=165.438 137.853 25.7585 27.5847 23.9551 112.094 107.378 4.28217 6.06485 103.096 4.61694 100.521 22.9128 97.7384 96.0319 88.2271 81.2439 58.3727 22.8712 50.8088 19.6936 46.3785 24.8844 21.5143 8.84919 7.28381 21.494 15.7337 12.8156 6.36898
internal_count=28901 21750 5900 7151 6932 15850 15307 552 986 14755 644 14683 6825 14201 13927 12747 11627 10718 909 8359 4914 7682 4704 3730 1253 962 2978 2177 1484 739
is_linear=0
shrinkage=0.05


Tree=147
num_leaves=31
num_cat=0
split_feature=13 21 10 19 11 5 10 4 1 2 21 0 21 20 8 20 11 8 11 7 17 10 9 5 8 20 20 1 21 2
split_gain=41.3246 26.5944 25.3951 28.8991 12.6175 7.80617 7.3861 6.43791 5.19705 4.86327 4.49631 6.41367 6.07176 3.48059 3.41384 3.92135 2.61808 2.19789 1.14249 1.82452 1.0757 2.26939 2.81144 1.38088 1.54417 0.946577 4.38968 0.839274 0.611736 3.37763
threshold=33.18923079133652 0.068908731591709863 14.500000000000002 2.5000000000000004 -109.10109310553399 34.040744419176306 4.5000000000000009 15.410501975159553 262.53566713890058 4.3843758502084169 0.043232463202910056 293.13468262150553 0.7256591603840471 16.121959567414155 0.38986446954675552 4.528915043210656 -101.44533303028798 0.24613519373567441 -104.51412789957799 -0.11049127033841087 0.95293905370384613 2.5000000000000004 0.1871392183968297 4.6440446586729012 0.28411606042141052 3.2166863544211104 21.449195254958756 0.92711230713892612 1.2613081747017152 5.2326738646542639
decision_type=2 8 2 2 2 2 2 2 2 2 10 2 10 8 2 10 2 2 2 2 2 2 2 2 2 10 10 2 8 2
left_child=2 7 3 4 5 25 8 -2 16 -5 -10 -12 -13 14 18 -16 -6 -9 19 -3 28 22 -22 24 -23 -1 -27 -15 29 -11
right_child=1 13 -4 9 6 -7 -8 17 10 20 11 12 -14 27 15 -17 -18 -19 -20 -21 21 23 -24 -25 -26 26 -28 -29 -30 -31
leaf_value=-0.038427317461536797 -0.018121553766765729 0.0064648820485517927 0.044385720869783984 0.025861604091995023 0.016791974834914233 0.011278220503462106 -0.0063444361815128822 0.0042389005183247471 0.016344600132917407 0.01879721896974252 0.012923823729512507 0.069926084152590134 0.025431393751481204 0.00099179649019070864 -0.023930068046427146 0.031993122526112333 -0.018561350284928637 0.027714633358258963 -0.038944333455495778 -0.031460178153451215 0.036666524201543309 -0.028317453223811712 -0.022132931994632735 -0.038975928667083853 0.022427668716444773 0.022432735409242469 -0.037636669336930731 -0.041448306821940277 -0.040676772100306215 -0.037699846080142603
leaf_weight=14.458602129016075 19.319107260089368 4.8346381559968004 38.45232068002224 3.2719320538453749 9.0571885667741334 19.47925559990108 26.599983172025532 19.912314617075026 57.077426920644939 2.965307387523354 19.04649492027238 17.483739542774856 16.131137162446976 1.1334084449335922 5.7831176826730362 4.8323595207184553 9.9354711822234076 19.863675835542381 17.229176749940965 6.8480279687792045 2.6773803150281346 2.0496791410259938 3.5735156377777457 10.753095549065618 1.9681723066605625 3.9288272997364393 7.4528784384019673 88.929103696718812 27.902557606808841 8.4714304786175472
leaf_count=454 209 290 1271 348 205 434 335 201 608 334 291 246 227 205 241 201 225 201 921 411 255 208 341 940 200 203 385 16064 3285 954
internal_value=0.000299814 -0.0227823 0.00696588 0.00137465 0.010695 -0.0123195 0.0174456 0.0049698 0.0223723 -0.0277255 0.0265173 0.037033 0.0499255 -0.0353789 -0.0220796 0.00208988 -0.00170548 0.0163546 -0.0307271 -0.0164934 -0.0310044 -0.0201739 0.00463549 -0.0303011 -0.00394391 -0.0298657 -0.0167643 -0.0409092 -0.0361483 -0.0227178
internal_weight=491.421 188.685 302.736 264.284 200.651 45.3196 155.331 59.0951 128.731 63.6331 109.739 52.6614 33.6149 129.59 39.5273 10.6155 18.9927 39.776 28.9118 11.6827 60.3611 21.0218 6.2509 14.7709 4.01785 25.8403 11.3817 90.0625 39.3393 11.4367
internal_count=28901 18894 10007 9743 2969 1010 1959 638 1599 6774 1169 804 473 18256 1987 442 430 402 1545 701 6518 1887 596 1291 408 812 588 16269 4631 1288
is_linear=0
shrinkage=0.05


Tree=148
num_leaves=8
num_cat=0
split_feature=20 20 7 0 19 0 8
split_gain=4.8751 3.4578 2.32547 1.9654 2.9321 1.43905 0.602418
threshold=16.121959567414155 5.7203375950920803 0.16476233365769122 407.71708414692358 2.5000000000000004 293.13468262150553 0.1369588784727043
decision_type=8 8 2 2 2 2 2
left_child=1 -1 3 5 -5 -3 -6
right_child=-2 2 -4 4 6 -7 -8
leaf_value=-0.024364281626744519 -0.032081736364818716 0.040844285595475135 -0.017332385229468759 0.10092264548730508 0.027101885719609281 -0.022171648765505848 -0.017744716257877474
leaf_weight=1.4053572569318964 3.3446156916979808 0.68457104318076933 0.70240327166538918 2.3279237946189841 0.33103663848305664 1.0279438370343994 0.72438237910682801
leaf_count=843 9164 217 230 498 201 327 439
internal_value=-0.000906366 0.0337739 0.0493764 0.0599063 0.0778716 0.00878972 0.00266365
internal_weight=10.5482 7.20362 5.79826 5.09586 3.38334 1.71251 1.05542
internal_count=28901 4319 1898 1268 724 544 640
is_linear=0
shrinkage=0.05


Tree=149
num_leaves=18
num_cat=0
split_feature=20 11 1 2 3 20 8 8 9 10 5 17 5 21 1 6 3
split_gain=13.9409 7.99934 4.49937 3.2788 3.1994 2.63916 2.60037 4.48919 3.60123 2.32869 2.01048 1.53147 0.93527 0.958138 1.3074 1.80045 0.800525
threshold=2.3562746189955655 -81.76873362405199 142.28704808227954 5.8010161323488303 8.398018070654647 3.2166863544211104 0.18760680264704013 0.28411606042141052 0.20350165602927109 3.5000000000000004 -36.925997893292809 11.037477435838026 -56.769616474043097 0.45538001125295807 104.87054510479602 0.32620525675888074 22.135089076317854
decision_type=8 2 2 2 2 8 2 2 2 2 2 2 2 8 2 2 2
left_child=4 3 16 11 -1 -5 9 -8 -9 -6 -4 12 -2 14 -14 -16 -3
right_child=1 2 10 5 6 -7 7 8 -10 -11 -12 -13 13 -15 15 -17 -18
leaf_value=-0.01195740278517652 0.0099872825569991622 0.019122355301909394 0.034985467482757382 0.067205110422647985 -0.010085735203292985 -0.020906718738909688 0.047103730472353965 0.030184374488636773 -0.0033879086342576241 0.021100386488817388 -0.030018666043205695 0.027366271744113685 0.019792021709305403 -0.040266241508115745 -0.037727068397324065 0.017795817044805644 0.090246084707149454
leaf_weight=9.7979758652509172 0.75440291978884388 1.3188192737288795 0.8371786748757607 0.69825018133269801 12.848346466431396 0.99637993884971265 14.01977733359672 14.56658244575374 16.036138011142612 9.5821218795608729 2.5171214460278852 0.32660527201369405 1.2348056713817648 27.088201594364364 4.9938895697705457 1.2700787460198624 1.2011838273610917
leaf_count=228 530 221 267 307 304 438 287 293 323 227 804 228 210 19269 834 212 202
internal_value=-0.000497361 -0.0213533 0.0293389 -0.0298804 0.0137974 0.0268658 0.0176811 0.0245414 0.0130416 0.00356869 -0.00948597 -0.0332356 -0.0345333 -0.0357577 -0.0166498 -0.0255692 0.069031
internal_weight=120.088 43.2369 5.8743 37.3626 76.8509 1.69463 67.053 44.6225 30.6027 22.4305 3.3543 35.668 35.3414 34.587 7.49877 6.26397 2.52
internal_count=28901 27111 1494 25617 1790 745 1443 912 616 531 1071 24872 24824 24603 1275 1046 423
is_linear=0
shrinkage=0.05


Tree=150
num_leaves=31
num_cat=0
split_feature=16 20 19 12 3 1 1 1 13 1 20 21 3 20 11 3 0 1 15 20 2 6 0 0 5 7 8 8 6 13
split_gain=26.3352 30.9865 14.8432 8.11219 7.57632 7.02458 8.67465 5.58166 5.44254 4.02105 4.29625 6.13818 8.35866 5.15862 4.98877 4.70682 4.27348 3.9382 3.82739 3.5105 3.63563 3.49896 4.15756 7.26192 3.47325 3.38944 3.36464 3.11412 2.95604 2.89569
threshold=21.274836997293729 42.935671899378058 2.5000000000000004 -123.56602457468775 54.669656823439404 13.176988001787953 970.9031270305386 1037.5400207049954 15.534684945666465 153.79100135998604 1.3053784027135953 0.7256591603840471 22.681323361075954 21.959015486198705 -103.02004185032099 28.516317826706551 490.14945025768407 437.81897968421259 4.4651103380608753e-08 56.095129759300356 4.3843758502084169 0.34303579166425485 409.23150812905055 502.15478467950658 54.841327183060002 -0.37683304378702193 0.05252673905711714 0.38596505857503832 -0.065365955195785461 23.711915637860788
decision_type=2 8 2 2 2 2 2 2 2 2 10 10 2 10 2 2 2 2 2 10 2 2 2 2 2 2 2 2 2 2
left_child=1 2 8 -3 17 27 18 -8 -1 -10 14 15 -13 -14 16 -12 -11 26 19 20 -7 24 -23 -24 -21 -19 -4 -5 -16 -28
right_child=-2 3 4 5 -6 6 7 -9 9 10 11 12 13 -15 28 -17 -18 25 -20 21 -22 22 23 -25 -26 -27 29 -29 -30 -31
leaf_value=-0.029282577360793805 -0.044917127586357949 -0.0068818949500442581 0.034418594726585615 -0.012002177156942857 -0.018303277721066109 -0.011167780336686185 -0.020052738021993519 0.020379361294336009 0.0086417673908536548 -0.0050910179129576953 -0.035531281966407001 0.014088784276263398 -0.0021131940659860284 -0.040122117613829701 -0.0016081935224185363 -0.012885900370397711 0.01990711778563882 -0.01374557312221214 -0.006207161809585156 0.026286959670799467 0.038299539558698144 0.023957202694651566 -0.064251243080023196 0.014908722850543342 -0.026376076990956777 0.037124042585868301 -0.0069866667005507605 0.024481003862406866 -0.018699434486053847 0.011262649800398658
leaf_weight=35.165041891857982 30.918503493070602 38.393761750310659 9.8009541891515237 25.701603167690337 22.87474318780005 3.5194414593279353 19.029703512787819 13.890317201614378 29.405592896975577 39.553989348933101 46.982824994251132 31.157078778371215 18.122978372499347 16.820535853505135 42.944490224123001 47.403728866949677 28.702683880925179 3.3068078737705973 9.116042669862507 92.623425419442356 63.688714411575347 9.4762534257024562 4.0894212098792186 6.0480564842000604 2.4719894425943494 21.299991203472018 32.772763848304749 6.5100357560440898 61.288449073210359 60.547729207202792
leaf_count=244 1023 2532 441 803 981 393 394 287 212 276 234 420 216 200 212 237 201 203 831 7907 7107 764 347 514 211 1307 1452 203 302 2683
internal_value=1.65112e-05 0.0013509 -0.00567631 0.0144029 0.00765595 0.0176074 0.020736 -0.00289491 -0.0107335 -0.00885791 -0.0104246 -0.0162921 -0.00450598 -0.0210165 -0.00490287 -0.0244124 0.00555663 0.012411 0.0248021 0.0263815 0.0355834 0.0207292 0.00140962 -0.0199259 0.0246578 0.0300181 0.00796171 -0.00411374 -0.01174 0.00484764
internal_weight=873.628 842.709 548.15 294.559 150.603 256.165 223.953 32.92 397.547 362.382 332.977 160.487 66.1006 34.9435 172.49 94.3866 68.2567 127.728 191.033 181.917 67.2082 114.709 19.6137 10.1375 95.0954 24.6068 103.121 32.2116 104.233 93.3205
internal_count=28901 28635 9213 19422 6456 19107 18101 681 2757 2613 2353 1362 891 416 991 471 477 6150 17420 17200 7500 9700 1582 861 8118 1510 4640 1006 514 4135
is_linear=0
shrinkage=0.05


Tree=151
num_leaves=31
num_cat=0
split_feature=20 9 12 1 20 3 16 7 6 7 21 7 5 6 1 1 21 20 3 7 21 19 11 13 9 9 12 21 11 1
split_gain=4.19631 3.51118 4.93738 4.397 3.5335 3.51074 3.49833 7.66956 13.5873 5.9608 10.4817 8.39367 4.71257 5.16779 4.78822 8.74554 8.48057 8.0872 4.83526 4.65652 4.77537 4.11683 6.34042 4.02759 5.55709 3.92209 3.90172 3.88903 4.89012 3.63837
threshold=1.1483989195491753 0.30034081306057742 -122.57097345066471 4.780027304635456 0.58555727809401004 7.9505326112734256 1.0000000180025095e-35 0.3899015522419394 0.11718121991858955 -0.23933494133939523 1.2844211443763303 -0.42596032843890613 57.378908648673459 0.38656679392004639 215.62258107266004 326.9792580792386 3.8785946424267403 28.935070710465954 28.675861941389503 -0.039023398063903862 0.77466426013281253 4.5000000000000009 -115.06421646831049 27.219175491380167 0.25476592942660875 0.25476592942660875 -101.09058814290113 0.026296650163411355 -107.71484205766998 176.22926772786954
decision_type=10 2 2 2 10 2 2 2 2 2 10 2 2 2 2 2 8 10 2 2 8 2 2 2 2 2 2 10 2 2
left_child=1 2 -1 -4 -5 -2 9 12 -9 10 -7 -12 13 14 16 17 21 -16 23 -11 27 -8 -23 -17 -25 -22 29 -21 -29 -13
right_child=5 -3 3 4 -6 6 7 8 -10 19 11 26 -14 -15 15 18 -18 -19 -20 20 25 22 -24 24 -26 -27 -28 28 -30 -31
leaf_value=0.037128018504811351 -0.015075104725923322 -0.029263853820139359 0.048584145946952512 -0.034501365279858219 0.016792403909992256 -0.013645391991964835 -0.036001597783585158 0.0026463538517051948 0.13182679576033809 -0.025261862022165623 -0.012868394498964701 0.11387783991949017 0.070410493424504048 -0.03044209333168529 0.12015367057170315 0.006704009632948248 0.052729514459204811 0.0078138365557021538 -0.0075724056979558215 -0.01988503420826318 0.0085799407630933189 0.080994842188950034 -0.021439117957665413 0.1090858038902956 0.0030246197114719292 -0.026011214287621827 0.004482537717735483 0.067438759180485905 0.0031801123120336404 0.039858226082256087
leaf_weight=6.1557297343388191 13.518161791376768 13.435565337189471 1.6620242927456352 11.384057307266628 3.9134229202754796 10.448791212518703 11.430756426416343 4.2984296804061168 2.9396300949156284 17.534406700637192 3.7250832214485881 4.3308454208308858 2.3731263282243162 6.3027566279051825 3.2176165638957208 5.9005040905904069 4.1196909479331216 2.8224484861129895 13.529405212029813 2.8136293347924957 18.118819473311312 1.3291162049863494 3.4718190950807184 2.2330131486523905 2.0932936859317124 13.446954250219276 2.0434718902688411 5.9995123407570663 5.3107250413158882 4.8590218850877136
leaf_count=1165 1733 2695 421 3120 1073 1223 1494 479 327 2330 485 439 256 702 419 759 492 367 1334 206 2904 201 524 317 297 2155 253 521 462 492
internal_value=-0.000366221 -0.00991161 0.00208381 -0.0119951 -0.0211541 0.00858887 0.0107403 0.0193653 0.0647447 0.00416736 0.0241302 0.0497188 0.0127926 0.00918697 0.0146655 0.0271104 -0.00397135 0.0762252 0.0120483 -0.00410571 0.0043806 -0.0205872 0.015993 0.0363677 0.0679705 -0.00650206 0.0698287 0.0275243 0.0399754 0.0824933
internal_weight=204.762 36.5508 23.1152 16.9595 15.2975 168.211 154.693 66.0616 7.23806 88.6313 25.4072 14.9584 58.8235 56.4504 50.1477 29.7963 20.3514 6.04007 23.7562 63.224 45.6896 16.2317 4.80094 10.2268 4.32631 31.5658 11.2333 14.1239 11.3102 9.18987
internal_count=28901 7331 4373 4291 4193 21570 18540 7162 806 11378 2975 1946 6356 6288 5559 3128 2431 786 2342 8403 6094 2121 725 1315 614 5059 1389 1035 983 931
is_linear=0
shrinkage=0.05


Tree=152
num_leaves=31
num_cat=0
split_feature=21 21 3 8 0 0 17 17 16 5 3 5 1 20 10 9 20 3 7 19 1 8 17 7 6 3 3 20 8 5
split_gain=4.88126 5.06471 3.97898 5.61459 4.03757 7.15124 3.81793 3.72844 5.108 3.81103 3.72606 3.48097 3.21762 3.99198 3.44172 6.70458 2.85007 4.52437 4.42573 8.47495 3.95695 6.50743 4.27858 5.67893 3.8324 3.48964 6.45907 4.40057 3.27732 2.96463
threshold=0.28087821860479051 0.3670215638358581 14.572345772661203 0.37519976245671838 328.19749629522704 485.16634563078708 2.6523414681527937 1.686067760157741 6.485813718313965 58.624593675095007 15.744685529427501 -46.513005515764092 2.8837109234001854 1.1483989195491753 2.5000000000000004 0.1871392183968297 28.488293251829752 58.875689852195208 -0.27082048271196507 2.5000000000000004 39.944194211042706 0.1506233518936724 2.1316282072803012e-14 0.21144853756033924 0.093759445269394157 33.803107221832008 27.336741145104252 15.576401126173002 0.073390178059729042 -22.218248976809182
decision_type=10 10 2 2 2 2 2 2 2 2 2 2 2 10 2 2 10 2 2 2 2 2 2 2 2 2 2 8 2 2
left_child=11 -2 3 -3 -5 -6 7 9 -9 10 -4 -1 -13 -14 15 -15 17 25 19 24 21 -20 -22 -24 -18 26 29 -28 -27 -12
right_child=1 2 6 4 5 -7 -8 8 -10 -11 16 12 13 14 -16 -17 18 -19 20 -21 22 -23 23 -25 -26 28 27 -29 -30 -31
leaf_value=0.037051846654026936 0.077099223025603597 -0.025103011003703202 0.060197514016246748 -0.019011248702243758 0.083563940042863355 -0.026319555058850225 -0.02662132289103172 0.096612064402474884 -0.0076100044110528941 0.064375289282670972 0.034949260909628341 0.034996635336426531 -0.032531147242894166 0.073547139902919931 -0.026431303459518319 -0.015441046041540904 0.015998258695928434 0.063664439922968441 0.071683311707210012 -0.0075283161402400324 -0.023807783335657834 -0.015341135173946217 -0.021389624823590286 0.065177427699620816 0.10959018449738425 0.036269729253885864 0.015297523385104372 0.091217103855743553 -0.017170863535968816 -0.011525376825435698
leaf_weight=2.6667102689389131 1.8612786418525491 16.036118285264823 2.7983596205012864 2.8798235758440578 3.2770755465608099 1.6745839877985416 4.6971413241699338 2.1607706877402979 1.654960907413624 2.5994178079999983 4.0271272575482735 2.1127199807669959 18.917274915962487 2.7840184809174389 4.5486572987865657 4.1778363458579406 2.2661282104672864 4.0440678647719324 2.8579798439750448 7.3194139420520514 25.082764188176956 4.216440268442966 3.2355928301112735 2.600811893469654 2.2126265709521249 2.6783697605133066 3.9837263200897741 3.7848824791144571 12.279494587564839 9.8605085861636343
leaf_count=594 301 3805 420 517 648 331 681 278 213 382 392 486 4599 252 397 378 208 348 387 1426 5503 572 457 368 203 239 353 336 1094 960
internal_value=-8.78201e-05 0.0110699 0.00952229 -0.00862177 0.0241471 0.0482244 0.0137143 0.0158609 0.0592152 0.0135414 0.0114563 -0.00970647 -0.0145288 -0.0189717 0.00413207 0.0249129 0.00930659 0.0189578 0.0012077 0.0266986 -0.0071897 0.0243394 -0.0149402 0.0210774 0.0737986 0.0124586 0.0248596 0.0584701 -0.00592854 0.00339362
internal_weight=165.297 130.089 128.228 23.8676 7.83148 4.95166 104.361 99.6634 3.81573 95.8477 93.2483 35.2072 32.5405 30.4278 11.5105 6.96185 90.4499 40.6582 49.7918 11.7982 37.9936 7.07442 30.9192 5.8364 4.47875 36.6141 21.6562 7.76861 14.9579 13.8876
internal_count=28901 21063 20793 5663 1406 979 15130 14565 491 14074 14006 7838 7486 7398 1005 630 13537 3497 10040 2298 7742 959 6783 825 411 3374 2041 689 1333 1352
is_linear=0
shrinkage=0.05


Tree=153
num_leaves=29
num_cat=0
split_feature=13 21 10 19 11 5 10 4 0 1 21 2 21 20 20 21 11 8 17 10 9 5 21 17 1 21 0 5
split_gain=37.6968 25.2012 23.4148 26.2227 11.6067 7.13367 6.74836 5.90996 4.70157 4.5571 3.95154 5.66994 5.29381 3.50911 3.44205 5.80743 2.42354 2.16252 1.09584 2.21646 2.61422 1.38761 1.56751 0.929785 0.834832 0.649002 3.28177 0.216321
threshold=33.18923079133652 0.068908731591709863 14.500000000000002 2.5000000000000004 -109.10109310553399 34.040744419176306 4.5000000000000009 15.410501975159553 160.37631664968353 262.53566713890058 0.043232463202910056 4.9875448045590707 0.7138594032304596 16.121959567414155 2.3562746189955655 1.1165922018082501 -101.44533303028798 0.24794497821915187 0.95293905370384613 2.5000000000000004 0.1871392183968297 4.6440446586729012 1.6290741744338302 1.0000000180025095e-35 0.92711230713892612 1.2613081747017152 374.51165929290158 27.527021151785554
decision_type=2 8 2 2 2 2 2 2 2 2 10 2 8 8 10 10 2 2 2 2 2 2 8 2 2 8 2 2
left_child=2 7 3 4 5 23 9 -2 -5 16 -11 -12 -13 14 -3 -16 -6 -9 25 20 -20 22 -21 -1 -15 26 -10 -17
right_child=1 13 -4 8 6 -7 -8 17 18 10 11 12 -14 24 15 27 -18 -19 19 21 -22 -23 -24 -25 -26 -27 -28 -29
leaf_value=-0.038837696188381267 -0.017870473187412132 -0.03882373448583068 0.043594597684751484 0.025196500849314015 0.016162301161162875 0.010045667908255203 -0.0063959581350105967 0.0032978063920503162 0.018453146423805342 0.015325980292086667 0.01202077242536816 0.0649793162738318 0.023859850442061285 0.00093024446843180419 0.014422641689057859 -0.037750161451884048 -0.017911472892338316 0.026338144013260508 0.035165553571876569 0.023197712118978191 -0.021600110807088388 -0.038802718499616647 -0.028197455081935829 -0.017276582235414714 -0.041409700642268538 -0.040584241471435509 -0.037469525723576362 -0.011004354114276919
leaf_weight=12.927404351532463 19.166772307828069 15.924078440759329 36.231462448835373 3.3123425156809381 9.0797193753533101 19.67700489750132 26.5310865980573 20.249852986074984 2.9872199059464046 57.064342587254941 19.198122128844261 17.96023510210216 16.406890972517431 1.1363947945646931 12.260130815207962 8.605191733222453 9.8292879275977594 20.176600130274892 2.7444139099679923 1.9347501238808082 3.4565868102945387 10.266772753559051 2.0153617574833325 12.255849230568854 83.739637441467494 26.485381839331239 8.0409124251455051 1.9540403480641542
leaf_count=417 205 817 1215 366 206 443 333 201 349 603 288 247 226 218 794 881 224 201 264 200 332 932 208 395 16051 3270 939 200
internal_value=0.000304244 -0.0222598 0.00648973 0.00121581 0.00995734 -0.0122592 0.0163806 0.0044137 -0.0271628 0.0210588 0.0249041 0.0346401 0.0465785 -0.0350505 -0.0216618 -0.00855853 -0.00155995 0.0151553 -0.0305333 -0.0195498 0.0049176 -0.0298437 -0.00342336 -0.0294052 -0.0408386 -0.0358486 -0.0220468 -0.0341809
internal_weight=481.618 183.213 298.405 262.174 200.93 44.8603 156.07 59.5932 61.2437 129.539 110.63 53.5652 34.3671 123.619 38.7434 22.8194 18.909 40.4265 57.9314 20.4179 6.201 14.2169 3.95011 25.1833 84.876 37.5135 11.0281 10.5592
internal_count=28901 18894 10007 9743 2969 1010 1959 638 6774 1599 1169 804 473 18256 1987 1478 430 402 6518 1887 596 1291 408 812 16269 4631 1288 1081
is_linear=0
shrinkage=0.05


Tree=154
num_leaves=7
num_cat=0
split_feature=21 2 7 6 3 15
split_gain=4.49522 2.64293 3.26032 2.29862 2.79495 0.983678
threshold=0.75228651233371868 5.5743214575657252 -0.020030487700321228 -0.084776678877403797 19.306530252211353 7.9409338805090669e-23
decision_type=8 2 2 2 2 2
left_child=1 3 -3 4 -1 -6
right_child=-2 2 -4 -5 5 -7
leaf_value=-0.022382544158289792 -0.031751886140090488 0.088190014820383911 -0.016367991350349123 -0.028094439144321609 0.078076795390900566 0.0059618312920191735
leaf_weight=1.0459065834584211 3.2002605279267291 1.9104633594106428 0.63284656375617487 1.9246369501634051 0.973858275770909 0.85671744968567509
leaf_count=455 8771 913 303 1194 381 335
internal_value=-0.000877439 0.0320179 0.0648962 0.00641658 0.0307984 0.0583563
internal_weight=10.5447 7.34443 2.54331 4.80112 2.87648 1.83058
internal_count=28901 4194 1216 2978 1251 716
is_linear=0
shrinkage=0.05


Tree=155
num_leaves=15
num_cat=0
split_feature=20 0 6 16 11 21 5 6 12 1 7 4 20 8
split_gain=12.5221 7.78296 3.37101 3.57008 3.31487 2.96417 3.97812 3.04124 4.77742 3.06582 2.83471 1.79704 1.13053 0.451955
threshold=2.3562746189955655 179.49145490248551 -0.10023906732827557 1.0000000180025095e-35 -123.95631354141598 0.011862585384144402 25.212019929739252 0.038295664546009973 -103.39163643340497 600.66725879053263 -0.079648253834402979 21.129120003084655 4.528915043210656 0.24188157151441117
decision_type=8 2 2 2 2 10 2 2 2 2 2 2 8 2
left_child=5 2 -2 11 10 -1 7 8 -7 -9 -3 -4 13 -6
right_child=1 4 3 -5 12 6 -8 9 -10 -11 -12 -13 -14 -15
leaf_value=-0.0032794797955886844 -0.026434702874435573 0.049818512215485 0.090124490419409412 -0.010496659945397224 -3.6840951476580412e-05 0.054939275567609115 -0.0034375773855861388 -0.012772930288230398 0.009473261773575584 0.026959736818074856 -0.026057394069034678 0.013304275563911777 -0.040101861878775839 -0.024463500510155806
leaf_weight=20.430650366237387 1.7137452684692114 1.5554308962309746 1.9574117921292795 1.8965977774932978 3.2851588106714233 14.52442394848913 14.822695553535594 7.8020815718919083 9.9846143899485487 10.124926097923888 1.4999447285663325 1.5670763508533125 24.784146249701735 3.480549760046415
leaf_count=471 348 212 305 311 200 355 363 213 244 276 204 244 19831 211
internal_value=-0.00050807 -0.0206609 0.024407 0.0420931 -0.0303774 0.0129596 0.0187108 0.0263481 0.0375146 0.0099063 0.0153292 0.066458 -0.0351387 -0.0141349
internal_weight=119.429 41.7401 7.13483 5.42109 34.6052 77.6894 57.2587 42.436 24.509 17.927 3.05538 3.52449 31.5499 6.76571
internal_count=28901 27111 1450 889 25661 1790 1402 1088 599 489 416 549 25245 411
is_linear=0
shrinkage=0.05


Tree=156
num_leaves=31
num_cat=0
split_feature=16 20 19 11 1 5 10 1 13 3 1 12 1 19 5 21 6 7 16 9 15 13 5 9 9 16 6 9 9 15
split_gain=23.9626 27.3724 13.0021 7.52659 6.84465 5.58098 5.07762 4.97764 5.71085 4.94786 4.51291 5.08691 5.27718 4.5055 5.68029 4.47326 4.19548 4.1128 3.6955 3.97428 3.47008 3.41767 5.08989 3.26404 7.32845 4.69652 3.79871 3.03771 6.58304 6.21937
threshold=21.274836997293729 42.935671899378058 2.5000000000000004 -107.15130495302148 341.55937810804852 58.624593675095007 2.5000000000000004 10.780575984860951 25.544593386007367 54.669656823439404 60.777413851734202 -124.6052459138575 970.9031270305386 4.5000000000000009 43.428472702407412 0.14501666308455705 0.34303579166425485 -0.40576117859604638 1.0305959579886638e-06 0.27084825858719436 3.9212525617836512e-08 23.145666156488151 3.9873858556310506 0.11919789988736441 0.22667465384250376 1.0000000180025095e-35 -0.17388522606255383 0.1426897139859831 0.2228596735667159 2.1555956852647437e-09
decision_type=2 8 2 2 2 2 2 2 2 2 2 2 2 2 2 8 2 2 2 2 2 2 2 2 2 2 2 2 2 2
left_child=1 2 6 5 9 10 16 8 -5 27 13 -12 18 14 -3 -9 23 -6 -13 -20 -17 22 -8 -1 -25 26 -26 -4 29 -29
right_child=-2 3 4 7 17 -7 21 15 -10 -11 11 12 -14 -15 -16 20 -18 -19 19 -21 -22 -23 -24 24 25 -27 -28 28 -30 -31
leaf_value=0.011931963405141256 -0.044308931494644356 0.012162106537953117 0.021786322499146856 -0.038597988420307372 -0.020645664771817441 -0.042001660029753106 0.0008116945879028674 -0.016761282181179987 0.018127611516312134 -0.019565246897547905 -0.0068856045768461611 0.030422070739796067 -0.0082213706274234365 -0.042695375916793274 -0.0416161867143372 0.028818592099076251 -0.020435225552058831 0.031130162644778803 -0.022740938788915834 0.029054127766024365 -0.016529230888050896 -0.024966579649462944 -0.018491701899490686 -0.022334600468287447 -0.018468976938607634 0.023111038732461935 0.0066268327625627517 0.0061098736410496761 0.010036249064787461 -0.052110548252171929
leaf_weight=37.455799492076039 28.964613191783428 22.87375996820629 22.415162086952478 6.1321297204121974 3.6252762563526622 4.9315477553755045 55.655726393684745 5.4189765411429107 10.765913422219455 22.283832808025181 24.832780983299017 52.976977814920247 14.39955705590546 6.394574424251914 5.1822289736010134 115.95654012914747 31.770934978500009 33.18552217958495 7.2196960807777932 5.7412985195405781 3.7636039536446333 64.693965163081884 87.041022619232535 39.010300632566214 24.193751392886043 21.72070318646729 36.6769660115242 8.2786212661303615 49.94465401256457 8.7873341422528011
leaf_count=329 971 909 1004 201 214 251 271 498 354 855 1407 4460 1036 250 206 10992 274 1954 464 369 357 347 424 348 223 201 338 324 2115 343
internal_value=1.43368e-05 0.00119983 -0.00536006 0.0136895 0.00723143 0.00559782 -0.0100625 0.0218279 -0.00346395 0.000998472 0.00756581 0.0126829 0.018742 -0.00797278 0.0011383 0.0252435 -0.00414416 0.0256199 0.0246651 0.00064028 0.0272679 -0.0154623 -0.0110096 -0.000782754 -0.00476452 0.00370224 -0.00348507 0.00628241 0.000852236 -0.0250932
internal_weight=862.294 833.329 546.74 286.59 148.52 144.552 398.219 142.037 16.898 111.71 139.621 105.17 80.3375 34.4506 28.056 125.139 190.828 36.8108 65.938 12.961 119.72 207.391 142.697 159.058 121.602 82.5914 60.8707 89.4258 67.0106 17.066
internal_count=28901 28635 9213 19422 6456 7366 2757 12056 555 4288 7306 5958 5778 1348 1115 11501 1646 2168 5551 833 11349 1111 695 1397 1086 766 561 4004 2838 667
is_linear=0
shrinkage=0.05


Tree=157
num_leaves=31
num_cat=0
split_feature=8 8 20 20 5 15 5 11 21 17 20 9 9 12 8 7 21 20 20 13 5 7 5 9 0 9 6 9 21 5
split_gain=4.02367 10.9956 4.60914 3.98039 4.37491 4.80957 3.71006 3.48416 7.15637 4.0319 4.16004 5.88187 4.91666 4.10474 3.43491 4.41696 3.42889 3.06011 3.05843 3.05097 7.32245 2.96989 2.89572 2.82686 3.65274 15.0534 3.99395 3.62852 4.01519 3.6139
threshold=0.25365004255388618 0.24794497821915187 1.1483989195491753 61.991614294045654 32.690161149900952 7.0250695317078453e-09 -45.647623957331241 -76.814820727773892 1.6694932823424551 2.1316282072803012e-14 12.632152635411302 0.108235828528652 0.32597901252248779 -122.57097345066471 0.46770275292813152 0.19593493188317182 0.75228651233371868 226.61126853664851 26.512983595722051 21.130238862014327 32.690161149900952 0.45240396915002284 42.061462616274412 0.18156806482681045 440.89327001892303 0.2506769706007948 -0.18563164537223079 0.30614060125536341 0.38750198261974655 2.2525824205417497
decision_type=2 2 10 10 2 2 2 2 10 2 8 2 2 2 2 2 8 10 8 2 2 2 2 2 2 2 2 2 10 2
left_child=1 7 22 6 17 -6 -4 9 -9 13 -11 -12 -13 -1 16 18 -8 21 -16 20 -18 -5 -2 -15 27 29 -27 -25 -29 -26
right_child=2 -3 3 4 5 -7 14 8 -10 10 11 12 -14 23 15 -17 19 -19 -20 -21 -22 -23 -24 24 25 26 -28 28 -30 -31
leaf_value=0.022928157534378466 -0.033347274890257315 0.10005028490405017 0.047477595325779283 -0.039625529934840253 0.051031366521120926 -0.030020046270959194 -0.019247414001329857 0.10290410188554736 -0.02435565870095362 0.056800679661184732 0.055996074479107864 -0.036813764703384051 0.023214925227368649 -0.018503822404421943 0.014698997287269998 -0.017148040256209449 0.06243711954476381 0.024746286032841375 0.090528802923552879 -0.0022636284005377945 -0.017086605779687014 0.030275960552146465 0.023963767375639433 -0.033181025457497064 0.11936264078572967 0.047876026447954433 -0.019553862614352529 -0.033711025653619768 0.020128832280304342 0.021566116557446544
leaf_weight=16.855466751381755 14.222689458867537 2.4327512914314866 4.9152690069749942 14.564155053230939 3.6506014987826356 2.1774084949865937 14.558411094127221 1.6946244420250891 1.3395531773567197 6.3142950851470268 3.962698881397956 6.0901487189112222 5.6413410123204812 21.448530675610527 3.0175157543271807 2.4274077747249976 5.9437204436399069 1.8507065330632031 2.2976362330373368 19.676942484918982 4.3675756263546646 0.95799989625811577 1.841938978526741 8.710860545514155 2.6336349343182572 1.6756041806656892 11.714698781026524 3.7991678296821201 11.567873635212889 1.9923081345623357
leaf_count=2485 3215 329 471 3908 432 258 1481 256 202 561 428 677 628 3925 276 223 327 478 210 2465 241 257 416 1383 466 359 2513 593 1804 353
internal_value=-0.000357349 0.0118576 -0.00214714 0.00282843 -0.0142546 0.020788 0.00988278 0.00890196 0.05461 0.00703267 0.0254911 0.0102464 -0.00839154 0.0017287 0.00552418 0.0341789 -9.73033e-05 -0.0265018 0.0566233 0.00952062 0.0302204 -0.03374 -0.0257569 -0.00416282 0.00340427 0.0198635 -0.00837537 -0.00921228 0.00557167 0.0885634
internal_weight=204.344 107.874 96.47 80.4053 23.2009 5.82801 57.2045 105.441 3.03418 102.407 22.0085 15.6942 11.7315 80.3981 52.2892 7.74256 44.5466 17.3729 5.31515 29.9882 10.3113 15.5222 16.0646 63.5427 42.0941 18.0162 13.3903 24.0779 15.367 4.62594
internal_count=28901 14608 14293 10662 5177 690 5485 14266 458 13808 1955 1696 1305 11853 5244 711 4533 4487 486 3757 568 4165 3631 11629 7515 3691 2872 3824 2397 819
is_linear=0
shrinkage=0.05


Tree=158
num_leaves=31
num_cat=0
split_feature=21 21 3 8 21 0 0 17 1 9 20 20 8 5 1 20 10 9 21 6 5 9 20 20 9 21 21 13 1 8
split_gain=4.51434 4.52935 3.5695 5.26556 3.79561 3.83431 3.98767 3.60341 3.34489 6.01504 5.26507 4.21241 3.99219 3.21327 2.9802 3.79105 3.18133 5.94555 2.6883 2.98253 2.56915 3.10942 5.34707 4.5849 4.20886 4.84465 3.22439 6.65646 3.1127 4.14951
threshold=0.28087821860479051 0.3670215638358581 14.572345772661203 0.37519976245671838 2.0374121857143606 328.19749629522704 480.67002437258907 2.6523414681527937 57.574248050374955 0.43574743148595735 113.98198611051151 12.151188312855352 0.0055781290147356452 -46.513005515764092 2.8837109234001854 1.1483989195491753 2.5000000000000004 0.1871392183968297 1.5011855766384952 0.029887081621281734 58.624593675095007 0.16835927518819818 25.684299823727603 3.6129695438774054 0.23057398357561179 1.4808840897966451 0.87199091447903354 21.930503816467759 575.5904210305531 0.27867806236147535
decision_type=10 8 2 2 10 2 2 2 2 2 10 8 2 2 2 10 2 2 10 2 2 2 10 10 2 8 10 2 2 2
left_child=13 -2 3 -3 5 -5 -7 8 9 10 11 -4 -10 -1 -15 -16 17 -17 19 -13 21 22 23 -14 25 -23 -25 -28 29 -26
right_child=1 2 7 4 -6 6 -8 -9 12 -11 -12 18 20 14 15 16 -18 -19 -20 -21 -22 24 -24 26 28 -27 27 -29 -30 -31
leaf_value=0.035044704033315763 0.071971531402718711 -0.024505319654520453 -0.010070048162473845 -0.01199768452705368 -0.027758946812155922 0.092768032347926521 -0.0041347185017867162 -0.026295704030079199 0.072958553244538163 -0.030580914399012983 -0.016606708618703656 0.052694855401567188 -0.031632945300028643 0.032954193062947772 -0.032120842619368171 0.067350979377494111 -0.026076023287280637 -0.015282345293225103 0.078399721849583756 -0.02546928681154674 0.05449685304788459 0.00073463529819790688 -0.028837118243196819 0.074089113373801155 0.013006491042478311 0.067930378203743411 0.068413135728864413 -0.024853146136287321 0.020837713028925023 -0.026880188415150143
leaf_weight=2.7590119902743018 1.9876958206295967 15.470980976941066 1.8452606557402829 1.9770995000144482 1.9562663307879118 2.6181481075473139 1.3860526422504333 4.5875515942461789 1.5132993158185843 2.4282913723727688 2.5431083326693624 1.5480768294073664 2.8207774860784474 2.1944344086805385 18.118221775977879 2.990178392152302 4.4405812785262242 4.1483977335738018 9.1846439983928558 1.4948102585040031 1.9600131327752024 4.5255141477100551 12.927667491254395 2.3119983788346863 13.182803939562294 5.6659756066510445 2.0496485180919999 4.2198434654856101 19.053354795323685 11.134430874371899
leaf_count=624 321 3743 218 269 347 408 216 661 227 303 318 250 244 515 4513 264 385 366 1106 242 296 654 2096 207 2711 819 214 440 2891 2289
internal_value=-7.99831e-05 0.0108747 0.00938004 -0.00801461 0.0232727 0.0415488 0.0651019 0.0132971 0.0153475 0.0337689 0.0443753 0.0557661 0.0106782 -0.00922548 -0.0140044 -0.0184348 0.00383127 0.0233533 0.0657116 0.0174948 0.00861011 0.00677931 -0.007825 0.0164024 0.013435 0.040824 0.0338454 0.0108545 0.00622391 -0.00559727
internal_weight=165.044 130.393 128.406 23.4085 7.93757 5.9813 4.0042 104.997 100.41 19.0442 16.6159 14.0728 81.3653 34.6508 31.8918 29.6974 11.5792 7.13858 12.2275 3.04289 79.852 77.892 24.3299 11.4023 53.5621 10.1915 8.58149 6.26949 43.3706 24.3172
internal_count=28901 21063 20793 5663 1406 813 624 15130 14565 2374 2075 1661 12191 7838 7486 7398 1005 630 1472 492 12054 11998 3944 988 8054 1473 767 654 6581 5000
is_linear=0
shrinkage=0.05


Tree=159
num_leaves=31
num_cat=0
split_feature=13 21 10 19 11 5 12 15 21 5 15 2 21 20 3 20 20 21 8 8 17 10 9 15 8 20 20 1 21 0
split_gain=34.3246 23.7914 21.5958 23.8283 10.6889 6.51344 6.30702 19.8225 7.47053 5.41867 4.87151 4.53548 4.41351 6.82296 3.57023 3.5387 3.40274 5.46415 1.95519 1.35601 1.10479 2.15968 2.41549 1.40996 1.81359 0.940581 4.45647 0.831879 0.686412 3.20021
threshold=33.18923079133652 0.068908731591709863 14.500000000000002 2.5000000000000004 -109.10109310553399 34.040744419176306 -91.322434739054003 1.9730891630477038e-09 0.033272778204350907 -14.589498024840447 3.5125283901371314e-09 4.3843758502084169 0.7256591603840471 6.780489744390251 23.035620631285905 16.121959567414155 2.3562746189955655 1.1165922018082501 0.24794497821915187 0.22008367336294479 0.95293905370384613 2.5000000000000004 0.1871392183968297 6.8460914806176039e-09 0.28234105692208283 3.2166863544211104 20.39368656702565 0.92711230713892612 1.2613081747017152 374.51165929290158
decision_type=2 8 2 2 2 2 2 2 10 2 2 2 10 8 2 8 10 10 2 2 2 2 2 2 2 10 8 2 10 2
left_child=2 9 3 4 5 25 8 -8 10 -2 -6 -5 -10 -14 -15 16 -3 -18 -11 -9 28 22 -22 24 -23 -1 -27 -17 29 -13
right_child=1 15 -4 11 6 -7 7 19 12 18 -12 20 13 14 -16 27 17 -19 -20 -21 21 23 -24 -25 -26 26 -28 -29 -30 -31
leaf_value=-0.037679778012559589 -0.017655070052268493 -0.038600956641714139 0.042807979616713766 0.024458466636474836 -0.0095182324656748196 0.0088802081167767173 0.040090087150793395 -0.015054794167074568 0.046490926718496632 0.0027234564144548645 0.020517243796128765 0.018258468762687503 0.040094025350717634 -0.031803951077939492 0.016346579566142976 0.00091114307888144445 0.013720869310817214 -0.033834885153308326 0.024436826118690181 -0.039144519400125019 0.033518265469947635 -0.028551944789705214 -0.021076617949832791 -0.038654151180397722 0.027189932943836256 0.023969832605395421 -0.037413812297266133 -0.04137010093678007 -0.040492231739752915 -0.03723902171478765
leaf_weight=13.652725876076151 19.03064672043547 15.40827581938356 34.112371265888214 3.3581068229395887 22.886158304987475 19.859347724355757 16.911639601690695 13.875611035153273 31.01338960789144 20.439854557160288 30.388904192950577 2.9995485430117688 15.514872543513777 6.4805103908292958 7.0250461027026176 1.1372773663606484 12.387601634021852 10.100335923489181 20.645160743966699 12.586828567320479 2.8211134411394632 2.0991030605509922 3.3472636672668159 9.8762886724434775 1.7647648514248429 3.8106190322432667 7.096135383937507 78.86816530697979 25.177849860163406 7.6418864775914699
leaf_count=451 202 808 1160 385 217 452 247 221 425 200 287 363 295 225 243 231 814 664 202 201 273 237 323 928 200 205 383 16038 3255 925
internal_value=0.000309115 -0.0217509 0.00600012 0.00102894 0.00924395 -0.012208 0.0153643 -0.000850045 0.0215242 0.00382369 0.00767682 -0.0266197 0.0334856 0.0185014 -0.00735771 -0.0347133 -0.0212171 -0.00816969 0.0139558 -0.0275212 -0.0300745 -0.0190006 0.00508504 -0.0294247 -0.00273684 -0.0289407 -0.0157556 -0.0407652 -0.0355463 -0.0213711
internal_weight=472.317 178.017 294.3 260.188 201.102 44.4188 156.683 43.3741 113.309 60.1157 53.2751 59.0859 60.0338 29.0204 13.5056 117.902 37.8962 22.4879 41.085 26.4624 55.7278 19.9085 6.16838 13.7402 3.86387 24.5595 10.9068 80.0054 35.8193 10.6414
internal_count=28901 18894 10007 9743 2969 1010 1959 633 1326 638 504 6774 822 551 468 18256 1987 1478 402 422 6518 1887 596 1291 437 812 588 16269 4631 1288
is_linear=0
shrinkage=0.05


Tree=160
num_leaves=7
num_cat=0
split_feature=20 20 7 1 1 12
split_gain=4.17737 3.00998 1.94273 1.71675 1.9441 0.699928
threshold=16.121959567414155 5.7203375950920803 0.16476233365769122 950.56252485243806 371.55627451530205 -101.42455019412377
decision_type=8 8 2 2 2 2
left_child=1 -1 3 4 5 -3
right_child=-2 2 -4 -5 -6 -7
leaf_value=-0.024101974070819935 -0.031434992374291135 -0.018531583404617104 -0.01690180825250568 -0.00098109458291164935 0.080888180193723042 0.030024067197879947
leaf_weight=1.3694737188780015 3.0702168981442801 0.78230564933619784 0.67326470154512208 1.1484266982297411 3.2129937756035361 0.27739438792923399
leaf_count=792 8423 572 210 269 894 203
internal_value=-0.000863884 0.0305543 0.0445022 0.0535728 0.065641 0.00258466
internal_weight=10.5341 7.46386 6.09439 5.42112 4.27269 1.0597
internal_count=28901 4319 1898 1268 1189 775
is_linear=0
shrinkage=0.05


Tree=161
num_leaves=20
num_cat=0
split_feature=20 11 1 0 3 5 8 8 9 0 5 5 16 21 6 16 8 20 0
split_gain=11.2649 7.52276 4.01518 3.17251 2.84883 2.37054 2.36804 3.91904 3.14198 2.22488 1.87531 1.60014 1.61006 0.907973 1.2566 1.801 0.789716 0.355729 0.67196
threshold=2.3562746189955655 -81.76873362405199 142.28704808227954 661.27071774032459 8.398018070654647 21.061892849493454 0.18760680264704013 0.28411606042141052 0.20350165602927109 414.89011918556656 -36.925997893292809 -58.423472771293042 69.882078552192453 0.45538001125295807 0.10983552343188753 1.0000000180025095e-35 0.11654172045347001 3.6129695438774054 581.75285646696818
decision_type=8 2 2 2 2 2 2 2 2 2 2 2 2 8 2 2 2 10 2
left_child=4 3 16 11 -1 -5 9 -8 -9 -6 -4 -2 13 14 17 -16 -3 -13 -19
right_child=1 2 10 5 6 -7 7 8 -10 -11 -12 12 -14 -15 15 -17 -18 18 -20
leaf_value=-0.012102997694198052 0.029944892188097535 0.085136094163398415 0.032980201003317271 -0.020312441378191878 -0.015943879150791398 0.063677012146783452 0.042748586964674866 0.027177876040477462 -0.0038414272566528402 0.014595879457548823 -0.029630574932709632 -0.036367779115306503 0.028739239830700643 -0.040128505557857574 0.038306376414980199 -0.025293940504181107 0.017843531135707517 -0.021303225025762141 0.024100180142158614
leaf_weight=9.8361356118111853 0.27943902596598391 1.2855543069308646 0.884394174325282 0.92517427017446685 8.9809241332113778 0.74392151733627543 14.634887605207039 15.061923671746628 16.161997490562499 13.854235853301359 2.4028973111417136 3.5930917010409775 0.30090958182699978 24.709999486629386 1.3315094313584281 1.1956198579864574 1.3711280831485053 1.0326154661015614 0.37714738288195804
leaf_count=224 212 205 288 413 209 332 291 297 319 322 783 567 229 18940 258 232 218 547 200
internal_value=-0.000517343 -0.0200135 0.0285442 -0.0289505 0.01214 0.026954 0.0157352 0.0221724 0.0115008 0.00241979 -0.0090225 -0.0325065 -0.0339196 -0.0353514 -0.0168085 0.009576 0.0647834 -0.0295113 -0.00419617
internal_weight=118.964 40.4334 5.94397 34.4894 78.5301 1.6691 68.694 45.8588 31.2239 22.8352 3.28729 32.8203 32.5409 32.24 7.52998 2.52713 2.65668 5.00285 1.40976
internal_count=28901 27111 1494 25617 1790 745 1443 912 616 531 1071 24872 24760 24712 1279 490 423 789 747
is_linear=0
shrinkage=0.05


Tree=162
num_leaves=31
num_cat=0
split_feature=16 20 19 11 1 5 1 13 13 3 21 12 1 3 12 21 7 20 21 3 21 20 8 21 0 1 8 6 9 15
split_gain=21.8279 24.0497 11.3075 7.14975 6.44812 4.88873 4.79093 5.18268 4.76266 4.34789 4.26195 8.27574 4.93181 4.79183 4.23667 4.16065 3.97205 3.54983 10.9484 6.41463 3.82455 3.52582 3.48535 3.49569 3.4841 3.55061 4.25944 3.37368 4.35632 5.16622
threshold=21.274836997293729 42.935671899378058 2.5000000000000004 -107.15130495302148 341.55937810804852 58.624593675095007 10.780575984860951 25.544593386007367 15.534684945666465 57.873578278531802 0.91001458541382363 -109.07228295173748 8.2238632934143272 33.044848894547705 -118.32724672964198 0.14501666308455705 -0.40576117859604638 3.6129695438774054 0.7256591603840471 22.681323361075954 1.3777565518118953 15.576401126173002 0.05252673905711714 1.9241788745760602 533.57941757656806 811.50581098087707 0.2726992791925778 -0.0968890433542937 0.14492213452109762 1.5881867761018134e-22
decision_type=2 8 2 2 2 2 2 2 2 2 8 2 2 2 2 8 2 10 10 2 8 8 2 10 2 2 2 2 2 2
left_child=1 2 8 5 9 10 7 -5 -1 22 11 14 -12 -14 -3 -8 -6 24 -19 21 -21 -20 -4 27 25 -10 -27 -24 -29 -30
right_child=-2 3 4 6 16 -7 15 -9 17 -11 12 -13 13 -15 -16 -17 -18 18 19 20 -22 -23 23 -25 -26 26 -28 28 29 -31
leaf_value=-0.026716019804956293 -0.043731695982180664 -0.027665766195580095 0.033534046433056922 -0.036475187276868624 -0.020154248350001756 -0.038794103807400872 -0.015536238407609272 0.017441035767673044 -0.0013131048921535011 -0.021062534056052531 -0.02049734189364617 -0.059799790216767193 0.030623051241320056 0.0071328764285902256 0.021438065184056394 0.026619723166386111 0.030658505990501086 -0.039487725533546 -0.0017451086845519928 -0.0011493809358152616 -0.035311023174703242 0.03281127952682316 0.0076652833353345112 0.013267291161188955 0.0083910759152249839 -0.004542396290019522 -0.024535457441256649 0.016073780593665776 0.0053390643897852121 -0.046825521237523371
leaf_weight=35.288927317131311 27.127384826540947 5.5998639445751968 8.7293163035064918 6.3061001696623888 3.6603913661092511 5.1070548798888922 5.54010707186535 10.460338239558041 122.45345469284803 17.94792490452528 10.399734822567551 5.6301065655425191 30.527578298933804 72.660964962560683 12.237434274051338 114.55405284278095 31.887907047756016 31.539178292267025 16.68841153476388 16.105658773332841 15.824157703667874 12.102084851823742 21.132513656746596 36.823723638430238 41.821077335625887 58.66862525511533 48.679049897938967 6.1997896730899837 6.8342266916297421 13.250019762665032
leaf_count=244 920 229 384 209 223 265 531 346 641 694 578 238 1806 4298 499 10970 1945 387 283 203 200 205 879 1586 228 289 240 249 254 492
internal_value=1.46661e-05 0.00105889 -0.00504638 0.0129733 0.00680361 0.0050643 0.0210923 -0.00374927 -0.00940058 0.00079463 0.00696774 -0.0120685 0.0109716 0.0143095 0.00537204 0.0245628 0.0250181 -0.00765272 -0.01608 -0.00347878 -0.0186378 0.0133945 0.00519343 0.00189771 -0.00474183 -0.00715787 -0.0137514 -0.00702358 -0.0186816 -0.0296637
internal_weight=851.787 824.66 545.636 279.023 146.466 142.163 136.861 16.7664 399.171 110.918 137.056 23.4674 113.588 103.189 17.8373 120.094 35.5483 363.882 92.2595 60.7203 31.9298 28.7905 92.9696 84.2403 271.622 229.801 107.348 47.4165 26.284 20.0842
internal_count=28901 28635 9213 19422 6456 7366 12056 555 2757 4288 7306 993 6313 6104 728 11501 2168 2613 1131 891 403 488 4087 3629 1482 1203 529 1972 1055 746
is_linear=0
shrinkage=0.05


Tree=163
num_leaves=31
num_cat=0
split_feature=8 8 20 20 5 15 4 5 2 15 12 9 9 20 17 11 21 17 16 16 12 11 6 20 7 5 7 9 7 6
split_gain=3.73224 9.60306 4.36699 3.55569 4.06475 4.42468 3.32585 7.29956 6.39213 6.44657 4.88273 3.60576 7.39608 3.2256 3.76669 3.19077 4.01454 3.56048 3.86685 5.97022 3.55832 3.51839 3.60246 2.96026 2.92755 2.77729 2.77274 2.75196 2.70179 3.19757
threshold=0.25365004255388618 0.24794497821915187 1.1483989195491753 61.991614294045654 32.690161149900952 7.0250695317078453e-09 65.337664901228308 26.006817665102805 5.4881498870771344 9.8701543936188471e-09 -102.16733390874498 0.22848265912793544 0.12886155820399384 13.711215792034052 1.0000000180025095e-35 -76.814820727773892 1.6694932823424551 2.1316282072803012e-14 1.0000000180025095e-35 5.5140294349795012 -122.57097345066471 -113.61752769991348 0.1130283412148073 226.61126853664851 0.45240396915002284 42.061462616274412 0.057081427810437908 0.40264197524147854 -0.25872627543072818 0.28069981399101135
decision_type=2 2 10 8 2 2 2 2 2 2 2 2 2 10 2 2 8 2 2 2 2 2 2 10 2 2 2 2 2 2
left_child=1 15 25 6 23 -6 7 8 9 10 11 12 -4 -12 -15 17 -17 20 -19 21 -1 -20 -23 24 -5 -2 -9 -13 29 -10
right_child=2 -3 3 4 5 -7 -8 26 28 -11 13 27 -14 14 -16 16 -18 18 19 -21 -22 22 -24 -25 -26 -27 -28 -29 -30 -31
leaf_value=0.02135419551892849 -0.033007563394436203 0.09150909964315912 0.014122364492599499 -0.039472234659786914 0.047825239847266166 -0.029781304618940796 -0.013603783266352419 0.020947178478514395 -0.025960547871920394 -0.034311327852360157 -0.025804570759352743 -0.0063080902955373807 0.12212718136421195 0.055204674201456819 -0.025469128430719502 0.090704433117257607 -0.0066760362006520234 -0.021911238321559459 0.085182981406430824 0.0015304912819161 -0.0037050121713953716 -0.0048147108282767985 0.069423208163435959 0.024157957751016302 0.029918168576277018 0.022957569525942273 0.090655821389630853 0.049790294110472977 -0.031645475811261252 0.054875425074090524
leaf_weight=17.223529468756169 13.70318135328125 2.6455096869030967 3.1899176912847924 13.810074013425043 3.8043908628169456 2.1242352975532413 11.629924944369121 3.465779113350437 1.5607303368160523 3.6413755880203098 4.4082018535118612 4.1687292214483032 2.8666245798813179 3.0279716792283589 1.5256879648659376 1.562587394262666 1.585501260473392 3.1840667597716701 4.6897388120414698 8.8963326300727186 62.73933089140337 4.072718799579893 1.603928001364693 1.8744232031749561 0.96759484498761594 1.8812559765065087 2.9668664142955095 3.182062677340582 10.481282281805759 1.4795378670096395
leaf_count=2553 3193 357 228 3892 443 247 1108 244 210 358 674 299 205 679 342 227 231 277 394 817 9300 512 201 505 273 438 208 229 1449 200
internal_value=-0.000349693 0.0115954 -0.00191065 0.00288629 -0.0135514 0.0197337 0.00945218 0.0154512 0.006723 0.0209637 0.0310448 0.0490731 0.0753048 0.00185502 0.0284562 0.0087526 0.0518738 0.00693823 0.0240752 0.0323828 0.00188968 0.056396 0.0234173 -0.0258485 -0.0333205 -0.0252749 0.0609695 0.0210305 -0.0202281 0.0172235
internal_weight=203.963 108.203 95.7598 80.1754 22.5807 5.92863 57.5947 45.9648 39.5321 26.0106 22.3692 13.4073 6.05654 8.96186 4.55366 105.558 3.14809 102.41 22.4468 19.2627 79.9629 10.3664 5.67665 16.6521 14.7777 15.5844 6.43265 7.35079 13.5216 3.04027
internal_count=28901 14608 14293 10662 5177 690 5485 4877 4425 2556 2331 961 433 1370 1021 14266 458 13808 1955 1769 11853 870 713 4487 4165 3631 452 528 1869 410
is_linear=0
shrinkage=0.05


Tree=164
num_leaves=31
num_cat=0
split_feature=21 21 3 8 21 0 17 0 17 16 12 7 1 3 6 2 11 13 13 20 0 20 10 6 1 11 0 1 15 3
split_gain=4.12371 4.1064 3.16972 4.94605 3.45322 3.41018 3.40655 3.38864 3.19321 4.27716 3.19475 5.13874 5.77012 4.7549 4.17851 6.4548 4.06969 4.32371 3.97981 3.70047 3.47863 3.53889 3.15312 3.6344 4.7883 3.08256 5.98264 6.90707 3.98643 3.06904
threshold=0.28087821860479051 0.3670215638358581 14.572345772661203 0.37519976245671838 2.0374121857143606 328.19749629522704 2.6523414681527937 480.67002437258907 1.686067760157741 6.485813718313965 -114.53251311469153 0.35023085582459151 620.04953680894903 46.754028787225757 -0.037858733009295424 5.3174624663578278 -110.55863918114748 22.82061924150079 24.869827848859703 1.6737139421197751 339.19186581012207 23.695126624540205 2.5000000000000004 0.34983775240596421 970.9031270305386 -107.25041167555248 535.24129519341261 367.20419068816358 1.3639692314497768e-09 23.393774608406002
decision_type=10 8 2 2 10 2 2 2 2 2 2 2 2 2 2 2 2 2 2 8 2 10 2 2 2 2 2 2 2 2
left_child=22 -2 3 -3 5 -5 8 -7 10 -10 11 12 14 16 -4 -16 17 -12 20 -20 21 -18 23 -1 -25 26 27 -21 29 -27
right_child=1 2 6 4 -6 7 -8 -9 9 -11 13 -13 -14 -15 15 -17 18 -19 19 25 -22 -23 -24 24 -26 28 -28 -29 -30 -31
leaf_value=-0.0087067404615068563 0.067668902169101555 -0.023916630400889961 0.00063676414886911425 -0.011738081118624261 -0.027316809834594585 0.084834723535834503 -0.026026886011538037 -0.0039537022983985731 0.08599030303509482 -0.0076880615748612467 0.029403466796001244 0.06590907121890531 -0.028591536664291369 -0.035509097733495074 0.01037862265096995 0.077897063116575627 0.043732152366248923 -0.032866746866795471 -0.02868472623103753 0.12488530338920589 -0.030401638918938725 -0.01996822110292127 -0.033173921575044139 -0.0058164454116234271 0.085376720485544969 0.050508003600666124 -0.0042377657465686534 0.012220518320510394 -0.030717055412349849 0.010092272674511661
leaf_weight=20.967751999618489 2.1026080515002832 14.948016083333645 10.123284791829072 1.9521471098996697 1.8682775684865189 2.8369825370609769 4.5006127193337306 1.3734126932686193 2.4107312512351209 1.6589969345368443 3.0527651349548259 5.3004448967985809 5.2598563284846023 5.3613626316655427 8.0102817460428906 5.9013423537835479 4.0339767354307696 8.5419573364779335 2.0952962512383237 2.8393832017900422 6.3473954021465033 3.0531843457138166 8.5888483310118318 2.9031860082177454 1.6428924151696263 7.4783646020805579 2.7515183150535449 2.4775878160726279 2.6070979938376695 12.00666278565768
leaf_count=5889 338 3684 563 258 327 420 644 204 291 200 498 289 292 1043 389 287 439 1395 465 489 879 332 1974 704 398 1726 597 427 611 2770
internal_value=-7.09814e-05 0.0105941 0.00914812 -0.00743581 0.022492 0.0392979 0.0127855 0.0606721 0.0147472 0.0538189 0.0125808 0.024567 0.0151582 0.00567968 0.0254921 0.0423233 0.0100777 -0.0154388 0.0167449 0.0260401 -0.00583053 0.0172139 -0.00872949 0.000440197 0.0365914 0.0306404 0.0558067 0.0826314 0.0194305 0.0273122
internal_weight=164.996 130.894 128.791 22.9788 8.03082 6.16254 105.812 4.2104 101.311 4.06973 97.2418 34.5952 29.2948 62.6466 24.0349 13.9116 57.2852 11.5947 45.6905 32.2559 13.4346 7.08716 34.1027 25.5138 4.54608 30.1606 8.06849 5.31697 22.0921 19.485
internal_count=28901 21063 20793 5663 1406 813 15130 624 14565 491 14074 1885 1625 12189 1336 676 10914 1893 9021 7161 1860 771 7838 7166 1102 6931 1752 916 5179 4496
is_linear=0
shrinkage=0.05


Tree=165
num_leaves=30
num_cat=0
split_feature=13 21 16 19 11 5 10 5 1 9 15 20 20 21 12 3 11 15 6 15 6 15 9 9 21 1 1 17 5
split_gain=30.9959 22.6335 20.0524 21.0695 9.71813 6.15025 5.65946 4.21845 3.81513 3.76244 6.89372 3.58014 3.36777 5.18949 3.17655 3.03175 2.14486 2.10263 1.84701 1.00366 0.995213 1.41129 0.941666 0.929881 0.875835 0.839463 0.527319 0.315415 0.266878
threshold=33.18923079133652 0.068908731591709863 17.616020730864069 2.5000000000000004 -109.10109310553399 34.040744419176306 4.5000000000000009 -13.9547800255102 262.53566713890058 0.24620742753748967 4.0215063214650103e-09 16.121959567414155 2.3562746189955655 1.1165922018082501 -101.96785674784697 44.262651094969407 -101.44533303028798 2.1840675850417939e-09 0.38656679392004639 2.2490441239371718e-09 0.018680974364243989 4.4833598785808521e-09 0.33020093259275779 0.23057398357561179 1.8640590342775603 0.92711230713892612 10.780575984860951 4.1402118715233778 28.276171804239404
decision_type=2 8 2 2 2 2 2 2 2 2 2 8 10 10 2 2 2 2 2 2 2 2 2 2 8 2 2 2 2
left_child=2 7 3 4 5 23 8 -2 16 10 -10 12 -3 -14 19 18 -6 -11 20 24 21 -16 -23 -1 -5 -13 -21 -28 -15
right_child=1 11 -4 14 6 -7 -8 -9 9 17 -12 25 13 28 15 -17 -18 -19 -20 26 -22 22 -24 -25 -26 -27 27 -29 -30
leaf_value=-0.01660613285088286 -0.015372099896425157 -0.038340773843970805 0.041983236185528565 0.019533153538721371 0.014384298988510975 0.0082595591138973686 -0.0067302817882358024 0.012428791751692482 -0.0035708704228725112 0.044062832319687197 0.031321543069008681 0.0011772171808608217 0.013268209778139299 -0.03736909245426729 0.014260862754853469 0.038655697796448327 -0.017669834885019001 0.022630035593810022 0.022139097844718875 -0.013894971147765859 -0.035333958659155555 -0.036466313560748573 0.0018162987800409665 -0.038439710441940791 -0.023994511088368958 -0.041328058029519055 -0.039861702221969421 -0.011175068752319682 -0.0091221605348875603
leaf_weight=12.055449464824054 19.197845676448196 14.914863964542745 32.344259054400027 1.3059772660490137 9.1632122755982017 19.907268551178277 26.260848511941731 41.205833955900744 30.591689481167123 20.392881488194689 25.059723443817347 1.1243501137942065 12.47520133852959 7.8943553175777188 3.2848389404825928 1.9872646296862511 9.7460457952693087 35.64760697609745 1.9782800760585812 3.9531762562692156 6.5796488937921822 3.4157798446249226 2.3818623006809503 12.061465989099814 1.331704049371182 74.253767317626625 29.275353928795088 1.966181283816695 1.7870695465244351
leaf_count=406 203 799 1113 200 208 456 328 435 318 215 260 243 832 881 333 203 222 375 204 487 676 314 219 406 203 16026 3891 261 200
internal_value=0.000310472 -0.0211828 0.00549226 0.00077942 0.00843064 -0.0121311 0.0142417 0.0034865 0.0184778 0.021966 0.0124167 -0.0343482 -0.0207293 -0.00773024 -0.0256567 -0.00873521 -0.00219447 0.0310651 -0.0158613 -0.0339846 -0.0217018 -0.00930121 -0.0227851 -0.0286213 -0.00299781 -0.0406869 -0.0361599 -0.0384589 -0.0334972
internal_weight=463.544 172.853 290.691 258.346 200.886 44.0242 156.862 60.4037 130.601 111.692 55.6514 112.45 37.0715 22.1566 57.4601 19.6277 18.9093 56.0405 17.6404 37.8324 15.6621 9.08248 5.79764 24.1169 2.63768 75.3781 35.1947 31.2415 9.68142
internal_count=28901 18894 10007 9713 2966 1009 1957 638 1598 1168 578 18256 1987 1478 6747 2004 430 590 1823 4743 1609 922 533 812 403 16269 4340 4152 1081
is_linear=0
shrinkage=0.05


Tree=166
num_leaves=9
num_cat=0
split_feature=21 21 0 1 5 21 20 10
split_gain=3.89644 2.30528 2.03634 1.11563 2.633 1.07263 0.660216 0.418511
threshold=0.75228651233371868 0.49671902741587504 601.35660965990758 950.56252485243806 23.018534200725156 0.56029386686749461 13.162809062982001 4.5000000000000009
decision_type=8 8 2 2 2 8 10 2
left_child=1 2 -1 4 5 -3 -7 -8
right_child=-2 3 -4 -5 -6 6 7 -9
leaf_value=-0.028832082700568702 -0.031095850105779421 0.007975381209844111 0.039395543345361224 0.00076767695169351632 -0.016528337676758032 0.098162858319882418 -0.011817456252912318 0.030145366045083877
leaf_weight=2.1020406277166379 2.9398206143814596 0.76061968776776112 0.70316204020491568 1.0704797312646404 0.61610203027521493 1.6859510227659487 0.38332182712474705 0.23584926721377997
leaf_count=1924 8094 294 644 366 247 663 495 304
internal_value=-0.00084675 0.029348 -0.00587125 0.0475439 0.0580751 0.0734454 0.0860992 0.0129126
internal_weight=10.4973 7.55753 2.8052 4.75232 3.68184 3.06574 2.30512 0.619171
internal_count=28901 4194 2568 1626 1476 1186 907 799
is_linear=0
shrinkage=0.05


Tree=167
num_leaves=17
num_cat=0
split_feature=20 0 12 5 1 1 5 13 11 21 10 4 20 16 21 9
split_gain=10.0516 9.6362 3.29111 3.74223 3.2362 3.00805 4.93807 3.64466 3.86336 5.20847 4.37416 3.93103 2.18634 1.96185 1.49436 0.0677891
threshold=4.528915043210656 179.49145490248551 -70.990920784017291 27.061013354462755 412.55759749678754 174.31786986738854 2.2525824205417497 21.032560027963502 -103.31725525762748 0.011862585384144402 2.5000000000000004 13.272700403780552 1.5043401189030952 73.358885894741704 2.6367506372545653 0.29451596363374138
decision_type=8 2 2 2 2 2 2 2 2 10 2 2 8 2 10 2
left_child=5 2 3 4 14 6 -1 -7 9 -9 12 -10 -11 -3 -2 -13
right_child=1 13 -4 -5 -6 7 -8 8 11 10 -12 15 -14 -15 -16 -17
leaf_value=0.066332259874892927 0.10964617662420513 -0.040011572349564817 -0.025867311581956261 -0.022539825135704683 -0.0028121973147465658 0.025935666110476388 -4.0221807276821759e-05 -0.019419096343913152 0.0098913049496754807 -0.012199015501898457 0.043090228331977197 -0.03893208582845957 0.020675084782360065 0.033709486520730719 0.020579786898711885 -0.020451024703485209
leaf_weight=4.7524105145712374 1.5764024134841788 23.420678482507359 1.605144331057093 1.1559067324851637 1.3285334493266416 16.961560397758149 5.4619953500805423 10.710507470299488 7.9502270617522379 9.2944632469443658 11.236095956643112 7.377784031443297 9.0027043357258663 0.21538184746168554 1.2645242863218298 5.1347268522949889
leaf_count=201 260 25000 331 220 221 395 231 208 276 228 236 287 220 230 209 200
internal_value=-0.000531964 -0.0231122 0.026047 0.0433104 0.0623949 0.00973344 0.0340018 0.00615016 0.000291323 0.00923953 0.0199284 -0.0169175 0.00420914 -0.0379988 0.0856814 -0.0334228
internal_weight=118.449 30.5666 6.93051 5.32537 4.16946 87.8825 10.2144 77.6681 60.7065 40.2438 29.5333 20.4627 18.2972 23.6361 2.84093 12.5125
internal_count=28901 26660 1430 1012 693 2241 432 1809 1493 782 620 711 448 25230 469 487
is_linear=0
shrinkage=0.05


Tree=168
num_leaves=31
num_cat=0
split_feature=10 20 5 19 1 1 1 12 7 0 20 13 16 8 1 6 21 15 15 20 21 0 0 1 8 7 8 1 21 20
split_gain=19.9717 21.2732 7.88461 6.41349 7.17582 5.23017 6.27738 6.4792 6.03203 4.49842 4.40189 4.26603 4.15136 4.38719 3.90713 3.54799 4.72156 4.24728 12.9612 3.52453 11.0164 4.78854 3.2072 3.23347 3.79128 3.10772 5.28423 4.01445 5.05311 3.89109
threshold=11.500000000000002 28.935070710465954 50.709324003732959 2.5000000000000004 437.81897968421259 970.9031270305386 11.906877329270801 -124.6052459138575 -0.27082048271196507 351.60970545938602 163.17081405631603 15.534684945666465 0.18555297270189336 0.14693218290879043 1015.793849819555 -0.20592886456736084 0.33900696510507156 7.7170069014704768e-09 9.2539060461506723e-09 3.6129695438774054 0.7256591603840471 351.60970545938602 533.57941757656806 868.94751363305761 0.2726992791925778 -0.1541701785743825 0.36507325167239474 226.90533684943102 1.8273303894542952 25.113767066858205
decision_type=2 8 2 2 2 2 2 2 2 2 8 2 2 2 2 2 10 2 2 10 10 2 2 2 2 2 2 2 10 10
left_child=1 3 5 11 25 6 12 -8 -7 -4 15 -1 13 -3 -10 16 -9 -17 -19 22 -21 -22 23 -13 -25 26 27 28 -5 -27
right_child=-2 2 9 4 -6 8 7 10 14 -11 -12 19 -14 -15 -16 17 -18 18 -20 20 21 -23 -24 24 -26 29 -28 -29 -30 -31
leaf_value=-0.025632107051668174 -0.042285015045713518 -0.0232180064479886 0.0080286799863539503 -0.033244014185954789 0.034377064702341462 -0.032851415570177823 -0.0034218727611883982 -0.021075557434547181 -0.012238531817677168 -0.031567356832272318 0.0335207801592005 -0.0016752378058533302 -0.036420207809529141 0.018251823414706585 0.025308829908047177 0.017192406188150339 0.034654518596901211 -0.075290691284041797 0.011932811110360791 -0.041975821475544378 -0.018274431399232707 0.012813966763667023 0.0082598305875630912 -0.0044926868579983409 -0.024522575558207308 0.011981878246100714 0.019948917515894067 -0.05028909531254893 0.014983619926634776 -0.028500467158727168
leaf_weight=33.183687242213637 26.593672152608633 8.5459746136330086 12.127829111646863 9.7903606989421021 16.523651299532503 11.53779623005539 29.269750766456127 3.5624182508327058 11.500943991355602 15.455479867290705 56.342266448773444 134.5430059665814 6.887722322717309 18.3289311430417 14.828609151765702 81.686970693990588 36.8244658424519 4.3917023749090758 19.398710436653346 26.316070125438273 22.757066652178764 24.898974744603038 41.571552382782102 52.254295168444514 42.979928232729435 47.286933007650077 9.1267726439982635 7.898423133417964 10.078764299396424 5.8071375996805727
leaf_count=207 912 287 307 282 674 234 2459 314 247 392 5359 704 206 617 319 6672 3248 232 1027 269 290 318 227 254 209 1933 281 239 290 237
internal_value=1.27458e-05 0.000965238 0.0107263 -0.00569836 0.00510438 0.0130608 0.0155355 0.0184633 -0.00422653 -0.014486 0.0216324 -0.00874372 -0.00449111 0.00470494 0.00906017 0.0168434 0.0293483 0.0118246 -0.00655621 -0.0070515 -0.0166581 -0.00210207 -0.00438111 -0.006694 -0.0136932 -0.000589403 -0.0115635 -0.0222545 -0.00923445 0.00710913
internal_weight=842.3 815.706 330.69 485.017 106.512 303.106 265.239 231.476 37.8673 27.5833 202.207 378.505 33.7626 26.8749 26.3296 145.864 40.3869 105.477 23.7904 345.321 73.9721 47.656 271.349 229.777 95.2342 89.9884 36.8943 27.7675 19.8691 53.0941
internal_count=28901 28633 21921 6712 4347 21222 20455 19444 767 699 19232 2365 1011 904 566 12177 3562 8615 1259 2237 755 608 1482 1203 463 3306 1136 839 572 2170
is_linear=0
shrinkage=0.05


Tree=169
num_leaves=31
num_cat=0
split_feature=8 8 20 20 4 15 5 5 2 15 16 12 20 10 2 11 5 17 16 16 8 12 20 7 8 8 9 2 9 6
split_gain=3.43786 8.41367 4.13788 3.1721 3.8101 4.06764 3.0913 6.45495 5.85628 5.96973 4.35005 4.86332 3.50031 3.15664 3.17126 2.95315 3.5692 3.23865 3.59364 5.22676 3.24177 3.15016 2.86631 2.87747 2.83417 5.84734 2.71467 3.5325 8.54046 4.63279
threshold=0.25365004255388618 0.24794497821915187 1.1483989195491753 61.991614294045654 62.690161149900952 7.0250695317078453e-09 35.337664901228308 26.006817665102805 5.4881498870771344 9.8701543936188471e-09 0.31632431922256526 -102.16733390874498 13.711215792034052 2.5000000000000004 5.1742375907475067 -76.814820727773892 -1.048857504234 2.1316282072803012e-14 1.0000000180025095e-35 5.5140294349795012 0.083532424475089698 -122.57097345066471 226.61126853664851 0.45240396915002284 0.43333435838780693 0.37109170176010037 0.18156806482681045 5.2853069417313119 0.2506769706007948 -0.16627536543873297
decision_type=2 2 10 10 2 2 2 2 2 2 2 2 8 2 2 2 2 2 2 2 2 2 10 2 2 2 2 2 2 2
left_child=1 15 -2 6 22 -6 7 8 9 10 11 13 -13 14 -4 17 -17 21 -19 20 -20 -1 23 -5 25 -14 -23 -28 -29 -30
right_child=2 -3 3 4 5 -7 -8 -9 -10 -11 -12 12 24 -15 -16 16 -18 18 19 -21 -22 26 -24 -25 -26 -27 27 28 29 -31
leaf_value=0.020087401103321141 -0.024766164973868018 0.08402073095575649 0.062029199769411902 -0.039308882969271451 0.045095618596862751 -0.029428238208520602 -0.01328900665754704 0.056692455017288014 -0.019718702183764661 -0.034079335069359659 -0.029337371073853282 -0.024694920842058571 -0.0089626661292165413 0.08207618010145451 -0.00020215406338441788 0.084613016126060397 -0.0066283530332812875 -0.021632251014525296 0.0093409988942756775 0.0016708011310987106 0.069857654326626509 -0.017697931333271175 0.023650272118883525 0.029437181608114316 -0.022023997808811691 0.10739004600991997 -0.012044241077458516 0.063538724324495852 0.047572251147957684 -0.014077135253664417
leaf_weight=17.534797812346369 15.115351447253486 2.8551250096643344 2.6741604560520553 13.104208521544935 3.9443860261235395 2.0542275262996554 11.500828762422314 6.7212341146077961 13.236712090088984 3.5381654992233962 2.1045567429391667 4.0851109239738506 1.7787029549945157 5.2731221114518121 4.6084207391832024 1.689525730791503 1.5575537836411966 3.1331352801062193 3.4911450849613219 8.8585492037236673 7.282866409397684 20.719326493213885 1.8952904302859679 0.98068012343719602 1.0929159616352988 1.2869975493522361 18.240809008595534 5.9388993234606486 2.796795175643644 14.465257215895686
leaf_count=2608 2274 384 217 3875 454 236 1089 706 1476 342 214 612 384 360 374 238 220 269 282 798 588 3876 532 290 240 278 3308 1177 582 3012
internal_value=-0.000346493 0.0113373 -0.00164436 0.00298301 -0.0128184 0.0190166 0.00909691 0.0148088 0.00649487 0.0198575 0.0292667 0.0362702 0.00530364 0.0547109 0.0273793 0.00860516 0.0495909 0.00683953 0.0230431 0.0308757 0.052707 0.00198266 -0.0251847 -0.0328882 0.0338466 0.0542825 -0.00336162 0.00405411 0.0166855 -0.00203068
internal_weight=203.559 108.564 94.9951 79.8797 21.9788 5.99861 57.9009 46.4001 39.6789 26.4422 22.904 20.7994 8.24373 12.5557 7.28258 105.709 3.24708 102.462 22.7657 19.6326 10.774 79.6959 15.9802 14.0849 4.15862 3.0657 62.1611 41.4418 23.201 17.2621
internal_count=28901 14608 14293 10662 5177 690 5485 4877 4425 2556 2331 2094 1236 858 591 14266 458 13808 1955 1769 870 11853 4487 4165 915 662 11629 7515 4599 3594
is_linear=0
shrinkage=0.05


Tree=170
num_leaves=31
num_cat=0
split_feature=8 20 20 9 3 21 9 4 20 17 16 16 5 3 3 5 21 8 15 15 16 9 15 13 9 20 21 8 20 8
split_gain=3.82468 7.88105 5.34431 5.5732 3.61175 3.68988 3.06034 5.03565 4.8397 3.64309 3.51785 5.08054 3.76882 3.49691 2.96854 2.7334 3.22428 2.73055 2.62048 3.15517 4.03903 3.92126 2.98787 3.82695 3.94283 4.02795 5.43593 6.54356 5.30904 5.05219
threshold=0.49205462870712463 22.455141661238304 2.0894628097485701 0.4814010799684692 14.572345772661203 1.0719377145741902 0.041168483672458407 21.832779935127704 89.534576726354359 2.7906489684097502 3.8475781139241185 5.1953431780721653 20.363947160593703 15.744685529427501 17.702907373423503 -46.513005515764092 1.4808840897966451 0.13265886466952195 1.3825823835592871e-08 7.5509124130855004e-09 1.0000000180025095e-35 0.22103346770778301 4.6191360847799572e-09 20.515252201812384 0.15421798955877988 34.496125087209059 1.3904153779081152 0.27669261818188923 17.086170864996756 0.28618164117793571
decision_type=2 8 10 2 2 10 2 2 10 2 2 2 2 2 2 2 10 2 2 2 2 2 2 2 2 10 10 2 8 2
left_child=2 -2 3 15 5 17 7 -6 -9 10 13 -12 -13 -8 -15 -1 -17 -4 19 22 21 -21 23 -16 -25 26 29 28 -28 -26
right_child=1 -3 4 -5 6 -7 9 8 -10 -11 11 12 -14 14 18 16 -18 -19 -20 20 -22 -23 -24 24 25 -27 27 -29 -30 -31
leaf_value=0.026635312981995004 0.10817207429470786 -0.024866732066852134 -0.027519043394697004 0.065063780950941355 -0.0093256656418501446 -0.024687767366542289 0.056022545225340885 0.087540351964237234 -0.0074983229246687383 -0.033337827533376545 0.10076643344228649 -0.029124777280149085 0.04458622552279147 -0.03287233848413329 0.073628967133706369 -0.025738769381136492 0.0261161798668616 0.031358277182576257 -0.016384003379030513 0.098292445899487102 -0.012573559720155926 0.011146525085392312 -0.019606490834018706 -0.014122316283797967 -0.023117076137782494 0.0020329362222153975 0.014922301360978158 0.0044342197012468563 0.11353580494875022 0.039689111858981663
leaf_weight=2.5003461902961126 1.5845040136482587 1.4175223723286754 1.8347696890123231 1.2481234418228266 3.1588736423291257 12.798302477109244 2.9416245855391017 4.2702626348473141 1.5969366692006586 3.5296582540031523 1.7205300681525848 2.2236622871132576 2.8796503549674526 3.3563501033931962 1.4914945139316831 28.407566915033389 2.5327517634723336 6.2734941951930523 7.8355822643497959 2.4568500935565698 2.0633968124166131 2.5210835079196841 7.2526879505021498 12.560701930895446 6.0315646755043462 23.198806359316222 2.3428233405575165 4.1336861387826502 4.0182924540713421 4.9077897324459627
leaf_count=551 236 212 319 276 429 3448 420 550 206 505 257 356 460 478 229 6451 575 1091 1097 221 215 226 1101 1958 391 3495 236 446 406 318
internal_value=-6.99358e-05 0.054836 0.00525252 -0.0119127 0.00998271 -0.00869945 0.0136972 0.0402055 0.0643476 0.010859 0.0128533 0.0451477 0.0129586 0.0098399 0.00758709 -0.0165914 -0.0208092 0.0164767 0.00964868 0.0126274 0.0423453 0.0634049 0.00886874 0.0126574 0.00982949 0.0167318 0.0318411 0.0558863 0.0841773 0.00602425
internal_weight=165.09 3.00203 162.088 34.6888 127.399 20.9066 106.492 9.02607 5.8672 97.4662 93.9366 6.82384 5.10331 87.1127 84.1711 33.4407 30.9403 8.10826 80.8148 72.9792 7.04133 4.97793 65.9378 58.6852 57.1937 44.633 21.4342 10.4948 6.36112 10.9394
internal_count=28901 448 28453 7658 20795 5633 15162 1225 756 13937 13466 1018 816 12448 11995 7364 7026 1410 11311 10747 733 447 10014 9022 8914 6724 1841 1132 642 709
is_linear=0
shrinkage=0.05


Tree=171
num_leaves=31
num_cat=0
split_feature=10 21 20 19 9 9 3 13 11 3 5 5 4 13 5 13 15 7 13 15 13 11 6 0 9 20 9 1 2 7
split_gain=28.4224 40.0368 13.2867 7.83671 5.92626 5.27138 5.14174 4.09371 4.10926 4.32519 4.76497 4.06581 7.48833 8.13087 7.46845 3.65101 3.11256 2.81423 2.1572 1.99138 1.99073 3.65463 1.77828 1.65983 1.63082 1.38929 0.817961 0.717951 0.539053 0.496415
threshold=14.500000000000002 0.7256591603840471 6.780489744390251 2.5000000000000004 0.43437640898072699 0.29625112069068932 40.368598835203805 24.680225099050549 -106.89958807727949 30.668316841600653 25.212019929739252 34.040744419176306 31.036217556156952 22.602087561978227 -17.845882162283246 23.339902398423352 1.6333012392525992e-09 0.08558398761677434 21.032560027963502 1.0000000180025095e-35 22.186399794434461 -96.068437505610433 -0.12705398723995517 386.18213564170259 0.24620742753748967 2.3562746189955655 0.00379979468035252 0.92711230713892612 3.8474093132952647 -0.48004834825801723
decision_type=2 8 8 2 2 2 2 2 2 2 2 2 2 2 2 2 2 2 2 2 2 2 2 2 2 10 2 2 2 2
left_child=1 3 4 6 5 15 11 8 -4 20 22 12 14 -14 16 -3 -1 -8 -5 -15 23 -22 -11 -10 -16 -17 -9 -28 -29 -30
right_child=-2 2 7 18 -6 -7 17 26 9 10 -12 -13 13 19 24 25 -18 -19 -20 -21 21 -23 -24 -25 -26 -27 27 28 29 -31
leaf_value=-0.012987012091039264 0.041495143580128471 0.015389954576589968 -0.035855447158860229 0.0077739480560810887 0.031444074169134195 -0.036903026742083948 -0.026311020271779381 0.0023159690091827836 -0.040727914386670831 0.017398786569273596 0.052439660967026173 0.02706624917191346 0.013780458877308938 -0.010005049975652498 0.018847469849452375 -0.033148071966140565 0.014860082123042623 0.0057567451235863544 -0.038552633859520326 -0.035301259957469064 -0.025575565602544422 0.039559206683733576 -0.026757778423796477 -0.002022405769882234 0.03683538586267341 0.0016936445163788618 -0.0010524531152107878 -0.006442924428837914 -0.0084451690753440441 -0.041417871630729117
leaf_weight=21.39869345119223 30.322825901210308 17.396430844441063 26.359154931502417 2.8095243445131937 9.5102936010807735 12.051383568439633 14.041924957884479 1.0656196905765671 11.221239387756215 2.9699186850339192 4.0277810441330075 33.555033487500623 27.79804748413153 17.234759663231671 30.82399950735271 6.5435305847786358 17.17962688812986 12.001463984604923 10.864206251222638 15.096833101473747 4.4613166779745379 2.5556854768656194 4.5858404268510622 3.7216336268465966 27.165501341689378 4.4592889701016247 1.2393713002093125 1.572843660134821 1.7462251198012371 79.878223746549338
leaf_count=254 1923 485 2220 371 250 343 261 228 841 211 245 301 287 230 226 354 204 223 1435 202 476 272 327 279 200 242 266 341 383 17504
internal_value=0.000317525 -0.00785934 -0.0244442 0.00627481 -0.00213568 -0.0105987 0.00863833 -0.0320424 -0.0214116 -0.00935196 0.0145636 0.0114926 0.00800723 -0.00578816 0.0165685 0.00143925 -0.000524058 -0.0118669 -0.0291529 -0.0225215 -0.022052 0.000122718 -0.00939635 -0.0318195 0.0277556 -0.0200626 -0.0391567 -0.0397011 -0.0402575 -0.0408232
internal_weight=455.658 425.335 195.366 229.97 49.9609 40.4506 216.296 145.405 59.9026 33.5434 11.5835 190.252 156.697 60.1296 96.5678 28.3993 38.5783 26.0434 13.6737 32.3316 21.9599 7.017 7.55576 14.9429 57.9895 11.0028 85.5023 84.4367 83.1973 81.6244
internal_count=28901 28637 24642 3995 1311 1150 2189 23331 5046 2573 705 1705 1505 621 884 791 458 484 1806 432 1868 748 538 1120 426 596 18285 18134 18053 17887
is_linear=0
shrinkage=0.05


Tree=172
num_leaves=9
num_cat=0
split_feature=21 21 0 6 13 6 11 3
split_gain=3.65246 2.7464 1.94709 0.986853 0.89171 1.28889 0.378944 0.200159
threshold=0.67203394054469012 0.49671902741587504 601.35660965990758 0.45219081230114183 24.234325592416571 -0.084776678877403797 -107.71484205766998 56.175088511826957
decision_type=8 8 2 2 2 2 2 2
left_child=1 2 -1 -2 -3 -6 -7 -5
right_child=3 4 -4 7 5 6 -8 -9
leaf_value=-0.028624856121726827 -0.032520599534823807 0.0044406703500864042 0.037941733429639052 -0.0063109051132792752 0.080647322417134237 0.022438264882757193 -0.014245774594730618 0.028242287700159036
leaf_weight=2.0549330276771847 3.4574445441976427 0.89756585208670037 0.72986866399878636 0.17782872061798216 2.0437804706743945 0.37916020561533881 0.49303295582648909 0.25580421197082615
leaf_count=1895 22435 255 673 496 542 201 262 714
internal_value=-0.000835688 0.0318179 -0.00576326 -0.0239058 0.0547572 0.065156 0.00516856 0.0195543
internal_weight=10.4894 6.59834 2.7848 3.89108 3.81354 2.91597 0.872193 0.433633
internal_count=28901 3652 2568 25249 1084 774 463 1210
is_linear=0
shrinkage=0.05


Tree=173
num_leaves=22
num_cat=0
split_feature=20 11 12 1 2 9 9 0 20 5 5 20 5 17 8 2 21 6 16 20 1
split_gain=9.15686 7.25064 3.76492 3.82852 3.08549 2.56313 2.90082 2.87029 3.59876 2.59101 2.17501 1.82091 1.57913 1.6235 1.44533 1.02909 0.882858 1.20375 1.72233 0.364392 0.676511
threshold=2.3562746189955655 -81.76873362405199 -70.990920784017291 142.28704808227954 5.8010161323488303 0.12448803030367551 0.064781131367979597 442.43059571932855 1.3053784027135953 -21.833794477543332 21.061892849493454 17.598057597010353 -58.423472771293042 11.037477435838026 0.20034466732090131 5.5642989125481606 0.45538001125295807 0.10983552343188753 1.0000000180025095e-35 3.6129695438774054 174.31786986738854
decision_type=8 2 2 2 2 2 2 2 8 2 2 8 2 2 2 2 8 2 2 10 2
left_child=5 4 3 -3 12 6 -1 9 15 -7 -6 -5 -2 16 -11 -9 17 19 -19 -14 -21
right_child=1 2 -4 11 10 7 -8 8 -10 14 -12 -13 13 -15 -16 -17 -18 18 -20 20 -22
leaf_value=0.0057279563531376426 0.030041064260255507 0.087217447822608152 -0.025887735354589981 0.040876410818791849 -0.019718149342538113 0.015939095881977429 0.039270442418117724 0.011387768469368342 0.033043487237064677 -0.032912255231380132 0.06124909317175134 -0.025725539715989065 -0.036192052032192105 0.029672609402342055 -0.0049222431359505683 -0.013627022653632132 -0.039968132651942961 0.03679782851907356 -0.025214119138349003 0.024583563395216595 -0.021159738398397993
leaf_weight=12.708231095573867 0.27770256291842343 2.0177404560381564 1.6090727270930074 0.70400209416402726 0.87169318657834161 7.5941740160342333 12.970723327249289 6.7274007920641479 13.429269864223897 7.3643656434724152 0.77446252247318625 1.5812949361279596 3.5293417755165226 0.28398024197667837 11.234938700450583 7.8157830846030265 22.410811236361042 1.3699733913526884 1.1830698589328674 0.36780368431937049 1.0035938823712056
leaf_count=218 227 495 407 231 395 218 222 202 288 234 350 518 568 233 356 234 18544 263 227 200 547
internal_value=-0.00053567 -0.018701 0.0287763 0.0502444 -0.0280583 0.010802 0.0235075 0.0044616 0.0153476 -0.00730065 0.0271253 0.000988734 -0.0318121 -0.0333279 -0.0171186 -0.00206747 -0.034869 -0.0166234 0.009053 -0.0292669 -0.00369826
internal_weight=117.829 37.9845 5.91211 4.30304 32.0724 79.8449 25.679 54.1659 27.9725 26.1935 1.64616 2.2853 30.4263 30.1486 18.5993 14.5432 29.8646 7.45378 2.55304 4.90074 1.3714
internal_count=28901 27111 1494 1055 25617 1790 440 1350 599 751 745 749 24872 24760 590 436 24712 1279 490 789 747
is_linear=0
shrinkage=0.05


Tree=174
num_leaves=31
num_cat=0
split_feature=16 20 19 11 1 11 0 21 1 17 7 11 7 13 21 3 1 1 7 4 20 7 5 13 21 19 0 0 9 9
split_gain=18.1685 18.6482 8.79199 6.50742 5.80586 4.78194 7.34601 7.43397 4.51245 5.69417 4.05682 4.36974 3.92616 3.88019 3.86264 3.6485 3.40552 3.23018 3.81906 3.79428 6.77643 5.75631 4.41267 3.71753 3.22579 3.21623 8.58451 6.15796 4.15777 6.24412
threshold=21.274836997293729 42.935671899378058 2.5000000000000004 -107.15130495302148 341.55937810804852 -108.35319093301648 563.24618813519203 1.8273303894542952 10.780575984860951 1.0000000180025095e-35 0.25682154516805744 -123.95631354141598 -0.40576117859604638 15.534684945666465 0.14501666308455705 57.873578278531802 265.26363660670853 153.79100135998604 -0.37683304378702193 29.542441101298952 1.3053784027135953 0.042327484692073238 -19.010750727536095 20.207413537898379 1.5949292151095853 4.5000000000000009 404.10310293767958 456.08588444800301 0.22848265912793544 0.36840385630449185
decision_type=2 8 2 2 2 2 2 8 2 2 2 2 2 2 8 2 2 2 2 2 10 2 2 2 10 2 2 2 2 2
left_child=1 2 13 5 15 10 7 -7 9 -5 25 -12 -6 -1 -10 16 -4 -15 -19 20 22 -22 -20 -21 -18 28 -27 -28 -3 -30
right_child=-2 3 4 8 12 6 -8 -9 14 -11 11 -13 -14 17 -16 -17 24 18 19 23 21 -23 -24 -25 -26 26 27 -29 29 -31
leaf_value=-0.023941474878175308 -0.042615489301894259 0.015627928467039493 0.0086486268517386618 0.017579539636070052 -0.020993116722157104 -0.08266445176358371 0.032873168975330484 -0.0003083040507261297 -0.015179870149648181 -0.039636676037987095 -0.0061089501357122203 0.034699752948325446 0.029915910197701831 0.0089498375239450787 0.025407225586077459 -0.019304110258925776 -0.040191967370472974 -0.022411873087874165 0.011443270759671439 -0.013266206723795868 -0.0067201865907214296 -0.034534552476884244 -0.01166750380052446 0.0049845094442261539 0.0061988184576538732 0.02177389003634438 -0.094719110831208583 -0.011348824136374379 -0.024235400646509985 0.019323843706442412
leaf_weight=35.293441475369036 23.832184143364429 46.08311474788934 77.815407646354288 10.398865885101261 3.5994100542739025 4.8367492663674057 3.5002356781624258 5.1789268353022626 5.5671142260544002 6.0458138044923544 8.9297125749290007 21.21439954219386 29.871601462364197 29.331295802257955 106.12719981884584 18.316384380683303 6.6301346514374027 40.253900120034814 36.328715838491917 37.526423616334796 34.429268843494356 41.03131499979645 45.255986467003822 100.17814354691654 6.909912237431854 6.8744772351346937 3.2078818045556536 5.3494018102064729 20.119393019936979 12.553198696579782
leaf_count=243 827 2281 3481 351 233 358 298 384 573 204 462 1099 1935 210 10928 716 297 283 201 272 282 336 251 726 309 337 205 342 950 592
internal_value=1.23671e-05 0.000803704 -0.00451081 0.0116248 0.006092 0.00403624 -0.0231787 -0.0439734 0.0196938 -0.00452206 0.00715607 0.0228028 0.0239911 -0.00831435 0.0232675 0.000461919 0.00459103 -0.00673915 -0.00813535 -0.00611642 -0.0114028 -0.022098 -0.00136259 -4.88527e-05 -0.0177192 0.00196147 -0.0182066 -0.0492426 0.00609203 -0.00742257
internal_weight=832.59 808.758 542.771 265.986 143.143 137.847 13.5159 10.0157 128.139 16.4447 124.332 30.1441 33.471 399.628 111.694 109.672 91.3555 364.335 335.004 294.75 157.045 75.4606 81.5847 137.705 13.54 94.1875 15.4318 8.55728 78.7557 32.6726
internal_count=28901 28635 9213 19422 6456 7366 1151 742 12056 555 6215 1561 2168 2757 11501 4288 4087 2613 2353 2068 1070 618 452 998 606 4654 756 547 3898 1542
is_linear=0
shrinkage=0.05


Tree=175
num_leaves=31
num_cat=0
split_feature=7 7 20 4 1 6 21 21 5 9 8 4 8 8 13 3 3 0 6 1 20 12 7 5 21 6 21 2 8 11
split_gain=3.18944 3.87796 4.54315 3.83703 7.21651 8.50169 6.20943 4.77652 5.30091 6.69686 4.7474 4.69818 4.55639 5.52802 4.02659 4.60644 6.80295 6.23356 5.54646 11.6654 8.26616 7.37857 5.32654 3.62793 3.51284 3.49189 3.41209 4.72387 3.34313 4.19747
threshold=-0.43018585742217436 -0.4019131953144417 41.541395141797658 55.212019929739256 127.80838079698201 -0.049735402444112335 3.1176181480668155 1.0480736821806302 33.642081215829954 0.11494764402651382 0.25985464094573413 47.425847675719261 0.41150892979219894 0.40772313625469409 24.114292663358452 19.669872964424354 30.121650842570904 271.55970894932108 0.1130283412148073 243.01039506522403 61.991614294045654 -120.23515184502051 0.050253687370975804 6.2285005235226487 1.3583307457589153 0.015221529896623622 1.6694932823424551 5.2853069417313119 0.097931764401294932 -97.62199048498023
decision_type=2 2 8 2 2 2 10 8 2 2 2 2 2 2 2 2 2 2 2 2 8 2 2 2 10 2 10 2 2 2
left_child=26 2 -2 11 5 24 -7 10 9 -9 25 12 13 14 -3 17 28 22 21 20 -20 -18 -16 -14 -5 -6 -1 -28 -17 -30
right_child=1 3 -4 4 7 6 -8 8 -10 -11 -12 -13 23 -15 15 16 18 -19 19 -21 -22 -23 -24 -25 -26 -27 27 -29 29 -31
leaf_value=-0.037902572012345252 0.072669730167091356 -0.010684704026640067 -0.0058889078012224318 0.10612759164913477 0.0074168986439453717 -0.01943609474943863 0.051413180904050892 0.08946416919626908 -0.026669308588821602 -0.009470296038937065 -0.007022322976034806 -0.028032596168132268 -0.028434923976696641 0.085699300643937937 -0.023217442016152248 0.086030883854458395 0.024978271578442492 -0.025062013954862766 0.1126071203403777 -0.015730973341506554 -0.0004812585761035501 -0.02754552774517844 0.0892391710422233 0.023647527041015592 0.033794612018838731 0.065877466295409803 -0.031039259171264821 0.050113005260688785 0.043740135179204775 -0.027677511097456538
leaf_weight=7.4662027967860913 3.6558268913067886 24.782173259998672 2.8123854496516278 3.9030946607235864 4.6004308481933576 6.9362360846716902 4.1072065974585712 1.5804167451569844 16.107593871187419 4.5917988666333258 7.9546810652827844 12.029197806841692 15.286956523428673 1.2532021773513407 1.2122504741419164 3.5858775990782297 10.713972334284332 13.212364865117705 4.0409900565864545 5.8712188922800124 2.3657208891818291 14.631714153918443 1.5884316469309849 3.3940845009637997 4.6901589380577207 5.6662308601662517 2.575563259073534 2.6699955000076443 8.1351955628488231 1.9106535819591943
leaf_count=1140 452 4029 347 348 207 601 356 282 2139 819 384 1998 2742 203 250 797 1223 3917 573 784 336 1671 328 609 418 254 375 388 1905 447
internal_value=-0.000342048 0.00692218 0.0422975 0.0054579 0.0157094 0.0397825 0.0089948 0.00336041 -0.0119567 0.0248039 0.0217368 0.000400767 0.0036761 0.00821338 0.00624881 0.0125524 0.0197778 -0.0103781 0.00828383 0.0344889 0.0764215 -0.00523763 0.0472617 -0.0182515 0.0742866 0.042665 -0.0180837 0.0116774 0.0487668 0.028881
internal_weight=203.332 190.62 6.46821 184.152 60.1378 19.6367 11.0434 40.5012 22.2798 6.17222 18.2213 124.014 111.985 93.3038 92.0506 67.2684 51.2553 16.013 37.6236 12.2779 6.40671 25.3457 2.80068 18.681 8.59325 10.2667 12.7118 5.24556 13.6317 10.0458
internal_count=28901 26960 799 26161 5561 1723 957 3838 2958 1101 880 20600 18463 15112 14966 12308 7561 4747 4533 1639 909 2894 578 3351 766 461 1941 763 3028 2352
is_linear=0
shrinkage=0.05


Tree=176
num_leaves=31
num_cat=0
split_feature=8 5 20 9 3 21 17 3 21 12 17 3 15 3 3 8 12 1 1 21 12 12 6 1 5 4 0 11 21 21
split_gain=3.51359 7.31737 4.85162 5.17275 3.28549 3.39493 2.76189 3.10596 5.34092 5.74752 3.13638 4.58108 3.9536 4.0799 4.49548 3.27274 3.09572 2.85957 2.73018 3.06996 2.68721 4.08029 3.60101 3.40538 4.38825 3.63825 5.00494 3.59705 4.02276 3.06316
threshold=0.49205462870712463 -6.9395185948755982 2.0894628097485701 0.4814010799684692 14.572345772661203 1.0719377145741902 2.7906489684097502 48.876696775016256 4.1733410201028009 -119.7081168315482 1.686067760157741 33.622714750817309 2.488368258280638e-09 25.807944860251254 27.864089452676904 0.15613419882333848 -114.7514444132219 929.54083285078661 7.2287652825019606 1.4808840897966451 -109.47374689324302 -114.53251311469153 0.43824147413616654 1169.9039510658652 -45.647623957331241 74.273043063720763 507.06946013603857 -103.91883072587298 1.8273303894542952 1.3039972925315404
decision_type=2 2 10 2 2 10 2 2 10 2 2 2 2 2 2 2 2 2 2 10 2 2 2 2 2 2 2 2 10 8
left_child=2 -2 3 18 5 -4 7 8 9 -6 12 -12 20 -14 -15 -16 -9 -17 -1 -20 21 -11 23 24 -22 26 29 28 -28 -26
right_child=1 -3 4 -5 6 -7 -8 16 -10 10 11 -13 13 14 15 17 -18 -19 19 -21 22 -23 -24 -25 25 -27 27 -29 -30 -31
leaf_value=0.021065547360304832 0.10187822210054787 -0.024985669413617566 0.015443249614129946 0.061498276223686192 0.07001262786904465 -0.02410633346567511 -0.02399988795866707 0.0079341896304047626 -0.033440593924777877 0.041597913589817313 0.0021493655628130044 0.10069941686897782 -0.027581531498690495 0.068646150867430561 0.034143296851590621 -0.035712377251852161 -0.034332891244775759 0.015804250204633642 -0.026329059442893262 0.023798282951829102 0.083247097797903194 -0.015953810454295662 0.085691107096629082 0.066472448373372378 -0.032035056245499398 0.073085210096058534 0.079625193792433741 -0.022714773457161639 -0.019642718467649548 0.0095781925512676627
leaf_weight=3.5804734064731738 1.6942670231219394 1.4118675466161219 8.256870352895934 1.323275596834719 5.064916828996501 12.359511155227663 3.9195247542811558 21.677991861361082 3.6110875813756138 3.6579927367856735 2.1578360300045478 1.7244540391257031 8.2745454153628106 2.0534751340746888 4.0634734716732082 5.4617426587501532 4.3550606571370736 3.8496623719111085 26.454779532388788 2.6557265172014013 1.2939605295541756 8.1242236265097727 2.0467679403955117 3.4033326881472021 7.5615305593819464 1.0793310101144014 3.4167558230692539 1.1897155346232464 0.88524990726727992 8.4250252689234895
leaf_count=807 244 204 2256 298 829 3377 554 1481 601 618 251 201 1252 287 575 778 297 548 6498 652 292 1373 409 687 1638 252 925 360 240 1825
internal_value=-6.78614e-05 0.0521719 0.00523167 -0.0113237 0.00968768 -0.00828504 0.0131856 0.0148119 0.0197838 0.022803 0.0183659 0.0575833 0.0151763 -0.00111048 0.0139012 0.00130539 -0.000145127 -0.0149465 -0.0160093 -0.0211175 0.0243759 0.0037706 0.0322634 0.0253604 0.0170554 0.00988592 0.00359993 0.0408081 0.0593461 -0.0108318
internal_weight=165.034 3.10613 161.928 34.0143 127.914 20.6164 107.298 103.378 77.3451 73.734 68.6691 3.88229 64.7868 23.7029 15.4284 13.3749 26.0331 9.31141 32.691 29.1105 41.0839 11.7822 29.3017 27.2549 23.8516 22.5576 21.4783 5.49172 4.30201 15.9866
internal_count=28901 448 28453 7658 20795 5633 15162 14646 12868 12075 11885 452 11433 3585 2160 1891 1778 1326 7364 7150 7848 1991 5857 5500 5379 5260 5126 1663 1165 3463
is_linear=0
shrinkage=0.05


Tree=177
num_leaves=31
num_cat=0
split_feature=13 21 16 19 11 10 5 13 3 15 12 13 4 20 20 8 12 3 15 9 11 0 7 16 15 20 20 20 1 17
split_gain=26.0141 20.4209 17.1484 16.6944 8.90171 5.45256 5.27272 4.42882 3.81729 3.65884 8.71897 7.97634 8.79336 3.56173 3.34888 4.81724 2.64134 5.06367 2.63232 2.71153 2.56353 2.35806 2.31571 1.86547 0.984444 1.07053 0.958008 4.76156 0.850701 0.517371
threshold=33.18923079133652 0.068908731591709863 36.278754314765209 2.5000000000000004 -109.10109310553399 4.5000000000000009 34.040744419176306 -1.0000000180025095e-35 10.227790503290302 1.5364944555653749e-09 -91.322434739054003 19.567680339640258 26.131138949910653 16.121959567414155 2.3562746189955655 0.38986446954675552 -98.227130331846425 33.424215478877656 4.4833598785808521e-09 0.24620742753748967 -104.51412789957799 365.91234663925303 -0.11049127033841087 10.112435230648336 2.2490441239371718e-09 35.049681879180262 3.2166863544211104 18.461628974732854 0.92711230713892612 4.1402118715233778
decision_type=2 8 2 2 2 2 2 2 2 2 2 2 2 8 10 2 2 2 2 2 2 2 2 2 2 8 10 8 2 2
left_child=2 8 3 4 6 9 26 -5 -2 -6 11 -11 -13 14 -3 20 23 18 19 -18 22 -10 -16 24 25 -9 -1 -28 -15 -26
right_child=1 13 -4 7 5 -7 -8 16 21 10 -12 12 -14 28 15 -17 17 -19 -20 -21 -22 -23 -24 -25 29 -27 27 -29 -30 -31
leaf_value=-0.037031832812189296 0.020460849329310787 -0.038049919873754619 0.042592099709735716 0.038274601827473782 0.037755158633797269 -0.0075393913595190503 0.0062601388186905001 0.021074992898858468 0.0073913022017146959 0.040081131236379471 -0.012705546088546696 0.025516217951334963 -0.013820709596541379 0.0016009246015326901 0.028986877966584168 0.026166589569210752 0.041308783822854266 0.042844309997636221 -0.041607351466073327 -0.02751916221946665 -0.039114128538394258 -0.016058065917805207 -0.023034936529810458 -0.0024150078850241194 -0.03937261732128166 -0.026088304091246763 0.027788791944652464 -0.037227148437158013 -0.041247908685051349 -0.0052501562874765484
leaf_weight=12.954938530456278 19.338205164531246 14.258832016959785 26.014059893786907 1.9595174565911282 17.833519199630246 26.342412346974015 20.148288637399673 1.2486463929526519 18.269440897740424 32.632324932841584 24.085899444995448 32.846062798285857 23.640202885726467 1.1040447838604439 3.0057969659101227 6.5810840451158583 1.894484790042045 3.0124334001448005 5.8985177346039563 1.8792091531213371 8.3860610253177601 23.478977861814201 3.5936141374986628 4.9020175961777568 32.369508125586435 1.6387919792905441 3.5186853965278715 6.8084832152817389 66.372544455574825 1.4937593983486293
leaf_count=452 202 791 919 236 218 328 469 201 219 362 278 443 319 266 235 451 235 329 658 233 643 281 282 634 4431 263 200 388 16003 204
internal_value=0.000321071 -0.0202504 0.00469593 0.000711447 0.00747127 0.0129895 -0.0123678 -0.0231104 0.00266528 0.0171423 0.0135929 0.0207626 0.00909919 -0.033697 -0.0200691 -0.00702165 -0.0259757 -0.00546488 -0.0231156 0.00844927 -0.0223219 -0.00586358 0.00135562 -0.0319474 -0.0357182 -0.00551813 -0.0280822 -0.0145772 -0.0405337 -0.0380612
internal_weight=447.51 164.389 283.122 257.108 200.811 157.38 43.4304 56.2969 61.0866 131.038 113.204 89.1186 56.4863 103.302 35.8254 21.5666 54.3374 12.6846 9.67221 3.77369 14.9855 41.7484 6.59941 41.6527 36.7507 2.88744 23.2821 10.3272 67.4766 33.8633
internal_count=28901 18894 10007 9755 2969 1959 1010 6786 638 1599 1307 989 762 18256 1987 1478 6776 1386 1079 468 1149 500 517 5390 5099 464 812 588 16269 4635
is_linear=0
shrinkage=0.05


Tree=178
num_leaves=6
num_cat=0
split_feature=20 20 0 3 6
split_gain=3.36305 2.47655 1.87659 2.02478 2.33981
threshold=16.121959567414155 5.7203375950920803 527.1413022096566 19.306530252211353 -0.084776678877403797
decision_type=8 8 2 2 2
left_child=1 -1 3 -3 -5
right_child=-2 2 -4 4 -6
leaf_value=-0.023613661870690698 -0.03044132550940647 -0.025793532522822873 0.06655790586603505 0.057857953039947764 -0.020003185844626799
leaf_weight=1.3054345946220598 2.7101990342634954 1.4101816468682962 2.4063900814799126 1.7833257848833481 0.85891905500466081
leaf_count=726 7478 504 707 578 278
internal_value=-0.00082287 0.0266958 0.0386668 0.0122092 0.0340046
internal_weight=10.4745 7.76425 6.45882 4.05243 2.64224
internal_count=28901 4319 1898 1448 856
is_linear=0
shrinkage=0.05


Tree=179
num_leaves=15
num_cat=0
split_feature=20 2 6 16 8 8 20 16 21 3 9 16 12 5
split_gain=8.25898 9.31338 2.96837 3.24266 2.88389 4.16603 3.29867 3.81873 3.7631 3.58768 2.53225 1.96502 1.43409 1.23937
threshold=4.528915043210656 4.4969804159043507 -0.10023906732827557 1.0000000180025095e-35 0.40175102638518206 0.36507325167239474 1.0183291502908953 1.0000000180025095e-35 0.026296650163411355 16.096987906879605 0.2506769706007948 73.358885894741704 -109.97734514880595 -8.8708799969153489
decision_type=8 2 2 2 2 2 10 2 10 2 2 2 2 2
left_child=4 2 -2 13 5 6 9 8 -8 -1 -6 -3 -11 -4
right_child=1 11 3 -5 10 -7 7 -9 -10 12 -12 -13 -14 -15
leaf_value=0.020354084789811475 -0.02504312139593012 -0.039839431668316251 0.083368025538481647 -0.0098252003951071771 0.0086500769079014325 0.045713976085249977 0.0092036802520473956 -0.00072168782585737916 0.051359599160699071 -0.0013364020602385581 -0.026522005355003667 0.034087640509437307 -0.030194890889205791 0.01485271649162674
leaf_weight=8.2520381901995297 1.4900320207816555 21.210707802558321 2.1111512127099585 1.8184533729217944 10.018705108435828 7.833024273859337 10.797485425486233 15.810088590136727 10.499896782799622 7.5585848592454612 8.7392881247214955 0.20934221893548965 9.3068730507511628 1.4955660192645175
leaf_count=286 308 24983 317 294 233 202 236 328 230 248 204 247 306 224
internal_value=-0.000539243 -0.0217231 0.0260747 0.0418268 0.00883521 0.0134613 0.00874248 0.01803 0.0313584 -0.00514352 -0.00824946 -0.0376287 -0.0180601 0.0643487
internal_weight=117.151 28.3353 6.9152 5.42517 88.816 70.058 62.225 37.1075 21.2974 25.1175 18.758 21.4201 16.8655 3.60672
internal_count=28901 26660 1430 878 2241 1804 1641 771 466 870 437 25230 554 541
is_linear=0
shrinkage=0.05


Tree=180
num_leaves=31
num_cat=0
split_feature=10 21 20 3 1 2 16 19 0 11 1 20 0 7 11 9 20 7 1 12 8 8 4 21 15 8 12 20 16 5
split_gain=16.5945 16.9127 7.26617 6.57157 6.24084 7.42094 7.19792 6.49707 7.5596 5.63418 4.3927 5.23865 5.59828 4.92725 4.3666 5.28169 4.36406 4.49787 4.34369 4.19572 4.07057 6.00521 4.02074 4.34091 4.25675 7.18531 5.74658 4.67506 4.53543 3.77769
threshold=11.500000000000002 0.77466426013281253 71.374607698076616 21.459458062544702 62.747651318965701 5.3855458090303072 1.0000000180025095e-35 2.5000000000000004 381.04237954823003 -126.59850432013299 10.780575984860951 226.61126853664851 93.742953318703613 -0.19679224203699916 -108.20828876515598 0.27084825858719436 0.24170990294489453 -0.44513608690491208 371.55627451530205 -119.236977173944 0.31874147695376914 0.13265886466952195 7.4284991621554513 0.026296650163411355 3.9378708286102166e-09 0.1147396087554139 -108.98553882433002 0.13028891852209953 1.0000000180025095e-35 8.2105959807627027
decision_type=2 8 8 2 2 2 2 2 2 2 2 10 2 2 2 2 10 2 2 2 2 2 2 10 2 2 2 10 2 2
left_child=1 18 3 16 5 6 -5 8 -6 -4 -11 12 -12 -13 15 20 -3 -18 19 -1 21 -9 23 -20 25 -24 -26 -27 -29 -10
right_child=-2 2 9 4 7 -7 -8 14 29 10 11 13 -14 -15 -16 -17 17 -19 22 -21 -22 -23 24 -25 26 27 -28 28 -30 -31
leaf_value=-0.027480406554589294 -0.041178296635421809 -0.018404309598055456 -0.010515043041700532 -0.0098178904822089665 -0.026690003626938165 0.01108490962140626 -0.065402665464051865 0.012214316757559511 -0.0079335071442846704 -0.0020255678415636133 -0.037220576825942021 -0.051272290397093495 0.027039623142608507 0.015618391418891009 0.025883068212503413 0.019222812151746475 -0.026428321376103903 0.018840172703322569 0.015804750518902105 0.00550214435376055 0.011711981270089338 -0.045627859798830737 0.013477228274352361 -0.012432584510674057 -0.0066195568718330228 0.0044194895327919854 -0.036273680861717839 -0.027545251125577888 -0.0030211289268493131 0.024752251540634804
leaf_weight=9.8810689439997059 23.373763836920261 9.4039161037653667 17.90041459351778 12.140581597574059 33.633610119577497 10.86170718166977 10.989176388829945 6.3255969700403609 19.636213674675673 21.581508721224964 2.6564301513135424 3.6345036327838907 112.58650599280372 5.9673155676573515 28.84852719726041 23.130561810918152 5.0064445766620329 84.319726058281958 26.003010561689734 83.912837748415768 10.619270070455967 11.955677906051278 28.114786512218416 26.455270688980818 28.404072484467179 25.172164245974272 39.232350679114461 59.440172193571925 27.789554279763252 14.575308823958038
leaf_count=209 820 421 1493 332 464 353 301 220 342 2003 286 200 12142 329 1465 812 244 4102 246 1773 380 415 271 250 218 240 302 631 295 254
internal_value=1.57095e-05 0.00070104 0.00717549 0.00227957 -0.00333865 -0.0223383 -0.0378428 0.00112397 -0.010205 0.0154963 0.018726 0.0223008 0.0252509 -0.0121492 0.0106357 0.00185324 0.0126062 0.0160385 -0.00743984 0.00177423 -0.0122265 -0.0260181 -0.0107501 0.00159818 -0.0138548 -0.0087888 -0.0240982 -0.0144279 -0.0198552 0.00629926
internal_weight=823.552 800.178 445.773 281.446 182.716 33.9915 23.1298 148.725 67.8451 164.327 146.426 124.845 115.243 9.60182 80.8796 52.0311 98.7301 89.3262 354.405 93.7939 28.9005 18.2813 260.611 52.4583 208.153 140.517 67.6364 112.402 87.2297 34.2115
internal_count=28901 28633 24279 10569 6147 1106 633 5041 935 13710 13591 12957 12428 529 4106 1827 4422 4346 4354 1982 1033 635 2372 496 1876 1356 520 1070 926 596
is_linear=0
shrinkage=0.05


Tree=181
num_leaves=31
num_cat=0
split_feature=7 7 20 7 4 1 6 21 5 4 21 8 8 8 13 13 6 5 20 3 3 3 5 21 21 4 17 21 21 0
split_gain=3.03183 3.44277 3.79518 3.7468 3.68381 6.57936 7.79673 5.4828 4.61881 4.39835 5.4428 5.79104 4.30668 4.84418 3.69891 4.44457 7.96756 3.54509 3.47666 4.2689 6.50647 4.45198 3.6663 3.38027 4.22797 4.33163 3.37536 3.32076 4.61268 3.27446
threshold=-0.43018585742217436 -0.4019131953144417 41.541395141797658 -0.37683304378702193 55.212019929739256 127.80838079698201 -0.049735402444112335 3.1176181480668155 17.425847675719254 63.642081215829954 1.0008431087692702 0.23803898204266119 0.41150892979219894 0.40772313625469409 24.114292663358452 25.904579398516308 0.0809821462495144 6.2285005235226487 102.52136105942002 20.078561235010302 29.600659941228304 54.087313585483358 -39.329532698164108 2.5581210221365303 1.3477636560726551 24.360326638644803 2.7906489684097502 1.6694932823424551 2.6795352799531407 374.51165929290158
decision_type=2 2 8 2 2 2 2 10 2 2 8 2 2 2 2 2 2 2 10 2 2 2 2 8 8 2 2 10 10 2
left_child=27 2 -2 -3 8 6 -6 -8 12 26 11 -11 13 14 -5 16 -16 -14 19 -17 23 22 -22 24 25 -21 29 -1 -29 -7
right_child=1 3 -4 4 5 9 7 -9 -10 10 -12 -13 17 -15 15 18 -18 -19 -20 20 21 -23 -24 -25 -26 -27 -28 28 -30 -31
leaf_value=-0.037730356907844848 0.066065571346334992 -0.035189515893486338 -0.0053615090080436885 -0.0093083202894533451 0.072330246833207268 0.046718422787605254 -0.018345221388091044 0.048228697081574075 -0.027296049170107153 0.050180184263130159 -0.025721514755018195 -0.01605941810428985 -0.027581957687897282 0.080401354314684786 0.0004904890084285429 -0.012501620342857983 0.095679660358140864 0.024339058639577246 -0.023684635909396335 -0.002867665494274081 0.020441754159775578 0.030810998503933457 -0.023797600750799321 -0.0073712399192938025 0.11146835292240703 0.078566090000397729 0.072480087077119754 0.048993299602740778 -0.031055515515572452 -0.0077723448205401406
leaf_weight=7.2237051713746032 3.9273897932143891 4.522092862520366 2.7619552607648066 23.728051328798756 8.7280788257485291 3.3352090615080661 6.601076971506699 4.2696539824828506 11.412576698930932 5.7090174783952561 15.239547439734451 5.7711556298891082 14.411606155801566 1.3443629726534709 4.5586964128306136 12.164945423603056 3.2644235074985772 3.345432355767116 6.5875892916228622 3.7280164349358538 6.5755161460256195 11.80245344690047 11.452618048409942 1.6651801998959861 2.5033385371789327 1.8156414479017258 2.2869249047944322 2.7154518011957416 2.5566616080468521 6.9478447027504444
leaf_count=1122 469 644 330 3847 747 439 570 368 1902 218 1290 221 2649 217 602 2140 431 615 1237 424 1086 1363 1891 334 340 206 268 393 370 913
internal_value=-0.000344869 0.00687723 0.0397122 0.00547356 0.00668894 0.0168238 0.0397275 0.00966285 0.00163253 0.00469625 -0.00684664 0.0182625 0.00488358 0.00928789 0.00735051 0.0133785 0.0465533 -0.0170239 0.0082165 0.012653 0.020509 0.00820519 -0.0074356 0.0540059 0.0661177 0.0317339 0.0279291 -0.0176873 0.0114121 0.0124754
internal_weight=202.956 190.46 6.68935 183.771 179.249 58.8885 19.5988 10.8707 120.36 39.2897 26.7197 11.4802 108.948 91.1908 89.8465 66.1184 7.82312 17.757 58.2953 51.7077 39.5428 29.8306 18.0281 9.71218 8.047 5.54366 12.57 12.4958 5.27211 10.2831
internal_count=28901 26960 799 26161 25477 5413 1677 938 20064 3736 2262 439 17975 14711 14568 11982 1033 3264 10949 9098 5394 3446 2977 1948 1094 630 1474 1941 763 1352
is_linear=0
shrinkage=0.05


Tree=182
num_leaves=31
num_cat=0
split_feature=21 21 10 8 8 6 0 7 5 10 21 9 15 21 3 12 6 6 9 3 9 19 9 5 13 3 5 5 9 7
split_gain=3.26317 3.72949 3.17898 3.5928 5.24354 3.42629 3.39148 3.61377 3.88134 2.77377 2.23416 4.36238 4.44135 4.72285 6.19838 5.64011 5.09666 4.32828 5.49369 5.84395 4.70949 6.54592 4.48834 4.41379 4.30538 3.90888 3.66627 3.45794 2.9775 2.65084
threshold=0.28087821860479051 0.3670215638358581 2.5000000000000004 0.13491942372830715 0.14693218290879043 0.19217169417118288 305.52484906507908 -0.18845452956494488 17.060152985187404 5.5000000000000009 1.4240681335145953 0.43574743148595735 2.5577283772062632e-08 1.9390328494280851 48.876696775016256 -113.3736934936157 0.43824147413616654 0.10196957770965144 0.15421798955877988 27.483833971796503 0.18551941466532998 2.5000000000000004 0.095712871629310761 -22.945499466258088 21.388884930460097 55.427341955119857 -36.925997893292809 11.66251061571745 0.15852328538617869 -0.015926538370726752
decision_type=10 8 2 2 2 2 2 2 2 2 10 2 2 8 2 2 2 2 2 2 2 2 2 2 2 2 2 2 2 2
left_child=2 -2 3 -1 -5 -6 -7 -8 -9 10 25 12 13 14 17 24 -17 18 27 23 21 -19 -23 -20 -15 29 -13 -12 -26 -3
right_child=1 9 -4 4 5 6 7 8 -10 -11 11 26 -14 15 -16 16 -18 20 19 -21 -22 22 -24 -25 28 -27 -28 -29 -30 -31
leaf_value=-0.02927875491545668 0.063191789233033618 -0.01285182469891823 -0.03269802666467176 0.094920075582902164 -0.015223907263882452 -0.026580656948064121 -0.011517698274352842 0.086805649401636098 -0.0049152628936634489 -0.026337804477320356 -0.028514373723219605 0.032200868335339479 0.057329005760433017 -0.023021458138051822 -0.030835748532850205 -0.023433224503262871 0.052702281689657876 -0.025101166390630258 0.082268603320126366 0.12266623692784875 -0.023546816106289409 0.003438403815452221 0.13847267451054968 -0.014802472598961515 0.0048184146576079508 0.0525702707014628 -0.031653962373513235 0.050429554863449626 0.049953326472915872 0.0099062677811759085
leaf_weight=5.9348651751060997 2.2304091772530228 24.948362864670344 8.1499779663281515 0.76274640683550643 9.7156136619742064 1.6577970305806946 1.9761501720640824 3.1550282994285226 1.4545906800776718 4.5428944785380736 2.0508551959646946 2.1942366954754116 6.2978265415877104 3.3942822598037301 2.4878654209896922 17.056647686054937 1.5490694182808509 1.3898225268349074 0.9391581468517044 3.7651872730348259 3.8406088419724256 0.98980703286361027 0.89057250914629549 2.3464300215127816 5.9466439693933362 2.5601600693771616 7.199657464399932 1.5826042856788261 9.5467528691515326 24.262884095485788
leaf_count=1725 356 3608 1947 216 2773 439 527 813 375 728 389 391 1111 208 413 5821 529 234 208 642 683 239 215 518 376 359 1284 301 603 3508
internal_value=-7.36392e-05 0.00991651 -0.00752374 0.00174741 0.0125686 0.00424897 0.0263633 0.0414377 0.0621459 0.00852475 0.00998796 0.015536 0.0201867 0.0152316 0.0340595 0.00442597 -0.0147296 0.0442902 0.0631424 0.086268 0.0116716 0.0488612 0.0932635 0.0256666 0.0230874 0.00196955 -0.0150756 0.00933349 0.0339722 -0.00165746
internal_weight=164.82 132.013 32.8068 24.6568 18.7219 17.9592 8.24357 6.58577 4.60962 129.782 125.239 73.468 64.0741 57.7763 20.2829 37.4934 18.6057 17.795 10.6842 7.05078 7.11081 3.2702 1.88038 3.28559 18.8877 51.7714 9.39389 3.63346 15.4934 49.2112
internal_count=28901 21063 7838 7166 5292 5125 2182 1756 1188 20793 20232 12978 11303 10878 3368 7510 6350 3157 1892 1202 1265 551 454 726 1160 7254 1675 690 979 7116
is_linear=0
shrinkage=0.05


Tree=183
num_leaves=29
num_cat=0
split_feature=13 21 16 19 11 11 15 21 5 13 16 15 20 4 20 21 21 12 3 15 9 16 15 20 17 1 17 5
split_gain=23.6652 19.4788 15.8905 15.0809 8.20442 5.05235 16.9007 5.36155 4.8885 4.24597 4.048 4.01847 3.59857 3.52156 3.28239 4.73701 3.15965 2.66783 4.72732 2.57188 2.54134 1.82892 0.989625 1.08694 0.970816 0.851624 0.516525 0.295112
threshold=33.18923079133652 0.068908731591709863 36.278754314765209 2.5000000000000004 -109.10109310553399 -87.490400287026276 1.9730891630477038e-09 0.033272778204350907 34.040744419176306 -1.0000000180025095e-35 1.0000000180025095e-35 3.5125283901371314e-09 16.121959567414155 17.400322411203405 2.3562746189955655 1.1165922018082501 1.0480736821806302 -98.227130331846425 33.424215478877656 4.4833598785808521e-09 0.24620742753748967 10.112435230648336 2.2490441239371718e-09 33.401439675309355 1.0000000180025095e-35 0.92711230713892612 4.1402118715233778 28.276171804239404
decision_type=2 8 2 2 2 2 2 10 2 2 2 2 8 2 10 10 10 2 2 2 2 2 2 10 2 2 2 2
left_child=2 13 3 4 8 7 -7 11 24 -5 16 -6 14 -2 -3 -16 -9 21 19 20 -19 22 23 -11 -1 -14 -24 -17
right_child=1 12 -4 9 5 6 -8 10 -10 17 -12 -13 25 -15 15 27 -18 18 -20 -21 -22 -23 26 -25 -26 -27 -28 -29
leaf_value=-0.03783153907987552 -0.014377537436441316 -0.037769835489338294 0.042034453807355147 0.037904412837252349 -0.0091694377855130911 0.036427959175134014 -0.037640463547677742 0.045977882616603016 0.0055412317958914419 0.021721829744114862 0.0099523331975871713 0.016678333195084615 0.0016909924394728918 0.010703454075017998 0.012877962435489941 -0.036948390523449032 0.016781936619817434 0.039666776055298593 0.04113653123727725 -0.041268058129622642 -0.027125340572338386 -0.0023423308715397511 -0.039231840728906814 -0.025975459730144135 -0.015232166187627454 -0.041205492022660467 -0.0051065293389825073 -0.0078324207474930168
leaf_weight=11.404759935569022 19.93768662516959 13.777904450194908 24.375121854245663 1.9234574958682049 26.25972756720148 12.419885284267368 17.113143085734919 25.940113234100863 20.232495383359492 1.2254619481973354 26.63857673923485 32.73463533166796 1.0997228086926032 41.294256322085857 12.482675913255665 7.1957031262572846 16.713121292646974 1.9509945060126506 3.0930118393152952 5.6176059003919363 1.804338152753189 4.8840935279149562 30.910659958142787 1.6213308018632231 11.358088702429084 62.848974585300311 1.4838420967571435 1.683086404809728
leaf_count=407 208 779 872 239 245 204 282 346 475 200 354 306 280 430 864 876 223 243 344 647 225 656 4423 264 405 15989 212 205
internal_value=0.00032723 -0.0197377 0.00429787 0.000545395 0.00689174 0.0121568 -0.00631867 0.016426 -0.0122712 -0.0225355 0.0257637 0.00521184 -0.0333281 0.00243705 -0.0196009 -0.00671708 0.0351843 -0.025412 -0.0047331 -0.0223763 0.00861934 -0.0315652 -0.0354388 -0.00513393 -0.0276706 -0.0404531 -0.0378684 -0.0327806
internal_weight=440.024 160.32 279.704 255.329 200.815 157.819 29.533 128.286 42.9953 54.5148 69.2918 58.9944 99.0881 61.2319 35.1394 21.3615 42.6532 52.5913 12.466 9.37294 3.75533 40.1254 35.2413 2.84679 22.7628 63.9487 32.3945 8.87879
internal_count=28901 18894 10007 9755 2969 1959 486 1473 1010 6786 922 551 18256 638 1987 1478 569 6776 1386 1079 468 5390 5099 464 812 16269 4635 1081
is_linear=0
shrinkage=0.05


Tree=184
num_leaves=9
num_cat=0
split_feature=21 21 0 6 13 6 15 3
split_gain=3.14014 2.35646 1.78928 0.94024 0.739929 1.0658 0.372906 0.181828
threshold=0.67203394054469012 0.49671902741587504 601.35660965990758 0.45219081230114183 24.234325592416571 -0.084776678877403797 1.585201799569914e-10 56.175088511826957
decision_type=8 8 2 2 2 2 2 2
left_child=1 2 -1 -2 -3 -6 -7 -5
right_child=3 4 -4 7 5 6 -8 -9
leaf_value=-0.028366304122991567 -0.032004537373640986 0.0039865013562412691 0.035120294942407169 -0.0060252476893241638 0.072176575176555874 -0.014401507130928108 0.021849829176169649 0.0271336596143841
leaf_weight=1.9936969253249164 3.226814934980212 0.90744224472291524 0.78110381301667076 0.16846845345571737 2.2204723934119124 0.50216526308940979 0.3814671045911382 0.26677028436097316
leaf_count=1845 22248 245 723 468 554 263 200 742
internal_value=-0.000809629 0.0290548 -0.00592541 -0.0231541 0.0496051 0.0587202 0.00453983 0.0190434
internal_weight=10.4484 6.78635 2.7748 3.66205 4.01155 3.1041 0.883632 0.435239
internal_count=28901 3652 2568 25249 1084 774 463 1210
is_linear=0
shrinkage=0.05


Tree=185
num_leaves=23
num_cat=0
split_feature=19 0 0 20 9 9 20 11 7 1 8 5 5 16 7 6 21 1 9 21 8 11
split_gain=7.62848 3.71997 4.35797 5.21276 4.21949 5.53593 3.78942 3.57884 3.27051 3.17536 2.90445 2.27853 1.94389 1.69031 1.50894 1.44069 2.16176 1.06754 0.968532 0.927167 1.97335 1.59328
threshold=2.5000000000000004 656.21101433614206 293.13468262150553 2.3562746189955655 0.10401804870080157 0.45510101748023268 1.3053784027135953 -75.63802462259963 -0.29471181834608901 716.11390766342663 0.31482792291272682 3.4061632468966008 21.061892849493454 79.167622680511457 -0.10567537424294725 0.34303579166425485 0.022960566287379153 17.490925874638055 0.19299223621887987 0.77466426013281253 0.14309368513879853 -103.67831030008549
decision_type=2 2 2 8 2 2 10 2 2 2 2 2 2 2 2 2 8 2 2 8 2 2
left_child=1 2 4 6 10 8 9 13 -6 11 -1 -4 -10 19 -3 17 -17 -5 -11 20 21 -2
right_child=7 14 3 15 5 -7 -8 -9 12 18 -12 -13 -14 -15 -16 16 -18 -19 -20 -21 -22 -23
leaf_value=0.088296471308596788 -0.014455622703711899 0.065822065066908228 0.021377891148331423 0.011591566376070495 0.033144509173473849 0.076634420416449509 0.019403373710575083 0.033053495972535471 -0.037149358923755767 -0.034755765962807515 0.015362178580965275 -0.010984790961228751 0.010936962671945967 0.032363271926064384 0.0099143421092712167 0.054896238352685159 -0.02387345860029047 -0.039890378557193767 -0.0087342187820006415 -0.039257633827153943 -0.028922469754264369 0.069132804260328015
leaf_weight=2.7079166690236942 0.52325548097724195 2.6560442426998643 11.469400482747009 0.67841720668366257 2.7571500351186886 1.4077840334502978 25.911349323578179 1.5481643739913122 5.5341220611880955 6.883752665715293 2.9724510475061834 8.8073258502408844 2.5452970867045224 0.2364014252088964 2.4219467007787898 0.43384434495237834 1.281070484779774 9.8086088435666152 8.2201614989899081 15.484180760802699 2.1749129091040231 0.27762906611316163
leaf_count=214 376 279 274 401 402 202 490 1348 851 203 235 211 391 218 255 298 881 5793 243 14470 1501 200
internal_value=-0.000555895 0.0072526 0.00468011 -0.000818538 0.0260773 0.00793428 0.005241 -0.0258142 -0.00671096 -0.0053792 0.0581437 0.00746534 -0.0224644 -0.0321194 0.0451752 -0.0293478 0.00893421 -0.0358408 -0.0220156 -0.0345658 -0.0064188 0.0368188
internal_weight=116.741 96.4966 91.4187 73.4939 17.9247 12.2444 61.292 20.2445 10.8366 35.3806 5.68037 20.2767 8.07942 18.6964 5.07799 12.2019 1.71491 10.487 15.1039 18.46 2.9758 0.800885
internal_count=28901 11271 10737 8531 2206 1757 1158 17630 1579 931 449 485 1242 17277 534 7373 1179 6194 446 17251 2054 576
is_linear=0
shrinkage=0.05


Tree=186
num_leaves=31
num_cat=0
split_feature=16 20 19 11 1 11 0 21 1 17 7 11 7 1 13 2 20 8 19 0 0 9 9 21 10 9 7 1 1 3
split_gain=15.0801 14.712 6.75749 5.99428 5.32949 4.606 6.76687 6.00116 4.18304 5.21516 3.90904 4.08076 3.7966 3.4134 3.33301 3.27648 4.18756 4.46042 3.01278 8.0803 6.27568 3.91191 5.5485 5.22067 4.52899 3.50943 3.82464 3.18094 2.99235 2.95128
threshold=21.274836997293729 42.935671899378058 2.5000000000000004 -107.15130495302148 341.55937810804852 -108.35319093301648 563.24618813519203 1.8273303894542952 10.780575984860951 1.0000000180025095e-35 0.25682154516805744 -123.95631354141598 -0.40576117859604638 929.54083285078661 15.534684945666465 4.3843758502084169 143.35785517079603 0.18159555121908436 4.5000000000000009 404.10310293767958 452.95593458962355 0.22848265912793544 0.36840385630449185 5.9040107705961953 2.5000000000000004 0.0751214100460489 -0.0039946848287275563 14.560690535795851 59.33875344304861 21.297761818879057
decision_type=2 8 2 2 2 2 2 8 2 2 2 2 2 2 2 2 8 2 2 2 2 2 2 8 2 2 2 2 2 2
left_child=1 2 14 5 -4 10 7 -7 9 -5 18 -12 -6 15 -1 16 -10 -18 21 -20 -21 25 23 24 -23 26 -3 -27 -9 -15
right_child=-2 3 4 8 12 6 -8 28 13 -11 11 -13 -14 29 -16 -17 17 -19 19 20 -22 22 -24 -25 -26 27 -28 -29 -30 -31
leaf_value=-0.021940348750371829 -0.041505525820093675 0.020412108920624908 -4.3417099142404269e-05 0.016883386144934551 -0.021032808948105539 -0.076154575612987635 0.032311678965306151 -0.03545006227417196 0.038160245010440901 -0.037836248017806356 -0.0056499790178212109 0.034121173373057388 0.029180679094822599 -0.015878764070153536 -0.0059795407035830202 0.030137839589475815 -0.0538908595525458 0.014680350439959744 0.021193899229283098 -0.094109388532692545 -0.010519115332786542 -0.060096009344295043 0.018147052385623929 0.019800608499203984 -0.006451391496181097 -0.015291058148275104 -0.027462856525348175 0.030489028233916866 0.030270834804980069 0.021566963787677425
leaf_weight=35.187661410309374 20.902359426021576 6.962840428110213 107.92869458626956 10.101092575117947 3.5955461710691479 5.1318374718539417 3.241476362105459 2.3524428117088974 3.98442701715976 6.185002033598721 8.9725590534508246 19.838929829187691 28.063696653582156 9.655105914920572 364.25174850970507 73.948899185284972 3.5676747625693679 4.2468087812885642 6.6858254405669895 3.2077072127722195 5.440229868516326 8.2724323752336222 11.96408509230241 4.6791139235720047 7.2999614318832755 3.7927259481512037 7.8081216178834421 25.903408689890057 2.5857591396197677 9.4161210032179934
leaf_count=243 741 350 4992 344 246 378 280 230 247 211 486 1075 1922 256 2514 9483 211 251 330 203 344 317 573 201 280 206 393 1407 252 249
internal_value=1.76932e-05 0.000550495 -0.00413182 0.0104162 0.00531135 0.00309451 -0.0237724 -0.0431135 0.0184341 -0.00488424 0.00622525 0.0219615 0.0230085 0.0220691 -0.00743685 0.0262816 0.0016467 -0.0191878 0.00111491 -0.0184181 -0.0480652 0.00520763 -0.00792015 -0.0234493 -0.0368554 0.0146835 -0.00503189 0.0243344 -0.0017346 0.00276287
internal_weight=815.174 794.272 539.027 255.245 139.588 134.139 13.3115 10.07 121.105 16.2861 120.828 28.8115 31.6592 104.819 399.439 85.7478 11.7989 7.81448 92.0165 15.3338 8.64794 76.6827 32.2156 20.2515 15.5724 44.4671 14.771 29.6961 4.9382 19.0712
internal_count=28901 28635 9213 19422 6456 7366 1151 742 12056 555 6215 1561 2168 11501 2757 10996 731 462 4654 756 547 3898 1542 869 597 2356 743 1613 482 505
is_linear=0
shrinkage=0.05


Tree=187
num_leaves=31
num_cat=0
split_feature=20 9 12 1 20 17 15 15 15 7 20 16 6 11 6 0 12 21 9 3 20 13 2 0 17 0 8 6 15 11
split_gain=2.92406 2.84063 3.41201 3.9139 3.04054 2.59243 3.44328 2.96192 2.92134 5.1518 4.14604 5.86145 3.93389 3.51446 3.41644 5.35787 5.78372 5.7539 5.3532 3.93131 3.32292 3.30787 3.41988 3.73258 3.47496 3.00439 2.7992 3.76772 2.49492 2.37913
threshold=1.3053784027135953 0.30034081306057742 -122.57097345066471 4.780027304635456 0.58555727809401004 5.9108516989147324 7.4356511232580896e-08 2.9544387894295567e-08 4.0215063214650103e-09 0.46023865990641771 13.162809062982001 5.1651684406230194 0.06371696252000715 -94.61663463539044 -0.15136607697366641 445.22089203267052 -107.83609859001149 1.2372058971906303 0.22848265912793544 43.350864554065303 31.070947089663953 22.229278983226788 5.4120901061627169 710.42060896435316 0.39541070261671635 416.11307756393154 0.12442867367150169 0.27649891680647182 1.5364944555653749e-09 -87.054311641607484
decision_type=10 2 2 2 10 2 2 2 2 2 10 2 2 2 2 2 2 8 2 2 8 2 2 2 2 2 2 2 2 2
left_child=1 2 -1 -4 -5 6 7 8 9 21 12 13 -10 14 18 16 -16 -17 19 -12 -18 -2 24 -24 28 -11 -19 -28 -23 -3
right_child=5 29 3 4 -6 -7 -8 -9 10 25 11 -13 -14 -15 15 17 20 26 -20 -21 -22 22 23 -25 -26 -27 27 -29 -30 -31
leaf_value=0.030805811007245859 -0.035941068227635105 -0.031869455341576224 0.047415927999656438 -0.033400283551748358 0.011082002059783798 -0.031937811998600317 0.042751744803616862 -0.023944549663455883 0.05789590022059498 0.076354134176519151 -0.0068350007674871276 -0.035725516316613339 0.00551058192064105 -0.030910243110564863 -0.024490991193727229 0.0088514121160629729 -0.0093480087831755206 0.025696902095870573 -0.035722998243367603 0.073259246598498418 0.06872477638126652 0.011573049808385851 -0.014037599153478046 0.048043956033337359 0.066794418051220925 -0.0050494883803804099 0.14592655313221342 0.034095953747602041 -0.02146188913213587 0.030030271531082339
leaf_weight=6.6804752657189956 4.759839118923991 11.896853260230273 1.6934278014814559 9.7750072993803752 5.3491665039910004 2.9990790637675673 6.2725534969940782 6.2667889292351902 9.3537168405018729 2.6827696545515218 2.9470392974326423 5.3131204943638295 5.8307920184452087 2.6607676161220315 6.1245333204278731 4.5582386521855369 1.7507976959459537 2.4737648242153227 5.0050520928343758 1.8787647536955772 2.9566391065018243 47.430318472324871 30.706953392364085 1.6481677368283272 1.650912829907611 1.4674908070592207 1.8663021143293019 2.111726729082875 5.5502548909280449 0.97011516022030087
leaf_count=1259 759 2765 438 2746 1503 387 812 836 341 417 317 625 212 286 528 478 219 266 577 202 371 6638 6179 332 230 228 200 227 777 226
internal_value=-0.000344431 -0.00741508 0.0030528 -0.00908177 -0.0179561 0.00808504 0.00901018 0.00740001 0.00885244 0.00351747 0.0179529 0.00898603 0.0393635 0.0167204 0.0215453 0.0321578 0.00606136 0.0551897 -0.00282529 0.0315696 0.0431375 0.000777345 0.0031722 -0.0095296 0.0107308 0.0521789 0.0823469 0.105336 0.00777883 -0.0253734
internal_weight=202.631 36.365 23.4981 16.8176 15.1242 166.266 163.267 156.995 150.728 95.8967 54.8313 39.6467 15.1845 34.3336 31.6729 21.842 10.832 11.01 9.83086 4.8258 4.70744 91.7464 86.9866 32.3551 54.6315 4.15026 6.45179 3.97803 52.9806 12.867
internal_count=28901 7421 4430 4347 4249 21480 21140 20945 20504 15284 5220 4667 553 3693 3222 2088 934 1154 1134 519 590 14639 14125 6511 7614 645 695 427 7415 2991
is_linear=0
shrinkage=0.05


Tree=188
num_leaves=31
num_cat=0
split_feature=8 5 20 9 9 8 5 21 12 1 21 0 6 11 3 1 9 0 21 15 11 21 7 1 8 0 17 1 9 2
split_gain=3.08702 4.51226 4.26158 4.80428 3.02348 3.84997 2.63465 2.83658 2.59117 5.30152 3.29276 2.90395 2.88352 3.1989 4.28873 4.20485 3.40123 5.43129 2.87183 8.77985 5.26235 5.09858 5.01407 7.22414 4.88143 4.86045 4.56189 4.50363 4.20276 5.44719
threshold=0.49205462870712463 -14.589498024840447 2.0894628097485701 0.4814010799684692 0.43574743148595735 0.13491942372830715 -46.513005515764092 1.4808840897966451 -98.227130331846425 667.39130666984011 1.8640590342775603 258.55789982233506 -0.41124932032786082 -100.86991713647798 31.766849966941255 673.74091845486112 0.2689002043083108 480.67002437258907 1.8273303894542952 1.5364944555653749e-09 -113.17267155455899 0.3093991004139936 0.034990708829907298 234.38705736971954 0.15841332591553139 521.88439262655766 1.0000000180025095e-35 36.556712457186109 0.34123351662649887 5.196676376558381
decision_type=2 2 10 2 2 2 2 10 2 2 8 2 2 2 2 2 2 2 10 2 2 8 2 2 2 2 2 2 2 2
left_child=2 -2 3 6 8 -6 -1 -8 12 -10 11 -11 -4 15 -15 18 -17 -18 19 21 22 -14 23 -20 27 26 -21 -23 29 -26
right_child=1 -3 4 -5 5 -7 7 -9 9 10 -12 -13 13 14 -16 16 17 -19 20 25 -22 24 -24 -25 28 -27 -28 -29 -30 -31
leaf_value=0.027151859758289393 0.090953417232938191 -0.009288179085157373 -0.013248034381629525 0.058521999570832789 0.023043339477231542 -0.026748486894743562 -0.024624052809007729 0.023336141384020178 -0.028967603423388957 -0.025766059107126062 0.057487400529447841 0.026542646738187417 -0.022634338645954582 0.070515275662761209 -0.022188248294551613 -0.020767446982202172 -0.023593251456130261 0.04971136427904 0.014907576543172166 -0.020188598835577387 -0.016635596992438894 0.075960515033133405 -0.0040023878698620058 0.091825901058087772 0.11739911139073352 -0.034296459974751607 0.047654779312243101 -0.017602631859545907 0.1517902805032165 0.019154808921720085
leaf_weight=2.4728846359066692 1.545001866994427 1.7088301012408917 7.1420626845210782 1.3893650131067259 4.894754419045058 10.755145198665558 26.585323238861751 2.6774031185777858 9.7612356357858587 4.0962020655279039 2.8385047045303518 4.5388142890878953 1.1446294464985891 4.6033366462797858 1.0903342032106591 11.789957913220864 3.6695909901172845 4.797444557887502 8.9598426383454388 3.1138753981795153 10.426179010595659 1.0369145246222617 8.8044673595577461 4.0573388424236327 1.4381877650739641 4.2650177284376696 6.0711927008233033 2.7410359364002943 1.7761974169989116 4.5705467464285903
leaf_count=574 213 235 1060 321 831 1827 6383 643 2094 260 211 289 241 1000 237 914 269 351 480 433 1525 242 516 217 308 713 844 639 367 977
internal_value=-7.97267e-05 0.0485013 0.00524029 -0.0105295 0.00935911 -0.0107266 -0.0152479 -0.0196098 0.0122173 -0.0033891 0.0189499 0.00163007 0.0158367 0.0184255 0.0521 0.0153647 -0.00412037 0.018805 0.0220784 0.0341719 0.0115361 0.0623508 0.0251354 0.0437229 0.0718957 0.00507618 0.0249309 0.0186007 0.0926978 0.0560649
internal_weight=164.762 3.25383 161.508 33.125 128.383 15.6499 31.7356 29.2627 112.733 21.2348 11.4735 8.63502 91.4982 84.3561 5.69367 78.6624 20.257 8.46704 58.4054 26.1576 32.2478 12.7075 21.8216 13.0172 11.5629 13.4501 9.18507 3.77795 7.78493 6.00873
internal_count=28901 448 28453 7658 20795 2658 7364 7026 18137 4555 853 549 13582 12444 1237 11207 1570 620 9637 4921 4716 2671 1279 697 2489 2250 1277 881 1608 1285
is_linear=0
shrinkage=0.05


Tree=189
num_leaves=31
num_cat=0
split_feature=16 21 19 12 13 5 13 3 1 11 2 1 10 21 2 3 16 2 12 1 0 11 9 20 20 8 1 17 10 7
split_gain=21.526 31.9455 12.1292 6.7312 5.42801 8.03592 4.35484 3.59268 3.53314 5.99737 3.45088 4.23042 3.39668 3.82319 4.07141 7.85509 3.26386 3.17234 2.04612 1.92644 1.66468 1.62016 1.54146 1.50996 7.89428 1.16677 0.690304 0.456644 2.15972 0.380449
threshold=17.616020730864069 1.7137962444792603 2.5000000000000004 -111.22547329670412 37.683073314173051 34.040744419176306 -1.0000000180025095e-35 54.669656823439404 569.65759523350312 -92.522324210512792 4.343200633426477 142.28704808227954 4.5000000000000009 0.029732198310055455 4.9875448045590707 15.744685529427501 10.112435230648336 5.2999458151032703 -102.72890355888491 1037.5400207049954 416.11307756393154 -77.924180387930093 0.4814010799684692 2.7725522379621403 6.2622022233134356 0.27088601819964003 8.2238632934143272 0.95293905370384613 2.5000000000000004 0.43378162520691893
decision_type=2 8 2 2 2 2 2 2 2 2 2 2 2 10 2 2 2 2 2 2 2 2 2 10 10 2 2 2 2 2
left_child=1 2 3 17 12 8 -3 16 20 19 11 -8 13 -5 -15 -16 22 -1 -17 25 -6 -13 26 -19 -25 -10 -4 -12 -29 -28
right_child=-2 6 7 4 5 -7 10 -9 9 -11 27 21 -14 14 15 18 -18 23 -20 -21 -22 -23 -24 24 -26 -27 29 28 -30 -31
leaf_value=0.0091079184475589495 0.039092693672449254 0.035313395141901127 -0.0072936403925431608 0.0058512664494808388 -0.036786675916416628 0.032530147602031038 0.040411787658458168 0.036952906185284705 -0.016607141441866664 0.021053434908014108 -0.040511277928121599 0.0031185511328433065 -0.0043641979421650415 0.0047640563994384294 0.053221917498415844 0.0013195693427128317 0.028406430056700939 -0.032520618887011944 0.026476029582711526 -0.031290773799823778 -0.0073502545544869222 -0.042261260834696335 0.010559009035610084 0.042287313457949026 -0.037817907369150416 0.0083018542457240461 -0.036215982120496336 0.012891646765124172 -0.036912077250463381 -0.0062699118077791695
leaf_weight=9.319880713708697 25.642879321239889 1.4758302941918362 3.0396759093273422 60.762322818860412 13.709103243192661 11.821493316674603 2.4798800188582382 1.4235365509521214 8.8874371070414817 16.207973248558122 68.154073884245008 2.9455361382570135 25.617238253587857 22.627055387711152 21.155918635893613 16.519065788714219 1.7092368586454538 17.258409586735077 15.038125755265355 11.268825286999343 8.0223700366914255 4.2294796572532496 1.6994758644141255 3.9572122022509566 7.1703125161584467 8.0987399220466596 32.285499401856214 2.489078461425378 6.4075819982681423 1.576833839295432
leaf_count=254 1712 282 566 549 398 271 201 254 257 370 14187 211 239 298 267 237 310 550 215 317 233 304 316 220 400 234 6310 285 733 308
internal_value=0.000329717 -0.00730174 9.02404e-05 0.00389655 0.00699564 -0.00380443 -0.0337583 -0.0247124 -0.0106809 -0.0024257 -0.0353232 -0.00638879 0.0121971 0.0153234 0.022786 0.0302891 -0.0277319 -0.0154793 0.0137525 -0.0161534 -0.0267214 -0.025529 -0.0308722 -0.0235872 -0.00819268 -0.00492966 -0.0330085 -0.0388205 -0.0230835 -0.0350414
internal_weight=433 407.357 319.176 277.441 239.736 78.0159 88.1815 41.7343 66.1944 44.463 86.7056 9.6549 161.72 136.102 75.3402 52.7131 40.3107 37.7058 31.5572 28.255 21.7315 7.17502 38.6015 28.3859 11.1275 16.9862 36.902 77.0507 8.89666 33.8623
internal_count=28901 28607 11780 4330 3302 1791 16827 7450 1645 1014 16821 782 1511 1230 991 666 7318 1028 452 794 631 515 7177 904 620 491 6869 16039 1018 6618
is_linear=0
shrinkage=0.05


Tree=190
num_leaves=8
num_cat=0
split_feature=20 0 7 3 6 17 12
split_gain=2.957 2.21077 2.46676 1.71512 2.08535 1.8154 0.297979
threshold=16.121959567414155 527.1413022096566 -0.020030487700321228 19.306530252211353 -0.084776678877403797 1.0000000180025095e-35 -102.36008938579072
decision_type=8 2 2 2 2 2 2
left_child=1 3 -3 -1 5 6 -5
right_child=-2 2 -4 4 -6 -7 -8
leaf_value=-0.028113071570434051 -0.029810412830409302 0.072049801811238795 -0.016311755612183555 0.010961496855710968 -0.022316778346342797 -0.015679083585925395 0.074492545418809494
leaf_weight=1.8166437255349626 2.5129067211964857 2.2088435610712636 0.62609345239616232 0.64423961871944113 1.0852050594767191 0.55030860440456308 0.97874671395402668
leaf_count=1201 6968 751 213 218 629 210 331
internal_value=-0.000799346 0.024699 0.0533704 0.00253463 0.0222103 0.0444704 0.0630675
internal_weight=10.423 7.91008 2.83494 5.07514 3.2585 2.17329 1.62299
internal_count=28901 4319 964 3355 1890 830 549
is_linear=0
shrinkage=0.05


Tree=191
num_leaves=22
num_cat=0
split_feature=19 3 0 21 20 6 8 8 11 12 0 1 11 3 7 2 7 16 21 8 1
split_gain=6.98813 3.67759 3.49068 5.6989 4.37013 4.42597 4.47986 4.34056 3.40821 3.12005 2.90906 3.2583 2.51189 3.24305 3.54808 2.75943 1.80328 1.67725 0.935738 1.92603 1.59425
threshold=2.5000000000000004 2.6452701480221203 299.20940963746557 1.0233377004214352 1.6737139421197751 -0.34566954111901177 0.2726992791925778 0.12020988541364643 -75.63802462259963 -81.699329469536835 361.29694515007407 950.56252485243806 -103.40902943056098 46.359795381666657 -0.19679224203699916 5.5539089803423209 -0.039023398063903862 79.167622680511457 0.77466426013281253 0.14309368513879853 109.70927574202702
decision_type=2 2 2 8 10 2 2 2 2 2 2 2 2 2 2 2 2 2 8 2 2
left_child=1 -1 4 10 5 -3 7 -7 17 -6 -4 12 13 14 -12 -16 -13 18 19 20 -2
right_child=8 2 3 -5 9 6 -8 -9 -10 -11 11 16 -14 -15 15 -17 -18 -19 -20 -21 -22
leaf_value=-0.03492714844605397 0.0687177595747758 -0.0086468466278564002 -0.015136643710320953 -0.036542424282755358 -0.034690134001291256 0.058296736335661452 0.094490743174048236 -0.018987233557926517 0.031510334349968312 0.030033533749212211 0.0080631989662551442 0.012207953797330966 -0.0073598272587268188 0.0051392526260170849 0.067522782125306893 0.020278525561593482 -0.021619911754634194 0.032408611340693234 -0.039125697684207247 -0.028665585156849721 -0.014561106476949082
leaf_weight=4.0215224781422867 0.28237510126201792 2.8489613932324618 10.013734220963668 6.7529326133371788 3.3046513299050284 2.8349153747258242 3.9475841159000993 2.7453661386098247 1.6004242614144457 2.3177517308504321 8.1886056547809858 6.0369824600638831 6.815240458148768 13.96957200282486 8.4295301127131115 6.3628232827759348 8.1858460858347808 0.23565606609918177 14.692426053428788 2.1173215467133559 0.52914347377372906
leaf_count=468 200 292 318 767 513 339 435 329 1450 359 259 214 200 375 278 209 289 228 14384 1485 376
internal_value=-0.000554914 0.00693833 0.00910665 0.00418197 0.0282634 0.0438571 0.0588866 0.0231675 -0.0251985 -0.00750258 0.00869706 0.0129996 0.0196471 0.024691 0.0358662 0.0497719 -0.0074027 -0.0316825 -0.034234 -0.00598241 0.036354
internal_weight=116.233 96.776 92.7545 74.7553 17.9992 12.3768 9.52787 5.58028 19.4573 5.6224 68.0023 57.9886 43.7658 36.9505 22.981 14.7924 14.2228 17.8569 17.6213 2.92884 0.811519
internal_count=28901 11271 10629 8489 2140 1268 1051 668 17630 872 2159 1787 1284 993 728 487 503 17277 17251 2054 576
is_linear=0
shrinkage=0.05


Tree=192
num_leaves=31
num_cat=0
split_feature=10 21 20 3 1 0 16 21 5 4 20 1 1 1 10 8 5 11 0 3 12 5 1 1 5 4 17 20 20 15
split_gain=13.8707 13.3948 6.04688 5.92243 5.4524 6.4395 5.80049 5.69026 4.99463 5.67227 5.04201 4.70214 8.11645 6.40115 6.13765 5.73519 5.14982 8.39748 5.16104 4.28621 4.21517 4.06347 3.95434 3.72599 3.74066 4.04584 4.09907 3.67958 7.01508 6.50166
threshold=11.500000000000002 0.77466426013281253 71.374607698076616 21.459458062544702 62.747651318965701 436.45227735130806 1.0000000180025095e-35 2.5581210221365303 -42.335282577630245 43.02600304090106 226.61126853664851 115.89663230100751 301.15234253754704 268.40399250007505 2.5000000000000004 0.12662236195282087 17.751671890218205 -108.85112383013649 361.29694515007407 56.175088511826957 -123.56602457468775 -26.776510842816069 41.530747010624104 371.55627451530205 38.452691782139752 23.410206163281305 1.0000000180025095e-35 1.3053784027135953 18.461628974732854 3.9378708286102166e-09
decision_type=2 8 8 2 2 2 2 10 2 2 10 2 2 2 2 2 2 2 2 2 2 2 2 2 2 2 2 10 10 2
left_child=1 23 3 21 5 6 -5 11 19 10 -10 -6 13 16 -14 -16 17 -13 -19 -4 -9 -3 -11 24 25 26 -1 -25 -29 -30
right_child=-2 2 8 4 7 -7 -8 20 9 22 -12 12 14 -15 15 -17 -18 18 -20 -21 -22 -23 -24 27 -26 -27 -28 28 29 -31
leaf_value=0.005550421346314941 -0.040139302210474195 -0.0093494187080724791 0.0051684069793555953 -0.0094749619234105204 0.027389653531897224 0.010666519109115957 -0.05872625361587977 -0.0084154775336216462 0.031571642005167676 -0.012792896643331815 -0.01171476560633582 -0.067070197264734385 0.019599048299838561 -0.075962532527097851 -0.036438201570395352 0.0015795499297992753 0.012594167207811322 -0.038740938028451924 0.035418992939994114 -0.045314886293007561 0.028611701913163763 0.016757945147615992 0.014180404722819121 -0.0040497837652517599 -0.021223539027674529 0.016154919728072079 -0.02951223770974622 -0.024728187834230805 0.015078509513933523 -0.02306728572046542
leaf_weight=24.084589643869549 20.593146119266748 17.672965115401894 14.112569543533029 12.182047709356997 9.3817637953907234 10.652341511100529 11.679578784853218 10.321044988930224 64.186643864493817 17.874059471767396 6.9895723159424961 7.8309065154753688 26.969487146474421 5.094193309545517 13.268010993488131 32.299567226320505 8.6762995491735619 3.1049305065535036 4.4904343225061893 4.8892715047113597 25.307547328062356 78.184470382984728 48.323978770058602 135.93931950861588 13.858338416088371 43.575109553989023 11.554904335178433 80.034881854429841 27.167376661673188 17.511713934596628
leaf_count=508 737 815 736 323 302 341 310 425 7198 1279 784 369 719 206 215 522 355 200 290 255 1043 3607 3458 1237 295 1023 243 1080 786 506
internal_value=1.78733e-05 0.000479964 0.00636505 0.00191249 -0.00340449 -0.0209842 -0.0349745 0.000844286 0.0141932 0.0175064 0.0272175 -0.00475129 -0.00795304 -0.0297356 0.00109976 -0.0100349 -0.0173285 -0.0339002 0.00412278 -0.00943732 0.0179486 0.0118978 0.00681538 -0.00672983 0.00184397 0.00609383 -0.00631268 -0.00978667 -0.015958 -5.01967e-05
internal_weight=807.811 787.218 433.492 277.116 181.258 34.514 23.8616 146.744 156.376 137.374 71.1762 111.116 101.734 29.1968 72.5371 45.5676 24.1026 15.4263 7.59536 19.0018 35.6286 95.8574 66.198 353.726 93.0729 79.2146 35.6395 260.653 124.714 44.6791
internal_count=28901 28633 24279 10569 6147 1106 633 5041 13710 12719 7982 3573 3113 1179 1934 737 987 727 490 991 1468 4422 4737 4354 1982 1859 751 2372 1683 1292
is_linear=0
shrinkage=0.05


Tree=193
num_leaves=31
num_cat=0
split_feature=7 21 21 7 7 20 5 1 6 21 5 4 21 8 8 8 2 7 0 15 20 5 7 20 9 0 0 8 5 20
split_gain=2.83772 3.22272 4.29481 3.13702 3.5351 3.17878 3.12217 5.51837 6.37335 4.85852 4.35899 4.0751 4.98277 5.20261 4.00396 4.2969 3.53821 6.03829 4.51969 4.14008 4.96977 3.84557 5.8754 3.7729 4.74054 4.52757 5.26321 3.55859 3.37503 3.3494
threshold=-0.43018585742217436 1.6694932823424551 2.6795352799531407 -0.4019131953144417 -0.37683304378702193 41.541395141797658 25.212019929739252 127.80838079698201 -0.049735402444112335 1.8885014762843253 17.425847675719254 63.642081215829954 1.0008431087692702 0.23803898204266119 0.41150892979219894 0.40772313625469409 5.0007642089466815 -0.17773973960296027 603.34851862249104 1.5364944555653749e-09 40.12142563848861 -43.05705056003044 0.22343199098097347 54.368606067072456 0.2887162701804345 485.16634563078708 414.89011918556656 0.21545974399856685 6.2285005235226487 9.7563369227151711
decision_type=2 10 10 2 2 8 2 2 2 10 2 2 8 2 2 2 2 2 2 2 10 2 2 10 2 2 2 2 2 8
left_child=1 -1 -3 5 -5 -2 10 8 -8 -10 14 -9 13 -13 15 16 19 18 23 20 21 -6 -23 24 29 26 -25 -21 -16 -18
right_child=3 2 -4 4 6 -7 7 11 9 -11 -12 12 -14 -15 28 -17 17 -19 -20 27 -22 22 -24 25 -26 -27 -28 -29 -30 -31
leaf_value=-0.037538823139143418 0.060781930290573653 0.046438171428638778 -0.030768338153091129 -0.034866365437299977 0.10757343233921549 -0.004629702371235638 0.064474098753711448 0.026709964237956397 -0.027099476214007275 0.034839036414683396 -0.026758581767084257 0.046265229417581238 -0.025219377684041706 -0.015970579964426631 -0.027097604354277827 0.07471227013984244 0.070003276076770801 -0.0068771806843935359 -0.030820650361665394 0.0260680162614647 -0.0067499018486084309 -0.017854456343588187 0.080567393964627212 0.016606712870490252 -0.01875441303554564 -0.0028066024820810119 0.15849095358733514 -0.033514023750228009 0.02350629735520746 0.0099258986763922884
leaf_weight=6.9397810046211807 4.1647065720753753 2.8177496762946257 2.4756728538777679 4.3136153668165198 2.5593363527441433 2.6927283250261089 9.3742490067379585 12.745897253102155 4.5888603716739444 6.4053555245045573 10.995872932951896 5.9720036718063083 14.790212002582848 5.7378433048725128 13.914856438059362 1.4488457939587533 3.6785816340707242 51.603186785592705 2.374527413805481 4.6198608879931262 2.9707804830977693 2.7379273607512031 1.7551467381417749 1.3820689190179138 4.7882320622447878 1.3194024075055493 0.94724885781761259 3.5231668427586555 3.3953943288652226 5.3855104914400718
leaf_count=1101 485 406 357 616 309 314 772 1213 392 546 1848 224 1262 215 2624 234 335 8652 326 524 492 414 265 294 521 310 201 400 640 491
internal_value=-0.000339017 -0.0172068 0.0111781 0.00678119 0.00542316 0.0377763 0.00658229 0.0158262 0.0362876 0.00888264 0.00187382 0.00456908 -0.00666418 0.0169124 0.00499617 0.0092019 0.00733057 0.00218335 0.0249099 0.0264128 0.0463862 0.066828 0.0282604 0.0337285 0.01901 0.0734977 0.10458 -0.000556806 -0.01643 0.0388409
internal_weight=202.419 12.2332 5.29342 190.185 183.328 6.85743 179.014 59.6144 20.3685 10.9942 119.4 39.246 26.5001 11.7098 108.404 91.0938 89.645 71.4788 19.8756 18.1662 10.0232 7.05241 4.49307 17.501 13.8523 3.64872 2.32932 8.14303 17.3103 9.06409
internal_count=28901 1941 763 26960 26161 799 25477 5413 1677 938 20064 3736 2262 439 17975 14711 14568 11985 2731 2583 1659 852 679 2363 1507 856 495 924 3264 826
is_linear=0
shrinkage=0.05


Tree=194
num_leaves=31
num_cat=0
split_feature=8 15 20 9 9 9 1 21 1 8 3 15 3 9 3 21 11 6 7 5 21 3 9 0 16 13 2 8 12 12
split_gain=2.8652 6.00611 3.82748 4.48065 2.65637 3.96598 2.64341 2.6811 2.63364 2.43276 2.35724 5.245 4.01997 8.03666 3.65236 3.41178 3.4835 4.91437 5.30385 4.90906 3.5236 3.35782 3.25324 7.30329 5.27896 5.21653 4.43585 3.67414 4.29871 5.22593
threshold=0.49003499221670271 4.7024820994503849e-10 2.0894628097485701 0.4814010799684692 0.44931227344593522 0.4891794500867786 7.2287652825019606 1.4808840897966451 994.59851916768662 0.14518166376233224 25.046102322502502 1.5364944555653749e-09 28.024319203877102 0.18877436699733921 2.4513567182267355 2.6191848788546657 -98.248354707585278 0.098169854702224738 -0.039023398063903862 23.347589582020007 0.88360649376596312 14.572345772661203 0.17607134841226549 348.2584019293991 1.0305959579886638e-06 26.322617108405762 4.737823387315621 0.41943954911007891 -114.53251311469153 -109.97734514880595
decision_type=2 2 10 2 2 2 2 10 2 2 2 2 2 2 2 8 2 2 2 2 10 2 2 2 2 2 2 2 2 2
left_child=2 -2 3 6 10 -6 -1 8 -8 -7 11 15 13 -12 -13 16 17 18 -4 -19 -18 -20 -14 26 25 -25 -24 28 -27 -30
right_child=1 -3 4 -5 5 9 7 -9 -10 -11 12 14 22 -15 -16 -17 20 19 21 -21 -22 -23 23 24 -26 27 -28 -29 29 -31
leaf_value=0.021825895013241087 0.080233261537190445 -0.025836882301391841 -0.032252837559625581 0.055709850365358575 -0.02872641186593726 0.066093788371118414 -0.034738436548241353 0.020957317054543581 0.0014933608163025204 -0.0089915330055037306 0.093215300865284012 0.03328511009860257 -0.0021021666590960932 -0.0034126244500545739 -0.025873737373966189 -0.029578685227672243 0.031914568414532676 0.10012540452548369 -0.020888005748241338 -0.0042404686733300183 -0.033083483863272131 0.066103793440807426 0.026931761096829918 -0.016461057332326761 0.071491031963130391 0.066787272110339566 -0.029170742708127154 -0.016815216935988805 -0.031989226411529903 0.043084475892569134
leaf_weight=3.5272009675391045 2.5577446432434963 1.5182968581793828 3.1443344847066399 1.455712523893453 8.9408863175776769 1.211338605557104 18.012437551631599 2.8140330384485424 6.7040019612759352 1.7008642875007352 3.6659047756111249 2.1882000404293676 25.206178920576349 3.8672881230595522 16.31898975209333 2.4153254083357742 2.8350454419269244 3.4762108244467536 0.99086606519995379 1.4005491380812598 3.5851565166958608 2.9910708589595743 4.5099184211576349 6.2029979041544783 6.2692636587889865 7.9270949907368093 8.9983437195187435 2.4889095649705268 2.9937411557184586 4.6932485958095578
leaf_count=834 351 209 717 342 1581 202 5002 728 1861 283 623 466 2942 658 3477 615 623 735 220 296 787 665 522 726 692 967 1041 306 581 910
internal_value=-7.6659e-05 0.0434166 0.00515884 -0.0099485 0.00904299 -0.0127359 -0.0146678 -0.0199445 -0.0252351 0.0311515 0.0113549 0.00134509 0.0163984 0.0490231 -0.0175314 0.0181448 0.0256022 0.0404964 0.0108996 0.0745314 -0.00394856 0.0446091 0.0122044 0.0202498 0.0334503 0.0212011 -0.00987488 0.0342922 0.0429606 0.0135299
internal_weight=164.611 4.07604 160.535 32.5134 128.022 11.8531 31.0577 27.5305 24.7164 2.9122 116.169 39.3457 76.8229 7.53319 18.5072 20.8386 18.4232 12.003 7.12627 4.87676 6.4202 3.98194 69.2897 44.0835 30.5753 24.306 13.5083 18.103 15.6141 7.68699
internal_count=28901 560 28341 7633 20708 2096 7340 7126 6863 485 18612 9245 9367 1281 3943 5302 4066 2656 1625 1031 1410 885 8086 4940 3377 2843 1563 2223 1905 1491
is_linear=0
shrinkage=0.05


Tree=195
num_leaves=31
num_cat=0
split_feature=13 20 13 19 20 11 21 21 16 0 21 8 16 15 3 9 9 3 0 12 6 7 1 21 1 8 17 5 3 15
split_gain=19.7817 18.3275 13.725 12.1265 7.51234 6.40065 5.51945 8.38677 5.0558 4.10604 3.79137 3.64466 3.27223 4.45184 2.70806 2.54014 2.75977 2.53003 2.44802 3.66437 1.45033 2.21106 1.7792 1.28883 0.871776 0.608242 0.418121 0.319259 0.0358544 0.0324937
threshold=33.18923079133652 16.121959567414155 1.0000000180025095e-35 2.5000000000000004 82.074746318569311 -109.10109310553399 1.0000000180025095e-35 0.015782558774287001 18.469625428050616 420.71295106986003 1.1165922018082501 0.40957197038344267 1.0000000180025095e-35 2.4102181622224391e-09 54.669656823439404 0.15852328538617869 0.33387036060900682 15.744685529427501 472.61438814059954 -108.09102951587666 0.42737537488848348 0.17227333497071842 10.780575984860951 0.38750198261974655 0.92711230713892612 0.018638825067215373 4.1402118715233778 30.904394034594304 44.864454773528109 2.7159290801869103e-09
decision_type=2 8 2 2 8 2 10 10 2 2 10 2 2 2 2 2 2 2 2 2 2 2 2 8 2 2 2 2 2 2
left_child=2 6 -1 4 5 9 -2 -8 14 -4 11 15 13 -7 20 -9 -17 -14 -6 -20 22 -22 -5 -11 -3 -24 28 -12 29 -27
right_child=1 24 3 8 18 12 7 10 -10 23 27 -13 17 -15 -16 16 -18 -19 19 -21 21 -23 25 -25 -26 26 -28 -29 -30 -31
leaf_value=0.041754092724327785 -0.042617723410834515 0.0023138324119532845 0.0093702611690178513 -0.0042032356655975663 -0.039286958861846737 0.035011757415037682 0.025753648740508797 -0.029209851432228096 0.027492420252835083 -0.011381305871184102 -0.038192753412528202 0.018808411552254753 -0.0062388953873563158 0.011197814274160722 0.008868191398301464 0.01202421369650631 -0.017781039802824659 0.014241921649895063 -0.030249483718823047 0.04784759689229745 -0.027829100511633842 0.036517817754731785 -0.00097844823422451894 -0.03650981398461569 -0.041158225562776804 -0.020815245702949348 -0.0073699834611451256 -0.008572385591607605 -0.019113155501250215 -0.04172499778683534
leaf_weight=20.723679190035909 7.8172186876181504 1.0706520441453893 16.461867202073336 5.2875274419784537 10.518250363413243 29.524353009648621 20.921494729816914 12.385936251841484 4.1180957360193133 13.071985706221314 9.7562948581762594 12.344878803938625 29.082319790497422 59.443153056316078 4.6865719826892018 14.747751521412287 14.35698179528117 29.394560982938856 2.4461366389878103 1.6715729890856892 1.9592368148732944 1.4337504114955661 1.2414372267667193 9.1468533028382808 58.02748509356752 3.3565468692686471 1.6482063743751494 1.740856241667643 2.996636237250641 25.16903521376662
leaf_count=759 212 296 266 786 958 201 597 213 540 292 1160 207 201 404 662 250 244 204 292 200 274 200 203 204 16041 569 269 207 497 4267
internal_value=0.000332708 -0.018771 0.0036169 0.000336516 0.00592191 0.00867732 -0.00493559 -0.00107117 -0.0209738 -0.0092487 -0.00992003 -0.00407973 0.0134107 0.0194019 -0.0256291 -0.0111721 -0.00278059 0.00412255 -0.0274324 0.00460841 -0.0294969 0.00148472 -0.0321163 -0.0228529 -0.0403453 -0.0361654 -0.0374151 -0.0347526 -0.0387112 -0.0400529
internal_weight=426.551 153.17 273.382 252.658 200.761 186.125 94.0714 86.2542 51.897 38.6807 65.3327 53.8355 147.444 88.9675 47.7789 41.4907 29.1047 58.4769 14.636 4.11771 43.0924 3.39299 39.6994 22.2188 59.0981 34.4119 33.1704 11.4972 31.5222 28.5256
internal_count=28901 18894 10007 9774 2969 1636 2557 2463 6805 626 2268 901 1010 605 6754 715 494 405 1333 492 6373 474 5899 496 16337 5632 5415 1367 5230 4836
is_linear=0
shrinkage=0.05


Tree=196
num_leaves=6
num_cat=0
split_feature=20 20 0 3 6
split_gain=2.77936 2.13808 1.48831 1.74617 1.92513
threshold=16.121959567414155 5.7203375950920803 527.1413022096566 19.306530252211353 -0.084776678877403797
decision_type=8 8 2 2 2
left_child=1 -1 3 -3 -5
right_child=-2 2 -4 4 -6
leaf_value=-0.02324489484835425 -0.029454791812449949 -0.025220732850862088 0.058547145707642412 0.050939546902866131 -0.019395026817510912
leaf_weight=1.2592838516502558 2.4106984244644982 1.3329139291599865 2.6080909902520943 1.936111050606999 0.81418436002422667
leaf_count=684 6724 473 740 603 253
internal_value=-0.0007916 0.0239389 0.0346864 0.0109262 0.0304984
internal_weight=10.3613 7.95058 6.6913 4.08321 2.7503
internal_count=28901 4319 1898 1448 856
is_linear=0
shrinkage=0.05


Tree=197
num_leaves=31
num_cat=0
split_feature=19 3 13 11 6 21 5 6 8 2 20 7 4 2 1 11 7 15 11 1 9 1 5 20 16 1 9 21 8 1
split_gain=6.34544 3.46022 3.39309 8.38339 6.34971 4.1351 4.89812 3.99956 6.83962 3.59723 4.59387 4.03585 3.42728 3.39982 3.2653 3.25388 2.65366 2.75951 2.59756 2.55411 2.31058 2.17262 2.13146 1.85334 1.66279 1.3844 1.16486 0.956983 1.87981 1.54369
threshold=2.5000000000000004 2.6452701480221203 21.433920580311128 -101.44533303028798 0.034356832110889808 0.011862585384144402 -40.977723000541395 -0.18935173917643675 0.28411606042141052 5.4022406881640572 0.87237327942997267 -0.043108329617444589 18.465773161121302 4.3843758502084169 839.95475992628315 -75.63802462259963 -0.37683304378702193 1.5881867761018134e-22 -112.58977845907297 652.8000640964741 0.20350165602927109 232.07872432046904 12.335649290283355 1.5043401189030952 79.167622680511457 697.2689325516551 0.17012050474899623 0.77466426013281253 0.14309368513879853 104.87054510479602
decision_type=2 2 2 2 2 10 2 2 2 2 10 2 2 2 2 2 2 2 2 2 2 2 2 10 2 2 2 8 2 2
left_child=1 -1 3 4 -3 13 -7 8 -8 21 -11 22 -13 -4 -5 24 17 23 19 -18 -10 -9 26 -15 27 -22 -12 28 29 -2
right_child=15 2 5 14 -6 6 7 9 20 10 11 12 -14 16 -16 -17 18 -19 -20 -21 25 -23 -24 -25 -26 -27 -28 -29 -30 -31
leaf_value=-0.034657750304940282 0.067545626901380648 -0.027085994800430991 0.045771283685491819 0.019106791575967379 0.034911645382414126 0.049708846840770142 0.078827685790593377 0.013328772081773261 0.025387928516682645 -0.035641020385275973 0.032402775303700788 0.028657504704016831 -0.030757724193173894 -0.0033606843539272183 0.096143589723826639 0.03017983730276563 -0.032246973136730854 -0.02892388989443237 -0.041822398820814663 0.028931495852877118 -0.03492092548066926 -0.035487954411820753 0.065456894496895068 0.071337288097989324 0.032420172234879849 0.009378484154792345 -0.013957817070625081 -0.038995876100197245 -0.028318176605397417 -0.014412076361366872
leaf_weight=3.8955380083934861 0.29599197971403024 7.4362443074351203 1.1782331711729082 2.8429470331757338 7.102233303245157 6.0356973691668818 3.3441070980625236 2.3268496341479521 5.4149017618910866 3.7795348298677753 1.7983531011559584 3.3542349342023927 4.5174901684222277 1.2525602491223327 3.5577028648112901 1.6468350921641102 2.1378825097926963 1.4495333036757072 11.028533440286985 2.7402183945523575 3.1161027411289988 9.6931819261808396 3.9774953694141004 1.0478239804506302 0.23546586092561483 2.4898713378061075 1.8117090906598603 13.983392387803177 2.0414819068391807 0.52105821541044861
leaf_count=451 209 333 336 211 319 416 238 205 368 245 200 250 337 273 263 1551 254 259 3546 325 252 855 275 228 238 202 202 14323 1467 367
internal_value=-0.00056431 0.00649346 0.00855802 0.0257977 0.0034983 0.00329529 0.0108405 0.00474267 0.0256615 -0.00536806 0.00800289 0.0201902 -0.00506372 -0.0150527 0.0691318 -0.0245823 -0.0207379 0.0142457 -0.0293399 0.00119476 0.00431355 -0.0257401 0.0439287 0.0419697 -0.0312406 -0.0168042 0.0111558 -0.0338978 -0.00531607 0.0361118
internal_weight=116.053 97.329 93.4334 20.9391 14.5385 72.4943 51.6595 45.6238 14.365 31.2588 19.2388 15.4593 7.87173 20.8348 6.40065 18.7242 19.6566 3.74992 15.9066 4.8781 11.0209 12.02 7.58756 2.30038 17.0774 5.60597 3.61006 16.8419 2.85853 0.81705
internal_count=28901 11271 10629 1126 652 9503 3558 3330 1022 2308 1248 1112 587 5945 474 17630 5785 671 5114 579 749 1060 525 501 17277 454 402 17251 2054 576
is_linear=0
shrinkage=0.05


Tree=198
num_leaves=31
num_cat=0
split_feature=13 21 20 3 1 2 16 21 20 11 1 1 10 0 0 3 8 12 1 20 5 6 6 3 3 13 5 17 20 0
split_gain=12.6332 11.5219 5.39487 5.10058 4.85534 5.7259 5.50561 5.27546 5.09657 4.51155 4.39575 7.4289 5.6043 5.54794 6.44863 6.44626 5.07163 3.94363 3.77165 4.35456 5.4988 5.01447 3.98026 5.81104 5.60288 3.8878 3.7216 3.67267 3.66134 3.4156
threshold=1.0000000180025095e-35 0.77466426013281253 71.374607698076616 21.459458062544702 62.747651318965701 5.3414410989425614 1.0000000180025095e-35 2.5581210221365303 32.928664378734105 -126.59850432013299 115.89663230100751 301.15234253754704 2.5000000000000004 299.20940963746557 446.744318430291 30.277836318400354 0.12662236195282087 -123.56602457468775 10.780575984860951 86.451019338252763 -46.513005515764092 -0.20592886456736084 0.0036057264633151402 27.336741145104252 44.262651094969407 23.287491133372317 -26.776510842816069 2.4585778579476134 1.8514795658007903 443.80615033560707
decision_type=2 8 8 2 2 2 2 10 10 2 2 2 2 2 2 2 2 2 2 10 2 2 2 2 2 2 2 2 10 2
left_child=-1 -2 3 26 5 6 -5 10 -7 -4 -6 13 -13 -12 -15 -16 -14 -9 25 20 -20 -21 23 -23 29 -11 -3 28 -28 -25
right_child=1 2 9 4 7 8 -8 17 -10 18 11 12 16 14 15 -17 -18 -19 19 21 -22 22 -24 24 -26 -27 27 -29 -30 -31
leaf_value=-0.04272201834266863 -0.0063828162468638388 -0.0093357406605692941 -0.009793569726636803 -0.008419975785216709 0.026892637608149163 0.037107656322415722 -0.057474688233135451 -0.0078928510215710273 -0.022721375388023796 -0.031762335605557211 -0.070557297391324977 0.019025670393184972 -0.033975400505532445 0.0093051028244086811 0.007832036577515104 -0.064540253547217388 0.0015507541293601904 0.028059116245240406 -0.017050856965479387 0.032918799814095755 0.036656221894706957 0.020185106190436342 0.012350424527411441 -0.10013643786488596 0.0056751410863299448 0.01165842162798471 -0.00086512356324195945 -0.017506154403869593 0.025475287523866658 -0.019060746448205528
leaf_weight=16.444740177597851 353.2666698996909 17.751357852481306 18.098540291190147 11.458494536578659 9.1113637248054129 6.0673076566308728 11.282696639187632 10.37118076533079 6.2291290452703834 6.7278039967641261 5.2993200877681401 26.357444886118174 13.545272829011081 11.965142379514877 4.3519091713242242 8.0909012220799905 32.214201970025897 24.413314382079989 4.7494305418804279 18.215071805752814 43.842687478289008 5.6912388303317138 32.995037849061191 2.7792827365919948 3.9773140330798924 14.524503491818905 17.380409988109022 6.8281463296152651 52.927288189530373 2.8662915001623333
leaf_count=594 12928 829 1609 288 293 263 284 438 271 201 210 707 218 505 207 386 519 1030 706 1575 6519 471 2814 205 254 434 851 323 2593 211
internal_value=1.70742e-05 0.00029828 0.00578778 0.00158107 -0.00334741 -0.0197807 -0.0341535 0.00071177 0.00737005 0.0132362 -0.00463564 -0.00769094 0.00106431 -0.0282876 -0.0166944 -0.0405282 -0.00946705 0.0174188 0.0163417 0.0198878 0.0311689 0.011308 0.00265722 -0.0177042 -0.0399036 -0.00289686 0.0109067 0.015625 0.019043 -0.068036
internal_weight=799.823 783.379 430.112 275.645 180.758 35.0376 22.7412 145.72 12.2964 154.467 110.936 101.824 72.1169 29.7073 24.408 12.4428 45.7595 34.7845 136.369 115.116 48.5921 66.5242 48.3092 15.3141 9.62289 21.2523 94.8872 77.1358 70.3077 5.64557
internal_count=28901 28668 24310 10579 6147 1106 572 5041 534 13731 3573 3113 1934 1179 1030 593 737 1468 13611 12976 7225 5751 4120 1267 614 635 4432 3649 3444 416
is_linear=0
shrinkage=0.05


Tree=199
num_leaves=31
num_cat=0
split_feature=7 21 0 7 7 1 0 8 8 20 11 8 8 1 17 16 3 20 21 20 12 5 3 4 1 20 5 20 15 7
split_gain=2.6643 3.11775 4.20736 2.82022 3.36116 3.07653 3.23729 2.84402 6.25201 4.16601 3.58036 4.17091 5.46435 9.23811 4.77494 4.78227 4.66747 5.9412 4.56069 4.16382 3.8747 2.92504 2.70508 2.62957 6.23877 4.97628 3.84286 4.5557 3.08847 3.15313
threshold=-0.43018585742217436 1.6694932823424551 394.72406602217956 -0.4019131953144417 -0.37683304378702193 743.44759035658365 361.29694515007407 0.2553841916778134 0.24794497821915187 1.8514795658007903 -76.814820727773892 0.05252673905711714 0.066717135992877999 287.78613661763404 0.25006672939300789 5.5140294349795012 54.669656823439404 13.162809062982001 1.6381906322763102 28.045633300042855 -107.02871213315372 34.869426294194554 43.640171282658955 54.37078630917096 89.683572086789766 51.010070102668358 33.642081215829954 18.461628974732854 9.8701543936188471e-09 -0.11449741803006218
decision_type=2 10 2 2 2 2 2 2 2 10 2 2 2 2 2 2 2 10 10 10 2 2 2 2 2 10 2 10 2 2
left_child=1 -1 -3 5 -5 6 -2 8 10 22 11 -6 13 -13 16 -16 19 -18 -17 21 -21 -14 -9 28 25 -25 27 -26 29 -11
right_child=3 2 -4 4 7 -7 -8 9 -10 23 -12 12 14 -15 15 18 17 -19 -20 20 -22 -23 -24 24 26 -27 -28 -29 -30 -31
leaf_value=-0.037335066182761709 0.051274577823552908 -0.030672665351757746 0.045572697604534758 -0.034571358753838252 -0.012953672941407427 0.072314294172437413 -0.020697583371143916 -0.034968632360612595 0.06768732848368901 0.022737799309739501 0.055761927498773171 0.10481036619775891 -0.027018584206548013 -0.0091751004368644511 0.067216627123618963 0.046564633713531506 0.060377602828520921 -0.0078556787699391242 -0.032721851227291869 0.028274452648781798 -0.016892816493424098 0.011133277350684289 0.0054535418181638918 0.086843356200173083 0.066226009990881615 0.0036461106962568895 -0.01761652189925093 -0.015904844108101869 -0.036052509342986865 -0.0074018449258933597
leaf_weight=6.6814320122357449 1.530220118758735 2.4783676014048988 2.8476421812083572 4.1485608583316198 19.547744439390954 2.3667853178922087 3.1520135429454967 11.332416864752306 3.8393707479699515 12.383660769730339 2.9756470689317247 2.9763357493793592 19.949435112008363 2.9468094550538808 5.2038243755232534 2.2287396617466593 5.8540921231615348 5.5859197847312316 3.1423907955177128 12.038741717406081 6.6401298760320104 5.9903943083481863 5.8660529219196178 3.8120840272749827 2.8143693045713025 3.0143736043246463 9.9316863615531457 2.4628435259219259 4.7773067738162354 23.771541082533076
leaf_count=1080 229 355 408 592 2579 268 471 2205 503 2259 393 343 2686 339 467 231 212 203 326 2588 1427 806 1142 261 335 206 981 293 840 4336
internal_value=-0.00033681 -0.0167696 0.0108531 0.00666323 0.00535893 0.0356896 0.00770812 0.00647075 0.012099 -0.000537654 0.00917324 0.00708534 0.0125868 0.0549676 0.00806251 0.0373046 0.00198916 0.0291074 0.00232273 -0.00544948 0.0121755 -0.0181218 -0.0216394 0.00547406 0.0189921 0.0552657 0.000305769 0.0314685 -0.00208255 0.00325553
internal_weight=202.291 12.0074 5.32601 190.283 183.234 7.04902 4.68223 179.086 98.9196 80.1663 95.0802 92.1046 72.5568 5.92315 66.6337 10.575 56.0587 11.44 5.37113 44.6187 18.6789 25.9398 17.1985 62.9679 22.0354 6.82646 15.2089 5.27721 40.9325 36.1552
internal_count=28901 1941 763 26960 26161 799 700 25477 12966 12511 12565 12154 9553 682 8871 949 7922 415 557 7507 4015 3492 3347 9164 1970 467 1503 628 7194 6595
is_linear=0
shrinkage=0.05


Tree=200
num_leaves=31
num_cat=0
split_feature=6 8 21 21 7 3 21 5 5 13 5 21 8 6 21 21 20 8 3 1 20 6 20 13 9 7 0 2 13 5
split_gain=2.61961 5.26825 5.16035 6.42654 4.35379 5.23379 3.66843 3.18654 3.02156 2.92889 3.93126 2.69133 2.65234 6.75447 6.21455 6.07904 4.53796 4.95395 4.39817 3.63094 3.17387 3.0008 2.90192 5.47605 4.71035 3.19698 4.20335 3.15516 2.97727 2.67525
threshold=0.34303579166425485 0.36507325167239474 3.4708170272223406 1.7703183157505402 0.18013185476298463 37.85009402503831 0.22263645563770154 58.624593675095007 7.8373247248589992 41.147850943467887 7.1610972282068994 0.3670215638358581 0.16566024945480476 -0.12705398723995517 1.3143043041448452 0.7138594032304596 17.971141621251455 0.37109170176010037 62.421723189207903 8.2238632934143272 52.196589708306213 -0.0968890433542937 42.531405721011659 20.436512984989808 0.14492213452109762 0.12600708796594165 359.66633839642208 5.4088392557548337 27.931748399435296 -21.833794477543332
decision_type=2 2 8 10 2 2 8 2 2 2 2 8 2 2 8 10 8 2 2 2 10 2 8 2 2 2 2 2 2 2
left_child=6 -2 3 9 5 8 -1 11 -5 -3 -11 -8 13 14 -13 -15 17 29 19 -18 -16 -17 23 -23 -25 26 -24 -28 -26 -14
right_child=1 2 -4 4 -6 -7 7 -9 -10 10 -12 12 16 15 20 21 18 -19 -20 -21 -22 22 25 24 28 -27 27 -29 -30 -31
leaf_value=-0.018966996716891876 0.061169849858491381 -0.023829685720361482 -0.035353136509882276 0.029635585999983217 -0.0011246812851731149 -0.0039969540499626274 0.045825225891260174 0.053450276216784068 0.14182670180428336 0.04189859731308257 -0.0211516029468614 -0.013027591276630755 0.024653555409408754 -0.032606826198242657 0.10852132928846901 -0.030808622845186186 0.017309299565276354 0.046464518486058246 0.027663348216986988 -0.024122744557802098 0.013298834494180446 -0.021742684507236845 -0.021672230970067031 -0.014689151823657133 0.088015536519634563 -0.027916414635650214 0.077999211600649848 0.0050075212503678211 0.030345511875554895 -0.01834802304997581
leaf_weight=15.490334436064586 5.0714505812502493 6.4162161073181858 4.4147495215293011 1.6356953891227053 2.377927600289695 1.3489925193134693 2.8612973605049774 2.4758233390748501 1.6643223061691967 5.2796398844802743 3.2832599451649003 2.019018180144486 4.7291049147024795 7.9718200415954916 2.8949018903658725 2.5448781560990019 5.4990006863954468 7.1384423729032278 5.1584762341808528 33.644423860532697 1.530434060259722 3.2448550346889613 3.2975344573496832 2.3295685335178868 4.2406943606911218 4.9801522195921279 2.2246410684892917 3.0104772261693142 6.9599955936428159 8.8374044573865813
leaf_count=2824 747 693 653 283 360 210 568 482 288 540 336 326 469 1536 517 430 1608 637 1363 9836 273 356 752 279 455 1150 526 712 746 876
internal_value=-7.54196e-05 0.0190365 0.00901324 0.0190636 0.0551636 0.079057 0.00316494 0.0062157 0.106042 -0.000263832 0.0180395 0.00474826 0.00330587 0.0121946 0.0560158 0.00409942 -0.00324158 0.0156137 -0.0122039 -0.018016 0.0841112 0.0137121 0.0183179 0.0315953 0.0450029 0.000793812 0.0187214 0.04356 0.0576043 -0.00269482
internal_weight=164.576 31.4923 26.4208 22.0061 7.02694 4.64901 133.083 117.593 3.30002 14.9791 8.5629 115.117 112.256 47.249 6.44435 40.8046 65.0069 20.705 44.3019 39.1434 4.42534 32.8328 30.2879 16.7751 13.5303 13.5128 8.53265 5.23512 11.2007 13.5665
internal_count=28901 4636 3907 2682 1065 722 24265 22917 571 1617 876 22842 22456 8900 1039 7861 13556 1847 11709 11444 790 5554 4961 1842 1621 3119 1947 1238 1201 1345
is_linear=0
shrinkage=0.05


Tree=201
num_leaves=31
num_cat=0
split_feature=13 20 13 21 21 12 2 21 21 21 20 12 0 6 13 16 6 16 0 21 9 8 0 15 4 9 6 15 15 7
split_gain=18.1975 17.6338 12.681 11.3829 8.86744 8.12235 5.38913 5.26348 7.52782 5.24048 5.21477 5.73993 7.85991 5.00216 10.6286 4.50826 4.10771 5.68635 3.76798 3.59212 3.43187 3.32886 2.88069 3.38308 2.41081 2.40442 2.68367 1.89511 1.11101 0.969527
threshold=33.18923079133652 16.121959567414155 1.0000000180025095e-35 1.7137962444792603 1.0000000180025095e-35 -111.22547329670412 4.4969804159043507 1.0000000180025095e-35 0.015782558774287001 0.011862585384144402 98.204289405660873 -104.07567248050141 381.04237954823003 -0.010825765547146203 20.985837179381154 18.469625428050616 0.29200492135079165 1.0000000180025095e-35 153.90690682976802 1.1165922018082501 0.23633826431428043 0.40957197038344267 400.60078130671855 4.1855600821875504e-09 17.400322411203405 0.15852328538617869 0.015221529896623622 3.3587710350239321e-09 5.3671730831954486e-09 0.13815176128150511
decision_type=2 8 2 8 8 2 2 10 10 8 10 2 2 2 2 2 2 2 2 10 2 2 2 2 2 2 2 2 2 2
left_child=2 7 -1 4 -4 22 -7 -2 -9 -8 11 12 -11 14 -14 18 17 20 -5 21 -13 25 -6 -24 -12 -10 -27 -19 -15 -20
right_child=1 -3 3 15 5 6 9 8 19 10 24 16 13 28 -16 -17 -18 27 29 -21 -22 -23 23 -25 -26 26 -28 -29 -30 -31
leaf_value=0.041196515697206552 -0.042270239284767815 -0.040252577065778138 0.048391310461619486 0.0047373666532225384 0.0024216131588517343 -0.027897971445956904 -0.013069344776343698 0.023845856399951366 -0.028730332230185191 0.032653400714619633 0.017023333482434965 0.012193579015513652 0.048793187316202559 -0.013529155286118366 -0.029133273826478373 0.029907529016026335 0.045281251306555782 -0.012556513615096108 -0.041672427671346379 -0.034442367884597556 0.042683883245993287 0.017539749457164685 0.0056419844280545858 -0.040831623841562852 -0.036633631594712827 -0.016897628037501413 0.012509873397993327 0.01280781347177536 -0.041450636311835543 -0.020596568174118108
leaf_weight=19.479863341664895 7.5817090217024079 55.968094772426412 10.200729202944785 7.1445864597335449 9.2605190316680837 9.4613019530661386 21.885138434125111 21.416300639510155 12.130418935790656 12.912941336398942 2.2180924850981674 17.832945927977562 7.3121545459143755 7.6441546520218369 8.2855081418529135 2.9105869140475988 16.241718509234488 14.173290078295398 20.262830710969865 11.017097224947063 20.923312020255253 12.567801206372677 4.7701366825494942 16.339003634871915 6.5425039280671626 15.144923647865655 13.967970930039883 13.30943196127191 9.1694965544156712 12.042544572846962
leaf_count=721 207 7059 245 855 376 211 490 612 210 410 200 216 282 304 320 327 243 261 2752 385 253 210 244 834 589 257 237 245 365 1635
internal_value=0.000338792 -0.0183034 0.00336602 0.000276274 0.00510183 0.00264312 0.00696992 -0.00492418 -0.00119423 0.00921383 0.0128538 0.015448 0.00109843 -0.0120744 0.00813725 -0.0230432 0.0232256 0.0172246 -0.0275926 -0.00970293 0.029314 -0.00410189 -0.0207391 -0.0305496 -0.022696 -0.0109557 -0.00284142 -0.000254578 -0.0302285 -0.0346702
internal_weight=420.117 149.794 270.323 250.843 208.482 198.282 167.912 93.8262 86.2445 158.451 136.566 127.805 45.3243 32.4113 15.5977 42.3605 82.4807 66.239 39.45 64.8282 38.7563 53.8111 30.3697 21.1091 8.7606 41.2433 29.1129 27.4827 16.8137 32.3054
internal_count=28901 18894 10007 9774 5016 4978 3744 2557 2463 3545 3460 2671 1439 1271 602 4758 1232 975 4723 2268 469 901 1234 1078 789 715 494 506 669 4387
is_linear=0
shrinkage=0.05


Tree=202
num_leaves=7
num_cat=0
split_feature=21 2 7 3 6 15
split_gain=2.55878 1.60016 2.14547 1.54376 1.81263 0.861565
threshold=0.75228651233371868 5.5743214575657252 -0.020030487700321228 19.306530252211353 -0.084776678877403797 7.9409338805090669e-23
decision_type=8 2 2 2 2 2
left_child=1 3 -3 -1 5 -5
right_child=-2 2 -4 4 -6 -7
leaf_value=-0.027349503813754991 -0.029134922330302317 0.062414095345248326 -0.016840807670454143 0.05787006755994617 -0.021640292352201648 0.00093942497385543294
leaf_weight=1.6856839664578762 2.3237704048551668 2.4470204811659655 0.65907932008121861 1.2801033177020182 1.0179376593223408 0.98523173537250841
leaf_count=1010 6458 958 258 405 518 311
internal_value=-0.000777498 0.0224678 0.0455913 0.00279677 0.021046 0.0409804
internal_weight=10.3988 8.07506 3.1061 4.96896 3.28327 2.26534
internal_count=28901 4194 1216 2978 1672 716
is_linear=0
shrinkage=0.05


Tree=203
num_leaves=18
num_cat=0
split_feature=20 2 11 12 5 1 7 3 3 20 15 6 20 4 21 1 5
split_gain=5.93553 6.182 3.10843 2.92302 3.06936 3.2753 2.84484 2.14767 1.94511 5.32891 2.69922 4.13588 1.62321 1.15753 0.990365 1.30244 0.884289
threshold=2.3562746189955655 4.4969804159043507 -123.95631354141598 -70.990920784017291 27.061013354462755 412.55759749678754 -0.11049127033841087 8.398018070654647 16.096987906879605 1.3053784027135953 3.9812354879923625e-09 -0.19847477197157284 0.87237327942997267 10.286877340620602 0.45538001125295807 104.87054510479602 21.061892849493454
decision_type=8 2 2 2 2 2 2 2 2 10 2 2 10 2 8 2 2
left_child=7 3 6 4 5 13 -3 -1 -9 10 11 -10 -13 -2 15 -4 -17
right_child=1 2 14 -5 -6 -7 -8 8 9 -11 -12 12 -14 -15 -16 16 -18
leaf_value=-0.012395541635385549 0.026632076189303074 0.052497255438004056 0.02260336145159237 -0.026041963537611363 -0.022220104188537065 -0.0057293911960270595 -0.025475179358327174 0.030380709352529102 0.033297954009741768 0.022910429324696772 -0.024448644401321509 -0.026315748774534312 0.0067312799952478249 0.10458699739094675 -0.03941690326403513 -0.035510355170517253 0.003632821502024387
leaf_weight=9.8882791568757948 1.7826797216548624 1.4411252693971632 1.1357909573707772 1.6318362123856778 1.1186545472592113 1.4946544381091369 1.3978097569779517 10.689747012802398 7.057509200763886 29.28520903585013 11.582533514127134 7.1317341655958506 6.2366556575288996 1.31724112550728 16.966001119842986 3.557870807358996 1.8600914147682486
leaf_count=216 270 211 231 322 201 227 205 214 222 563 309 243 212 200 18211 720 376
internal_value=-0.00057065 -0.0160711 -0.0272046 0.022355 0.0379984 0.0540111 0.0174704 0.00856041 0.0115695 0.00785376 -0.00619866 0.0048081 -0.0115031 0.0771873 -0.0330896 -0.0136601 -0.0235996
internal_weight=115.575 33.7038 26.3587 7.34507 5.71323 4.59458 2.83894 81.8717 71.9834 61.2936 32.0084 20.4259 13.3684 3.09992 23.5198 6.55375 5.41796
internal_count=28901 27111 25661 1450 1025 699 416 1790 1443 1179 855 642 455 470 25245 1333 1096
is_linear=0
shrinkage=0.05


Tree=204
num_leaves=31
num_cat=0
split_feature=13 21 2 6 6 20 3 16 20 4 3 21 21 21 2 20 20 20 1 20 1 12 4 21 15 8 12 20 16 11
split_gain=11.563 10.1089 5.10903 4.60332 4.91414 4.41916 4.08334 6.08087 4.74016 4.23345 4.11947 6.69965 5.9076 4.15196 3.80582 3.63793 3.62646 3.82189 6.19178 5.16671 3.25152 3.54645 3.43768 3.90309 3.80521 6.38142 4.6365 3.96449 3.99154 3.12494
threshold=-1.0000000180025095e-35 0.77466426013281253 5.5608144648806945 -0.38089444512002485 -0.36945512720752166 7.6804025059101306 22.681323361075954 7.1281083447046854 103.473155514574 -16.400057271348295 31.168606836803153 1.2844211443763303 2.3445186990471751 1.7811307953807152 4.3843758502084169 1.8514795658007903 181.86948785232903 42.050117281447008 2.8837109234001854 32.928664378734105 371.55627451530205 -119.236977173944 7.4284991621554513 0.026296650163411355 3.9378708286102166e-09 0.1147396087554139 -108.56146731675449 0.13028891852209953 1.0000000180025095e-35 -126.59850432013299
decision_type=2 8 2 2 2 8 2 2 8 2 2 10 10 8 2 8 10 8 2 8 2 2 2 10 2 2 2 10 2 2
left_child=-1 20 3 5 -5 -3 7 9 10 -6 11 -8 13 -13 -10 -11 17 19 -19 -4 21 -2 23 -22 25 -24 -26 -27 -29 -16
right_child=1 2 16 4 6 -7 8 -9 14 15 -12 12 -14 -15 29 -17 -18 18 -20 -21 22 -23 24 -25 26 27 -28 28 -30 -31
leaf_value=-0.042298069917088676 -0.024285764015076393 -0.0099243269441386013 0.016260914716590483 -0.045260762191757606 -0.027678772506831806 0.027695249389727852 0.012842001687142585 -0.033631743965946148 -0.025828702126001114 -0.0050533793026702311 -0.0024452377842616464 -0.02504137467274032 0.0078198396547882881 -0.073991198479759254 -0.0078436443240407789 0.020138145384423285 -0.015283419550501012 -0.031471225463017116 0.03719884379496826 -0.033178057595774336 0.016060825191757125 0.0055432725419916158 0.014138641743152616 -0.010746816366831884 -0.00630693233142594 0.0051728879242610099 -0.03286233191683767 -0.024342906153736604 -0.0014427992572055535 0.023089159440683307
leaf_weight=15.319293301552532 10.319723522290586 9.8241305779665691 30.333119124174118 4.7242509541101745 5.1868629972450426 30.281375493854284 9.5609248103573901 6.6501823449507356 5.3736900677904478 17.278532872442156 113.07779694208875 11.572348136454828 5.9345134892500937 7.9702292177826157 10.20246624201536 74.073831615503877 7.3014680021442473 2.8672941625118247 34.107491741888225 5.3945763716474167 25.854576007928699 82.542604741640389 27.780610204208642 26.499915396329015 29.576169584877789 24.965324281249195 37.69624369777739 60.151350889820606 27.815870272461325 32.871753059793264
leaf_count=558 221 517 1413 241 345 1595 381 430 400 1152 3881 386 253 266 789 4937 606 347 4131 251 245 1764 268 251 229 237 292 633 293 2544
internal_value=1.69757e-05 0.000228518 0.00542178 0.00275685 0.000634403 0.0184628 0.00150582 0.009511 -0.00272351 0.0127973 -0.00715983 -0.0218851 -0.0349102 -0.0476351 0.0107098 0.0153703 0.0167241 0.0201024 0.0311852 0.00809595 -0.00601202 0.00200497 -0.00886838 0.00254468 -0.0117397 -0.00697848 -0.0214507 -0.0122516 -0.0171993 0.0157508
internal_weight=793.109 777.789 424.587 344.583 304.477 40.1055 299.753 103.189 196.564 96.5392 148.116 35.038 25.4771 19.5426 48.4479 91.3524 80.0039 72.7025 36.9748 35.7277 353.202 92.8623 260.34 52.3545 207.986 140.713 67.2724 112.933 87.9672 43.0742
internal_count=28901 28668 24310 17675 15563 2112 15352 6666 8686 6420 5084 1397 1087 652 3602 6089 6635 6142 4478 1664 4358 1985 2373 496 1877 1356 521 1070 926 3333
is_linear=0
shrinkage=0.05


Tree=205
num_leaves=31
num_cat=0
split_feature=7 21 0 7 7 1 0 8 5 8 2 2 9 3 6 3 8 8 1 16 6 9 7 21 17 7 12 21 13 1
split_gain=2.49616 2.99993 3.8703 2.59154 3.19544 2.69487 2.97517 2.65287 4.04168 4.50356 3.31045 7.56932 2.98092 2.69585 6.63335 4.09316 3.51848 3.63162 6.7377 3.16325 5.81211 11.2352 5.16879 8.22487 4.43196 5.93366 5.54593 4.97557 3.91648 4.14641
threshold=-0.43018585742217436 1.6694932823424551 394.72406602217956 -0.4019131953144417 -0.37683304378702193 743.44759035658365 361.29694515007407 0.41150892979219894 6.2285005235226487 0.48272204859590234 5.7093478236983088 5.872709843494115 0.28314379575200294 2.2360841837051804 -0.068855200176926243 7.7383329505053258 0.05252673905711714 0.066717135992877999 287.78613661763404 1.0000000180025095e-35 0.15985341599863648 0.093807405391035839 -0.23933494133939523 1.2944646201039451 2.618656849559152 -0.2161386413849766 -120.23515184502051 1.7917132034686802 41.147850943467887 54.169837166598661
decision_type=2 10 2 2 2 2 2 2 2 2 2 2 2 2 2 2 2 2 2 2 2 2 2 10 2 2 2 10 2 2
left_child=1 -1 -3 5 -5 6 -2 10 -9 12 13 -12 -10 14 -6 -15 -17 18 -18 22 -21 -22 23 -19 25 -23 -27 -28 -24 -30
right_child=3 2 -4 4 7 -7 -8 8 9 -11 11 -13 -14 15 -16 16 17 19 -20 20 21 24 28 -25 -26 26 27 -29 29 -31
leaf_value=-0.037109201011572626 0.048308798362863073 -0.030349277918398223 0.042725502286217389 -0.034284177519257712 -0.02530891137475464 0.067400159944231139 -0.020310963172592386 -0.026509625410374566 -0.025167286987692872 0.052703780347221035 -0.029797212894961064 0.062173281054964051 0.024634326671303282 -0.024734356655220315 0.087824833624804088 -0.0087602680824229225 0.091582789660560368 -0.012560429175766098 -0.013758866965180999 0.0084953229428432475 -0.0326596749439583 0.0070843384729813224 -0.018432590134109247 0.067256739940872598 -0.00092312576887173192 0.015384759923867489 0.055844731728558472 0.16326613809424942 -0.027899749519460851 0.018980963507371402
leaf_weight=6.4200910411891519 1.6044102581217892 2.3952642650110656 2.9677634937688708 3.9935752754099658 1.5107447650516417 2.5089827587362379 3.0816002947394736 13.388123149925381 6.8263793055666602 3.4874439211562276 11.541142008441964 1.7557663712650535 3.9180993049521931 7.167025906557682 2.4011010037502265 17.093467150290962 2.9830130317714065 5.1987194604589524 2.0794236420770176 28.744812418648507 3.1041670788545206 2.6758712129085369 20.376447640068371 6.4886980695882812 2.1919343220070004 2.1593979019671723 3.9397032964043239 2.5971126416698098 4.9601728105335523 22.623078019532841
leaf_count=1058 240 341 422 570 383 279 460 2220 1008 481 1764 268 578 953 610 2142 321 613 224 3037 321 280 3045 765 214 228 533 351 940 4288
internal_value=-0.000335207 -0.0163397 0.010448 0.00652854 0.00526664 0.0340965 0.00754742 0.00633335 -0.00771254 0.0105496 0.00892628 -0.0141538 -0.00645535 0.0112311 0.0478755 0.00981863 0.011943 0.0152065 0.0531809 0.0128925 0.0226983 0.0453246 0.0051756 0.0335613 0.0641886 0.0757989 0.0940315 0.114524 -0.002286 0.00986947
internal_weight=202.184 11.7831 5.36303 190.4 183.205 7.19499 4.68601 179.212 27.62 14.2319 151.592 13.2969 10.7445 138.295 3.91185 134.383 127.216 110.123 5.06244 105.06 45.413 16.6682 59.6471 11.6874 13.564 11.3721 8.69621 6.53682 47.9597 27.5833
internal_count=28901 1941 763 26960 26161 799 700 25477 4580 1961 20897 2032 1586 18865 993 17872 15940 13888 545 13343 4798 1724 8545 1378 1322 1189 918 884 7167 5228
is_linear=0
shrinkage=0.05


Tree=206
num_leaves=31
num_cat=0
split_feature=8 20 20 9 20 3 6 5 8 9 8 3 17 3 21 12 0 21 21 20 20 7 3 8 6 12 21 2 21 10
split_gain=2.53785 4.36938 3.38275 5.32869 3.75315 3.67074 4.18765 3.35239 3.81258 2.82806 4.04261 2.69287 2.33268 2.22485 4.61977 6.59483 4.05066 4.13104 3.57991 4.42879 4.10676 4.16612 9.77473 7.17353 4.50663 4.42324 4.01434 3.27265 3.20583 3.22452
threshold=0.49003499221670271 22.455141661238304 3.6129695438774054 0.4814010799684692 4.528915043210656 13.766245571069302 -0.41124932032786082 10.367456532012651 0.42769452642348155 0.43941188574988704 0.13491942372830715 33.211815804580105 2.7906489684097502 48.876696775016256 4.1733410201028009 -119.7081168315482 570.52114672491507 2.7792868562441453 1.4240681335145953 10.727285793358801 9.7563369227151711 0.034990708829907298 21.978706660597904 0.23611193100931452 0.04680076328561001 -108.3280132767415 0.56029386686749461 5.9197111810835965 5.491319014466141 3.5000000000000004
decision_type=2 8 10 2 8 2 2 2 2 2 2 2 2 2 8 2 2 8 10 10 10 2 2 2 2 2 10 2 8 2
left_child=2 -2 3 -1 -4 7 -7 -6 -9 12 11 -11 13 14 15 -8 17 18 19 -17 -20 22 -22 24 -24 -23 -21 -18 29 -15
right_child=1 -3 4 -5 5 6 9 8 -10 10 -12 -13 -14 28 -16 16 27 -19 20 26 21 25 23 -25 -26 -27 -28 -29 -30 -31
leaf_value=-0.012496714801866746 0.077033445133768502 -0.011925657326594313 0.057978346994874412 0.058490458399445347 -0.032982524391238187 -0.02466032194549098 0.078579250911332582 -0.01229428992470347 0.057068100107883671 0.058693048711282704 -0.031268967173593419 -0.012289505145937985 -0.02074492339484197 -0.017024662840205217 -0.031712852636367694 0.057976906236341122 -0.021275958453624118 -0.021364949556969076 -0.024314310077783952 0.040662611187714026 -0.02589097770231142 -0.029270292018200431 0.066616824863138399 0.13740668606541534 -0.025500180796754653 0.044488875057508759 -0.0080096462303522343 0.048113151722086966 0.041376039340356829 0.031768170376956291
leaf_weight=36.751157438266091 2.2183937099180202 2.0083016409771508 2.8334646661533043 1.8559491451596839 8.9601621048059332 6.7537664273986584 4.5980155046563587 5.4117127845529476 1.9098644605255684 1.8554174733581026 6.8468219279893674 1.975467672338709 3.1756533794105053 13.401569010457029 2.8246216048137276 4.1966198811423991 8.0843634060001914 3.4502345036598845 1.2898789525497729 4.8569517484866127 1.5905372951529013 2.2216124959522867 2.5293202978791696 3.920079703326337 1.4490215094992889 5.0867947495426051 14.477382842916994 1.1133654540171847 3.5175899246823965 3.4498954745940864
leaf_count=7605 294 266 474 384 2826 989 759 1304 460 234 1063 250 453 974 475 557 1859 571 226 739 274 422 404 584 231 967 2203 256 232 251
internal_value=-7.44312e-05 0.0405702 0.00506267 -0.00769356 0.00913642 0.00749927 0.0110046 -0.0139615 0.0104827 0.0137446 -0.00979095 0.0271226 0.0167723 0.0184565 0.0231279 0.0262452 0.0204693 0.0265444 0.0309243 0.0169367 0.0472809 0.053836 0.0745204 0.095378 0.0346826 0.0212432 0.00561565 -0.00898218 0.00388895 -0.00581559
internal_weight=164.614 4.2267 160.387 38.6071 121.78 118.947 102.665 16.2817 7.32158 95.9112 10.6777 3.83089 85.2335 82.0579 61.6888 58.8642 54.2662 45.0684 41.6182 23.531 18.0872 16.7974 9.48896 7.89842 3.97834 7.30841 19.3343 9.19773 20.3691 16.8515
internal_count=28901 560 28341 7989 20352 20175 15039 5136 1764 13808 1658 484 12150 11714 10369 9718 9574 7459 6297 3121 3176 3024 1635 1177 635 1389 2942 2115 1345 1225
is_linear=0
shrinkage=0.05


Tree=207
num_leaves=31
num_cat=0
split_feature=13 20 16 12 20 15 13 12 21 21 1 3 1 0 21 21 13 20 20 21 12 13 7 5 8 15 8 9 9 0
split_gain=16.6398 17.0032 11.7494 11.2461 8.51572 6.00582 8.30358 9.12955 5.05672 6.8014 4.17397 4.02499 4.15663 4.90214 4.4376 8.13955 3.88561 3.91586 3.73431 3.40408 3.3685 4.10832 3.2976 3.11853 3.07148 2.79216 2.34921 2.28528 2.57175 1.85278
threshold=33.18923079133652 16.121959567414155 36.278754314765209 -110.93137233070064 68.742823115392625 1.4344512722806776e-09 24.981578417489043 -87.041824313256484 1.0000000180025095e-35 0.015782558774287001 421.90950332724606 29.781662535246756 314.96512290705857 392.95541096089056 0.043232463202910056 0.5243349587303171 19.168181372221017 2.0894628097485701 6.780489744390251 1.1165922018082501 -115.85558783139838 14.664302009337591 0.13815176128150511 -3.8688610500893499 0.40957197038344267 5.475342453588605e-09 0.091722383612018468 0.15852328538617869 0.33387036060900682 446.744318430291
decision_type=2 8 2 2 8 2 2 2 10 10 2 2 2 2 10 8 2 10 10 10 2 2 2 2 2 2 2 2 2 2
left_child=2 8 3 10 5 -5 7 11 -2 -10 -1 12 13 -7 -14 -16 -13 -18 -17 24 -12 -22 -20 -19 27 -23 -8 -11 -29 -6
right_child=1 -3 -4 4 29 6 26 -9 9 19 20 16 14 -15 15 18 17 23 22 -21 21 25 -24 -25 -26 -27 -28 28 -30 -31
leaf_value=-0.038680308920426232 -0.041955793744162535 -0.040158410407968935 0.040004375227702088 0.037356794380492296 -0.028947947412543553 0.013817448980049357 0.0075328541144137409 -0.021562578338161845 0.022246978234698598 -0.02826790262441857 -0.033370635603872829 0.048673612583765832 0.0023028733350206605 -0.030661174164261458 0.061769124151825609 0.026871800863360565 -0.014826955048739508 0.055271180508233486 -0.027747962319855313 -0.034111397944454919 0.03508187586263628 0.016676088436944538 0.022392092888084136 -0.0025159307046369803 0.016526237570481633 -0.035578982372179206 -0.033091763232373346 0.011290631367209487 -0.017483643533587306 0.0010561735890121423
leaf_weight=20.532995667075738 7.3776840127538881 53.050391992554069 18.94414921104908 15.808466158807276 19.093368726782504 11.567571639083329 4.1637379680760249 18.95029220846482 21.847969787195325 11.890107638202606 7.0673885741271105 14.339003550587224 34.472109142923728 11.355940546141936 10.829044253565369 15.916760778753089 6.9048755788244334 4.9797958878334647 7.5747154394630352 10.542189784813671 6.0912078907713321 3.5418090918101361 4.3894746769219637 3.6927520167082504 12.751720450818537 5.2533977080602199 14.925109684467314 14.909289564937357 14.206272376701234 6.8238618997856975
leaf_count=1243 202 6838 709 347 2383 453 214 365 625 207 287 346 435 445 223 408 250 301 384 372 230 201 223 224 214 298 765 253 241 852
internal_value=0.000345193 -0.0178271 0.00308182 0.000115317 0.00497536 0.00885852 0.00590283 0.0100185 -0.00486919 -0.0012481 -0.0229976 0.0148998 0.00972648 -0.00857716 0.0154982 0.0268951 0.0306666 0.012155 0.0116802 -0.00944979 -0.0072838 0.00642203 -0.00904409 0.0329493 -0.00407885 -0.0149818 -0.0242967 -0.0107274 -0.00286347 -0.0213023
internal_weight=413.793 146.576 267.218 248.274 205.787 179.87 164.061 144.972 93.5252 86.1475 42.4868 126.022 96.1056 22.9235 73.1821 38.71 29.9164 15.5774 27.881 64.2996 21.9538 14.8864 11.9642 8.67255 53.7574 8.79521 19.0888 41.0057 29.1156 25.9172
internal_count=28901 18894 10007 9755 7184 3949 3772 2793 2557 2463 2571 2542 1821 898 923 796 721 564 715 2268 891 563 607 525 901 499 979 715 494 3235
is_linear=0
shrinkage=0.05


Tree=208
num_leaves=7
num_cat=0
split_feature=20 20 0 3 6 20
split_gain=2.40052 1.88622 1.20215 1.54471 1.68342 0.117644
threshold=16.121959567414155 5.7203375950920803 527.1413022096566 19.306530252211353 -0.084776678877403797 9.7563369227151711
decision_type=8 8 2 2 2 10
left_child=1 -1 3 -3 -5 -4
right_child=-2 2 5 4 -6 -7
leaf_value=-0.022998909937709811 -0.02884691543916822 -0.024712605124575557 0.062326692260566433 0.046219261435990727 -0.019106266250876219 0.017096860693574564
leaf_weight=1.229524523696458 2.2490625764876304 1.2777349174029957 1.550489235596616 2.0542980077734709 0.79308881633914852 1.2377872298675356
leaf_count=652 6255 449 250 618 238 200
internal_value=-0.000774673 0.0214992 0.0313193 0.00987672 0.0277872 0.0520613
internal_weight=10.392 8.14292 6.9134 4.12512 2.84739 2.78828
internal_count=28901 4319 1898 1448 856 450
is_linear=0
shrinkage=0.05


Tree=209
num_leaves=28
num_cat=0
split_feature=20 11 13 5 1 5 1 1 20 13 21 5 1 20 20 1 9 6 6 8 12 9 0 5 9 21 1
split_gain=5.46268 4.56771 4.41363 4.9966 3.48454 3.14567 3.84717 6.45552 3.86324 3.66512 3.31144 4.58191 3.2539 2.95194 3.88801 2.64932 3.38924 2.39386 1.1455 1.09182 1.13431 1.05396 1.49147 0.937495 0.515934 0.475857 0.447413
threshold=20.897065842984304 -81.76873362405199 13.90926050429078 28.276171804239404 142.28704808227954 20.687319053081403 174.31786986738854 125.60781976932851 1.6737139421197751 21.032560027963502 0.011862585384144402 -40.977723000541395 379.36380951679354 2.3562746189955655 0.87237327942997267 17.490925874638055 0.19085036405912617 0.35699111209060425 0.2050464176667294 0.11059609487960921 -102.55700282163906 0.035459569146051979 511.53803902430303 -42.335282577630245 0.39980911189329854 0.86048930426634562 109.70927574202702
decision_type=10 2 2 2 2 2 2 2 8 2 8 2 2 8 10 2 2 2 2 2 2 2 2 2 2 8 2
left_child=2 -2 -1 5 -3 6 7 15 -9 -8 -11 18 25 14 -13 16 -4 21 -12 20 -17 -5 -23 -21 -10 -7 -27
right_child=1 4 3 17 -6 12 9 8 24 10 11 13 -14 -15 -16 19 -18 -19 -20 23 -22 22 -24 -25 -26 26 -28
leaf_value=0.049887148196651486 -0.038625484371893171 0.054368942565622108 0.084551026382745531 0.0054395343129306191 -0.026012771584213692 -0.025736974652449281 0.029794173515917774 0.11599424139677605 -0.017523017388475962 -0.026278607104695425 0.012797931962756871 -0.024321365198756949 0.052059523965261513 -0.036698793188936034 0.014251720217158545 -0.018021355439003166 -0.020115760992367213 0.017798092476551376 0.059964331914236974 0.015798144972981997 0.04187405718594258 -0.04125949264305348 -0.0018636074030615041 -0.034192063365681639 0.023958067615992056 0.028759265461221359 -0.012982967352306335
leaf_weight=4.3504590156080658 12.464974795613672 1.9968198827700703 0.84639287725440304 1.8068021970102606 1.6319039285299366 1.3434798693633649 7.7597486990853204 1.7492146661388708 0.68563327431911614 12.694707446935352 3.0959183048980705 8.7269713972928091 6.2492345306091011 5.112038357066921 18.910171910189092 0.70115177019033681 0.79486106341937557 2.7865920678596012 2.595244583877502 0.55466269748285713 0.67862976668402619 9.9276641852338781 3.2046914823295083 3.5339678701420758 0.35242163421935402 0.29987058485858165 0.44252266449620947
leaf_count=496 13629 560 239 205 457 363 684 400 390 1228 246 211 665 664 456 213 225 309 207 215 207 1176 379 1370 200 200 294
internal_value=-0.000579586 -0.0248993 0.00568383 0.00315712 0.0204097 0.00868667 0.00491361 0.032205 0.0849575 -0.000133669 -0.00515959 0.0023043 0.0359645 -0.00524823 0.00164754 0.00359799 0.0454365 -0.0200817 0.0400537 -0.0140422 0.0166545 -0.0278207 -0.0324578 -0.0256385 0.00140528 -0.0134999 0.0107066
internal_weight=115.297 16.0937 99.2031 94.8526 3.62872 77.1268 68.7917 9.89694 2.78727 58.8948 51.1351 38.4403 8.33511 32.7492 27.6371 7.10967 1.64125 17.7257 5.69116 5.46841 1.37978 14.9392 13.1324 4.08863 1.03805 2.08587 0.742393
internal_count=28901 17596 11305 11150 1017 9186 8299 3106 637 5193 4947 4707 887 4254 667 2469 464 1964 453 2005 420 1692 1555 1585 590 563 494
is_linear=0
shrinkage=0.05


Tree=210
num_leaves=31
num_cat=0
split_feature=13 21 2 3 4 1 20 21 11 2 2 9 8 3 21 11 3 15 9 1 9 6 21 6 1 3 12 20 3 12
split_gain=10.6583 8.97144 4.64684 4.04258 4.42061 5.18419 4.54265 4.23246 4.69313 6.18724 5.10609 5.9832 6.83049 4.24932 4.17704 4.15987 4.91769 5.25056 4.15351 4.01363 5.3876 4.00757 4.47862 3.89234 3.45026 5.00256 3.44675 3.32885 3.1038 4.13749
threshold=1.0000000180025095e-35 0.77466426013281253 5.5962921681836137 25.807944860251254 -16.400057271348295 10.780575984860951 10.727285793358801 2.0253538415575307 -110.28954678206848 4.3843758502084169 5.2763836823257195 0.37409619262959387 0.091722383612018468 58.875689852195208 4.6491820403472817 -123.05203304905999 51.486452225312512 3.9812354879923625e-09 0.1836818923469288 771.89019116886914 0.27894419741970294 -0.14737075528555363 1.3904153779081152 -0.0968890433542937 311.08606781379154 36.057828924272059 -101.86479647260444 28.488293251829752 24.172568065369703 -121.72437761402853
decision_type=2 8 2 2 2 2 8 8 2 2 2 2 2 2 10 2 2 2 2 2 2 2 8 2 2 2 2 8 2 2
left_child=-1 28 3 4 27 -6 26 15 10 -10 13 12 -12 -9 -11 -5 17 -17 -14 24 -21 -19 -23 -15 25 -4 -7 -3 -2 -30
right_child=1 2 19 7 5 6 -8 8 9 14 11 -13 18 23 -16 16 -18 21 -20 20 -22 22 -24 -25 -26 -27 -28 -29 29 -31
leaf_value=-0.041962912985631901 -0.010212668621485371 -0.052258278655644225 0.020328878758731687 0.02303834879775345 -0.018025316217995094 -0.01610927900891759 0.022156006514103484 0.02805798817541956 -0.01744028828561494 0.033357218383660889 -0.075017643062115502 0.020618402652671824 0.012774084213996473 -0.023034410141139081 -0.018847554500115524 0.0051613316368442925 -0.04245376226209116 0.0029180680051472205 -0.033678756165679523 0.023159796261937645 -0.032160165154190741 -0.0093868841697590417 -0.052621195325379712 0.010919014566081128 0.040932541774303499 -0.03871896945915438 0.012179568550347096 0.0078406658023929109 -0.020921519967907105 0.0021828407528449445
leaf_weight=14.324982476653529 183.34884665883146 3.9756008638069043 27.866901536006484 7.9879130106419316 12.539607257349415 15.809563719201831 75.624594547785819 15.434946917463092 9.1724169240333122 30.327870437409729 5.3923307410441401 6.7495075375773013 7.8331075641326633 13.244115725159643 3.713795721065253 37.476750190136954 11.120048091281205 11.452280531171708 9.9747661133296788 7.8703326992690554 7.7611290221102536 11.902159170247618 12.239744700025765 19.762889197096229 18.29391541541554 3.1600972781889141 28.997337610693648 3.8680634000338605 21.277626745402813 147.90251859789714
leaf_count=526 2267 227 2777 270 831 275 5282 354 856 3285 205 264 313 210 402 1416 404 270 398 260 256 269 277 313 1892 315 503 221 274 1905
internal_value=1.20835e-05 0.000146688 0.00508177 0.00280643 0.00935274 0.0115563 0.0147594 -0.00152894 0.00458345 0.0176133 -0.00273076 -0.0186282 -0.0304262 0.00727595 0.0272866 -0.00955527 -0.0128818 -0.00786914 -0.0136529 0.0172728 -0.00458915 -0.0213549 -0.0325275 -0.00298158 0.0241551 0.0132937 0.00206442 -0.0250855 -0.00572441 -0.000828835
internal_weight=786.406 772.081 419.552 354.599 140.815 132.971 120.431 213.785 121.606 43.2141 78.3917 29.9497 23.2002 48.442 34.0417 92.1789 84.191 73.0709 17.8079 64.9524 15.6315 35.5942 24.1419 33.007 49.3209 31.027 44.8069 7.84366 352.529 169.18
internal_count=28901 28668 24310 18693 9255 8807 8412 9438 6317 4034 2283 1173 884 1110 3687 3121 3062 2760 711 5617 516 838 546 523 5101 3092 778 448 4358 2179
is_linear=0
shrinkage=0.05


Tree=211
num_leaves=31
num_cat=0
split_feature=8 8 8 20 5 8 21 8 9 12 21 6 15 9 5 20 4 1 13 6 7 1 9 0 21 21 21 21 9 5
split_gain=2.36664 6.49416 3.26266 3.3831 4.53035 3.38841 3.62306 5.08191 3.29417 3.12798 3.01051 3.85863 3.96093 3.04502 2.56324 3.81012 2.67623 2.53411 2.51355 2.50399 2.41481 5.2393 5.5778 7.90459 5.88353 4.81105 4.52724 3.96689 5.03126 3.47748
threshold=0.25365004255388618 0.24794497821915187 0.29810669195258305 89.534576726354359 -45.647623957331241 0.48272204859590234 1.1507520196164502 0.38059935237738568 0.40448083820566544 -114.95369573210478 1.3904153779081152 0.34303579166425485 4.8871623633367553e-09 0.17607134841226549 33.152164272903356 226.61126853664851 82.695386254239608 17.490925874638055 20.782465376289263 -0.38451947852412832 -0.0039946848287275563 3.8877108623370304 0.11494764402651382 394.72406602217956 2.3117284276794106 0.76423292771274853 2.0105429823785506 0.63147927870174414 0.24040841181007802 -43.05705056003044
decision_type=2 2 2 8 2 2 8 2 2 2 10 2 2 2 2 10 2 2 2 2 2 2 2 2 8 8 10 10 2 2
left_child=1 20 18 4 -4 6 8 10 19 -7 -8 12 13 -12 15 -5 -16 -9 -2 -6 27 -22 23 24 -23 -24 -25 -1 -29 -30
right_child=2 -3 3 14 5 9 7 17 -10 -11 11 -13 -14 -15 16 -17 -18 -19 -20 -21 21 22 25 26 -26 -27 -28 28 29 -31
leaf_value=-0.019468776392294759 0.010530963738148083 0.070407274712336973 0.046893419204815219 -0.038567076905125439 0.0040928479866458043 0.073161735960117213 0.077980132675522507 0.040515780144809048 0.022522416626333881 0.0025532640593990243 -0.0022290818365239299 -0.029951007310556423 -0.0040431995811895825 0.085686432602662954 0.04243811305178731 0.031056534326187758 -0.026604830752884258 -0.016910473516135942 -0.031956729263688151 -0.033999673577466312 0.076490543577311831 0.10849853935177466 0.0243436204781661 -0.03407959607825984 0.014109113551370366 -0.011018256108469626 0.04759967695559026 -0.011529715721022769 0.072745165837555581 0.015482779566247091
leaf_weight=16.929749438248109 4.2316815857775518 3.2895408539916389 5.9731943511869749 10.250648669723885 5.8519355377066029 2.1996894082985827 2.1735780449817019 1.2863915016641847 4.1197351898881607 3.2246209746226668 1.2609004299156374 2.2625454970402643 3.6147095354972407 2.8133226007921621 2.40637497889111 1.5966520321089774 1.5153852328658102 11.955261238617821 11.702076232701073 13.54510636103805 2.261873571202158 3.5333389466977687 13.818517336621879 3.8120463355444381 3.1339157543843603 26.423081407789141 1.6314532903488723 15.62391736084828 2.361458568833771 17.345188537321519
leaf_count=2269 666 436 643 4015 477 209 297 202 340 306 248 322 511 552 399 625 252 1873 1843 1105 301 340 1891 700 302 3615 300 2094 302 2217
internal_value=-0.000333891 0.00997961 -0.000853653 0.00352299 0.00892722 0.00397904 -0.000497343 0.012378 -0.0143239 0.0381179 0.0344998 0.0187496 0.0348779 0.0634009 -0.0164364 -0.027497 0.0157746 -0.00887851 -0.0207173 -0.0228702 0.00748425 0.0147361 0.0106843 0.03901 0.071758 0.00142045 -0.00601168 -0.000228593 0.00927306 0.0255263
internal_weight=202.148 110.164 91.9838 76.0501 60.281 54.3078 48.8835 25.3667 23.5168 5.42431 12.1251 9.95148 7.68893 4.07422 15.7691 11.8473 3.92176 13.2417 15.9338 19.397 106.875 54.6142 52.3524 12.1108 6.66725 40.2416 5.4435 52.2603 35.3306 19.7066
internal_count=28901 14608 14293 11784 6493 6188 5673 3730 1943 515 1655 1417 1087 800 5291 4640 651 2075 2509 1582 14266 7263 7148 1642 642 5506 1000 7003 4735 2519
is_linear=0
shrinkage=0.05


Tree=212
num_leaves=31
num_cat=0
split_feature=10 21 15 3 17 9 5 15 21 3 12 8 19 8 6 20 5 9 3 4 5 5 20 1 20 7 21 6 20 21
split_gain=2.41315 2.63029 4.53486 4.22111 4.11746 3.40199 3.30328 3.29981 3.77675 5.4546 4.18823 4.5305 3.71131 3.63169 3.61027 4.56482 4.88301 4.38648 5.00105 3.94293 3.87617 3.5717 3.05005 3.74759 3.40269 5.37448 3.5003 3.61091 5.02396 3.22906
threshold=5.5000000000000009 1.4240681335145953 1.1777401613576147e-08 58.875689852195208 2.4777769830939533 0.43574743148595735 -36.925997893292809 2.5577283772062632e-08 1.9390328494280851 48.876696775016256 -113.3736934936157 0.43875931153487274 4.5000000000000009 0.096102248600723264 0.10196957770965144 56.637074976189062 5.9285852077149004 0.20564423490831854 31.525097899718002 13.630873263240153 21.798021751110706 -35.909161223613914 1.8514795658007903 2.8837109234001854 12.632152635411302 -0.097637031154360607 0.5441064204832452 -0.20592886456736084 78.248603051003471 0.022960566287379153
decision_type=2 10 2 2 2 2 2 2 10 2 2 2 2 2 2 8 2 2 2 2 2 2 10 2 10 2 10 2 8 8
left_child=1 2 3 4 22 7 -7 8 9 14 13 -12 -13 -10 17 -16 -17 20 19 -19 -3 -15 23 -1 25 -24 27 28 -26 -25
right_child=-2 5 -4 -5 -6 6 -8 -9 10 -11 11 12 -14 21 15 16 -18 18 -20 -21 -22 -23 24 29 26 -27 -28 -29 -30 -31
leaf_value=0.040077483364882809 -0.02644109536674908 -0.012810165285576318 -0.032617508767508595 0.051122076451175807 0.07051234247924916 0.029842410788455922 -0.03079933419460415 0.048645484954020608 0.051556054748556818 -0.030898076042431652 -0.024370961724183487 -0.0091146967393585018 0.087480582933967335 0.032445093157383198 -0.018520055955954191 -0.021231151579131944 0.092545653102487871 0.07391609132897195 0.12633247059736771 -0.013526400849341258 0.063335445291258147 -0.014321988347093091 -0.010859859076850713 0.0068028353181619249 -0.0056721548992805272 0.045298086613958614 -0.012486544145615938 -0.0010355092683523666 0.10879185867800932 -0.033280649453120016
leaf_weight=1.9222876600106271 4.5306896121473983 3.6669897476676923 7.9045311859808862 3.6749169342801906 1.1354854130186138 2.2796982160652997 6.6197496886597929 6.8942113005323336 5.1135445324471229 2.4815555462264456 15.009347466402692 1.7726341541856538 0.86561034223996103 5.985338380094622 4.8349049393436889 1.0129267898155381 1.5111739907297304 1.4796259477152509 2.4927681483677588 2.1541127542150207 1.7174859531223772 8.8960094752837851 6.2728530738968447 6.9447450563893689 1.5059862943016955 10.430790776968932 23.396572763740551 5.9505733195110206 1.2512352686608199 14.7429788071895
leaf_count=571 796 629 1424 692 220 429 1246 1183 297 391 5401 516 252 365 831 258 386 283 394 413 295 543 297 2219 243 494 4583 974 201 4711
internal_value=-7.51422e-05 0.00725415 0.0012079 0.00504272 0.00208565 0.01403 -0.0138199 0.017942 0.0136029 0.0298961 0.0038266 -0.0135262 0.037912 0.019057 0.0390437 0.00976177 0.0538184 0.0554872 0.0816488 0.0303471 0.017594 0.00534649 6.69375e-05 -0.0143345 0.0071813 0.0247865 -0.00245057 0.0230232 0.0614022 -0.0207112
internal_weight=164.451 159.921 85.133 77.2284 73.5535 74.7877 8.89945 65.8882 58.994 21.3515 37.6425 17.6476 2.63824 19.9949 18.87 7.35901 2.5241 11.511 6.12651 3.63374 5.38448 14.8813 72.418 23.61 48.808 16.7036 32.1044 8.70779 2.75722 21.6877
internal_count=28901 28313 15335 14551 14268 12978 1675 11303 10878 3368 7510 6350 768 1160 3157 1265 644 1892 968 696 924 908 14097 7017 7080 791 6289 1426 444 6930
is_linear=0
shrinkage=0.05


Tree=213
num_leaves=31
num_cat=0
split_feature=21 17 20 21 1 6 7 15 12 12 5 13 11 21 6 13 20 21 3 6 12 0 6 21 20 9 9 1 0 7
split_gain=15.5121 23.4978 9.38997 5.47895 4.78812 4.17328 4.11294 5.02857 7.08145 5.75289 4.24005 3.77659 4.40485 3.52173 3.43914 3.4298 2.90366 2.60724 2.67745 2.53888 4.11131 3.25203 2.43651 1.50491 1.33539 0.987384 0.880551 0.788988 0.660892 0.71275
threshold=0.7256591603840471 4.1402118715233778 6.780489744390251 1.7137962444792603 179.04403837205402 -0.065365955195785461 -0.38165372045272367 3.9378708286102166e-09 -97.088951923966292 -108.98553882433002 27.527021151785554 24.680225099050549 -108.75465574160349 0.026296650163411355 -0.0075217834007144093 21.130238862014327 10.727285793358801 1.1269989229497102 15.914574232021801 0.018680974364243989 -96.398855462941228 369.21026495829057 0.1130283412148073 4.1095971975229064 0.24170990294489453 0.00379979468035252 0.31565254432363515 0.92711230713892612 93.742953318703613 -0.48004834825801723
decision_type=8 2 8 10 2 2 2 2 2 2 2 2 2 10 2 2 10 10 2 2 2 2 2 10 10 2 2 2 2 2
left_child=4 2 3 5 15 -2 -6 8 10 -9 13 12 -4 -8 -11 -1 -15 -14 23 20 26 -21 -10 -19 -17 -13 -20 -27 -29 -30
right_child=1 -3 11 -5 6 -7 7 9 22 14 -12 25 17 16 -16 24 -18 18 19 21 -22 -23 -24 -25 -26 27 -28 28 29 -31
leaf_value=0.006299378767106411 -0.012727675513511819 0.033627645980673748 -0.040187115348923899 -0.0373119374427456 0.025875527935984285 0.019834831133354023 -0.035363629819223842 -0.0075790275013261537 0.0020888184034565838 0.039047028401916289 0.0090185855828471759 0.0079541086592183913 -0.033319399878718341 0.0045755270893338236 0.010620505757114795 -0.0040292506975102274 -0.031753430412026128 -0.030237633038833756 -0.021078986990031197 -0.029742088300992883 0.053472305646723922 0.031515566689584933 0.023019218373015266 0.01213098338223503 -0.038582253525501958 0.0016807625926726817 0.014166195493911552 -0.0025101256002702313 -0.0021943072857191033 -0.041179052398263472
leaf_weight=10.187708240468057 16.76408999087289 20.780877377139404 15.795749583281575 8.2544697523117048 24.070242818444967 21.197755807777867 21.719150038203225 18.391044616932049 34.56045804428868 21.699341019615531 14.750602791784329 0.83460551674943317 7.3587876990204668 16.305930797243494 21.962819806300104 3.9688485125079778 7.1473395111970603 7.9605063882190761 2.9825951622333404 5.6743300072848806 5.0317842971999207 2.2682031935546547 22.519774723099545 2.1326871644705534 11.060848552035166 1.1012377337319765 2.2749274068046361 1.3172931030858297 1.3150965583045024 56.540505700628273
leaf_count=414 325 2880 1484 232 354 411 564 204 338 200 349 250 607 641 203 232 281 771 266 504 353 202 221 206 645 331 203 402 407 17479
internal_value=0.000356836 -0.0152718 -0.0218411 -0.00277677 0.00432477 0.00549751 0.0068915 0.00420998 -0.00190859 0.015594 -0.0138028 -0.0295734 -0.018997 -0.0212888 0.025306 -0.0158246 -0.00734144 -0.00877726 -0.00148247 0.00985181 0.0252431 -0.0106803 0.0106006 -0.0209986 -0.0302785 -0.0380339 -0.00600171 -0.0387901 -0.0395587 -0.0403452
internal_weight=407.93 179.586 158.805 46.2163 228.344 37.9618 203.127 179.056 117.003 62.0532 59.923 112.588 51.4796 45.1724 43.6622 25.2174 23.4533 35.6838 28.325 18.2318 10.2893 7.94253 57.0802 10.0932 15.0297 61.1087 5.25752 60.2741 59.1729 57.8556
internal_count=28901 24887 24418 1299 4014 736 2990 2665 1978 687 1419 23119 4835 1173 403 1024 922 2943 2404 1427 721 706 559 977 877 18284 469 18133 18052 17886
is_linear=0
shrinkage=0.05


Tree=214
num_leaves=9
num_cat=0
split_feature=21 21 0 6 13 6 13 3
split_gain=2.23719 1.87955 1.46459 0.809939 0.599388 0.744916 0.343563 0.139382
threshold=0.67203394054469012 0.49671902741587504 601.35660965990758 0.45219081230114183 24.234325592416571 -0.084776678877403797 32.639944170141426 56.175088511826957
decision_type=8 8 2 2 2 2 2 2
left_child=1 2 -1 -2 -3 -6 -7 -5
right_child=3 4 -4 7 5 6 -8 -9
leaf_value=-0.028097510975156881 -0.030857051267915894 0.0022209205547254296 0.028547447068048449 -0.0053875182387815267 0.059153687085295829 0.020353784212536526 -0.014352701891101681 0.023932474851498176
leaf_weight=1.9279876175933215 2.7852874274067294 0.93971680519462086 0.90523849012970459 0.14797899045515905 2.5035396290913945 0.38152502223238138 0.5020587913095369 0.29289969319870579
leaf_count=1748 21799 235 820 406 572 200 263 804
internal_value=-0.000768208 0.0233131 -0.00727311 -0.0217799 0.0409466 0.0487353 0.00348307 0.0171822
internal_weight=10.3862 7.16007 2.83323 3.22617 4.32684 3.38712 0.883584 0.440879
internal_count=28901 3652 2568 25249 1084 774 463 1210
is_linear=0
shrinkage=0.05


Tree=215
num_leaves=31
num_cat=0
split_feature=19 0 0 3 4 2 0 9 8 20 6 11 1 8 8 8 15 21 6 9 1 15 20 21 7 0 8 7 21 8
split_gain=5.13752 3.27416 3.77911 3.38932 3.10109 3.28393 4.55768 5.31936 4.02535 3.5171 3.17109 2.93619 2.90447 4.45152 2.69945 4.03988 2.683 3.3431 2.43149 2.34193 4.32895 1.69192 1.58498 1.46358 2.00014 1.42308 1.21625 1.12967 0.982633 1.81261
threshold=2.5000000000000004 656.21101433614206 555.88880403594464 2.6452701480221203 -4.3664139694547393 5.3991364257113066 307.19245287240807 0.11919789988736441 0.28411606042141052 0.24170990294489453 -0.20592886456736084 -75.63802462259963 232.07872432046904 0.11654172045347001 0.20034466732090131 0.23611193100931452 1.2539240895133367e-09 0.011862585384144402 0.39082016810236148 0.19526712870877463 705.72580734436463 6.5391585163816215e-07 1.8514795658007903 0.026296650163411355 -0.051806482868851582 284.43656254072658 0.33832092366183747 -0.10567537424294725 0.77466426013281253 0.14309368513879853
decision_type=2 2 2 2 2 2 2 2 2 10 2 2 2 2 2 2 2 10 2 2 2 2 10 10 2 2 2 2 8 2
left_child=1 2 3 -1 10 6 7 8 -6 -7 -5 21 13 -9 -8 -16 17 25 22 -11 -21 28 -17 -4 -25 -12 -14 -3 29 -2
right_child=11 27 23 4 5 9 14 12 -10 19 16 -13 26 -15 15 18 -18 -19 -20 20 -22 -23 -24 24 -26 -27 -28 -29 -30 -31
leaf_value=-0.034098189101204726 0.035907373296638019 0.058196189173659978 -0.033445518200509179 -0.011414936827357327 0.084303199410608487 -0.029934493088591953 -0.039793151852695725 0.083305638921977274 0.0041648792858807564 0.0066715856634847808 0.034838061801443797 0.027612113008821871 -0.035846484371505991 -0.024286333596278017 0.046236961164928765 -0.039676826691669637 0.0074921652289560497 0.078742407806928733 0.020300983288692842 0.0075993342765849001 0.067592695865440186 0.034117418473774842 0.0042346985353861905 0.021811418407979555 -0.025851684613210753 -0.024958389712304498 0.0076810624701440251 0.0095954585979858391 -0.038700649130305284 -0.027746564859471759
leaf_weight=3.621246246591908 0.82108272993355558 2.8130273288988983 7.4233931356575331 3.0912368014396643 2.7970166464510857 2.4228689779411097 8.0120687779272011 0.90867293940391447 2.8542962548381183 10.003434829675829 0.81822579965228359 1.7389087042829485 4.704496387450491 1.2511319104523861 2.1977776663261475 6.6365679707960217 4.0917303625901695 4.8314306067477446 2.6553480501461308 5.9879134221118866 5.6812034189642873 0.20920806546928361 2.5663390763511416 3.4566960702068181 3.3548593358136714 1.2052966597839256 1.8066459686961023 2.4248987414175645 12.503923706477506 1.9214295916608533
leaf_count=417 613 287 911 259 217 264 987 202 222 467 202 1783 709 278 253 808 304 482 318 318 302 234 312 326 317 297 272 247 14094 1434
internal_value=-0.000573572 0.00575742 0.00335208 0.00770883 0.0101649 0.00502166 -0.00446349 0.0168093 0.0505394 0.0189538 0.0305182 -0.0231607 -0.00812709 0.0330183 -0.0183998 -0.00437232 0.042324 0.0595145 -0.0166185 0.0254984 0.0398373 -0.0302039 -0.0282167 -0.0195011 -0.00196806 0.00274607 -0.0243542 0.0408416 -0.0331322 -0.00418685
internal_weight=114.812 97.6178 92.3799 78.1449 74.5237 60.4858 36.3904 14.3223 5.65131 24.0954 14.0379 17.1946 8.67095 2.1598 22.0681 14.056 10.9467 6.85495 11.8583 21.6726 11.6691 15.4556 9.20291 14.2349 6.81156 2.02352 6.51114 5.23793 15.2464 2.74251
internal_count=28901 11271 10737 8991 8421 7244 4618 1900 439 2626 1177 17630 1461 480 2718 1620 814 684 1418 1011 620 17277 1120 1746 643 499 981 534 17185 2047
is_linear=0
shrinkage=0.05


Tree=216
num_leaves=31
num_cat=0
split_feature=13 20 19 1 0 8 13 8 1 17 13 6 21 11 9 1 5 9 1 20 15 0 6 21 1 16 1 0 7 6
split_gain=9.88229 7.80816 4.22548 4.23531 6.31162 4.91257 5.07953 3.93027 7.40494 6.016 7.13815 5.85799 6.77697 4.30451 4.12536 3.6622 3.53514 3.13147 3.96227 4.68314 3.82759 5.28722 6.24222 4.48726 3.37352 3.3422 3.12669 3.08543 3.06586 2.94266
threshold=-1.0000000180025095e-35 71.374607698076616 2.5000000000000004 62.747651318965701 417.62029722554354 0.30206388147847024 25.585060209594754 0.1506233518936724 161.57275540819901 2.1316282072803012e-14 19.770428501728961 -0.05358518902820885 3.4708170272223406 -107.8024712555595 0.23429021797581487 113.80545173153952 -55.304086863206798 0.36049324189110293 433.97872339614304 56.637074976189062 1.5881867761018134e-22 452.95593458962355 0.085300218101734174 3.4222433558085501 606.32524826149108 0.55182176264555871 771.89019116886914 295.20225387324109 -0.26703318830380457 -0.049735402444112335
decision_type=2 8 2 2 2 2 2 2 2 2 2 2 10 2 2 2 2 2 2 10 2 2 2 10 2 2 2 2 2 2
left_child=-1 2 15 4 5 6 -4 8 11 -9 -11 13 -13 -3 -12 -2 -5 18 20 -20 28 23 25 27 -19 -23 -10 -22 -18 -6
right_child=1 7 3 16 29 -7 -8 9 26 10 14 12 -14 -15 -16 -17 17 24 19 -21 21 22 -24 -25 -26 -27 -28 -29 -30 -31
leaf_value=-0.041643730440473398 0.012294468591761178 -0.077901304879015337 -0.028443579510964517 -0.034220573056482392 -0.007967893391252201 -0.045730901399545679 0.023056250517224944 0.019933423886261788 0.025767051778779439 0.02447150278250217 0.00034536901950409917 0.01583485801062302 -0.047129508684290201 -0.0074660720178003825 -0.055540912433903869 -0.0066440600277279608 -0.021259215051574812 0.028541011054651091 0.03597701757001668 -0.029159889063214886 -0.014768913901091682 -0.023407571561460127 -0.061219978274047987 -0.022491641902302153 -0.022380460833236242 0.032953258366713471 -0.0082584791328908572 0.028719531432865208 0.021490356164870161 0.028369559978573697
leaf_weight=13.468099962919949 26.405289456481114 4.9497658377513298 9.4241178911179393 3.6882152184844008 9.439135841093961 12.317010983359067 7.8861042088828981 95.120611301856115 20.961926513118676 8.5029544010758435 5.6567514596972606 13.298616732703524 5.1000845688395202 3.7791596972383577 6.891755489166826 389.4695805395022 4.2258475371636477 29.178544031456113 15.404435080010446 2.5339344777166843 4.8172722803428867 5.6905665746890035 7.5060297138988972 9.5212294375523907 2.9047336662188172 3.3359001786448061 9.1723430324345809 14.598703872878104 23.40620637126267 11.468381030019371
leaf_count=499 217 300 304 237 488 375 255 8652 1970 443 357 862 330 229 434 3197 317 2014 1480 244 206 384 452 352 200 225 862 626 1756 594
internal_value=1.06342e-05 6.74011e-05 -0.00266305 0.00378438 -0.00834531 -0.0228757 -0.00500371 0.00936848 -0.00134509 0.0146157 -0.00922681 -0.0199183 -0.00314853 -0.0513084 -0.0321819 -0.00541498 0.00864556 0.010195 0.00534007 0.025722 5.89293e-05 -0.00880216 -0.0304844 0.00418987 0.0233936 -0.00136916 0.0154777 0.0177348 0.0144384 0.0123494
internal_weight=780.123 766.655 593.221 177.346 50.5347 29.6272 17.3102 173.434 57.2619 116.172 21.0515 27.1276 18.3987 8.72893 12.5485 415.875 126.812 123.123 91.0401 17.9384 73.1018 45.4697 16.5325 28.9372 32.0833 9.02647 30.1343 19.416 27.6321 20.9075
internal_count=28901 28668 13548 10134 1985 903 559 15120 4553 10567 1097 1721 1192 529 791 3414 8149 8075 5861 1724 4137 2064 995 1069 2214 609 2832 832 2073 1082
is_linear=0
shrinkage=0.05


Tree=217
num_leaves=31
num_cat=0
split_feature=7 4 7 7 16 1 8 5 8 0 0 9 3 6 3 8 8 1 11 8 16 6 21 21 6 9 7 8 8 17
split_gain=2.37026 2.90222 2.30293 3.04101 2.55559 3.13483 2.33727 3.82902 3.73766 2.89757 6.96322 2.76498 2.52447 5.83762 3.71674 3.22882 3.08619 5.5953 3.03855 2.87254 2.7846 5.80478 6.58839 5.27825 4.83705 4.65873 3.44956 3.60848 6.66823 2.89435
threshold=-0.43018585742217436 -13.862987162760797 -0.4019131953144417 -0.37683304378702193 1.0000000180025095e-35 743.44759035658365 0.41150892979219894 6.2285005235226487 0.48272204859590234 603.34851862249104 710.42060896435316 0.28314379575200294 2.2360841837051804 -0.068855200176926243 7.7383329505053258 0.05252673905711714 0.066717135992877999 287.78613661763404 -104.19553566789348 0.077003555709469942 1.0000000180025095e-35 -0.13954810523580893 1.4475722338512453 0.88360649376596312 0.14154040965568074 0.42622788806125006 -0.28705046249361205 0.1147396087554139 0.14309368513879853 2.1316282072803012e-14
decision_type=2 2 2 2 2 2 2 2 2 2 2 2 2 2 2 2 2 2 2 2 2 2 8 8 2 2 2 2 2 2
left_child=1 -1 4 -4 5 -2 9 -8 11 12 -11 -9 13 -5 -14 -16 17 -17 -15 -18 24 22 23 -22 26 29 -21 -28 -29 -23
right_child=2 -3 3 6 -6 -7 7 8 -10 10 -12 -13 14 18 15 16 19 -19 -20 20 21 25 -24 -25 -26 -27 27 28 -30 -31
leaf_value=0.035381067380902249 0.0084980220942483913 -0.025825319959811251 -0.034003762352618185 -0.024856893945669766 -0.0056385485413470368 0.08681212378748844 -0.025938629041068924 -0.024344873539948644 0.047612765254113842 -0.029182046956720217 0.057990984075420263 0.023875591960277744 -0.024161415557854591 0.0037388635192753734 -0.0086004729123261379 0.081448705032615143 -0.031567175618660237 -0.013456889838926095 0.11003877086564029 0.054072082590063547 -0.002410059408341764 0.01079290006791671 -0.029432418856033413 0.070704639245204245 -0.011778148007499864 0.095869917218040834 -0.022504641094598786 0.06338728876287783 0.0044398434171519603 0.044980897075637738
leaf_weight=1.4367302938480868 2.6625235995161356 10.172542134299873 3.8462064267951055 1.4454237362951978 2.7383327907882631 1.9807236738270146 12.867931311135184 6.5081791325937948 3.7005129625322297 11.039632912899831 1.8624411792261524 3.9558026054874063 6.9028512669610782 1.0080096483579855 16.961455252312589 3.2843851450597867 2.7060376095469101 2.0451914560399018 1.5746828156989052 4.5309827224118555 5.7026481376960909 13.232352349034052 8.5662585423560813 3.2690588080440639 22.147525025997311 2.1757607296458445 5.764813089626851 5.3494778535678078 20.346205538546201 12.205900884640867
leaf_count=240 286 1701 550 356 296 212 2180 986 512 1739 293 600 913 229 2107 336 341 209 358 627 433 1307 941 249 3160 215 817 756 2874 1205
internal_value=-0.000325447 -0.0160454 0.00638288 0.00517803 0.0320713 0.0513689 0.0062033 -0.00714792 0.0105075 0.00860704 -0.0133322 -0.00562309 0.0107208 0.0457501 0.00934884 0.0113249 0.0144102 0.0486571 0.0811743 0.0122496 0.0136892 0.0228855 0.000222805 0.0286499 0.00628092 0.0367681 0.0174116 0.0106286 0.0186266 0.028278
internal_weight=201.991 11.6093 190.381 183 7.38158 4.64325 179.154 27.0324 14.1645 152.121 12.9021 10.464 139.219 4.02812 135.191 128.288 111.327 5.32958 2.58269 105.997 103.291 45.152 17.538 8.97171 58.139 27.614 35.9915 31.4605 25.6957 25.4383
internal_count=28901 1941 26960 26161 799 498 25477 4580 1961 20897 2032 1586 18865 993 17872 15940 13888 545 587 13343 12947 4652 1927 682 8295 2725 4984 4459 3630 2512
is_linear=0
shrinkage=0.05


Tree=218
num_leaves=31
num_cat=0
split_feature=8 20 20 9 20 3 5 6 12 2 5 9 8 3 3 7 4 20 12 8 8 0 21 21 5 7 0 21 10 9
split_gain=2.3432 3.76258 2.97153 4.95028 3.23043 3.15575 3.98227 3.65748 2.88246 2.67007 2.65382 2.41563 3.83226 2.41377 2.16019 2.29569 5.03558 3.66316 3.45817 3.44701 4.75446 5.11725 5.49461 3.52006 3.84547 3.5322 3.87427 3.38686 3.21093 3.94268
threshold=0.49003499221670271 22.455141661238304 3.6129695438774054 0.4814010799684692 4.528915043210656 14.572345772661203 10.367456532012651 -0.41124932032786082 -108.40581656392162 4.9028686550324556 27.061013354462755 0.43941188574988704 0.13491942372830715 33.211815804580105 15.335793201911851 0.074024210562573259 23.060481405124403 61.991614294045654 -118.7823840669853 0.21158868063332562 0.096102248600723264 376.41257332374556 1.7495593578187503 3.9950343033760705 -4.1401443895291488 -0.10206285222616325 502.15478467950658 0.59017216486717261 3.5000000000000004 0.30034081306057742
decision_type=2 8 10 2 10 2 2 2 2 2 2 2 2 2 2 2 2 10 2 2 2 2 8 10 2 2 2 10 2 2
left_child=2 -2 3 -1 -4 6 -6 -7 10 -10 -8 14 13 -13 -9 19 17 28 -18 20 21 -16 -23 24 27 26 -26 -21 29 -17
right_child=1 -3 4 -5 5 7 8 11 9 -11 -12 12 -14 -15 15 16 18 -19 -20 23 -22 22 -24 -25 25 -27 -28 -29 -30 -31
leaf_value=-0.011879626280957782 0.071159620346866528 -0.011269164960698675 0.053045546270805932 0.055800224329831019 -0.033157598779488755 -0.023692480206013805 0.078224363857753221 0.059636392799241759 0.032111570677052705 -0.032584776825278314 -0.0045783175552566264 0.05535615581524659 -0.030736834866178654 -0.011752924371082839 -0.011626123628015085 0.043699351606847521 0.017313466672672348 -0.009090758520030039 -0.027991561219681584 0.05837007781413861 -0.016338756832348117 0.0010202993978753779 0.084396740104813142 -0.012569485055747197 0.0056344969805994767 0.082702636857725123 0.066563907315579582 -0.0047593827355053402 0.08323765311577902 -0.02926342076848102
leaf_weight=35.963305918616243 2.3686178450007009 1.9456328719970759 3.0151297138072541 1.9273027587332761 9.1158703621476906 6.3762996897567055 1.4013236977043584 1.8223465764312994 1.5586908110999509 3.3874672079691663 1.4458962908247484 1.9451612475677398 6.5279522757045925 1.9279106507310642 4.9119647014304091 4.0114558811183123 5.3677901418414011 4.636728908168152 12.269010715885086 1.8454554806230614 11.590584606979974 3.339390610635748 3.9294747675303361 3.4751724706147797 6.8085979647003141 5.5750143188051906 3.4508597066742368 7.8834791757981293 2.4087676539784297 2.0759445524890907
leaf_count=7583 307 253 503 406 2953 917 261 252 426 926 269 243 1041 241 575 463 868 661 1985 276 1545 423 498 438 790 653 401 1177 250 240
internal_value=-8.16704e-05 0.0388606 0.00500853 -0.00709081 0.00879024 0.00723738 -0.0122604 0.0105515 0.0131739 -0.0102253 0.0459147 0.0130519 -0.00901359 0.0263943 0.0158125 0.0141631 0.00315737 0.0255772 -0.0140138 0.0203978 0.00589435 0.0266847 0.0508485 0.0316791 0.0379411 0.0525134 0.0302203 0.0115398 0.043462 0.0181992
internal_weight=164.309 4.31425 159.994 37.8906 122.104 119.089 16.9092 102.179 7.79338 4.94616 2.84722 95.8031 10.401 3.87307 85.402 83.5797 30.7697 13.1329 17.6368 52.81 23.7714 12.1808 7.26887 29.0386 25.5634 15.8345 10.2595 9.72893 8.49617 6.0874
internal_count=28901 560 28341 7989 20352 20175 5477 14698 1882 1352 530 13491 1658 484 11833 11554 4724 1871 2853 6830 3168 1427 921 3662 3307 1854 1191 1453 881 703
is_linear=0
shrinkage=0.05


Tree=219
num_leaves=31
num_cat=0
split_feature=21 16 13 12 3 20 1 7 15 12 12 5 21 13 6 20 17 5 5 10 19 1 6 8 8 20 21 16 20 21
split_gain=14.2185 21.4671 8.89277 6.84174 6.57284 6.78432 4.44674 3.7236 4.63631 6.50682 5.29167 3.9538 3.33721 3.2481 3.15716 2.75492 2.2442 2.6767 3.43053 3.30361 3.23581 4.1113 2.23293 1.67967 2.82367 1.28988 1.23654 1.38151 2.21003 0.865462
threshold=0.7256591603840471 18.469625428050616 32.639944170141426 -112.29555940380627 51.486452225312512 0.87237327942997267 179.04403837205402 -0.38165372045272367 3.9378708286102166e-09 -97.088951923966292 -108.98553882433002 27.527021151785554 0.026296650163411355 21.130238862014327 -0.0075217834007144093 10.727285793358801 4.1402118715233778 4.6440446586729012 1.0322889867700502 3.5000000000000004 2.5000000000000004 10.780575984860951 0.1130283412148073 0.16566024945480476 0.09386839141789062 0.24170990294489453 1.8155097759066352 1.0000000180025095e-35 23.268158998548603 1.4354646537794702
decision_type=8 2 2 2 2 8 2 2 2 2 2 2 10 2 2 8 2 2 2 2 2 2 2 2 2 10 10 2 10 8
left_child=6 2 3 -2 5 -5 13 -8 9 11 -10 12 -9 -1 -12 -14 17 18 19 20 -7 -22 -11 24 -21 -15 -19 28 -28 -4
right_child=1 -3 29 4 -6 16 7 8 10 22 14 -13 15 25 -16 -17 -18 26 -20 23 21 -23 -24 -25 -26 -27 27 -29 -30 -31
leaf_value=0.0058451118415501152 -0.041552638101836882 0.036257255238438736 -0.024537946262176508 0.017116482414703933 0.048656347240057712 0.031265568854181691 0.024347975934152107 -0.034709588819468597 -0.0075128432118301463 0.0017395615805071735 0.037174025614846749 0.0083752910938237109 0.0042325554821934343 -0.0041614781524335299 0.0099842384472989508 -0.031433897008307989 0.023903930901922683 -0.037226108958434541 0.034251233398642937 -0.035757496032592435 0.044753604727086588 -0.035450837356419122 0.021711648152117017 -0.040061748102967969 0.026406495714586788 -0.038266904052388473 0.039138407865009002 -0.028806595905688643 -0.020033311071847859 -0.040825866794352975
leaf_weight=10.196547531173566 14.988886789884416 17.437842883169651 18.088429411989637 18.007798748323694 4.2344652130268514 5.3375448534498053 24.334520738804713 21.324622024782002 18.334184943232685 34.643578076036647 21.775525565957651 14.888321406906469 16.358179344795648 3.9767176099121597 21.989930950570852 6.9526830033864817 2.3694576332345605 18.904258310445591 3.1916549350135028 2.6117322162026575 1.1938708983361728 5.4652530062012374 22.701765875564888 10.124097262159919 2.7181489588692784 10.73892504069954 1.7942705780733375 5.1640580745879561 2.679870076244697 40.040040743071586
leaf_count=419 1203 2489 5196 1368 319 686 358 560 203 338 201 355 647 237 202 275 228 1603 350 235 217 996 221 979 245 640 205 616 305 11502
internal_value=0.000360335 -0.0149869 -0.0208752 -0.0115507 -0.00575747 -0.00922151 0.00393338 0.0063928 0.00382969 -0.00205071 0.0147535 -0.0135207 -0.0208477 -0.0156096 0.0240407 -0.00726072 -0.0170772 -0.0190878 -0.00840371 -0.0143927 0.00516532 -0.0171057 0.00988268 -0.0289665 -0.0048916 -0.0299016 -0.0298851 -0.0133408 0.00651122 -0.0362581
internal_weight=402.567 174.352 156.914 98.7854 83.7965 79.562 228.216 203.303 178.969 116.869 62.0996 59.5238 44.6355 24.9122 43.7655 23.3109 61.5542 59.1848 30.6423 27.4506 11.9967 6.65912 57.3453 15.454 5.32988 14.7156 28.5425 9.6382 4.47414 58.1285
internal_count=28901 24887 24628 7930 6310 6045 4014 2990 2665 1978 687 1419 1173 1024 403 922 5928 5780 3359 3036 1542 1213 559 1494 480 877 2421 1150 510 16698
is_linear=0
shrinkage=0.05


Tree=220
num_leaves=7
num_cat=0
split_feature=20 20 0 3 6 1
split_gain=2.1217 1.68513 1.11157 1.39233 1.4705 0.0222495
threshold=16.121959567414155 5.7203375950920803 527.1413022096566 19.306530252211353 -0.084776678877403797 612.94932341375363
decision_type=8 10 2 2 2 2
left_child=1 -1 3 -3 -5 -4
right_child=-2 2 5 4 -6 -7
leaf_value=-0.02263007546462056 -0.028238605011028751 -0.024473768201699511 0.017545520844153041 0.042015904095134393 -0.018758583327491491 0.057305298706641021
leaf_weight=1.1863883565674793 2.1019563742374876 1.2438161881400462 1.3041685720672844 2.1581488571355321 0.76899075572509745 1.5804252220696069
leaf_count=622 5873 432 203 631 225 247
internal_value=-0.000762235 0.019846 0.028911 0.00862395 0.0253387 0.0484735
internal_weight=10.3439 8.24194 7.05555 4.17096 2.92714 2.88459
internal_count=28901 4319 1898 1448 856 450
is_linear=0
shrinkage=0.05


Tree=221
num_leaves=30
num_cat=0
split_feature=20 11 13 5 1 5 1 1 13 20 21 5 20 20 1 1 9 3 21 6 17 21 0 1 1 7 21 20 0
split_gain=4.8712 4.35142 3.94271 4.64197 3.13016 2.69356 3.66723 5.54224 3.39337 3.08057 3.04758 3.8599 2.77521 3.60065 2.7461 2.42271 3.09113 2.29817 2.2731 1.39726 1.05114 1.16939 1.02824 0.654274 1.56704 0.512802 0.482009 0.439005 0.398312
threshold=20.897065842984304 -81.76873362405199 13.90926050429078 28.276171804239404 142.28704808227954 20.687319053081403 174.31786986738854 125.60781976932851 21.032560027963502 1.6737139421197751 0.011862585384144402 -40.977723000541395 2.3562746189955655 0.87237327942997267 379.36380951679354 17.490925874638055 0.19085036405912617 34.179978312691311 0.022960566287379153 0.21204711935227397 1.0000000180025095e-35 0.45538001125295807 185.60151911531503 528.21938074982813 345.14419575367504 -0.32577739071413564 0.93643878339850162 12.151188312855352 261.19410272209007
decision_type=10 2 2 2 2 2 2 2 2 8 8 2 8 10 2 2 2 2 8 2 2 8 2 2 2 2 8 8 2
left_child=2 -2 -1 5 -3 6 7 15 -8 -9 -10 19 13 -13 26 16 -4 28 -19 -12 22 -22 -17 24 -20 -11 -7 -28 -5
right_child=1 4 3 17 -6 14 8 9 10 25 11 12 -14 -15 -16 20 -18 18 23 -21 21 -23 -24 -25 -26 -27 27 -29 -30
leaf_value=0.046654952256921366 -0.03840574648804955 0.050332654588996342 0.079592575811988073 -0.0064067218462244037 -0.025638361782110881 -0.025422405554205375 0.028324830580949402 0.10441752400542006 -0.025674046280994612 0.024186796351073299 0.009239617590571186 -0.02389448043289796 -0.036395740985681775 0.013447465951511856 0.047358211916654458 0.018137491282548882 -0.019879599657200511 0.025464544917380118 -0.025998647790245778 0.057491042031259799 0.043081487205048799 -0.017865728241130689 -0.034113852498936705 -0.035040236863614481 0.036213818048558784 -0.017310308082882739 -0.012678214458519469 0.028976384530617218 -0.04002854078564623
leaf_weight=4.4814340745797372 11.578555650659835 2.1199563127593155 0.90577332145767364 1.4584544648823836 1.5716669363901017 1.3104226840368949 7.8856945887382599 1.9488578452146632 12.38124053206411 0.34528615590534384 3.3366576604312215 8.5270755396632101 4.8540539249370331 19.036783362273127 6.5266562257311307 0.518795836105712 0.77683920614072122 3.7002029342984315 1.4226455934986018 2.6460695084242616 0.63238478670246145 0.72939123361720604 3.4467517841549125 2.4786514264997095 0.73859828620334156 0.67312526845489429 0.4265667512372614 0.29616306957905081 7.5794078655308113
leaf_count=511 13342 584 250 201 433 363 698 418 1206 200 253 206 637 461 676 201 214 318 387 200 219 253 1332 359 201 390 289 200 1047
internal_value=-0.000568053 -0.0240923 0.00540862 0.00298666 0.0194181 0.00827154 0.00473385 0.0312585 -0.000225291 0.0785145 -0.0051201 0.00199038 -0.00512489 0.00146337 0.0331789 0.00395042 0.0433766 -0.0196649 -0.000238592 0.0357576 -0.0133895 0.0166945 -0.025002 -0.0216169 -7.66392e-06 0.00177162 -0.0129452 0.0113029 -0.0357817
internal_weight=114.334 15.2702 99.064 94.5825 3.69162 77.2046 68.6448 9.97721 58.6676 2.96727 50.7819 38.4006 32.4179 27.5639 8.55981 7.00994 1.68261 17.378 8.3401 5.98273 5.32732 1.36178 3.96555 4.6399 2.16124 1.01841 2.03315 0.72273 9.03786
internal_count=28901 17596 11305 11150 1017 9186 8299 3106 5193 637 4947 4707 4254 667 887 2469 464 1964 716 453 2005 472 1533 672 588 590 563 489 1248
is_linear=0
shrinkage=0.05


Tree=222
num_leaves=31
num_cat=0
split_feature=10 20 5 6 21 1 20 7 0 16 20 11 6 16 7 9 6 13 21 3 3 0 19 20 0 5 7 9 1 4
split_gain=9.14749 7.07708 5.83031 4.18681 8.7181 3.76336 5.18679 4.92979 4.71526 4.02836 4.36382 5.37107 5.14133 5.5419 5.64959 5.25924 4.68142 5.16059 4.53493 4.99888 5.06545 3.89527 3.81891 5.66877 3.85532 3.73288 3.6224 4.25207 3.46048 3.23879
threshold=11.500000000000002 28.935070710465954 50.709324003732959 -0.25336389930309705 0.3670215638358581 11.906877329270801 32.562466422581856 -0.20520360936107448 267.07706688985508 6.485813718313965 40.12142563848861 -97.438642749703675 -0.1147449103149447 1.0305959579886638e-06 -0.23556655806102264 0.36840385630449185 -0.0075217834007144093 25.504500884522503 2.9736706688119803 28.024319203877102 42.043348587366957 416.11307756393154 3.5000000000000004 99.974246585522209 462.60453593353657 1.9231506267991014 -0.22796677587190703 0.30419827513804171 716.11390766342663 11.327828779500052
decision_type=2 8 2 2 8 2 10 2 2 2 8 2 2 2 2 2 2 2 10 2 2 2 2 10 2 2 2 2 2 2
left_child=1 -1 3 4 -3 7 8 -5 29 10 16 12 18 14 15 21 -8 -18 19 28 -21 -14 -16 -24 -25 -9 27 -6 -12 -7
right_child=-2 2 -4 5 26 6 9 25 -10 -11 11 -13 13 -15 22 -17 17 -19 -20 20 -22 -23 23 24 -26 -27 -28 -29 -30 -31
leaf_value=-0.0036817861443086217 -0.037759879145706117 -0.029857098108281951 -0.015786810385797916 0.020562739992457103 -0.027972899699455597 -0.045211693115870567 0.019721792498573896 0.0018230179970447258 0.033652580731969924 0.034070783142069884 0.031716485811262664 0.024684183678133076 0.0091814850890793893 -0.026396411118083947 0.032831529448296697 0.015235815564639925 -0.058849810048332521 -0.001738932248156495 0.018568396246998613 -0.090239019189703285 -0.012665613507702792 -0.055590762377174675 0.023142792807031076 -0.060026082828178062 0.014166985638838137 -0.043937064272030535 0.035666524967012343 0.024769067319814958 -0.039890861978267328 0.019697244919427686
leaf_weight=473.33498996403068 15.326680790632961 6.7760345793794841 26.248053351417184 7.0693449303507832 5.0518672249745586 2.8330879041459411 4.925211682915692 7.1028869135770991 27.412690758472309 9.0123392296954972 3.086401793174451 25.63945106021129 3.0113066830672368 10.771121445111929 25.437377991853282 8.8243059320375306 7.8060795818455508 7.2949310061521828 4.0725445982534438 4.517398606054484 4.0121276499703526 6.414389040786773 10.857431177049877 3.6871019573882231 2.2844673707149923 10.62427393812686 36.454029455315322 9.452314639464019 1.8766386057250199 3.0152164257597178
leaf_count=17859 572 616 2015 214 457 276 207 210 3790 667 338 2050 206 842 2144 633 284 265 294 255 227 438 1098 340 211 315 3589 856 205 293
internal_value=9.99951e-06 6.63471e-05 0.00627007 0.00855469 0.0203168 0.0051024 0.00767035 -0.0127939 0.0251583 0.00347175 0.00118542 0.00499126 -0.000902836 0.00513506 0.0110851 -0.0117226 -0.0197755 -0.0330824 -0.0243641 -0.0377098 -0.0589081 -0.0360016 0.0209765 0.00222092 -0.0336821 -0.0264837 0.0274348 0.00577946 0.00249113 -0.0137569
internal_weight=774.232 758.905 285.57 259.322 57.7342 201.588 176.792 24.7965 33.261 143.531 134.518 114.492 88.8526 71.2875 60.5164 18.25 20.0262 15.101 17.5651 13.4926 8.52953 9.4257 42.2664 16.829 5.97157 17.7272 50.9582 14.5042 4.96304 5.8483
internal_count=28901 28633 21921 21222 5251 15971 15219 752 4599 10620 9996 9154 6840 5571 4873 1310 842 549 1269 1025 482 644 3563 1702 551 525 5017 1313 543 569
is_linear=0
shrinkage=0.05


Tree=223
num_leaves=31
num_cat=0
split_feature=7 21 21 12 7 7 6 0 2 1 8 5 8 3 6 3 8 11 8 1 8 5 21 0 8 8 21 1 12 19
split_gain=2.17098 2.90573 3.73419 2.25278 2.15562 2.88523 2.52407 2.16457 4.19573 3.42658 3.0924 4.56231 3.59128 2.35534 5.24171 3.47827 3.21058 2.53601 2.52916 4.90263 2.72648 2.49126 4.94349 3.44657 3.06665 6.16329 4.92822 4.0959 5.2479 4.64174
threshold=-0.43018585742217436 1.6694932823424551 2.6795352799531407 -110.26116020908326 -0.4019131953144417 -0.37683304378702193 -0.0075217834007144093 710.42060896435316 5.7093478236983088 759.68446809534464 0.41150892979219894 6.2285005235226487 0.48272204859590234 2.2360841837051804 -0.068855200176926243 5.4545299291545009 0.05252673905711714 -104.19553566789348 0.066717135992877999 287.78613661763404 0.077003555709469942 -39.329532698164108 3.5144462225817454 333.81279467247958 0.25365004255388618 0.2401859539353888 0.75228651233371868 52.704013039366508 -107.02871213315372 3.5000000000000004
decision_type=2 10 10 2 2 2 2 2 2 2 2 2 2 2 2 2 2 2 2 2 2 2 10 2 2 2 10 2 2 2
left_child=1 -1 3 -3 6 -6 -2 8 10 -10 13 -12 -13 14 -7 -15 -17 -16 19 -18 -20 22 23 -22 25 27 -26 -23 29 -29
right_child=4 2 -4 -5 5 7 -8 -9 9 -11 11 12 -14 15 17 16 18 -19 20 -21 21 24 -24 -25 26 -27 -28 28 -30 -31
leaf_value=-0.036743052681321019 -0.0010675409460099447 0.070120293368555103 -0.030146626628225093 -0.0050262018753350832 -0.033698956273971591 -0.024505727954672846 0.053944999683419807 0.046834207704465926 -0.039059204244454644 0.011062103634171552 -0.031083230585339919 -0.0063729802709641681 0.046453570975861079 -0.033210455284279287 0.0038380204566535203 -0.009223513929626408 0.072957359448386494 0.10077781478059199 -0.031393684088344503 -0.013860531502941961 0.074990108429709268 -0.01862198645134534 -0.015518298252529287 0.019393810960546903 -0.024426332427714716 0.068673368399265675 0.011949931734619834 0.015160996414581199 -0.0034381227493355754 0.062365832380495617
leaf_weight=6.0252758474671273 3.53269803459989 1.5650158904027216 2.3202287118765526 1.4271936779841778 3.7005329980747765 1.3973005401203415 3.9577705177362068 2.2121747700730339 8.2126445673638937 4.8394978774595074 11.058112380676906 9.3814337183721346 3.7463437668629922 3.7693296637735321 1.0036595931742358 17.297788272087928 3.5811347619164735 1.7403283392195574 2.6667908643721594 2.0921204300830141 4.7873730318387961 8.516580388590226 3.8908121176064014 7.2954286381136626 13.644039071456062 4.2832941320375539 24.576506023993716 15.212673146103031 16.50488650152694 7.7365726494463161
leaf_count=1032 377 221 333 201 529 335 422 314 1453 856 1882 1295 517 496 215 2195 363 372 343 212 373 1075 299 569 2077 539 3740 1163 2140 591
internal_value=-0.000321684 -0.0154456 0.0107037 0.0419968 0.00624158 0.00506939 0.0309298 0.00605119 0.00528224 -0.0210104 0.00748699 -0.00875415 0.0109234 0.010335 0.0437841 0.00900289 0.010448 0.0758161 0.0134664 0.0436622 0.0115142 0.0128713 0.0305756 0.0454701 0.00944548 0.0172022 -0.00132743 0.0112978 0.018057 0.0330141
internal_weight=201.976 11.3377 5.31244 2.99221 190.638 183.147 7.49047 179.447 177.235 13.0521 164.183 24.1859 13.1278 139.997 4.14129 135.855 132.086 2.74399 114.788 5.67326 109.115 106.448 15.9736 12.0828 90.4746 52.254 38.2205 47.9707 39.4541 22.9492
internal_count=28901 1941 763 422 26960 26161 799 25477 25290 2309 22981 4116 1812 18865 993 17872 16762 587 14612 575 14037 13617 1229 942 12388 6571 5817 6054 5115 1754
is_linear=0
shrinkage=0.05


Tree=224
num_leaves=31
num_cat=0
split_feature=10 21 15 3 17 9 2 1 20 1 8 21 15 21 9 8 6 6 21 15 3 7 3 11 12 0 1 15 6 21
split_gain=2.22099 2.37006 4.34003 3.64284 3.69329 2.90919 3.24808 2.88752 4.34655 3.16616 3.19424 4.12685 4.23095 4.09819 3.77932 3.29981 5.37521 2.85007 2.82214 4.45705 4.10119 3.50667 3.33388 4.98947 3.42634 3.98454 3.89747 3.72542 3.24821 3.14563
threshold=5.5000000000000009 1.4240681335145953 1.1777401613576147e-08 58.875689852195208 2.4777769830939533 0.43574743148595735 4.8279933536478685 2.8837109234001854 1.3053784027135953 85.723130429267869 0.15841332591553139 0.67203394054469012 1.5364944555653749e-09 0.28087821860479051 0.43747580079640452 0.36324471777429063 0.034356832110889808 0.18393992575559562 4.1733410201028009 2.5577283772062632e-08 48.876696775016256 0.2317162253633854 35.258430900982951 -94.346178411232586 -101.86479647260444 467.41749733409102 39.944194211042706 1.4627684554571115e-09 -0.43455959665273264 5.491319014466141
decision_type=2 10 2 2 2 2 2 2 10 2 2 8 2 8 2 2 2 2 10 2 2 2 2 2 2 2 2 2 2 10
left_child=1 2 3 4 7 18 -7 -1 -9 -10 14 12 13 -12 -11 16 -13 -15 19 20 22 -22 23 24 26 27 -3 -26 -28 -20
right_child=-2 5 -4 -5 -6 6 -8 8 9 10 11 15 -14 17 -16 -17 -18 -19 29 -21 21 -23 -24 -25 25 -27 28 -29 -30 -31
leaf_value=0.041174144552755795 -0.025821613798148485 0.045583256719066496 -0.03228898272874213 0.046845780291974309 0.065602333528952769 0.042019647276421414 -0.026217220802419103 -0.023276359565228683 -0.027928959191586767 -0.023118881586897039 0.01150475067767362 -0.018284883085786931 -0.0068169298864654117 0.093740361686918627 0.035061373155997715 -0.024842180924385733 0.051240053647732681 0.020508430939754126 -0.029584913415523023 0.059274604034078443 -0.027822843873690214 0.029310240437714876 0.042135487495858076 -0.033942034550925045 0.096824386494597195 -0.020866843447462105 0.052297166480464313 -0.0019452643278911773 -0.016874043301746817 0.018745519993976098
leaf_weight=3.0707995374687007 4.3282751800725237 3.9604404125129813 7.6533721871674061 3.8862222004099749 1.228681717358995 1.2597495107329439 7.2937392530729994 17.080615175014827 5.4305102677899404 11.069954904785844 5.1151233983109741 4.6628785661887404 4.2896801824681461 4.2807036634185351 2.6795516642159782 6.7921479406068102 4.7080408005858772 2.7018816054333001 5.5710587553912765 6.0448752934462391 7.6785557638504534 2.9584501895005815 13.977966002887113 4.0420403454336409 2.8181136171915586 0.98978673410601914 1.0074700835393748 1.2213114369078537 10.394945938489398 5.9479448543861508
leaf_count=602 762 1025 1386 734 240 247 1428 3461 756 1499 392 779 370 343 363 1108 786 216 705 1080 619 239 3143 1117 658 281 311 285 3210 753
internal_value=-8.36588e-05 0.00709842 0.00132418 0.00503642 0.00221191 0.0134984 -0.012821 0.000243124 -0.00214711 0.00513856 0.0095255 0.0179011 0.0348085 0.0489618 -0.0101721 -0.000270272 0.0182178 0.0715226 0.0170176 0.0216561 0.0159282 -0.0107793 0.0234099 0.011462 0.0216278 0.0537126 0.0084838 0.0725014 -0.00703845 -0.00512512
internal_weight=164.145 159.817 84.6502 76.9968 73.1106 75.1664 8.55349 71.8819 68.8111 51.7305 46.3 32.5505 16.3874 12.0977 13.7495 16.1631 9.37092 6.98259 66.613 55.094 49.0491 10.637 38.4121 24.4341 20.3921 5.02921 15.3629 4.03943 11.4024 11.519
internal_count=28901 28313 15335 14551 14268 12978 1675 14097 13942 7197 5911 4049 1413 927 1862 2636 1565 559 11303 9845 9495 858 8637 6752 5405 1428 3977 943 3521 1458
is_linear=0
shrinkage=0.05


Tree=225
num_leaves=31
num_cat=0
split_feature=21 16 13 12 20 1 2 11 21 7 15 12 12 5 21 5 13 6 20 7 6 13 16 20 15 13 13 21 1 20
split_gain=13.284 19.6597 8.61906 6.63548 6.02537 4.00821 3.65036 6.51743 4.83764 3.38026 4.31444 6.00208 4.87465 3.6843 3.20056 3.18743 3.07212 2.8882 2.60584 2.24146 2.046 1.85204 1.31774 1.27392 1.10334 1.0703 1.03376 0.900357 2.88859 2.48313
threshold=0.7256591603840471 18.469625428050616 32.639944170141426 -112.29555940380627 48.768299069439912 179.04403837205402 5.3243372786051966 -87.054311641607484 1.6458295479366101 -0.38165372045272367 3.9378708286102166e-09 -97.088951923966292 -108.98553882433002 27.527021151785554 0.026296650163411355 35.337664901228308 21.130238862014327 -0.0075217834007144093 10.727285793358801 0.16102604940849299 0.1130283412148073 21.607633143055221 8.1954583846239029 0.24170990294489453 3.4605304507376284e-09 10.566789456201848 19.865783240413389 1.4354646537794702 100.65999394287252 8.7335878678296073
decision_type=8 2 2 2 8 2 2 2 10 2 2 2 2 2 10 2 2 2 8 2 2 2 2 10 2 2 2 8 2 10
left_child=5 2 3 -2 6 16 7 8 -5 -7 11 13 -12 14 -11 26 -1 -14 -16 24 -13 -21 25 -18 -8 -6 -10 28 29 -4
right_child=1 -3 27 4 22 9 19 -9 15 10 12 20 17 -15 18 -17 23 -19 -20 21 -22 -23 -24 -25 -26 -27 -28 -29 -30 -31
leaf_value=0.0056781490995334886 -0.041413116676418373 0.035530246435164635 0.058395292624274314 0.032914603322110984 0.0034725427879493233 0.022993824713759718 -0.002971866122871307 -0.025035794624278747 -0.0006503630608796731 -0.034110933749502803 -0.0073603188187912035 0.0014668009289957977 0.035502172869753962 0.0077732185195853939 0.0039732404588368247 0.027208221750948492 -0.0038103737838282681 0.0095067244285341589 -0.031052893813187668 0.029400186771952039 0.020537390422947725 -0.015515957956522539 0.0076656447024272519 -0.037829012911097283 -0.036553414506506898 -0.036721742208750581 -0.036517342851225348 -0.040765412071759821 -0.03325360855374028 -0.014263636068355543
leaf_weight=10.199462741846222 14.42929729237221 16.569234347902238 0.90785745880567104 22.846920914482325 1.6508211343316421 24.567549225874245 3.5236687749857127 9.4598080667201412 3.1960006726440042 20.975488587049767 18.258632380980998 34.695892909076065 21.815224980469793 15.016716995043678 16.40713329939172 3.8116552538704127 3.9542972473427662 21.977363573154435 6.7223517675884059 3.3187512524891654 22.846535173011944 3.9710601740516722 1.8490808312781153 10.33263908443041 8.6923990958603081 16.219000334735028 4.5820934211369604 37.993989945971407 14.351059353328308 2.316566543537192
leaf_count=427 1173 2430 206 626 319 361 278 247 205 558 202 337 201 360 654 202 243 202 268 215 222 258 350 634 687 3130 294 11417 2621 524
internal_value=0.00036253 -0.0147783 -0.0204174 -0.0112708 -0.00560824 0.00365849 0.0020107 0.00996485 0.0200148 0.0059767 0.00352247 -0.0021556 0.0140628 -0.0132355 -0.0204023 -0.0060093 -0.0150664 0.0229598 -0.00707179 -0.0155025 0.00926003 0.00601236 -0.0290202 -0.0292786 -0.0278248 -0.0330213 -0.0235327 -0.0359908 -0.0240303 0.0151745
internal_weight=397.459 169.689 153.12 97.5506 83.1213 227.769 63.4024 43.8965 34.4367 203.283 178.715 116.664 62.0512 59.1217 44.105 11.5897 24.4864 43.7926 23.1295 19.5059 57.5424 7.28981 19.7189 14.2869 12.2161 17.8698 7.77809 55.5695 17.5755 3.22442
internal_count=28901 24887 24628 7930 6310 4014 2582 1144 944 2990 2665 1978 687 1419 1173 614 1024 403 922 1438 559 473 3728 877 965 3449 499 16698 3210 730
is_linear=0
shrinkage=0.05


Tree=226
num_leaves=7
num_cat=0
split_feature=20 20 0 3 6 1
split_gain=2.00224 1.5984 1.03124 1.31572 1.38022 0.0155824
threshold=16.121959567414155 5.7203375950920803 527.1413022096566 19.306530252211353 -0.084776678877403797 612.94932341375363
decision_type=8 10 2 2 2 2
left_child=1 -1 3 -3 -5 -4
right_child=-2 2 5 4 -6 -7
leaf_value=-0.022404830972010806 -0.027900741585607926 -0.024161304883848621 0.017066844155593588 0.040314929440732089 -0.018541388714588842 0.055073419909427226
leaf_weight=1.1609129446915201 2.025883285314193 1.2111836567928564 1.3194357590982704 2.2039709958880875 0.75404036807958463 1.6114668806549159
leaf_count=607 5692 421 203 638 218 247
internal_value=-0.000753999 0.0192434 0.0279785 0.00836115 0.0244177 0.046658
internal_weight=10.2869 8.26101 7.1001 4.1692 2.95801 2.9309
internal_count=28901 4319 1898 1448 856 450
is_linear=0
shrinkage=0.05


Tree=227
num_leaves=31
num_cat=0
split_feature=20 11 13 5 1 4 1 1 1 0 8 20 1 8 5 20 0 2 0 3 7 3 12 21 7 5 1 1 3 9
split_gain=4.51177 4.23262 3.60225 4.34258 2.88775 2.41713 3.54578 4.79068 3.16296 3.31801 5.98617 2.57204 2.44732 2.34764 2.94242 2.57308 2.26732 2.51283 3.65866 2.9831 5.73485 2.21766 2.17223 2.11425 1.49948 1.3116 0.644815 1.53659 0.537969 0.511909
threshold=20.897065842984304 -81.76873362405199 13.90926050429078 28.276171804239404 142.28704808227954 50.687319053081403 174.31786986738854 125.60781976932851 1195.5853786747452 293.13468262150553 0.28234105692208283 1.6737139421197751 379.36380951679354 0.16754267888726473 -8.8708799969153489 0.47894238492311508 633.59499547157156 5.6152091747667638 508.44998148874106 36.521952571975412 -0.097637031154360607 34.179978312691311 -106.41385006141599 0.022960566287379153 -0.039023398063903862 -25.938320380332051 528.21938074982813 356.54983976618405 49.33278987828016 0.40900103444524843
decision_type=10 2 2 2 2 2 2 2 2 2 2 8 2 2 2 8 2 2 2 2 2 2 2 8 2 2 2 2 2 2
left_child=2 -2 -1 5 -3 6 7 13 9 10 -8 -9 -7 14 25 -15 17 18 19 22 -21 -5 -11 -23 -20 -4 27 -25 -19 -13
right_child=1 4 3 21 -6 12 8 11 -10 16 -12 29 -14 15 -16 -17 -18 28 24 20 -22 23 -24 26 -26 -27 -28 -29 -30 -31
leaf_value=0.044193148177899433 -0.038261198628019445 0.047726848222111665 0.0042607536704341743 -0.035421886566467754 -0.025277497753878105 -0.012614910144801745 -0.018507758689297358 0.095629994999567425 0.034569498490814046 0.0015904764805244869 0.055928027781858417 -0.017247305541921009 0.044281752793468243 0.038105104523830612 -0.021243147749734584 -0.034646233663096049 0.022609964806754028 -0.043649907111873415 0.041786840419813898 -0.037580663520004498 0.038100411853408983 0.024153536324996446 -0.037348197124156962 -0.025759230083852454 -0.0019981889362308673 0.087706972380399303 -0.034666130054436688 0.035967676081597587 -0.010156609132931848 0.024276809381459794
leaf_weight=4.5961770912399507 11.059865914518012 2.2069644119474123 0.7771076460776406 8.7662518196448254 1.5166571901645509 2.004576949926558 4.3818082206416866 2.1211674547812458 4.8622039144975133 4.8073316033405726 4.7497548186511267 0.66786011532531109 6.7353537208691705 0.74570842832327067 0.99047034527757205 3.5636382329103062 3.9776050265936647 5.9865789781324557 3.6519530061632404 3.2155168814351791 5.229539804538943 3.7750000708911102 12.194338158995388 1.399973361141748 3.2226619810680859 0.83924506464973092 2.4221420641988516 0.73858526066760533 2.3434872487559915 0.34189069221611135
leaf_count=524 13164 603 206 1007 414 203 349 432 431 561 379 390 684 289 304 1381 384 648 296 234 380 324 1422 385 262 222 357 203 253 200
internal_value=-0.000562138 -0.0235678 0.00519728 0.00285804 0.0189354 0.00792635 0.00454817 0.0305328 -0.000342609 -0.00407375 0.0219085 0.0731769 0.0312767 0.00442261 0.0351009 -0.0172512 -0.00975362 -0.0133871 -0.00656244 -0.0152995 0.00835634 -0.0192536 -0.0268613 -0.000277202 0.0236142 0.0645503 -0.0212061 0.000226666 -0.0363258 0.00189612
internal_weight=113.891 14.7835 99.1079 94.5118 3.72362 77.4098 68.6699 10.0471 58.6228 53.7606 9.13156 3.13092 8.73993 6.91617 2.60682 4.30935 44.629 40.6514 32.3213 25.4467 8.44506 17.102 17.0017 8.3357 6.87461 1.61635 4.5607 2.13856 8.33007 1.00975
internal_count=28901 17596 11305 11150 1017 9186 8299 3106 5193 5038 728 637 887 2469 799 1670 4310 4056 3155 2597 614 1964 1983 716 558 428 672 588 901 590
is_linear=0
shrinkage=0.05


Tree=228
num_leaves=31
num_cat=0
split_feature=13 20 3 1 1 8 5 5 3 8 21 0 20 20 7 21 9 5 5 4 6 1 3 5 16 8 9 16 3 12
split_gain=8.51925 6.24882 3.66602 3.99257 5.21221 6.35078 6.75104 3.8095 4.32856 6.04691 3.12578 3.94348 3.52499 13.8198 6.97903 3.86942 4.83159 3.74139 3.34732 3.88586 2.98665 3.54273 2.88097 4.54248 5.64284 4.34401 2.88983 4.43366 3.81005 2.87063
threshold=1.0000000180025095e-35 102.52136105942002 46.359795381666657 970.9031270305386 49.490536020459508 0.066717135992877999 39.646616852762406 -34.499239155479621 56.175088511826957 0.14693218290879043 0.77466426013281253 576.23355792397558 3.6129695438774054 17.086170864996756 -0.27411912376719177 0.33900696510507156 0.18877436699733921 34.040744419176306 58.624593675095007 84.841327183060017 -0.41496582169055868 10.780575984860951 22.879422737767054 -26.776510842816069 6.6977122309030799 0.28234105692208283 0.40448083820566544 1.0000000180025095e-35 1.4778229948736101 -100.24864561563315
decision_type=2 8 2 2 2 2 2 2 2 2 8 2 10 10 2 10 2 2 2 2 2 2 2 2 2 2 2 2 2 2
left_child=-1 10 3 4 5 -3 -7 -4 9 -9 12 18 17 -14 -15 16 -16 29 19 20 -12 -22 23 25 26 -23 28 -28 -25 -2
right_child=1 2 7 -5 -6 6 -8 8 -10 -11 11 -13 13 14 15 -17 -18 -19 -20 -21 21 22 -24 24 -26 -27 27 -29 -30 -31
leaf_value=-0.041009820456263973 0.0061213103024880099 -0.053640709163750314 -0.03071060822387783 -0.0066703796663801973 0.029018286114978815 0.026598675834541369 -0.049371393893741011 -0.056899915945964108 0.025052262860681213 0.01597159917904176 0.017748094176307457 0.020563469361999345 -0.03931788810439045 -0.031333309240913813 -0.027964740357313153 0.024935323468833079 0.021635643670706049 -0.015424943388393706 -0.037221757201562518 0.031171282623589366 -0.023290867653285155 0.0065733436714996152 -0.0044145783693924695 -0.022815979214949236 -0.032623518166988497 -0.04130479621630042 -0.023170351445326337 0.032778721720473365 0.027657061607087703 -0.0056637434098744752
leaf_weight=11.898904716363175 107.81765405461192 3.5215353947132852 8.5578412457834947 15.918685697950421 51.172654145164415 14.335168561665343 2.6535459326114506 4.1446630866266831 12.800009340280665 5.6386219006963074 19.915360759245232 24.300076292129233 32.196459812577814 11.190744296181945 9.7884514047764277 22.744379179086536 8.0514030382037145 43.75828623585403 4.9279313874430954 9.1145371561869961 16.997315607732162 10.273293159902098 148.17189799854532 3.3446335282642385 5.1907570902258158 7.4405298412311822 8.5888493964448553 4.6194121851585805 42.85350991692394 97.401514502242208
leaf_count=447 551 264 366 1849 7005 1130 209 270 618 367 869 1084 873 422 253 868 209 219 208 390 736 533 6608 204 296 386 401 216 2619 498
internal_value=1.29932e-05 -3.08005e-05 0.0104522 0.015644 0.020623 -0.00069845 0.0126476 -0.00418489 0.00674291 -0.017314 -0.00199306 0.001655 -0.00533791 -0.0141339 0.00197507 0.0116922 -0.00561912 -0.00232664 -4.46271e-05 0.00074968 -0.000399557 -0.00192549 -0.000256063 0.00719301 0.0133205 -0.01467 0.0178086 -0.00267308 0.0235969 0.000527525
internal_weight=769.329 757.43 118.743 87.6016 71.6829 20.5102 16.9887 31.1411 22.5833 9.78328 638.687 305.738 332.949 83.9714 51.775 40.5842 17.8399 248.977 281.438 276.51 267.396 247.48 230.483 82.311 64.5972 17.7138 59.4064 13.2083 46.1981 205.219
internal_count=28901 28668 11506 10173 9812 1537 1339 1333 1090 637 17162 13642 3520 2276 1951 1548 462 1244 11896 11842 11663 10709 10279 4603 3684 919 3440 617 2823 1049
is_linear=0
shrinkage=0.05


Tree=229
num_leaves=31
num_cat=0
split_feature=7 21 0 7 7 16 1 6 5 4 1 6 21 5 6 8 21 15 21 6 2 7 21 2 5 20 0 0 1 1
split_gain=2.01665 2.81107 3.50902 1.99875 2.74296 2.28494 2.74378 1.9903 1.98949 4.03948 3.73162 4.70824 3.98809 3.52227 4.59265 5.76691 2.89351 3.83592 2.82962 2.7237 3.07923 4.27011 3.52618 7.35493 4.47242 3.2836 4.71967 3.90547 3.04981 3.9151
threshold=-0.43018585742217436 1.6694932823424551 394.72406602217956 -0.4019131953144417 -0.37683304378702193 1.0000000180025095e-35 743.44759035658365 0.17499627223402306 25.212019929739252 47.425847675719261 127.80838079698201 -0.049735402444112335 1.8885014762843253 33.642081215829954 0.11718121991858955 0.23803898204266119 0.3670215638358581 1.7279460324430404e-08 1.3583307457589153 0.41102850979033617 5.0007642089466815 -0.17773973960296027 1.6800834977357801 4.9409886665649472 -17.433461013714947 54.368606067072456 485.16634563078708 416.11307756393154 151.18952849845104 454.80385915011556
decision_type=2 10 2 2 2 2 2 2 2 2 2 2 10 2 2 2 10 2 10 2 2 2 10 2 2 10 2 2 2 2
left_child=1 -1 -3 5 -5 6 7 -2 9 19 11 18 -13 16 -15 -16 -12 -18 -10 20 22 25 24 -24 -6 28 27 -27 -22 -30
right_child=3 2 -4 4 8 -7 -8 -9 10 -11 13 12 -14 14 15 -17 17 -19 -20 -21 21 -23 23 -25 -26 26 -28 -29 29 -31
leaf_value=-0.036513808900165791 -0.025454125416744879 -0.029788389090163431 0.040197462231604746 -0.03342059480636405 0.065191496636922516 -0.0059240517582876242 0.079267903053199709 0.039832838970146653 0.076434648784757281 -0.026120480893915929 -0.0096872326115754383 -0.027084674929414583 0.02814337519087445 -0.023781558026990154 0.055821816171482422 -0.01255194460019337 0.054883903147395656 -0.01451917217102581 0.021296452001954 -0.021525039751293815 -0.018160370029729044 -0.0047823665056976866 -0.021644214307524803 0.06889654574557813 0.0017413109077182966 0.013922633042699018 -0.0016911093881804931 0.12895921767432653 0.048377854800729023 -0.0068975554169523542
leaf_weight=5.7996741301030843 1.4487691717804432 2.2630720476154247 3.0664247226668522 3.5705157776828846 6.6400650021387273 2.7559113841271028 2.15232255065348 1.2696355427615342 4.9767688314896121 10.537936880660707 4.0545193578582266 4.561310149903874 6.9924177274806425 15.493307726574134 4.3509589906898318 6.6051122708595358 6.8750940769677973 2.186849768506363 5.5886562336236238 7.9495306238532066 6.0022560146753685 56.062533086107585 7.8244768231525077 2.0078868370619603 4.4516820869757829 1.4968720905599207 2.4339061263599433 1.2712008155067449 5.9360491226543664 5.545282183738891
leaf_count=1012 230 324 439 509 870 289 220 201 348 1789 456 370 568 1325 330 502 802 255 391 1328 645 9562 1169 300 584 297 544 253 656 613
internal_value=-0.00032132 -0.0150071 0.0104682 0.0060631 0.00492728 0.029641 0.0473455 0.00755021 0.00586921 0.00203067 0.0130724 0.0290432 0.00591914 0.00364804 -0.00688523 0.016999 0.0238715 0.038357 0.0516321 0.00500223 0.00731076 0.00266082 0.0238913 0.00149867 0.0419758 0.0204804 0.0518944 0.0869557 0.00883168 0.0232671
internal_weight=202.171 11.1292 5.3295 191.042 183.415 7.62664 4.87073 2.7184 179.845 118.16 61.685 22.1192 11.5537 39.5658 26.4494 10.9561 13.1165 9.06194 10.5654 107.622 99.6722 78.7481 20.9241 9.83236 11.0917 22.6856 5.20198 2.76807 17.4836 11.4813
internal_count=28901 1941 763 26960 26161 799 498 431 25477 20064 5413 1677 938 3736 2262 832 1474 1057 739 17975 16354 13431 2923 1469 1454 3042 1162 550 1880 1269
is_linear=0
shrinkage=0.05


Tree=230
num_leaves=31
num_cat=0
split_feature=6 8 21 21 21 7 8 17 17 11 12 15 9 21 7 20 9 21 8 1 6 3 20 0 9 1 4 9 7 7
split_gain=2.21137 4.43079 4.50484 4.98157 3.3651 3.35188 2.62082 2.61834 5.45975 3.59836 3.96476 3.62874 4.00923 4.01169 4.30946 4.42949 4.75372 2.9106 2.88397 3.25694 3.21406 3.21367 3.74289 3.75983 2.91813 2.85422 3.34737 3.2084 3.56522 3.78377
threshold=0.34303579166425485 0.36507325167239474 3.4708170272223406 1.7703183157505402 0.22263645563770154 0.18013185476298463 0.4550262768640056 2.7906489684097502 2.4585778579476134 -108.20828876515598 -108.47419349478868 1.4627684554571115e-09 0.49080079384941838 1.9130226931111152 -0.039023398063903862 3.6129695438774054 0.38428676768709386 1.5011855766384952 0.0055781290147356452 255.91777953637151 0.089356751778490576 25.974751366910503 136.00205144781202 451.50853582921053 0.23633826431428043 363.83871984279557 17.054903453740103 0.20564423490831854 -0.31269367449448332 0.2317162253633854
decision_type=2 2 8 10 8 2 2 2 2 2 2 2 2 8 2 10 2 10 2 2 2 2 8 2 2 2 2 2 2 2
left_child=4 -2 3 6 -1 -5 -3 8 9 10 18 12 13 14 17 -16 -17 -11 -6 20 21 -20 23 -23 -25 -21 -27 -28 -29 -30
right_child=1 2 -4 5 7 -7 -8 -9 -10 11 -12 -13 -14 -15 15 16 -18 -19 19 25 -22 22 -24 24 -26 26 27 28 29 -31
leaf_value=-0.018440679365378052 0.055014257874132028 -0.015757225715551753 -0.034850334379962322 0.066710848369908246 0.061428552752821955 -0.0019149556476765741 0.024813291290764393 -0.026882348711038548 0.083923773662864271 -0.026179823543582684 0.070730565185850108 -0.021782535360647927 0.073332798593501544 -0.022341950716381443 -0.027914121678873569 0.059811346894012962 -0.015222675024437519 0.029350259600500618 -0.017756481808667502 -0.035753361243567996 -0.0059272980571095464 0.024894215465442904 -0.010509729658056279 0.10288487696392568 0.01885952425328882 -0.02368709351401448 -0.011575223563931925 -0.013421001604574002 0.08937136176834487 0.008430491795203188
leaf_weight=15.112244335468858 5.3961178374593137 9.4591929797316023 4.0893946558353482 5.2387252199696386 1.7370728458627116 2.4128837854368612 5.4267192169209011 4.8305111877853051 1.299535236612428 7.2861740975058682 1.9838914115098305 17.238622951554134 1.0647430935059672 10.786668160639236 1.9096665946417495 8.3974972472642531 2.2705923928879201 2.3708329219953157 2.7215716897044357 4.9348480293992933 9.2267030488583242 11.766259061929309 3.3876789315254419 3.019722883182113 2.1153944581164978 6.2819797908305235 4.9651704959105691 2.1341688367538225 2.6733148058992757 2.7583624050021172
leaf_count=2772 781 1028 600 729 204 336 589 945 255 1455 236 4987 338 3456 332 1574 425 474 292 657 1005 863 311 352 247 776 633 269 325 335
internal_value=-9.12675e-05 0.0175279 0.00821475 0.0171775 0.00302896 0.0473502 -0.000336135 0.0059309 0.00756671 0.00593187 0.0141779 -0.00374839 0.00573301 0.00146191 0.0134743 0.0317482 0.0439052 -0.0110721 0.0110628 0.00844956 0.018573 0.0282348 0.0349483 0.0441379 0.0769869 -0.00548806 0.0038547 0.018392 0.0371137 0.0559689
internal_weight=164.296 32.023 26.6269 22.5375 132.273 7.65161 14.8859 117.161 112.33 111.031 59.7061 51.3248 34.0862 33.0214 22.2348 12.5778 10.6681 9.65701 57.7222 55.9852 32.2373 23.0106 20.2891 16.9014 5.13512 23.7478 18.813 12.531 7.56585 5.43168
internal_count=28901 4636 3907 2682 24265 1065 1617 22917 22081 21944 7096 14848 10820 10581 4114 2185 1999 1929 6781 6673 3511 2466 1865 1240 599 3162 2323 1598 953 660
is_linear=0
shrinkage=0.05


Tree=231
num_leaves=31
num_cat=0
split_feature=21 17 20 21 1 6 13 11 15 12 7 3 3 11 21 3 9 20 8 6 21 0 15 3 2 21 9 1 7 2
split_gain=12.4394 18.0564 8.29842 4.92272 3.75141 3.75 3.68911 4.26446 3.11126 5.18833 4.32468 7.15347 2.64445 4.64909 2.52478 2.50255 2.44782 2.5263 2.42873 2.35756 3.87819 3.30786 2.22948 2.11655 1.47946 1.32167 1.02711 0.834742 0.719773 0.78894
threshold=0.7256591603840471 4.1402118715233778 6.780489744390251 1.7137962444792603 322.36990468859602 -0.065365955195785461 24.680225099050549 -108.75465574160349 3.9378708286102166e-09 -97.088951923966292 -0.13437212166283172 21.841183091440353 16.320778995548356 -99.359005102002541 1.1269989229497102 15.914574232021801 0.36607426824507 0.47894238492311508 0.37519976245671838 0.018680974364243989 2.1852148183076356 372.79548499358657 9.3926585077625975e-09 30.668316841600653 4.9651227330519836 4.1095971975229064 0.00379979468035252 0.92711230713892612 -0.48004834825801723 3.8474093132952647
decision_type=8 2 8 10 2 2 2 2 2 2 2 2 2 2 10 2 2 10 2 2 10 2 2 2 2 10 2 2 2 2
left_child=4 2 3 5 12 -2 7 -4 9 10 11 -6 13 -1 -9 25 17 -14 23 20 -17 -21 -10 -12 -11 -16 -8 -28 -29 -30
right_child=1 -3 6 -5 8 -7 26 14 22 24 18 -13 16 -15 15 19 -18 -19 -20 21 -22 -23 -24 -25 -26 -27 27 28 29 -31
leaf_value=0.028473777932136381 -0.012351221091417373 0.031249814290028329 -0.039873453940869392 -0.036551174284944962 0.038763385815580226 0.018712389415229583 0.0095886466033027907 -0.032657530210060286 0.023535156471062597 0.0022100352101466158 -0.036127534461950807 -0.016093356761879958 -0.0019224327249137809 -0.01794475914298516 -0.029329396218600319 -3.2542120685219137e-05 0.0070159753470374108 -0.040730988414333043 0.0019795164067784548 -0.029460998086667953 0.059364367073633822 0.032913680685045264 0.0042808622074055639 -0.0070153983344912645 0.018234588304300435 0.011276609726412461 0.0033481655654850045 -0.00080875352758565285 0.00029648061230679539 -0.041049948843359364
leaf_weight=9.201838721055541 16.406477635260671 18.163106732768938 14.1890039187856 7.6664986188989133 9.8209010632708704 21.127310017123818 0.77656247967388381 6.8846426089294246 35.692553887842223 23.779157483018935 17.504800241906203 12.307199491187928 6.2264663297683081 10.479743086267261 7.3383252284256768 6.5177988240029689 5.9331610943190753 12.527368470444342 10.464901079190893 5.5154053310398021 3.7502403946127743 2.204925186233595 26.370665855472907 10.290930681396274 36.769677698146552 2.0453648259863257 1.0249383946647856 1.2353286412544537 1.1663958064746101 48.945491473306902
leaf_count=235 322 2740 1416 220 202 414 267 591 347 211 379 254 277 267 764 458 269 557 218 504 263 202 257 223 326 213 355 434 412 17272
internal_value=0.000365123 -0.0146094 -0.0204566 -0.00254776 0.00338361 0.00516595 -0.0283219 -0.0177581 0.00654596 0.00183476 -0.00846655 0.00887653 -0.00951647 0.00408497 -0.00772686 -0.000526248 -0.020097 -0.0285957 -0.0184676 0.0102845 0.0250044 -0.00991527 0.0155516 -0.0259672 0.0120795 -0.0202449 -0.0374452 -0.0383092 -0.0391888 -0.0401006
internal_weight=392.327 164.958 146.795 45.2003 227.369 37.5338 101.594 48.4457 183.001 120.938 60.3887 22.1281 44.3686 19.6816 34.2567 27.3721 24.687 18.7538 38.2606 17.9884 10.268 7.72033 62.0632 27.7957 60.5488 9.38369 53.1487 52.3722 51.3472 50.1119
internal_count=28901 24887 24418 1299 4014 736 23119 4835 2394 1790 1253 456 1620 502 2943 2404 1118 834 797 1427 721 706 604 602 537 977 18284 18133 18052 17684
is_linear=0
shrinkage=0.05


Tree=232
num_leaves=9
num_cat=0
split_feature=21 21 0 6 13 3 1 9
split_gain=1.8947 1.6282 1.32174 0.737882 0.544083 0.120473 0.0236302 0.748665
threshold=0.67203394054469012 0.49671902741587504 601.35660965990758 0.45219081230114183 24.234325592416571 56.175088511826957 429.96897114809104 0.068963927102030823
decision_type=8 8 2 2 2 2 2 2
left_child=1 2 -1 -2 -3 -5 7 -6
right_child=3 4 -4 5 6 -7 -8 -9
leaf_value=-0.02773227125668486 -0.030153732125475598 0.0013818720603767641 0.026020708810051463 -0.005077101211541213 0.077314203429316192 0.022289808958023002 0.021705948833623798 0.0061233169238842219
leaf_weight=1.8507093683110771 2.5597250339524185 0.95125355200434558 0.95232047689933097 0.13828982707491477 0.55020331050036686 0.30256475122223492 2.2188432578477659 0.73116821211442584
leaf_count=1696 21539 232 872 380 206 830 491 273
internal_value=-0.000749668 0.0211717 -0.00742983 -0.021018 0.0372409 0.0161395 0.0445137 0.0571819
internal_weight=10.2551 7.2545 2.80303 3.00058 4.45147 0.440855 3.50021 1.28137
internal_count=28901 3652 2568 25249 1084 1210 774 479
is_linear=0
shrinkage=0.05


Tree=233
num_leaves=31
num_cat=0
split_feature=19 1 7 16 9 3 2 8 6 6 1 5 13 17 20 9 0 21 1 1 5 9 9 11 8 6 20 21 8 8
split_gain=4.17344 2.97248 4.51886 3.55466 2.73878 2.66729 2.51461 2.44907 2.3281 5.67784 4.44169 3.43145 4.27497 5.33172 3.59943 4.44384 2.65836 2.35118 2.12137 2.33187 1.81425 1.66206 1.61943 1.52457 1.30296 1.10737 1.07623 0.997566 1.656 1.54585
threshold=2.5000000000000004 174.31786986738854 0.12600708796594165 4.2935020609151016 0.27696103947631651 -0.38272271856491341 3.8474093132952647 0.030146995011941517 -0.28673078486831993 -0.18935173917643675 781.51583054040555 -34.983732254878184 24.017729248825351 1.0000000180025095e-35 1.8514795658007903 0.42051627444448553 428.44249939005056 0.015782558774287001 587.32640895481211 950.56252485243806 12.335649290283355 0.054755400478630818 0.41121447051053256 -108.67902692117498 0.27461631215578203 -0.080849320534073663 1.5043401189030952 0.77466426013281253 0.14309368513879853 0.099646262611379668
decision_type=2 2 2 2 2 2 2 2 2 2 2 2 2 2 10 2 2 10 2 2 2 2 2 2 2 2 8 10 2 2
left_child=1 2 4 8 21 -2 -7 -4 17 10 26 16 13 23 25 20 24 -3 -19 -20 -16 -1 -6 -13 -11 -14 -10 28 29 -8
right_child=5 3 7 -5 22 6 27 -9 9 11 -12 12 14 -15 15 -17 -18 18 19 -21 -22 -23 -24 -25 -26 -27 -28 -29 -30 -31
leaf_value=0.0024121015746365148 0.04092295396394488 -0.040638206145311238 0.038147628130815521 0.041971384525133264 -0.026335969229620861 0.031338652180654812 -0.014976698024815395 -0.033737666689711544 0.10027742538683354 0.01237353755085153 0.0048810967872410533 0.012211808213849772 -0.002963576584949227 -0.024595217680531582 -0.031105339122003962 0.063748263407546982 -0.0094520332510364524 -0.029512293430442461 0.032872474236122821 -0.015921730666308514 0.012731499770874162 0.074071034828703947 0.03138014059314536 0.050706876700831606 0.060022635120646033 -0.035629886483953037 0.024520869025473915 -0.038486329243976936 -0.027081329085992496 0.065399205031423047
leaf_weight=1.0249601936375254 0.70571375361760225 5.5167422502418093 0.73226890375372145 4.1646040415216703 1.4032680493255625 0.92253723350586447 0.55020853719907215 3.1431091463018674 1.6762582982191836 3.2259481686342042 4.4014746149769053 6.350586208835014 3.2624084441922632 5.7384769392083399 4.0901156019826885 1.5488518892670979 3.6460938282543793 3.8422685392724825 4.4189033278089473 3.6368124994332902 3.6178400640201289 4.6451365378743503 1.4721346285659818 4.6099988572823349 3.0792182134755421 16.767282556626022 1.6038312181481151 11.559585255919954 1.7960888761153908 0.32082764111692086
leaf_count=239 785 553 234 390 355 1060 364 1007 252 210 406 330 404 331 617 231 202 296 330 272 545 1085 372 239 200 2079 241 14070 1389 212
internal_value=-0.000566202 0.00521722 0.027093 0.00175066 0.0458131 -0.0217074 -0.0269784 -0.0151161 -0.000802877 0.00367645 0.0413038 -0.00212544 -0.00796491 0.01178 -0.0192406 0.00613711 0.0231225 -0.0164775 -0.0029927 0.0115183 -0.0114307 0.0634212 0.00368569 0.0312886 0.0406747 -0.0307032 0.0776191 -0.0325697 -0.00342441 0.0337589
internal_weight=113.474 97.6186 12.4209 85.1977 8.5455 15.855 15.1492 3.87538 81.0331 63.6184 7.68156 55.9368 45.9856 16.6991 29.2865 9.25681 9.95126 17.4147 11.898 8.05572 7.70796 5.6701 2.8754 10.9606 6.30517 20.0297 3.28009 14.2267 2.66713 0.871036
internal_count=28901 11271 3292 7979 2051 17630 17414 1241 7832 6085 708 5377 4826 962 3864 1381 551 1747 917 602 1162 1324 727 569 410 2483 493 17316 2062 576
is_linear=0
shrinkage=0.05


Tree=234
num_leaves=31
num_cat=0
split_feature=13 20 3 1 1 8 5 5 3 8 13 12 21 13 5 20 6 15 7 0 13 6 3 21 7 4 7 12 3 3
split_gain=7.9228 5.58164 3.61296 3.91168 4.33518 6.15435 4.18158 3.46238 4.13557 5.33843 2.71336 3.6279 3.91352 4.35572 3.0377 6.23965 3.91502 4.72715 5.42253 7.07513 4.6094 3.61922 4.17479 4.01714 4.26948 3.68619 3.60014 3.45887 5.04911 4.45586
threshold=-1.0000000180025095e-35 103.473155514574 46.359795381666657 970.9031270305386 49.490536020459508 0.066717135992877999 39.646616852762406 -34.499239155479621 56.175088511826957 0.14693218290879043 21.130238862014327 -126.16484913710499 2.6795352799531407 21.831754522699871 -2.4471188847738996 68.742823115392625 -0.17028997603241522 7.6429935098582928e-09 0.050253687370975804 405.89538710306152 28.124049405590664 -0.05358518902820885 25.606017789692455 0.45538001125295807 -0.29471181834608901 5.7766160385282062 0.26519879124341467 -92.826322144499088 11.628339033230452 24.172568065369703
decision_type=2 8 2 2 2 2 2 2 2 2 2 2 10 2 2 10 2 2 2 2 2 2 2 10 2 2 2 2 2 2
left_child=-1 10 3 4 5 -3 -7 -4 9 -9 -2 -12 13 -13 15 16 27 18 21 -20 -21 -18 23 -23 -25 -24 -16 28 -15 -30
right_child=1 2 7 -5 -6 6 -8 8 -10 -11 11 12 -14 14 26 -17 17 -19 19 20 -22 22 25 24 -26 -27 -28 -29 29 -31
leaf_value=-0.040700900901203513 -0.0072026378803795631 -0.050224332019576816 -0.029602059524213842 -0.0067616286360475293 0.028314759245925525 0.025772365740699882 -0.034210203459512353 -0.053397700643522221 0.024378279997546284 0.015069381262312252 -0.019909123934855399 0.024198226475042005 0.015572985389060349 0.040533961904124768 -0.00061334127878657444 0.026315569331695567 -0.027576359096957506 -0.045844108017910022 -0.036190685716946627 -0.029009724421755159 0.01379406890747604 -0.022433269941416745 0.039325429967865103 -0.021326164095520891 0.034689975846389158 0.0016456112383181219 0.016287361187939563 -0.02048199883368702 -0.022542169226892412 0.01171088995368591
leaf_weight=11.200071662664412 174.93568873638287 3.6761938633862909 8.6563896662555653 15.852236194536088 48.665363534586504 13.620222101453693 2.7116581865120679 4.3001824454404458 12.407714952016248 5.4317171899601817 20.619217045605183 16.158151447074488 41.081106055527925 8.770935145672409 138.52942619263195 13.269252347294241 9.0809949152171594 9.1047141081653518 32.287611970677972 8.6693431059829908 17.000306935980916 17.571991581469778 11.431184948654847 4.7068500060122469 7.7621535251382738 13.774685553973541 39.762271563289687 12.229831666685639 13.097307018004356 28.081870263675228
leaf_count=423 4730 280 373 1893 6900 1104 220 280 608 353 659 470 1365 225 4403 363 208 200 701 266 521 379 256 203 334 308 1264 293 339 728
internal_value=7.0683e-06 -8.29299e-05 0.00999117 0.0152852 0.0203984 0.000712222 0.014414 -0.00456307 0.00608314 -0.0173404 -0.00191687 9.15158e-05 0.00106656 -0.000453521 -0.00154777 -0.0056581 -0.00797389 -0.012836 -0.0100264 -0.0209798 -0.00120765 1.22631e-05 0.00495669 -0.00755056 0.0135313 0.0195824 0.00322564 0.00234049 0.0082207 0.000540331
internal_weight=764.447 753.247 115.322 84.5257 68.6734 20.0081 16.3319 30.796 22.1396 9.7319 637.925 462.989 442.37 401.289 385.131 206.839 193.57 131.39 122.285 57.9573 25.6697 64.3279 55.2469 30.041 12.469 25.2059 178.292 62.1799 49.9501 41.1792
internal_count=28901 28668 11418 10092 9737 1522 1324 1326 1084 633 17250 14796 14696 11662 11319 5652 4367 2879 2728 1258 787 1470 1212 648 537 564 5667 1488 1283 1067
is_linear=0
shrinkage=0.05


Tree=235
num_leaves=31
num_cat=0
split_feature=12 8 11 20 11 4 7 16 6 9 7 1 2 4 1 12 19 21 5 8 1 21 8 3 5 9 19 9 21 10
split_gain=1.97528 3.66314 4.57387 3.55832 2.87287 4.61769 3.05866 4.90819 5.16301 5.61263 3.51021 4.2031 5.45486 8.02456 3.53356 3.37958 3.50034 5.43254 6.93908 5.30659 4.11784 2.99526 4.28306 4.93586 4.47446 4.47897 4.23361 3.55626 2.91077 3.3151
threshold=-97.41871135014614 0.130563467193654 -76.814820727773892 16.566618968308504 -98.397608159547886 24.360326638644803 0.25682154516805744 1.0000000180025095e-35 0.17499627223402306 0.39027416001478327 0.19182226892795698 970.9031270305386 5.6152091747667638 -0.7024076553803339 1015.793849819555 -101.09058814290113 4.5000000000000009 1.4119425963930903 -39.329532698164108 0.25160624036137996 34.846557892332008 2.2620462995635005 0.21545974399856685 22.135089076317854 24.370786309170953 0.1426897139859831 3.5000000000000004 0.29252696386161242 0.022960566287379153 3.5000000000000004
decision_type=2 2 2 8 2 2 2 2 2 2 2 2 2 2 2 2 2 10 2 2 2 8 2 2 2 2 2 2 10 2
left_child=4 2 3 -2 6 -6 10 -8 -9 -10 11 12 15 -14 -13 16 21 19 -19 -18 -20 27 23 -23 -24 -26 -25 -1 -12 -30
right_child=1 -3 -4 -5 5 -7 7 8 9 -11 28 14 13 -15 -16 -17 17 18 20 -21 -22 22 24 26 25 -27 -28 -29 29 -31
leaf_value=0.0061479470447651022 0.028472660775933908 -0.01732096515820844 0.070359093737302425 -0.033142660507480826 -0.0097966671810774449 0.090306437367304093 -0.024033942053528618 -0.0070311775251156233 -0.0066567234291648961 0.082413495100848597 -0.014244264177985369 0.054525087532527008 0.049715819926074774 -0.034790188992822525 0.0050036534586760106 -0.027466060850719645 0.10292055525387711 0.069445054773977763 0.038842383348098031 0.003084006536183106 -0.032167534506235211 0.095633097443939136 -0.030807061852951609 -0.0008261632613626946 -0.019214152451731265 0.057520185359941911 0.055406481038329791 -0.027181684306978433 0.059356702725959457 -0.0041943495764406652
leaf_weight=25.931092068436556 3.7123376345844035 22.431849257380236 2.0124522063415515 3.6662682805326758 1.7718456359580173 1.5656494565773753 18.863872229063418 13.021038025792224 2.8140753201441848 3.2027684855274856 2.1052583865239312 6.8679418117972082 2.4694516407325908 15.58312938606832 7.0548509733052924 5.1993250030209328 2.9997897623106873 2.4231732657644924 1.8682093386305467 2.0899214404053055 6.5191005975357257 1.8381351251155198 6.4307350786984889 8.9100669685285521 2.7302866135141821 3.2835960604134016 4.3334973864257336 10.414166454691438 7.5413450439227736 2.5353386570932344
leaf_count=2257 779 4859 386 769 366 323 2624 1331 296 337 232 286 532 3360 294 626 395 258 211 276 735 201 1136 756 355 426 367 906 772 260
internal_value=-0.000313771 -0.00653168 0.0184268 -0.00244429 0.00688779 0.0471562 0.00580732 -0.00655538 0.0110985 0.0457436 0.00945851 0.00663772 0.00301462 -0.0212278 0.0314488 0.00835206 0.0109977 0.0312688 0.00908173 0.0691642 -0.0138978 0.00554722 0.0176869 0.034744 -0.00403137 0.0249104 0.0201721 -0.00387426 0.0339802 0.0444319
internal_weight=202.191 31.8229 9.39106 7.37861 170.368 3.3375 167.03 37.9018 19.0379 6.01684 129.128 116.946 103.024 18.0526 13.9228 84.9711 79.7718 15.9002 10.8105 5.08971 8.38731 63.8716 27.5263 15.0817 12.4446 6.01388 13.2436 36.3453 12.1819 10.0767
internal_count=28901 6893 1800 1548 22008 689 21319 5272 1946 633 16047 14704 14124 3892 580 10232 8835 1821 1150 671 946 7014 3851 1652 2199 781 1123 3163 1343 1032
is_linear=0
shrinkage=0.05


Tree=236
num_leaves=31
num_cat=0
split_feature=8 20 11 1 21 12 3 1 7 7 7 8 21 20 21 20 20 8 8 10 17 7 9 21 7 3 1 7 9 9
split_gain=2.0614 3.06167 2.38867 4.85989 4.23618 2.79337 4.33336 2.25362 3.96935 3.68378 4.19322 5.65931 5.5046 4.56837 3.69237 3.00764 2.85587 2.73227 2.66643 2.39213 3.94972 3.79265 3.77576 3.2583 2.44071 3.73525 2.47228 2.42351 3.1393 3.0605
threshold=0.49003499221670271 22.455141661238304 -98.248354707585278 667.39130666984011 1.8640590342775603 -99.22068224875072 17.298014746449805 41.530747010624104 0.36594378058191351 0.34658562273499266 0.41814606913926128 0.130563467193654 0.8510401002031831 12.632152635411302 1.8767505366473303 113.98198611051151 36.660755426629606 0.007470037029259303 0.1369588784727043 2.5000000000000004 0.31446667220806918 0.026583401015575884 0.34325683993443873 0.76423292771274853 -0.039023398063903862 26.151492609792552 673.74091845486112 0.19182226892795698 0.36049324189110293 0.14696874563190646
decision_type=2 8 2 2 10 2 2 2 2 2 2 2 10 10 10 10 8 2 2 2 2 2 2 8 2 2 2 2 2 2
left_child=2 -2 5 -4 -5 7 -7 8 15 17 11 -11 -13 -12 -14 16 -1 -9 -19 20 23 22 -21 24 26 -26 -20 28 29 -25
right_child=1 -3 3 4 -6 6 -8 9 -10 10 13 12 14 -15 -16 -17 -18 18 19 21 -22 -23 -24 27 25 -27 -28 -29 -30 -31
leaf_value=0.0039430390388454379 0.063433286551752885 -0.010561285369837956 -0.029032612535911564 -0.0034817464780083325 0.051620755996589135 -0.022797047564708215 0.072867903785506991 0.043325971248846074 -0.031154390184201949 -0.025255442590408701 0.040997247675929605 -0.0063563593289964462 0.13262333006417518 -0.027925081395065651 0.024134077735680243 -0.018089889166383023 0.045304709849127794 -0.018202755022604551 0.032430700797495583 0.017442563671808169 0.070183568753831652 -0.033800806805914407 -0.03389120752745383 -0.0107798667845271 0.083416336998850579 0.0050607962058771992 -0.022568852571885165 -0.034907855257685659 -0.033418386802030325 0.032627662455947108
leaf_weight=6.1666657393216262 2.5880865530925821 1.8828282610047598 13.530851806805005 14.597314128128348 3.5386674457113259 1.1748813328449625 2.6848289610352367 2.3011462864233172 2.58573512773728 1.4083058066316896 3.0061420054989858 1.5528760007000535 2.0827796449302713 5.0129974678275175 1.7747237157891502 2.6867942291428335 13.384849791473242 20.573154639685526 2.8116292747436109 13.326286867319149 1.5805853729252701 8.914288255851714 3.7913052093354054 6.6475208422052754 2.4348903806530862 2.9776524063781835 3.4188041400630027 4.3722452264628373 3.5897807966102846 8.089034232485572
leaf_count=605 324 236 3126 1099 266 239 545 405 266 258 567 268 318 945 271 270 1312 3663 232 1581 332 1100 450 1838 213 261 283 1199 989 2236
internal_value=-9.15762e-05 0.0360374 0.00472789 -0.00740461 0.0094055 0.00775535 0.045049 0.00624933 0.019422 0.00280804 0.0249461 0.0510014 0.0716942 -0.000407206 0.0979544 0.0263903 0.0330856 -0.00130979 -0.0030582 0.00218014 0.0104234 -0.00915981 0.00482978 0.0057649 0.0261444 0.0478213 0.0033036 -0.00535061 0.00314243 0.0136062
internal_weight=164.488 4.47091 160.017 31.6668 18.136 128.35 3.85971 124.49 24.824 99.6661 14.8378 6.81869 5.41038 8.01914 3.8575 22.2383 19.5515 84.8283 82.5272 61.954 35.9221 26.0319 17.1176 34.3416 11.643 5.41254 6.23043 22.6986 18.3263 14.7366
internal_count=28901 560 28341 7316 1365 21025 784 20241 2558 17683 2759 1247 932 1512 589 2233 1917 14924 14693 10756 7544 3212 2031 7213 989 474 515 6224 5051 4074
is_linear=0
shrinkage=0.05


Tree=237
num_leaves=31
num_cat=0
split_feature=21 16 13 12 3 20 1 7 15 12 12 8 7 13 11 12 3 20 5 15 21 11 5 16 15 13 20 21 1 20
split_gain=11.4081 16.4967 8.22967 6.4029 5.84881 5.66806 3.56188 2.90055 3.71081 4.56393 3.93293 3.59254 3.0251 2.83305 2.48817 2.9517 2.28119 1.99475 2.67683 3.04568 3.24785 3.49279 2.94816 1.8532 1.54693 1.51606 1.21701 0.959825 2.88377 2.57073
threshold=0.7256591603840471 18.469625428050616 32.639944170141426 -112.29555940380627 51.486452225312512 0.87237327942997267 179.04403837205402 -0.38165372045272367 4.0533420213797847e-09 -97.964616623679291 -108.9025076844835 0.062665007852433355 0.20775676827663594 21.130238862014327 -103.50285607228298 -105.35843099787847 37.174073645711559 48.768299069439912 4.6440446586729012 5.6898683875744967e-09 1.6694932823424551 -100.15797358308349 40.209171235526007 8.1954583846239029 1.5860500349258989e-08 19.406703527506675 0.24170990294489453 1.4354646537794702 100.65999394287252 8.3083276378800424
decision_type=8 2 2 2 2 8 2 2 2 2 2 2 2 2 2 2 2 8 2 2 10 2 2 2 2 2 10 8 2 10
left_child=6 2 3 -2 5 -5 13 -8 9 11 -10 -9 -11 -1 15 16 -13 18 19 20 21 -7 24 -19 -20 -21 -15 28 29 -4
right_child=1 -3 27 4 -6 17 7 8 10 12 -12 14 -14 26 -16 -17 -18 23 22 25 -22 -23 -24 -25 -26 -27 -28 -29 -30 -31
leaf_value=0.0051327345856376589 -0.041233227476076523 0.034160183522509151 0.060661483120176177 0.015472009568672732 0.045451967434848112 0.00073438564074087382 0.020876605768783446 0.016735829855801423 -0.0062173791672165855 -0.0012863487553934118 0.021213725657613418 -0.030892979564751816 0.02136840154602529 -0.0038993063639849845 -0.031089689820146482 0.019373190577002465 0.0006940181545173719 -0.034906788703366221 -0.043100221824593173 0.0068467185837782765 -0.015888878346261067 0.061310329617892713 0.0046911288969785836 0.015732083841630218 -0.0047887602601958072 -0.035882106593812121 -0.037339265610979874 -0.040648017955907306 -0.0327212661358098 -0.014025730694728228
leaf_weight=10.153566965484064 13.45129789598286 14.970645575784145 0.86543306149542898 18.02768619696144 4.3904104349203408 4.3806950178695852 24.904078082414344 8.1773856354411674 18.232260779710487 39.665983835118823 41.969000102486461 11.586217285017486 22.346675678621978 3.9619487513555223 19.322403638041582 6.6788512370549125 10.392519369954242 15.601918158470655 10.495941773988308 2.8698065585922459 4.228444310836494 4.2742009797366354 6.9689134478103369 1.4544615510385481 3.7713118041865528 4.5636467003496364 9.9094438866013643 34.453203308046795 13.530585618456824 2.2855132867116481
leaf_count=433 1129 2320 201 1422 342 204 366 203 200 388 462 383 219 250 486 202 343 3250 616 200 290 200 319 303 222 319 627 11251 2604 529
internal_value=0.000372215 -0.014303 -0.0194846 -0.0105492 -0.00501475 -0.00845411 0.00306389 0.00523282 0.00294444 -0.00221373 0.0129402 -0.0124285 0.007087 -0.0147633 -0.0176393 -0.00782785 -0.016577 -0.0159497 -0.00963135 0.00333542 0.0175923 0.0339014 -0.0216289 -0.0299565 -0.0339502 -0.0205301 -0.0286926 -0.0354751 -0.0230965 0.0161597
internal_weight=387.884 160.584 145.613 94.4787 81.0274 76.637 227.3 203.275 178.371 118.17 60.2013 56.1574 62.0127 24.025 47.98 28.6576 21.9787 58.6093 41.553 20.3168 12.8833 8.6549 21.2362 17.0564 14.2673 7.43345 13.8714 51.1347 16.6815 3.15095
internal_count=28901 24887 24628 7930 6310 6045 4014 2990 2665 2003 662 1396 607 1024 1208 867 726 5928 2375 1402 883 404 973 3553 838 519 877 16698 3210 730
is_linear=0
shrinkage=0.05


Tree=238
num_leaves=9
num_cat=0
split_feature=21 21 0 6 3 7 0 3
split_gain=1.73262 1.49539 1.25415 0.708554 0.56232 1.05893 0.315293 0.11657
threshold=0.67203394054469012 0.49671902741587504 601.35660965990758 0.45219081230114183 23.393774608406002 0.065335678749290707 452.95593458962355 56.175088511826957
decision_type=8 8 2 2 2 2 2 2
left_child=1 2 -1 -2 6 -6 -3 -5
right_child=3 4 -4 7 5 -7 -8 -9
leaf_value=-0.027599717714994539 -0.029904361522441348 0.012804530552286681 0.024667354124199691 -0.0050712532645120498 -0.021222692194967238 0.032592482295937579 0.057658883156526335 0.021693791734464653
leaf_weight=1.8266623643212416 2.4851948858995461 1.3220927271613632 0.98092715807433706 0.13807901837208292 0.91570266406779488 0.78795994853862794 1.5450064008036859 0.305656608499703
leaf_count=1671 21424 230 897 377 315 271 268 833
internal_value=-0.000741793 0.0196867 -0.00765599 -0.0207867 0.0348414 0.00651623 0.0456351 0.0156214
internal_weight=10.3073 7.37835 2.80759 2.92893 4.57076 1.70366 2.8671 0.443736
internal_count=28901 3652 2568 25249 1084 586 498 1210
is_linear=0
shrinkage=0.05


Tree=239
num_leaves=31
num_cat=0
split_feature=20 11 0 2 5 13 1 13 1 21 11 20 1 8 4 9 8 9 3 21 7 3 20 1 6 5 3 6 9 1
split_gain=4.00001 4.08119 3.24576 2.65733 2.73303 3.6472 2.63764 2.32701 5.3125 3.20659 4.00217 4.91123 4.49612 3.95632 2.96913 4.2567 2.54592 2.85981 2.1714 1.77756 2.66972 1.61623 1.61587 1.56602 3.16586 2.40456 0.695039 0.579752 1.18731 0.394427
threshold=20.897065842984304 -81.76873362405199 656.21101433614206 5.6274211008147148 28.276171804239404 13.90926050429078 142.28704808227954 21.433920580311128 781.51583054040555 0.011862585384144402 -103.31725525762748 2.3562746189955655 174.31786986738854 0.27867806236147535 7.0567379337957208 0.079462174153498225 0.39990623326918767 0.07310013857856569 24.508189650801302 0.026296650163411355 -0.051806482868851582 34.179978312691311 2.0894628097485701 569.65759523350312 -0.19847477197157284 -40.977723000541395 48.876696775016256 -0.20963616279891004 0.29829795521654928 1169.9039510658652
decision_type=10 2 2 2 2 2 2 2 2 8 2 10 2 2 2 2 2 2 2 10 2 2 8 2 2 2 2 2 2 2
left_child=2 -2 3 4 7 -6 -3 8 -1 -9 11 16 13 18 15 -14 17 -11 -12 26 -21 29 -23 24 -19 -26 -5 28 -16 -7
right_child=1 6 -4 19 5 21 -8 9 -10 10 12 -13 14 -15 27 -17 -18 23 -20 20 -22 22 -24 -25 25 -27 -28 -29 -30 -31
leaf_value=-0.0020828215918302991 -0.038012314710621525 0.045243903480910397 0.040311988528074542 -0.0421848332151794 0.027262838478069863 -0.039408568388255794 -0.024797289800379041 -0.014850413905074989 0.066085123098989798 -0.0040037391143155042 0.094030153668191799 -0.030866665517760496 0.052623276535317877 -0.022861951052691482 -0.028667790533042699 -0.022655313101843211 0.003416990631202552 0.074034175161122318 0.0030855509930465454 0.027576384947131369 -0.026268932579205029 0.018242787814474259 -0.029698352437589743 0.074638709271340781 0.043594245164059742 -0.023252237617130703 -0.0067613339220105942 -0.03823656614266735 0.020594626750677723 -0.0058403283886262021
leaf_weight=5.6488587816420468 10.256705086620057 2.2877735812508053 5.1257138153596316 4.6984225495834835 3.9719332205713771 7.0182711198867755 1.4457214586436746 12.307310492295072 4.6652619311935268 2.1186092267453214 1.4739901667926605 2.2786339792655781 2.4187263147905469 1.1738363975309765 1.8452150947414343 3.2838585050194524 4.3831545557477511 1.3828525342978615 0.98851252303575166 3.7152232222433677 3.5004119786608499 3.5014932912890817 1.8838362291862711 5.9146886270900723 1.0875973677903035 2.7839893951895491 2.4104619338177145 6.6803998177347257 1.2251497122924773 1.4171032198937608
leaf_count=254 12900 623 586 727 442 993 394 1650 209 228 464 310 274 472 311 372 445 277 311 343 324 440 236 655 219 559 373 1252 207 201
internal_value=-0.000551929 -0.0226674 0.00503379 0.00270057 0.00630916 -0.0105404 0.018613 0.0112618 0.0318665 0.00659324 0.0135555 0.0286519 -0.00286179 0.0407794 -0.0149854 0.0123613 0.0375689 0.0478068 0.0689574 -0.0164206 0.00143723 -0.0225111 -0.000552109 0.0571559 0.028689 0.000620129 -0.0324886 -0.0306408 -0.00878052 -0.0349859
internal_weight=112.894 13.9902 98.9035 93.7778 79.4533 17.7926 3.7335 61.6606 10.3141 51.3465 39.0392 19.9495 19.0897 3.63634 15.4533 5.70258 17.6709 13.2877 2.4625 14.3245 7.21564 13.8207 5.38533 11.1691 5.25444 3.87159 7.10888 9.75076 3.07036 8.43537
internal_count=28901 17596 11305 11094 9327 1980 1017 7347 463 6884 6649 2713 3936 1463 2473 646 1796 1432 775 1767 667 1870 676 1237 1054 778 1100 1827 518 1194
is_linear=0
shrinkage=0.05


Tree=240
num_leaves=31
num_cat=0
split_feature=13 20 3 1 1 8 5 4 3 8 0 13 1 13 5 3 12 9 13 5 12 21 9 4 20 0 13 8 3 16
split_gain=7.37128 4.88492 3.38414 3.58253 4.14277 5.50067 3.88398 3.14622 3.90339 4.82736 2.46069 2.804 3.46465 4.35025 5.28946 3.44396 5.67758 3.92564 3.22955 2.88675 2.86777 4.13221 2.75779 2.56929 5.09067 4.0719 3.73762 4.79494 4.25065 3.64552
threshold=-1.0000000180025095e-35 103.473155514574 46.359795381666657 970.9031270305386 49.490536020459508 0.066717135992877999 39.646616852762406 -4.3664139694547393 56.175088511826957 0.14693218290879043 93.742953318703613 21.130238862014327 759.68446809534464 20.288489471646894 4.9251621720173029 30.821515731172905 -116.09967596130706 0.24258890108141531 21.831754522699871 30.904394034594304 -126.16484913710499 2.6795352799531407 0.21681393354837988 25.593422056831404 68.742823115392625 216.70801274060352 30.461738675272041 0.16754267888726473 28.184324440776653 4.2935020609151016
decision_type=2 8 2 2 2 2 2 2 2 2 2 2 2 2 2 2 2 2 2 2 2 10 2 2 10 2 2 2 2 2
left_child=-1 10 3 4 5 -3 -7 -4 9 -9 -2 12 13 15 -15 19 -17 -18 -13 22 -20 23 -12 24 25 -22 27 -27 -28 -25
right_child=1 2 7 -5 -6 6 -8 8 -10 -11 11 18 -14 14 -16 16 17 -19 20 -21 21 -23 -24 29 -26 26 28 -29 -30 -31
leaf_value=-0.04040405070510953 0.022063074254457839 -0.046493381901252052 -0.028252167206333102 -0.0063294467315966997 0.027673328733738733 0.025221384182902845 -0.032227644739402768 -0.050389169458309173 0.023773299109419766 0.014551210739020335 0.004231425783397919 0.020186640588677054 -0.017655236510481686 -0.048726402487981824 0.006016932269810771 0.0095375934215859749 -0.044868170563564944 -0.0035420240150669581 -0.018723854816399838 -0.00093667186005475108 -0.037776250534719932 0.015487550254206936 0.037681467850411175 0.0040108972833757727 0.024625361133432576 -0.030182784109478451 -0.0082507964594912536 -0.0034845460598046749 0.01210163355085922 -0.029043842376849396
leaf_weight=10.534525644034145 9.6012279752176237 3.855734212789689 8.8054710605647433 15.960627142805604 46.638475531013682 13.184620383661239 2.799819512758404 4.4413906186819121 12.097515286412088 5.3197696639690548 11.740685602417219 17.654250984080136 56.853968996554613 9.2349978163838404 7.4088583867996931 21.607758367899805 11.476803100667897 10.997352764010428 20.823728650808334 27.599287114106119 9.7258913561236096 37.468667855719104 12.662776371929793 178.33936242805794 11.968375956639647 28.58406792441383 61.943474759580567 39.669172792462632 42.304513798793778 7.7543349131010473
leaf_count=401 261 296 381 1954 6831 1092 232 288 600 345 220 570 809 263 211 320 215 206 678 475 218 1272 237 5747 326 487 1668 676 1139 250
internal_value=6.36202e-06 -0.000126387 0.00940041 0.0146274 0.0196781 0.000457627 0.0138537 -0.00467031 0.00564968 -0.0169338 -0.00183425 -0.00223549 -0.0077046 -0.00257495 -0.025398 0.00159937 -0.00857733 -0.0256583 -0.000190218 0.0102251 -0.00105451 -0.000131142 0.0223885 -0.00170658 -0.00571609 -0.00783239 -0.00593611 -0.01494 4.48613e-05 0.00248566
internal_weight=759.058 748.523 113.103 82.4393 66.4786 19.8402 15.9844 30.6641 21.8587 9.76116 635.42 625.818 169.582 112.729 16.6439 96.0847 44.0819 22.4742 456.236 52.0027 438.582 417.758 24.4035 380.289 194.195 182.227 172.501 68.2532 104.248 186.094
internal_count=28901 28668 11418 10092 9737 1522 1324 1326 1084 633 17250 17134 2414 2021 474 1547 652 421 14720 895 14286 14186 457 11282 5285 4087 3970 1163 2807 5997
is_linear=0
shrinkage=0.05


Tree=241
num_leaves=31
num_cat=0
split_feature=7 21 21 7 7 20 2 2 1 8 5 0 8 3 6 3 8 20 8 1 8 5 0 9 7 12 0 19 9 16
split_gain=1.86951 2.66533 3.44761 1.82939 2.59389 2.19812 1.90383 3.62726 3.20577 2.51675 4.27442 3.27017 3.64805 2.18207 4.52129 3.12835 2.9127 2.19148 2.03124 3.76992 2.54844 2.55827 5.1833 3.09383 3.53341 4.91362 4.5038 4.07238 9.20474 7.56245
threshold=-0.43018585742217436 1.6694932823424551 2.6795352799531407 -0.4019131953144417 -0.37683304378702193 41.541395141797658 5.872709843494115 5.7093478236983088 759.68446809534464 0.41150892979219894 6.2285005235226487 340.88822806306661 0.44938619084732495 2.2360841837051804 -0.068855200176926243 5.4545299291545009 0.05252673905711714 86.451019338252763 0.066717135992877999 83.496361053228668 0.077003555709469942 45.174723924810905 372.79548499358657 0.45716723528563491 0.25682154516805744 -89.115195898357584 536.83765449023713 4.5000000000000009 0.10591266724547578 2.7345233608320858
decision_type=2 10 10 2 2 8 2 2 2 2 2 2 2 2 2 2 2 10 2 2 2 2 2 2 2 2 2 2 2 2
left_child=1 -1 -3 5 -5 -2 7 9 -9 13 -11 -12 -13 14 -6 -15 17 -17 19 -18 -20 23 -23 24 27 26 -26 -22 -29 -30
right_child=3 2 -4 4 6 -7 -8 8 -10 10 11 12 -14 15 -16 16 18 -19 20 -21 21 22 -24 -25 25 -27 -28 28 29 -31
leaf_value=-0.036227864892158901 0.045560678398320176 0.039141901290636896 -0.029963135239458379 -0.033111711203724324 -0.024010585211917262 -0.0061793037093851033 0.043266243895711334 -0.038623789264171871 0.010464610492550881 -0.0304018769581435 -0.023918864410396187 -0.017752250447005187 0.044776107126201538 -0.032794939984473442 0.069099565527902043 -0.017996620897933881 0.080119442951569531 0.022519572311634248 -0.031227659736421626 0.0049135436345072604 0.012069219047456094 -0.033825081401100889 0.018567555652529023 0.051253373763824807 -0.027632402394485396 0.062591174611110453 0.030614326847047058 -0.030310074514108748 0.087769170605435584 -0.024792076607342645
leaf_weight=5.5337211205624035 4.9463145560002895 3.1133364681154498 2.2722129207686521 3.4292535686399779 1.331700028153137 2.8059662898886009 2.3251461564213969 7.579189987096469 4.8602907519089058 10.438764821854424 3.8442296389257544 2.7392782978131427 6.4856734523782507 3.5572186721255994 2.9637331958510904 13.879744558013046 2.0879383846186101 3.3851068428484723 2.6074924845015621 3.9275495180627331 56.939518966421019 7.7020364863565218 9.3705211433698423 4.6891176161007024 13.676007352129096 1.3088259989744981 3.3940426336484961 2.5164889174629961 6.9050717367790631 1.3741571113932876
leaf_count=984 510 441 322 489 308 289 329 1407 902 1828 533 364 862 463 685 1728 200 422 331 375 7712 386 470 659 2076 208 515 440 1038 206
internal_value=-0.000313507 -0.0145768 0.00985946 0.00587846 0.00478346 0.0282669 0.00568491 0.00495325 -0.0200927 0.00694966 -0.00794965 0.0108699 0.0262885 0.0094613 0.0411499 0.00817974 0.00950466 -0.00925463 0.0123398 0.0387166 0.0105693 0.0118571 -0.0056324 0.015171 0.0126404 -0.00652775 -0.0149979 0.0178607 0.0447939 0.0684282
internal_weight=201.99 10.9193 5.38555 191.07 183.318 7.75228 179.889 177.564 12.4395 165.124 23.5079 13.0692 9.22495 141.616 4.29543 137.321 133.764 17.2649 116.499 6.01549 110.483 107.876 17.0726 90.8032 86.1141 18.3789 17.07 67.7352 10.7957 8.27923
internal_count=28901 1941 763 26960 26161 799 25477 25290 2309 22981 4116 1812 1226 18865 993 17872 16762 2150 14612 575 14037 13617 856 12761 12096 2922 2591 9174 1887 1244
is_linear=0
shrinkage=0.05


Tree=242
num_leaves=31
num_cat=0
split_feature=10 8 5 20 9 5 21 1 1 21 21 3 10 21 3 7 7 4 16 5 20 15 21 20 20 21 9 19 8 1
split_gain=1.94802 1.97022 2.82663 2.40623 3.51971 2.33726 2.29622 2.23874 2.55059 2.09849 2.09045 3.15988 3.09239 3.73314 2.49161 3.06996 2.87639 4.83451 3.91061 3.77785 3.16713 3.59707 2.86164 3.17761 2.98429 2.9234 7.08991 4.60072 3.59463 3.92005
threshold=5.5000000000000009 0.49003499221670271 -6.9395185948755982 2.0894628097485701 0.4814010799684692 -46.513005515764092 1.4808840897966451 7.2287652825019606 994.59851916768662 6.1968925937549661 5.491319014466141 48.876696775016256 3.5000000000000004 0.81245566011013159 40.368598835203805 -0.30208032145739344 0.13815176128150511 25.859855610470856 7.1815266005289304 -48.54035251885994 38.150414534017806 3.5117393634570906e-10 1.2944646201039451 7.2644962417730357 5.7203375950920803 2.3117284276794106 0.20713026708365281 2.5000000000000004 0.16566024945480476 221.20352517374451
decision_type=2 2 2 10 2 2 10 2 2 8 8 2 2 10 2 2 2 2 2 2 8 2 8 8 10 10 2 2 2 2
left_child=1 3 -3 4 5 -1 7 -7 -9 10 11 14 13 -13 16 -16 17 20 22 -18 21 -5 24 -24 -19 26 -25 -28 29 -27
right_child=-2 2 -4 9 -6 6 -8 8 -10 -11 -12 12 -14 -15 15 -17 19 18 -20 -21 -22 -23 23 25 -26 28 27 -29 -30 -31
leaf_value=0.027752126828768604 -0.024960638743005914 0.062050167155518504 -0.0098332541909420309 0.033232689272640566 0.048672206550885277 0.012932167368996064 0.020938407662616385 -0.03931821262112891 -0.00021861501698051042 -0.024344961260199558 0.047085522218560806 0.025941058778874683 0.022207671274360095 -0.028471884119425556 -0.01717661172957086 0.036308851318828356 0.055164493378467051 0.05979337615416376 -0.029263208211973535 -0.010561184958252361 -0.030277042045919068 -0.016566433989952136 -0.022425068357576312 0.093413910443551962 0.0017516376120477112 -0.017666060799922164 0.062059071567545136 -0.021521990132425829 -0.019217814258581139 0.10255430821523713
leaf_weight=2.4364788118400673 4.0769437812268734 2.6230100226821387 1.810705329000484 6.6124844595906351 1.6294049529824404 3.3444146731053541 2.8013877524062991 13.642587662150619 5.8479912162292749 3.7579219419276333 2.6835009882925069 3.1218002305249763 5.5238518854603171 14.488304768048691 2.5682193293469053 16.098430520156398 1.3971941479831027 1.7396525949006942 2.1502481601200998 24.63281497877324 6.6535002599703157 6.0614641206921078 1.0982392019941507 6.5124334417632772 11.898298676300326 0.72171074996004048 1.7551003870321444 3.2295248486334458 2.994914235372562 0.66661193082109094
leaf_count=636 716 322 222 748 418 986 763 4571 1960 599 433 246 392 1140 264 1655 310 246 377 5473 1522 685 220 1081 1686 239 313 577 931 220
internal_value=-9.09543e-05 0.00659717 0.0362864 0.00552808 -0.00710342 -0.0119035 -0.0165728 -0.0218601 -0.0281699 0.00852957 0.00972597 0.00850753 -0.00783866 -0.0179503 0.0124546 0.0284509 0.00832128 0.0150089 0.0264347 -0.00512293 -0.00470916 0.00994592 0.0311483 0.0444081 0.0127344 0.0500848 0.0625521 0.0133594 0.0118384 0.0588289
internal_weight=164.579 160.502 4.43372 156.068 29.7023 28.0729 25.6364 22.835 19.4906 126.366 122.608 119.925 23.134 17.6101 96.7908 18.6666 78.1242 52.0942 32.7667 26.03 19.3274 12.6739 30.6165 16.9785 13.638 15.8803 11.4971 4.98463 4.38324 1.38832
internal_count=28901 28313 544 27769 7615 7324 6986 6734 6531 20154 19763 19515 1643 1386 17872 1919 15953 10170 5748 5783 4422 1433 5338 3406 1932 3270 1908 890 1362 459
is_linear=0
shrinkage=0.05


Tree=243
num_leaves=31
num_cat=0
split_feature=21 17 20 21 13 11 6 1 5 4 13 15 6 21 5 5 15 21 3 6 6 12 0 8 3 3 3 11 9 1
split_gain=10.6249 15.1367 7.65253 4.5423 3.62489 4.13993 3.37261 3.30124 2.80211 5.62763 4.82996 4.36901 4.07633 3.46785 2.42702 3.13298 3.06262 2.42037 2.28368 2.26592 2.11933 3.54765 3.21369 1.91534 1.29218 1.2696 1.0972 1.31806 0.898686 0.895393
threshold=0.7256591603840471 4.1402118715233778 6.780489744390251 1.7137962444792603 24.680225099050549 -108.75465574160349 -0.065365955195785461 322.36990468859602 -19.403935769654247 24.031670028018453 21.130238862014327 1.5120238614806574e-09 -0.24212889205698659 0.026296650163411355 38.452691782139752 1.0322889867700502 1.1667141481413232e-09 1.1269989229497102 15.914574232021801 0.11718121991858955 0.018680974364243989 -96.398855462941228 372.79548499358657 0.32290525199877973 23.035620631285905 0.77274652879613559 59.859321952160805 -118.70641856077899 0.33211316673044117 0.92711230713892612
decision_type=8 2 8 10 2 2 2 2 2 2 2 2 2 10 2 2 2 10 2 2 2 2 2 2 2 2 2 2 2 2
left_child=7 2 3 6 5 -4 -2 14 23 13 -11 12 -12 -10 15 16 24 -7 25 -14 21 28 -22 -9 -1 -19 29 -28 -20 -6
right_child=1 -3 4 -5 26 17 -8 8 9 10 11 -13 19 -15 -16 -17 -18 18 20 -21 22 -23 -24 -25 -26 -27 27 -29 -30 -31
leaf_value=-0.039034841805448132 -0.01182689303454109 0.029642079430758497 -0.03963533616805523 -0.035870013213334911 0.0043630887380469883 -0.032106572513641352 0.017760499924925829 -0.016486326949789017 0.0090085932013993196 0.014177436653158824 0.025729753227844106 -0.026159966464506568 -0.024045993939023222 0.038236683948793371 0.014054969089650485 -0.032183520886859635 0.012352169166670032 0.0076746293401814122 -0.021137324987131875 0.0033091216709795028 -0.029126222548518162 0.049109654986337688 0.032472445711780436 0.008225061966882918 -0.00023989455906881643 -0.030350694572220584 -0.026681769963476112 0.026274135308814513 0.01472870337998316 -0.03987807560469972
leaf_weight=4.8219753532903313 16.117949169129133 16.736847954802215 13.172371423570437 7.2729437863454223 0.98113420396111806 6.5630396076012394 21.168328100931831 20.327854749280966 20.729007522226311 48.809961824212223 12.028709866921416 18.743403986562043 11.525497490074487 20.524851097376086 8.129991941386832 14.357364348135889 13.080037458217701 2.6463664146140244 2.9450946657452759 18.618625679402612 5.3561306330375382 5.2725786257069567 2.2220783429220319 11.626730963587759 3.4195351116359234 6.3175846053054556 1.7370690895477323 1.0791809196816755 2.2090125388931483 44.691813961951993
leaf_count=285 318 2662 1364 212 382 576 418 371 207 622 214 318 209 205 301 614 512 288 268 338 499 365 207 212 202 689 321 200 201 17381
internal_value=0.000376074 -0.0140887 -0.0194993 -0.00231528 -0.0274353 -0.0169218 0.00499574 0.00280728 0.00576114 0.00860268 0.00260687 -0.00674345 0.00229213 0.0241111 -0.00938058 -0.0149583 -0.00243716 -0.00710977 -9.61984e-05 -0.00758627 0.0100721 0.0237969 -0.0093844 -0.0075183 -0.0247059 -0.0194812 -0.0370153 -0.00482179 -0.00586993 -0.0388546
internal_weight=383.233 156.49 139.753 44.5592 95.1935 46.7043 37.2863 226.744 182.935 150.98 109.726 60.9162 42.1728 41.2539 43.8089 35.6789 21.3215 33.5319 26.9688 30.1441 18.0049 10.4267 7.57821 31.9546 8.24151 8.96395 48.4892 2.81625 5.15411 45.6729
internal_count=28901 24887 24418 1299 23119 4835 736 4014 2394 1811 1399 1032 752 412 1620 1525 834 2943 2404 547 1427 721 706 583 487 977 18284 521 469 17763
is_linear=0
shrinkage=0.05


Tree=244
num_leaves=11
num_cat=0
split_feature=20 20 15 0 9 6 7 7 20 6
split_gain=1.66326 1.52547 0.674516 1.40461 0.608648 0.57538 0.495106 0.353259 0.286123 0.220162
threshold=13.162809062982001 5.7203375950920803 3.1763735522036267e-22 616.03052936325605 0.089989926801919765 0.41474296915076364 -0.37263384789765291 0.045546327619339529 11.135100155593252 0.41872485588807545
decision_type=8 8 2 2 2 2 2 2 10 2
left_child=1 -1 4 7 -3 -2 -6 -4 -8 -7
right_child=5 2 3 -5 6 9 8 -9 -10 -11
leaf_value=-0.021863595691892355 -0.029341164199595038 0.061722248540964135 -0.025326626683616578 0.038606443392132539 0.031205653843954885 0.022492189631535417 -0.018521156219022422 0.0075914292748569968 0.01175017584964109 -0.0088992818170138648
leaf_weight=1.1019578227278577 2.3304971135257806 1.1889728120295344 1.3528349547632412 1.0382115717802662 0.73838844815327642 0.29791219594335516 0.72421673766439054 0.68077504857501481 0.52693642959638964 0.26361674416693859
leaf_count=566 20247 264 404 219 207 1155 284 203 207 1022
internal_value=-0.000731744 0.0193079 0.0285809 0.00782407 0.0419678 -0.0204965 0.0134652 -0.015437 -0.0062158 0.0114936
internal_weight=10.2443 7.35229 6.25034 3.07182 3.17851 2.89203 1.98954 2.03361 1.25115 0.561529
internal_count=28901 3776 1355 648 707 25125 557 607 491 2177
is_linear=0
shrinkage=0.05


Tree=245
num_leaves=28
num_cat=0
split_feature=21 3 8 8 0 21 7 20 20 20 20 20 11 10 9 15 15 0 2 3 12 1 20 9 9 20 8
split_gain=3.76194 3.6812 3.1921 5.29174 4.16964 4.79433 4.86013 3.58223 3.46673 4.31564 2.85361 2.5799 2.40935 2.09871 2.00782 2.9401 7.78121 1.94679 1.80306 1.73422 1.44152 1.35168 0.858145 0.513134 0.418043 0.396768 0.558684
threshold=1.5852988216045352 3.8589152499707002 0.40175102638518206 0.38782177428558301 307.19245287240807 1.3256380276142401 -0.17773973960296027 4.528915043210656 0.74367021316366411 1.6737139421197751 1.3053784027135953 38.150414534017806 -76.814820727773892 3.5000000000000004 0.2506769706007948 1.7940158696243878e-09 3.9812354879923625e-09 542.1868085160271 4.9316258622614022 28.971133861232406 -108.7196839650598 716.11390766342663 194.99239088385153 0.34940452207839728 0.46881892923326968 1.8514795658007903 0.42369597044994906
decision_type=10 2 2 2 2 8 2 8 10 10 10 10 2 2 2 2 2 2 2 2 2 2 10 2 2 8 2
left_child=2 11 3 4 5 8 -7 10 -1 -10 13 -2 -8 21 15 17 -17 25 -16 -11 -5 -6 -3 -24 -20 -4 -27
right_child=1 22 14 20 7 6 12 -9 9 19 -12 -13 -14 -15 18 16 -18 -19 24 -21 -22 -23 23 -25 -26 26 -28
leaf_value=-0.02370612162785703 0.072593406653924261 -0.038047582514487067 -0.038345691278167872 0.091873269929639845 -0.006212481764716905 -0.017387384935619945 0.13529579139798262 -0.035238200107647465 0.05299408916733938 -0.031906285609191107 0.015265746212788556 -0.018985576982308117 0.011115310643192449 0.0073382258860632049 0.016725036465767461 0.073157484213517143 -0.034080290375013617 0.027319330959706879 -0.040559120101325022 0.02116083339154563 0.014413870128029341 -0.036906060840737283 -0.015157022937709198 0.02770080732808132 -0.0039192274998681217 0.021416918190832777 -0.02055174867788136
leaf_weight=3.7185001148609489 0.66852864337852391 9.8158520874567312 3.8649708835000709 1.3835186881187851 9.0293725778610696 0.70037731912453138 1.202613265282712 5.4310484515153794 5.7661039959639302 2.436128960631323 27.566069522930775 0.82433170898002572 0.7097051677410432 12.851205703103915 1.315288106066874 2.7921636036771824 2.2446727285569068 0.97146690759109333 7.0086848216305944 1.8733563019195569 1.3933114611281778 5.5640153792919591 0.56495839502895351 0.3153338092379272 1.1152988015528533 0.40114158127107646 0.85400678306177724
leaf_count=284 471 10077 716 220 344 317 498 971 523 484 554 581 294 350 234 252 202 200 1254 372 222 212 357 200 200 281 599
internal_value=-0.000550429 -0.0236798 0.00471387 0.00924454 0.00631824 0.027881 0.0795647 0.00010657 0.0133753 0.0279653 0.00416289 0.0346944 0.108851 -0.00713373 -0.0124414 0.00214861 0.0276379 -0.0198526 -0.0282005 -0.00919703 0.0671141 -0.0195313 -0.0340968 0.00676262 -0.0365099 -0.0318042 -0.00358954
internal_weight=112.382 12.189 100.193 79.6253 76.8485 16.4068 2.6127 60.4417 13.7941 10.0756 55.0107 1.49286 1.91232 27.4446 20.5677 11.1284 5.03684 6.09159 9.43927 4.30949 2.77683 14.5934 10.6961 0.880292 8.12398 5.12012 1.25515
internal_count=28901 12033 16868 13484 13042 2237 1184 10805 1053 914 1106 1052 792 748 3384 1708 454 1254 1676 856 442 556 10981 557 1454 949 880
is_linear=0
shrinkage=0.05


Tree=246
num_leaves=31
num_cat=0
split_feature=13 20 17 16 8 6 1 4 9 21 21 0 3 19 11 12 1 2 6 8 11 8 2 21 9 8 20 20 0 1
split_gain=6.86321 4.35143 3.34758 5.98308 3.63374 5.32933 7.27936 5.10993 4.25484 6.92014 2.85597 5.11811 2.46748 2.82429 4.21871 3.9918 4.03979 3.49571 4.30831 4.67294 4.75131 5.82154 4.20336 3.66014 4.75608 4.5927 3.62121 3.32415 4.13677 3.19131
threshold=1.0000000180025095e-35 103.473155514574 2.1316282072803012e-14 2.14926272484526 0.16566024945480476 -0.05358518902820885 121.62522148950102 0.77026222214131213 0.12673533251396132 1.8035841543719602 1.10533786102214 472.61438814059954 67.84861298359651 2.5000000000000004 -88.303696698521591 -90.990185496660786 62.747651318965701 5.6599185589240193 -0.28673078486831993 0.12662236195282087 -107.15130495302148 0.37519976245671838 5.2763836823257195 1.5949292151095853 0.1836818923469288 0.22435941825936825 18.942300263790951 78.98970743997161 499.24764071780254 100.65999394287252
decision_type=2 8 2 2 2 2 2 2 2 8 8 2 2 2 2 2 2 2 2 2 2 2 2 10 2 2 10 8 2 2
left_child=-1 12 4 -4 5 6 -3 -8 9 -7 11 -6 13 29 15 16 -15 18 -18 27 21 22 -21 24 -22 -26 -24 28 -20 -2
right_child=1 2 3 -5 10 8 7 -9 -10 -11 -12 -13 -14 14 -16 -17 17 -19 19 20 23 -23 26 -25 25 -27 -28 -29 -30 -31
leaf_value=-0.040082229581878265 0.01405077559213647 -0.060834896834766644 -0.03557536483527006 0.01801096628230411 0.025657372981614808 -0.073610996696790859 -0.049124436353935326 0.035607530007177118 0.026363249807260986 0.023339366869363713 0.026263712865337449 -0.035127518257187698 -0.023371572646614311 -0.0083389317455297273 0.03372533994022156 -0.044886790288422129 0.024172785808457879 0.031848039679452954 0.0353483829565071 -0.005081238985404044 0.03323482210011372 0.014792277426254306 -0.0095046247182852608 0.028122152522816218 0.018953837223347186 -0.051088887157386777 -0.057038594079095499 -0.024813839761087416 -0.013279226325727648 -0.0046440429820234384
leaf_weight=9.92027435521595 23.239195845089853 5.9238164492417118 9.7106935412157362 9.262964920839293 6.9204585624393067 2.2769027333706662 1.5718915697652853 4.9443585325498134 17.286067836917937 3.4109613618347785 44.788406681269407 5.1543404150288552 11.94102439493872 54.347167802974582 10.010236246278511 3.462315686047079 22.31076888483949 12.57699490431696 17.798931410769008 13.201610292540865 3.6936870682984688 10.230727876303716 6.4119056689087328 12.622621536487712 2.9113980315159997 5.8334496491588652 12.222614970989525 3.1791212435346088 5.1166130399797112 402.23268434009515
leaf_count=380 217 577 482 460 434 218 205 644 1706 326 5510 323 325 3541 673 227 1565 936 1299 567 328 433 338 1306 238 476 643 243 374 3756
internal_value=6.54063e-06 -0.000153927 0.00892054 -0.00982248 0.0128384 0.000217627 -0.0249916 0.0113516 0.0143411 -0.0206743 0.0205589 -0.000991873 -0.00175947 -0.00130728 0.00364798 0.0018568 0.00298364 0.0078143 0.00494714 0.000138198 -0.00684838 -0.0169662 -0.0273116 0.0101344 -0.0088539 -0.0282177 -0.0419998 0.0177005 0.0243895 -0.00359238
internal_weight=754.514 744.594 111.251 18.9737 92.2772 35.414 12.4401 6.51625 22.9739 5.68786 56.8632 12.0748 633.343 621.402 195.93 185.92 182.458 128.11 115.533 93.2227 67.128 42.0669 31.8361 25.0612 12.4385 8.74485 18.6345 26.0947 22.9155 425.472
internal_count=28901 28668 11418 942 10476 3480 1212 849 2268 544 6996 757 17250 17139 13166 12197 11887 9530 8105 6367 4371 1779 1368 2592 1103 714 981 1996 1673 3973
is_linear=0
shrinkage=0.05


Tree=247
num_leaves=31
num_cat=0
split_feature=12 7 0 3 1 15 11 4 20 13 12 13 21 15 9 7 6 21 7 16 6 9 2 0 0 20 21 19 15 5
split_gain=1.78444 3.48352 3.85527 4.01279 5.75776 3.8065 2.66913 8.49444 2.41958 2.91541 3.21629 2.16018 3.72636 2.86213 2.5292 4.77583 4.27681 2.893 2.80503 4.96321 5.6932 4.33263 3.56069 6.17765 5.01753 5.12375 3.57094 3.22037 3.10237 4.7206
threshold=-97.41871135014614 -0.051806482868851582 331.84206427139503 20.964722618464553 345.14419575367504 1.5364944555653749e-09 -99.118836506842243 24.360326638644803 1.0183291502908953 42.588095011036422 -122.57097345066471 14.179390112191372 1.2944646201039451 4.8631489664516836e-08 0.10591266724547578 -0.015926538370726752 0.14154040965568074 2.4442456856463504 0.25682154516805744 1.0000000180025095e-35 0.17499627223402306 0.39027416001478327 5.2763836823257195 361.29694515007407 449.72996204916103 33.401439675309355 1.6800834977357801 3.5000000000000004 2.488368258280638e-09 -23.837695975412831
decision_type=2 2 2 2 2 2 2 2 10 2 2 2 10 2 2 2 2 10 2 2 2 2 2 2 2 10 8 2 2 2
left_child=6 -2 3 4 -3 -6 8 -8 9 -1 -11 12 -10 14 15 -13 17 -17 22 -20 -21 -22 23 -16 25 -24 27 -27 -26 -30
right_child=1 2 -4 -5 5 -7 7 -9 11 10 -12 13 -14 -15 18 16 -18 -19 19 20 21 -23 24 -25 28 26 -28 -29 29 -31
leaf_value=-0.032876416386851334 -0.025185802480683962 -0.017229100328435009 -0.03304771709606822 -0.01018564123255845 0.093129361389925669 0.011017235023061147 -0.019705721777249663 0.088231203545041215 0.020002372955580695 0.026158791233434578 -0.016687102455723715 -0.034009633488620315 -0.029296666986491013 0.060338432384049456 0.01558580781377953 0.042741616812096338 -0.025929882495557388 -0.015248536095083302 -0.022931752046572045 -0.0057341268822489674 0.0011260561933094171 0.091724243662023475 0.016530876539287517 -0.038284572366003564 -0.0024118900751663747 -0.025825824513091195 0.10012210426880266 0.05817735765879152 0.065381443535468514 0.010762701279134139
leaf_weight=7.547967484744734 12.915204468299637 2.6543176839477409 3.6276931941974908 6.4232733136741444 3.3092550574801871 2.546681466687005 2.9718108459492223 2.7474546658340842 5.4481432649772623 7.1379156964831099 8.5107319169328512 8.4355748033267464 8.7017955356277508 1.7725457021733744 19.00600696797483 7.4812639064621189 4.3863247119006701 2.3055384711478837 13.188188602740414 8.9056199710466881 2.1438909689313741 2.5403740068431944 7.9078625444089985 6.2516527515253983 16.696356285887305 1.3754801075556347 4.4062006772146551 1.3761944877915082 4.6929627606296025 14.736416980333159
leaf_count=1637 2828 447 745 1127 409 314 654 605 253 1932 2303 1182 404 209 1408 884 569 272 1809 940 208 247 727 463 2246 218 580 219 443 1392
internal_value=-0.00030939 -0.00620693 0.00761132 0.0189425 0.0396869 0.0642352 0.00660389 0.0375599 0.00531073 -0.00937549 0.00325381 0.00776275 -0.0102477 0.009824 0.00864234 -0.00628874 0.0113643 0.0289333 0.0119415 -0.00193972 0.0186073 0.0577521 0.016766 0.00130184 0.0242248 0.0476434 0.0757761 0.0204954 0.0134381 0.0265099
internal_weight=202.151 31.4764 18.5612 14.9335 8.51025 5.85594 170.674 5.71927 164.955 23.1966 15.6486 141.758 14.1499 127.608 125.836 22.6087 14.1731 9.7868 103.227 26.7781 13.5899 4.68426 76.4491 25.2577 51.1915 15.0657 7.15788 2.75167 36.1257 19.4294
internal_count=28901 6893 3813 2621 1433 723 22008 1259 20749 5031 4235 15718 657 15061 14956 3167 1838 1156 11789 3674 1435 455 8115 1871 6244 1385 943 437 4859 1835
is_linear=0
shrinkage=0.05


Tree=248
num_leaves=31
num_cat=0
split_feature=6 8 21 21 3 6 21 17 17 11 12 15 9 21 7 20 9 20 21 9 8 1 6 3 20 2 1 9 13 20
split_gain=1.82816 3.77732 4.04094 4.32919 3.66089 3.54459 3.14279 2.37402 4.76896 3.29037 3.54968 3.36928 3.68825 3.48015 3.74499 3.81055 3.88681 2.73497 2.66644 2.55924 2.37318 2.87774 2.88905 2.86811 3.30211 3.08795 2.72196 3.09102 5.32332 2.76059
threshold=0.34303579166425485 0.36507325167239474 3.4708170272223406 1.9130226931111152 10.971948446437301 0.45974561128321328 0.22263645563770154 2.7906489684097502 2.4585778579476134 -108.20828876515598 -108.47419349478868 1.4627684554571115e-09 0.49080079384941838 1.9130226931111152 -0.039023398063903862 3.6129695438774054 0.38428676768709386 11.135100155593252 1.5011855766384952 0.30215920450233474 0.0055781290147356452 255.91777953637151 0.089356751778490576 25.974751366910503 136.00205144781202 5.4194470975689084 363.83871984279557 0.20564423490831854 26.405319100547846 151.24247249986854
decision_type=2 2 8 8 2 2 8 2 2 2 2 2 2 8 2 10 2 8 10 2 2 2 2 2 8 2 2 2 2 8
left_child=6 -2 3 4 -3 -6 -1 8 9 10 20 12 13 14 18 -16 -17 19 -11 -13 -8 22 23 -22 25 -25 -23 -28 -29 -30
right_child=1 2 -4 -5 5 -7 7 -9 -10 11 -12 17 -14 -15 15 16 -18 -19 -20 -21 21 26 -24 24 -26 -27 27 28 29 -31
leaf_value=-0.018049810958748153 0.049635204424184426 0.043853111072321455 -0.034532960536413353 0.046859883009915511 -0.028833582069681098 0.020472163691095755 0.054845521057298618 -0.026228687380177723 0.07651142289530001 -0.025873180550123883 0.065822011563488755 -0.021816457526767245 0.069003600794456818 -0.021688329124252136 -0.027512410675824873 0.052910819025805848 -0.014783181643256996 -0.035071668924618653 0.026811516871909691 0.035577773619185175 -0.017409875273380528 -0.035445140704952909 -0.0059221107644962879 0.023338174162342757 -0.010355710730039169 0.069665790364950644 -0.020268871152655646 0.052934928961019229 -0.027824656766697639 0.035749589945788106
leaf_weight=14.835537186474539 5.7163077060831702 2.9314385631587472 3.876884431578218 6.5545550492824978 8.5749212442897242 4.9976515860762447 1.89707610226469 4.6004634194541723 1.4355938895023428 7.1252946142340123 2.1101530634914525 3.1667764255544215 1.1390805002884006 10.274330398591699 1.8353867346595514 8.9733208847464976 2.2184672767180018 10.971313114045186 2.4900096021592617 2.6695771926315501 2.6693419843504698 4.7162191942043163 9.1846394638123439 11.995974054996628 3.3604629539186126 5.5071867684309836 7.2038766930927567 5.0927919882524284 5.0358805716678052 1.4314910395187315
leaf_count=2728 812 317 562 762 903 527 221 900 282 1429 249 244 362 3303 308 1603 396 2629 500 205 280 635 986 850 300 390 892 611 703 200
internal_value=-9.58311e-05 0.0159893 0.00732774 0.0155087 0.00109183 -0.0105194 0.00289945 0.00568379 0.00720832 0.00563784 0.0134546 -0.00369558 0.00537819 0.00120686 0.0120738 0.0286664 0.0393804 -0.0213505 -0.0109893 0.00580003 0.0104708 0.0080402 0.0174175 0.0263968 0.0325415 0.040892 -0.00520401 0.00380573 0.0192275 -0.0108501
internal_weight=164.592 32.6518 26.9355 23.0586 16.504 13.5726 131.94 117.105 112.504 111.069 60.2051 50.8636 34.0559 32.9168 22.6425 13.0272 11.1918 16.8077 9.6153 5.83635 58.0949 56.1979 32.7176 23.533 20.8636 17.5032 23.4803 18.764 11.5602 6.46737
internal_count=28901 4636 3907 2682 1783 1430 24265 22917 22081 21944 7096 14848 10820 10581 4114 2185 1999 4028 1929 449 6781 6673 3511 2466 1865 1240 3162 2323 1388 903
is_linear=0
shrinkage=0.05


Tree=249
num_leaves=31
num_cat=0
split_feature=21 16 0 5 20 3 13 5 1 16 15 11 21 12 12 2 1 7 1 21 2 21 1 13 0 21 3 2 7 8
split_gain=10.023 15.5312 5.21271 6.16849 5.71276 4.35376 4.16837 5.40375 4.21789 4.04058 3.89276 7.05705 4.33977 6.02415 3.79367 3.65676 4.55068 3.41666 3.23002 3.0225 3.00364 2.88554 2.69267 2.63814 2.29586 5.07192 2.06096 1.88957 1.76479 1.61535
threshold=1.7137962444792603 18.469625428050616 514.80045010272511 -4.6971396769359481 57.157090827269457 15.744685529427501 38.571081445025136 34.040744419176306 569.65759523350312 10.547245835222268 1.5364944555653749e-09 -87.490400287026276 0.043232463202910056 -102.16733390874498 -92.494870729156176 4.343200633426477 127.80838079698201 0.19978218816825336 1015.793849819555 0.60248456170242959 5.2544215514521078 0.82612068769416214 1037.5400207049954 1.0000000180025095e-35 446.744318430291 0.3093991004139936 51.486452225312512 4.088051183244545 -0.29851864529992794 0.20977749328728026
decision_type=8 2 2 2 10 2 2 2 2 2 2 2 10 2 2 2 2 2 2 10 2 10 2 2 2 10 2 2 2 2
left_child=2 15 4 5 6 -4 10 8 -8 24 -1 12 -12 17 22 16 -2 19 28 -14 -21 -15 -10 -17 -6 -26 -5 -18 -7 -22
right_child=1 -3 3 26 9 18 7 -9 14 -11 11 -13 13 21 -16 23 27 -19 -20 20 29 -23 -24 -25 25 -27 -28 -29 -30 -31
leaf_value=0.030314625785855018 0.048039977219771282 0.033169435923063741 0.037864929754803059 -0.03811525337674402 -0.037394924163209588 0.0095540036007061048 -0.027544889802215151 0.021278177578100174 -0.00017671645558594806 0.027770076436817077 0.0011732819776043583 -0.023263595794488761 0.036949551128687502 0.049322582782289834 0.016608664968869209 0.026596711221976956 -0.040440186292152618 -0.02295536877615555 0.032890527802253183 0.022856332978030296 0.0049136458518829309 0.017520413048272288 -0.033722221297869018 -0.037079409588070933 0.061281569016457871 -0.031722486546507674 0.0060699723701958678 0.010393963280160482 -0.030192826682517923 -0.034310414267448686
leaf_weight=18.695633268915117 2.3449766088742754 10.480887703597544 5.6326571367681071 20.643207187182274 15.546416907804092 3.2233082420425534 23.072110248846002 15.298651611199601 14.90206943219528 2.8823660139460117 62.598714883322828 16.585138245369308 7.8643696790095445 16.138222580426376 16.718200758448802 1.0036001483676944 3.9020887591177607 7.7036671459209174 2.6178825574461371 7.4243265090044632 4.2894290722906581 15.113388790166937 9.0058769285678846 51.300136061036028 1.3195284573594115 2.9895392368780449 2.7178656944306567 2.3756456340197474 9.8321405415190331 4.971216983278282
leaf_count=226 213 2500 422 2216 2516 285 788 487 343 418 817 207 212 243 300 308 332 219 204 244 200 227 207 15746 265 602 292 202 869 231
internal_value=0.00037637 -0.0208213 -0.000145373 -0.0157429 0.00255205 0.00374051 0.00484461 -0.00452784 -0.0109589 -0.0208676 0.00943201 0.00650396 0.0105712 0.0196733 -0.00110399 -0.0304947 -0.000255899 0.00425234 -0.0100585 0.0133545 0.000772671 0.034963 -0.0136595 -0.0353816 -0.0289212 0.00293578 -0.0329365 -0.0224184 -0.020398 -0.017434
internal_weight=379.193 71.4073 307.786 44.6671 263.119 21.306 240.381 78.9969 63.6983 22.7379 161.384 142.688 126.103 63.5046 40.6261 60.9264 8.62271 32.253 15.6733 24.5493 16.685 31.2516 23.9079 52.3037 19.8555 4.30907 23.3611 6.27773 13.0554 9.26065
internal_count=28901 17031 11870 4106 7764 1598 4465 2515 2175 3299 1950 1779 1645 1386 728 16837 783 916 1222 661 549 470 550 16054 3214 867 2508 534 1154 431
is_linear=0
shrinkage=0.05


Tree=250
num_leaves=8
num_cat=0
split_feature=20 20 0 3 17 6 1
split_gain=1.57098 1.2864 0.882419 1.13306 1.22546 0.464829 0.0778067
threshold=16.121959567414155 5.7203375950920803 527.1413022096566 19.306530252211353 1.0000000180025095e-35 -0.12705398723995517 612.94932341375363
decision_type=8 10 2 2 2 2 2
left_child=1 -1 3 -3 5 -5 -4
right_child=-2 2 6 4 -6 -7 -8
leaf_value=-0.021622541792664554 -0.026627203558869935 -0.023927655281378024 0.014462152809278955 0.047037440492585077 -0.018960896333448482 0.0020710235068810523 0.049217494292978836
leaf_weight=1.0767748172784219 1.7697962823804108 1.1786602231914018 1.4067023906827685 1.4347860063389857 0.74356769392034039 0.87778987243654982 1.6769166336307533
leaf_count=554 5032 403 205 349 208 214 245
internal_value=-0.000721173 0.0164847 0.0240169 0.00634698 0.0210435 0.0357471 0.0407867
internal_weight=10.165 8.3952 7.31842 4.2348 3.05614 2.31258 3.08362
internal_count=28901 4319 1898 1448 856 563 450
is_linear=0
shrinkage=0.05


Tree=251
num_leaves=26
num_cat=0
split_feature=20 11 13 4 1 5 1 20 1 7 20 6 20 7 6 9 8 4 13 5 5 4 9 0 11
split_gain=3.48526 3.93356 2.94298 3.78801 2.3649 2.15794 2.96634 4.05976 2.64794 3.18393 2.3225 2.76656 2.81771 2.14387 2.13927 1.82121 1.76627 1.59415 2.60372 1.4814 1.26749 2.1479 1.11849 1.39264 0.12112
threshold=20.897065842984304 -81.76873362405199 13.90926050429078 58.276171804239404 142.28704808227954 20.687319053081403 174.31786986738854 1.8514795658007903 1195.5853786747452 0.44888485318285914 0.87237327942997267 0.34634523695017999 2.0894628097485701 0.023430928936791332 0.35699111209060425 0.2506769706007948 0.16754267888726473 10.989249272463901 38.145639886235912 7.8373247248589992 -19.010750727536095 21.129120003084655 0.033463563440181428 511.53803902430303 -110.10203614166899
decision_type=10 2 2 2 2 2 2 8 2 2 10 2 8 2 2 2 2 2 2 2 2 2 2 2 2
left_child=2 -2 -1 5 -3 6 7 -4 9 10 17 12 -12 24 22 -15 20 18 -8 -14 -9 -22 -5 -24 -7
right_child=1 4 3 14 -6 13 8 16 -10 -11 11 -13 19 15 -16 -17 -18 -19 -20 -21 21 -23 23 -25 -26
leaf_value=0.039381419590112703 -0.03773341158876415 0.042722778606254647 0.051227580669388664 0.0082169887312658774 -0.024124072665685729 0.055724610889153751 0.019387250892735783 -0.017985621069929039 0.030901750463504202 0.044361721870498715 0.0023048451592214462 0.027472992218615839 -0.041293640040401834 -0.029467626632743826 0.017091605479310115 0.028658468559064034 -0.031314647587400317 -0.038006351298487645 -0.033445561521124621 0.012179398406217994 0.074686039572993121 -0.016081572395840821 -0.040557416387043833 -0.0018748739657468993 0.021785960952992168
leaf_weight=4.7932305554713812 9.4749751888884912 2.3687500829400978 5.980085766655975 1.6517891382245622 1.3546373703866263 2.9906595770735311 4.1239906788541703 0.70108401836478251 5.0450115748681128 2.2212203612580197 22.721624430472733 6.4176375034439843 5.81765911297407 1.8396132093330393 2.7812271568982396 1.5692711377341764 2.4844222983665532 7.3320244307687972 3.3103131244279211 1.1205872976861426 0.60578183196776159 0.60630341173964553 8.9002075497119204 3.1726566720171832 2.4818033868359617
leaf_count=549 12632 647 1790 204 370 243 582 340 451 211 1193 330 1074 239 331 204 1654 1442 468 207 290 291 1151 410 201
internal_value=-0.000542777 -0.0217023 0.00477918 0.00261593 0.0184442 0.00728756 0.00407169 0.0274188 -0.000491107 -0.00399206 -0.00691943 7.44625e-05 -0.00655658 0.0291648 -0.0184471 -0.00227842 -0.00845023 -0.022928 -0.0053141 -0.032211 0.0217984 0.042538 -0.0263205 -0.031313 0.0460771
internal_weight=111.867 13.1984 98.6682 93.875 3.72339 77.3691 68.4877 10.3777 58.1101 53.0651 50.8438 36.0775 29.6599 8.88135 16.5059 3.40888 4.39759 14.7663 7.4343 6.93825 1.91317 1.21209 13.7247 12.0729 5.47246
internal_count=28901 17596 11305 11150 1017 9186 8299 3106 5193 5038 4759 1855 1557 887 1964 443 2927 2904 1050 1281 928 581 1692 1561 444
is_linear=0
shrinkage=0.05


Tree=252
num_leaves=31
num_cat=0
split_feature=13 11 20 4 0 11 7 12 0 20 2 3 0 21 11 6 5 6 6 1 21 3 21 21 21 20 21 3 21 16
split_gain=6.36998 4.05602 3.74191 3.92021 4.61682 4.66053 3.414 3.32547 3.12338 5.6809 5.251 4.66619 2.74768 2.70056 3.35303 4.67761 4.44544 3.10687 3.99017 4.02257 3.92133 4.07683 3.89914 3.4163 3.30961 4.80748 3.09109 5.69564 2.64664 2.46577
threshold=1.0000000180025095e-35 -65.331467961746839 26.512983595722051 80.709324003732959 119.24729813073951 -97.438642749703675 -0.10206285222616325 -98.227130331846425 520.06907822004121 0.87237327942997267 5.529370536312217 41.484097735395203 353.29714065931859 0.14501666308455705 -103.91883072587298 0.15985341599863648 16.653354192698004 -0.26654960626390473 -0.05762745041660499 8.2238632934143272 0.51004512266520752 62.421723189207903 0.68281150197597362 0.3093991004139936 0.81245566011013159 70.683534118871961 2.9736706688119803 29.465493922060602 0.47620907959037806 5.1953431780721653
decision_type=2 2 8 2 2 2 2 2 2 10 2 2 2 8 2 2 2 2 2 2 8 2 10 10 8 8 8 2 10 2
left_child=-1 2 8 4 -4 7 -5 13 10 -10 29 28 -8 -6 17 -16 -17 20 19 -19 -15 -22 -21 -20 25 -25 27 -24 -11 -2
right_child=1 -3 3 6 5 -7 12 -9 9 11 -12 -13 -14 14 15 16 -18 18 23 22 21 -23 26 24 -26 -27 -28 -29 -30 -31
leaf_value=-0.0397210116257187 -0.0048971809609968334 0.037266596318929923 -0.032077123679430018 0.007095743563308464 -0.017456785145152486 0.021892709861579068 -0.0046923838938770727 -0.034494643017346061 0.029578509273967747 -0.0074148474183128024 -0.031512286920184811 -0.020032706793234937 -0.045648957876307322 -0.033536878047802435 0.03568051103165553 0.016154277023750389 -0.045286278204319269 -0.053620354908484762 0.029138550181572805 0.022581781604257015 0.030913103343835541 -0.015602724340390237 0.011794238712663527 0.0051675863022820857 0.0060150791039204213 -0.054089862927854754 0.010335408594553765 -0.046854507188188024 0.017644002354934574 0.014420803676296473
leaf_weight=9.3292003842070681 336.18894338118844 6.1605639848858136 6.794035173719748 11.311941823223608 11.717839426128194 42.73442472005263 7.6089968713931784 4.5085252856370071 17.812389333732426 16.54408944118768 17.222630451899022 21.640107141807675 8.5584431854076666 2.59094009897672 19.271464590681724 8.1511074767913652 3.3486530464142561 4.4854671342764041 12.043704645475371 7.5249797755386707 24.182778303511444 5.1411814184393734 5.7136156561318865 7.4616684224456549 66.245893825311214 5.087738891132175 6.9838510018307707 11.359289997722952 26.007688035489991 16.415684918407351
leaf_count=359 4164 238 572 294 929 3650 207 359 346 499 216 467 233 216 2723 1057 434 301 829 558 2098 446 411 372 3928 253 456 817 784 203
internal_value=1.05712e-05 -0.000182934 -0.000547202 0.00395479 0.00589763 0.00706002 -0.0136719 0.00388933 -0.00336776 0.00541342 -0.00532421 -0.00164293 -0.0277694 0.00491523 0.00638228 0.0212202 -0.00392846 0.00339268 -0.000156428 -0.014002 0.0170813 0.0225122 -0.00690205 0.00543348 0.00149045 -0.0210754 -0.0166578 -0.0276605 0.0079546 -0.00395958
internal_weight=750.148 740.819 734.658 282.827 255.347 248.553 27.4794 205.819 451.832 82.0043 369.827 64.1919 16.1674 201.31 189.592 30.7712 11.4998 158.821 126.906 36.0672 31.9149 29.324 31.5817 90.839 78.7953 12.5494 24.0568 17.0729 42.5518 352.605
internal_count=28901 28668 28445 22210 21496 21231 714 16366 6235 1595 4640 1386 440 15955 15679 4348 1491 11331 8672 2423 2659 2544 2342 6249 4672 625 1571 1228 1283 4367
is_linear=0
shrinkage=0.05


Tree=253
num_leaves=31
num_cat=0
split_feature=7 4 4 4 0 1 6 8 8 1 5 4 0 15 2 9 20 9 1 15 21 20 20 21 10 16 6 8 17 21
split_gain=1.75356 2.54067 1.75218 5.73628 4.65488 4.18282 3.33513 4.88799 4.10499 3.33345 3.278 3.75391 4.26057 3.89355 3.67802 3.05312 2.88029 2.66986 2.70566 3.6065 2.6685 2.46122 2.4186 3.34983 2.98839 5.21951 2.93879 2.92319 3.37197 2.88539
threshold=-0.43018585742217436 -13.862987162760797 28.390753919046805 32.538456127386404 451.50853582921053 62.747651318965701 -0.049735402444112335 0.10503776837398646 0.38438003415759842 28.976806509750002 -23.837695975412831 4.9464552512360713 564.84690528484111 1.5364944555653749e-09 5.0007642089466815 0.16835927518819818 32.928664378734105 0.40448083820566544 207.38288712476751 4.5733539697173836e-09 1.4475722338512453 58.964272814939555 68.742823115392625 0.41557197021610309 4.5000000000000009 1.0000000180025095e-35 -0.1941485067273184 0.13491942372830715 2.1316282072803012e-14 5.0222214554072506
decision_type=2 2 2 2 2 2 2 2 2 2 2 2 2 2 2 2 10 2 2 2 10 8 10 8 2 2 2 2 2 10
left_child=1 -1 10 4 -4 6 7 -5 16 -9 11 12 13 14 20 -16 -8 18 -12 -20 -2 -19 23 -7 25 -24 -27 -28 -29 -25
right_child=2 -3 3 5 -6 22 8 9 -10 -11 17 -13 -14 -15 15 -17 -18 21 19 -21 -22 -23 24 29 -26 26 27 28 -30 -31
leaf_value=0.032668003089174079 0.057218361002759913 -0.024380374681069402 0.083126031725411872 0.089969067485297427 0.003387976923048144 0.014207278300428181 0.015060376350553789 -0.0094755878808856116 0.051303097005752155 0.048899982400107234 -0.038845526976618971 0.06017847272696232 0.044536742958184071 -0.020506725680271468 -0.02975854829159344 0.010326928259322965 -0.035789146778582977 0.036446646757612437 -0.020757367551121862 0.025270959674429008 0.0004944758649774488 -0.025696668141073516 -0.00075674091225676004 -0.014363482197778691 -0.028870635489432729 -0.0043907516463241106 0.017884319613084097 0.020837797869606586 0.14645891582849099 0.031584856685167681
leaf_weight=1.4985796348773881 4.7169922799803352 9.2775540219736268 3.6277495449758135 2.9093255866319003 3.1740168777760118 17.844143764581531 4.7309692443232043 4.6166239782469338 2.5680162491626106 3.6319203670718707 9.369561514991803 2.2326501057250425 4.8395462935441174 15.318344325176438 5.7465680054738231 15.069940140761899 4.5810740450397134 3.878023551253138 12.197949505585713 5.3183598348987289 3.2807422882178798 1.5232944773160841 8.0005921977572125 41.829090294893831 2.0816720749717206 1.3255228658672429 2.0195391922025019 1.2452052713488242 1.0667546693002803 2.7776680273236707
leaf_count=270 566 1671 845 257 739 2005 484 485 262 382 2123 251 537 1758 760 1992 468 671 2432 1060 394 264 1776 5960 448 251 360 247 211 396
internal_value=-0.000318317 -0.0143466 0.00557364 0.0097478 0.0511202 0.00649502 0.0247366 0.0431818 0.00540517 0.0187359 0.000121264 0.00793784 0.0043996 -0.000891088 0.0098751 -0.00159581 -0.0109999 -0.0121412 -0.0185433 -0.00617205 0.0365907 0.0176444 0.000875824 -0.00359544 0.017772 0.0263658 0.0590762 0.0756789 0.105521 -0.0108725
internal_weight=202.298 10.7761 191.522 108.03 6.80177 101.228 23.0379 11.1579 11.8801 8.24854 83.492 51.2048 48.9721 44.1326 28.8142 20.8165 9.31204 32.2872 26.8859 17.5163 7.99773 5.40132 78.1902 62.4509 15.7393 13.6576 5.65702 4.3315 2.31196 44.6068
internal_count=28901 1941 26960 14185 1584 12601 2198 987 1211 867 12775 5748 5433 5065 3712 2752 952 7027 6092 3492 960 935 10403 7017 3386 3032 1073 773 458 6356
is_linear=0
shrinkage=0.05


Tree=254
num_leaves=31
num_cat=0
split_feature=13 21 9 9 11 3 7 2 5 8 8 0 12 21 9 11 6 7 3 3 3 3 9 4 1 20 9 6 15 21
split_gain=1.80817 5.52416 3.8095 3.57024 6.89275 5.49175 5.7991 5.90912 4.70077 4.70746 4.42118 4.39859 6.3149 3.54852 4.61708 3.44115 3.35622 3.27731 3.16883 2.97737 5.83039 4.32039 4.78672 4.66699 4.61777 3.04233 3.00199 2.72705 3.03588 2.69713
threshold=59.970896225415707 0.7256591603840471 0.49080079384941838 0.19085036405912617 -99.118836506842243 45.969746195575759 -0.039023398063903862 5.6534030550575922 -33.961325592647533 0.19174064012114669 0.12872442776000528 465.78101805789953 -114.53251311469153 1.5133949959522803 0.13689603089411853 -107.56761782973999 -0.25005796786759699 -0.30208032145739344 38.136668296552905 27.181352807695554 2.8736986130300006 28.024319203877102 0.1836818923469288 22.144181843497851 468.95931410123507 15.576401126173002 0.30034081306057742 -0.0036841965391918303 8.929189139231192e-09 1.6059352760045151
decision_type=2 8 2 2 2 2 2 2 2 2 2 2 2 8 2 2 2 2 2 2 2 2 2 2 2 8 2 2 2 10
left_child=1 16 3 5 8 6 -2 10 9 -5 -8 -10 -13 -12 -15 -14 -1 -3 -11 20 -19 -21 27 29 -25 26 -22 -23 -29 -24
right_child=2 17 -4 4 -6 -7 7 -9 11 18 13 12 15 14 -16 -17 -18 19 -20 21 25 22 23 24 -26 -27 -28 28 -30 -31
leaf_value=0.010631647755911001 0.0001585757215225599 -0.017458462033948404 0.06512770768147623 -0.0089374138039906119 -0.034599230049280075 -0.018015660989533822 0.0041529358741127951 -0.026461551917488092 -0.021509272226756471 0.1029223873651639 0.095401169401864147 0.064079901690394708 -0.028537338890704936 -0.015544067240758998 0.076783546371296696 0.024084614617664597 -0.033918285881208966 0.055949902917201456 0.024979603712033251 0.076867182205639387 -0.014398426351815008 -0.026909614140833857 0.085019195532305303 -0.01570802967851375 0.045444466567718528 -0.030700148084011281 0.048751593060284724 -0.015548973378905317 0.042278993066963373 0.024991776581068534
leaf_weight=5.2639339530142069 9.1042186715349143 10.256442549871279 2.1308448725030757 3.1316105631703968 10.234791317168854 6.281927957519656 2.9058215906552531 1.6680742960306814 12.541226447938246 2.0035879630886493 6.6551585161359981 3.9544075260637319 5.6045466827927157 2.4728903561772322 1.4152000537433194 4.885865998250666 14.522365848824846 2.4308075332082835 3.9159607495530508 2.1541276766220099 3.8997231373214207 7.2668287486012568 3.5302052004262849 7.4306020136573343 3.9036545415001456 10.431886899663366 2.1355405483627692 3.8151096155925179 3.4788639587932266 5.3139238799340092
leaf_count=530 2168 1544 458 337 2232 1341 611 385 2827 203 1357 998 1820 974 557 1586 1463 590 397 203 367 752 308 697 366 2491 201 390 355 464
internal_value=-9.8925e-05 0.000400082 0.0108566 0.00853229 -0.000300542 0.0215155 0.0320759 0.0500954 0.0101117 0.0392999 0.0607649 -0.000732556 0.0175308 0.0746563 0.0268949 -0.00406577 -0.022125 0.00737739 0.0624225 0.0121701 -0.00385431 0.0202635 0.014701 0.0299063 0.00733046 -0.0153801 0.0117002 -0.00693829 0.0138042 0.0551548
internal_weight=164.74 85.834 78.9061 76.7753 46.272 30.5033 24.2214 15.1171 36.0372 9.05116 13.4491 26.986 14.4448 10.5432 3.88809 10.4904 19.7863 66.0477 5.91955 55.7913 18.898 36.8933 34.7392 20.1784 11.3343 16.4672 6.03526 14.5608 7.29397 8.84413
internal_count=28901 11939 16962 16600 10090 6510 5767 3488 7056 973 2828 6083 3647 2149 1531 3406 1993 9946 600 8064 4586 3478 3342 1835 1063 3932 568 1507 745 772
is_linear=0
shrinkage=0.05


Tree=255
num_leaves=31
num_cat=0
split_feature=21 16 2 4 20 3 13 5 6 16 20 21 0 1 11 12 0 16 6 1 5 6 13 1 0 21 3 0 7 20
split_gain=9.44754 14.3237 4.81584 5.88997 5.30406 3.98457 3.8419 4.96104 4.12406 3.7797 3.7239 4.51644 3.60589 4.20479 3.26744 4.72574 6.45223 4.82807 3.37471 2.99924 2.87217 2.60558 2.4767 2.29141 2.24425 4.72013 2.01387 1.82842 1.69658 1.72027
threshold=1.7137962444792603 18.469625428050616 5.5506321694412009 25.302860323064056 57.157090827269457 15.744685529427501 38.571081445025136 34.040744419176306 -0.24212889205698659 10.547245835222268 2.0498275264163703e-13 0.015782558774287001 153.90690682976802 127.80838079698201 -87.054311641607484 -103.28949717993699 381.04237954823003 1.0000000180025095e-35 -0.0036841965391918303 1015.793849819555 -14.589498024840447 0.14154040965568074 1.0000000180025095e-35 569.65759523350312 446.744318430291 0.3093991004139936 51.486452225312512 119.24729813073951 -0.29851864529992794 0.58555727809401004
decision_type=8 2 2 2 10 2 2 2 2 2 10 10 2 2 2 2 2 2 2 2 2 2 2 2 2 10 2 2 2 10
left_child=2 12 4 5 6 -4 10 8 20 24 -1 -12 13 -2 15 16 -13 -17 -18 28 -8 -10 -14 -23 -6 -26 -5 -15 -7 -30
right_child=1 -3 3 26 9 19 7 -9 21 -11 11 14 22 27 -16 17 18 -19 -20 -21 -22 23 -24 -25 25 -27 -28 -29 29 -31
leaf_value=0.029805455724401603 0.045551776663676935 0.032397775128821943 0.035955324592189135 -0.037818006363397341 -0.037150720855009915 0.0092569767598785525 -0.015624841091289138 0.019995379961255305 -0.031350740793729667 0.02704942763243065 -0.011695543773446093 0.025835496516841652 0.025736559271450979 -0.039983503831068815 -0.011613119487604627 0.035682315001067048 0.0038715619692558526 0.0064272237492006114 -0.029721192057248914 0.03108588080709089 0.023048754186020929 -0.026116412074306119 -0.036814386254768565 0.0048031632551837726 0.057607632202623875 -0.031489343672733955 0.0059092781674074642 0.010224505481624183 0.0078324694218276075 -0.039768992849241451
leaf_weight=17.951957043725997 2.4184620743617407 9.9936554189771396 5.7087478964822411 19.933941977447834 14.938915225910028 3.2439401029842019 6.8309531317790997 15.560321141732855 20.851664755609818 2.7938627025578171 27.737506936187856 15.925083754817022 0.96610715717542817 3.776736381696538 13.94360907236114 31.720160029479302 14.659619288519025 25.712613482726738 13.837686465587469 2.6906010126695037 11.738094431348145 8.65799754741602 49.03539970505517 15.137459408724679 1.4017383921891458 2.906987049151212 2.7273874938255176 2.380488449591212 2.0649688091361851 7.5340591811109334
leaf_count=217 221 2482 429 2206 2495 291 222 497 734 418 362 342 310 328 212 374 377 304 356 212 381 271 15744 475 282 585 302 206 200 728
internal_value=0.000379379 -0.0206403 -0.000228085 -0.015362 0.00235369 0.00358965 0.00453416 -0.00448024 -0.0107223 -0.0205798 0.00893203 0.00613325 -0.0300808 -7.41267e-05 0.0104674 0.0135737 0.00125272 0.022919 -0.012895 -0.00976033 0.00875054 -0.0188355 -0.0351249 -0.00704651 -0.0284879 0.0028877 -0.0325279 -0.0218558 -0.019945 -0.029756
internal_weight=374.781 68.5708 306.21 43.9036 262.306 21.2423 240.265 78.7765 63.2162 22.0415 161.488 143.536 58.5772 8.57569 115.799 101.855 44.4224 57.4328 28.4973 15.5336 18.569 44.6471 50.0015 23.7955 19.2476 4.30873 22.6613 6.15722 12.843 9.59903
internal_count=28901 17031 11870 4106 7764 1598 4465 2515 2175 3299 1950 1875 16837 783 1760 1631 953 678 733 1222 603 1572 16054 746 3214 867 2508 534 1154 928
is_linear=0
shrinkage=0.05


Tree=256
num_leaves=11
num_cat=0
split_feature=20 20 15 0 9 6 7 5 20 6
split_gain=1.51185 1.39189 0.609397 1.28788 0.546365 0.544942 0.466928 0.343951 0.265661 0.204456
threshold=13.162809062982001 5.7203375950920803 3.1763735522036267e-22 616.03052936325605 0.089989926801919765 0.41474296915076364 -0.37263384789765291 -27.660184832945795 11.135100155593252 0.41872485588807545
decision_type=8 8 2 2 2 2 2 2 10 2
left_child=1 -1 4 7 -3 -2 -6 -4 -8 -7
right_child=5 2 3 -5 6 9 8 -9 -10 -11
leaf_value=-0.021398054371869389 -0.028836291520205767 0.058140308416216563 0.007621166482184305 0.03660992947761444 0.029841697056178895 0.021685955441992883 -0.01824031122099103 -0.024961819916078466 0.011034881340557872 -0.0086384998754586526
leaf_weight=1.0538487423891671 2.2008771754481136 1.2422311535665371 0.66887586555822287 1.05313007991208 0.75137025828007931 0.30155251736141608 0.70811839947054833 1.3272107589327786 0.53186761132019456 0.25383520766990841
leaf_count=542 20062 272 203 224 210 1182 280 404 211 995
internal_value=-0.000713281 0.0184989 0.0272103 0.00735755 0.0397713 -0.019942 0.012707 -0.015144 -0.00636282 0.0111832
internal_weight=10.0929 7.33665 6.2828 3.04922 3.23359 2.75626 1.99136 1.99609 1.23999 0.555388
internal_count=28901 3776 1355 648 707 25125 557 607 491 2177
is_linear=0
shrinkage=0.05


Tree=257
num_leaves=28
num_cat=0
split_feature=21 3 8 8 0 21 7 20 20 20 20 20 20 12 10 3 1 12 3 8 2 21 20 3 0 8 12
split_gain=3.29481 3.63137 3.04038 4.84802 3.90691 4.43595 4.16011 3.24041 3.14277 3.77875 2.6831 2.34208 1.97549 1.95012 1.84197 1.62539 1.30255 1.27453 1.22085 1.35231 0.863475 1.43463 0.861821 0.507516 0.29534 0.259291 1.29182
threshold=1.5852988216045352 3.8589152499707002 0.40175102638518206 0.38782177428558301 307.19245287240807 1.3256380276142401 -0.17773973960296027 4.528915043210656 0.74367021316366411 1.6737139421197751 1.3053784027135953 38.150414534017806 1.0183291502908953 -76.782178342215374 3.5000000000000004 28.971133861232406 716.11390766342663 -108.7196839650598 58.875689852195208 0.49613491676469718 5.218468408140839 0.019545553724464901 194.99239088385153 40.890365462401761 652.09430378322566 0.27088601819964003 -80.20857498663942
decision_type=10 2 2 2 2 8 2 8 10 10 10 10 8 2 2 2 2 2 2 2 2 8 10 2 2 2 2
left_child=2 11 3 4 5 8 -7 10 -1 -10 14 -2 -4 25 16 -11 -6 -5 19 20 21 -14 -3 -24 -22 26 -8
right_child=1 22 12 17 7 6 13 -9 9 15 -12 -13 18 -15 -16 -17 -18 -19 -20 -21 24 -23 23 -25 -26 -27 -28
leaf_value=-0.023197092919762005 0.069733062725317971 -0.037804775235926805 0.010566932950092603 0.086455535495995814 -0.0060931460941148216 -0.016759306260748761 -0.013702551007532471 -0.034816986873709793 0.049015174833789504 -0.031461662520358105 0.01443844690262976 -0.01826173776991703 0.017858384208420914 0.010900672942166387 0.0061189599440887258 0.020062165893801862 -0.036580087136073407 0.013894218084967942 0.019505572605244388 0.015679431789457701 -0.042621749471297189 -0.030986894381678259 -0.014893651362789518 0.027946220809652145 -0.0050298514334770235 0.15092196242615671 0.061181906654448649
leaf_weight=3.6067973118188137 0.70971619375632311 9.1841155769943708 5.9719329661456904 1.4552121458109482 8.9880112615210255 0.65942382639332597 0.48537115125510155 5.0408699363470069 5.9972182158380738 2.3479714144050385 27.73919056012528 0.76876219613768626 1.9287982438690987 0.7113327507686279 13.073303183773533 1.9070961039396932 5.3210714440210722 1.4077508450282037 0.91909481462789699 1.1585403837234478 7.2668268320121561 2.2167002815986043 0.55130360202747497 0.3089919023332186 0.86681798228528351 0.51006447221152484 0.36096263217041269
leaf_count=274 505 10040 994 225 349 286 271 905 535 472 557 547 403 272 357 384 207 217 205 269 1897 463 357 200 226 256 202
internal_value=-0.00054669 -0.022727 0.00446769 0.00887129 0.00603751 0.0267683 0.0755694 -2.1997e-05 0.0127259 0.0263022 0.00372369 0.0350711 -0.0123851 0.100879 -0.00725696 -0.00894567 -0.0190791 0.0636093 -0.0219988 -0.025992 -0.0308083 -0.00920648 -0.0336398 0.00724444 -0.0396048 0.123415 0.0340745
internal_weight=111.463 11.5229 99.9404 79.6116 76.7487 16.5862 2.72715 60.1624 13.8591 10.2523 55.1216 1.47848 20.3287 2.06773 27.3824 4.25507 14.3091 2.86296 14.3568 13.4377 12.2791 4.1455 10.0444 0.860296 8.13364 1.3564 0.846334
internal_count=28901 12033 16868 13484 13042 2237 1184 10805 1053 914 1106 1052 3384 792 748 856 556 442 3198 3123 2989 866 10981 557 2123 682 473
is_linear=0
shrinkage=0.05


Tree=258
num_leaves=31
num_cat=0
split_feature=16 11 20 4 2 11 12 16 17 7 19 5 5 6 13 8 21 5 20 1 8 3 13 1 3 0 3 20 0 20
split_gain=5.92396 3.48648 3.18797 4.00871 4.57418 3.73523 4.96651 3.1435 3.08187 4.66081 5.64513 4.70551 6.24711 4.27008 4.06528 3.45279 3.23475 3.1919 3.05415 3.78478 3.53677 3.25554 4.46066 4.45353 3.30906 3.11002 4.61246 2.74617 2.39351 5.5962
threshold=36.278754314765209 -65.331467961746839 28.935070710465954 80.709324003732959 4.088051183244545 -97.438642749703675 -98.227130331846425 6.485813718313965 2.1316282072803012e-14 -0.27082048271196507 2.5000000000000004 6.2285005235226487 -9.4728253878125983 0.37120748434796563 28.832563685823406 0.2401859539353888 2.4442456856463504 35.337664901228308 102.52136105942002 36.556712457186109 0.14309368513879853 36.732904999869355 19.770428501728961 234.38705736971954 44.262651094969407 491.65665290470855 20.480544175057002 112.75751898774901 520.06907822004121 0.87237327942997267
decision_type=2 2 8 2 2 2 2 2 2 2 2 2 2 2 2 2 10 2 8 2 2 2 2 2 2 2 2 10 2 10
left_child=1 2 28 4 -4 6 7 8 9 10 11 12 14 15 -6 -10 -12 18 19 20 -11 22 -21 -23 -25 26 27 -20 -1 -30
right_child=-2 -3 3 -5 5 -7 -8 -9 13 17 16 -13 -14 -15 -16 -17 -18 -19 25 21 -22 23 -24 24 -26 -27 -28 -29 29 -31
leaf_value=-0.0047551422519302514 -0.038801147069306069 0.034615957630028824 -0.032300409035292042 -0.014404043981223394 -0.049775386177348259 0.02087076044752716 -0.044547532548625812 0.029086826967892932 -0.015399977040686073 -0.054648270933905334 0.029583818818142361 0.00347135257959912 -0.084233941132185797 -0.050123072474927803 0.017792855727727683 0.021176867316751703 -0.01063126267739252 0.032594608334161945 0.000595453432308267 -0.040554991572519287 0.0011022296295288691 0.017312673920794736 0.024399951784921898 -0.05496611847118086 -0.0020025788338033632 0.034673333498446521 0.017669701858554709 -0.074447059908578084 0.028940939038588076 -0.0022048961289856651
leaf_weight=380.50416899123229 9.0949994828552008 6.1065877545624971 6.6470091545488676 26.287502404069528 2.9073504414409435 39.52020085323602 4.1127739609219143 12.091665092157198 16.419998657656841 4.3255856088362625 9.9698638806585258 8.1188858218956721 4.6678050800692308 4.6182843632996082 4.3306523500941694 9.2542107151821238 8.4565199529752118 15.090131843928246 2.3563252342864933 2.0380324518773731 6.0240228355396539 8.8606843652669376 24.888602804858238 4.8761985837481907 6.0785198204685003 16.659591042902321 15.550716184545307 1.4916822880040852 17.404946193564683 66.101786846993491
leaf_count=5477 353 238 585 2152 200 3530 341 999 783 201 932 550 309 217 298 441 790 1450 391 223 280 433 2721 227 284 2305 1719 248 358 1362
internal_value=5.45734e-06 -0.000236743 -0.000575408 0.00378401 0.00583315 0.00705593 0.00413693 0.00542471 0.00365376 0.00665599 -0.00814714 -0.0259414 -0.0447135 -0.0106326 -0.0120954 -0.00191629 0.0115305 0.0119411 0.00828457 0.00101097 -0.0249605 0.00716394 0.0182075 -0.00799659 -0.0282037 0.0194629 0.00534084 -0.0378506 -0.00307391 0.00455235
internal_weight=744.855 735.76 729.654 265.643 239.355 232.708 193.188 189.075 176.984 146.691 38.4511 20.0247 11.9058 30.2925 7.238 25.6742 18.4264 108.24 93.15 57.0916 10.3496 46.742 26.9266 19.8154 10.9547 36.0583 19.3987 3.84801 464.011 83.5067
internal_count=28901 28649 28425 21746 21048 20787 16016 15616 14900 13478 3079 1357 788 1422 498 1224 1722 10399 9383 4393 481 3912 2944 968 511 4990 2144 639 6679 1720
is_linear=0
shrinkage=0.05


Tree=259
num_leaves=31
num_cat=0
split_feature=17 16 12 7 3 1 20 12 5 7 16 6 13 9 15 6 3 1 5 3 21 21 12 3 1 6 11 5 6 20
split_gain=1.6316 2.23108 2.08579 3.21603 3.65207 4.42374 3.37168 2.59165 6.68956 2.57431 3.97052 4.52662 3.72092 2.3349 4.91818 3.71334 3.60551 2.92298 2.90487 2.83317 6.14539 4.77648 4.53767 3.86837 3.21033 3.51426 3.33638 3.76466 5.05408 4.33637
threshold=5.9108516989147324 10.748089757976706 -97.41871135014614 -0.020030487700321228 16.320778995548356 379.36380951679354 5.7203375950920803 -98.819345850491786 -5.6396733613551993 0.25682154516805744 1.0000000180025095e-35 0.17499627223402306 24.186421514611478 0.13866686834417766 2.9544387894295567e-08 -0.049735402444112335 62.421723189207903 30.516228094165005 56.048994426401556 36.921186726181055 1.1823377758281353 0.64617319096792514 -117.98854440097119 27.021743238975354 21.551039076036655 0.36010295928426578 -104.01366219105148 -26.776510842816069 0.10557316771230206 24.595913451509755
decision_type=2 2 2 2 2 2 8 2 2 2 2 2 2 2 2 2 2 2 2 2 10 8 2 2 2 2 2 2 2 10
left_child=1 2 7 -4 5 -5 -7 9 -9 13 -11 -12 -13 15 19 16 17 -1 -17 20 21 23 -21 -15 -22 26 27 -26 -29 -30
right_child=-2 -3 3 4 -6 6 -8 8 -10 10 11 12 -14 14 -16 18 -18 -19 -20 22 24 -23 -24 -25 25 -27 -28 28 29 -31
leaf_value=0.048314936963601264 -0.030066210305953796 0.035406990055872695 -0.025518613365232059 -0.017612514534514498 -0.014199863035972558 0.002604884781894821 0.081913134817800881 -0.017045267853820632 0.084284508511216702 -0.022919817780862203 -0.0080612576911882096 -0.0045880470221096887 0.071094998781232058 4.3300039651565169e-05 -0.035503447116156182 -0.021911806028851268 0.058959784393321418 -0.0053301199407806733 0.030586179570366519 0.019446224707185857 -0.011078043068644969 -0.021995533520007552 -0.012929161412625262 0.061264712880889041 0.11366771941496362 -0.0026330463643342034 0.0082504114751071802 0.0074127893123130994 0.12402843176523204 0.01140951749656966
leaf_weight=2.054525765706793 2.3983863139292225 4.8555644291336648 13.177346926648172 2.7211304316006188 9.2557026348076743 2.1468120400095376 2.8929708098876281 2.5467264560284102 2.4650492568616755 17.69666908000363 11.946350976999385 2.4429007843136796 3.2501194697688334 5.7726108474598758 4.0089276410872117 19.172892927192155 2.6748660159064457 14.224948953837155 2.1418520354200155 27.146653702307958 1.906556714267938 8.2268077779444866 16.708874886622652 3.6678115843096748 3.3822583063156406 2.4244762933813035 2.7675586743862346 4.7973360081668934 1.6276821249630316 1.597411335329525
leaf_count=319 343 694 2979 564 1945 302 406 513 496 2537 1215 247 328 504 463 2788 366 2209 311 1609 354 1612 990 320 581 467 532 944 238 234
internal_value=-0.000309894 0.004953 0.00401717 -0.00788203 0.00643375 0.0298535 0.0541547 0.00623366 0.0385236 0.00498644 -0.00678451 0.00976439 0.0427858 0.00836002 0.0130579 -0.00152244 0.0141873 0.00384435 -0.0155022 0.0158987 0.0260912 0.00446327 0.00709802 0.0274189 0.0454542 0.0522089 0.061146 0.0722822 0.0441696 0.0841502
internal_weight=202.1 199.701 194.846 30.194 17.0166 7.76091 5.03978 164.652 5.01178 159.64 35.336 17.6394 5.69302 124.304 84.035 40.2691 18.9543 16.2795 21.3147 80.026 36.1705 17.6672 43.8555 9.44042 18.5033 16.5967 14.1722 11.4047 8.02243 3.22509
internal_count=28901 28557 28302 6825 3576 1609 708 21477 1009 20468 5065 1794 575 15403 9714 5689 2590 2528 3099 9498 6899 3461 2599 824 3438 3200 2724 1958 1579 472
is_linear=0
shrinkage=0.05


Tree=260
num_leaves=31
num_cat=0
split_feature=10 21 15 3 17 1 20 1 1 8 21 7 6 12 21 9 2 15 21 3 12 8 19 6 20 9 5 5 3 5
split_gain=1.75575 1.69657 4.05586 3.1325 3.04383 2.54689 3.35663 2.9691 2.65255 4.36891 5.73329 3.68803 3.31709 3.00341 2.3823 2.37334 3.07894 2.12281 2.51964 4.29627 3.02805 4.07362 3.07353 2.84544 4.1645 3.66234 3.58676 3.13399 3.03011 3.08671
threshold=5.5000000000000009 1.4240681335145953 1.1777401613576147e-08 58.875689852195208 2.4777769830939533 2.8837109234001854 1.3053784027135953 85.723130429267869 164.2865564406035 0.28071011862161371 0.76423292771274853 0.13027153386041149 -0.16276743049579953 -88.68547611528173 0.0024639085422617254 0.43574743148595735 4.8279933536478685 2.5577283772062632e-08 1.9390328494280851 48.876696775016256 -113.3736934936157 0.43875931153487274 4.5000000000000009 0.10196957770965144 56.637074976189062 0.20564423490831854 5.9285852077149004 33.642081215829954 31.525097899718002 -16.369126736759846
decision_type=2 10 2 2 2 2 10 2 2 2 10 2 2 2 8 2 2 2 10 2 2 2 2 2 8 2 2 2 2 2
left_child=1 2 3 4 5 -1 14 -8 12 13 11 -11 -9 -10 -7 17 -17 18 19 23 -20 -22 -23 25 -25 27 -26 -3 29 -27
right_child=-2 15 -4 -5 -6 6 7 8 9 10 -12 -13 -14 -15 -16 16 -18 -19 20 -21 21 22 -24 24 26 28 -28 -29 -30 -31
leaf_value=0.03797423730082182 -0.024269375536501138 -0.0097719025175935521 -0.031892644540425924 0.042811867664120894 0.057633174813549716 0.021744150859326503 -0.027939482979800243 -0.021260000007501403 -0.017620862979944921 0.055601790827716518 -0.011635376449576825 -0.0026443129954711567 0.06412679811209368 0.035945081398630889 -0.029025709717382817 0.040107814409050611 -0.026035827354279329 0.037910845469025151 0.015287086789681992 -0.030652755492461155 -0.023547213862383724 -0.0088846875498183979 0.077556920995205544 -0.019892930858117858 -0.020237931895657271 0.062238902751156615 0.076795072734812911 0.060122983926407358 0.098335367273542751 -0.013413115151816153
leaf_weight=3.2204438971530172 3.8878245133091696 4.5337145850935556 7.322997755225515 4.0786136554088444 1.3912522358587009 1.9893153301964048 5.4126798505894831 1.0207455284544273 19.769439932424575 9.0518645695410704 8.2444036153028701 3.6044162667822093 3.0282370282511684 2.0493699196958963 13.621921383368315 1.3054354584310193 7.0402844811615068 7.7585788411088288 20.97394442738732 2.4113475175108761 14.013727292331174 1.7344754431978811 1.0113260874059051 5.0942708528600651 0.92198364716023262 1.7095457413233899 1.8016358818276783 1.3132559976074842 3.1578776994720101 2.1124809457105522
leaf_count=639 683 716 1340 776 274 860 747 215 2563 668 880 266 637 266 5885 262 1413 1279 4174 352 5310 485 283 824 218 311 426 208 438 385
internal_value=-9.96894e-05 0.00624689 0.00129287 0.00484089 0.00214784 0.000275576 -0.00204126 0.00411778 0.00833511 0.00418117 0.0200525 0.0400348 0.0426535 -0.0112348 -0.0216367 0.0115603 -0.0125051 0.0146279 0.0110909 0.0237452 0.00294535 -0.012491 0.0351586 0.0312216 0.00623981 0.0448954 0.0473343 0.012415 0.0671383 0.0263149
internal_weight=164.587 160.7 83.8057 76.4827 72.4041 71.0128 67.7924 52.1812 46.7685 42.7195 20.9007 12.6563 4.04898 21.8188 15.6112 76.8939 8.34572 68.5482 60.7896 23.0561 37.7335 16.7595 2.7458 20.6448 7.81789 12.8269 2.72362 5.84697 6.9799 3.82203
internal_count=28901 28313 15335 14551 14268 14097 13942 7197 5911 5059 2230 934 852 2829 6745 12978 1675 11303 10878 3368 7510 6350 768 3157 1265 1892 644 924 968 696
is_linear=0
shrinkage=0.05


Tree=261
num_leaves=31
num_cat=0
split_feature=21 17 13 12 3 20 9 8 5 1 21 11 5 15 0 16 1 4 5 10 15 20 21 9 10 8 7 8 8 21
split_gain=8.91478 11.9701 6.98482 5.21858 5.5156 4.80908 2.96903 6.63497 4.64947 3.00226 3.17244 3.83451 3.53137 4.2306 3.89742 2.4865 4.24963 2.43367 3.08262 3.44837 2.8817 2.46534 2.01124 1.95177 1.95138 1.77951 1.88489 1.58458 2.46613 1.04691
threshold=0.7256591603840471 4.1402118715233778 32.639944170141426 -112.29555940380627 51.486452225312512 0.87237327942997267 0.12886155820399384 0.37292961637359673 40.824473432431255 322.36990468859602 0.029732198310055455 -97.111897392186734 13.440469990257702 1.4344512722806776e-09 364.58220161540709 1.0000000180025095e-35 883.2628233153406 34.644044658672904 1.0322889867700502 3.5000000000000004 5.6898683875744967e-09 46.768050367741004 1.8155097759066352 0.1871392183968297 3.5000000000000004 0.2401859539353888 0.13815176128150511 0.16566024945480476 0.10503776837398646 1.4354646537794702
decision_type=8 2 2 2 2 8 2 2 2 2 10 2 2 2 2 2 2 2 2 2 2 8 10 2 2 2 2 2 2 8
left_child=6 2 3 -2 5 -5 7 15 9 23 11 -11 13 14 -12 16 -1 18 19 20 21 -7 -19 -8 -25 26 -24 28 -21 -4
right_child=1 -3 29 4 -6 17 8 -9 -10 10 12 -13 -14 -15 -16 -17 -18 22 -20 27 -22 -23 25 24 -26 -27 -28 -29 -30 -31
leaf_value=-0.025304504755530723 -0.040114958256345173 0.027695981166295909 -0.02144433104516541 0.013220725527400305 0.043595178200973896 0.038465763075242576 0.014782884232202946 0.019602068961884871 0.029006711074313681 -0.012423186366230779 0.028753981312215279 0.011090003825563372 -0.0062195162538200011 0.036372973886321554 -0.020373115607422092 -0.030899904768145636 0.01303535541287431 -0.036366308639829099 0.035172577934540192 -0.029741444722000066 -0.030492894481644495 -0.015299338868303683 -0.010788750637250627 -0.029021299386044686 0.00039766700467777183 -0.027543088020488438 0.044107043791476286 -0.039448217892481124 0.03092923973489033 -0.040398988387061865
leaf_weight=13.897488851333041 11.357931770035064 14.904925443697719 15.294122327235527 18.048218744574115 4.4590874405112118 5.9019461971474882 4.8827220299281207 16.229007578222081 18.155905927182175 34.189806885086 6.3350248837377867 33.186237362911925 13.193132093059829 22.693785341805778 7.9856562581844628 17.747512636473402 13.155294523807241 17.081175033003099 3.0861382143339142 2.8077492793090677 2.5313467910746112 2.437231642776168 2.9803761527873576 13.771663163672203 9.0716290583368391 3.9946023160591722 1.7180758406175298 8.6736693754792196 1.9994806786999106 28.612992186332121
leaf_count=236 1007 2543 5816 1496 363 793 203 275 331 226 239 220 321 536 301 307 224 1610 378 280 359 328 350 572 376 531 201 961 200 10882
internal_value=0.00038786 -0.0134964 -0.0183581 -0.00995982 -0.0049726 -0.00857297 0.00233814 -0.00699712 0.00584479 0.00277231 0.00626849 -0.000848894 0.0156497 0.0234032 0.0018175 -0.0168503 -0.00686043 -0.0160724 -0.00538531 -0.01171 0.00886399 0.0227966 -0.0268232 -0.0117567 -0.0178116 -0.00625435 0.0135024 -0.0277666 -0.003526 -0.0344211
internal_weight=370.384 145.889 130.984 87.077 75.7191 71.26 224.495 61.0293 163.466 145.31 117.584 67.376 50.2076 37.0145 14.3207 44.8003 27.0528 53.2118 27.4376 24.3514 10.8705 8.33918 25.7742 27.726 22.8433 8.69305 4.69845 13.4809 4.80723 43.9071
internal_count=28901 24887 24418 7720 6166 5906 4014 1033 2981 2821 1667 446 1221 875 540 775 460 5789 3359 3036 1542 1121 2430 1154 948 1155 551 1494 480 16698
is_linear=0
shrinkage=0.05


Tree=262
num_leaves=9
num_cat=0
split_feature=21 21 0 3 3 7 0 1
split_gain=1.44718 1.31641 1.08732 0.636541 0.456464 0.952582 0.320196 0.110903
threshold=0.67203394054469012 0.49671902741587504 601.35660965990758 56.175088511826957 23.393774608406002 0.065335678749290707 452.95593458962355 732.63853165579906
decision_type=8 8 2 2 2 2 2 2
left_child=1 2 -1 -2 6 -6 -3 -5
right_child=3 4 -4 7 5 -7 -8 -9
leaf_value=-0.026974907306062047 -0.028974778033535833 0.01114419644616233 0.021855769162742497 -0.0050880951558835985 -0.020623129835337858 0.030483320225850166 0.053512917709155297 0.020736450333315969
leaf_weight=1.7160718122158918 2.2332383169559766 1.3357488272522473 1.0245386888345818 0.13907096719231149 0.87258771703636817 0.81897343026503222 1.5705981053906723 0.29867734824802028
leaf_count=1608 21111 229 960 368 302 284 269 789
internal_value=-0.000706639 0.0181569 -0.00775754 -0.0197626 0.0322299 0.00625278 0.0418781 0.0146996
internal_weight=10.0095 7.33852 2.74061 2.67099 4.59791 1.69156 2.90635 0.437748
internal_count=28901 3652 2568 25249 1084 586 498 1157
is_linear=0
shrinkage=0.05


Tree=263
num_leaves=29
num_cat=0
split_feature=21 3 8 8 0 21 7 20 20 20 2 7 20 8 9 15 15 11 12 2 3 12 20 3 20 8 7 8
split_gain=3.03502 3.55154 2.82856 4.49698 3.75599 4.23107 3.87336 3.03827 2.91572 3.37278 2.55416 3.4008 2.18536 2.05952 1.90383 2.65177 4.50997 1.89264 1.81925 1.72026 1.54605 1.14617 0.853816 0.507308 0.487969 0.485516 0.389203 0.1981
threshold=1.5852988216045352 3.8589152499707002 0.40175102638518206 0.38782177428558301 307.19245287240807 1.3256380276142401 -0.17773973960296027 4.528915043210656 0.74367021316366411 1.6737139421197751 5.2853069417313119 -0.093649703428379624 38.150414534017806 0.19174064012114669 0.2506769706007948 1.7940158696243878e-09 3.9378708286102166e-09 -115.56077188719949 -76.782178342215374 4.9316258622614022 28.971133861232406 -108.7196839650598 194.99239088385153 42.043348587366957 1.8514795658007903 0.42369597044994906 -0.45299865363234199 0.096102248600723264
decision_type=10 2 2 2 2 8 2 8 10 10 2 2 10 2 2 2 2 2 2 2 2 2 10 2 10 2 2 2
left_child=2 12 3 4 5 8 -7 10 -1 -10 -6 -12 -2 -13 15 17 -17 -4 27 -16 -11 -5 -3 -24 -19 -26 -21 -8
right_child=1 22 14 21 7 6 18 -9 9 20 11 13 -14 -15 19 16 -18 24 -20 26 -22 -23 23 -25 25 -27 -28 -29
leaf_value=-0.022816601317986348 0.067162531624707728 -0.037646865145948789 0.027535022885522526 0.081968629066310195 -0.015642661064919971 -0.016598899241613018 0.019797046385591863 -0.03457277065441277 0.045979429269944069 -0.03106975867548838 0.024346251863912805 -0.018909412775316218 -0.017909881646233684 0.0095714961302732562 0.01584357325257162 0.061710819032121438 -0.020286379215498404 -0.037844538289774569 0.010505859264579738 -0.003954250394062042 0.019317823361978834 0.013448092817538638 -0.014881128627896154 0.02796669012001763 0.021601036557133611 -0.018311725410600745 -0.040156554915767043 0.13091475609982334
leaf_weight=3.5293573573289949 0.74894616122765167 8.8214286292932211 0.94346900927485311 1.5183316873444723 12.628638367197707 0.64883303981332963 0.46107089947327651 4.8354635622090418 6.1894900957122436 2.2724616663326751 19.026035515533295 10.673946812574288 0.74305745000310708 12.982455040328205 1.3403246940870293 2.6804382978007206 2.3874996929225745 3.9061093762720729 0.72227783175184757 1.0798249046492872 1.9341249352437442 1.4233614657277938 0.55078144556318975 0.30779150998569094 0.39338072233658827 0.68157070208690129 6.7218315572536076 0.97220012011530343
leaf_count=267 528 10007 200 228 253 274 219 869 544 462 358 220 524 268 246 240 214 930 265 201 394 214 357 200 200 347 1253 463
internal_value=-0.000543047 -0.0221823 0.00425069 0.00847326 0.00572419 0.025949 0.0730316 -0.000233732 0.0122094 0.0250591 0.00332894 0.00917175 0.034609 -0.00352503 -0.0120975 0.00213074 0.0261049 -0.0191854 0.0967214 -0.027729 -0.00864169 0.0606373 -0.0333566 0.00726214 -0.0311589 -0.000334462 -0.0361644 0.117995
internal_weight=111.125 11.172 99.9525 79.818 76.8764 16.7298 2.80438 60.1465 13.9254 10.3961 55.3111 42.6824 1.492 23.6564 20.1344 10.9925 5.06794 5.92453 2.15555 9.14198 4.20659 2.94169 9.68 0.858573 4.98106 1.07495 7.80166 1.43327
internal_count=28901 12033 16868 13484 13042 2237 1184 10805 1053 914 1106 804 1052 488 3384 1708 454 1254 792 1676 856 442 10981 557 1186 547 1454 682
is_linear=0
shrinkage=0.05


Tree=264
num_leaves=31
num_cat=0
split_feature=13 11 20 20 21 5 15 5 9 7 1 15 1 21 7 21 3 1 21 10 13 2 15 9 15 13 11 1 12 12
split_gain=5.56382 3.56456 2.79826 4.66185 10.2073 4.59754 3.85413 3.5273 5.47515 5.28387 5.08231 5.92858 4.38178 6.40165 3.83672 5.86688 5.16891 4.18659 5.62191 3.95574 4.93796 3.78822 3.29286 3.04168 3.01329 2.82492 2.77677 2.73116 2.76108 2.63409
threshold=1.0000000180025095e-35 -65.331467961746839 13.711215792034052 3.6129695438774054 0.86048930426634562 34.040744419176306 2.0109554341388283e-09 -42.335282577630245 0.43068313565362609 0.37758304788972824 379.36380951679354 1.0000000180025095e-35 36.556712457186109 6.1968925937549661 -0.26703318830380457 0.64617319096792514 19.306530252211353 970.9031270305386 2.4099229219759857 3.5000000000000004 20.875886333515293 5.592548548833971 1.0000000180025095e-35 0.010166757423471841 7.1926398906719922e-09 24.518984737412577 -102.66990783387799 868.94751363305761 -100.13691926098538 -126.16484913710499
decision_type=2 2 8 10 10 2 2 2 2 2 2 2 2 8 2 10 2 2 10 2 2 2 2 2 2 2 2 2 2 2
left_child=-1 2 3 5 -5 27 26 9 12 10 29 -12 -9 14 15 -14 -17 18 21 23 -21 -18 -20 -16 -8 -22 -6 -2 -29 -4
right_child=1 -3 7 4 6 -7 24 8 -10 -11 11 -13 13 -15 19 16 17 -19 22 20 25 -23 -24 -25 -26 -27 -28 28 -30 -31
leaf_value=-0.039133854884367894 0.0062116375453380324 0.035855623896749837 -0.013257027519758942 -0.036655546889524208 -0.0012766961886624189 -0.013986872762924395 -0.030101679133724898 -0.011616231363526261 0.021406592677369329 -0.050182679736707328 -0.0630730918786825 0.007802999190417945 -0.041946985965080896 0.03035854881032507 -0.028839836138136739 0.036168422703184475 0.035876393753045466 -0.04268643447118517 -0.060151287514483398 -0.0169489034856121 0.027302982760123273 -0.019909276428026111 0.0035977579478272321 0.013324763996002999 0.0024186222455912921 -0.0060706710588209183 0.03509161084767079 0.0054970694861989676 -0.011826379050343038 0.022170477231712556
leaf_weight=8.3325967371929419 153.57096151937731 5.7611357993446308 6.9941011667251596 30.188466277439147 10.636814939323816 52.852001985535026 11.572431543376299 48.845678455196321 40.01353965792805 6.2101924570742995 5.2072655851952723 5.2501216987147927 10.407359867123885 21.054346134420484 3.5546910106204441 6.5951786031946531 9.4795061887707615 6.3646008763462305 3.5463694692589351 33.626227646134794 12.897761147469286 3.5399520685896277 3.4612958270590752 96.585306037915871 16.121252808254212 11.105685016606001 9.2323982431553286 38.739229998551309 54.005722569301724 15.052518507698553
leaf_count=325 1105 225 301 689 495 361 235 3563 2962 256 212 213 594 1656 295 436 665 343 219 1340 767 248 214 8018 327 660 429 206 288 648
internal_value=-3.85705e-07 -0.000282134 -0.000617501 -0.00360185 -0.0144259 -0.000750085 0.00014771 0.0025994 0.00437872 -0.0114482 -0.00277065 -0.0299145 0.00179568 0.00478258 0.00196881 -0.0110376 -0.000338439 -0.0104487 0.00133924 0.00559319 -0.00479136 0.0203702 -0.0321466 0.0115577 -0.0117462 0.0122367 0.0164939 0.0021352 -0.00460899 0.0108438
internal_weight=740.805 732.472 726.711 376.919 77.7514 299.168 47.5629 349.792 311.077 38.7142 32.504 10.4574 271.064 222.218 201.164 43.3943 32.9869 26.3917 20.0271 157.77 57.6297 13.0195 7.00767 100.14 27.6937 24.0034 19.8692 246.316 92.745 22.0466
internal_count=28901 28668 28445 3819 1774 2045 1486 24626 23030 1596 1374 425 19773 17477 13086 2476 2181 1422 1346 10610 2297 913 433 8313 562 1427 924 1773 494 949
is_linear=0
shrinkage=0.05


Tree=265
num_leaves=31
num_cat=0
split_feature=7 21 21 20 7 15 0 0 1 5 0 5 4 1 0 12 1 1 0 0 3 20 21 0 21 1 9 21 21 16
split_gain=1.67292 2.45103 3.07964 1.66466 2.47885 3.75051 1.99685 3.2485 2.08224 1.99641 3.80479 4.16361 3.3132 5.01882 5.2288 3.91443 3.63397 2.93889 3.08925 5.23987 2.81541 2.74804 4.19421 2.70466 2.99234 4.03467 3.53582 3.59191 2.63282 3.34984
threshold=-0.43018585742217436 1.6694932823424551 2.6795352799531407 185.52959757266152 0.11410634629177975 3.1763735522036267e-22 603.34851862249104 710.42060896435316 759.68446809534464 -2.9917064666207493 564.84690528484111 -26.776510842816069 32.538456127386404 97.94946947678126 454.54037171701253 -97.608955248340919 62.747651318965701 52.704013039366508 356.14312614481958 417.62029722554354 20.480544175057002 68.742823115392625 0.41557197021610309 514.80045010272511 2.4442456856463504 176.22926772786954 0.25476592942660875 0.88360649376596312 5.0222214554072506 8.6903779156215197
decision_type=2 10 10 10 2 2 2 2 2 2 2 2 2 2 2 2 2 2 2 2 2 10 8 2 10 2 2 8 10 2
left_child=1 -1 -3 6 5 -5 9 8 -8 10 -2 -12 13 -11 15 -15 17 18 -14 -20 -21 22 -18 24 26 -26 27 -23 29 -24
right_child=3 2 -4 4 -6 -7 7 -9 -10 12 11 -13 16 14 -16 -17 21 -19 19 20 -22 23 28 -25 25 -27 -28 -29 -30 -31
leaf_value=-0.035837893681627105 -0.0036364576135771709 0.035633200224226204 -0.029624329708557242 -0.0095433497799004147 -0.012788878923964297 0.07516899234188168 -0.03824781131449298 0.044468867060105534 0.0033349080942100318 -0.025866708341048084 0.077605829024149156 -0.005239719354032708 -0.0093450820083802247 0.12053944143438744 -0.0084251830983641564 0.013510935557419685 0.018524687104891229 0.061940984955416223 0.065710441900433472 0.03998038999645654 -0.020357917897584996 0.00023394407462321026 -0.019497106047442151 -0.026442087747486982 0.04342894276273504 -0.032428137989057949 0.0018138768348506973 0.10621601261658598 0.028862541614839539 0.02558189664251867
leaf_weight=5.1856189643149255 68.231722818920389 3.2583051742403777 2.190464909770526 1.7035497619654068 2.05608771025436 2.7076592754456215 6.9891859328490673 1.14749981299974 4.5911372012924403 1.5684660947008522 2.1404593703919099 2.7052647529635578 7.3420443204522661 2.221497924358121 1.7267455190594772 1.5450126130017445 15.80902897485066 3.4635261028888635 4.70725786976982 1.9341917195124558 4.6676242871326394 1.0638816342689117 35.096206626505591 1.6273454396869054 2.2126701759407306 2.8617645361809991 2.2186056072823703 2.2714249936980186 2.8968124343664385 3.782740744180046
leaf_count=946 10087 456 307 274 389 435 1327 207 871 331 381 481 675 330 338 230 1789 310 459 234 563 228 5171 352 353 456 530 488 409 557
internal_value=-0.000300894 -0.0141355 0.00887327 0.00543324 0.0286337 0.0467363 0.00447168 -0.0139444 -0.0228073 0.0059064 -0.000370623 0.0383705 0.0104964 0.0413425 0.0615608 0.0886819 0.00770831 0.0248965 0.0152153 0.0306242 0.000253768 0.00199114 -0.00268954 0.0225276 0.0316547 0.00235298 0.0539828 0.080262 -0.0109629 -0.0145796
internal_weight=201.924 10.6344 5.44877 191.289 6.4673 4.41121 184.822 12.7278 11.5803 172.094 73.0774 4.84572 99.0168 7.06172 5.49326 3.76651 91.9551 22.1146 18.6511 11.3091 6.60182 69.8405 57.5848 12.2557 10.6283 5.07443 5.55391 3.33531 41.7758 38.8789
internal_count=28901 1941 763 26960 1225 709 25735 2293 2198 23442 10803 862 12639 1491 1075 560 11148 1981 1715 1102 797 9167 6518 2649 2137 809 1328 716 5905 5728
is_linear=0
shrinkage=0.05


Tree=266
num_leaves=31
num_cat=0
split_feature=13 21 9 8 9 6 7 11 9 12 9 21 7 21 21 7 7 7 20 11 7 21 21 9 3 1 4 1 3 15
split_gain=1.65629 5.09589 3.38873 3.29482 3.34126 3.1793 3.07204 2.97164 4.08331 3.55136 3.29004 3.59683 6.18808 3.88344 3.9186 5.00069 3.56119 3.59027 5.65898 3.33138 3.03605 2.93372 3.91171 2.60482 3.92386 3.9562 3.86704 4.37366 3.51693 3.61434
threshold=59.970896225415707 0.7256591603840471 0.49080079384941838 0.49003499221670271 0.44931227344593522 -0.25005796786759699 -0.30208032145739344 -98.248354707585278 0.17770754034449923 -92.826322144499088 0.33211316673044117 0.7138594032304596 -0.039023398063903862 1.4924626111795802 1.8273303894542952 0.096506250810874952 -0.37683304378702193 0.39701317537944997 14.594061126450502 -125.13396182283049 0.01120190719577341 2.9979017010137956 0.8510401002031831 0.1836818923469288 32.863872271584107 950.56252485243806 22.144181843497851 468.95931410123507 3.6123223996041101 8.3470384313472956e-09
decision_type=2 8 2 2 2 2 2 2 2 2 2 8 2 10 10 2 2 2 8 2 2 10 8 2 2 2 2 2 2 2
left_child=1 5 3 4 7 -1 -3 10 9 -9 11 12 -2 -13 15 -15 -12 18 -18 -16 -11 22 -20 28 25 -25 -26 -28 -8 -30
right_child=2 6 -4 -5 -6 -7 23 8 -10 20 16 13 -14 14 19 -17 17 -19 21 -21 -22 -23 -24 24 26 -27 27 -29 29 -31
leaf_value=0.0099923709945075861 -0.016573216524339931 -0.017178319575452766 0.060586372264380253 0.052888458409911444 -0.028811913007468284 -0.03349632802324138 0.05656329513197686 -0.028059017256386595 -0.032587820586049455 -0.0088790960718920717 -0.0011024730377346872 -0.025806543573538482 0.054403200730564427 0.074724290367420301 0.027421574653974091 -0.023968071725720075 -0.0080441477262137434 -0.0011974407729525276 0.0048001852827043237 -0.019538424164946153 0.069747277798384452 0.0048693516186560214 0.12806218338138861 -0.018465239101739674 0.059763613468604787 0.032450958334526374 -0.012165008411810889 0.050159138917319573 -0.025033611209573994 0.013565046290201022
leaf_weight=5.3163845551898747 4.2668794648488992 10.113362141128162 2.2585393923800439 2.9344240133068524 5.4494960195443127 13.913375496369552 1.4148143989732513 1.931595906091389 8.0748730172927008 1.6128746629110557 4.6883991046051987 10.538424817554189 7.325048080441773 3.1426775901054551 4.9114847909659192 1.2886232977034524 1.6696617846027955 2.3979167777870316 0.86081879161065666 9.4830508621525897 2.3658702516113408 0.92782032926334068 3.0421676381956777 9.1103323822899238 7.9236649520171385 5.1277634061407298 6.4265367453335775 3.6352382335462607 11.717652891529728 10.703649437899001
leaf_count=551 357 1520 484 633 1200 1442 215 525 2381 372 979 2528 614 491 846 202 348 524 225 1632 545 228 796 1962 604 1104 510 288 1708 1561
internal_value=-0.000104373 0.00043139 0.0104433 0.00821216 0.00575826 -0.0215735 0.00705195 0.0088822 -0.0111061 0.0187115 0.014115 0.00666977 0.0290361 -0.0028251 0.0106923 0.0468957 0.0345623 0.0515664 0.0685948 -0.00277502 0.0424927 0.0919201 0.1074 0.0116476 0.020697 0.000798137 0.0355781 0.0128511 -0.00092681 -0.00681466
internal_weight=164.573 85.4028 79.1706 76.9121 73.9777 19.2298 66.173 68.5282 13.9852 5.91034 54.543 40.9562 11.5919 29.3643 18.8258 4.4313 13.5868 8.89839 6.50047 14.3945 3.97874 4.83081 3.90299 56.0597 32.2235 14.2381 17.9854 10.0618 23.8361 22.4213
internal_count=28901 11939 16962 16600 16286 1993 9946 14977 4124 1607 10853 8016 971 7045 3171 693 2837 1946 1354 2478 917 1187 1021 8064 4437 3066 1371 798 3627 3269
is_linear=0
shrinkage=0.05


Tree=267
num_leaves=31
num_cat=0
split_feature=21 16 2 5 20 3 0 1 13 20 21 6 15 11 13 5 16 0 20 11 1 13 13 9 9 0 21 21 7 3
split_gain=8.61772 12.3223 4.04538 5.61044 4.73688 3.58344 3.56683 3.76021 3.45497 4.69542 6.11287 3.55123 3.49672 6.1754 3.95858 3.61269 3.37883 2.97052 3.10699 5.41479 2.72433 2.37768 2.30713 2.22044 5.28428 2.19155 4.2431 2.09445 2.07314 1.96064
threshold=1.7137962444792603 18.469625428050616 5.5506321694412009 -4.6971396769359481 57.157090827269457 15.744685529427501 153.90690682976802 127.80838079698201 38.571081445025136 1.0000000180025095e-35 0.015782558774287001 -0.41496582169055868 1.5364944555653749e-09 -87.490400287026276 24.571581007899585 -5.9683299719815492 10.547245835222268 333.81279467247958 1.1483989195491753 -103.67831030008549 759.68446809534464 17.48390287464218 1.0000000180025095e-35 0.11040430003685532 0.22465023602099879 446.744318430291 0.3093991004139936 0.033272778204350907 -0.11449741803006218 51.486452225312512
decision_type=8 2 2 2 10 2 2 2 2 10 10 2 2 2 2 2 2 2 10 2 2 2 2 2 2 2 10 10 2 2
left_child=2 6 4 5 8 -4 7 -2 12 -10 -11 -12 -1 14 17 -16 25 -14 -19 21 -7 -20 -8 -13 27 -6 -27 -25 -29 -5
right_child=1 -3 3 29 16 20 22 -9 9 10 11 23 13 -15 15 -17 -18 18 19 -21 -22 -23 -24 24 -26 26 -28 28 -30 -31
leaf_value=0.027918880657430818 0.042575143663757857 0.031039144724754886 0.034591355740738287 -0.037309786528853604 -0.036767224903814101 -0.026236206959342718 0.024879800837735534 -0.020820659964396637 -0.042014627471634258 0.02234270884862315 0.024781223733562036 -0.036618155917163241 0.023874991442468838 -0.022582582198048325 0.007300548076552664 -0.037170876185074093 0.026231713689817318 -0.0024516890574127295 0.017750511599757865 0.044811630478352758 0.01413304525127972 -0.015845840282620496 -0.036374923433751948 0.035704397776088762 -0.022208838215563739 0.052952720744970372 -0.031051429412664783 -0.026264354117492103 0.019938848703527728 0.006005093095279683
leaf_weight=18.85441098921001 2.5178538671461856 9.1218287320807558 5.711272297543478 18.754951733746569 14.072063917992642 8.5639526594895852 0.92732644558418442 5.9803582925815135 6.5518703797133631 19.907728949328884 5.7211615318665272 8.0927631023805571 37.872488633263856 16.36908747383859 9.6663330572191644 7.2265973441535607 2.5886870352551341 40.950627462822013 10.069731745286855 10.985114927520042 6.5692572275875136 9.0558077316964027 45.511038795928471 5.8594068388920268 24.637945131747983 1.5119906872278086 2.7505518555408344 3.5850981476251054 4.1678198283771044 2.7174900703830644
leaf_count=228 232 2425 438 2191 2467 692 321 551 210 676 252 362 407 205 272 203 408 513 260 261 530 233 15733 208 1056 308 559 204 238 317
internal_value=0.000396167 -0.0203705 -0.000312019 -0.0144637 0.00203339 0.00403795 -0.029309 0.00046719 0.0040536 -0.00450705 -0.000563622 -0.00957828 0.0082296 0.00544216 0.00923728 -0.012738 -0.020228 0.01273 0.00654128 0.0184574 -0.00892229 0.00184595 -0.034653 -0.0142539 -0.00870981 -0.0278051 0.00314615 0.0155709 -0.00198611 -0.0318047
internal_weight=366.873 64.0584 302.814 42.3169 260.497 20.8445 54.9366 8.49821 239.574 78.5238 71.9719 52.0642 161.05 142.196 125.827 16.8929 20.9233 108.934 71.0613 30.1107 15.1332 19.1255 46.4384 46.343 38.2503 18.3346 4.26254 13.6123 7.75292 21.4724
internal_count=28901 17031 11870 4106 7764 1598 16837 783 4465 2515 2443 2292 1950 1779 1645 475 3299 1170 891 716 1222 493 16054 2071 1640 3214 867 483 442 2508
is_linear=0
shrinkage=0.05


Tree=268
num_leaves=11
num_cat=0
split_feature=20 20 10 0 6 9 7 3 20 6
split_gain=1.38375 1.29131 0.549399 1.1807 0.520682 0.518685 0.454899 0.36536 0.246762 0.19112
threshold=13.162809062982001 5.7203375950920803 1.5000000000000002 616.03052936325605 0.41474296915076364 0.089989926801919765 -0.37263384789765291 26.151492609792552 11.135100155593252 0.41872485588807545
decision_type=8 8 2 2 2 2 2 2 10 2
left_child=1 -1 5 7 -2 -3 -7 -4 -8 -6
right_child=4 2 3 -5 9 6 8 -9 -10 -11
leaf_value=-0.020997944417113796 -0.028330875763487147 0.0555647785458427 -0.024962466373913587 0.034848613292468016 0.021065986817351161 0.028824174677177562 -0.018106324687196553 0.0085491318548879015 0.01023299548817249 -0.0083675617918468736
leaf_weight=1.0141854089179139 2.0824530645586496 1.2813067002207403 1.3066676865128122 1.0666169857577188 0.30378253600429261 0.76035940081056064 0.69804606722027385 0.64021949565358227 0.53760674616205506 0.24418566276108322
leaf_count=524 19891 276 407 229 1207 212 277 200 214 970
internal_value=-0.000698496 0.0178997 0.0261906 0.00709133 -0.019357 0.0379888 0.0119258 -0.0147809 -0.00671439 0.0110175
internal_weight=9.93543 7.30501 6.29082 3.0135 2.63042 3.27732 1.99601 1.94689 1.23565 0.547968
internal_count=28901 3776 1355 648 25125 707 557 607 491 2177
is_linear=0
shrinkage=0.05


Tree=269
num_leaves=31
num_cat=0
split_feature=21 3 1 20 20 8 16 0 5 13 3 3 20 21 3 5 0 1 7 20 20 21 6 21 0 12 3 3 6 21
split_gain=2.82378 3.45788 2.72794 2.93714 3.08243 2.89741 2.82697 2.78326 2.3295 3.60256 3.00278 2.41812 4.27715 2.49387 3.74674 3.41268 4.57462 3.19068 2.71286 2.23836 2.03953 2.03366 1.84373 1.84255 1.61409 1.4565 1.42161 1.81961 1.12976 2.0173
threshold=1.5852988216045352 3.8589152499707002 17.490925874638055 2.3562746189955655 0.13028891852209953 0.36920633432874311 4.2935020609151016 80.577737437103124 28.276171804239404 14.440642854600364 9.6153987543265576 16.096987906879605 1.1483989195491753 0.015782558774287001 22.681323361075954 -18.672171220499948 555.88880403594464 379.36380951679354 -0.097637031154360607 1.1483989195491753 38.150414534017806 0.029732198310055455 -0.40317036496164332 0.033272778204350907 661.27071774032459 -93.767348697999111 34.179978312691311 43.075895809410106 0.34303579166425485 0.022960566287379153
decision_type=10 2 2 10 8 2 2 2 2 2 2 2 10 8 2 2 2 2 2 8 10 10 2 10 2 2 2 2 2 10
left_child=2 20 5 4 -4 23 8 -5 10 -10 21 12 25 -13 -15 16 18 22 -16 -20 -2 -6 -17 -1 28 -12 -11 -28 -9 -30
right_child=1 -3 3 7 6 -7 -8 24 9 26 11 13 -14 14 15 17 -18 -19 19 -21 -22 -23 -24 -25 -26 -27 27 -29 29 -31
leaf_value=0.001290013547106437 0.064524820563591101 -0.033080980720892099 -0.027693236586465303 0.048146179620190743 -0.036169047125124386 -0.020596771898346494 0.046014717320023574 -0.035528396397026832 0.030521098199349422 -0.038858599999238186 0.083136980969689009 -0.0069978284446632179 -0.014913997134003768 -0.01825234751311405 0.011246782598811934 0.026653559457896953 -0.010386951544319551 0.023224380513135613 0.027601539424672628 0.10964508291351319 -0.017610092386665381 0.015437790212303782 -0.036675147017555074 0.087747418024500035 0.021732482500905131 0.018285187745239965 0.022830662744131577 -0.025930297542379493 0.048373342832400801 -0.025193524610884366
leaf_weight=0.86090477221296358 0.79111552104586902 9.3459447679197165 5.3427348741679452 0.54143887758255083 4.4295845240267226 0.8194877490750514 3.7739038658328354 10.203584782342658 3.1148529533238625 5.9772362620424238 2.6844744690315583 14.304712531637051 2.0634520181920379 5.2562653909408281 2.1022012131870742 0.73692747212772225 2.2643819012591848 12.381284702205447 2.2122287827078289 2.7029379430605323 0.7217096888780361 2.241825029021129 3.5775800968403937 1.4742105842160524 1.0228080278175182 2.0590100425761184 2.5112119220866598 3.23854868215858 0.50979546114103969 1.4482518237200563
leaf_count=254 550 10357 460 347 735 242 324 7052 262 624 379 1118 214 577 259 200 238 1250 240 293 502 372 971 435 680 290 203 262 342 971
internal_value=-0.000532378 -0.0216719 0.00412496 0.00239502 0.00598405 0.0438142 0.00862445 -0.0182343 0.00612479 -0.0110643 0.0105599 0.0146237 0.0405489 0.0099605 0.0177034 0.0253855 0.0482072 0.0106909 0.0660517 0.0836276 0.0339267 -0.0190755 -0.0228785 0.0658167 -0.0241625 0.0630716 -0.0236402 -0.00440661 -0.0293802 0.00383826
internal_weight=110.715 10.8588 99.8558 96.7012 82.9754 3.1546 77.6326 13.7259 73.8587 14.8418 59.0169 52.3455 6.80694 45.5385 31.2338 25.9775 9.28175 16.6958 7.01737 4.91517 1.51283 6.67141 4.31451 2.33512 13.1844 4.74348 11.727 5.74976 12.1616 1.95805
internal_count=28901 12033 16868 15936 7138 932 6655 8798 6617 1247 5370 4263 705 3558 3426 2659 974 1685 863 533 1052 1107 1171 689 8760 669 1224 465 8405 1313
is_linear=0
shrinkage=0.05


Tree=270
num_leaves=31
num_cat=0
split_feature=13 11 0 12 8 21 21 0 21 20 1 1 15 0 8 11 20 1 11 6 20 3 15 13 6 8 1 5 0 15
split_gain=5.15712 3.3633 2.58363 3.39117 3.06517 2.94307 6.32742 3.83443 3.1043 2.64744 2.34896 9.64506 4.54071 3.04539 7.75911 4.77837 3.06721 4.79119 4.11572 3.09262 3.36989 2.68349 2.92126 4.79819 3.25958 2.41815 2.19849 2.05504 1.86674 3.37856
threshold=-1.0000000180025095e-35 -65.331467961746839 549.14161389725109 -120.84643479475568 0.29429538442527742 1.2372058971906303 1.8767505366473303 606.00111424750014 0.51004512266520752 251.79147411950103 994.59851916768662 1037.5400207049954 3.7604593776149113e-09 145.78259053813153 0.1369588784727043 -85.956825004312492 126.76165273359852 7.2287652825019606 -125.13396182283049 0.30485837201755711 151.24247249986854 14.955218900942802 1.658431756936148e-09 46.30605430300978 -0.073100673023057436 0.32695741697473585 1195.5853786747452 54.841327183060002 311.06872035902705 3.6425657816144691e-08
decision_type=2 2 2 2 2 10 10 2 8 10 2 2 2 2 2 2 8 2 2 2 10 2 2 2 2 2 2 2 2 2
left_child=-1 2 10 -4 5 8 7 -7 -5 -8 13 -12 26 14 -2 16 28 -18 -19 27 -21 22 23 -17 -25 -16 -13 -20 29 -15
right_child=1 -3 3 4 -6 6 9 -9 -10 -11 11 12 -14 15 25 21 17 18 19 20 -22 -23 -24 24 -26 -27 -28 -29 -30 -31
leaf_value=-0.038761179573714416 -0.056739025944546766 0.035233073969401278 -0.013395670981826924 -0.0023745078408208987 0.022261064946709458 -0.056623007323249465 0.036148574314204825 0.0037009772125836042 0.028980287360263569 -0.023517399203997577 -0.035262044443400045 0.014814169042644865 -0.016620524569804569 -0.005279417901279837 0.026287527271764335 -0.037211945368278612 -0.022931082889963372 -0.0070206506441266043 0.039675434339316341 0.021221738780239353 -0.050518369683227066 0.040611482713355844 0.037370028301827028 -0.015918955131883124 0.042935890461385073 -0.015410505904132732 -0.0034715791409880604 -0.013483188831951759 -0.0004286425047889349 -0.037842653633773114
leaf_weight=7.8358462341129771 7.2411788199096963 5.5882575942669073 16.378967467229813 16.879638327285651 33.877294030738994 6.7369879304897067 5.6880259327590474 3.8174237322527915 13.603468279819934 1.7879757140763104 24.737644077744335 35.751202082261443 29.662060854025185 79.229491021716967 5.9920183504000297 5.4123130105435946 7.6577103997115037 11.105053540319203 21.418620268581442 3.4431035751476893 1.6078658935148267 9.4004785798024368 4.9611781276762486 3.3160583488643258 4.6709491880610505 5.9889844690915197 29.170732480008155 1.5043168533593414 323.51843075826764 7.9294302775524557
leaf_count=308 236 220 1009 1009 2451 483 637 274 814 200 220 362 279 2158 224 235 982 1648 4292 763 356 508 217 203 286 223 296 301 10384 216
internal_value=-5.60971e-06 -0.000330688 -0.000654083 0.00681864 0.0109496 0.00276069 -0.012825 -0.0363725 0.012094 0.0207877 -0.00184646 -0.00812392 -0.000731515 -0.000348306 -0.0193598 0.000443183 -0.000798076 0.0112017 0.0182954 0.0282408 -0.00618988 0.0202119 0.00820923 -0.00443316 0.0194481 0.00586234 0.00666999 0.0357691 -0.00218759 -0.00863756
internal_weight=735.913 728.077 722.489 98.7698 82.3908 48.5135 18.0304 10.5544 30.4831 7.476 623.719 119.322 94.584 504.397 19.2222 485.175 457.414 46.7367 39.079 27.9739 5.05097 27.761 18.3605 13.3993 7.98701 11.981 64.9219 22.9229 410.677 87.1589
internal_count=28901 28668 28445 6086 5961 3417 1594 757 1823 837 22359 1059 889 21300 626 20674 19175 5993 5798 5712 1119 1499 803 582 489 447 658 4593 13182 2374
is_linear=0
shrinkage=0.05


Tree=271
num_leaves=31
num_cat=0
split_feature=17 15 15 15 20 0 9 20 16 15 19 7 12 15 17 20 21 20 7 12 8 21 3 3 4 4 3 1 0 8
split_gain=1.53839 2.04074 1.66437 1.92984 1.71194 2.74118 3.83007 1.71123 4.14338 3.58776 3.39486 4.50674 3.64945 2.60833 3.16094 2.96815 2.36654 1.98891 2.81987 2.88677 2.81125 2.7993 3.7145 6.01036 5.63669 5.39008 4.47832 3.40509 3.06616 2.679
threshold=5.9108516989147324 7.4356511232580896e-08 2.9544387894295567e-08 2.6888616203259866e-08 1.3053784027135953 397.82738619251603 0.22465023602099879 13.162809062982001 5.4093893983055326 4.3103594833433418e-09 3.5000000000000004 -0.17386628378232502 -103.82260391626399 1.8462085924055417e-08 0.69409792603415199 44.546471965589106 0.5243349587303171 24.106935118450803 -0.020030487700321228 -97.608955248340919 0.30206388147847024 2.4442456856463504 30.121650842570904 49.33278987828016 43.02600304090106 8.1612751710325124 57.873578278531802 204.32469076729504 647.65295864162806 0.43333435838780693
decision_type=2 2 2 2 8 2 2 8 2 2 2 2 2 2 2 8 10 8 2 2 2 10 2 2 2 2 2 2 2 2
left_child=1 2 3 4 5 -1 -7 9 13 10 12 -12 -6 14 17 -16 -14 20 19 -19 -9 22 24 28 25 27 -25 -20 -24 -22
right_child=-2 -3 -4 -5 7 6 -8 8 -10 -11 11 -13 16 -15 15 -17 -18 18 21 -21 29 -23 23 26 -26 -27 -28 -29 -30 -31
leaf_value=-0.031520813584086343 -0.029679421993735102 0.027935077878453785 -0.01909005155526711 0.047078900136088286 -0.018518135231669629 0.029355894425559803 -0.025953046307063739 -0.029040767853405737 -0.036140757289928958 0.032617070722203219 0.077634171571967586 -0.0061057547866698435 0.037951789604012895 -0.03352358989026967 -0.0012110361323757356 0.072405312314765283 -0.0079601476326561955 0.0027741571347668541 -0.019720142117510858 -0.034848883786691313 0.029853567891521129 -0.0054618630833032367 -0.025437149940269767 0.066451305571061839 0.078858961409118744 -0.018685713994807295 -0.0035540754951630979 0.070719964050613371 0.038602643268358827 -0.028938809339719398
leaf_weight=7.4551772471168123 2.2933486020192504 8.1655750728677958 6.7095383924315684 1.6517249747994356 16.039936552348088 6.3017474311054675 4.5123494409490377 8.8917082120897248 5.6013653785921633 15.381927793379871 2.2425327706150737 2.9190417530480754 5.4752224466064972 3.3354226767551154 2.2544405796215887 2.3641284889890803 4.4397340227733366 38.475389651488513 0.89027734575211059 4.8588512967689894 4.8745820622425535 11.45854988240171 10.04385179706151 4.5382222666521548 5.0736284164886456 5.085025446722284 3.7238128175958991 3.2693487860378809 1.3282949029235167 1.966393345617689
leaf_count=529 329 1170 994 249 559 419 300 986 1145 771 395 514 247 681 273 286 200 8668 234 1095 500 2677 2294 304 1870 2080 250 859 303 201
internal_value=-0.000297169 0.00485648 0.00373043 0.00465899 0.00402164 -0.0101315 0.00603407 0.0056449 0.00239747 0.0136643 0.00357138 0.0369715 -0.004196 0.00461913 0.00607917 0.0426513 0.0185475 0.00407342 0.00699074 -0.00213522 -0.011817 0.0155577 0.0226049 0.00776321 0.0411214 0.0147344 0.0379218 0.0512928 -0.0154416 0.0114186
internal_weight=201.621 199.328 191.162 184.453 182.801 18.2693 10.8141 164.532 118.033 46.4984 31.1165 5.16157 25.9549 112.432 109.097 4.61857 9.91496 104.478 88.7453 43.3342 15.7327 45.411 33.9525 19.6342 14.3183 9.24465 8.26204 4.15963 11.3721 6.84098
internal_count=28901 28557 28331 27856 27764 1297 719 26467 24137 2330 1813 909 904 22971 22675 559 447 22116 20371 9763 1745 10608 8428 3151 5277 3781 554 1093 2597 701
is_linear=0
shrinkage=0.05


Tree=272
num_leaves=31
num_cat=0
split_feature=10 2 0 5 21 6 21 0 11 15 6 6 0 1 11 6 1 7 13 16 7 5 21 5 4 6 21 21 13 8
split_gain=1.62159 1.61507 3.6056 3.82571 3.51094 2.42119 3.15053 3.11893 3.29102 4.78226 2.16939 2.73093 5.73239 2.37599 3.94946 2.69122 1.99925 4.08126 1.96772 2.88484 2.04708 2.85144 4.18194 3.48909 3.20962 3.17841 2.70278 2.45143 3.04285 3.3238
threshold=5.5000000000000009 5.6658790560376042 559.8520192677521 20.687319053081403 1.3143043041448452 0.41872485588807545 3.4708170272223406 485.16634563078708 -94.346178411232586 8.3683796864799948e-10 0.3753447741896761 0.34983775240596421 436.45227735130806 36.556712457186109 -102.19119911294648 0.089356751778490576 4.780027304635456 0.12234909405079543 21.831754522699871 3.8475781139241185 -0.059438343176165802 -45.647623957331241 2.0253538415575307 58.624593675095007 -4.3664139694547393 0.17097076533087033 0.33900696510507156 5.491319014466141 29.243407325363808 0.16395444386933281
decision_type=2 2 2 2 10 2 8 2 2 2 2 2 2 2 2 2 2 2 2 2 2 2 8 2 2 2 10 10 2 2
left_child=1 2 5 4 -4 10 7 8 9 -7 11 13 -13 14 15 16 -1 -18 -15 20 27 -22 24 -24 -23 26 -26 28 29 -20
right_child=-2 -3 3 -5 -6 6 -8 -9 -10 -11 -12 12 -14 18 -16 -17 17 -19 19 -21 21 22 23 -25 25 -27 -28 -29 -30 -31
leaf_value=0.0088307561177315731 -0.023776356076608305 -0.008165751128289751 -0.029682965872242159 0.085709912395741009 0.049257522503453353 0.082864577469097908 -0.027708467258439503 -0.015432788487544849 -0.0053264416699008305 0.0081588463630055327 -0.023751981716764695 0.070345261632617465 -0.0277692171506588 -0.013186107002761002 -0.030393391542092526 -0.0065795121736359477 0.021146025433463063 0.095268622478294832 -0.02859477286862986 0.051254609491870995 0.034699143376371547 -0.031934761288887122 -0.037633189475338731 0.047260886709499933 -0.0069191817078434574 -0.02156960820721416 0.036400974093351961 0.034815190468354539 -0.022115457291536349 0.03781593156334092
leaf_weight=4.4842995557119201 3.7606008989969268 17.300574307300849 2.1183204975386642 1.9967507628607561 1.5935265193984376 5.1027560217771688 1.8065633954247466 2.3447763554286212 2.6487966205168028 3.6699572720681317 5.9628080163965933 3.2237101702776281 1.625472013663966 21.221820150094572 2.6408824862155598 4.0462487571057864 5.6388986479432797 2.5184642735111993 2.0324794689950139 2.0716822446556762 7.4877339298254801 2.6832223596866269 7.4667547090211874 0.54047311824979261 4.3150378469436026 3.3439828074770048 14.541620310832513 2.0298508914420381 20.159712380060228 4.3285565828264225
leaf_count=310 660 3043 495 388 373 396 218 216 220 284 1027 416 210 3976 298 298 501 224 327 432 1484 370 3778 274 583 475 1964 449 4676 696
internal_value=-0.000106445 0.00592565 0.00766754 0.0435323 0.00746834 0.00588061 0.0238332 0.0320155 0.0422146 0.0556451 0.00342116 0.00500361 0.038332 0.00322711 0.0187003 0.0277486 0.0384129 0.0519348 -0.000181696 0.0038344 0.00169661 0.00885293 0.00211875 -0.0272922 0.0122715 0.0187605 0.0266386 -0.00838158 -0.0128327 0.0155944
internal_weight=164.706 160.946 143.645 5.7086 3.71185 137.937 15.5728 13.7663 11.4215 8.77271 122.364 116.401 4.84918 111.552 19.3288 16.6879 12.6417 8.15736 92.2229 71.0011 68.9294 40.3788 32.8911 8.00723 24.8839 22.2006 18.8567 28.5506 26.5207 6.36104
internal_count=28901 28313 24056 1109 868 22947 1881 1269 949 680 21066 20082 626 19456 2179 1227 875 725 17277 14793 14320 8001 7483 4052 3431 3153 2547 6319 6152 1023
is_linear=0
shrinkage=0.05


Tree=273
num_leaves=31
num_cat=0
split_feature=21 16 2 5 20 0 1 1 7 0 8 13 20 21 20 21 6 5 20 2 10 15 15 13 9 9 3 11 3 21
split_gain=8.06095 11.39 3.73689 5.34944 4.388 3.55477 3.47156 3.36412 3.68508 3.21119 4.051 3.18358 4.48531 5.57568 3.56121 4.05128 3.26346 2.82014 5.44109 2.84139 2.49645 2.44787 2.88943 2.17121 2.14772 4.92641 2.0219 2.52857 1.9023 1.89262
threshold=1.7137962444792603 18.469625428050616 5.5506321694412009 -4.6971396769359481 57.157090827269457 153.90690682976802 127.80838079698201 1015.793849819555 -0.29851864529992794 445.22089203267052 0.37719179639784622 38.571081445025136 1.0000000180025095e-35 0.015782558774287001 2.0498275264163703e-13 0.015782558774287001 -0.41496582169055868 13.440469990257702 1.6737139421197751 5.2544215514521078 9.0000000000000018 6.3341785369630046e-09 2.1237587373592465e-09 1.0000000180025095e-35 0.11040430003685532 0.22465023602099879 23.793759248281201 -103.50285607228298 51.486452225312512 0.033272778204350907
decision_type=8 2 2 2 10 2 2 2 2 2 2 2 10 10 10 10 2 2 10 2 2 2 2 2 2 2 2 2 2 10
left_child=2 5 4 7 11 6 -2 8 -4 20 -11 14 -13 -14 -1 -16 -15 18 -17 -19 -6 22 -20 -7 -18 29 27 -10 -5 -26
right_child=1 -3 3 28 9 23 -8 -9 26 10 -12 12 13 16 15 17 24 19 21 -21 -22 -23 -24 -25 25 -27 -28 -29 -30 -31
leaf_value=0.028267826761557365 0.040750861345225597 0.030248526765979711 0.028818115880799133 -0.037012179694214095 -0.036809615132225304 0.024120789571996183 -0.020061389128884676 0.040233898506598836 0.024523237491809517 -0.016478632822300648 0.064931006080725773 -0.041651968262091853 0.02098600709517762 0.02323185839380728 -0.011864186645863951 0.0035051078129697808 -0.036236600773461448 0.0087420985263684872 0.017803051460929292 -0.015499373532380371 0.022637306697644369 0.0081008158411410985 0.059320163190655188 -0.036091108044435154 0.033594567610372744 -0.021744340257116107 -0.038090561075532547 -0.031603585272133292 0.0056901842341343968 -0.0020312637497298816
leaf_weight=17.773098289850168 2.5733316325931801 8.7589647872373444 4.4137908918783149 18.127424229052853 14.110104062943721 0.893250493099912 5.839023784850724 3.9389231479726732 3.7095503896707678 3.5183793875621641 1.3624559656018389 6.3608837367501101 20.220693888608366 5.8416241792729116 27.644741735537536 37.303777348250151 7.8693797715241081 34.126589692314155 8.5786945822183114 17.430887309717946 1.3268783260136841 7.8753991425037384 10.269792553503065 43.629396269388963 5.9984607056248924 24.226456414209679 6.2411349940812215 2.4968493775231755 2.7357878771144897 7.7491060993634164
leaf_count=215 240 2418 396 2179 2191 322 543 303 336 650 252 204 687 259 362 625 356 455 270 232 206 263 324 15732 211 1046 609 226 329 272
internal_value=0.000407523 -0.0201207 -0.000413017 -0.0141292 0.00183419 -0.0288614 0.000894146 0.00384807 -0.00642859 -0.0199168 0.0134233 0.0037564 -0.00447735 -0.000662623 0.00776192 0.00503903 -0.00936977 0.0091489 0.0160734 0.000407419 -0.0306335 0.0328581 0.042273 -0.0343798 -0.0139313 -0.00849782 -0.0201404 0.000691114 -0.0314085 0.0147372
internal_weight=362.945 61.694 301.251 41.6635 259.587 52.935 8.41236 20.8002 16.8613 20.3178 4.88084 239.27 78.2666 71.9057 161.003 143.23 51.685 115.585 64.0277 51.5575 15.437 26.7239 18.8485 44.5226 45.8434 37.974 12.4475 6.2064 20.8632 13.7476
internal_count=28901 17031 11870 4106 7764 16837 783 1598 1513 3299 902 4465 2515 2443 1950 1875 2292 1760 1073 687 2397 892 594 16054 2071 1640 1214 562 2508 483
is_linear=0
shrinkage=0.05


Tree=274
num_leaves=9
num_cat=0
split_feature=21 21 0 3 3 7 0 1
split_gain=1.27774 1.18258 0.99468 0.600582 0.421318 0.899498 0.328297 0.102438
threshold=0.67203394054469012 0.49671902741587504 601.35660965990758 56.175088511826957 23.393774608406002 0.065335678749290707 452.95593458962355 732.63853165579906
decision_type=8 8 2 2 2 2 2 2
left_child=1 2 -1 -2 6 -6 -3 -5
right_child=3 4 -4 7 5 -7 -8 -9
leaf_value=-0.026659509564298453 -0.028553429226916029 0.009821484767304503 0.020108353138463778 -0.0049311452812147308 -0.020588386093206405 0.028850972020219835 0.050328681555503324 0.019925389637600176
leaf_weight=1.665507353904109 2.1299981609281535 1.3584857228306659 1.0537576013011856 0.13420599616074569 0.86996135582376233 0.8455235443325364 1.6008718481825779 0.30009683780372143
leaf_count=1573 20973 229 995 358 297 289 269 799
internal_value=-0.000694297 0.0165645 -0.0080025 -0.0193755 0.0297467 0.00543021 0.0389109 0.0141616
internal_weight=9.95841 7.39411 2.71926 2.5643 4.67484 1.71548 2.95936 0.434303
internal_count=28901 3652 2568 25249 1084 586 498 1157
is_linear=0
shrinkage=0.05


Tree=275
num_leaves=31
num_cat=0
split_feature=21 3 8 8 3 3 1 9 1 16 1 2 0 1 21 20 3 20 5 20 20 20 20 0 5 10 21 0 6 21
split_gain=2.64658 3.3541 2.60417 4.13993 3.47625 4.76207 3.30828 3.95082 2.65252 1.96505 3.3896 2.21867 5.80475 2.50529 3.8945 2.79195 2.60214 2.19276 1.94302 3.16348 1.8987 1.8885 1.87919 1.82466 1.78412 1.47967 1.35814 1.31888 1.19448 2.21069
threshold=1.5852988216045352 3.8589152499707002 0.40175102638518206 0.38782177428558301 54.669656823439404 44.552749968243511 43.061561920673462 0.10401804870080157 1169.9039510658652 1.0000000180025095e-35 1037.5400207049954 5.611966404251274 511.53803902430303 232.07872432046904 0.033272778204350907 1.8514795658007903 24.508189650801302 2.3562746189955655 -12.201653098870848 1.1483989195491753 1.0183291502908953 1.8514795658007903 38.150414534017806 521.88439262655766 14.546156582751001 4.5000000000000009 0.019545553724464901 459.28807225274454 0.43824147413616654 0.015782558774287001
decision_type=10 2 2 2 2 2 2 2 2 2 2 2 2 2 10 10 2 10 2 8 8 10 10 2 2 2 10 2 2 8
left_child=2 22 3 4 5 6 7 -1 9 10 11 12 13 14 16 26 -8 -17 19 -11 -4 27 -2 -14 -23 -9 -15 -7 -22 -30
right_child=1 -3 20 -5 -6 21 8 25 -10 18 -12 -13 23 15 -16 17 -18 -19 -20 -21 28 24 -24 -25 -26 -27 -28 -29 29 -31
leaf_value=0.09269168965340277 0.061649912913659712 -0.032758244744993142 0.010813518489344941 0.057800514661487459 -0.037749480483832823 0.072582442983129172 0.081668502229380491 -0.026180276532896236 0.026223145006370331 0.035476556097350641 -0.036832615450728183 -0.018707693301283326 0.1011311663596156 -0.037132819840574892 -0.02549305120070269 0.057524631799245711 -0.0032990421310248267 -0.010034456893838677 -0.02917362665299203 -0.022846265645080979 -0.031155174323950881 -0.013940628977203592 -0.017229297478804344 0.018862471007136148 0.033048505750368176 0.035367201530867406 -0.0030667052115429488 0.021465890235928889 0.033625773821856386 -0.024346642128801683
leaf_weight=1.1257854209252403 0.83860056185221932 8.9940726887871261 5.9123061635764351 3.0141938116576057 3.4036429404222872 3.0538604176981607 2.0855957584572202 1.4952623692661302 6.6721755437902175 3.0874664281145732 3.7058535396063235 4.961034719759482 1.2994984229590056 4.420544210181105 1.4137402162159558 1.6276749715616474 1.1667053083947392 1.7482072312122907 11.864784117642555 4.4013918390555764 9.0376922947179974 2.9975762090180078 0.6955842108145589 1.7659547993971501 3.3209352625708561 0.60840977978659794 6.7910769036534475 3.5981989406573121 1.7870872382918623 3.0119048841006579
leaf_count=484 575 10280 1013 510 579 207 469 771 1201 491 789 1160 279 498 450 604 263 648 2033 700 2089 230 477 378 255 314 764 243 373 628
internal_value=-0.000529474 -0.0211005 0.00419957 0.00822881 0.00555899 0.00805396 0.00192163 0.0445922 -0.00122248 -0.00530014 0.00255107 0.00901438 0.0157144 0.00403488 0.0323532 -0.00651764 0.0575801 0.028241 -0.017378 0.00254541 -0.0116602 0.034359 0.0332004 0.0700349 0.0118975 -0.00271991 -0.0184392 0.0513513 -0.0213447 -0.00068261
internal_weight=109.907 10.5283 99.3786 79.6296 76.6154 73.2117 60.2412 3.22946 57.0117 50.3395 30.9859 27.28 22.319 19.2535 4.66604 14.5875 3.2523 3.37588 19.3536 7.48886 19.749 12.9706 1.53418 3.06545 6.31851 2.10367 11.2116 6.65206 13.8367 4.79899
internal_count=28901 12033 16868 13484 13042 12587 11652 1387 10265 9917 6601 6377 4657 4000 1486 2514 732 1252 3316 1191 3384 935 1052 657 485 1085 1262 450 3198 1001
is_linear=0
shrinkage=0.05


Tree=276
num_leaves=31
num_cat=0
split_feature=16 11 20 1 9 13 15 20 5 20 3 8 11 12 8 13 8 7 5 11 5 4 21 3 8 7 20 7 7 21
split_gain=4.81817 2.88679 2.31885 3.15937 3.43993 2.91824 4.98954 2.90635 4.99044 4.27822 3.24736 4.76322 2.86214 5.48083 3.4931 2.87307 2.80654 4.1627 3.07418 2.62756 2.21353 2.8541 2.59196 4.43708 4.00548 4.06009 3.64858 3.24694 4.34675 4.79534
threshold=36.278754314765209 -65.331467961746839 26.512983595722051 36.556712457186109 0.43068313565362609 24.281935350989681 8.452769809936703e-09 32.928664378734105 -18.672171220499948 35.049681879180262 49.33278987828016 0.130563467193654 -97.438642749703675 -98.227130331846425 0.077003555709469942 24.054666480266956 0.1506233518936724 0.0078425887476152329 5.9285852077149004 -107.25041167555248 -42.335282577630245 -21.817577534958797 1.0008431087692702 11.827374646666902 0.15841332591553139 0.26051046525217597 47.639729392921907 -0.37683304378702193 -0.29851864529992794 2.4099229219759857
decision_type=2 2 8 2 2 2 2 10 2 10 2 2 2 2 2 2 2 2 2 2 2 2 10 2 2 2 10 2 2 8
left_child=1 2 -1 4 5 6 -4 8 10 -9 11 -5 13 20 15 -14 17 -7 -18 -20 21 -11 23 -22 -25 26 -26 -24 29 -29
right_child=-2 -3 3 7 -6 16 -8 9 -10 12 -12 -13 14 -15 -16 -17 18 -19 19 -21 22 -23 27 24 25 -27 -28 28 -30 -31
leaf_value=-0.0028505149098165317 -0.037890815842257876 0.032724441947932392 -0.048152165992479873 -0.03554603568357248 0.02476139282762406 0.013032982768113675 -0.00053425627059761613 -0.030504353935732573 0.028433950129279007 0.0089236967816490407 -0.03521231362625156 0.029109383717825718 -0.052638977217927443 -0.056766638744859849 0.025747978401494315 0.015737868211310509 0.032970285185612035 -0.044553492630993369 -0.030372042768149501 0.021411168485925253 -0.044765186125355481 -0.030007695158256811 0.038773351882682723 0.029619420418372629 0.019258140701938778 0.028451189707975756 -0.029836568659168686 0.0094116842843273707 0.011577466637515726 -0.063291171216613248
leaf_weight=447.10914245783351 7.6437841802835464 5.542939443490468 10.725552008720118 3.1738411125261381 6.214236649684608 5.0095708991866603 10.406096193939446 8.2360076494514924 30.05086947104428 7.7982932857703444 5.0327903779689223 8.1778406876837817 2.0098583751823824 2.9411764949327317 24.539768171031028 2.4291452157776803 7.6336701100226501 6.0522439766209573 4.7710960453841844 3.3400769052095693 4.9413139169337219 9.6319081152323633 8.246450479840858 8.5732531796675158 4.1891038094181647 4.9299383813049644 15.082558230729772 4.2438930852804342 60.325133840320632 3.37936236266978
leaf_count=17671 302 219 220 445 300 246 214 638 4069 301 542 1145 200 218 2535 242 619 298 297 208 282 371 748 480 207 258 745 284 5397 226
internal_value=-7.28664e-06 -0.000338137 -0.00063804 0.00299478 -0.00771766 -0.0123479 -0.0257868 0.00567973 0.0166388 0.00263314 -0.00538588 0.00961794 0.00448036 0.00135139 0.0184507 -0.0192073 -0.00120758 -0.0195559 0.0120814 -0.00903878 0.00307196 -0.0130506 0.00563108 -0.0050008 0.00214219 -0.0083805 -0.0187412 0.0108904 0.00699318 -0.0264194
internal_weight=732.381 724.737 719.194 272.085 54.1525 47.9383 21.1316 217.933 46.4353 171.497 16.3845 11.3517 163.261 134.282 28.9788 4.439 26.8067 11.0618 15.7448 8.11117 131.341 17.4302 113.911 37.7162 32.7749 24.2016 19.2717 76.1948 67.9484 7.62326
internal_count=28901 28649 28425 22193 2618 2254 434 19575 6288 13287 1765 1590 12963 9970 2993 442 1820 544 1276 505 9737 672 9065 2153 1836 1268 952 6912 6079 510
is_linear=0
shrinkage=0.05


Tree=277
num_leaves=31
num_cat=0
split_feature=7 21 2 20 7 15 2 7 9 5 0 6 5 1 0 1 12 1 20 2 0 6 20 21 0 10 16 21 16 12
split_gain=1.50943 2.3467 2.87061 1.55165 2.21414 3.28456 1.82111 3.21116 3.12025 1.77555 3.47104 3.7507 3.09944 4.55404 4.44978 3.11127 3.03404 2.67142 2.81001 4.10113 3.12842 3.00104 2.49662 3.71406 2.49532 2.71195 2.93067 2.4644 3.02138 2.37676
threshold=-0.43018585742217436 1.6694932823424551 5.2853069417313119 185.52959757266152 0.11410634629177975 3.1763735522036267e-22 5.7093478236983088 0.074024210562573259 0.24258890108141531 -2.9917064666207493 564.84690528484111 -0.16276743049579953 2.538456127386397 97.94946947678126 454.54037171701253 62.747651318965701 -97.608955248340919 52.704013039366508 26.115274366154903 5.182363892003953 417.62029722554354 0.04680076328561001 68.742823115392625 0.41557197021610309 514.80045010272511 4.5000000000000009 1.0000000180025095e-35 5.0222214554072506 8.6903779156215197 -114.7514444132219
decision_type=2 10 2 10 2 2 2 2 2 2 2 2 2 2 2 2 2 2 8 2 2 2 10 8 2 2 2 10 2 2
left_child=1 -1 -3 6 5 -5 9 -8 -9 10 -2 -12 13 -11 16 17 -15 18 -14 -20 -21 -22 23 -17 25 26 -24 28 -25 -28
right_child=3 2 -4 4 -6 -7 7 8 -10 12 11 -13 15 14 -16 22 -18 -19 19 20 21 -23 24 27 -26 -27 29 -29 -30 -31
leaf_value=-0.035512762256331654 -0.0034963189166549338 -0.029180434892526436 0.034028988674903754 -0.0092909420974111971 -0.012336620765881628 0.069517262903076901 -0.037601633949828649 0.037877332300743305 -0.022763964075495302 -0.025520724685322349 -0.025335151453643692 0.057834845555384484 -0.018444140721541595 0.10854834004157149 -0.0078488414411765368 0.017043580256395126 0.013603920230200038 0.057449929902400776 -0.0084110853203597617 0.071824126148495454 0.038708155831408596 -0.028445150157652345 0.010084687421749054 -0.018970983343732033 -0.026183966427523481 -0.024370227894803972 0.014579660684745 0.027655979408515597 0.023455460253717263 0.09216903465707238
leaf_weight=4.9339180557290083 67.867101089475909 2.1213741760002458 3.3227261058054864 1.6834860300878078 2.0099871216807514 2.8801888787420467 5.874041673494502 3.4881972885341392 3.1106227456766646 1.5154236450616734 1.2391120418324142 3.7187147529621143 4.3877404889208336 2.4450970381440156 1.681945570890093 16.135642837762134 1.5397371915169054 3.6290726579609327 5.7295210694428542 3.9718420734861857 3.0647962937364364 1.9029843734460881 5.2155536694335742 34.316152788000181 1.5862610050826331 1.3161863370914941 2.0442299530841419 2.9485534016275778 3.9024264216423035 2.2892281104577705
leaf_count=923 10068 297 466 262 375 447 1080 569 508 315 215 647 395 344 319 1835 216 317 556 399 398 247 1050 5143 337 259 330 423 585 370
internal_value=-0.000299125 -0.0135977 0.00869244 0.00518688 0.0274207 0.0440011 0.00425326 -0.0135122 0.0100577 0.00560871 -0.000333268 0.0362847 0.0099125 0.0395082 0.058118 0.00721483 0.0819506 0.0228755 0.0137553 0.023949 0.0434486 0.0125281 0.00187023 -0.00263692 0.0212666 0.029817 0.0388881 -0.010572 -0.0141513 0.0651639
internal_weight=201.872 10.378 5.4441 191.494 6.57366 4.56367 184.92 12.4729 6.59882 172.447 72.8249 4.95783 99.6224 7.1822 5.66678 92.4402 3.98483 22.686 19.0569 14.6691 8.93962 4.96778 69.7542 57.3028 12.4515 10.8652 9.54901 41.1671 38.2186 4.33346
internal_count=28901 1941 763 26960 1225 709 25735 2293 1077 23442 10803 862 12639 1491 1075 11148 560 1981 1715 1423 899 645 9167 6518 2649 2137 1923 5905 5728 700
is_linear=0
shrinkage=0.05


Tree=278
num_leaves=31
num_cat=0
split_feature=10 9 8 9 5 7 21 16 12 20 9 9 7 0 4 21 9 3 13 21 12 7 21 21 3 7 5 1 20 7
split_gain=1.51307 1.53389 2.75728 2.46642 2.76319 1.85661 4.40105 3.35643 2.86661 2.66888 5.71088 3.70755 4.23412 2.52872 2.36689 2.78063 2.32343 4.02979 3.4896 5.81844 5.47624 5.13875 3.67872 3.46886 3.0538 2.78152 2.70052 4.31463 6.62391 3.07145
threshold=5.5000000000000009 0.4891794500867786 0.14309368513879853 0.44931227344593522 -49.54651732157469 0.33617316380754675 0.7138594032304596 1.0305959579886638e-06 -117.98854440097119 132.95416655556201 0.14696874563190646 0.37409619262959387 0.18013185476298463 636.7520267493046 9.2895369873974474 0.7256591603840471 0.20713026708365281 44.552749968243511 50.179510808477836 1.6381906322763102 -111.12973669229302 -0.039023398063903862 1.5133949959522803 3.6497750548317058 40.594165334858111 -0.1541701785743825 -9.1906628790365978 57.574248050374955 42.531405721011659 -0.2161386413849766
decision_type=2 2 2 2 2 2 8 2 2 10 2 2 2 2 2 10 2 2 2 8 2 2 8 10 2 2 2 2 10 2
left_child=1 3 -3 5 -5 9 -7 8 -8 13 -11 12 -12 16 -10 -16 17 18 19 -1 -21 -20 -23 -19 -24 -22 27 28 -18 -28
right_child=-2 2 -4 4 -6 6 7 -9 14 10 11 -13 -14 -15 15 -17 26 23 21 20 25 22 24 -25 -26 -27 29 -29 -30 -31
leaf_value=-0.018897448280946541 -0.023311520043998862 0.0690585441702075 -0.0034351146701091027 0.032154481819483313 -0.028466389165612806 -0.023335365355983989 0.046224686045893693 0.068608657450837371 0.032696055861389482 -0.022560562455662819 0.082123054947285362 -0.021960809644164025 -0.0064855096464779818 -0.033786315770473717 0.039679338925980301 -0.034901438799443192 0.092528732022537433 -0.029978656525740055 -0.001864822126641369 0.067142112996609687 0.047142288085449791 0.063634589011520845 -0.0093799683038382747 0.018151986021412835 0.059882175599979118 -0.020376218500231857 -0.0021523154478860457 -0.0018983596965782862 -0.02508915725995442 -0.034712805630264666
leaf_weight=12.892320713261144 3.6552631355007179 1.5832684166962288 2.48282028286485 1.4472502921707935 8.8252206415927485 3.7412080554640887 3.817443189793269 3.7038514312880579 2.1765205448318712 3.3910952252044799 4.8343700250261481 1.0523836772772481 1.5730119789368471 3.7627027069684118 0.71393883711425665 4.618025864881929 2.2361084515578158 9.1491870075114985 8.3554226029373204 4.1904453300812774 1.0749240203585975 9.7021464581193921 4.6401624797726999 5.0969781633466482 1.2682293105171993 4.7826701729209118 21.188761650933888 17.55470473121386 1.3472795699199194 10.119984781282255
leaf_count=1870 640 258 405 311 1900 645 813 690 664 760 991 221 323 634 239 1543 358 852 1896 720 257 2035 1813 475 496 1143 3711 2795 215 1772
internal_value=-0.000113424 0.00569127 0.0328523 0.00478583 -0.0178309 0.00647629 0.0207659 0.0325145 0.0161023 0.0042397 0.0268598 0.0493367 0.0624308 0.00193907 -0.00284534 -0.0202258 0.00340688 0.00995731 0.0169593 0.002755 0.0297324 0.0299008 0.0459918 -0.0126974 0.0120031 -0.00291827 -0.00427424 0.00927443 0.0524812 -0.0134256
internal_weight=164.978 161.322 4.06609 157.256 10.2725 146.984 18.771 15.0298 11.3259 128.213 10.8509 7.45977 6.40738 117.362 7.50849 5.33196 113.599 61.1525 46.9063 22.9404 10.048 23.966 15.6105 14.2462 5.90839 5.85759 52.4468 21.1381 3.58339 31.3087
internal_count=28901 28313 663 27650 2211 25439 3236 2799 2411 22203 2433 1564 1314 19770 2290 1782 18940 10092 8765 3328 1727 5437 3275 1327 2309 1400 8848 3365 573 5483
is_linear=0
shrinkage=0.05


Tree=279
num_leaves=31
num_cat=0
split_feature=21 17 20 0 1 2 5 13 5 1 6 12 20 21 5 20 13 7 20 11 13 4 21 1 1 5 13 17 13 3
split_gain=7.68204 10.4441 3.52692 3.52007 3.57536 3.36354 4.69994 3.43768 4.3044 3.90174 3.75775 3.493 3.45343 3.43365 4.03942 4.5954 4.43118 3.11092 3.07944 2.98107 3.42847 3.50299 4.77008 2.83238 2.52892 2.37753 2.24102 2.17102 2.09907 1.81739
threshold=1.7137962444792603 4.1402118715233778 125.544222609908 160.37631664968353 117.68942028442002 5.5506321694412009 -4.6971396769359481 38.571081445025136 34.040744419176306 569.65759523350312 0.015221529896623622 -92.494870729156176 2.0498275264163703e-13 0.015782558774287001 13.440469990257702 1.6737139421197751 19.318405552645654 -0.38926223998268034 6.2622022233134356 -87.490400287026276 21.130238862014327 24.360326638644803 0.45538001125295807 1015.793849819555 1037.5400207049954 -19.713122659379394 23.115728058513387 2.1316282072803012e-14 1.0000000180025095e-35 51.486452225312512
decision_type=8 2 10 2 2 2 2 2 2 2 2 2 10 10 2 10 2 2 10 2 2 2 10 2 2 2 2 2 2 2
left_child=2 3 5 4 -2 7 17 12 9 -9 -10 24 -1 -14 15 -15 18 -7 -16 20 -17 22 -22 -19 -11 -24 -18 -20 -5 -8
right_child=1 -3 -4 28 -6 6 29 8 10 11 -12 -13 13 14 16 19 26 23 27 -21 21 -23 25 -25 -26 -27 -28 -29 -30 -31
leaf_value=0.027034374720516365 0.040165093100234077 0.026235655265464609 -0.028750285151462985 0.023389627408028343 -0.020770162838344902 0.043428193939706455 -0.036231426739927707 -0.027416777546655443 -0.0087883309625693112 -0.0011778974038750211 0.037160742035726585 0.014767057802077058 -0.011466416353944136 0.0033726136970259669 0.015596702325234808 0.058087301971504607 -0.0072057424124379798 -0.015623319299566769 -0.027616973614332869 -0.0081138821140197045 0.063101822913955941 -0.013903841320340097 -0.015809064299622113 0.031221284722700079 -0.033572106584585606 0.032769182857494125 -0.04851864461373178 0.0081834090047155708 -0.036775493218205557 0.0058452963918555999
leaf_weight=17.679903206182644 2.6405067770974702 9.4517408197280002 9.6121283780084905 0.86016861244570364 6.1061677043326199 3.0717380763962892 16.106576358200986 23.323760361527093 7.6078449866035998 15.297090071835559 8.7499532081419584 17.008198559517041 27.63617347786203 37.289736692910083 26.842256117146462 9.531394964084031 7.5231186745222667 13.153269234928304 8.3828460591612384 4.3489248548867181 5.9621965999249413 4.8864781450247392 4.7680656474549377 3.1992232359480113 9.0217636257875693 3.5164659130386946 5.4627263015136123 7.062076358939521 40.465712096658535 2.7199717634357512
leaf_count=306 260 2704 381 330 600 209 1801 1203 224 487 258 412 520 918 357 464 275 948 241 204 319 289 386 230 288 285 200 203 15506 304
internal_value=0.000416279 -0.0199685 -0.000438007 -0.029033 -0.00014107 0.000595445 -0.0130249 0.002707 -0.00573028 -0.0115246 0.0165152 -0.00211968 0.00671662 0.00421196 0.0077257 0.0155922 -0.00237914 0.00425046 0.00556971 0.0288896 0.0345879 0.0205777 0.0325408 -0.00518749 -0.0140468 0.00611912 -0.0268113 -0.0117453 -0.0350002 -0.0301642
internal_weight=359.288 59.5243 299.764 50.0726 8.74667 290.152 38.2508 251.901 81.0086 64.6508 16.3578 41.3271 170.892 153.212 125.576 70.3033 55.273 19.4242 42.2872 33.0135 28.6646 19.1332 14.2467 16.3525 24.3189 8.28453 12.9858 15.4449 41.3259 18.8265
internal_count=28901 17031 11870 16696 860 10203 3429 6774 3816 3334 482 1001 2958 2883 2768 1730 1038 1324 563 1549 1394 1133 762 1178 775 671 475 444 15836 2105
is_linear=0
shrinkage=0.05


Tree=280
num_leaves=11
num_cat=0
split_feature=20 20 15 0 9 6 7 3 20 6
split_gain=1.22721 1.15095 0.509098 1.08193 0.507029 0.479836 0.449503 0.341263 0.225684 0.174133
threshold=13.162809062982001 5.7203375950920803 3.1763735522036267e-22 616.03052936325605 0.089989926801919765 0.41474296915076364 -0.37263384789765291 26.151492609792552 11.135100155593252 0.41872485588807545
decision_type=8 8 2 2 2 2 2 2 10 2
left_child=1 -1 4 7 -3 -2 -6 -4 -8 -7
right_child=5 2 3 -5 6 9 8 -9 -10 -11
leaf_value=-0.020602837927544283 -0.027833876852422119 0.052137015728348349 -0.02473879555044179 0.032555283896165979 0.0274266526070195 0.019919841920193988 -0.018165870351125889 0.007853576223779973 0.0091104732640959613 -0.008144092405500538
leaf_weight=0.97648635842233844 1.9748046774620891 1.3357215471805841 1.2833666201040634 1.0800531207569293 0.77451505702629542 0.30654589400001087 0.70014878127039892 0.64979877334553748 0.54781069919408765 0.23614108114634291
leaf_count=502 19709 281 403 232 213 1230 275 204 216 947
internal_value=-0.000689076 0.0164266 0.0241268 0.00602653 0.0352584 -0.0190026 0.0105495 -0.0148409 -0.00746606 0.0103449
internal_weight=9.86539 7.3479 6.37141 3.01322 3.3582 2.51749 2.02247 1.93317 1.24796 0.542687
internal_count=28901 3776 1355 648 707 25125 557 607 491 2177
is_linear=0
shrinkage=0.05


Tree=281
num_leaves=31
num_cat=0
split_feature=2 20 11 3 2 21 8 8 21 8 9 3 16 8 9 9 20 20 12 1 1 1 18 1 16 2 2 21 5 1
split_gain=2.57498 2.68733 4.10746 2.33398 2.67329 2.49022 2.15931 4.14686 2.67654 2.27706 2.60307 2.23589 2.15836 1.91712 4.40802 2.47411 2.25205 1.82957 1.81427 1.78225 1.71618 1.68444 1.64343 1.25652 0.866086 0.853812 1.35105 1.21597 1.13255 0.889482
threshold=5.7933352248421039 2.3562746189955655 -81.76873362405199 2.6452701480221203 5.6274211008147148 0.026296650163411355 0.18760680264704013 0.31482792291272682 0.011862585384144402 0.054670057083601627 0.30968462742724384 26.489984415685203 1.0305959579886638e-06 0.2726992791925778 0.30788803511349988 0.11494764402651382 1.3053784027135953 0.87237327942997267 -70.990920784017291 569.65759523350312 790.77634060914158 74.970063919291718 3.4126311908591478e-07 412.55759749678754 1.0000000180025095e-35 5.5106317350272045 5.5539089803423209 0.45538001125295807 44.273043063720756 17.490925874638055
decision_type=2 10 2 2 2 10 2 2 10 2 2 2 2 2 2 2 10 8 2 2 2 2 2 2 2 2 2 10 2 2
left_child=1 3 22 -1 6 -6 9 13 12 10 -5 -10 -9 14 16 -15 -8 -11 23 21 -2 -19 25 -4 -16 -3 27 -27 29 -28
right_child=20 2 18 4 5 -7 7 8 11 17 -12 -13 -14 15 24 -17 -18 19 -20 -21 -22 -23 -24 -25 -26 26 28 -29 -30 -31
leaf_value=-0.032823140438951078 0.045598112178468375 -0.038641197397057826 0.051485201845126054 0.034695366072107846 -0.03675074449583516 0.0083390930409602462 -0.026309918208215835 -0.033241882956565348 -0.0036588733569533219 -0.03658145587329887 -0.019316872390149543 0.027612233864340543 0.029173579930742634 0.089382699428754805 0.072416949978631448 0.016690767894268613 0.022548861118758159 0.0209040937923228 -0.022046525602983445 0.016575737797731468 -0.010592087901218787 -0.036313640954818503 0.03623770454250784 -0.0033476082082264584 0.019536138688007302 0.051232770102867579 0.012875817778095862 -0.01568259978347283 0.025465034751363438 -0.036260485007777642
leaf_weight=3.1336696827202095 4.1740634526649965 9.9996492866776041 2.5360082011029617 5.5057648718357113 5.6400752775807623 5.118265159544535 4.0650608038413374 5.7913051170762664 10.986071298015307 4.8195881075371307 2.6087800755485659 10.468010291922836 0.91757699205481913 2.2108924692001901 2.3229619276535241 2.7444655058643548 3.4338043195893988 1.0445540686632737 1.1045254644122906 5.5325114324368769 1.4021622093714539 3.5472210096486378 0.17634656012523919 1.3184032086574005 2.3290934289980214 0.48148667119676414 0.58116645534755829 0.59878480555198621 0.31910569965839386 4.5715280118602095
leaf_count=293 671 11502 534 427 611 554 330 1581 214 529 203 203 250 211 203 262 278 265 261 761 226 901 202 277 204 509 607 633 314 4775
internal_value=-0.000521706 -0.000253191 -0.0155052 0.00390779 0.00575488 -0.0164145 0.00943191 0.0156665 0.00353149 -0.00295052 0.0171165 0.0121493 -0.0220283 0.0343466 0.0207128 0.058686 -0.0039163 -0.0142371 0.0214625 -0.00126798 0.0320068 -0.0218869 -0.0270566 0.0359036 0.0540823 -0.0297571 -0.0128771 0.0244331 -0.0228803 -0.0295265
internal_weight=109.483 103.907 21.687 82.2197 79.086 10.7583 68.3277 45.2692 28.163 23.0584 8.11454 21.4541 6.70888 17.1063 12.1509 4.95536 7.49887 14.9439 4.95894 10.1243 5.57623 4.59178 16.7281 3.85441 4.65206 16.5517 6.55207 1.08027 5.4718 5.15269
internal_count=28901 28004 20304 7700 7171 1165 6006 3736 2248 2270 630 417 1831 1488 1015 473 608 1640 1174 1393 897 1166 19130 811 407 19039 6527 1142 5385 5382
is_linear=0
shrinkage=0.05


Tree=282
num_leaves=31
num_cat=0
split_feature=13 11 2 21 19 7 9 1 1 1 20 1 1 15 2 8 12 20 1 11 6 20 8 5 5 1 3 7 7 8
split_gain=4.50995 2.97975 2.1219 3.27267 4.46911 3.83246 3.45652 3.29223 5.30392 4.39591 3.15236 2.05661 8.53274 4.10981 2.80367 6.57845 4.47628 2.9219 4.05305 3.94032 3.00131 2.97473 2.27249 2.04167 2.00782 1.95082 1.56018 1.72247 4.91124 5.7936
threshold=-1.0000000180025095e-35 -65.331467961746839 5.6152091747667638 0.0079934597519504911 2.5000000000000004 -0.26703318830380457 0.26470397142530194 326.9792580792386 245.76829818614854 25.820633746537506 16.566618968308504 994.59851916768662 1037.5400207049954 3.7604593776149113e-09 4.2889692245949913 0.1369588784727043 -80.992957160404572 126.76165273359852 7.2287652825019606 -125.13396182283049 0.30485837201755711 151.24247249986854 0.32695741697473585 54.841327183060002 -15.693507871979898 1195.5853786747452 0.77274652879613559 0.26051046525217597 0.34658562273499266 0.13265886466952195
decision_type=2 2 2 10 2 2 2 2 2 2 10 2 2 2 2 2 2 8 2 2 2 10 2 2 2 2 2 2 2 2
left_child=-1 2 11 -4 5 -5 7 8 9 -6 -7 14 -13 25 15 -2 17 26 -19 -20 23 -22 -17 -21 -18 -14 -16 -28 -29 -30
right_child=1 -3 3 4 6 10 -8 -9 -10 -11 -12 12 13 -15 16 22 24 18 19 20 21 -23 -24 -25 -26 -27 27 28 29 -31
leaf_value=-0.03811143614302713 -0.051868844447712774 0.034018844347038987 0.032301975409486219 -0.026217452728901209 -0.034069170038628867 -0.0079906890312208493 0.036061227762364256 0.0344506068199694 -0.069567853982047442 0.029432973954103121 0.019366496002875121 -0.032948761924394686 0.01421671140570647 -0.015723354663382375 -0.024014278066223298 0.025603794443914803 -0.0021056631835921868 -0.019096003384728114 -0.00660929956927735 0.039603874698344158 0.020837355415821022 -0.045680619453690147 -0.015102822027159013 -0.013463699183530513 0.040954888499442697 -0.0030621115154605728 -0.0029393225062920012 0.021459709348387229 0.02281703380320978 -0.012474812872232144
leaf_weight=7.000729674473404 7.5702181245433211 5.2474787312094131 9.6943280666600895 14.831698392983524 3.4125892518786811 26.514707013731822 13.537331691361031 4.502878881408833 2.0370622589252889 6.1786709389416501 16.08075522724539 25.034789054188877 35.32332012290135 29.585159752517939 6.6895071684848508 5.7801156721543512 3.6289248070679632 8.1251029823906702 11.115111339837307 20.830030784825805 3.3631117454497153 1.7505811892915515 6.0007917655166239 1.5014388777781276 8.6684891403419879 29.145987848285586 328.21801808441523 28.798860560404137 14.691401280928401 44.054846448358148
leaf_count=278 245 208 610 294 358 544 1665 545 211 647 330 223 361 280 216 219 215 1097 1757 4503 777 405 228 325 514 297 10571 1057 525 1574
internal_value=-6.85601e-06 -0.000363524 -0.000662325 0.00618468 0.00294398 -0.00520535 0.0183734 0.00229126 -0.0119038 0.00575535 0.0025446 -0.00173968 -0.00761623 -0.000597694 -0.000329823 -0.0185082 0.000437699 -0.000372366 0.0113623 0.0181007 0.0279887 -0.00568111 0.00530987 0.0356118 0.0290451 0.00647766 -0.00169294 -0.00127704 0.00491789 -0.00341477
internal_weight=728.914 721.913 716.666 96.79 87.0957 57.4272 29.6685 16.1312 11.6283 9.59126 42.5955 619.876 119.089 94.0545 500.787 19.3511 481.435 469.138 46.6854 38.5603 27.4452 5.11369 11.7809 22.3315 12.2974 64.4693 422.453 415.763 87.5451 58.7462
internal_count=28901 28668 28445 6086 4786 1138 3648 1953 1205 1005 874 22359 1059 889 21300 626 20674 19945 6303 6096 6010 1182 447 4828 729 658 13642 13391 3214 2099
is_linear=0
shrinkage=0.05


Tree=283
num_leaves=31
num_cat=0
split_feature=8 8 8 8 11 2 20 12 3 13 2 3 15 9 21 8 5 11 5 4 19 12 6 8 6 21 9 8 11 20
split_gain=1.44794 1.65071 4.82819 3.15804 2.87375 2.63822 3.17124 3.11368 4.17357 3.39946 3.04488 2.96617 4.33849 3.92228 3.10778 4.60716 2.7881 2.73237 2.6154 2.38085 2.10406 4.86169 4.19659 3.64858 4.07941 5.50963 5.4309 5.99245 4.89381 4.26053
threshold=0.007470037029259303 0.25365004255388618 0.24794497821915187 0.29810669195258305 -76.814820727773892 5.6056621465053951 89.534576726354359 -103.74104262107058 36.732904999869355 15.292859959755058 5.7802078101009107 40.368598835203805 9.8701543936188471e-09 0.13349254223644549 1.1823377758281353 0.38059935237738568 0.2354733250562511 -123.95631354141598 33.152164272903356 82.695386254239608 3.5000000000000004 -101.20673879308079 0.20148208540167725 0.19401235134747211 0.11718121991858955 1.5650716685341253 0.084797116755272142 0.066717135992877999 -112.23265385781248 10.210083150364351
decision_type=2 2 2 2 2 2 8 2 2 2 2 2 2 2 8 2 2 2 2 2 2 2 2 2 2 8 2 2 2 8
left_child=-1 2 4 -3 20 6 7 9 -9 -5 -7 12 13 -11 -15 -16 -10 -13 -8 -20 23 22 -22 24 25 -2 -27 28 -28 -26
right_child=1 3 -4 5 -6 10 18 8 16 11 -12 17 -14 14 15 -17 -18 -19 19 -21 21 -23 -24 -25 29 26 27 -29 -30 -31
leaf_value=-0.02367705305125635 -0.017623582579931189 -0.020324328946086656 0.058250260066218612 -0.017747435037595124 0.046259498567186752 -0.030528897722262367 -0.03125451457577369 -0.017715647381681059 -0.0073025608321694293 -0.0017522901664362275 0.020463196704966741 0.031976220265988287 -0.0083577498317731688 0.025429154312784377 0.12538148044261072 0.025240383054811546 0.0728592354049728 -0.0079481579028795549 0.039978309110677832 -0.025770031453129966 0.01511070705798836 -0.026708375617356967 0.07326040829502467 -0.02205719724986327 0.05860713161855028 0.063237013367759345 -0.016292001849147773 -0.024084676616761728 0.065691287017426381 0.0024996684035621598
leaf_weight=3.6210783016576888 23.779929549375083 15.268466259032719 3.7379478890215978 4.074829203193068 3.3727781468187459 9.0109171990188752 7.247326176671776 12.631136813201016 1.6173431806673775 2.3595190941705431 3.3292094214411918 7.1184988943859944 3.0274887556442991 3.9162259400472976 3.0328618009807542 2.4761231095180847 1.5137866262812165 8.4149354372639191 2.4676655514631438 1.4158408651128409 25.24074757669587 5.0254082948667929 2.7161879779305309 14.100628735992359 5.5223898539261445 3.9359549534856386 2.3829204382491307 8.3950136823987105 3.856774281564868 7.2250142778502768
leaf_count=519 2719 2454 484 302 441 1977 2556 2084 235 270 731 331 330 411 351 287 219 392 405 233 3286 833 354 1609 558 689 413 1549 669 730
internal_value=-0.00029962 0.00469831 0.00878514 -0.000366535 0.00650321 0.00398756 0.00826014 0.0136005 -0.00462021 0.0218392 -0.0162692 0.0275515 0.0429322 0.0557316 0.0689099 0.091164 0.0397081 0.0111754 -0.0149529 0.0156394 0.00475532 0.0149441 0.0230952 -0.000244705 0.00563121 -0.00200502 0.0178733 0.00240857 0.0364564 0.0293014
internal_weight=201.835 198.214 109.292 88.9222 105.554 73.6537 61.3136 50.1827 15.7623 34.4205 12.3401 30.3457 14.8122 11.7847 9.42521 5.50898 3.13113 15.5334 11.1308 3.88351 102.181 32.9823 27.9569 69.1986 55.098 42.3506 18.5707 14.6347 6.23969 12.7474
internal_count=28901 28445 14152 14293 13810 11784 9076 5150 2600 2550 2708 2337 1614 1348 988 638 454 723 3926 638 13367 5469 3640 7898 6131 4843 3250 2701 1082 1288
is_linear=0
shrinkage=0.05


Tree=284
num_leaves=31
num_cat=0
split_feature=13 21 9 6 9 11 3 9 21 4 8 4 3 2 12 3 11 7 3 3 9 13 20 3 7 9 1 19 0 7
split_gain=1.43185 4.54329 3.02206 3.0105 2.7144 5.87519 4.54377 6.37628 4.61349 4.47519 3.80325 3.56017 4.44709 4.11339 4.88501 3.43825 3.36247 2.6793 2.60388 4.83273 3.33808 3.98504 2.677 2.74187 2.86438 2.42277 4.27755 3.11426 3.46568 2.55889
threshold=59.970896225415707 0.7256591603840471 0.49080079384941838 -0.25005796786759699 0.19085036405912617 -99.118836506842243 29.781662535246756 0.17607134841226549 2.9736706688119803 2.4181232108068458 0.12872442776000528 -3.8788183860682444 26.151492609792552 5.4505684222965307 -114.53251311469153 58.875689852195208 -107.56761782973999 -0.30208032145739344 2.8736986130300006 25.807944860251254 0.30215920450233474 22.491790158823303 9.7563369227151711 28.024319203877102 -0.26275413750615545 0.34940452207839728 7.2287652825019606 3.5000000000000004 313.68497655422954 -0.071711304432885634
decision_type=2 8 2 2 2 2 2 2 8 2 2 2 2 2 2 2 2 2 2 2 2 2 8 2 2 2 2 2 2 2
left_child=1 3 4 -1 6 11 8 -8 9 -2 -11 12 -6 -13 -15 -14 -16 -3 -19 20 -20 -22 -21 -24 -25 26 -26 -28 -29 -30
right_child=2 17 -4 -5 5 -7 7 -9 -10 10 -12 13 15 14 16 -17 -18 18 19 22 21 -23 23 24 25 -27 27 28 29 -31
leaf_value=0.0095065102015831418 -0.014541506002203787 -0.016564998590943139 0.05586085027899429 -0.033024313876045576 0.085083421768620771 -0.033824235319105188 -0.014205954914252967 0.065499215792796842 -0.02717694535867074 -0.00095509336940539913 0.070326612892449028 -0.021269553154106793 -0.012476021398722989 0.055491449582086752 -0.028131296087670656 0.049594851009309202 0.024364344013113826 0.052352307267469922 -0.030855574088317475 -0.01399598584873038 0.050622796393471385 -0.028520572323216094 0.061411144968536238 0.062268315471117996 0.054934058261105173 0.036220041063206108 -0.022096825635939822 -0.030018172433873919 -0.0052307555495225292 0.053792569365282053
leaf_weight=5.3465060131275139 2.1544212957378557 9.8406627191579883 2.3997271947446279 13.254413807590025 2.0041397953464175 9.3106244088557997 13.77384176867781 2.0226526451297104 1.822151817876146 2.244805879658089 9.4992925074184296 12.324966031825173 5.1695037621248057 4.3158834240166462 5.3853723679494578 2.5703561176196672 4.8536497652821717 2.5394128563057157 10.237812637409659 5.3804041497351136 2.5754872157122017 1.9967604870325883 3.045371171028818 2.105417163809757 2.377675692609059 6.1891600219823886 11.412235848139975 2.2043154624407171 2.6421878928667883 4.0042075793608083
leaf_count=573 348 1471 510 1420 200 2045 2298 338 449 369 1562 2789 445 1081 1791 221 1615 361 2546 509 529 410 308 210 243 632 1273 275 326 494
internal_value=-0.000120795 0.000257853 0.00955141 -0.0209383 0.00742283 -0.000393837 0.0184769 -0.000708193 0.036644 0.0462738 0.0576958 0.00877806 0.0331071 -0.000912431 0.016585 0.0114533 -0.00329285 0.00640439 0.0106081 0.00773781 -0.0158897 0.0171442 0.0168014 0.0219385 0.0162513 0.0109159 0.00275917 -0.00565871 0.0156283 0.0327132
internal_weight=165.003 85.152 79.8514 18.6009 77.4517 45.9345 31.5172 15.7965 15.7207 13.8985 11.7441 36.6239 9.744 26.8799 14.5549 7.73986 10.239 66.5511 56.7104 54.171 14.8101 4.57225 39.361 33.9806 30.9352 28.8298 22.6406 20.2629 8.85071 6.6464
internal_count=28901 11939 16962 1993 16600 10090 6510 2636 3874 2246 1931 7056 973 6083 3647 666 3406 9946 8064 7410 3683 939 3727 3434 3079 2945 2316 2261 1104 820
is_linear=0
shrinkage=0.05


Tree=285
num_leaves=31
num_cat=0
split_feature=21 13 13 12 11 12 20 2 9 8 5 21 9 6 4 4 21 8 15 13 1 1 16 1 9 0 3 1 7 0
split_gain=7.2867 9.40017 5.16268 4.07806 4.18313 3.04832 3.53987 3.30364 2.752 5.92518 3.69735 2.72088 2.67202 4.0033 3.09546 4.2635 3.80719 2.99653 2.58206 2.53616 3.19858 3.84411 2.43147 3.8417 2.37487 3.63347 3.26327 2.06083 1.99867 2.60656
threshold=0.7256591603840471 23.339902398423352 -1.0000000180025095e-35 -112.29555940380627 -87.054311641607484 -89.492072595616136 6.780489744390251 4.6477937739410029 0.12886155820399384 0.37292961637359673 40.824473432431255 1.6694932823424551 0.43747580079640452 -0.05762745041660499 31.036217556156952 8.1612751710325124 0.033272778204350907 0.32290525199877973 1.9411607191581012e-09 23.499283017348429 759.68446809534464 356.54983976618405 1.0000000180025095e-35 883.2628233153406 0.43437640898072699 405.89538710306152 52.140222506536958 8.2238632934143272 0.14648944210457041 365.91234663925303
decision_type=8 2 2 2 2 2 8 2 2 2 2 8 2 2 2 2 10 2 2 2 2 2 2 2 2 2 2 2 2 2
left_child=8 2 -2 -4 5 6 -5 -8 9 22 12 24 14 -14 15 17 -17 -10 -18 -16 21 -21 23 -1 26 -26 27 -3 -9 -30
right_child=1 11 3 4 -6 -7 7 28 10 -11 -12 -13 13 -15 19 16 18 -19 -20 20 -22 -23 -24 -25 25 -27 -28 -29 29 -31
leaf_value=-0.024587609156825559 0.033814760579668528 0.023498788749370773 -0.033989792857215581 0.016735942851425975 -0.029002120202174925 0.04576774749300213 0.024805002775273779 -0.031291113448438178 -0.020544370969714412 0.017953576498995909 0.025827847197193401 -0.038784617836517161 0.0083607741731831064 -0.032941127079546224 0.0063066904627706553 0.008466552461137665 0.013617127301866431 0.016179490986071132 0.052270206301350333 -0.030516643938758293 -0.034573591850110073 0.021477519336584854 -0.030710605622891088 0.01215564143984575 0.040542194726530423 -0.029779546791073655 0.034221312343104771 -0.031337960884198816 -0.025159640576128423 0.026123566464201893
leaf_weight=13.465600769442975 8.3269534390419704 1.1412918348214685 9.8309381108265352 20.281959226937033 9.6133009751210938 3.3132565866690147 4.3672590724891078 12.251183207146825 13.009805776411671 16.225570753100328 18.379774770699441 28.170708133024164 10.736234598094601 11.128741796244865 28.024268608191051 29.127484923927113 8.2343102560844308 8.2786078439094108 10.90330825850833 4.8054884796729374 10.636337249889037 8.174610134912653 17.25280653568916 13.121426441241054 3.2803517766296872 2.289704333175905 1.4824318966129792 22.166128648328595 3.9765261347638452 3.9348808092763647
leaf_count=233 516 232 653 1276 570 200 464 1497 318 279 339 9715 234 243 579 457 257 202 340 204 321 347 305 227 456 319 294 4514 441 437
internal_value=0.00042221 -0.012784 -0.00110252 -0.00583597 -0.000545246 0.00561386 0.00171077 -0.0108814 0.0019314 -0.00712865 0.00532543 -0.0276583 0.00253035 -0.0131822 0.00544977 0.0122646 0.0203594 -0.00617808 0.0371411 -0.00378755 -0.0155354 0.0014223 -0.0166052 -0.00667051 -0.0164267 0.011502 -0.0229047 -0.0277965 -0.019418 0.000416217
internal_weight=355.931 134.427 75.8963 67.5693 57.7384 48.1251 44.8118 24.5298 221.504 60.0654 161.439 58.5306 143.059 21.865 121.194 69.5535 48.2651 21.2884 19.1376 51.6407 23.6164 12.9801 43.8398 26.587 30.3599 5.57006 24.7899 23.3074 20.1626 7.91141
internal_count=28901 24887 4703 4486 3425 2911 2820 2607 4014 1033 2981 20184 2821 477 2344 1277 757 520 597 1067 713 551 775 460 5695 775 4920 4746 2463 878
is_linear=0
shrinkage=0.05


Tree=286
num_leaves=9
num_cat=0
split_feature=21 21 0 6 13 1 12 7
split_gain=1.16721 1.08778 0.91683 0.57383 0.405845 0.138049 0.842618 0.0864659
threshold=0.67203394054469012 0.49671902741587504 601.35660965990758 0.45219081230114183 24.234325592416571 429.96897114809104 -96.905968704704748 -0.37683304378702193
decision_type=8 8 2 2 2 2 2 2
left_child=1 2 -1 -2 -3 6 -6 -5
right_child=3 4 -4 7 5 -7 -8 -9
leaf_value=-0.026183520283843676 -0.028067234802762176 -0.00068798701805916195 0.018886795824974822 0.018940273468084183 0.0021993516971055417 0.015389178882844032 0.067130753838369514 -0.0044347054973503698
leaf_weight=1.5937816693494873 2.0212981619461066 0.94520414377984696 1.0729776309599399 0.31099348932366511 0.82400256631081281 2.2978183066261408 0.61978153211748499 0.11871830468408007
leaf_count=1535 20822 219 1033 876 273 475 206 334
internal_value=-0.000683652 0.0159691 -0.0078441 -0.0188148 0.0285153 0.0344819 0.046137 0.0138975
internal_weight=9.80458 7.35357 2.66676 2.45101 4.68681 3.7416 1.44378 0.429712
internal_count=28901 3652 2568 25249 1084 774 479 1210
is_linear=0
shrinkage=0.05


Tree=287
num_leaves=31
num_cat=0
split_feature=20 11 0 2 5 13 13 1 21 11 1 20 8 4 7 1 3 10 9 12 21 7 12 6 3 15 5 1 3 6
split_gain=2.42591 3.53966 2.54704 2.2082 2.22207 2.77889 2.00277 3.97323 2.74699 3.13872 3.74086 3.71969 2.9602 2.60255 3.4217 1.87945 1.86375 1.86247 4.05335 1.92785 1.62081 2.31643 1.46149 1.69957 1.44751 1.50094 1.88793 0.840364 0.678834 0.54857
threshold=20.897065842984304 -81.76873362405199 656.21101433614206 5.6274211008147148 28.276171804239404 13.90926050429078 21.433920580311128 781.51583054040555 0.011862585384144402 -103.31725525762748 174.31786986738854 2.3562746189955655 0.27867806236147535 7.0567379337957208 -0.067370720466922926 142.28704808227954 24.508189650801302 2.5000000000000004 0.32597901252248779 -105.11076162384948 0.026296650163411355 -0.051806482868851582 -115.16658598123472 0.34634523695017999 34.179978312691311 3.2154570810699496e-09 41.39460363517761 896.56573464537814 48.876696775016256 -0.20963616279891004
decision_type=10 2 2 2 2 2 2 2 8 2 2 10 2 2 2 2 2 2 2 2 10 2 2 2 2 2 2 2 2 2
left_child=2 -2 3 4 6 -6 7 -1 -8 11 12 17 16 14 -12 -3 -11 18 22 27 28 -22 -10 -24 -7 26 -26 -20 -5 -15
right_child=1 15 -4 20 5 24 8 -9 9 10 13 -13 -14 29 -16 -17 -18 -19 19 -21 21 -23 23 -25 25 -27 -28 -29 -30 -31
leaf_value=-0.0018304992460436464 -0.036935154675908313 0.038304669554807158 0.035175806554030069 -0.041525979451971368 0.021955984761937081 -0.033939649508110514 -0.014643834121169711 0.056410404526152869 0.028795064141052918 0.079661031203105456 -0.031150041277670643 -0.029539845531165967 -0.021845976197592511 -0.0085557814029251864 0.036773678458427404 -0.022635187731182067 0.00070463788325333 0.048120103312103646 -0.017606298193985039 0.099676007819240464 0.025631456541893693 -0.025195641902871182 -0.030386688930349834 0.019909433008040166 0.045075925927102196 -0.030329220207040632 -0.014180723391640865 0.033035797751067894 -0.0061603037513534662 -0.037743641957597385
leaf_weight=5.5177979663421857 7.7332786686165482 2.4814836461591785 5.2356842785375193 4.3545106796227628 4.1635283685900548 7.6266202018887261 12.063073050070669 5.0968898138671648 1.5016908033867435 1.7181970505626087 2.1487378732563238 2.0013961389631731 1.0649694662424734 3.0099779322335953 3.6393074294319367 1.1725280524988191 1.0556509305461075 8.6357523563929135 0.7012082570581718 0.68824629977461882 3.6925162262923559 3.2948338856949704 4.3757290573848815 1.630848989341757 1.6561639914289139 1.6908721037034409 1.9991524920915251 0.70884746219962835 2.3501158261206001 6.1289209163951472
leaf_count=241 11950 691 606 714 481 1099 1626 222 209 480 240 268 406 602 406 326 295 850 244 208 352 315 664 248 260 214 314 247 386 1225
internal_value=-0.00052192 -0.0192442 0.00423454 0.00212607 0.00538369 -0.0101359 0.00978783 0.0285843 0.00540736 0.0118189 -0.00293372 0.0249888 0.035726 -0.0144949 0.0106836 0.0180879 0.0577614 0.0321955 0.0146931 0.0628663 -0.0157177 0.0015105 -0.0045762 -0.0158382 -0.0212697 -0.000695402 0.016583 0.0109961 -0.0315381 -0.0299224
internal_weight=109.139 11.3873 97.7512 92.5156 78.8236 17.1363 61.6872 10.6147 51.0726 39.0095 18.7658 20.2437 3.83882 14.9269 5.78805 3.65401 2.77385 18.2423 9.60657 2.0983 13.692 6.98735 7.50827 6.00658 12.9728 5.34619 3.65532 1.41006 6.70463 9.1389
internal_count=28901 17596 11305 11094 9327 1980 7347 463 6884 6649 3936 2713 1463 2473 646 1017 775 1796 1679 633 1767 667 1046 912 1870 676 574 491 1100 1827
is_linear=0
shrinkage=0.05


Tree=288
num_leaves=31
num_cat=0
split_feature=16 11 20 6 21 7 9 3 5 5 5 6 20 21 0 11 1 21 11 20 17 2 20 6 15 2 0 20 9 7
split_gain=4.23319 2.5645 1.94845 3.25126 6.42001 2.53155 4.19056 3.27227 2.88334 2.34241 5.23799 3.90572 3.60866 5.6823 5.32149 3.24748 2.67278 3.22109 2.50448 2.58121 2.31029 3.76397 3.86584 3.28281 2.77507 2.6431 5.09412 3.80262 2.78621 3.95341
threshold=36.278754314765209 -65.331467961746839 28.935070710465954 -0.26654960626390473 0.3670215638358581 -0.23556655806102264 0.3585632738893994 35.669013469088704 51.712722824332957 47.699501169675209 34.040744419176306 0.043045894276071868 3.6129695438774054 0.59017216486717261 362.78807230727551 -115.31320111852499 412.55759749678754 2.6367506372545653 -104.09966008882999 0.87237327942997267 1.0000000180025095e-35 5.6599185589240193 32.928664378734105 0.018680974364243989 7.9035992575808403e-09 5.2763836823257195 407.71708414692358 41.541395141797658 0.42622788806125006 -0.23556655806102264
decision_type=2 2 8 2 8 2 2 2 2 2 2 2 10 10 2 2 2 10 2 10 2 2 8 2 2 2 2 8 2 2
left_child=1 2 9 4 -4 6 7 -6 -7 10 12 -12 18 -14 16 -16 17 -15 19 -1 25 22 -22 24 -24 27 -27 -5 29 -28
right_child=-2 -3 3 20 5 8 -8 -9 -10 -11 11 -13 13 14 15 -17 -18 -19 -20 -21 21 -23 23 -25 -26 26 28 -29 -30 -31
leaf_value=0.018655712826262254 -0.037295520331535367 0.031537548654612856 -0.028748807918336668 -0.013706831307237342 0.016974216532240259 0.033319804608791116 0.030393334639359004 -0.046909234912618281 -0.014729099135795287 0.011221854544167083 -0.005844029619617306 -0.032320220929631098 -0.029362507365916016 -0.041839113277303185 -0.022979208557018824 0.010914999617984962 -0.0033370523551052599 -0.0030627682333969437 -0.0019220578650418138 0.0020044165212734217 0.0294162886271872 0.023290387927465399 -0.041244528600300395 -0.004794703024772428 -0.0066365426837470785 -0.040793758014335171 -0.0216762057563358 0.017921849228392874 0.027959300821682961 0.0067603216286932603
leaf_weight=36.807347424328327 6.8473945576697588 5.2425230281660333 6.6612150080036372 11.02948150341399 2.6021660686237738 28.322822164394896 5.815140467020683 4.1683453327277675 2.9274356057867408 27.793743556831032 32.31406039558351 24.244303156621754 24.235175235196948 13.775432935217399 7.1591484751552334 53.980252520414069 22.48465771926567 8.6645020765718055 145.20491217530798 61.270123010035604 4.6018200876424089 8.2279206481762213 14.628975743660707 38.483944714884274 9.9120081756263954 6.7259561684913924 16.616092683630995 47.54993909643963 8.0198839632794243 38.970044420217164
leaf_count=317 273 209 673 885 222 3298 572 355 341 405 334 250 754 407 308 2320 538 256 1058 527 279 536 855 2402 580 670 1667 3815 827 3911
internal_value=-3.35976e-06 -0.000371473 -0.000649857 0.00284368 0.014074 0.0210773 0.00190169 -0.0233317 0.0285016 -0.00259919 -0.0035162 -0.0175577 -0.0013492 -0.00803135 -0.00292855 0.00664021 -0.015812 -0.0276362 0.00224791 0.00837868 1.9259e-05 -0.00685235 -0.0108057 -0.0141561 -0.0280736 0.00408431 -0.002448 0.0118366 0.00217549 -0.00197292
internal_weight=725.287 718.439 713.197 255.263 50.4971 43.8359 12.5857 6.77051 31.2503 457.934 430.14 56.5584 373.582 130.299 106.064 61.1394 44.9246 22.4399 243.282 98.0775 204.766 75.8547 67.6267 63.0249 24.541 128.911 70.332 58.5794 63.606 55.5861
internal_count=28901 28649 28425 21746 5099 4877 1238 577 3639 6679 6413 584 5829 4056 3702 2628 1074 663 1773 844 16647 4938 4093 3934 1435 11709 7009 4700 6556 5578
is_linear=0
shrinkage=0.05


Tree=289
num_leaves=31
num_cat=0
split_feature=20 13 17 15 8 4 8 4 15 8 15 1 6 19 6 7 5 13 9 20 13 11 20 20 3 1 19 5 0 6
split_gain=1.42046 2.51721 1.47113 1.98412 1.67705 2.54527 2.75843 2.79202 3.18961 3.17036 4.51324 5.0738 5.37246 4.86281 3.00988 3.23452 2.67276 2.55746 2.80696 3.98063 3.25843 2.8268 5.55843 4.37766 3.60986 3.46662 2.86031 2.96811 2.84429 3.206
threshold=0.58555727809401004 42.588095011036422 5.9108516989147324 7.4356511232580896e-08 0.41150892979219894 75.17472392481092 0.40772313625469409 54.37078630917096 2.9544387894295567e-08 0.10672653896869023 1.5881867761018134e-22 994.59851916768662 -0.34089768561616379 2.5000000000000004 -0.20592886456736084 0.47475123193176932 51.712722824332957 20.515252201812384 0.16835927518819818 194.99239088385153 21.341676123364575 -108.27641187303949 8.3083276378800424 4.1186842531238508 25.418299304668203 322.36990468859602 4.5000000000000009 -0.46368444422054894 384.26478298008209 0.015221529896623622
decision_type=8 2 2 2 2 2 2 2 2 2 2 2 2 2 2 2 2 2 2 8 2 2 10 10 2 2 2 2 2 2
left_child=1 -1 3 4 5 6 7 14 9 -9 11 12 -11 -12 15 -2 -7 -16 19 -19 -20 23 24 -22 25 -23 27 28 -25 -30
right_child=2 -3 -4 -5 -6 16 -8 8 -10 10 13 -13 -14 -15 17 -17 -18 18 20 -21 21 22 -24 26 -26 -27 -28 -29 29 -31
leaf_value=-0.036328938925587001 -0.017542585137156074 0.0097726825451463269 -0.029074001757083745 0.028386856823929482 -0.0070858025473737908 -0.036954220440023826 0.057981676294996148 -0.0049430510522780538 -0.022260220601440662 0.055400511830068236 0.019342333419719342 0.068049464320391315 -0.031208143199228468 0.081779213743767579 -0.017395953841397332 0.04839844109730132 0.0025330700006095559 -0.013374032914857748 0.063568417784979694 0.04143575752095733 -0.00993646902425541 -0.0068084899087108297 -0.018979860942267945 -0.00089932536225234127 -0.015334905800146452 0.075122242032854752 0.066437136103734501 -0.013829191401018171 0.078590899628504102 0.015567946871429015
leaf_weight=4.8262720887141759 21.208566080400491 5.349485992861446 2.143916575354524 8.0736156576313078 26.457095158199081 5.5046650837175592 1.8003113803861197 6.449513894069244 3.1941916553769261 1.3717570018780012 7.0705661857209625 1.5693414909765122 6.5920758196443776 6.0520258423639461 8.0157063745427859 1.0702996676263863 12.220600611530243 18.350782141933454 2.6060942808398968 3.00487435190007 6.8471019374555864 1.5924719634349589 13.66347915260121 4.1296763228310853 2.3310509099683259 3.5017642120365053 4.6414027099963278 3.7876762132800623 3.6615097714820868 4.6678664350765757
leaf_count=422 4172 467 313 1179 4005 341 281 761 361 258 532 254 1241 455 1307 211 758 3599 420 589 539 367 3804 258 590 807 378 313 260 331
internal_value=-0.000303821 -0.0133871 0.00498961 0.00552577 0.004358 0.00634545 0.00865665 0.00758037 0.0201784 0.0254206 0.0339079 0.00657962 -0.0117738 0.0518894 0.00347693 -0.0124317 -0.0110485 0.00796167 0.0109522 -0.00415345 0.0171841 0.0134821 -0.000401125 0.0236849 0.0319812 0.0525959 0.0346565 0.0222515 0.033433 0.0487267
internal_weight=201.756 10.1758 191.58 189.436 181.362 154.905 137.18 135.38 32.2995 29.1053 22.6558 9.53317 7.96383 13.1226 103.08 22.2789 17.7253 80.8015 72.7858 21.3557 51.4301 48.824 21.0888 27.7352 7.42529 5.09424 20.8881 16.2467 12.4591 8.32938
internal_count=28901 889 28012 27670 27453 22516 21417 21211 3654 3432 2528 1541 1499 987 17557 4383 1099 13174 12481 4188 8293 8053 5871 2182 1880 1174 1701 1344 779 591
is_linear=0
shrinkage=0.05


Tree=290
num_leaves=31
num_cat=0
split_feature=10 8 8 21 8 20 7 6 12 3 12 9 3 6 5 9 8 4 12 21 6 4 19 15 3 21 5 3 3 21
split_gain=1.39425 1.33999 1.88754 4.70629 4.60465 4.37825 3.5997 3.3348 2.79223 4.37484 2.3885 2.22165 3.41631 2.07709 1.88282 5.9737 4.65642 3.57312 2.78975 2.45228 2.10624 2.0795 4.6054 4.76515 3.18302 2.99315 3.19946 2.8533 5.16314 2.82387
threshold=5.5000000000000009 0.007470037029259303 0.12872442776000528 0.7138594032304596 0.14518166376233224 20.39368656702565 -0.18548751116242809 0.13304891261974208 -115.16658598123472 33.044848894547705 -99.22068224875072 0.43574743148595735 57.873578278531802 0.018680974364243989 -33.961325592647533 0.22848265912793544 0.27461631215578203 -17.459499448823646 -126.16484913710499 4.1733410201028009 -0.45782566165403255 44.17700634999121 4.5000000000000009 9.0938351627995577e-09 39.841361465408006 1.4603657370400203 23.347589582020007 25.046102322502502 38.36334948499016 0.67203394054469012
decision_type=2 2 2 10 2 8 2 2 2 2 2 2 2 2 2 2 2 2 2 10 2 2 2 2 2 8 2 2 2 8
left_child=1 -1 3 -3 5 -4 8 -7 -5 10 -10 14 -13 -8 15 18 -17 -18 -6 20 -16 29 25 24 -24 -23 -27 -28 -29 -22
right_child=-2 2 4 6 11 7 13 -9 9 -11 -12 12 -14 -15 19 16 17 -19 -20 -21 21 22 23 -25 -26 26 27 28 -30 -31
leaf_value=0.030666971175234609 -0.022794490900873945 -0.03396857693170776 -0.011384757394385351 -0.014699982345886785 0.033168587711543553 0.094553661218157975 -0.022186395382908251 -0.0012176980626247887 -0.028599385776250576 0.07629628666053441 0.03894896138023024 -0.026563163032278788 0.0334919060912326 0.010008169766985653 -0.024803361391084841 -0.0068063882463338986 0.016349589977038483 0.092258140321605897 -0.024223225160918002 -0.027619073849611056 0.018021357872454315 -0.0082707540823717118 0.091457160345915611 -0.013351742713868102 0.0080197203611470109 0.059761647446778789 -0.030667409856936442 0.059201420452503734 -0.012328743827137528 -0.009530764020702279
leaf_weight=4.1070828703523139 3.5404021499562077 9.3903704749827721 1.9347523276228464 2.1864945584675306 1.9872575858607913 2.8382625461672437 9.7460317559307494 1.1579965521523263 2.0474769560096355 3.4673087545670569 1.2938044312468235 10.010378706909249 2.1039110659039579 8.562999251880683 4.1246593705436672 2.7998610864160574 2.9917932766838948 4.0014900803216724 6.5257856576936337 4.6775263937015552 13.4216878049192 15.021983640908731 3.7546845873584989 1.9422059061471371 1.7771173188230021 3.2512599113979403 2.6210271028685392 3.7085316917218725 4.8351793589827139 25.18627938098507
leaf_count=720 620 1747 293 353 250 518 1610 212 582 679 367 2153 452 1415 764 281 255 342 819 859 3062 2034 572 271 271 614 447 447 583 5747
internal_value=-0.000124623 0.0053835 0.00453417 -0.00529177 0.00754098 0.0471623 0.00542237 0.0721128 0.0296329 0.0439291 0.000503384 0.00510318 -0.0143747 -0.00739072 0.00751889 0.0216311 0.0464025 0.0658919 -0.00874754 0.00423755 0.00642777 0.00843536 0.0167533 0.0493082 0.069984 0.00713951 0.0226924 0.00787225 0.0216699 0.000260633
internal_weight=165.016 161.475 157.368 36.6945 120.674 5.93101 27.3041 3.99626 8.99508 6.80859 3.34128 114.743 12.1143 18.309 102.628 18.3062 9.79314 6.99328 8.51304 84.3221 79.6446 75.52 36.912 7.47401 5.5318 29.438 14.416 11.1647 8.54371 38.608
internal_count=28901 28313 27865 6828 21037 899 4478 730 1453 1334 949 20138 2605 3025 17533 2051 982 597 1069 15482 14745 13837 5028 1042 843 3986 2724 1902 1030 8809
is_linear=0
shrinkage=0.05


Tree=291
num_leaves=31
num_cat=0
split_feature=21 13 20 12 6 6 7 7 4 2 15 0 13 6 5 20 8 11 5 8 9 13 13 15 15 20 20 12 12 0
split_gain=6.86915 9.23773 3.28606 3.2911 2.73092 4.55791 8.51525 4.72783 5.02447 4.30091 4.02531 3.90453 4.27188 3.93521 3.18773 5.44263 4.63153 5.15419 5.24497 4.05398 2.59282 2.5915 2.56073 2.34625 3.7987 2.44168 5.41468 2.29765 2.34238 2.9556
threshold=1.7137962444792603 13.90926050429078 125.544222609908 -111.22547329670412 0.46859314727445428 0.3753447741896761 -0.19679224203699916 -0.38165372045272367 7.4284991621554513 4.8130754520387766 4.7222008852093088e-09 179.49145490248551 16.124342799716739 0.3097604173104927 1.3166638082711499 6.780489744390251 0.16754267888726473 -99.904340383991993 -9.4728253878125983 0.099646262611379668 0.21264772823849756 14.664302009337591 23.552129902663669 4.8367342660548645e-09 2.6334451984856936e-09 4.528915043210656 8.3083276378800424 -98.5219150861477 -102.81592103539884 434.92434940099309
decision_type=8 2 10 2 2 2 2 2 2 2 2 2 2 2 2 8 2 2 2 2 2 2 2 2 2 10 10 2 2 2
left_child=2 -2 3 21 5 7 -7 27 9 -9 -11 -10 -13 14 16 22 19 20 -19 -14 -18 -1 -16 24 25 -23 -27 28 29 -5
right_child=1 -3 -4 4 -6 6 -8 8 11 10 -12 12 13 -15 15 -17 17 18 -20 -21 -22 23 -24 -25 -26 26 -28 -29 -30 -31
leaf_value=0.0059600088478275505 0.014787652384877559 -0.03116123935975277 -0.028427954515741673 0.03588350851586275 -0.026548507463900348 -0.020581633153081019 0.042294366260643979 0.018505233785419427 -0.034283375779628283 -0.041475059774576079 0.00370744140595696 0.027590988788441823 0.0087285075964293069 -0.026511913005830629 0.015764311170832501 -0.030532506066105081 -0.0033039221697049592 -0.012820493646211233 0.031735784754140177 0.047567821559021624 -0.049392314650121255 -0.034829248174802679 -0.006784517754215221 -0.039478742500438861 0.029377221401126214 0.073985753347269895 -0.029580403564679027 0.0022613091130762753 0.050760392308872582 -0.013307941619016312
leaf_weight=11.995480934972873 14.037018931121564 41.625629899092019 9.186214355286209 5.471047016675592 6.8107230906607583 6.9914076995337409 16.874008657061495 5.0645633386448052 6.1970737702795295 17.197673538117673 6.5488381248433143 15.321849837608168 15.832223364966923 11.271494923392311 21.789595340262167 14.563911874080075 6.1249932141508898 11.23005539912265 13.690886811353266 11.447731571213808 5.4029017154243775 9.0107186111854478 27.243314007297158 10.001583639881572 3.9157350920140743 1.0369656034745287 2.3868829330895096 12.193234634120016 7.1741812280379254 5.0250293115386739
leaf_count=598 4295 12736 367 220 226 228 549 200 204 744 283 516 504 411 204 576 391 254 310 365 344 662 255 658 268 203 467 344 244 203
internal_value=0.000425163 -0.0195174 -0.000518266 0.000467878 0.00257814 0.00350126 0.0237878 0.00119026 -0.00176475 -0.0206144 -0.0293683 0.00173393 0.00339599 0.000542759 0.00312571 -0.00476123 0.0109483 -0.000810788 0.0119375 0.0261327 -0.027123 -0.012977 0.00335069 -0.0214999 -0.0088606 -0.0221924 0.0114202 0.0193362 0.0303664 0.0132239
internal_weight=352.663 55.6626 297 287.814 249.467 242.656 23.8654 218.791 188.927 28.8111 23.7465 160.116 153.919 138.597 127.326 63.5968 63.7288 36.4488 24.9209 27.28 11.5279 38.3474 49.0329 26.3519 16.3503 12.4346 3.42385 29.8635 17.6703 10.4961
internal_count=28901 17031 11870 10203 8291 8034 777 7257 6414 1136 1027 5278 5180 5055 4682 2514 2168 1299 564 869 735 1912 459 1734 1118 914 670 843 601 423
is_linear=0
shrinkage=0.05


Tree=292
num_leaves=10
num_cat=0
split_feature=20 20 15 1 6 9 7 20 6
split_gain=1.11947 1.0729 0.458305 1.01173 0.458053 0.457703 0.43423 0.207448 0.167013
threshold=13.162809062982001 5.7203375950920803 3.1763735522036267e-22 587.32640895481211 0.41474296915076364 0.089989926801919765 -0.37263384789765291 11.135100155593252 0.41872485588807545
decision_type=8 8 2 2 2 2 2 10 2
left_child=1 -1 5 -4 -2 -3 -7 -8 -6
right_child=4 2 3 -5 8 6 7 -9 -10
leaf_value=-0.020258941439271944 -0.027325137017196362 0.049432309973610929 -0.022265564559013476 0.023738259960911907 0.019507826392125054 0.026550682591247023 -0.017916005757136571 0.0084187289917937915 -0.0080108133008942022
leaf_weight=0.94479035157747049 1.8714202189312348 1.3815626113319024 1.0659692105982699 1.9077455471742721 0.30699433592235537 0.782452810162798 0.68364105481668858 0.54801237829815364 0.23130901592594455
leaf_count=488 19512 288 232 416 1242 216 273 218 935
internal_value=-0.000676681 0.0158218 0.0231966 0.00579429 -0.0184265 0.0336512 0.0100174 -0.00767674 0.0101624
internal_weight=9.7239 7.31417 6.36938 2.97371 2.40972 3.39567 2.01411 1.23165 0.538303
internal_count=28901 3776 1355 648 25125 707 557 491 2177
is_linear=0
shrinkage=0.05


Tree=293
num_leaves=31
num_cat=0
split_feature=21 3 3 8 3 8 3 21 0 1 1 4 21 21 0 0 3 2 1 7 9 15 15 2 1 5 2 20 8 1
split_gain=2.31551 3.20541 2.39359 2.43278 3.97294 3.33873 3.46581 3.01138 5.34635 2.26341 2.42692 4.88496 4.12235 3.09308 2.64069 3.4571 2.97465 2.28334 1.95352 1.94776 1.89295 2.42207 2.67452 1.77752 1.73164 2.08134 1.71129 1.64042 1.61635 0.923753
threshold=1.5852988216045352 3.8589152499707002 2.6452701480221203 0.40175102638518206 54.669656823439404 0.38782177428558301 44.552749968243511 1.3256380276142401 293.13468262150553 1226.8968512683102 234.38705736971954 27.008293533379256 0.77466426013281253 0.0079934597519504911 464.17080512271707 533.57941757656806 21.130486560568652 5.529370536312217 587.32640895481211 -0.17386628378232502 0.2506769706007948 1.7940158696243878e-09 3.4061967623025479e-09 5.6240571403008195 408.82263230782752 -9.4728253878125983 4.9316258622614022 38.150414534017806 0.11859997613154352 433.97872339614304
decision_type=10 2 2 2 2 2 2 10 2 2 2 2 8 10 2 2 2 2 2 2 2 2 2 2 2 2 2 10 2 2
left_child=2 27 -1 4 5 6 7 9 -9 10 11 12 -4 19 29 16 -16 -18 28 -13 21 23 -23 -5 25 -8 -22 -2 -17 -12
right_child=1 -3 3 20 -6 -7 24 8 -10 -11 14 13 -14 -15 15 18 17 -19 -20 -21 26 22 -24 -25 -26 -27 -28 -29 -30 -31
leaf_value=-0.032954983827159834 0.057590581121493969 -0.032276740815564427 0.061601362323425439 -0.029975424465856305 -0.037365698756221546 0.056800142515911249 0.034318074076588066 0.10169057320088395 -0.021564805962726027 0.030185093700757382 -0.037626844215465298 0.062254168100030385 -0.023722751102953993 -0.036413371484338396 -0.012715675057072051 0.036632808455144369 0.011383281964581365 0.073017710762288468 -0.035302588908052247 -0.017857389153769464 0.017071226137398914 0.056138906169314745 -0.0091450665801278436 0.027151023029059008 0.043059396457869846 -0.023046110250190145 -0.035405852835939895 -0.016514884390873744 -0.023065583223315572 -0.012737818676303622
leaf_weight=3.2338142242515451 0.90509545753593723 8.4610124773171247 5.0754030722455363 4.5006984780920956 3.3443986782367574 2.9855486933665816 1.9578188234154383 1.0029767582746003 1.0555612644675418 4.9846718164044432 4.5982233478571315 0.78988309083797603 1.2589164609089483 4.1534540535358246 2.8331267124303841 1.6430623735213907 3.3883611428609592 2.5361626875819638 4.4491373800556175 0.71189514790603492 1.282591038281679 2.3982401627872614 2.467383033639635 0.9532074531307444 8.8904329234064772 2.4188244511315133 7.1586409606970847 0.64750517130596563 1.1016988821793345 17.614484477453516
leaf_count=552 613 10167 1482 976 557 501 268 711 748 861 551 583 367 1664 334 579 333 250 957 525 242 209 215 207 627 331 1351 439 389 2110
internal_value=-0.000531653 -0.0202353 0.00392772 0.00550431 0.00943715 0.0120415 0.00937682 0.00380628 0.052102 0.00110722 -0.00231635 0.0164647 0.0437212 -0.0160471 -0.00848627 0.00680722 0.0265859 0.0445022 -0.0175768 0.0323201 -0.0102571 0.00417065 0.027118 -0.0173312 0.0314425 0.00422495 -0.0264687 0.0323228 0.0129103 -0.0192891
internal_weight=108.802 10.0136 98.7886 95.5548 76.794 73.4496 70.4641 57.197 2.05854 55.1385 50.1538 11.9896 6.33432 5.65523 38.1643 15.9515 8.75765 5.92452 7.1939 1.50178 18.7608 10.3195 4.86562 5.45391 13.2671 4.37664 8.44123 1.5526 2.74476 22.2127
internal_count=28901 12033 16868 15996 12796 12328 11920 10985 1459 9526 9356 4115 1849 2266 5241 2580 1032 583 1548 1108 3200 1607 424 1183 935 599 1593 1052 968 2661
is_linear=0
shrinkage=0.05


Tree=294
num_leaves=31
num_cat=0
split_feature=10 21 6 9 3 6 2 7 20 6 17 17 20 3 5 1 20 9 13 13 5 4 20 21 3 21 8 3 12 5
split_gain=4.01311 1.91995 2.88178 2.59398 3.42443 2.30622 3.1037 4.21534 3.73675 2.61811 2.60639 8.77787 2.5829 2.13509 3.29125 3.89917 3.08209 2.72054 2.8431 7.63183 3.75081 5.61976 2.36973 3.38993 2.38597 4.34763 3.36587 3.28133 3.21486 3.17308
threshold=11.500000000000002 0.77466426013281253 -0.46669740087549533 0.010166757423471841 36.308952444328057 -0.45359690598340757 5.6688614324817213 -0.2161386413849766 200.12517988850152 -0.41496582169055868 2.6523414681527937 2.1329726935291062 42.050117281447008 20.078561235010302 -42.335282577630245 3.8877108623370304 1.8514795658007903 0.24456702062807192 19.318405552645654 23.000703746606529 21.061892849493454 57.061013354462759 2.0894628097485701 1.0340350535176752 44.262651094969407 1.3477636560726551 0.14518166376233224 54.669656823439404 -115.64064265246751 -16.369126736759846
decision_type=2 8 2 2 2 2 2 2 10 2 2 2 8 2 2 2 8 2 2 2 2 2 10 8 2 10 2 2 2 2
left_child=1 -1 -3 4 -4 -5 9 8 12 -7 11 13 -8 14 -11 -16 -17 18 -18 -20 -21 -22 23 -15 26 -26 29 -27 -28 -24
right_child=-2 2 3 5 -6 6 7 -9 -10 10 -12 -13 -14 22 15 16 17 -19 19 20 21 -23 24 -25 25 27 28 -29 -30 -31
leaf_value=-0.0030241303821867643 -0.033005522248355783 0.027361602168455353 0.0065802128142130939 -0.029541464158899369 -0.058635406672107364 0.024892004018162359 -0.017085162692220789 0.031611070152342879 -0.051002346826032566 -0.025883044638980803 0.01853013197605851 -0.052782811128518882 0.03456437488442702 -0.028317880616592236 -0.028972078204556186 -0.0049835948865288842 0.038058141151223968 0.029711669845915091 -0.052757156339968053 0.028626408735409614 -0.079557648818803478 0.019013817923672013 -0.041448972066626233 0.014664396157221411 -0.025941451205606755 0.022300738524659483 -0.029040710568732989 -0.0014857854253910452 0.0016681977148508818 -0.0095516021528322774
leaf_weight=341.6146663663676 8.5180330295115709 10.011962652788496 3.5960282569285482 4.7062277065124354 3.1049914078321308 10.143853570451027 3.7818876757519364 18.550824729376473 2.4472632033284754 5.9214738477021447 17.311600246233866 6.9362922247964889 4.057515268912538 4.3599859038367867 4.9549482482252634 16.972429271205328 4.7652605908224386 27.918402831302956 4.5072449666913625 12.011849552742207 1.3931732691125951 2.9268059587338939 12.492351094959302 33.016963328234851 10.550894183688795 22.271564287599176 9.0482629500329406 38.156591994455084 55.545669658225968 20.438207630533725
leaf_count=13709 341 654 241 304 209 615 382 2062 208 515 1039 427 409 353 436 1570 569 3311 623 1913 205 430 671 2675 309 673 553 1152 3397 1097
internal_value=-4.52316e-06 -0.000322467 0.00216064 0.00138995 -0.0273282 0.00200696 0.00251343 0.017941 -0.00732794 0.00107893 0.000226293 -0.000909927 0.0105336 0.000521419 0.00732765 0.0102386 0.0133613 0.0191633 0.00697704 -0.00154749 0.0148138 -0.0217542 -0.00219107 0.00904331 -0.0047217 0.00223882 -0.00975892 0.00750136 -0.00301063 -0.022517
internal_weight=722.033 713.515 371.901 361.889 6.70102 355.188 350.481 28.8375 10.2867 321.644 311.5 294.188 7.8394 287.252 81.3716 75.4501 70.4952 53.5227 25.6043 20.8391 16.3318 4.31998 205.88 37.3769 168.504 70.9791 97.5245 60.4282 64.5939 32.9306
internal_count=28901 28633 24279 23420 450 22970 22691 3205 873 19486 18700 18129 791 17910 7082 6642 6523 6348 3058 2881 2601 635 10828 3028 7800 2082 5718 1825 3950 1768
is_linear=0
shrinkage=0.05


Tree=295
num_leaves=31
num_cat=0
split_feature=7 21 21 20 7 15 0 7 0 5 2 5 4 0 1 12 6 6 1 6 12 20 1 1 9 1 21 9 9 7
split_gain=1.41867 2.14011 2.65923 1.45689 1.8968 2.87728 1.52094 3.13286 2.85831 1.60788 3.20754 3.1838 2.99734 4.78298 4.341 3.40229 2.7712 2.70259 2.45703 2.90917 4.30885 2.29905 3.30517 2.98674 2.6623 2.60684 2.52936 2.32201 2.21705 2.21532
threshold=-0.43018585742217436 1.6694932823424551 2.6795352799531407 185.52959757266152 0.11410634629177975 3.1763735522036267e-22 603.34851862249104 0.074024210562573259 647.65295864162806 -2.9917064666207493 5.6434075484568114 -26.776510842816069 37.837324724859009 454.54037171701253 97.94946947678126 -97.608955248340919 0.22439243203660689 -0.38089444512002485 62.747651318965701 -0.049735402444112335 -105.35843099787847 63.739414573086357 226.90533684943102 348.10090296225104 0.11494764402651382 176.22926772786954 5.0222214554072506 0.058740693385789029 0.22465023602099879 0.14648944210457041
decision_type=2 10 10 10 2 2 2 2 2 2 2 2 2 2 2 2 2 2 2 2 2 10 2 2 2 2 8 2 2 2
left_child=1 -1 -3 6 5 -5 9 -8 -9 10 -2 -12 13 14 -11 -16 -15 -14 19 -19 -21 22 26 -24 27 -26 -20 -23 -17 -28
right_child=3 2 -4 4 -6 -7 7 8 -10 12 11 -13 17 16 15 28 -18 18 21 20 -22 24 23 -25 25 -27 29 -29 -30 -31
leaf_value=-0.035148802190808348 -0.0035426238345652068 0.031528294231442537 -0.029165947817982193 -0.0092172080797814065 -0.011544426103982999 0.063993543773925646 -0.03714659375941845 -0.021970792225174212 0.036705510795177462 -0.0059560043828339407 0.066539562556631862 -0.004792362265987447 -0.020063095815789866 -0.032701021374773091 0.089530164005639956 -0.023865450162472573 0.033549505678408642 0.042007970146251745 -0.034816272977959577 -0.014002841376805644 0.050187075361054614 -0.00073791818929936227 0.031069344812427971 -0.0026329560075532884 0.036950440653869307 -0.014224164295038803 -0.02561348051455882 0.082374045115332514 0.043932787919130578 0.041109348997563702
leaf_weight=4.6745645830815183 67.618387386086397 3.411453405744397 2.0923485438106582 1.6682330592884698 1.9233576568076385 3.0581571944640018 5.5460074328875626 2.9335146711382558 3.5272380396781955 2.6795393078064071 2.3989974458236256 2.6664735072990879 8.3403434481588175 3.4010616803716411 4.3733199195412471 1.2830621103930757 1.5098284063278695 9.3367816382960918 9.5544929453171772 8.252285328635482 2.6529388888739014 1.1993227175553367 7.9182679286168414 24.502060354308924 3.0315657221944994 5.5808960550930351 1.354072842106691 1.676609402988106 1.7838974774349479 1.781046927499119
leaf_count=891 10050 473 290 250 354 459 1059 489 588 385 408 454 958 968 616 253 430 715 1225 730 235 238 779 2409 595 1094 284 333 351 374
internal_value=-0.000302605 -0.0134689 0.00751781 0.00489239 0.0263216 0.0410559 0.00398427 -0.0125634 0.0106896 0.00519907 -0.000468113 0.0343909 0.00927353 0.0291479 0.0473908 0.0650325 -0.0101027 0.00546904 0.00846247 0.0229733 0.00451668 0.00296402 -0.00224459 0.00628177 0.021958 0.00575923 -0.022896 0.0564665 0.0166754 0.0130664
internal_weight=201.73 10.1784 5.5038 191.552 6.64975 4.72639 184.902 12.0068 6.46075 172.895 72.6839 5.06547 100.211 15.0307 10.1198 7.44028 4.91089 85.1807 76.8403 20.242 10.9052 56.5983 45.1099 32.4203 11.4884 8.61246 12.6896 2.87593 3.06696 3.13512
internal_count=28901 1941 763 26960 1225 709 25735 2293 1077 23442 10803 862 12639 2851 1453 1048 1398 9788 8625 1550 965 7075 4815 3188 2260 1689 1627 571 604 658
is_linear=0
shrinkage=0.05


Tree=296
num_leaves=31
num_cat=0
split_feature=10 9 8 9 4 13 7 21 21 6 8 2 20 9 9 7 0 5 3 9 4 7 20 12 13 5 6 11 3 3
split_gain=1.3084 1.3075 2.30998 2.09304 2.50433 1.75745 1.65223 3.77164 2.88923 4.48412 3.0244 2.92742 2.34608 4.72068 3.1031 3.14895 2.32213 2.14208 2.14093 2.07264 3.0661 3.3273 3.70742 3.37203 3.21815 3.19329 3.55396 2.99387 2.88394 2.79897
threshold=5.5000000000000009 0.4891794500867786 0.14309368513879853 0.44931227344593522 -19.436179994368597 19.674135732622393 0.33617316380754675 0.7138594032304596 1.0340350535176752 -0.13085282197319389 0.29608234858683674 5.1742375907475067 132.95416655556201 0.14696874563190646 0.37409619262959387 0.18013185476298463 636.7520267493046 12.335649290283355 32.863872271584107 0.2228596735667159 20.809337120963402 -0.25487103537761241 19.921369285771352 -108.40581656392162 24.812398955449691 -13.9547800255102 -0.27534172407972018 -105.22713270295249 39.339077051083407 43.957074715818358
decision_type=2 2 2 2 2 2 2 8 10 2 2 2 10 2 2 2 2 2 2 2 2 2 10 2 2 2 2 2 2 2
left_child=1 3 -3 6 -5 -6 12 -8 17 10 -10 -11 16 -14 15 -15 19 18 -9 29 25 22 -22 24 -24 26 27 -21 -27 -1
right_child=-2 2 -4 4 5 -7 7 8 9 11 -12 -13 13 14 -16 -17 -18 -19 -20 20 21 -23 23 -25 -26 28 -28 -29 -30 -31
leaf_value=0.014150439102373192 -0.022346973576352781 0.061435168444421685 -0.0036507743416055735 0.029894583241492967 0.015091452739093694 -0.037277242548003006 -0.022572564790821984 -0.022616698346752281 0.070556078145576434 0.021973744308030382 -0.0072389052456450706 -0.034723699321933137 -0.021672235472876621 0.070764332995687421 -0.021631176045342333 -0.0057694662133511961 -0.033384190609373456 0.097696396684985351 0.051275622782348644 0.060568483156690257 -0.025906912009298552 -0.035429124376920446 -0.0061718624674253833 -0.020200136750918089 0.060453952214538732 -0.0032551381854909324 -0.01350255021087253 -0.011751499674990762 0.089456673115717242 -0.0095458689331211384
leaf_weight=51.32837606157409 3.4494195795268752 1.7560502857086255 2.4896836331172381 1.496836103557144 1.4229702884913411 6.8955103066400625 3.576883963483855 1.1098159131361209 3.2068629479326818 3.2783322444010956 1.5320863247325176 3.9835769029450603 3.2313357400416853 5.3551763151772338 1.0196288316219577 1.5233233226463196 3.5679028113081586 1.4220592175843192 0.98384568869369105 2.7211909705074513 7.3628998396743652 11.016232892638071 2.5703376305464287 3.1099718014593156 4.0173387488466688 1.2628333171014687 11.838016547553705 1.87325614900329 1.1541512064577544 15.579981965536716
leaf_count=8324 604 274 389 337 366 1774 606 343 432 526 207 639 706 1023 202 291 601 402 304 365 1237 1970 220 507 343 221 1905 251 202 2527
internal_value=-0.000127544 0.00521988 0.0298487 0.00437151 -0.0169311 -0.0276608 0.00589227 0.0192487 0.0296723 0.0153415 0.0485263 -0.00956646 0.00377488 0.0247144 0.0439952 0.0552341 0.0015979 0.0643601 0.0174569 0.00297551 -0.0050183 -0.0152741 -0.00101861 0.0185331 0.0370709 0.0102579 0.00104838 0.0342521 0.05424 0.00857331
internal_weight=165.136 161.686 4.24573 157.441 9.81532 8.31848 147.625 19.0935 15.5166 12.0009 4.73895 7.26191 128.532 11.1295 7.89813 6.8785 117.402 3.51572 2.09366 113.835 46.9262 28.0768 17.0605 9.69765 6.58768 18.8494 16.4325 4.59445 2.41698 66.9084
internal_count=28901 28313 663 27650 2211 2140 25439 3236 2799 1804 639 1165 22203 2433 1564 1314 19770 995 647 18940 8089 5021 2867 1582 563 3068 2645 616 423 10851
is_linear=0
shrinkage=0.05


Tree=297
num_leaves=31
num_cat=0
split_feature=21 13 20 12 6 6 7 7 4 0 15 2 13 6 5 13 15 3 15 13 13 20 1 1 0 1 7 1 13 10
split_gain=6.46705 8.59017 3.09887 3.06859 2.55063 4.11012 7.69518 4.36504 4.65991 4.03389 3.88913 3.62104 3.8992 3.59133 4.36449 4.01325 5.67564 4.73099 2.83717 2.74266 2.48251 4.21106 2.7505 2.40248 2.37864 2.71942 2.24667 3.50864 2.1333 4.98674
threshold=1.7137962444792603 13.90926050429078 125.544222609908 -111.22547329670412 0.46859314727445428 0.3753447741896761 -0.19679224203699916 -0.38165372045272367 7.4284991621554513 246.21930811846701 4.7222008852093088e-09 4.4969804159043507 15.946004896217937 0.16708052157987832 1.3166638082711499 19.567680339640258 1.7561864097000917e-09 5.2189001066067959 2.2863191964393781e-09 33.18923079133652 24.869827848859703 1.0183291502908953 811.50581098087707 356.54983976618405 400.60078130671855 575.5904210305531 0.0034422438712535812 326.9792580792386 23.893970016477407 2.5000000000000004
decision_type=8 2 10 2 2 2 2 2 2 2 2 2 2 2 2 2 2 2 2 2 2 10 2 2 2 2 2 2 2 2
left_child=2 -2 3 23 5 7 -7 -5 9 -9 -11 -10 -13 14 20 -16 17 -17 19 -15 21 -14 26 -1 -25 -26 27 -22 29 -3
right_child=1 28 -4 4 -6 6 -8 8 11 10 -12 12 13 18 15 16 -18 -19 -20 -21 22 -23 -24 24 25 -27 -28 -29 -30 -31
leaf_value=-0.029817911681798422 0.014008546693506941 0.030790436574459502 -0.028060259150952734 0.018450240265026421 -0.025896469050044862 -0.020041641250508082 0.039719476607529593 0.017564933890189215 -0.033297534213036835 -0.04092917926274367 0.0036311917581986794 0.027050933351189556 0.0052789987862729201 0.026668221448579082 0.018173203413354742 0.040157920067779303 -0.035505723544317032 -0.0095630413545892221 -0.028786344853128667 -0.013892870140874612 0.04281836632732159 0.044729415215295443 0.01731294213227157 0.019646522459241939 0.01834613451656569 -0.023408520213872422 -0.031435468110415338 -0.025487482574016691 -0.040144983340514542 -0.02988064482738096
leaf_weight=12.463676664920056 13.814742541289887 3.6145683610811856 8.927755731798241 29.992245897825342 6.7390979970805347 6.9306530908215818 17.18321257585194 5.1133133076364201 6.1256684279651372 16.722018452535853 6.5539495366392657 14.382097478315698 13.751353822764944 5.514391321805312 12.830599164823068 5.2493912074132849 15.690455370000562 19.439565272710752 15.317277758964337 10.571740816929378 2.7177184737520346 12.919948959955944 15.685416959575376 6.9612165546277565 4.4491660901694603 13.895241418795193 6.4777684636064805 2.8683564657112584 23.97589687560685 12.632492976961657
leaf_count=631 4354 564 359 999 225 223 554 205 203 738 289 486 232 266 503 296 746 1095 587 509 253 218 749 263 200 624 609 267 9859 1972
internal_value=0.00042951 -0.0192666 -0.000596891 0.000353381 0.0023836 0.00327432 0.0224292 0.001062 -0.00179599 -0.0200936 -0.0287493 0.00156483 0.00316345 0.000516928 0.004871 -0.00527139 -0.0129801 0.00216039 -0.0140958 0.000758658 0.014704 0.0253152 0.00397918 -0.0127357 -0.00350854 -0.0128567 -0.0133556 0.00920001 -0.0307576 -0.0153802
internal_weight=349.511 54.0377 295.473 286.546 248.776 242.037 24.1139 217.923 187.931 28.3893 23.276 159.542 153.416 139.034 107.631 53.21 40.3794 24.689 31.4034 16.0861 54.4206 26.6713 27.7493 37.7693 25.3056 18.3444 12.0638 5.58607 40.223 16.2471
internal_count=28901 17031 11870 10203 8291 8034 777 7257 6414 1136 1027 5278 5180 5066 3862 2087 1920 1391 1204 775 1775 450 1325 1912 955 824 1134 520 16540 2536
is_linear=0
shrinkage=0.05


Tree=298
num_leaves=9
num_cat=0
split_feature=0 7 6 3 17 3 8 6
split_gain=1.08771 1.61478 0.954117 0.954585 1.10856 0.920627 0.698373 0.511154
threshold=527.1413022096566 -0.020030487700321228 -0.084776678877403797 19.306530252211353 1.0000000180025095e-35 32.308427364858758 0.09386839141789062 -0.29468202000451077
decision_type=2 2 2 2 2 2 2 2
left_child=2 6 3 -1 5 -5 -2 -8
right_child=1 -3 -4 4 -6 -7 7 -9
leaf_value=-0.022191591022354865 -0.0098337657523798142 -0.020126499801999667 -0.028457513689579134 0.046415330509167615 -0.018157351617747914 -0.012306617350442551 -0.0067328429137238788 0.051004482769499329
leaf_weight=0.98753641684561744 0.29433718810833198 0.8992219646806916 2.0465368802815647 1.7791434331284133 0.69003191548654286 0.41400632130535087 0.18980723269487754 2.4079989099809596
leaf_count=2273 360 1796 7377 3167 1320 737 210 2660
internal_value=-0.000667654 0.0239722 -0.00721337 0.00755538 0.0208352 0.0349477 0.0393316 0.0460871
internal_weight=9.70862 3.79137 5.91725 3.87072 2.88318 2.19315 2.89214 2.59781
internal_count=28901 7571 21330 8909 5516 3904 3539 2870
is_linear=0
shrinkage=0.05


Tree=299
num_leaves=31
num_cat=0
split_feature=20 11 13 4 4 1 1 7 4 12 6 17 4 11 9 8 0 3 11 12 6 1 7 1 6 20 6 9 0 3
split_gain=2.22439 3.28705 2.28778 3.19412 2.10207 2.48843 3.22361 2.53371 4.44289 2.41804 1.85062 1.82095 2.3878 1.84123 1.69718 3.71309 2.61043 1.93464 1.8022 3.26611 2.74968 1.66274 1.64248 1.85499 1.30205 1.16572 1.27635 1.13291 1.22284 1.08593
threshold=20.897065842984304 -81.76873362405199 13.90926050429078 58.276171804239404 50.687319053081403 174.31786986738854 125.60781976932851 0.32418278466924916 27.008293533379256 -104.68848201272499 0.35699111209060425 1.0000000180025095e-35 21.129120003084655 -81.073334731952443 0.12090062882184684 0.27461631215578203 391.23527532044608 42.40295649551026 -105.60907869071099 -111.02266150485049 0.12041628648152726 142.28704808227954 0.023430928936791332 771.89019116886914 0.40266042491068371 1.3053784027135953 -0.18563164537223079 0.031650725795994823 511.53803902430303 39.339077051083407
decision_type=10 2 2 2 2 2 2 2 2 2 2 2 2 2 2 2 2 2 2 2 2 2 2 2 2 8 2 2 2 2
left_child=2 -2 -1 4 5 6 11 14 9 -9 27 13 -13 -4 15 17 -17 -7 19 -16 -21 -3 -6 -24 29 -8 -27 -5 -29 -20
right_child=1 21 3 10 22 7 25 8 -10 -11 -12 12 -14 -15 18 16 -18 -19 24 20 -22 -23 23 -25 -26 26 -28 28 -30 -31
leaf_value=0.034226084621148199 -0.03666585924631862 0.035149338520002897 -0.02828373591370343 0.009655670413865244 0.042388120491233167 -0.032795839165687318 0.074494732652064855 0.0037014422254208739 -0.030709953067696596 0.065697973310740454 0.015064979919783276 0.06257373634500657 -0.019989304062978819 0.030456203196074762 -0.021607091321406268 0.044700960752017731 -0.0022593895305750801 0.013810067402194049 -0.036122663810547323 0.040227120915278317 -0.016400407361228542 -0.02220826632949971 -0.028610502410094302 0.030935606693970375 0.012320312571665541 0.041089330095835958 -0.020480912946283254 -0.039939224578259325 -0.0030222558100741642 0.0031463555234170861
leaf_weight=4.917336018435889 7.2688463061058419 2.5791975626634684 3.9906904231174876 1.554093309154269 5.5735778126836513 5.6516285203542838 2.1475152381462999 2.6324841562600358 2.0416783429391216 3.4337826827395457 2.8240764911897713 1.2158515516930504 0.82404322714137379 0.91304591600782992 8.2416650478262454 5.7446443137014276 5.1092187329777516 2.6609463787899585 10.553300786923508 5.0334069459931881 2.6352041730424389 1.1253490387316558 1.7863598710100645 1.4654648882860781 1.5100084871082797 0.60999989189440595 0.871101711905792 8.1682305904832884 3.1994423376454506 1.8974530806881373
leaf_count=572 11656 708 1542 203 560 458 377 238 236 310 352 342 232 353 505 295 263 215 1566 426 223 309 243 200 222 246 352 1127 442 282
internal_value=-0.00052749 -0.0187564 0.00407579 0.00211967 0.00637496 0.003189 0.0243347 -0.0010743 0.0232024 0.0431255 -0.0177114 0.00242981 0.0336172 -0.0140405 -0.00547174 0.0059555 0.0242696 -0.0179959 -0.0127593 -0.000981518 0.0211208 0.0167085 0.0280083 -0.000811064 -0.025219 0.0566703 0.0112176 -0.0254423 -0.0306334 -0.0303492
internal_weight=108.18 10.9734 97.2063 92.2889 76.5431 67.7177 10.5722 57.1454 8.10795 6.06627 15.7458 6.94363 2.03989 4.90374 49.0375 19.1664 10.8539 8.31257 29.871 15.9103 7.66861 3.70455 8.8254 3.25182 13.9608 3.62862 1.4811 12.9218 11.3677 12.4508
internal_count=28901 17596 11305 11150 9186 8299 3106 5193 938 548 1964 2469 574 1895 4255 1231 558 673 3024 974 649 1017 887 443 2050 637 598 1692 1569 1848
is_linear=0
shrinkage=0.05


Tree=300
num_leaves=31
num_cat=0
split_feature=16 11 2 8 8 20 5 5 1 1 3 20 20 3 21 3 5 7 1 4 1 9 21 9 3 15 21 6 1 15
split_gain=3.84725 2.3851 1.82821 6.6151 3.50556 2.25553 2.49614 3.2951 4.02899 3.57331 2.66324 2.61503 2.33533 1.95878 1.68249 2.12875 1.61957 4.7441 2.44939 2.34508 3.37716 4.60746 4.24559 3.51087 3.06425 3.48054 2.56231 4.39811 4.02022 4.74288
threshold=36.278754314765209 -65.331467961746839 4.2889692245949913 0.1369588784727043 0.32695741697473585 103.473155514574 50.709324003732959 -33.961325592647533 970.9031270305386 4.780027304635456 46.359795381666657 136.00205144781202 358.01915913724105 67.84861298359651 5.1702990276045915 56.933711578146507 -42.335282577630245 0.045546327619339529 421.90950332724606 5.3301852222115764 287.78613661763404 0.10591266724547578 2.1361170061336754 0.30419827513804171 28.675861941389503 1.4627684554571115e-09 0.92788864074659105 0.24414342403388159 85.723130429267869 2.2158193815468849e-09
decision_type=2 2 2 2 2 8 2 2 2 2 2 8 10 2 8 2 2 2 2 2 2 2 10 2 2 2 10 2 2 2
left_child=1 2 3 -1 -5 13 7 10 9 -9 11 -7 -11 14 16 -16 17 18 -4 20 21 -18 23 -23 25 -22 28 -28 29 -21
right_child=-2 -3 5 4 -6 6 -8 8 -10 12 -12 -13 -14 -15 15 -17 19 -19 -20 26 24 22 -24 -25 -26 -27 27 -29 -30 -31
leaf_value=-0.044640173313145765 -0.036822723507035235 0.030989487349149886 0.021050234266826725 0.030188214055280604 -0.016109781198112863 -0.021103078884846305 -0.015833190229525049 -0.0078080547996124561 -0.0093727678054083049 0.029209491439465447 -0.026867449821789926 0.034340469583471235 -0.029742197922478342 -0.020498943997739563 0.029080564183830256 -0.008660187054616823 0.034168295274894907 -0.027010892864049521 -0.011380811044635251 -0.0089355746212165035 -0.010150453618329593 -0.053319000978117953 0.019338421214529996 -0.0044392998421178649 0.030230604601122497 0.022119361972155045 0.0079307440310540343 -0.0098292122963898106 -0.0065574391313433459 0.03541586335221867
leaf_weight=9.3048378636594897 6.3108325768262148 5.0144501965260133 11.303731811000038 7.1852402221411458 7.2648398312740028 2.7472316458588493 9.5166716184467059 8.2936104832915571 12.725739082787184 41.486733509576879 8.7845616315025818 4.1626743630040428 0.97587442980147898 11.943546792492269 9.0936252474784833 5.3396765869110823 4.2809926179470521 20.820283733308315 10.165212319465352 10.664836777024906 17.010032932972543 7.406703069573271 4.8157124356366694 6.8760252860374749 18.945237030740827 14.669875500025226 123.30474062077701 47.49893866176717 259.29315315722488 11.953869390534235
leaf_count=266 254 202 245 239 242 423 1160 1456 1839 8503 730 642 200 340 340 200 212 421 221 272 374 282 232 261 429 323 6870 2646 3326 305
internal_value=-3.0734e-06 -0.000365227 -0.000630756 -0.0139793 0.00737556 -0.000147494 0.00724524 0.010182 0.0152141 0.0214406 -0.00986409 0.0124161 0.0272015 -0.00125907 -0.000830815 0.0154617 -0.00127049 -0.0105675 0.00587154 -0.00050544 0.0076857 -0.00780542 -0.0184459 -0.0316175 0.0148523 0.00501218 -0.00185842 0.0029634 -0.00477999 0.015011
internal_weight=719.159 712.849 707.834 23.7549 14.4501 684.079 88.6931 79.1764 63.482 50.7562 15.6945 6.90991 42.4626 595.386 583.443 14.4333 569.009 42.2892 21.4689 526.72 74.0046 23.3794 19.0984 14.2827 50.6251 31.6799 452.716 170.804 281.912 22.6187
internal_count=28901 28649 28425 679 481 27746 10814 10477 9172 8912 1305 1065 8703 16932 16831 540 16291 856 466 15435 2303 1157 921 543 1146 697 13132 9516 3616 577
is_linear=0
shrinkage=0.05


Tree=301
num_leaves=31
num_cat=0
split_feature=8 7 21 0 20 1 2 7 9 4 0 5 4 1 6 5 8 8 20 3 10 20 12 1 1 3 6 20 21 12
split_gain=1.36449 1.37989 2.03731 2.49822 1.38904 1.89829 1.44528 3.02393 2.73314 1.58714 2.96483 2.76867 2.71289 3.99955 3.57606 2.6182 3.83641 3.48123 4.29452 2.99125 5.65076 2.88146 2.34099 2.27551 2.35459 4.15487 3.18133 2.16456 3.35368 2.40742
threshold=0.007470037029259303 -0.43018585742217436 1.6694932823424551 394.72406602217956 185.52959757266152 771.89019116886914 5.7093478236983088 0.074024210562573259 0.24258890108141531 27.008293533379256 564.84690528484111 -26.776510842816069 32.538456127386404 97.94946947678126 0.059442272483674514 -39.329532698164108 0.40358736492104713 0.29810669195258305 44.546471965589106 44.262651094969407 2.5000000000000004 37.079065448341709 -104.40595008047599 62.747651318965701 43.061561920673462 26.333251295175103 0.015221529896623622 68.742823115392625 0.41557197021610309 -107.7750516721235
decision_type=2 2 10 2 10 2 2 2 2 2 2 2 2 2 2 2 2 2 8 2 2 8 2 2 2 2 2 10 8 2
left_child=-1 2 -2 -4 6 -6 9 -8 -9 10 15 -12 13 -11 22 16 17 18 -3 20 -20 -19 -15 24 25 -14 -26 28 -25 -29
right_child=1 4 3 -5 5 -7 7 8 -10 12 11 -13 23 14 -16 -17 -18 21 19 -21 -22 -23 -24 27 26 -27 -28 29 -30 -31
leaf_value=-0.023367741439925985 -0.034797427866579543 -0.019794212087564305 -0.028778545963526143 0.03021393695856274 -0.0052440013766871466 0.045081134256461194 -0.036809496934466807 0.036053157644859585 -0.021514923586604912 -0.025036959448076331 0.062285569590234194 -0.0042081099418652132 0.040352358648648327 0.042281895673148828 0.087713585832546445 -0.010892796821290152 -0.033765514938805051 0.069199167756333502 0.10121014564163755 0.0010528010010539466 -0.021351348746837966 0.0039312028253016751 -0.025585046330107039 0.016736360972961911 0.070103161945178863 -0.0079698961469422992 -0.0012155619914417828 0.0041363137340401568 -0.0096338388402590694 0.048607209218585759
leaf_weight=3.543385692726587 4.4311775581445536 8.3599164645129402 2.0376191732357265 3.4660563411889598 2.7315214368281895 3.8889788177330047 5.2645226984459432 3.5356290383497262 2.885090774652781 1.4428772965038659 2.5112088863970721 2.6113110274600331 6.0098524389322927 1.6338264135411036 2.688012753991643 40.49483864204376 3.4356538799474947 3.6930441228032596 1.7278659637668199 4.1823915555141866 0.98353756923461333 2.8422362995916037 1.5373746186669444 16.127839396067429 3.4839909786242069 11.477973257569827 2.3493353929952718 8.7082419498474337 39.779867171251681 3.8599672048003395
leaf_count=508 854 631 279 474 496 706 1019 584 477 289 418 435 495 315 483 6029 275 270 394 490 224 207 297 1853 297 944 201 1807 4570 801
internal_value=-0.000302574 0.00440226 -0.0129377 0.00730647 0.00538092 0.0263543 0.0044763 -0.0118766 0.010772 0.00566363 -6.24483e-05 0.0332381 0.00971671 0.0371919 0.0539323 -0.00311734 0.00930451 0.0172794 0.00331742 0.0303013 0.0629779 0.0451024 0.0111345 0.00715393 0.0202986 0.0099209 0.0454055 0.00244944 -0.00186634 0.0203701
internal_weight=201.725 198.182 9.93485 5.50368 188.247 6.6205 181.626 11.6852 6.42072 169.941 70.842 5.12252 99.0992 7.30209 5.85921 65.7195 25.2246 21.789 15.2537 6.8938 2.7114 6.53528 3.1712 91.7971 23.3212 17.4878 5.83333 68.4759 55.9077 12.5682
internal_count=28901 28445 1914 753 26531 1202 25329 2261 1061 23068 10637 853 12431 1463 1052 9784 2016 1629 1152 807 618 477 612 10968 1937 1439 498 9031 6423 2608
is_linear=0
shrinkage=0.05


Tree=302
num_leaves=31
num_cat=0
split_feature=13 21 6 9 8 9 7 3 3 9 13 11 9 12 9 8 7 1 8 21 7 21 7 21 3 1 20 7 12 5
split_gain=1.26168 4.20195 2.79324 2.58268 2.54872 2.62837 2.47051 2.39788 4.27911 3.18429 3.47976 2.36101 3.27951 3.01069 2.70836 2.96399 2.98274 2.76604 3.35889 2.57122 4.86777 3.39394 3.34541 3.69038 3.325 2.48805 2.33789 2.42917 4.23647 2.68519
threshold=59.970896225415707 0.7256591603840471 -0.25005796786759699 0.49080079384941838 0.49003499221670271 0.44931227344593522 -0.30208032145739344 2.8736986130300006 25.807944860251254 0.30215920450233474 22.491790158823303 -98.248354707585278 0.17770754034449923 -92.826322144499088 0.33211316673044117 0.27461631215578203 -0.36897063821078818 437.81897968421259 0.16019046218564206 0.7138594032304596 -0.039023398063903862 1.4924626111795802 0.01120190719577341 1.8273303894542952 40.111632302115858 268.40399250007505 9.7563369227151711 -0.0039946848287275563 -113.52917804825098 -10.588822232989648
decision_type=2 8 2 2 2 2 2 2 2 2 2 2 2 2 2 2 2 2 2 8 2 10 2 10 2 2 8 2 2 2
left_child=1 2 -1 4 5 11 -3 -8 9 -9 -11 14 13 -13 19 17 -17 18 -16 20 -2 -21 23 -23 -25 -15 -10 28 -28 -29
right_child=3 6 -4 -5 -6 -7 7 8 26 10 -12 12 -14 25 15 16 -18 -19 -20 21 -22 22 -24 24 -26 -27 27 29 -30 -31
leaf_value=0.0084208170585539505 -0.01723829819577672 -0.016272492009359856 -0.03262330109963469 0.050550057656937368 0.04488437370252104 -0.027547997619890203 0.049430626848516554 -0.030460934746862092 -0.013522071925154986 0.046500817520701829 -0.027814431970250332 -0.028183887247095904 -0.031654616686324986 -0.020811189251273492 0.050862348352313048 0.005637011965679898 0.07131882769023748 -0.030505735319017985 -0.02528861103505077 -0.025266466962289236 0.044188494952860917 0.063501874037620171 -0.01798767182827973 -0.031626776857674371 0.024992666943565185 0.052792282969625237 0.0091524750918133488 0.02777577053868522 0.061597381047776623 -0.0081475124186387773
leaf_weight=5.4387328361044682 4.3172600149991931 9.67374803801067 12.729904298437758 2.5749428160488605 3.1828010700410232 4.8938293293176685 2.6413454131397875 9.8597722638805845 5.2699979746539611 2.7135621670749979 1.8666289350949226 1.9441806640534203 7.3559631425887346 0.94922256082645606 3.1411826232506455 2.7819185226398995 4.5308976462692954 2.4747434175515082 1.4763525231101085 10.12493039868423 8.1089051091403217 3.0807347454829186 6.5928384446306154 2.9805367472290518 6.5211502054589801 3.3463117651408538 8.5361295622715261 8.2763014289375825 6.7010251447209104 11.080212531553125
leaf_count=597 337 1444 1396 543 679 1068 374 2515 493 556 383 501 2231 203 790 462 752 566 371 2434 634 396 1090 400 876 714 698 936 548 1252
internal_value=-0.000132223 0.000126509 -0.0205385 0.00884357 0.00683932 0.00464451 0.00598278 0.00997907 0.00720102 -0.0154048 0.0166571 0.0072615 -0.010866 0.0146287 0.0117655 0.0297163 0.0500162 0.00519102 0.0263473 0.00501797 0.0231524 -0.00318311 0.00915175 0.0236494 0.00591163 0.0356689 0.0155662 0.0202529 0.0345899 0.0078222
internal_weight=165.166 84.7874 18.1686 80.3787 77.8038 74.621 66.6187 56.945 54.3036 14.44 4.58019 69.7271 13.5957 6.23971 56.1315 14.4051 7.31282 7.09228 4.61754 41.7264 12.4262 29.3002 19.1753 12.5824 9.50169 4.29553 39.8637 34.5937 15.2372 19.3565
internal_count=28901 11939 1993 16962 16600 16286 9946 8064 7410 3683 939 14977 4124 1607 10853 2837 1214 1623 1161 8016 971 7045 3171 1618 1276 917 3727 3434 1246 2188
is_linear=0
shrinkage=0.05


Tree=303
num_leaves=31
num_cat=0
split_feature=21 17 2 1 20 12 6 6 7 7 5 2 15 2 13 6 3 5 0 11 5 11 12 13 15 15 20 20 1 11
split_gain=6.07477 8.05352 3.58701 3.33192 2.93813 2.85166 2.36745 3.76389 7.00886 3.96972 4.35775 4.13196 3.7433 3.3592 3.60206 3.49198 2.80438 4.93852 4.75017 3.66821 4.80759 3.41118 2.90182 2.3437 2.27815 3.55451 2.37255 5.07364 2.1072 2.62936
threshold=1.7137962444792603 4.1402118715233778 4.3843758502084169 117.68942028442002 125.544222609908 -111.22547329670412 0.46859314727445428 0.3753447741896761 -0.19679224203699916 -0.38165372045272367 -22.571500837844546 4.7997388006025217 4.7222008852093088e-09 4.4969804159043507 16.124342799716739 0.3097604173104927 14.572345772661203 15.937368538318504 427.04143797968607 -106.444496953144 31.791313730661805 -93.785934994882282 -98.969440343781983 14.664302009337591 4.8367342660548645e-09 2.6334451984856936e-09 4.528915043210656 7.6804025059101306 221.20352517374451 -99.359005102002541
decision_type=8 2 2 2 10 2 2 2 2 2 2 2 2 2 2 2 2 2 2 2 2 2 2 2 2 2 10 10 2 2
left_child=4 2 3 -2 5 23 7 9 -9 -7 11 -11 -13 -12 -15 16 28 18 21 20 -19 22 -18 -1 25 26 -25 -28 29 -16
right_child=1 -3 -4 -5 -6 6 -8 8 -10 10 13 12 -14 14 15 -17 17 19 -20 -21 -22 -23 -24 24 -26 -27 27 -29 -30 -31
leaf_value=0.0056237577275257159 0.040816818149680814 0.024115057810102591 -0.034113046550064009 -0.019006102286744112 -0.027691931476384213 0.017479311293446157 -0.025166695622280688 -0.019509567962426796 0.037563542639342314 0.019000770396560753 -0.032313870560384164 -0.040487476715115343 0.003310762853195163 0.025262553806129309 0.020527861028228421 -0.025325280040364342 0.0063289312778703217 -0.033980557698247128 -0.014048917528526612 -0.040621222681869067 0.043175392376926275 -0.0028228135931213259 0.045252397805625171 -0.034376655713960598 -0.038888543360111674 0.028434752419135331 0.070758177459399524 -0.029272655911504315 0.015493431805475494 -0.032762238180039177
leaf_weight=11.876415977894792 2.5821608599508172 8.2968386085703951 35.842673672479577 5.6549843513057567 8.7074719855445419 30.166723141621333 6.655033286078833 6.8613444191287298 17.462586589506827 4.950128429511099 6.0492389204446217 16.456505830690734 6.5721176593797281 15.235898303973952 3.0551508166245194 11.090611612831708 8.8398096039309166 3.0146610224037484 21.520610798557755 11.935688396100884 3.0802090053912252 14.626076085492967 10.510988244612237 8.6260503085795825 9.5218173296889272 3.9493852329906076 1.0847134231589746 2.3059419757919386 45.504663238185458 4.6320813220227128
leaf_count=608 270 2698 13576 590 351 1008 222 219 558 201 201 737 295 516 209 407 211 208 920 559 213 325 251 656 648 277 214 456 1253 316
internal_value=0.000430585 -0.0189764 -0.0274422 0.00213563 -0.000640131 0.000278428 0.00223095 0.00308639 0.0213296 0.000955368 -0.00178797 -0.0196228 -0.0283703 0.00145145 0.00298715 0.000360196 0.00278889 -0.00352946 0.00394134 -0.0255231 0.00560182 0.0154121 0.0286561 -0.0124127 -0.020712 -0.00821875 -0.0215242 0.0115556 0.0114268 -0.011658
internal_weight=346.669 52.3767 44.0798 8.23715 294.292 285.584 248.22 241.565 24.3239 217.241 187.074 27.9788 23.0286 159.096 153.046 137.811 126.72 73.528 55.4975 18.0306 6.09487 33.9769 19.3508 37.3643 25.4879 15.9661 12.0167 3.39066 53.1919 7.68723
internal_count=28901 17031 16696 860 11870 10203 8291 8034 777 7257 6414 1136 1032 5278 5180 5055 4682 3217 2373 844 421 756 462 1912 1734 1118 914 670 1465 525
is_linear=0
shrinkage=0.05


Tree=304
num_leaves=11
num_cat=0
split_feature=20 20 15 0 6 9 7 20 20 6
split_gain=1.02041 0.973516 0.441182 0.954019 0.426867 0.410709 0.410793 0.31224 0.194422 0.153135
threshold=13.162809062982001 5.7203375950920803 3.1763735522036267e-22 616.03052936325605 0.41474296915076364 0.089989926801919765 -0.37263384789765291 11.555215210473351 11.135100155593252 0.41872485588807545
decision_type=8 10 2 2 2 2 2 10 10 2
left_child=1 -1 5 7 -2 -3 -7 -4 -8 -6
right_child=4 2 3 -5 9 6 8 -9 -10 -11
leaf_value=-0.019925685385193903 -0.026979587048132109 0.04643994576280891 -0.024314161276548809 0.029740677080449453 0.018535988336825997 0.025391804665555739 -0.017703400317486032 0.0072863745840511737 0.0079188582796580718 -0.007799451056645517
leaf_weight=0.91503669263147713 1.8033193563842362 1.4258745690785892 1.2487879539876323 1.0826605109105003 0.30711637097920275 0.79292947258364033 0.67145610848092374 0.63197294476776733 0.54994205035109189 0.22422522750457574
leaf_count=472 19407 293 403 237 1258 219 270 204 221 919
internal_value=-0.000662361 0.0146492 0.0216137 0.00483257 -0.0182783 0.0317252 0.00935832 -0.0148524 -0.0077954 0.00958663
internal_weight=9.65332 7.31866 6.40362 2.96342 2.33466 3.4402 2.01433 1.88076 1.2214 0.531342
internal_count=28901 3776 1355 648 25125 707 557 607 491 2177
is_linear=0
shrinkage=0.05


Tree=305
num_leaves=31
num_cat=0
split_feature=20 11 0 0 5 13 8 13 9 8 9 9 15 4 2 7 9 13 11 11 1 16 21 7 3 15 5 8 3 6
split_gain=2.0972 3.13161 2.13434 2.04566 1.90104 2.38237 1.79765 2.65755 3.0517 4.16158 2.59665 3.99034 2.65204 1.89546 1.81091 2.93246 1.75569 1.54678 2.60196 2.18711 1.54038 1.50903 1.48849 2.06693 1.40338 1.41064 1.68811 1.33745 1.13137 1.12772
threshold=20.897065842984304 -81.76873362405199 656.21101433614206 555.88880403594464 28.276171804239404 13.90926050429078 0.18760680264704013 21.032560027963502 0.086350672957973287 0.23200332177425323 0.14696874563190646 0.290609064266449 1.0000000180025095e-35 11.327828779500052 5.529370536312217 0.43378162520691893 0.30788803511349988 33.464414835500982 -95.336859450375997 -107.96055647295849 142.28704808227954 1.0305959579886638e-06 0.026296650163411355 -0.051806482868851582 34.179978312691311 3.2154570810699496e-09 41.39460363517761 0.034495908764361712 36.521952571975412 -0.27175747739537565
decision_type=10 2 2 2 2 2 2 2 2 2 2 2 2 2 2 2 2 2 2 2 2 2 10 2 2 2 2 2 2 2
left_child=2 -2 3 4 6 -6 10 -8 17 16 27 12 -12 -13 15 21 -10 -9 19 -19 -3 28 -5 -24 -7 26 -26 -1 -11 -16
right_child=1 20 -4 22 5 24 7 8 9 14 11 13 -14 -15 29 -17 -18 18 -20 -21 -22 -23 23 -25 25 -27 -28 -29 -30 -31
leaf_value=0.0036407460151611313 -0.036487469078539669 0.033132362709919476 0.032021463849048505 -0.030815196363655834 0.019781338976700195 -0.033197495005036513 0.042276564299475704 -0.00074938430905836459 0.0035871016531430311 -0.040975591537998346 -0.0051550755958510788 0.011230915467734172 0.054907131148156291 -0.035527844562511617 0.032728184635035178 0.033283235316638647 0.058756461710340248 0.043510033064429007 0.079982797882691081 -0.017081276561758486 -0.021988499819919349 0.015988635289676797 0.023593559907753168 -0.024564724180082306 0.042734228265592172 -0.029538736215316743 -0.01342167226165541 -0.037979522747882119 -0.0058407514678885022 -0.0094117513004765702
leaf_weight=2.6457288107340045 6.9878459813335203 2.6589830160955916 5.3328423356870189 6.4952667494944754 4.2495293303654806 7.1652635141945202 6.5294724821724222 2.5251225556712589 2.6693255290301785 8.7839234323619184 2.5553180939314188 3.2544968106085443 4.3560445347684436 3.8343255104264244 2.385725882675616 1.4773388304311081 2.5361820543184876 1.9785144108318515 2.075309259351342 2.1797454220359214 1.1018568246945504 1.2418000742181901 3.7546928216470414 3.1945561484317295 1.7113040809199469 1.5981751013314349 1.9336588916921753 4.816415908120689 3.4786312837095466 2.3348042200668715
leaf_count=277 11439 719 621 854 505 1080 746 231 263 1506 289 546 494 643 269 245 249 226 219 249 298 208 360 307 269 206 305 504 596 263
internal_value=-0.000524805 -0.0184227 0.00393667 0.00197686 0.00510868 -0.00948466 0.00913975 0.015257 0.00894831 -0.000324434 -0.00248619 0.0101189 0.0348558 -0.0153262 -0.0110781 -0.0193198 0.0356032 0.032649 0.0444114 0.0145943 0.0157565 -0.0269724 -0.0153571 0.00115005 -0.0202352 -4.09937e-05 0.0164675 -0.0245365 -0.0322005 0.0138837
internal_weight=107.842 10.7487 97.0935 91.7607 78.3162 16.6579 61.6582 40.1959 33.6664 24.9077 21.4623 14.0002 6.91136 7.08882 19.7022 14.9817 5.20551 8.75869 6.23357 4.15826 3.76084 13.5044 13.4445 6.94925 12.4084 5.24314 3.64496 7.46214 12.2626 4.72053
internal_count=28901 17596 11305 11094 9327 1980 7347 4594 4333 3531 2753 1972 783 1189 3019 2487 512 802 657 475 1017 2264 1767 667 1870 676 574 781 2102 532
is_linear=0
shrinkage=0.05


Tree=306
num_leaves=31
num_cat=0
split_feature=13 20 17 16 8 6 1 5 9 21 21 0 0 16 0 2 3 21 3 11 15 21 16 16 6 16 13 21 13 13
split_gain=3.66743 1.55931 2.13954 4.45405 2.95651 4.52463 4.95013 5.15285 3.86566 4.97255 2.66384 4.18799 2.31052 1.58809 1.54319 2.30193 1.76226 1.68468 2.12647 1.50835 7.49252 3.4457 1.88486 6.02683 4.00658 2.99454 3.30971 2.36168 2.26286 3.06754
threshold=-1.0000000180025095e-35 103.473155514574 2.1316282072803012e-14 2.14926272484526 0.16566024945480476 -0.05358518902820885 121.62522148950102 -39.329532698164108 0.12673533251396132 2.8722286406570707 1.10533786102214 472.61438814059954 538.85113712429961 9.7401606768810591 93.742953318703613 4.2889692245949913 67.84861298359651 5.1702990276045915 56.933711578146507 -85.956825004312492 1.9730891630477038e-09 0.029732198310055455 3.8475781139241185 5.1953431780721653 0.21204711935227397 0.77879772260711644 20.436512984989808 1.9241788745760602 13.314049004689105 21.130238862014327
decision_type=2 8 2 2 2 2 2 2 2 8 8 2 2 2 2 2 2 10 2 2 2 10 2 2 2 2 2 10 2 2
left_child=-1 14 4 -4 5 6 -3 -8 9 -7 11 -6 -10 -5 -2 -16 17 19 -19 22 21 -21 25 -24 27 28 -27 -25 -17 -30
right_child=1 2 3 13 10 8 7 -9 12 -11 -12 -13 -14 -15 15 16 -18 18 -20 20 -22 -23 23 24 -26 26 -28 -29 29 -31
leaf_value=-0.037096026167590494 0.018662539499734392 -0.053268518825803995 -0.03065857705855839 0.030991470872600731 0.022759503659895389 -0.054987803109335411 -0.055200471069660341 0.034595120046189837 0.034138825446323427 0.029425150627419239 0.023098388992491836 -0.034323235343460302 -0.009826178598205712 -0.010572220642464145 -0.024459260548963788 0.018397922342492525 -0.019353104886584253 0.029773472476613407 -0.0082036467660915428 -0.022140292536024064 0.042931908942105829 0.012725377781799892 -0.042038675083645033 0.020430764522105776 -0.022050233896416187 -0.0067342885633843337 0.035343937061071473 -0.012958176222215437 -0.010444127507830157 -0.00024851930165893914
leaf_weight=5.8596668262034646 8.5369342456106079 6.2838436084566629 10.041497221216563 5.3055215599015346 5.8088649774435899 3.2496168731013375 1.3142604699824021 4.2345808971440411 11.615407370380124 2.1351678336504838 36.657898944569752 5.1059327099937946 3.4186477817129344 2.9818114673253149 9.8306271823821572 12.558011984801849 12.068813931895418 8.7134039583615941 5.3683823519386351 13.977559915627364 10.122988037299363 12.545900603523476 11.000472576823084 17.199567756615583 13.599906240124254 7.3930763583630368 10.533017869107423 6.6771034256089479 91.796264589531347 360.14521611225791
leaf_count=236 241 644 516 355 403 328 201 648 1332 216 5391 354 392 200 279 364 344 335 207 309 221 278 344 622 454 209 297 242 2714 10647
internal_value=-6.26805e-06 -0.000359713 0.00545831 -0.00958132 0.00898745 -0.00267129 -0.0260785 0.00814536 0.0114774 -0.0221502 0.0167837 -0.00458329 0.0241521 0.0165086 -0.00130009 -0.00161287 -0.00119408 -0.000784708 0.0157115 -0.00122092 0.00845499 -0.00578528 -0.00190346 -0.0111984 -0.00128862 -0.000948207 0.0185512 0.010948 -0.00173897 -0.00233789
internal_weight=716.08 710.22 98.1531 18.3288 79.8242 32.2515 11.8327 5.54884 20.4188 5.38478 47.5727 10.9148 15.0341 8.28733 612.067 603.53 593.7 581.631 14.0818 567.549 36.6464 26.5235 530.903 48.477 37.4766 482.426 17.9261 23.8767 464.499 451.941
internal_count=28901 28668 11418 942 10476 3480 1212 849 2268 544 6996 757 1724 555 17250 17134 16944 16843 542 16301 800 587 15501 1518 1252 13983 506 864 13477 13361
is_linear=0
shrinkage=0.05


Tree=307
num_leaves=31
num_cat=0
split_feature=17 15 15 15 15 15 15 16 17 17 21 15 15 7 7 3 9 12 12 2 3 12 12 0 15 3 9 2 9 9
split_gain=1.30334 1.59861 1.42159 1.6674 1.59583 1.78605 1.91472 2.12504 2.9996 2.99305 2.2735 5.00767 4.43165 4.0253 3.92767 5.06667 3.41753 3.30975 3.90317 3.31749 4.39359 3.00269 3.1272 2.8962 2.74228 2.54915 2.50545 2.19869 3.79928 4.24916
threshold=5.9108516989147324 7.4356511232580896e-08 2.9544387894295567e-08 2.6888616203259866e-08 1.9637112386468244e-08 1.6239532545442143e-08 1.3513327522274149e-08 5.4093893983055326 0.69409792603415199 1.3604778842272138 1.1823377758281353 6.5430392825006148e-09 6.2660175631961954e-09 -0.20856418176548172 -0.20856418176548172 35.86808397222331 0.46881892923326968 -112.66311604014878 -110.62367486697998 5.1742375907475067 21.297761818879057 -78.710664111419973 -122.57097345066471 402.4317275621616 5.2244170057048834e-09 2.2360841837051804 0.008257880342388781 5.3601580635833326 0.23429021797581487 0.18156806482681045
decision_type=2 2 2 2 2 2 2 2 2 2 10 2 2 2 2 2 2 2 2 2 2 2 2 2 2 2 2 2 2 2
left_child=1 2 3 4 5 6 7 8 10 -10 12 14 13 24 15 17 26 -12 -19 20 -20 22 -15 -17 -1 -24 -16 -27 29 -29
right_child=-2 -3 -4 -5 -6 -7 -8 -9 9 -11 11 -13 -14 21 16 23 -18 18 19 -21 -22 -23 25 -25 -26 27 -28 28 -30 -31
leaf_value=-0.021862045997686107 -0.028686378779691026 0.024212943988001608 -0.018267525181779012 0.042628375123352644 -0.021967243381888157 0.032500341599747289 -0.0270796196746389 -0.022799706929876533 0.071995211518816715 0.0028822520038667208 -0.022770010817242389 0.038221235047193027 -0.034727274907905427 0.028383740547535331 0.043981795780690287 -0.022047609604400439 0.043892228544685503 0.10255947396546844 -0.0046375061672020634 0.0020750425532684367 0.099954072879532146 0.059872710015100507 0.046627099952988665 0.023313708442612338 0.036341734078075991 -0.01508171740051714 -0.01155410952765421 0.0030265148668251456 -0.022225800601148718 0.063405634419290299
leaf_weight=18.598950392537521 2.0669527006102726 8.5533392350189388 6.4401172756915912 1.7676307171350345 5.0008238648297265 4.4517395607836079 4.0301483371586073 5.9964941393118352 2.3143353073974149 3.1361039222683758 1.1635693900752837 12.142310180031926 8.1351407824258768 11.433135223574935 1.1693675356800657 7.0888584591739336 2.3332282230840065 1.9936763067962644 1.4556880225718489 5.1625163213466294 1.7240981727663893 1.8194485864951291 1.6906992228468869 5.2368742426624522 1.351075072074309 19.26557718712138 38.222637306811521 8.5685799011844228 5.7890046052343678 3.5014378804189619
leaf_count=3135 296 1224 955 267 760 686 630 947 235 319 252 1987 1257 1842 234 546 463 447 344 1331 408 293 347 403 228 3949 7661 1921 1420 785
internal_value=-0.000299999 0.00422692 0.00321037 0.00405432 0.00345134 0.00428524 0.00337827 0.0042581 0.00538443 0.0388404 0.00399195 0.0100309 -0.00191315 0.00221837 0.00431322 0.0200809 -0.00494947 0.0425175 0.0512275 0.0292951 0.0624186 0.00951633 0.00656027 -0.00247156 -0.0163738 -0.000419319 -0.00885745 -0.00372869 0.00866879 0.0240532
internal_weight=201.604 199.537 190.983 184.543 182.776 177.775 173.323 169.293 163.296 5.45044 157.846 77.6928 80.153 72.0179 65.5505 23.8253 41.7252 11.4995 10.336 8.3423 3.17979 52.0679 50.2484 12.3257 19.95 38.8153 39.392 37.1246 17.859 12.07
internal_count=28901 28557 28331 27856 27764 27392 27115 26738 25650 554 25096 12711 12385 11734 11716 3441 8275 2492 2317 2151 752 8371 8097 949 3363 7964 7895 7609 4381 2706
is_linear=0
shrinkage=0.05


Tree=308
num_leaves=31
num_cat=0
split_feature=10 6 8 21 21 21 7 3 13 6 5 0 21 8 5 8 20 3 20 1 20 6 7 21 7 12 3 20 20 7
split_gain=1.21688 1.19422 3.01881 3.23565 3.02784 2.54184 2.49846 2.2727 2.3992 2.18958 2.04983 1.676 1.57338 1.75851 4.10066 4.07672 4.33618 3.78852 3.47811 4.07988 3.17691 3.61247 2.85451 2.84462 3.03885 3.45834 3.64022 2.42818 2.40456 2.69282
threshold=5.5000000000000009 0.34303579166425485 0.36507325167239474 3.4708170272223406 1.7703183157505402 0.22263645563770154 0.18013185476298463 7.9505326112734256 41.147850943467887 0.45974561128321328 58.624593675095007 472.61438814059954 0.3670215638358581 0.16566024945480476 23.018534200725156 0.12872442776000528 20.39368656702565 58.875689852195208 17.598057597010353 8.2238632934143272 52.196589708306213 0.13304891261974208 0.093034464129901032 0.7138594032304596 -0.18548751116242809 -115.16658598123472 17.298014746449805 2.0894628097485701 26.512983595722051 0.14648944210457041
decision_type=2 2 2 8 8 8 2 2 2 2 2 2 8 2 2 2 8 2 8 2 10 2 2 10 2 2 2 10 8 2
left_child=1 5 -3 4 7 -1 11 -4 -9 -10 12 -6 -7 15 17 23 -17 18 27 -20 21 -18 -22 -14 25 -25 -27 -15 29 -26
right_child=-2 2 3 -5 6 10 -8 8 9 -11 -12 -13 13 14 -16 16 20 -19 19 -21 22 -23 -24 24 28 26 -28 -29 -30 -31
leaf_value=-0.016741590971966903 -0.021916750924435013 0.042270475196163088 0.037963941058057317 -0.033852582524728829 0.063631444933237358 0.033249643234434127 -0.0058197317741683907 -0.035457065177980238 -0.013591969499400312 0.033297787332591727 0.041344888547693928 0.0055665511469449027 -0.028883073817730864 -0.01871098690364844 -0.022648637050204787 -0.012546003757637942 0.095843325966083803 0.039462516371304719 0.031072903308812995 -0.021857217132350545 -0.027669247609746341 0.0071226388735968179 0.044846872425852113 -0.017961712225047468 -0.020172604114318586 -0.023088960133697826 0.055909457808668052 0.027586270311790419 -0.019699320328271444 0.032330261965949181
leaf_weight=13.971252660296159 3.3649493970442563 6.1113294597889753 1.9887782281148325 3.4969367511512237 4.3133054675709008 3.3970178249292076 2.6237234971486032 4.614479889627547 5.1184096724318797 3.2431267821812071 2.7980767470435239 1.8909762858529573 5.5897411959012961 2.8928665842104246 17.527930921438383 3.2998382791411149 3.5082549722283147 5.8858308286871761 3.5140591691015315 19.415436995215714 1.8143939741712543 1.768358655332122 1.6719941320479845 2.551909593050369 3.0004347113426801 1.2112369658716513 6.7551487640594132 11.510444996878503 10.651302127836971 5.7157744707656093
leaf_count=2587 589 829 210 489 487 681 306 495 482 305 549 214 1066 270 3827 538 553 1392 1311 7242 440 279 406 373 275 214 1194 1074 1770 524
internal_value=-0.000131405 0.00491307 0.0131967 0.00542184 0.0123268 0.00267377 0.0338926 -0.00172139 -0.010085 0.00620897 0.0051677 0.0491633 0.00390244 0.00268596 -0.00294077 0.00978851 0.0336693 0.00538347 -0.000878688 -0.0127859 0.0505749 0.0719822 0.00935238 0.000967812 0.00730541 0.0276719 0.0426628 0.0176765 -0.00457096 0.0140408
internal_weight=165.217 161.852 33.4011 27.2897 23.7928 128.451 8.82801 14.9648 12.976 8.36154 114.48 6.20428 111.682 108.285 60.7466 47.5384 12.0628 43.2186 37.3328 22.9295 8.763 5.27661 3.48639 35.4755 29.8858 10.5183 7.96639 14.4033 19.3675 8.71621
internal_count=28901 28313 4531 3816 2610 23782 1030 1580 1392 787 22449 701 22377 21996 13264 8732 1968 10222 9897 8553 1678 832 846 6764 4756 1538 1408 1344 3218 799
is_linear=0
shrinkage=0.05


Tree=309
num_leaves=31
num_cat=0
split_feature=20 16 19 10 7 6 4 6 2 11 7 13 5 3 1 15 8 17 17 21 21 7 20 6 11 6 21 0 20 2
split_gain=5.69521 7.61725 3.93251 5.56987 2.09161 2.77941 2.35352 5.48082 2.73349 3.8781 3.51722 2.2593 4.23152 3.34986 2.08991 2.24086 2.71507 2.10928 3.47753 1.65424 1.85144 1.37046 1.91587 1.31017 1.25953 1.23616 1.10325 3.06903 1.06816 1.01314
threshold=83.463004544047962 10.547245835222268 2.5000000000000004 14.500000000000002 -0.38165372045272367 -0.05762745041660499 10.596064230345752 -0.061576793006527401 5.4682438642987945 -87.054311641607484 0.01120190719577341 20.138060995618634 -5.6396733613551993 10.766372221371752 20.145334669728701 5.6898683875744967e-09 0.33649769628185228 1.0002715428102231 1.4643847710906523 0.033272778204350907 0.56029386686749461 0.43378162520691893 8.7335878678296073 0.13304891261974208 -102.93408974819498 0.051088046025695284 0.45538001125295807 449.72996204916103 0.74367021316366411 4.088051183244545
decision_type=8 2 2 2 2 2 2 2 2 2 2 2 2 2 2 2 2 2 2 8 10 2 10 2 2 2 8 2 10 2
left_child=2 26 4 14 5 -1 7 -6 9 11 25 -8 -13 -14 15 16 -4 21 -19 -12 -21 -16 -23 -20 -15 -10 27 -2 -9 -28
right_child=1 -3 3 -5 6 -7 8 28 10 -11 19 12 13 24 17 -17 -18 18 23 20 -22 22 -24 -25 -26 -27 29 -29 -30 -31
leaf_value=0.026579973600833501 -0.034632443524924728 0.032154264348197577 0.049240369496556018 0.029460688190068952 -0.03330519788369625 -0.0013929765360025503 0.016130986126229124 -0.0064911180120709724 -0.012482885852118495 -0.01216970133912224 -0.011493555732683264 0.01839802433710936 0.013226999723401226 -0.002871687570807573 -0.03466411962876103 -0.028554342466400991 -0.023362956144215963 0.046242342206344364 -0.034523884229185509 0.036084419538863904 -0.0049507679101574911 0.047113592916195379 -0.024119100687285934 0.0060644234133373819 -0.022215417221332641 -0.044155915026939788 -0.0049839043224252956 0.027402851174216876 0.01442506766912618 -0.039532740699508066
leaf_weight=16.663118687691167 3.9424633508897431 4.7341272959019989 2.6811418846482429 5.4984640814363956 15.781163102306889 17.668119182111695 52.114958007645328 11.148507473582871 7.1071110019693142 27.557489030237775 9.3228898388333654 26.531712579657324 14.958651212160474 14.563346171227744 25.321449807786852 2.0499688035342842 1.2471033813781103 1.7033916168147687 4.1508329001953834 4.7017675924580535 4.8986798694240861 0.58714331506053086 1.3621919293073004 2.8147631821921095 20.083362739940643 6.5101525739300996 2.6873524178518009 2.4138789487769827 11.429754614247939 21.571311967854854
leaf_count=209 331 1837 470 1339 317 222 493 207 220 262 261 316 206 215 8698 295 218 230 544 204 212 200 464 369 297 202 1436 202 212 11530
internal_value=0.000439423 -0.0221168 -0.00118679 -0.0142755 0.00123609 0.0125521 -0.000525116 -0.011648 0.00178972 0.00455206 -0.0111782 0.00821142 0.00265171 -0.00596743 -0.0205652 0.00597172 0.0261273 -0.0250215 -0.00306974 0.0029059 0.0166542 -0.0316443 0.00603596 -0.0194201 -0.0143932 -0.02961 -0.0312606 -0.0105514 0.00425997 -0.0360543
internal_weight=343.806 35.3491 308.457 47.4165 261.041 34.3312 226.71 38.3594 188.35 155.81 32.5406 128.252 76.1371 49.6054 41.918 5.97821 3.92825 35.9398 8.66899 18.9233 9.60045 27.2708 1.94934 6.9656 34.6467 13.6173 30.615 6.35634 22.5783 24.2587
internal_count=28901 13720 15181 11547 3634 431 3203 771 2432 1481 951 1214 908 682 11397 860 688 10537 1169 529 416 9368 664 913 512 422 13499 533 419 12966
is_linear=0
shrinkage=0.05


Tree=310
num_leaves=10
num_cat=0
split_feature=0 7 6 3 17 3 8 6 9
split_gain=0.987194 1.48228 0.881553 0.888404 1.02469 0.839047 0.648867 0.463958 0.0165667
threshold=527.1413022096566 -0.020030487700321228 -0.084776678877403797 19.306530252211353 1.0000000180025095e-35 32.308427364858758 0.09386839141789062 -0.29468202000451077 0.37787093721519677
decision_type=2 2 2 2 2 2 2 2 2
left_child=2 6 3 -1 5 -5 -2 -8 -9
right_child=1 -3 -4 4 -6 -7 7 8 -10
leaf_value=-0.021910540731070988 -0.0097976911874572258 -0.019874340365827237 -0.028032890117000605 0.044007183295551665 -0.017882160284440854 -0.012058087597687332 -0.0065924235058612253 0.051279344899762158 0.0074182508685488938
leaf_weight=0.96045229767333085 0.29270119456487265 0.87768735531062703 1.9587616545595663 1.8065369194355323 0.67310877927775437 0.40217550636043597 0.18515378233496704 2.0324427351224585 0.40451558261702303
leaf_count=2227 355 1752 7202 3193 1288 711 203 1770 352
internal_value=-0.000657468 0.0225612 -0.00723651 0.00696509 0.019754 0.0332221 0.0371518 0.0436507 0.0482755
internal_weight=9.59354 3.7925 5.80104 3.84227 2.88182 2.20871 2.91481 2.62211 2.43696
internal_count=28901 7571 21330 8909 5516 3904 3539 2870 2122
is_linear=0
shrinkage=0.05


Tree=311
num_leaves=31
num_cat=0
split_feature=21 3 8 3 8 3 21 2 20 20 1 1 4 21 21 2 0 3 2 7 20 11 20 1 12 20 6 21 5 9
split_gain=1.99719 3.0245 2.21073 3.38456 3.09026 3.45106 3.04814 4.61867 2.3813 2.37172 2.13327 2.75748 3.89277 3.61701 2.85493 2.28327 2.81149 3.42034 2.77092 1.78673 1.70787 1.69148 1.4157 1.22958 1.22548 1.17133 1.61567 1.39423 1.15997 0.905647
threshold=1.5852988216045352 3.8589152499707002 0.40175102638518206 54.669656823439404 0.38782177428558301 42.043348587366957 1.3256380276142401 4.9802045543096076 1.0183291502908953 1.8514795658007903 1226.8968512683102 234.38705736971954 27.008293533379256 0.77466426013281253 0.0079934597519504911 5.454075676304087 533.57941757656806 21.130486560568652 5.5382196652653413 -0.17386628378232502 1.0183291502908953 -117.24791703851399 38.150414534017806 743.44759035658365 -108.7196839650598 1.5043401189030952 0.43824147413616654 0.019545553724464901 13.026003040901054 0.035459569146051979
decision_type=10 2 2 2 2 2 10 2 8 10 2 2 2 8 10 2 2 2 2 2 8 2 10 2 2 10 2 10 2 2
left_child=2 22 3 4 5 6 10 -8 -7 -10 11 12 13 -1 19 29 17 -17 -19 -14 -4 -11 -2 -23 -6 -22 -27 -28 -18 -13
right_child=1 -3 20 -5 24 8 7 -9 9 21 -12 15 14 -15 -16 16 28 18 -20 -21 25 23 -24 -25 -26 26 27 -29 -30 -31
leaf_value=0.053973577060343725 0.053417263343275026 -0.031709434455525924 0.0099513618306028076 -0.036685682216088769 0.073154098430372905 -0.011224601528563846 0.092334678330927289 -0.021201785227535994 0.054775697555426078 0.029845890312359666 0.025706771726717211 0.0095067942798286575 0.058219504904443664 -0.024069316498585167 -0.035757054196595563 -0.015762297598221047 -0.033614727250535208 0.0071399473236356016 0.078501895140015709 -0.017791804947143549 -0.039174330554222724 -0.033267473850484286 -0.015793135885961363 0.017611475606646814 0.0094519895047230698 -0.022808217776459725 0.041752947127470179 -0.01249728421519216 0.0064047343661720359 -0.025045066236735705
leaf_weight=5.4154158946985271 0.97665270608558774 7.9201512968138559 5.9254250981684926 3.1824732704844791 1.6068181754817501 3.0050990427553224 1.1272476481099161 1.0195707080129066 6.4502594966907045 4.4275040847715026 5.2698671546531841 1.5743995078300965 0.8485336260200721 1.2971972784871457 3.9468446379614761 3.2341973235597825 4.0690198127922494 2.9043352917215097 1.9910091229394309 0.70527056457649517 4.4556833608658044 1.828227017074822 0.60165271651931107 1.2223523760767419 1.5417379632272057 5.6702576299139773 1.4798800288554061 1.5928464601893209 2.3853996248872136 19.861485630426614
leaf_count=1534 651 10034 1049 544 219 235 772 698 569 411 965 206 627 368 1668 401 990 307 211 522 1080 310 401 207 210 1234 286 308 581 2602
internal_value=-0.000529164 -0.0192943 0.00364534 0.00734326 0.00964748 0.00714218 0.000977362 0.0488113 0.0262179 0.034507 -0.00180234 -0.00526903 0.014483 0.0377266 -0.0153221 -0.0121767 0.00303035 0.0214618 0.0445566 0.0302611 -0.0112205 0.0126255 0.0311415 -0.0135657 0.0517587 -0.0207569 -0.00831346 0.0174671 -0.0199494 -0.0221967
internal_weight=107.537 9.49846 98.0384 78.9143 75.7318 72.5832 55.6498 2.14682 16.9334 13.9283 53.503 48.2331 12.2133 6.71261 5.50065 36.0198 14.584 8.12954 4.89534 1.5538 19.1241 7.47808 1.57831 3.05058 3.14856 13.1987 8.74298 3.07273 6.45442 21.4359
internal_count=28901 12033 16868 13484 13016 12587 11265 1470 1322 1229 9795 9614 4226 1902 2324 5388 2580 1009 518 1149 3384 695 1052 517 429 3198 1902 594 1571 2808
is_linear=0
shrinkage=0.05


Tree=312
num_leaves=31
num_cat=0
split_feature=13 7 7 21 8 6 15 20 2 21 8 0 20 11 12 21 2 3 0 3 5 1 15 1 21 17 8 1 17 6
split_gain=3.40788 1.52268 4.97549 6.50019 2.35696 3.33832 2.53829 3.34203 1.89151 3.79667 2.99711 4.34112 3.67809 3.83027 2.79198 2.64261 2.96062 3.32792 1.95834 1.96211 1.55293 1.29583 3.58217 2.57913 5.45281 4.42061 3.93331 3.11562 3.59107 3.03784
threshold=1.0000000180025095e-35 -0.4373719028245317 -0.42174778927298101 0.75228651233371868 0.23200332177425323 -0.014382024782872536 2.5695037380124157e-09 15.576401126173002 5.6152091747667638 0.0079934597519504911 0.29810669195258305 559.8520192677521 1.0183291502908953 -108.04476697912698 -104.32920347497877 1.8767505366473303 5.7137346441404917 41.739896030407557 647.65295864162806 55.427341955119857 -13.60389961459655 800.22994260481016 5.5330938233693941e-09 437.81897968421259 1.3904153779081152 1.0000000180025095e-35 0.054670057083601627 399.76506738658156 1.0000000180025095e-35 -0.38089444512002485
decision_type=2 2 2 8 2 2 2 8 2 10 2 2 8 2 2 10 2 2 2 2 2 2 2 2 8 2 2 2 2 2
left_child=-1 4 3 -3 5 -2 7 -6 21 -10 11 -11 -13 15 -15 16 -14 -18 19 20 -12 23 -23 27 25 -25 -26 29 -29 -4
right_child=1 2 8 -5 6 -7 -8 -9 9 10 18 12 13 14 -16 -17 17 -19 -20 -21 -22 22 -24 24 26 -27 -28 28 -30 -31
leaf_value=-0.036694441965500021 -0.025003862469135409 -0.063775488600557387 0.015225584622805297 0.0064850382581047019 -0.012585598517830254 0.015213009822017018 0.040904746526435908 0.036022935849635916 0.037331726576015183 0.038081518908178652 0.0018484926609504543 0.02999658098460168 -0.046799858000729763 0.034675417676271102 -0.021038050160029104 0.010209219682089272 0.011603571695390429 -0.034713767611584005 -0.0061937051230350664 -0.011045360670745265 0.034410628180752446 -0.00081205232203598833 -0.017202111435137977 -0.0078646589142362874 -0.019819821255162892 0.015994152004799127 0.033346918010488738 -0.03818795825582353 0.0059505762034459441 -0.0026625464944650952
leaf_weight=5.5159420494455835 8.7357517641503382 6.1103130098199472 25.342772375792265 5.8171269524609661 8.5998714606976154 10.018252042704262 7.83724235300906 4.6312164136907095 7.9803456802619612 4.2109337326837695 4.8464407912688374 4.1188281078357249 11.828789760475054 4.9740542353829378 2.7678583075758088 4.5051292568678036 6.937333141337148 6.8348804945126176 8.1084584073396382 3.4204516806639731 15.631567034986803 133.09436027565971 43.525955508928746 55.436162541154772 3.3888720925897386 28.596009754342958 22.993300420464948 11.196619936032222 7.02157430537045 238.9414046095917
leaf_count=224 371 232 1314 220 423 426 336 228 524 236 346 227 428 585 326 202 280 276 468 212 1114 1469 480 990 382 510 2590 445 279 12394
internal_value=-7.27871e-06 -0.000367872 -0.000939723 -0.0316578 0.0090075 -0.00383773 0.0200975 0.00576434 -0.000333595 0.00652708 0.0029511 -0.00517589 -0.0103016 -0.0153463 0.0146289 -0.0232771 -0.0293321 -0.0121767 0.0144778 0.0214585 0.0271492 -0.00138117 -0.00492529 0.000220417 0.00666546 0.000347068 0.0260431 -0.00231322 -0.0217518 -0.000896288
internal_weight=712.968 707.452 667.63 11.9274 39.8223 18.754 21.0683 13.2311 655.702 86.1651 78.1847 46.1778 41.9669 37.848 7.74191 30.1061 25.601 13.7722 32.0069 23.8985 20.478 569.537 176.62 392.917 110.414 84.0322 26.3822 282.502 18.2182 264.284
internal_count=28901 28668 26968 452 1700 797 903 651 26516 5663 4438 2592 2316 2260 911 1349 927 556 1846 1481 1460 20853 1949 18904 4472 1500 2972 14432 724 13708
is_linear=0
shrinkage=0.05


Tree=313
num_leaves=31
num_cat=0
split_feature=8 8 8 21 8 11 20 0 20 2 12 3 13 3 15 9 12 5 15 4 6 21 4 15 15 20 15 3 15 20
split_gain=1.28478 1.34592 4.28983 5.06612 2.985 2.65503 2.5859 2.35892 2.74762 2.68815 2.62808 3.86284 3.01518 2.64433 3.73296 3.16463 2.58473 2.43357 2.38918 2.35776 2.21436 2.79998 2.15878 2.09344 2.5196 2.6348 3.96147 3.82931 3.6823 5.31092
threshold=0.007470037029259303 0.25365004255388618 0.2401859539353888 0.45538001125295807 0.29810669195258305 -76.814820727773892 57.837522289521054 543.92388897172714 89.534576726354359 5.7802078101009107 -103.74104262107058 36.732904999869355 15.292859959755058 40.368598835203805 9.8701543936188471e-09 0.13349254223644549 -126.16484913710499 -1.0000000180025095e-35 6.12966770286238e-09 63.152164272903356 -0.38089444512002485 1.3477636560726551 82.695386254239608 7.7996904884075296e-09 5.7415125860852971e-09 78.98970743997161 3.5564964044340805e-09 2.2360841837051804 3.1763735522036267e-22 102.52136105942002
decision_type=2 2 2 10 2 2 8 2 8 2 2 2 2 2 2 2 2 2 2 2 2 8 2 2 2 10 2 2 2 10
left_child=-1 2 5 -4 -3 23 -5 8 10 -9 12 -12 -6 14 15 -14 -15 -13 -18 -10 -17 -22 -21 24 25 26 27 -2 29 -27
right_child=1 4 3 6 7 -7 -8 9 19 -11 11 17 13 16 -16 20 18 -19 -20 22 21 -23 -24 -25 -26 28 -28 -29 -30 -31
leaf_value=-0.022947032026880074 0.050625817467160106 -0.020000566739024658 0.092823954763018038 -0.019230858542214461 -0.017403262217517142 0.042690193408353741 0.044533291932157854 -0.029817905933091107 -0.030555474080812658 0.01829298940587885 -0.017201558197803269 -0.006976290644260608 -0.0014501770440470273 0.038389613984177423 -0.0082995978224012345 0.012828201635270568 -0.017774821686233622 0.067475305053500689 0.027781380271089312 0.036838361806446548 0.022025209940644823 0.094224247865852581 -0.025508229599713196 0.015577408712571706 -0.030820009511127108 0.075889655195895023 0.025252850883741702 -0.012387260739141421 -0.012284674698191073 0.0024469038543359235
leaf_weight=3.4522439228603607 1.5700889783620358 14.898384774161967 2.1533525077102249 2.8729654797352868 4.005965759512029 3.5209102777007502 1.7408294480410393 8.466569270618491 6.7677327725978094 3.3963156903046183 12.311235527857212 1.592428045230919 2.3223223368986572 4.4078432470560083 2.9983833025908098 2.3551558895560474 7.9885336428415021 1.6290156014147212 3.2448296269285493 2.5745046881493199 2.7188562304363568 4.9409896230208679 1.3889048317796548 25.27315003311378 5.4120183376362547 3.8355201183294403 9.1737927187641599 44.205895084305666 5.0308479551458731 5.154856676759664
leaf_count=495 247 2420 254 355 292 456 215 1933 2476 775 2061 224 254 204 316 232 493 230 200 414 251 457 224 3278 824 803 1323 6963 1005 1080
internal_value=-0.000297027 0.00426836 0.00793123 0.0438107 -0.00034519 0.00518002 0.00847514 0.00387604 0.0078575 -0.0156926 0.0127284 -0.00421383 0.0201589 0.0254088 0.0395901 0.0509785 0.00996098 0.0377378 -0.00342035 -0.0142019 0.0621638 0.0740999 0.0142527 0.00344382 -0.000830774 0.00192926 -0.00309111 -0.00918985 0.0205003 0.0382394
internal_weight=201.404 197.952 109.944 6.76715 88.008 103.177 4.61379 73.1096 61.2467 11.8629 50.5156 15.5327 34.9829 30.9769 15.3357 12.3373 15.6412 3.22144 11.2334 10.7311 10.015 7.65985 3.96341 99.6562 74.383 68.971 54.9498 45.776 14.0212 8.99038
internal_count=28901 28445 14152 798 14293 13354 570 11784 9076 2708 5150 2600 2550 2337 1614 1348 723 454 693 3926 988 708 638 12924 11324 10729 7927 7210 2802 1883
is_linear=0
shrinkage=0.05


Tree=314
num_leaves=31
num_cat=0
split_feature=8 8 21 8 20 3 7 12 20 6 9 3 1 1 1 10 17 3 21 20 9 7 7 6 15 3 12 15 11 12
split_gain=1.1679 1.81482 3.90441 3.74028 3.2269 2.89324 2.94813 3.24792 2.4346 2.09482 1.9274 2.9603 1.76414 2.12875 1.75134 1.61709 2.472 5.07311 2.91621 2.58141 2.41183 3.37857 3.19473 3.40614 5.16922 3.14459 4.01233 2.40049 3.29342 4.04267
threshold=0.007470037029259303 0.12872442776000528 0.7138594032304596 0.14518166376233224 20.39368656702565 17.298014746449805 -0.18548751116242809 -115.16658598123472 52.196589708306213 0.018680974364243989 0.43574743148595735 57.873578278531802 121.62522148950102 883.2628233153406 994.59851916768662 2.5000000000000004 0.2992871757760352 35.86808397222331 0.67203394054469012 0.87237327942997267 0.29829795521654928 -0.34636704640178489 0.069637226570863589 0.26507503993051379 7.9035992575808403e-09 19.505720487343606 -116.67331512561854 7.9409338805090669e-23 -99.118836506842243 -103.99280141373549
decision_type=2 2 10 2 8 2 2 2 10 2 2 2 2 2 2 2 2 2 8 10 2 2 2 2 2 2 2 2 2 2
left_child=-1 2 -2 4 -3 -4 7 -7 -6 -8 15 14 -11 -14 -12 16 18 -18 19 -5 22 -22 23 -17 -25 -23 -27 28 29 -20
right_child=1 3 5 10 8 6 9 -9 -10 12 11 -13 13 -15 -16 20 17 -19 27 -21 21 25 -24 24 -26 26 -28 -29 -30 -31
leaf_value=0.027253329774528986 -0.033396164676906294 -0.010674021285896463 -0.033192408822721037 -0.011699872139881414 0.08308876352129467 -0.015320412800786234 -0.019528860139348226 0.047929895198150795 0.0067900971408997486 0.039842644804916311 -0.037256128347968834 0.028811792715562574 -0.030858675315375002 0.025219707161640362 0.0083765327786056824 -0.015531957680801551 -0.022937667794019886 0.084462835830416569 0.005181901493612015 0.032515825939414787 -0.023274835619881657 0.064346076912537936 -0.033474450934293007 -0.021165141984973573 0.054166474467281692 0.041834962505165545 -0.024696897456900666 -0.020050283435972007 -0.022972846082069561 0.053224519548270378
leaf_weight=4.3044386067776932 8.8301312460971513 1.8738915178691975 3.6804529878718339 3.5745569522259801 2.7634908388135955 2.2511485166614884 8.3865634078974853 6.3536360110738332 1.7130358454887753 2.860520436632215 7.2453133447270366 2.2809165370417759 2.547676116664662 2.2578418327611871 2.3933646907098591 10.99094890084235 1.1867661252326811 1.9963176158489657 21.894072383205636 15.539891144551801 3.4445133890549213 3.0340109927637959 8.5918921963893791 3.0732657861080961 4.723341338627506 3.3425470804795649 3.7927345521165972 9.4459364647336752 6.2193284868844838 4.5608782077615615
leaf_count=753 1654 270 596 263 459 257 1062 727 284 326 1920 507 330 293 634 1248 203 342 4880 1143 388 318 1062 280 431 300 340 2477 1615 1016
internal_value=-0.000135694 0.00334164 -0.00623047 0.00624509 0.0408752 0.00308422 0.00958164 0.0315103 0.0604627 -0.00333147 0.00404118 -0.0142601 0.014597 -0.00470497 -0.0262029 0.0062252 0.0111059 0.0485092 0.00841338 0.0240765 -0.00152625 0.0150154 -0.00999048 0.00189812 0.0254419 0.0289076 0.00778149 0.000911809 0.00738728 0.0151015
internal_weight=165.153 160.849 37.168 123.681 6.35042 28.3378 24.6574 8.60478 4.47653 16.0526 117.331 11.9196 7.66604 4.80552 9.63868 105.411 64.4177 3.18308 61.2347 19.1144 40.9933 13.6138 27.3794 18.7876 7.79661 10.1693 7.13528 42.1202 32.6743 26.455
internal_count=28901 28445 6961 21484 915 4591 3017 984 743 2033 20569 2652 874 623 2554 17917 12998 545 12453 1406 4919 1534 3385 2133 711 1066 640 11047 8484 5896
is_linear=0
shrinkage=0.05


Tree=315
num_leaves=31
num_cat=0
split_feature=21 13 10 13 8 20 12 1 6 6 7 7 5 2 15 3 1 13 15 12 6 0 8 3 7 21 8 9 12 12
split_gain=5.45724 7.22426 4.24858 5.52888 3.90057 2.64835 2.65748 2.32912 2.2352 3.38575 6.35124 3.37489 3.80607 3.99321 3.6789 2.4337 3.119 3.51929 5.34042 3.39297 5.61946 2.35728 2.39868 2.21668 2.17953 2.10329 2.54385 2.09045 2.08895 2.13925
threshold=1.7137962444792603 23.893970016477407 2.5000000000000004 10.566789456201848 0.18159555121908436 125.544222609908 -111.22547329670412 356.54983976618405 0.46859314727445428 0.3753447741896761 -0.15821918776456753 -0.38165372045272367 -22.571500837844546 4.7861389785346917 4.7222008852093088e-09 3.3631126997102752 153.79100135998604 33.18923079133652 1.658431756936148e-09 -93.767348697999111 0.10196957770965144 445.22089203267052 0.17318396085486756 27.685245025700002 -0.08629100988753978 0.019545553724464901 0.4550262768640056 0.14696874563190646 -98.5219150861477 -102.81592103539884
decision_type=8 2 2 2 2 10 2 2 2 2 2 2 2 2 2 2 2 2 2 2 2 2 2 2 2 10 2 2 2 2
left_child=5 2 4 -4 -2 6 7 -1 9 11 -11 28 13 -13 -15 -14 23 18 -18 20 21 -20 -23 -17 -25 -19 -27 -9 29 -8
right_child=1 -3 3 -5 -6 -7 8 27 -10 10 -12 12 15 14 -16 16 17 25 19 -21 -22 22 -24 24 -26 26 -28 -29 -30 -31
leaf_value=-0.029561444710159829 0.08056577459780398 -0.039924845575057703 0.020836941981686015 -0.027333038374300751 -0.0042598917376577006 -0.027169882829134191 0.010346980017394564 0.018860887918406375 -0.024774504164775311 -0.015186511306676774 0.037085982224152512 0.019397374927838523 0.018667926989660116 -0.039763688690669166 0.0038572422135395288 -0.03553696461580657 0.035244794669652933 0.0037561588246320453 0.02587671933528948 -0.018151077642546833 -0.015278932165087326 0.020528802832701292 -0.017263262421537921 0.039776559532442302 -0.020931542595743945 -0.025184057807681844 0.022375137169644118 -0.011985505643173248 -7.7956561150990933e-05 0.045433319862364159
leaf_weight=11.84250466438243 1.7387091533746604 21.162107674346771 8.4194552164990473 15.531283436459489 2.4953324369853362 8.1775217545800825 10.669003805262044 6.7478131558746126 6.5686321316752583 8.0231986549333687 16.492625739076175 4.8912761473911841 16.808771647978574 15.887310226564297 6.5399089438142255 9.2452067836420593 13.116224217636043 15.020752282696774 26.708848877402488 15.863818694080694 18.37504045246169 7.1383061080123307 7.6767667552339844 1.6450307845370851 2.40523693052819 21.64375783875585 2.4269017552724108 17.989010076213162 12.324777762696611 7.3862619080464373
leaf_count=619 250 7304 850 1568 359 333 355 261 221 254 523 203 561 734 302 1007 209 810 476 274 344 205 221 219 320 1791 201 694 342 246
internal_value=0.000440342 -0.018564 -0.00170709 -0.0102433 0.0393112 -0.000735121 0.000120396 -0.0122702 0.00199853 0.00283005 0.0200542 0.000789577 -0.00176807 -0.0186501 -0.0274219 0.00124838 -0.00094096 0.00152193 0.00700599 0.00172177 0.00719658 0.0172678 0.00109265 -0.0230947 0.00671912 -0.0108105 -0.0196877 -0.0031652 0.0159565 0.0263315
internal_weight=340.961 49.3469 28.1848 23.9507 4.23404 291.615 283.437 36.5793 246.858 240.289 24.5158 215.773 185.393 27.3185 22.4272 158.075 141.266 127.97 88.879 75.7628 59.899 41.5239 14.8151 13.2955 4.05027 39.0914 24.0707 24.7368 30.38 18.0553
internal_count=28901 17031 3027 2418 609 11870 10203 1912 8291 8034 777 7257 6414 1136 1036 5278 4971 3523 1415 1307 1123 740 426 1448 539 2108 1992 955 843 601
is_linear=0
shrinkage=0.05


Tree=316
num_leaves=9
num_cat=0
split_feature=20 20 6 11 8 1 6 6
split_gain=0.93748 0.900467 0.43859 0.592367 0.591055 0.718297 0.398791 0.142357
threshold=13.162809062982001 5.7203375950920803 -0.084776678877403797 -108.20828876515598 0.1893517391764368 429.96897114809104 0.41474296915076364 0.41872485588807545
decision_type=8 10 2 2 2 2 2 2
left_child=1 -1 4 -4 -3 -6 -2 -8
right_child=6 2 3 -5 5 -7 7 -9
leaf_value=-0.019618806404182444 -0.026573492259752602 0.047830720017836933 0.017246248969020911 -0.019904674790012334 0.026869243503953189 -0.013208320107631767 0.017750422401030988 -0.0076281885396909379
leaf_weight=0.88842902376927924 1.7285296939098773 1.3557569512122447 1.5570639191209941 0.85606148768056212 1.3151435144463917 1.3067248530132927 0.30603417639395147 0.21848704457806889
leaf_count=461 19276 204 488 268 225 224 1270 907
internal_value=-0.000653305 0.0138326 0.0205082 0.00209645 0.029013 0.00876293 -0.0180196 0.00910962
internal_weight=9.53223 7.27918 6.39075 2.41313 3.97763 2.62187 2.25305 0.524521
internal_count=28901 3776 1355 756 599 449 25125 2177
is_linear=0
shrinkage=0.05


Tree=317
num_leaves=29
num_cat=0
split_feature=20 11 13 5 4 1 9 21 7 4 11 8 6 7 7 21 6 1 7 9 1 6 8 15 7 8 3 6
split_gain=1.92782 2.89269 2.03159 2.8115 1.81957 2.17865 2.90518 3.20089 2.3021 3.73926 2.43891 2.10391 1.72881 1.68827 4.47242 2.71899 1.76989 1.4989 1.42759 1.84618 1.35767 1.12262 3.92823 0.954203 0.426204 0.29277 0.0698751 0.0421453
threshold=20.897065842984304 -81.76873362405199 13.90926050429078 28.276171804239404 50.687319053081403 174.31786986738854 0.20350165602927109 1.5852988216045352 0.28107100157584869 27.008293533379256 -104.71172522512298 0.21758385156389795 0.35699111209060425 0.089213535483785758 0.053987008800883814 0.51004512266520752 -0.14369367622700821 102.51638672668751 0.023430928936791332 0.25476592942660875 142.28704808227954 -0.19847477197157284 0.27669261818188923 1.7940158696243878e-09 0.2317162253633854 0.071072487282877198 29.155464020837105 0.034356832110889808
decision_type=10 2 2 2 2 2 2 8 2 2 2 2 2 2 2 8 2 2 2 2 2 2 2 2 2 2 2 2
left_child=2 -2 -1 4 5 6 7 -4 13 10 -10 17 21 14 15 23 -15 24 26 -20 -3 22 -5 -7 -8 -23 -6 -12
right_child=1 20 3 12 18 8 11 -9 9 -11 27 -13 -14 16 -16 -17 -18 -19 19 -21 -22 25 -24 -25 -26 -27 -28 -29
leaf_value=0.032000503709085353 -0.036199005909744168 0.030291759508959522 0.062870128024092989 0.043528749203184634 0.047415093437791628 -0.0082898797874108292 -0.022754008086887517 -0.020583693140678278 0.002136632815993582 -0.030558633060554202 0.027355511527187983 -0.031449130816077947 0.014472183602460019 0.0034883183430145358 0.049557921893632423 -0.036362313238266726 -0.038876852367258456 0.046570353538815459 -0.028962520591756746 0.030425482633490143 -0.02153960616759101 -0.0080274766916357838 -0.03423759767498917 0.0092654489415208655 0.012633386676107467 -0.040077380220793837 0.019597675615598012 0.069323475076915039
leaf_weight=4.9779982409891081 6.5712994364439501 2.7479259766769264 4.1353349323107986 1.6721217589365567 2.9719357834692346 15.567377923543974 1.0673390396477802 0.9528645724785737 3.5746361059136706 2.0693979130519438 2.3043370280065565 2.4509805087072891 2.8376355240616249 3.6374893773609083 2.9506090414142818 5.2836812120658569 5.7656211156427144 1.4841680867830289 1.7685255379619789 1.4826445727521784 1.0555095155141314 1.440969492541625 3.1578412252420094 13.52803966178908 0.61878111294936389 6.1616248058562633 2.7573459405393805 1.9878353948588481
leaf_count=583 11145 735 1029 215 230 236 345 237 312 239 236 802 365 379 242 444 602 360 241 202 282 203 405 206 200 869 214 203
internal_value=-0.000517094 -0.0180063 0.00374912 0.00188539 0.00583976 0.00284359 0.0224802 0.0464278 -0.00119285 0.019522 0.0346566 -0.00293468 -0.0170321 -0.0059139 -0.000924556 -0.00653555 -0.0237284 0.0213652 0.0257821 -0.0010933 0.0144181 -0.0247648 -0.00446665 -9.08032e-05 -0.00989887 -0.035642 0.0389291 0.0562187
internal_weight=106.982 10.3747 96.6071 91.6291 76.3589 67.3785 10.7095 5.0882 56.669 9.93621 7.86681 5.62127 15.2702 46.7328 37.3297 34.3791 9.40311 3.17029 8.98045 3.25117 3.80344 12.4326 4.82996 29.0954 1.68612 7.60259 5.72928 4.29217
internal_count=28901 17596 11305 11150 9186 8299 3106 1266 5193 1147 686 1840 1964 4046 3065 2892 981 769 887 443 1017 1692 620 442 545 1072 444 439
is_linear=0
shrinkage=0.05


Tree=318
num_leaves=31
num_cat=0
split_feature=16 5 21 5 9 7 21 6 6 9 8 9 8 16 21 1 7 1 4 8 1 19 21 3 20 7 9 12 8 8
split_gain=3.24937 1.44872 3.08465 4.11156 3.64563 3.32094 4.35 3.82786 4.23374 3.26617 3.64617 3.67353 3.25109 3.1629 3.09997 3.5398 2.92498 2.78188 2.39454 2.30612 2.16553 2.02597 1.98484 1.87484 5.59873 4.10149 4.75778 3.21015 3.18445 4.47945
threshold=36.278754314765209 -42.335282577630245 2.0374121857143606 -1.3196020764101986 0.41845343048641409 -0.28329732536127755 2.2193257990237707 -0.26654960626390473 -0.0075217834007144093 0.17770754034449923 0.17971525218985199 0.21264772823849756 0.13265886466952195 1.0000000180025095e-35 3.6497750548317058 2.8837109234001854 0.37758304788972824 379.36380951679354 -20.63021931605395 0.46597566662488382 166.55604816321554 3.5000000000000004 4.558871266204501 43.640171282658955 1.0183291502908953 -0.0039946848287275563 0.24620742753748967 -111.22547329670412 0.43132375974847331 0.28618164117793571
decision_type=2 2 8 2 2 2 10 2 2 2 2 2 2 2 10 2 2 2 2 2 2 2 10 2 10 2 2 2 2 2
left_child=1 16 23 9 5 6 -5 -7 -9 -4 11 -11 -13 -8 15 -10 17 20 -19 -17 21 -1 -16 27 -25 -26 -27 28 29 -3
right_child=-2 2 3 4 -6 7 13 8 14 10 -12 12 -14 -15 22 19 -18 18 -20 -21 -22 -23 -24 24 25 26 -28 -29 -30 -31
leaf_value=-0.016107455859682884 -0.035963664295416524 0.005195542466649705 0.040173124683475253 0.021638987777898321 0.025420806521397395 0.027647207179890394 -0.059493784031974001 -0.021360324227910368 -0.034578405833914735 -0.056390587641888437 0.025591106745853343 0.020909798072619765 -0.035245979889381211 -0.0044029319160297327 -0.035278775273566279 0.0299896926035601 -0.031765245084044366 0.0042871136354511825 -0.027100907773727617 -0.019808180841850574 0.024094555502389006 0.015407821025494713 0.0055611705828052735 0.020631285338868738 -0.00086595630753935604 -0.042099096741208042 -0.0055300172069243066 -0.0018376138989493985 -0.015932366237499045 0.03670160111875366
leaf_weight=11.141291305073542 5.466781759634614 36.322916521108709 12.82500633865129 3.2363615429494539 12.210711494670248 10.856127772596663 6.1878812611103049 19.904892445774742 2.0067554906709217 2.2202392914332512 15.271380955935454 7.6150464118691152 2.6892999847186729 4.3547944058664143 4.6732983477413645 18.021612486802045 9.4244518682826293 9.5323777939192968 14.662276223651133 1.9504968004766849 10.889115363825113 7.8180617420002818 5.7681924784556031 12.9514441518113 31.12650911626406 18.926343740429729 16.689652329543605 370.53250639466569 8.8828084715642017 15.642277824925259
leaf_count=362 223 1031 1814 238 1031 911 289 1540 204 236 2037 882 312 204 206 1990 270 205 316 215 383 254 254 227 592 361 318 10450 250 444
internal_value=-7.33028e-06 -0.000357936 0.000360222 0.00721284 0.00114307 -0.00298556 -0.0243277 0.00197542 -0.00376939 0.0201896 0.00989435 -0.00972195 0.00443244 -0.0390907 0.00734677 0.0177572 -0.00750267 -0.00277135 -0.0150551 0.0244138 0.00735092 -0.00299099 -0.0142034 -0.00139075 -0.00838587 -0.0142381 -0.0255819 -8.20545e-05 0.0104652 0.0151932
internal_weight=709.801 704.334 640.867 129.792 89.1711 76.9604 13.779 63.1814 52.3252 40.621 27.796 12.5246 10.3043 10.5427 32.4204 21.9789 63.4676 54.0431 24.1947 19.9721 29.8485 18.9594 10.4415 511.074 79.6939 66.7425 35.616 431.381 60.848 51.9652
internal_count=28901 28649 26834 13274 7528 6314 1013 5301 4049 5746 3707 1329 1194 493 2693 2233 1815 1570 521 2205 1049 616 460 13560 1394 1270 679 12166 1712 1475
is_linear=0
shrinkage=0.05


Tree=319
num_leaves=31
num_cat=0
split_feature=20 13 20 17 15 5 12 6 9 12 1 1 6 12 15 12 7 1 1 6 4 16 7 7 21 7 3 1 1 9
split_gain=1.23433 2.38426 1.32241 1.2704 1.63743 1.58347 3.79177 2.7418 2.38087 2.78092 2.03669 3.80083 5.34797 4.50287 3.55162 3.53136 5.61417 4.38016 3.55089 5.09601 2.91734 3.74729 3.65086 2.97333 2.88177 2.61189 2.64936 3.97216 2.56796 3.64407
threshold=0.58555727809401004 42.588095011036422 4.6586989236735665e-13 5.9108516989147324 7.4356511232580896e-08 45.174723924810905 -123.56602457468775 0.40266042491068371 0.41688161033386245 -106.25985597242548 123.72799524476201 341.55937810804852 0.33058222531852494 -111.56710361082882 6.8460914806176039e-09 -84.874878924547701 0.034990708829907298 412.55759749678754 442.05238390017809 0.085300218101734174 31.923150626799103 1.0000000180025095e-35 0.42560874883337002 0.33292664941477673 1.4016824059918602 0.2738549254607005 56.175088511826957 153.79100135998604 705.72580734436463 0.41488454813773862
decision_type=8 2 10 2 2 2 2 2 2 2 2 2 2 2 2 2 2 2 2 2 2 2 2 2 10 2 2 2 2 2
left_child=1 -1 -3 4 5 7 -7 10 -9 -10 20 12 14 -14 25 17 -17 -13 19 -19 22 23 -2 -22 -16 26 27 -12 -20 -30
right_child=3 2 -4 -5 -6 6 -8 8 9 -11 11 15 13 -15 24 16 -18 18 28 -21 21 -23 -24 -25 -26 -27 -28 -29 29 -31
leaf_value=-0.035929825913558415 -0.022119673662089598 0.027693795527866029 -0.015329354141058411 -0.028155498528654479 0.025412779797424463 0.01144295838400225 -0.030054761395748752 -0.026326790632123804 -0.02407542510309553 0.054883145658726533 0.048307676825395496 -0.036890115178792308 -0.001455896364025482 0.11423980526366949 0.0025785696000609946 -0.016834284100757265 0.070229890536717271 0.085076915534741129 -0.013588283166117829 -0.02323625403632958 0.036561091276455779 -0.0124832541529298 0.038167164856371685 -0.025685569738331322 0.062945962374254705 -0.022234925362703745 0.042857034328186598 -0.011036270376513438 0.00098888941064901844 0.038826831900006693
leaf_weight=4.5659113645961034 18.578731204033833 3.0220984135521585 2.3494681570446119 1.9540692006703464 8.3687734581762925 10.507244554348294 9.7181608548853529 10.235650889342649 1.2813650525058633 1.402379628823837 2.6748424993711586 5.9646463556564333 1.1669643332716091 1.7972355069941839 3.0279775043891268 2.5235878605453816 3.7041457617888227 2.0126142932567754 17.688942025153665 1.1504678454948587 11.090408772666709 9.3748645252489933 1.9574911954987326 1.5443217337306121 5.2187319403747097 5.1389311763341539 5.0362555444298778 11.160550412372686 30.060782397747971 7.0907155220047571
leaf_count=408 3589 277 216 286 1222 701 648 2019 214 235 800 801 204 315 296 332 488 397 2077 227 1894 1344 378 264 511 1218 1161 3339 2085 492
internal_value=-0.0002984 -0.0127946 0.00942343 0.00450901 0.00499193 0.00391394 -0.00897297 0.00557944 -0.0157243 0.0208824 0.00753265 0.0112304 0.0243984 0.0798145 0.0170592 0.00437336 0.037502 0.000620464 0.00503761 0.0495631 -0.0016769 0.0107422 -0.0148678 0.027627 0.0434566 0.00661773 0.0151981 0.00291977 0.00162789 0.00903903
internal_weight=201.368 9.93748 5.37157 191.431 189.477 181.108 20.2254 160.883 12.9194 2.68374 147.963 105.417 35.2215 2.9642 32.2573 70.1959 6.22773 63.9682 58.0035 3.16308 42.5458 22.0096 20.5362 12.6347 8.24671 24.0106 18.8716 13.8354 54.8404 37.1515
internal_count=28901 889 493 28012 27670 27453 1349 26104 2548 449 23556 16434 7019 519 6500 9415 820 8595 7064 624 7122 3155 3967 2158 807 5693 4351 4139 6440 2577
is_linear=0
shrinkage=0.05


Tree=320
num_leaves=31
num_cat=0
split_feature=10 20 20 19 7 0 5 9 3 5 3 8 1 6 1 9 9 7 15 21 3 20 16 16 20 19 21 20 7 7
split_gain=1.09695 1.1423 3.36058 2.96702 3.62712 3.48113 5.56527 3.41323 3.10939 2.66912 2.59604 3.95078 3.69738 3.93309 3.31317 2.70611 2.61032 2.59012 2.41826 2.40857 2.30037 2.36793 1.96315 4.52756 2.07185 2.18567 4.08005 3.58536 3.04712 2.92222
threshold=5.5000000000000009 87.102489319905359 73.417490318252959 3.5000000000000004 -0.26703318830380457 356.14312614481958 20.363947160593703 0.36221296853239876 36.921186726181055 -33.961325592647533 7.7383329505053258 0.13265886466952195 272.21377552757656 -0.13954810523580893 811.50581098087707 0.4891794500867786 0.44931227344593522 0.4111139730052456 9.5221621066730211e-09 0.43409316716595109 14.572345772661203 1.5043401189030952 5.1953431780721653 3.8475781139241185 68.053428701570809 3.5000000000000004 1.7239957901006102 17.086170864996756 -0.039023398063903862 -0.023695187057494845
decision_type=2 10 10 2 2 2 2 2 2 2 2 2 2 2 2 2 2 2 2 10 2 8 2 2 10 2 10 8 2 2
left_child=1 2 10 4 7 17 9 -3 -8 -7 11 -1 13 -13 -14 16 20 -5 19 -6 -12 -22 23 24 25 26 27 28 -23 -28
right_child=-2 3 -4 5 18 6 8 -9 -10 -11 15 12 14 -15 -16 -17 -18 -19 -20 -21 21 22 -24 -25 -26 -27 29 -29 -30 -31
leaf_value=-0.02826189379812934 -0.021222622648007426 0.05162827175279705 -0.031222989833617678 -0.019347769185268412 0.015144739787174892 0.037293385004524192 0.10882311847153264 -0.015835559369331311 0.018896811126003957 -0.029081992943752251 -0.020484306475902075 -0.00029904878475173365 -0.028988557191279647 0.10715047187539731 0.035837757372330373 0.039566263801055122 -0.02950731311052961 0.046593447631125079 0.02804123245569401 -0.038145285386849123 -0.018590370030351609 -0.0059732322679560594 -0.020315860180085608 0.065903424888837048 0.046825184723652914 -0.0078769168254459229 0.052215868845832861 -0.012306615974268463 0.034303458483727026 0.0072229191750595185
leaf_weight=2.0084457624616343 3.2355409447336569 3.9218541465816106 6.0141033899271861 4.5566480422567128 2.1851901671325349 1.851942649314881 2.5639055427745925 2.4209831594780553 2.0032096634968184 2.2349242126219879 9.0433411116391635 1.1917733358277487 2.2121114774199677 1.9362922188010987 4.3471317276416812 3.5777778755291365 5.8807083611609414 1.0357631007209418 1.6597365740162784 7.8523651547729969 8.8643811232905119 7.6585337212309286 5.0727910386049189 2.4002412153349724 2.1102946869214065 22.283766132371966 7.3982810750894723 20.435887100931723 10.168353768734958 6.9791029154439439
leaf_count=472 566 542 993 976 538 725 299 335 234 876 1346 349 375 567 737 544 902 222 385 1932 1214 229 716 341 305 3185 671 3013 304 633
internal_value=-0.000135645 0.00462594 0.00248221 0.0128968 -0.00078367 0.0291355 0.0473242 0.0272284 0.0798594 0.00241417 0.00436012 0.0257929 0.0385957 0.0760573 0.0130324 0.00191078 0.000316127 -0.00191971 -0.0169213 -0.0262229 0.00229737 0.00469753 0.00732915 0.00932523 0.00674041 0.00500952 0.0105098 0.00172149 0.0176022 0.0322653
internal_weight=165.105 161.87 129.583 32.2865 18.0401 14.2464 8.65398 6.34284 4.56712 4.08687 123.569 11.6958 9.68731 3.12807 6.55924 111.873 108.296 5.59241 11.6973 10.0376 102.415 93.3716 84.5073 79.4345 77.0342 74.9239 52.6402 38.2628 17.8269 14.3774
internal_count=28901 28313 21391 6922 3590 3332 2134 877 533 1601 19746 2750 2028 916 1112 16996 16603 1198 2713 2470 15246 12787 11932 11280 11140 10708 6945 5641 533 1304
is_linear=0
shrinkage=0.05


Tree=321
num_leaves=31
num_cat=0
split_feature=21 13 16 12 3 9 10 9 8 20 11 9 11 20 9 8 5 9 6 4 3 21 16 1 21 13 1 13 3 12
split_gain=5.1373 7.35335 3.98365 5.52562 4.59573 3.04614 2.91531 3.98209 3.78781 2.56754 2.43266 2.46003 4.02797 4.39441 2.20765 4.89834 3.15674 2.73621 3.34432 2.66715 3.05659 2.59573 2.49998 3.7875 2.36803 3.03955 2.8414 2.11696 2.10294 2.58623
threshold=0.7256591603840471 32.639944170141426 36.278754314765209 -112.29555940380627 50.414343682435053 0.44931227344593522 2.5000000000000004 0.14058992657031902 0.34488273876944225 5.7203375950920803 -87.054311641607484 0.28103714854410461 -96.926863793473686 1.6737139421197751 0.12886155820399384 0.37292961637359673 40.824473432431255 0.43747580079640452 -0.05762745041660499 31.036217556156952 22.309718188951305 0.022960566287379153 1.0000000180025095e-35 950.56252485243806 0.033272778204350907 24.054666480266956 868.94751363305761 23.893970016477407 3.3631126997102752 -106.79249619841688
decision_type=8 2 2 2 2 2 2 2 2 8 2 2 2 8 2 2 2 2 2 2 2 10 2 2 10 2 2 2 2 2
left_child=14 2 3 -2 5 6 7 -5 27 -7 11 12 13 -8 15 22 17 19 -19 20 21 -16 23 -1 -22 -26 -27 -9 -13 -30
right_child=1 -3 -4 4 -6 9 10 8 -10 -11 -12 28 -14 -15 16 -17 -18 18 -20 -21 24 -23 -24 -25 25 26 -28 -29 29 -31
leaf_value=-0.021875831508282241 -0.040092459962374871 -0.031679533762426035 0.03065348699488335 -0.031158558949127182 0.039504840301770788 0.038929230658406637 0.018918855536329288 0.075618973052292662 -0.024699412224923566 -0.011087230202222643 -0.038098415864887519 0.013978922516252238 0.03329776177253603 -0.027891808184480983 0.0066174681896914601 0.015863904565774061 0.023336332529804472 0.0054931387371292776 -0.032672152721310278 -0.003955437471902871 -0.013529430343892562 0.032295288442002197 -0.030349724978254812 0.015248147964864449 0.037929478948448385 -0.034975590579959581 0.022455810551087519 0.0063076865946007366 0.0037538160263267811 -0.043740269465109595
leaf_weight=14.55670237046434 10.020557887793982 31.971408045385033 6.6370349172502756 2.3422198256012043 5.1157291583367623 5.4588415062171407 7.1585758972214535 2.8964800713001768 1.3778685134020632 3.6618147749686605 8.1706229747505912 2.4918050307896964 6.0038162310956977 12.341931742674204 19.881589295342565 16.176892804447562 18.306319322437048 10.70752328645904 10.787421055021694 50.308498804224655 16.300230390508666 19.836031190119684 16.542710041510873 11.375886118039487 5.8515709061175576 3.5337656232295567 3.1719571950379759 1.8095207047299482 3.6945659030461728 9.8353643724112718
leaf_count=258 968 6576 611 415 447 363 677 430 234 244 644 205 501 1168 281 285 344 238 239 992 404 280 302 202 261 241 216 269 332 883
internal_value=0.00044449 -0.0115 -0.00398094 -0.00710548 -0.00205307 -0.00574725 -0.0100124 0.0158601 0.0358049 0.019737 -0.0146255 -0.00921966 0.000582234 -0.0106231 0.00131571 -0.00689883 0.00437611 0.00175599 -0.0142614 0.00474685 0.0110962 0.0199198 -0.0157336 -0.00562911 -0.00130862 0.0143827 -0.00842055 0.054744 -0.0239404 -0.0314055
internal_weight=338.325 120.988 89.0167 82.3797 72.3592 67.2434 58.1228 8.42609 6.08387 9.12066 49.6967 41.5261 25.5043 19.5005 217.337 58.6522 158.685 140.379 21.4949 118.884 68.5751 39.7176 42.4753 25.9326 28.8575 12.5573 6.70572 4.706 16.0217 13.5299
internal_count=28901 24887 8189 7955 6325 6018 5411 1492 1032 607 3919 3450 2129 1845 4014 1033 2981 2821 477 2344 1277 561 775 460 716 560 457 699 1321 1215
is_linear=0
shrinkage=0.05


Tree=322
num_leaves=10
num_cat=0
split_feature=0 7 6 3 17 3 8 6 1
split_gain=0.930181 1.35607 0.804361 0.805035 0.94735 0.764438 0.591119 0.360418 0.124974
threshold=527.1413022096566 -0.020030487700321228 -0.084776678877403797 19.306530252211353 1.0000000180025095e-35 32.308427364858758 0.09386839141789062 -0.14369367622700821 929.54083285078661
decision_type=2 2 2 2 2 2 2 2 2
left_child=2 6 3 -1 5 -5 -2 8 -8
right_child=1 -3 -4 4 -6 -7 7 -9 -10
leaf_value=-0.021493174256000416 -0.0095684097594147879 -0.019471641096700437 -0.027627205362251789 0.041446479698718612 -0.017758455779347464 -0.01188358721382205 -0.0097432575005346952 0.048375813416316457 0.012309100324367127
leaf_weight=0.92945759107897474 0.28447504524411016 0.84564315847273974 1.8776112845534951 1.8311043778539922 0.66324615293342504 0.39387503162106441 0.29979220292989694 2.0659871078332785 0.29086014001950389
leaf_count=2169 342 1691 7032 3213 1267 691 644 2232 625
internal_value=-0.000653522 0.0215838 -0.00742792 0.00617895 0.0183216 0.0312483 0.0353337 0.0414437 0.00202754
internal_weight=9.48205 3.78676 5.69529 3.81768 2.88823 2.22498 2.94111 2.65664 0.590652
internal_count=28901 7571 21330 8909 5516 3904 3539 2870 1269
is_linear=0
shrinkage=0.05


Tree=323
num_leaves=24
num_cat=0
split_feature=20 11 11 3 16 16 0 21 8 8 20 12 1 1 6 12 16 21 1 6 2 13 8
split_gain=1.81212 2.4272 2.65793 2.09097 1.8193 1.92492 1.71225 3.79482 3.79427 4.6747 2.89635 2.45481 1.76855 3.42757 3.13528 1.28301 1.15472 0.691475 0.99994 0.593182 0.388302 1.11194 0.333357
threshold=2.3562746189955655 -81.76873362405199 -123.95631354141598 2.6452701480221203 4.2935020609151016 0.62446931161381369 307.19245287240807 0.3670215638358581 0.24402108506667466 0.34488273876944225 0.13028891852209953 -77.870023416188687 790.77634060914158 569.65759523350312 -0.022655468443628642 -70.990920784017291 1.0000000180025095e-35 0.45538001125295807 104.87054510479602 0.14539113168209197 3.9853541119149045 20.578503213123025 0.40957197038344267
decision_type=10 2 2 2 2 2 2 8 2 2 10 2 2 2 2 2 2 10 2 2 2 2 2
left_child=3 2 -2 -1 5 6 7 -5 11 -10 -8 -9 13 14 -12 16 20 18 -4 -20 -3 -22 -11
right_child=1 15 17 4 -6 -7 10 8 9 22 12 -13 -14 -15 -16 -17 -18 -19 19 -21 21 -23 -24
leaf_value=-0.03171953853001324 0.022499253034868043 0.055432799115447295 0.019072553385057912 0.0015792868870672487 0.035290995980603729 -0.03304916932544421 -0.03393873380312909 -0.027681115042096385 0.1184848608430609 0.016031522919134511 0.017784608933460955 0.043413605018156443 -0.0066036158448169657 0.032280870291892617 -0.017905797229454588 -0.021144670413659587 -0.007588769982607122 -0.037289980597528541 -0.03299680372353142 0.0014008413996217809 0.037958647598151186 -0.019174330469542564 -0.016381635217009232
leaf_weight=2.786651630398409 2.3037134458427397 1.3849581252434322 1.1633797418908232 11.354188228178829 4.1189173616003245 2.3124395151389763 4.2014116464415556 1.7597898136446033 1.6612806080520399 0.55932138928619757 11.374835292925127 1.178766562530656 19.826899518840946 11.973400049027985 11.239438648219222 1.0120270497427555 1.3449291891738537 8.3148709419256175 2.8310028671112386 1.7459419340739257 0.71013410393789023 0.8228890741156647 0.61585861977073364
leaf_count=258 2796 251 266 949 368 215 415 364 382 201 230 243 319 210 227 225 256 11539 667 412 219 253 221
internal_value=-0.000519047 -0.0111557 -0.0204116 0.00474944 0.0063526 0.00439851 0.0059575 0.0193916 0.04901 0.081807 0.00177226 0.00461947 0.00509224 0.0117939 3.91585e-05 0.0162277 0.0274319 -0.0284722 -0.0120622 -0.0219769 0.0413903 0.0118284 -0.000676776
internal_weight=106.597 21.6338 16.3589 84.9632 82.1765 78.0576 75.7452 17.1292 5.77502 2.83646 58.616 2.93856 54.4146 34.5877 22.6143 5.27494 4.26291 14.0552 5.74032 4.57694 2.91798 1.53302 1.17518
internal_count=28901 21029 19855 7872 7343 7269 7225 1431 1259 652 5794 607 876 607 457 1174 811 19506 1312 1079 529 472 422
is_linear=0
shrinkage=0.05


Tree=324
num_leaves=31
num_cat=0
split_feature=13 7 7 21 8 6 7 2 0 21 21 9 2 6 15 13 7 1 0 11 15 15 9 1 21 0 6 19 12 6
split_gain=3.05831 1.4061 4.54378 5.78957 2.21432 2.96838 2.52994 1.62501 2.72726 3.02332 2.65766 2.75934 2.94275 3.72937 2.68083 2.48624 3.56125 2.64831 2.35953 1.78064 1.22996 4.43981 4.37901 2.27853 2.98434 2.08249 1.91183 1.91725 1.89264 4.74502
threshold=1.0000000180025095e-35 -0.4373719028245317 -0.42174778927298101 0.75228651233371868 0.23200332177425323 -0.014382024782872536 -0.48004834825801723 5.872709843494115 549.14161389725109 0.0079934597519504911 2.1057144962494956 0.068963927102030823 5.6345253168560765 -0.29904758947940907 7.7996904884075296e-09 24.624699926336778 0.074024210562573259 356.54983976618405 611.40729933889668 -111.72285494681348 8.7860362867375238e-09 7.9035992575808403e-09 0.2506769706007948 800.22994260481016 3.0553090346610654 119.24729813073951 -0.13954810523580893 2.5000000000000004 -106.16958822693037 -0.18563164537223079
decision_type=2 2 2 8 2 2 2 2 2 10 10 2 2 2 2 2 2 2 2 2 2 2 2 2 10 2 2 2 2 2
left_child=-1 4 3 -3 5 -2 -6 8 20 -10 11 -11 -13 19 15 -15 18 -18 -17 -14 21 25 26 24 -24 -4 27 -22 29 -27
right_child=1 2 7 -5 6 -7 -8 -9 9 10 -12 12 13 14 -16 16 17 -19 -20 -21 22 -23 23 -25 -26 28 -28 -29 -30 -31
leaf_value=-0.036115980904925314 -0.023510030221887981 -0.06021960682350113 -0.023802282131306862 0.0061645491639753802 -0.0054924843907176307 0.014509404978891586 0.031004052390061737 -0.025107326842718089 0.036687499295875177 0.02931339745351294 0.035992044059556909 0.031909020739781115 0.037055536242882617 0.016406018985825735 -0.036207421683867751 -0.044378626869848732 0.035741323055655048 -0.0090624045367348003 -0.0042687773139733912 -0.0049667567064256568 -0.0064946257430798897 -0.030603197994653969 0.027858064718279549 -0.0061628428291403223 -0.0047728693934972668 -0.017316978678945435 -0.010797741462048044 0.024239671119848826 0.0016054780004189206 0.00054119210478843923
leaf_weight=5.0334287658333769 8.7935563325881976 6.1862492020009086 9.297018768033011 5.7378073456929988 6.5580185954459038 9.8307705882471055 13.996008086483926 5.5509421958122402 7.5649809668539083 7.1881763481069347 5.3634118748595938 4.9109769925707942 5.7861151079414421 9.0014184573665244 7.7794914792757481 8.4645648034056684 4.0095468433573851 8.8253077144036052 6.3656962282257155 3.6723060648655501 10.257241806248206 12.583441327675246 28.689388163154945 9.8517478306312096 8.8258718221914005 53.535112137324177 44.245094661950134 8.4499021084047836 263.80342047417071 116.81434002984315
leaf_count=206 376 234 380 218 288 421 615 226 523 354 319 232 314 442 348 373 251 554 281 200 259 508 779 233 240 1902 940 214 10800 4150
internal_value=-3.81744e-06 -0.000364229 -0.000913518 -0.0302705 0.00871927 -0.00372491 0.0196448 -0.000330051 -7.839e-05 0.00856846 0.00512204 0.00211383 -0.00164487 -0.00522731 -0.0113378 -0.0052401 -0.0126098 0.00650581 -0.0285192 0.0218252 -0.00129647 -0.00244244 0.00342007 0.0147479 0.0202567 -0.00157628 -0.00520066 0.00791342 -0.00104673 -0.00513934
internal_weight=706.971 701.938 662.76 11.9241 39.1784 18.6243 20.554 650.836 645.285 78.932 71.367 66.0036 58.8154 53.9044 44.446 36.6665 27.6651 12.8349 14.8303 9.45842 566.353 456.033 110.319 47.367 37.5153 443.45 62.9522 18.7071 434.153 170.349
internal_count=28901 28668 26968 452 1700 797 903 26516 26312 5459 4240 3251 2780 2503 1989 1799 1459 805 654 514 20853 18393 2460 1122 1019 18105 1338 473 17774 6052
is_linear=0
shrinkage=0.05


Tree=325
num_leaves=31
num_cat=0
split_feature=1 1 5 3 8 8 8 7 8 10 1 16 5 0 11 16 5 4 8 8 20 7 1 11 5 20 20 7 13 6
split_gain=1.24677 3.45323 2.76838 1.6817 1.65798 1.37845 2.63843 2.53326 2.0826 4.25533 2.93256 3.3389 3.3155 2.55259 2.86557 2.2557 3.06716 3.6135 3.3034 4.73443 3.25932 3.09599 3.21739 3.76997 2.82624 2.65493 2.71553 2.45546 5.59453 3.46369
threshold=1093.2175178202704 970.9031270305386 -23.837695975412831 36.921186726181055 0.007470037029259303 0.41150892979219894 0.47873677637081219 0.19593493188317182 0.36920633432874311 3.5000000000000004 620.04953680894903 1.0305959579886638e-06 34.040744419176306 454.54037171701253 -110.3876261691445 1.0000000180025095e-35 41.39460363517761 28.390753919046805 0.15395600209360663 0.12872442776000528 78.98970743997161 0.35788127504903749 341.55937810804852 -105.06344176377299 -55.304086863206798 2.0894628097485701 117.52505918980002 -0.020030487700321228 24.571581007899585 0.11718121991858955
decision_type=2 2 2 2 2 2 2 2 2 2 2 2 2 2 2 2 2 2 2 2 10 2 2 2 2 8 10 2 2 2
left_child=1 4 -2 -3 -1 8 -7 -8 15 10 11 12 13 14 -10 16 17 18 19 20 -6 22 25 -24 -20 -19 27 28 -27 -29
right_child=2 3 -4 -5 5 6 7 -9 9 -11 -12 -13 -14 -15 -16 -17 -18 21 24 -21 -22 -23 23 -25 -26 26 -28 29 -30 -31
leaf_value=-0.031406545036110581 0.022972251928597819 0.038165917646056424 -0.026977004471439237 0.0069895098390629039 -0.022649370301528762 -0.018765511456979227 0.03055886440125187 -0.027389124985032799 0.03188387447908704 -0.022798582771495296 -0.015170962838552231 -0.012220594714603182 0.00057919580413467141 0.0095893759777869684 0.12134764192140456 0.0098043721921517619 -0.0261842072818569 -0.024112509349491027 0.026286346731366074 0.049032470311829501 0.036555669972258606 -0.030552438806076356 -0.029106763830541466 0.030112777070031238 -0.032127569192937099 0.059185951301212195 -0.022596135637931943 0.079841967189728358 -0.016769482648260961 -0.0040989888640366595
leaf_weight=2.5941842217580406 3.1345510646933699 9.5260249691782537 7.9534153334097919 8.2645453346194699 9.4413664274034108 16.536608984635681 5.7211434883065531 1.7450045493897048 2.5714917962322961 3.4909012882853858 1.9814574507472569 1.781372847384773 2.0908284904435277 1.6048190218280067 2.2933188577299015 58.454194134217687 11.22112331111566 1.2954522882937558 1.6193486943375361 3.6741962179075927 2.0347750599321444 2.6236154999642167 5.4069175005133738 3.6459171749302168 14.777003228111424 3.6198153349687372 1.1429523311962837 5.262619105575137 4.3944053103623446 1.4115789211064111
leaf_count=413 253 300 643 261 1606 3410 892 272 382 524 315 296 372 334 340 8855 1958 237 329 574 346 539 1146 772 2998 651 218 930 791 249
internal_value=-0.00030071 0.0044657 -0.0121242 0.0248258 0.00223409 0.00292874 -0.00795417 0.0153797 0.00476186 0.0213314 0.0346053 0.044639 0.0565118 0.0720903 0.0875577 0.00259918 -0.00333952 0.00126566 -0.0102741 0.00641691 -0.0100634 0.0138252 0.019233 -0.00463383 -0.0251791 0.0314082 0.037114 0.0429044 0.0202976 0.0638679
internal_weight=201.315 190.227 11.088 17.7906 172.436 169.842 24.0028 7.46615 145.839 15.8142 12.3233 10.3418 8.56046 6.46963 4.86481 130.025 71.5711 60.35 31.5467 15.1503 11.4761 28.8033 26.1797 9.05283 16.3964 17.1268 15.8314 14.6884 8.01422 6.6742
internal_count=28901 28005 896 561 27444 27023 4949 1164 22074 2376 1959 1717 1524 1347 722 19698 12486 11606 5693 2366 1952 5913 5047 1918 3327 3129 3026 2621 1442 1179
is_linear=0
shrinkage=0.05


Tree=326
num_leaves=31
num_cat=0
split_feature=13 21 6 20 12 21 7 7 9 21 17 17 0 1 3 21 21 3 5 7 0 2 13 9 0 5 15 21 9 12
split_gain=1.03334 3.70994 2.65879 2.42732 2.67731 3.2362 2.8641 3.00238 2.57188 2.68503 2.35149 4.1812 2.86591 2.97314 2.28202 3.25613 3.5228 3.91869 3.21211 2.40486 2.86895 2.35399 2.26428 2.25237 2.07562 1.98452 1.96258 2.52173 1.859 1.84756
threshold=59.970896225415707 0.7256591603840471 -0.25005796786759699 0.13028891852209953 -108.17619233661797 0.82612068769416214 0.34658562273499266 0.41814606913926128 0.25664638271421836 1.4603657370400203 2.2604491533311308 2.618656849559152 350.04554902800709 667.39130666984011 23.393774608406002 0.022960566287379153 1.7495593578187503 10.423460227472303 33.642081215829954 0.0034422438712535812 361.29694515007407 4.9729985785891291 25.177161400051926 0.13535866462781068 547.36375686313409 58.624593675095007 5.0695965992013254e-09 2.3117284276794106 0.017568433303301493 -103.39163643340497
decision_type=2 8 2 8 2 10 2 2 2 10 2 2 2 2 2 8 10 2 2 2 2 2 2 2 2 2 2 8 2 2
left_child=1 2 -1 -3 5 -5 8 -8 9 -7 12 -12 13 -6 15 -2 19 -18 23 29 21 -21 26 -19 28 -16 -11 -28 -22 -17
right_child=14 3 -4 4 10 6 7 -9 -10 22 11 -13 -14 -15 25 16 17 18 -20 20 24 -23 -24 -25 -26 -27 27 -29 -30 -31
leaf_value=0.0083040399474607202 0.064191366782796785 0.05435897195723817 -0.032112694567675404 0.050878557119925262 -0.02733695322492756 -0.02409592467911089 0.055033827273686692 -0.0071327526753103155 -0.019846967460687384 0.056626400727271958 0.079464110300159291 -0.023870126429041943 -0.037546794009651073 0.018228753808956024 -0.00013571496546023028 0.0085928971756531556 -0.012898007867905965 0.004426726437960409 -0.016286025947980096 -0.0047718538079171684 0.028309703853408943 0.069890150951145383 -0.014174545055369353 0.10216806331904178 0.03395109408293482 0.043983511724813962 0.034349087393153045 -0.011396554403576927 -0.034059281707211585 -0.035441557421834288
leaf_weight=5.4061666261986874 2.6383280577720178 1.4517010820272842 12.055232712475116 3.558953973784809 5.0562056799244663 3.9132990581856673 4.2573714498721538 2.7518784828716889 10.486557074851588 3.1332276312750809 0.92756403808016474 1.2874707446317186 7.7815289553254843 7.7561478478892241 52.955950346862664 3.5121640259458315 1.8091858246189083 0.82836806809064256 0.63227409371756949 1.3828872782614783 0.7467425627110077 2.2592895010457141 3.6769413035071921 2.3625336094410159 1.4930736762034937 1.6773850522877183 5.5198332916479558 4.8937211854208718 3.9340709472307935 4.7599456018797337
leaf_count=617 766 217 1376 337 915 345 340 219 1002 209 202 280 2043 1403 9023 1107 735 288 217 253 201 413 287 821 469 286 378 336 1061 1501
internal_value=-0.000146104 3.34126e-05 -0.0198274 0.00546873 0.00356976 0.0109442 0.00607443 0.0327836 -0.000669004 0.00931236 -0.00995815 0.0306591 -0.0155443 -0.000430379 0.00792639 0.0197181 0.0123749 0.0435472 0.0673942 0.000895528 0.0168696 0.0466207 0.0178086 0.0839049 -0.00473364 0.00198511 0.0268672 0.0137365 -0.0208775 -0.0178351
internal_weight=164.906 83.9138 17.4614 66.4524 65.0007 42.1918 38.6328 7.00925 31.6236 21.137 22.8089 2.21503 20.5939 12.8124 80.9922 26.3589 23.7205 5.63236 3.82318 18.0882 9.81606 3.64218 17.2237 3.1909 6.17389 54.6333 13.5468 10.4136 4.68081 8.27211
internal_count=28901 11939 1993 9946 9880 3992 3581 559 3022 1861 5888 482 5406 2318 16962 7653 7504 2289 1315 5215 2607 666 1343 1109 1941 9309 902 714 1262 2608
is_linear=0
shrinkage=0.05


Tree=327
num_leaves=31
num_cat=0
split_feature=20 16 19 10 11 3 1 20 11 5 13 16 3 13 20 1 12 21 12 1 7 13 15 17 3 3 21 0 0 3
split_gain=5.02979 6.50778 3.37095 4.43816 2.072 4.10656 1.83746 3.53082 1.80283 2.35522 3.01729 3.12945 5.35878 4.58549 2.78449 2.47599 2.8563 2.03947 1.81881 1.69296 1.6595 1.61723 4.36037 1.50359 1.14704 1.09416 1.07329 3.05614 1.04413 0.13919
threshold=83.463004544047962 10.547245835222268 2.5000000000000004 14.500000000000002 -110.3876261691445 54.669656823439404 139.77480776301402 8.3083276378800424 -115.31320111852499 34.040744419176306 38.571081445025136 1.0000000180025095e-35 16.521306088714805 22.964140579431177 1.0183291502908953 569.65759523350312 -92.494870729156176 0.029732198310055455 -93.56383766486961 1037.5400207049954 -0.13437212166283172 22.718418718418473 6.2660175631961954e-09 0.95293905370384613 4.5382045657710863 25.807944860251254 0.45538001125295807 459.28807225274454 119.24729813073951 -0.38272271856491341
decision_type=8 2 2 2 2 2 2 10 2 2 2 2 2 2 10 2 2 10 2 2 2 2 2 2 2 2 8 2 2 2
left_child=2 26 8 4 -4 6 7 -6 17 10 11 12 -10 -13 -14 18 19 -1 20 25 -12 22 -8 24 -9 -17 27 -2 -28 -30
right_child=1 -3 3 -5 5 -7 21 23 9 -11 15 13 14 -15 -16 16 -18 -19 -20 -21 -22 -23 -24 -25 -26 -27 28 -29 29 -31
leaf_value=-0.031881228432626245 -0.03437300107893785 0.030520056408005765 -0.038252708242172161 0.027650767703578744 0.036606000310458089 0.049174047291723054 0.046713659840873528 0.017955850608764905 0.024218363089748954 0.011747797828561765 0.0097856832585618159 -0.017286400824363845 -0.012850852138620757 0.012946421989556556 0.011040788560514219 0.0089420940494150218 0.012605762366290324 0.0033263693536688499 -0.04254875793557833 -0.02889855628291918 -0.025574167963966776 -0.038253081553644423 -0.033319342758178182 0.011585802675312527 -0.035867750976957428 -0.015910602475043226 -0.0039626728490860259 0.027919760826538277 -0.0013092954098034319 -0.039820243117035047
leaf_weight=7.58325833803974 3.8441296776291027 4.3315920297754928 9.9310841097030771 4.8331133462488651 3.190184279810647 1.5844375146552918 1.7174035418429427 0.53482807241380204 35.336296871828381 49.03922495158622 5.1684423265978721 31.856284325767774 24.260196747607552 19.380843279592227 22.590610490995459 8.5963877777685411 17.286292900913399 7.5695808957098052 7.1035612577106804 9.3503266808111203 6.5722559778369032 10.556215765187515 3.569553924840875 2.5125183487543836 5.9405703802476637 7.2627159867552109 2.5953000065637779 2.3818108065752313 0.30745110585122404 19.064470591896672
leaf_count=212 329 1827 2863 1258 809 470 277 205 314 646 212 333 252 203 235 263 387 211 231 277 270 3669 577 777 2275 223 1532 204 200 12383
internal_value=0.00044851 -0.0216049 -0.00119059 -0.0137634 -0.0193832 -0.0120105 -0.0170454 -0.00207179 0.0010083 0.00207209 -0.000411701 0.00380691 0.0098074 -0.00582168 -0.00134075 -0.00950174 -0.00262669 -0.0151762 -0.024092 -0.0131541 -0.0104619 -0.0277487 -0.00402654 -0.0180907 -0.0296149 -0.00270791 -0.0303845 -0.00997627 -0.0354823 -0.0393033
internal_weight=335.851 32.5248 303.326 44.3699 39.5368 29.6057 28.0213 12.1781 258.956 243.803 194.764 133.424 82.1871 51.2371 46.8508 61.34 42.4957 15.1528 18.8443 25.2094 11.7407 15.8432 5.28696 8.98792 6.4754 15.8591 28.1932 6.22594 21.9672 19.3719
internal_count=28901 13720 15181 11547 11397 8778 8594 3088 3634 3211 2832 1266 730 536 487 1566 952 423 614 748 482 5506 854 2781 2480 486 13499 533 12966 12583
is_linear=0
shrinkage=0.05


Tree=328
num_leaves=11
num_cat=0
split_feature=2 7 6 3 17 3 8 8 6 17
split_gain=0.878405 1.28761 0.76621 0.762412 0.896594 0.726143 0.558263 0.436635 0.270419 0.110124
threshold=5.5743214575657252 -0.020030487700321228 -0.084776678877403797 19.306530252211353 1.0000000180025095e-35 32.308427364858758 0.09386839141789062 0.45714005624463466 -0.14369367622700821 0.36774904737152919
decision_type=2 2 2 2 2 2 2 2 2 2
left_child=2 6 3 -1 5 -5 -2 8 9 -8
right_child=1 -3 -4 4 -6 -7 7 -9 -10 -11
leaf_value=-0.021210706563621087 -0.0094455555645469001 -0.019293738653420527 -0.027342196797973013 0.040040917713311017 -0.017547667936980964 -0.011796967182048208 -0.0084654949439812773 -0.0069388690495198399 0.050649325778918508 0.012716886163625036
leaf_weight=0.90847231306543408 0.28021838396307686 0.83167541570128378 1.8250463721979029 1.8494046625000944 0.65157920754063525 0.38991527700818551 0.25120926775344321 0.18821524166742165 1.9584902254209724 0.27696330569233396
leaf_count=2130 336 1663 6921 3224 1243 680 530 202 2008 585
internal_value=-0.000649064 0.0208523 -0.00739814 0.00588298 0.0176603 0.0301594 0.0341724 0.0400687 0.0445963 0.00369519
internal_weight=9.41119 3.78677 5.62442 3.79937 2.8909 2.23932 2.9551 2.67488 2.48666 0.528173
internal_count=28901 7571 21330 8909 5516 3904 3539 2870 2549 1115
is_linear=0
shrinkage=0.05


Tree=329
num_leaves=30
num_cat=0
split_feature=20 11 13 4 4 1 1 7 4 11 1 6 20 13 5 9 7 9 1 20 8 6 8 20 6 20 6 8 3
split_gain=1.70354 2.68811 1.85377 2.60243 1.68482 2.01056 2.5945 2.13704 3.53177 1.83096 1.68011 1.65667 1.44873 1.56993 1.43626 1.37351 1.28265 1.83887 1.23946 1.11306 1.31394 1.08097 3.59419 0.891284 1.08843 0.888136 0.459796 0.283063 0.0354989
threshold=20.897065842984304 -81.76873362405199 13.90926050429078 58.276171804239404 50.687319053081403 174.31786986738854 125.60781976932851 0.32418278466924916 27.008293533379256 -104.71172522512298 17.490925874638055 0.35699111209060425 2.3562746189955655 43.156094796643117 -52.896477584823991 0.16835927518819818 0.023430928936791332 0.25850569032287224 142.28704808227954 4.1186842531238508 0.11059609487960921 -0.19847477197157284 0.27669261818188923 1.3053784027135953 -0.18563164537223079 1.3053784027135953 -0.018386855973196777 0.071072487282877198 29.155464020837105
decision_type=10 2 2 2 2 2 2 2 2 2 2 2 8 2 2 2 2 2 2 8 2 2 2 8 2 10 2 2 2
left_child=2 -2 -1 4 5 6 10 12 9 -9 15 21 13 26 -14 -4 28 -18 -3 -12 -21 22 -5 -8 -25 -15 -7 -23 -6
right_child=1 18 3 11 16 7 23 8 -10 -11 19 -13 14 25 -16 -17 17 -19 -20 20 -22 27 -24 24 -26 -27 -28 -29 -30
leaf_value=0.030351153542682398 -0.035839928162172262 0.028237023128456242 0.059872895632151535 0.040330821344549544 0.044399027408870619 0.012371995050783789 0.064199359484485283 0.0026234309469669553 -0.029575779803401755 0.055361533300236576 -0.02586776858757427 0.014035128360701761 0.027082143445436246 -0.022770334133334416 -0.036344828582016875 -0.0066087436723482919 -0.028869463256671862 0.030494653397874955 -0.021257476026879565 0.046842704530101448 -0.018184710149926332 -0.007937121481356826 -0.033850502715873171 0.036660351350027591 -0.0199465372756376 -0.0011532909683207009 -0.0009333549915820302 -0.039771935445073264 0.018862904922611168
leaf_weight=5.0275803643962709 6.1103829598141592 2.8298798821706459 0.79989637538528868 1.7503321379554124 3.0741963207547087 12.355720945866782 2.3593213247731932 2.6499459424449032 1.8689133880761801 3.8439357608440314 3.7502873822013516 2.85240811460244 0.31203992520749224 9.4950980136636662 4.6794416994816936 1.0543501535503308 1.7637540288560571 1.4715516093565382 1.0273399879515634 0.55622366164607218 0.76786037143756403 1.4240529814196623 3.0375088136279373 0.65383147307875544 0.83529834042564977 8.8871923685073853 12.382721148140261 5.9402805163772427 2.7538100981619209
leaf_count=590 10787 746 200 227 234 200 391 224 210 324 1482 373 211 249 3161 264 242 201 271 763 1054 207 393 263 335 234 200 865 210
internal_value=-0.00052689 -0.0173044 0.00348644 0.00169467 0.00547627 0.00258045 0.021376 -0.00131581 0.020602 0.0370626 0.00152091 -0.0166795 -0.00546746 -0.00221287 -0.0285214 0.0329994 0.0245723 -0.00104337 0.0133921 -0.0135207 0.0175337 -0.0244079 -0.00444873 0.0494361 0.00965084 -0.012918 0.00593455 -0.0353009 0.0368626
internal_weight=106.315 9.9676 96.3476 91.32 76.3154 67.2521 10.7771 56.475 8.3628 6.49388 6.92862 15.0046 48.1122 43.1207 4.99148 1.85425 9.06331 3.23531 3.85722 5.07437 1.32408 12.1522 4.78784 3.84845 1.48913 18.3823 24.7384 7.36433 5.82801
internal_count=28901 17596 11305 11150 9186 8299 3106 5193 938 548 2469 1964 4255 883 3372 464 887 443 1017 2005 1817 1692 620 637 598 483 400 1072 444
is_linear=0
shrinkage=0.05


end of trees

feature_importances:
nn_norm_range_sep=937
nn_norm_ang_sep=829
abs_bistatic_doppler_hz=770
rx_elevation_deg=537
az_off_boresight=503
frac_v=440
abs_frac_u=437
abs_frac_v=424
frac_u=406
k_factor_db=388
bistatic_range_m=380
rss_total_db=362
rss_max=304
rms_delay_spread=280
aoa_spread_w=199
log_R=194
rx_azimuth_deg=176
n_targets=176
zoa_spread_w=141
n_mpc=133
first_rss_minus_dom=5
dom_excess_delay=1

parameters:
[boosting: gbdt]
[objective: multiclass]
[metric: multi_logloss]
[tree_learner: serial]
[device_type: cuda]
[data_sample_strategy: bagging]
[data: ]
[valid: ]
[num_iterations: 500]
[learning_rate: 0.05]
[num_leaves: 31]
[num_threads: 0]
[seed: 42]
[deterministic: 0]
[force_col_wise: 0]
[force_row_wise: 1]
[histogram_pool_size: -1]
[max_depth: 4]
[min_data_in_leaf: 200]
[min_sum_hessian_in_leaf: 0.001]
[bagging_fraction: 1]
[pos_bagging_fraction: 1]
[neg_bagging_fraction: 1]
[bagging_freq: 0]
[bagging_seed: 400]
[bagging_by_query: 0]
[feature_fraction: 1]
[feature_fraction_bynode: 1]
[feature_fraction_seed: 30056]
[extra_trees: 0]
[extra_seed: 12879]
[early_stopping_round: 0]
[early_stopping_min_delta: 0]
[first_metric_only: 0]
[max_delta_step: 0]
[lambda_l1: 0]
[lambda_l2: 1]
[linear_lambda: 0]
[min_gain_to_split: 0]
[drop_rate: 0.1]
[max_drop: 50]
[skip_drop: 0.5]
[xgboost_dart_mode: 0]
[uniform_drop: 0]
[drop_seed: 17869]
[top_rate: 0.2]
[other_rate: 0.1]
[min_data_per_group: 100]
[max_cat_threshold: 32]
[cat_l2: 10]
[cat_smooth: 10]
[max_cat_to_onehot: 4]
[top_k: 20]
[monotone_constraints: ]
[monotone_constraints_method: basic]
[monotone_penalty: 0]
[feature_contri: ]
[forcedsplits_filename: ]
[refit_decay_rate: 0.9]
[cegb_tradeoff: 1]
[cegb_penalty_split: 0]
[cegb_penalty_feature_lazy: ]
[cegb_penalty_feature_coupled: ]
[path_smooth: 0]
[interaction_constraints: ]
[verbosity: -1]
[saved_feature_importance_type: 0]
[use_quantized_grad: 0]
[num_grad_quant_bins: 4]
[quant_train_renew_leaf: 0]
[stochastic_rounding: 1]
[linear_tree: 0]
[max_bin: 255]
[max_bin_by_feature: ]
[min_data_in_bin: 3]
[bin_construct_sample_cnt: 200000]
[data_random_seed: 175]
[is_enable_sparse: 1]
[enable_bundle: 1]
[use_missing: 1]
[zero_as_missing: 0]
[feature_pre_filter: 1]
[pre_partition: 0]
[two_round: 0]
[header: 0]
[label_column: ]
[weight_column: ]
[group_column: ]
[ignore_column: ]
[categorical_feature: ]
[forcedbins_filename: ]
[precise_float_parser: 0]
[parser_config_file: ]
[objective_seed: 16083]
[num_class: 6]
[is_unbalance: 0]
[scale_pos_weight: 1]
[sigmoid: 1]
[boost_from_average: 1]
[reg_sqrt: 0]
[alpha: 0.9]
[fair_c: 1]
[poisson_max_delta_step: 0.7]
[tweedie_variance_power: 1.5]
[lambdarank_truncation_level: 30]
[lambdarank_norm: 1]
[label_gain: ]
[lambdarank_position_bias_regularization: 0]
[eval_at: ]
[multi_error_top_k: 1]
[auc_mu_weights: ]
[num_machines: 1]
[local_listen_port: 12400]
[time_out: 120]
[machine_list_filename: ]
[machines: ]
[gpu_platform_id: -1]
[gpu_device_id: -1]
[gpu_device_id_list: ]
[gpu_use_dp: 0]
[num_gpu: 1]

end of parameters

pandas_categorical:null
